RestaurantID,RestaurantName,RCity,Cuisine,Orders,Revenue,Rating,CancelRate,LateRate,AvgDeliveryTime,CompositeScore,CityRank,CityRankFromBottom
910,Royal Bites,Mumbai,Burgers,14,4743.15,4.5,0.0,0.0,33.92857142857143,1.5503072500433979,1.0,51.0
605,Spicy Bites,Bhopal,Burgers,17,4160.45,4.7,0.058823529411764705,0.0,31.88235294117647,1.542780873220363,1.0,51.0
1101,Green Diner,Bhopal,Thai,14,3906.6,5.0,0.07142857142857142,0.08333333333333333,36.76923076923077,1.5348053208432513,2.0,50.0
1092,Golden Point,Coimbatore,Fast Food,21,6481.15,4.8,0.047619047619047616,0.0625,36.523809523809526,1.4951677822147067,1.0,47.0
329,Green Kitchen,Lucknow,Continental,18,4794.400000000001,5.0,0.16666666666666666,0.0,36.388888888888886,1.4750829800448484,1.0,46.0
376,Golden House,Nashik,Chinese,17,4697.95,5.0,0.17647058823529413,0.0,32.23529411764706,1.446878816074367,1.0,42.0
344,The Cafe,Kolkata,Pizza,13,2310.7,4.6,0.07692307692307693,0.0,37.0,1.4098623439287787,1.0,51.0
446,Tasty Diner,Kolkata,Healthy Food,15,3198.9500000000003,5.0,0.2,0.0,34.93333333333333,1.379188822545212,2.0,50.0
696,Golden Bites,Visakhapatnam,Desserts,17,5113.249999999999,4.7,0.058823529411764705,0.07142857142857142,34.94117647058823,1.359128616354579,1.0,45.0
295,Golden Cafe,Coimbatore,Thai,15,4895.95,5.0,0.13333333333333333,0.08333333333333333,33.333333333333336,1.35671617120107,2.0,46.0
16,Green Corner,Bhopal,Fast Food,19,3872.25,4.8,0.15789473684210525,0.0,35.36842105263158,1.3386196776501629,3.0,49.0
211,Royal Hub,Visakhapatnam,Continental,13,3432.2,4.8,0.07692307692307693,0.1,32.07692307692308,1.314447791316534,2.0,44.0
622,Blue Hub,Chennai,Sushi,10,3537.5499999999997,4.5,0.0,0.1,40.5,1.2931940904313004,1.0,45.0
453,Royal Kitchen,Vadodara,Italian,26,7148.400000000001,5.0,0.19230769230769232,0.05,32.88461538461539,1.272761663700618,1.0,40.0
559,Royal House,Bengaluru,Thai,13,4193.25,5.0,0.07692307692307693,0.18181818181818182,37.38461538461539,1.2657810859064889,1.0,45.0
449,Urban Treats,Bhubaneswar,Thai,14,2568.95,4.9,0.21428571428571427,0.0,29.571428571428573,1.2572420229740133,1.0,51.0
1181,Golden Treats,Coimbatore,Sushi,13,4696.3,4.4,0.07692307692307693,0.0,34.46153846153846,1.248163736928927,3.0,45.0
604,Blue Kitchen,Lucknow,Italian,18,5134.8,4.7,0.16666666666666666,0.0,36.27777777777778,1.2325350695450696,2.0,45.0
1010,Urban Diner,Chandigarh,Pizza,17,5201.35,5.0,0.17647058823529413,0.09090909090909091,38.35294117647059,1.2131395800633695,1.0,50.0
380,Spicy Corner,Kolkata,Biryani,22,7780.95,4.4,0.09090909090909091,0.0,32.27272727272727,1.2079284260899186,3.0,49.0
970,Urban Point,Patna,Sushi,24,7008.499999999999,5.0,0.20833333333333334,0.058823529411764705,37.5,1.2039722481043635,1.0,50.0
467,The Cafe,Bengaluru,North Indian,16,4331.349999999999,4.5,0.125,0.0,33.375,1.1907041594197623,2.0,44.0
484,Green Kitchen,Bengaluru,Mughlai,21,7702.049999999999,4.4,0.047619047619047616,0.058823529411764705,32.57142857142857,1.1812232579066233,3.0,43.0
457,URBAN TREATS,Vadodara,Seafood,13,3442.2000000000003,4.6,0.07692307692307693,0.09090909090909091,38.30769230769231,1.1761231079177812,2.0,39.0
267,Green Cafe,Nashik,Desserts,12,4133.8,4.3,0.08333333333333333,0.0,34.0,1.148873249294455,2.0,41.0
18,Tasty Cafe,Kochi,Street Food,20,5293.85,5.0,0.15,0.15384615384615385,35.05,1.127471351699132,1.0,52.0
903,Curry Bites,Delhi,Desserts,22,6352.549999999999,4.8,0.18181818181818182,0.058823529411764705,37.27272727272727,1.1185530845701304,1.0,58.0
110,Royal Point,Ludhiana,Biryani,16,4226.099999999999,4.4,0.125,0.0,39.0625,1.1098548559198362,1.0,46.0
45,Spicy Cafe,Hyderabad,South Indian,19,5949.200000000001,5.0,0.15789473684210525,0.15384615384615385,38.78947368421053,1.1047595775544814,1.0,49.0
748,Curry Diner,Surat,Continental,17,6166.25,4.8,0.17647058823529413,0.07142857142857142,37.8235294117647,1.1015279522087305,1.0,53.0
774,Spicy Point,Kolkata,Street Food,16,4903.700000000001,4.6,0.1875,0.0,36.333333333333336,1.0917519176078703,4.0,48.0
14,Golden Treats,Visakhapatnam,Mexican,16,4071.3,4.6,0.1875,0.0,33.6875,1.0917519176078703,3.0,43.0
396,Spicy Treats,Mumbai,Healthy Food,18,5092.2,5.0,0.16666666666666666,0.15384615384615385,34.666666666666664,1.079524272949314,2.0,50.0
525,Curry Diner,Bengaluru,South Indian,13,3528.15,4.8,0.07692307692307693,0.2,38.61538461538461,1.0573346317044368,4.0,42.0
778,Tasty Grill,Kochi,Burgers,16,5188.250000000001,5.0,0.0625,0.2857142857142857,40.75,1.0401431947680762,2.0,51.0
670,Green Corner,Chennai,South Indian,17,5577.349999999999,4.7,0.058823529411764705,0.2,39.23529411764706,1.0285545539961682,2.0,44.0
1006,Tasty Cafe,Hyderabad,Chinese,12,4261.2,4.8,0.16666666666666666,0.1111111111111111,30.5,1.0277030845871098,2.0,48.0
306,Blue House,Bhopal,North Indian,14,3491.0,4.1,0.07142857142857142,0.0,34.642857142857146,1.0214225556873293,4.0,48.0
617,Spicy Corner,Mumbai,Italian,12,3244.15,5.0,0.3333333333333333,0.0,35.0,0.9956121925466677,3.0,49.0
1175,Spicy Hub,Delhi,Fast Food,14,5259.400000000001,4.9,0.14285714285714285,0.18181818181818182,39.57142857142857,0.9952510313083814,2.0,57.0
890,Royal Kitchen,Chandigarh,Mexican,9,2777.75,4.2,0.1111111111111111,0.0,37.111111111111114,0.9881121478781654,2.0,49.0
1193,Urban Grill,Guwahati,Healthy Food,17,3480.05,4.8,0.11764705882352941,0.18181818181818182,35.294117647058826,0.9869267208754066,1.0,45.0
701,Grand Corner,Guwahati,Chinese,15,4513.8,4.8,0.13333333333333333,0.16666666666666666,34.2,0.9807565978578028,2.0,44.0
817,Royal Diner,Pune,Healthy Food,19,5672.9,4.6,0.15789473684210525,0.07692307692307693,33.21052631578947,0.9791417171025432,1.0,56.0
260,Grand Grill,Nagpur,Bakery,17,4898.45,4.5,0.11764705882352941,0.09090909090909091,36.1764705882353,0.9781180463866255,1.0,37.0
256,The Hub,Kochi,Sushi,24,7280.0,4.4,0.125,0.05263157894736842,37.583333333333336,0.9745321403345217,3.0,50.0
125,Grand Bites,Visakhapatnam,Mexican,12,4325.700000000001,4.4,0.08333333333333333,0.1,39.63636363636363,0.9726093931822841,4.0,42.0
136,The Corner,Patna,Street Food,19,5914.849999999999,4.8,0.15789473684210525,0.14285714285714285,33.421052631578945,0.9713151639185954,2.0,49.0
372,Curry Kitchen,Coimbatore,Street Food,18,4300.2,4.4,0.1111111111111111,0.07142857142857142,36.666666666666664,0.9661584980122342,4.0,44.0
802,Green Treats,Surat,Chinese,17,3244.15,4.9,0.23529411764705882,0.09090909090909091,34.294117647058826,0.963065292740556,2.0,52.0
454,Golden Treats,Visakhapatnam,Chinese,16,4722.549999999999,4.5,0.125,0.09090909090909091,36.9375,0.9569649234087646,5.0,41.0
1059,Spicy Diner,Nashik,Chinese,13,3412.5000000000005,4.4,0.0,0.2,34.0,0.9552316273192771,3.0,40.0
415,Tasty House,Bhopal,Healthy Food,14,3950.1,4.8,0.14285714285714285,0.16666666666666666,37.5,0.953358267143621,5.0,47.0
704,Urban Grill,Ludhiana,BBQ,14,4688.3,4.0,0.07142857142857142,0.0,31.928571428571427,0.9405732521874035,2.0,45.0
330,Grand Corner,Hyderabad,Biryani,14,3444.95,4.5,0.21428571428571427,0.0,38.214285714285715,0.9338448089743083,3.0,47.0
408,Blue Point,Chennai,Burgers,16,7056.250000000001,4.4,0.125,0.07142857142857142,33.875,0.9262025990540523,3.0,43.0
879,Golden Kitchen,Bhubaneswar,South Indian,15,3220.6,4.2,0.13333333333333333,0.0,32.266666666666666,0.9241827095450745,2.0,50.0
709,Curry Cafe,Visakhapatnam,BBQ,24,6478.85,4.3,0.16666666666666666,0.0,35.166666666666664,0.9091378555453644,6.0,40.0
291,Royal Bites,Hyderabad,Mexican,15,3669.3999999999996,5.0,0.26666666666666666,0.1111111111111111,34.266666666666666,0.901719219088054,4.0,46.0
1180,Spicy Corner,Ludhiana,Pizza,23,6053.849999999999,4.5,0.17391304347826086,0.058823529411764705,35.95652173913044,0.8987468715010956,3.0,44.0
178,Blue Kitchen,Vadodara,South Indian,20,6003.45,4.8,0.25,0.07142857142857142,35.6,0.8899967224301213,3.0,38.0
849,Grand Point,Jaipur,Desserts,11,2695.9,4.0,0.09090909090909091,0.0,33.54545454545455,0.8845312120902135,1.0,45.0
252,The Bites,Kolkata,South Indian,19,5551.000000000001,4.6,0.2631578947368421,0.0,37.0,0.8740974153883014,5.0,47.0
904,Grand Grill,Indore,Italian,19,3977.2999999999993,4.6,0.2631578947368421,0.0,37.0,0.8740974153883014,1.0,41.0
66,Curry Diner,Pune,BBQ,15,3569.2999999999997,5.0,0.13333333333333333,0.2727272727272727,42.214285714285715,0.8697594295114919,2.0,55.0
1038,The Cafe,Vadodara,Healthy Food,17,4134.3,4.1,0.058823529411764705,0.07692307692307693,31.58823529411765,0.859905698673038,4.0,37.0
51,The Point,Nashik,Mexican,19,4237.799999999999,4.2,0.15789473684210525,0.0,30.94736842105263,0.8535238566506058,4.0,39.0
795,Curry Point,Guwahati,Italian,23,3800.8999999999996,4.5,0.17391304347826086,0.07692307692307693,36.73913043478261,0.8522105530192681,3.0,43.0
763,Golden Corner,Nagpur,Continental,18,4731.9,5.0,0.2222222222222222,0.18181818181818182,38.388888888888886,0.8477809121901262,2.0,36.0
166,Golden Corner,Ludhiana,Mexican,26,7179.599999999999,4.9,0.3076923076923077,0.05555555555555555,32.15384615384615,0.8456869813559802,4.0,43.0
865,Golden Kitchen,Chandigarh,BBQ,19,5302.200000000001,4.0,0.10526315789473684,0.0,33.73684210526316,0.8432370772817577,3.0,48.0
352,Blue Hub,Hyderabad,Desserts,16,6231.5,4.3,0.0625,0.14285714285714285,38.93333333333333,0.8415025840001598,5.0,45.0
483,Urban Bites,Lucknow,Burgers,13,3046.5,4.7,0.15384615384615385,0.16666666666666666,42.416666666666664,0.8408955051273316,3.0,44.0
674,The House,Delhi,Italian,16,3318.1000000000004,4.6,0.1875,0.1,37.625,0.834638757995773,3.0,56.0
568,Golden Kitchen,Kolkata,Healthy Food,9,1721.75,4.8,0.3333333333333333,0.0,41.55555555555556,0.8339135855468149,6.0,46.0
152,Green Treats,Pune,Healthy Food,16,4879.15,4.5,0.25,0.0,31.875,0.8311010687961267,3.0,54.0
853,Grand Cafe,Bhubaneswar,Healthy Food,12,1700.8500000000001,4.5,0.25,0.0,33.09090909090909,0.8311010687961267,3.0,49.0
914,Grand Kitchen,Delhi,North Indian,21,5179.75,4.7,0.23809523809523808,0.07692307692307693,33.75,0.8292682356409393,4.0,55.0
1003,Curry Corner,Ludhiana,Biryani,12,3310.3,3.9,0.08333333333333333,0.0,27.416666666666668,0.8254760352947499,5.0,42.0
511,Urban Grill,Jaipur,Pizza,12,3661.1,3.9,0.08333333333333333,0.0,40.833333333333336,0.8254760352947499,2.0,43.0
607,Tasty Diner,Jaipur,Fast Food,12,3971.3999999999996,3.9,0.08333333333333333,0.0,34.0,0.8254760352947499,3.0,44.0
176,The Corner,Visakhapatnam,Healthy Food,13,2888.55,4.0,0.0,0.125,37.416666666666664,0.824669283028645,7.0,39.0
915,The Grill,Mumbai,Bakery,22,5106.400000000001,4.8,0.2727272727272727,0.07142857142857142,34.63636363636363,0.8246143423167331,4.0,48.0
402,Curry Treats,Bhubaneswar,Continental,16,4319.150000000001,4.4,0.0625,0.18181818181818182,38.8,0.8221779292096588,4.0,48.0
636,The Grill,Hyderabad,Seafood,19,5421.15,4.2,0.10526315789473684,0.07142857142857142,35.8421052631579,0.8212834274158265,6.0,44.0
927,The House,Indore,BBQ,13,5344.45,4.4,0.07692307692307693,0.16666666666666666,33.38461538461539,0.819641804242098,2.0,40.0
916,Grand Kitchen,Lucknow,Mexican,16,5768.650000000001,4.5,0.0625,0.21428571428571427,34.9375,0.8195489341342286,4.0,43.0
194,Tasty Diner,Pune,Italian,17,6862.0,3.8,0.058823529411764705,0.0,33.76470588235294,0.8151371417210266,4.0,53.0
140,Curry Kitchen,Visakhapatnam,Seafood,13,4134.1,4.5,0.07692307692307693,0.2,32.92307692307692,0.8147867212046581,8.0,38.0
495,Royal House,Coimbatore,Chinese,11,3058.1000000000004,5.0,0.0,0.4444444444444444,44.0,0.8118286137114855,5.0,43.0
804,Royal Corner,Guwahati,Mughlai,13,1957.95,4.4,0.23076923076923078,0.0,29.923076923076923,0.8055753176998368,4.0,42.0
355,The Kitchen,Nagpur,Continental,16,4220.95,3.8,0.0625,0.0,31.8125,0.8045605802320961,3.0,35.0
968,Green Corner,Chandigarh,Bakery,22,6530.8,3.9,0.09090909090909091,0.0,29.40909090909091,0.8036819085902871,4.0,47.0
332,Tasty Corner,Mumbai,Desserts,20,6280.35,4.5,0.15,0.125,37.0,0.7973920917799134,5.0,47.0
147,Blue Treats,Bhopal,Street Food,17,5788.400000000001,4.2,0.058823529411764705,0.13333333333333333,37.05882352941177,0.7957168095712687,6.0,46.0
1166,Curry Bites,Ahmedabad,Fast Food,28,7868.4,4.5,0.10714285714285714,0.17391304347826086,35.5,0.794922708444336,1.0,53.0
1077,Urban Kitchen,Bengaluru,Continental,15,5493.5,3.8,0.0,0.07692307692307693,40.266666666666666,0.7865827719961468,5.0,41.0
270,Golden Kitchen,Chennai,North Indian,15,3175.2,4.5,0.26666666666666666,0.0,29.933333333333334,0.7831539900463086,4.0,42.0
49,Blue Kitchen,Mumbai,Bakery,10,2693.75,4.0,0.0,0.14285714285714285,34.77777777777778,0.778756218812199,6.0,46.0
557,Curry Point,Mumbai,Street Food,20,4622.700000000001,4.7,0.25,0.08333333333333333,35.31578947368421,0.7785387094525649,7.0,45.0
117,Spicy Point,Jaipur,Mughlai,10,2283.8999999999996,4.6,0.3,0.0,33.0,0.7681091360465984,4.0,42.0
962,Golden Point,Bengaluru,Healthy Food,22,5201.7,4.5,0.2727272727272727,0.0,32.45454545454545,0.7657186886827385,6.0,40.0
286,TASTY HUB,Patna,Biryani,11,4105.1,4.5,0.2727272727272727,0.0,34.27272727272727,0.7657186886827385,3.0,48.0
1046,Golden Kitchen,Ludhiana,Healthy Food,15,4428.75,4.0,0.13333333333333333,0.0,29.733333333333334,0.762484102545222,6.0,41.0
661,The House,Chennai,Thai,15,3266.2,4.7,0.3333333333333333,0.0,28.533333333333335,0.753064282046889,6.0,41.0
305,Curry Kitchen,Chennai,South Indian,18,4345.8,4.7,0.3333333333333333,0.0,34.888888888888886,0.753064282046889,5.0,40.0
220,Golden Bites,Raipur,North Indian,14,4683.5,4.6,0.14285714285714285,0.18181818181818182,39.142857142857146,0.7527031208086021,1.0,51.0
95,Curry Hub,Bhopal,Pizza,17,5287.399999999999,5.0,0.17647058823529413,0.2727272727272727,41.0,0.7456611080413744,7.0,45.0
459,Blue Kitchen,Bhopal,Fast Food,21,5329.7,4.5,0.14285714285714285,0.15384615384615385,36.65,0.743773582235137,8.0,44.0
742,GRAND HOUSE,Kolkata,Pizza,19,6834.6,3.9,0.05263157894736842,0.06666666666666667,33.68421052631579,0.7423908283381043,7.0,45.0
971,Urban Hub,Raipur,Street Food,21,6248.650000000001,4.0,0.047619047619047616,0.10526315789473684,38.714285714285715,0.7384236478022291,2.0,50.0
1190,Blue Treats,Indore,Continental,11,3243.5999999999995,4.2,0.0,0.2222222222222222,48.45454545454545,0.7363967626278473,3.0,39.0
789,Urban Hub,Indore,Burgers,14,3661.4500000000003,4.0,0.14285714285714285,0.0,33.0,0.7350857718310402,4.0,38.0
985,Blue Point,Lucknow,Burgers,22,6679.75,4.9,0.13636363636363635,0.29411764705882354,39.81818181818182,0.7251950080330752,5.0,42.0
842,The Bites,Vadodara,Italian,18,3862.2999999999997,4.8,0.2222222222222222,0.16666666666666666,37.333333333333336,0.7250388445254398,5.0,36.0
955,Golden Corner,Mumbai,Sushi,20,5282.0,4.4,0.2,0.06666666666666667,35.65,0.7226842284709233,8.0,44.0
368,Golden Corner,Ahmedabad,Street Food,17,4080.4,4.6,0.23529411764705882,0.09090909090909091,39.05882352941177,0.7205173822407768,2.0,52.0
535,Curry Cafe,Ahmedabad,South Indian,25,8208.25,3.9,0.12,0.0,34.0,0.7199924620451501,3.0,51.0
1090,Urban Corner,Jaipur,Italian,13,3533.1000000000004,4.1,0.07692307692307693,0.1111111111111111,35.46153846153846,0.7199345379712616,5.0,41.0
1048,Grand Corner,Bhopal,Pizza,20,7721.3,4.2,0.1,0.11764705882352941,40.25,0.7175907969128316,9.0,43.0
456,Tasty Hub,Visakhapatnam,BBQ,12,4775.25,4.4,0.08333333333333333,0.2,37.083333333333336,0.7154962335701868,9.0,37.0
475,Green Bites,Visakhapatnam,Biryani,14,4800.650000000001,4.8,0.2857142857142857,0.1,37.214285714285715,0.7137920795056264,10.0,36.0
823,Grand Cafe,Bhubaneswar,Burgers,17,5896.7,3.9,0.058823529411764705,0.07142857142857142,35.05882352941177,0.712334188355169,5.0,47.0
839,The Corner,Hyderabad,South Indian,14,4276.15,4.5,0.14285714285714285,0.16666666666666666,37.642857142857146,0.7108103566438425,7.0,43.0
403,The Hub,Raipur,Desserts,20,6395.400000000001,4.0,0.1,0.058823529411764705,35.75,0.7071352249789186,3.0,49.0
363,Blue Hub,Jaipur,Seafood,12,3867.2000000000003,4.7,0.25,0.1111111111111111,34.25,0.7071183873380933,6.0,40.0
878,Grand Bites,Lucknow,Biryani,19,4736.349999999999,5.0,0.21052631578947367,0.25,40.68421052631579,0.706123557988768,6.0,41.0
965,Golden Grill,Hyderabad,Italian,12,2922.65,4.4,0.16666666666666666,0.1111111111111111,33.083333333333336,0.7043058705874051,8.0,42.0
613,Grand House,Delhi,South Indian,20,5448.4,4.4,0.1,0.1875,44.15,0.6996882997718809,5.0,54.0
119,Urban Kitchen,Kolkata,Fast Food,8,2558.75,3.9,0.0,0.14285714285714285,37.375,0.6979069153122728,8.0,44.0
739,Green Corner,Vadodara,South Indian,20,6688.900000000001,4.2,0.15,0.07142857142857142,35.35,0.6925833739294727,6.0,35.0
69,Spicy Kitchen,Vadodara,Fast Food,14,4127.4,4.3,0.14285714285714285,0.1111111111111111,39.642857142857146,0.6919523938729328,7.0,34.0
714,Spicy Bites,Bengaluru,Biryani,28,8078.6,4.7,0.21428571428571427,0.15789473684210525,35.107142857142854,0.6895752692182178,7.0,39.0
465,Royal Cafe,Jaipur,Bakery,16,4435.7,4.1,0.1875,0.0,36.3125,0.6875054001082392,7.0,39.0
973,Curry Bites,Bengaluru,Bakery,13,3562.3,4.6,0.15384615384615385,0.2,30.53846153846154,0.6743418150900391,8.0,38.0
781,Spicy Cafe,Patna,Seafood,18,3048.85,4.8,0.3888888888888889,0.0,31.666666666666668,0.674089989714088,4.0,47.0
322,Royal House,Vadodara,Seafood,15,4151.75,4.6,0.3333333333333333,0.0,31.066666666666666,0.6722149785469623,8.0,33.0
940,Blue Cafe,Guwahati,Healthy Food,14,3590.1,4.5,0.14285714285714285,0.18181818181818182,36.142857142857146,0.6718538173086762,5.0,41.0
126,Green Bites,Bhubaneswar,Bakery,14,4882.45,4.5,0.14285714285714285,0.18181818181818182,36.92857142857143,0.6718538173086762,6.0,46.0
173,Grand Cafe,Raipur,Continental,19,6086.15,3.6,0.05263157894736842,0.0,32.94736842105263,0.6712516909130573,4.0,48.0
572,Tasty Cafe,Visakhapatnam,Healthy Food,18,3193.4999999999995,4.4,0.2777777777777778,0.0,30.166666666666668,0.6703399673798371,11.0,35.0
84,Green House,Indore,Mughlai,18,6574.650000000001,4.0,0.16666666666666666,0.0,33.588235294117645,0.6665899450455859,5.0,37.0
1041,Tasty Bites,Ahmedabad,Chinese,18,4766.1,4.0,0.16666666666666666,0.0,32.588235294117645,0.6665899450455859,4.0,50.0
1185,GOLDEN CORNER,Coimbatore,Pizza,18,3180.9,4.0,0.16666666666666666,0.0,31.61111111111111,0.6665899450455859,6.0,42.0
682,Golden Corner,Mumbai,Sushi,14,3986.649999999999,4.2,0.14285714285714285,0.09090909090909091,36.857142857142854,0.6630451428198952,9.0,43.0
797,Green Hub,Indore,Healthy Food,23,5146.2,4.6,0.21739130434782608,0.13333333333333333,38.36363636363637,0.6629423280484075,6.0,36.0
672,Grand Bites,Raipur,Bakery,20,4871.8,4.6,0.2,0.15384615384615385,34.95,0.6602329014499724,5.0,47.0
430,Urban House,Bengaluru,Italian,15,3540.0500000000006,4.1,0.2,0.0,37.0,0.6515450910458757,9.0,37.0
104,Royal Cafe,Kolkata,Seafood,21,5731.75,3.9,0.09523809523809523,0.05555555555555555,32.19047619047619,0.6483874776730798,9.0,43.0
22,Blue Bites,Jaipur,Thai,22,6214.45,5.0,0.3181818181818182,0.15384615384615385,39.86363636363637,0.6436417388600587,8.0,38.0
1115,Spicy Hub,Bhopal,Healthy Food,8,2086.45,4.9,0.25,0.2,37.125,0.6402719635716371,10.0,42.0
977,Golden Cafe,Surat,Continental,16,5002.6,4.3,0.1875,0.08333333333333333,35.75,0.6349430407646774,3.0,51.0
942,Golden Corner,Kochi,Fast Food,14,3622.75,4.7,0.2857142857142857,0.1,32.714285714285715,0.6329427760057004,4.0,49.0
850,Grand Corner,Guwahati,Mexican,15,5658.0,3.6,0.06666666666666667,0.0,26.333333333333332,0.6308752035447894,6.0,40.0
809,Blue Kitchen,Ahmedabad,BBQ,15,4729.95,4.1,0.13333333333333333,0.08333333333333333,39.13333333333333,0.6290724397017335,5.0,49.0
679,Royal House,Lucknow,Bakery,18,5767.499999999999,3.8,0.05555555555555555,0.07692307692307693,36.666666666666664,0.6267591761634199,7.0,40.0
958,Royal Cafe,Nashik,Seafood,12,3547.15,4.7,0.25,0.14285714285714285,37.583333333333336,0.6254951620644117,5.0,38.0
972,Grand Kitchen,Delhi,Desserts,11,2838.7999999999997,4.4,0.18181818181818182,0.125,37.18181818181818,0.6250074561212439,6.0,53.0
671,Golden Treats,Kochi,Thai,16,4056.15,3.8,0.125,0.0,36.25,0.6247590349202785,5.0,48.0
1199,The Cafe,Mumbai,Pizza,8,2398.35,3.8,0.125,0.0,37.5,0.6247590349202785,10.0,42.0
866,Urban House,Surat,Biryani,18,6201.65,4.3,0.05555555555555555,0.23529411764705882,39.05555555555556,0.6238129069470598,4.0,50.0
378,The House,Nashik,Thai,13,2578.5,3.9,0.15384615384615385,0.0,31.53846153846154,0.6226230098147504,6.0,37.0
919,Urban Treats,Jaipur,Pizza,15,3332.65,4.3,0.26666666666666666,0.0,38.13333333333333,0.621455383046456,9.0,37.0
907,Green Diner,Pune,North Indian,9,3480.6499999999996,4.2,0.1111111111111111,0.14285714285714285,44.666666666666664,0.6208076341465978,5.0,52.0
87,The Treats,Raipur,Fast Food,12,3018.65,4.0,0.08333333333333333,0.1111111111111111,36.75,0.6206440503367904,6.0,46.0
302,Grand Kitchen,Nashik,Healthy Food,14,5217.55,3.6,0.07142857142857142,0.0,30.714285714285715,0.6171760381876986,7.0,36.0
501,Golden Treats,Raipur,BBQ,18,4326.3,4.0,0.1111111111111111,0.08333333333333333,34.111111111111114,0.6121525745348984,7.0,45.0
389,Spicy Point,Pune,BBQ,14,3206.65,4.1,0.21428571428571427,0.0,36.714285714285715,0.6104475949746031,6.0,51.0
266,The Grill,Vadodara,Mughlai,15,4260.2,4.4,0.2,0.1111111111111111,39.86666666666667,0.608411713087769,9.0,32.0
598,Urban Hub,Indore,Thai,16,3682.3499999999995,4.0,0.1875,0.0,30.625,0.6066560966083132,7.0,35.0
730,The Grill,Coimbatore,Sushi,16,3464.9500000000003,4.0,0.1875,0.0,32.1875,0.6066560966083132,7.0,41.0
837,Urban House,Bengaluru,North Indian,19,5564.7,4.8,0.15789473684210525,0.2857142857142857,37.73684210526316,0.6040106501870277,10.0,36.0
373,Urban Hub,Bhopal,Seafood,13,2461.7000000000003,4.6,0.23076923076923078,0.14285714285714285,34.92307692307692,0.5999694109681213,11.0,41.0
708,Spicy Corner,Delhi,Italian,11,3348.1000000000004,4.0,0.09090909090909091,0.1111111111111111,42.54545454545455,0.5988499236323276,7.0,52.0
1132,Spicy Bites,Ahmedabad,Burgers,22,4930.85,4.1,0.09090909090909091,0.14285714285714285,32.90909090909091,0.5980760018585719,6.0,48.0
72,GRAND TREATS,Hyderabad,South Indian,16,2886.65,4.3,0.1875,0.1,40.0625,0.5920908474959945,9.0,41.0
63,Blue Treats,Coimbatore,Street Food,18,2609.2000000000003,4.3,0.2777777777777778,0.0,35.5,0.5894906638799106,8.0,40.0
656,Royal Cafe,Lucknow,Biryani,16,5133.750000000001,4.0,0.125,0.07692307692307693,33.625,0.5886782883723639,8.0,39.0
640,Urban Diner,Vadodara,Thai,13,3084.75,3.9,0.07692307692307693,0.1,32.76923076923077,0.586804059817198,10.0,31.0
913,Curry Kitchen,Bhubaneswar,Healthy Food,21,6729.9,4.0,0.09523809523809523,0.1111111111111111,33.04761904761905,0.5863961369440631,7.0,45.0
573,Curry Point,Ludhiana,North Indian,15,4709.7,4.1,0.0,0.25,37.6,0.5841271370134492,7.0,40.0
377,curry kitchen,Kolkata,Desserts,18,5347.9,4.1,0.0,0.25,39.27777777777778,0.5841271370134492,10.0,42.0
436,Spicy Kitchen,Indore,Pizza,25,7022.049999999999,4.4,0.12,0.21052631578947367,41.24,0.5829481172035241,8.0,34.0
282,Curry Cafe,Kolkata,Italian,19,5456.25,4.1,0.10526315789473684,0.13333333333333333,33.473684210526315,0.5812688346322206,11.0,41.0
619,Royal Grill,Mumbai,Bakery,17,6478.65,4.1,0.058823529411764705,0.1875,40.529411764705884,0.5755978779481227,11.0,41.0
245,Curry House,Lucknow,Fast Food,15,4313.55,4.0,0.2,0.0,31.0,0.5706957875459497,9.0,38.0
29,Curry Grill,Bhopal,Fast Food,24,7690.500000000001,3.9,0.125,0.05263157894736842,34.041666666666664,0.5702856228348904,12.0,40.0
932,Green Diner,Ludhiana,South Indian,14,3317.4,4.5,0.14285714285714285,0.2222222222222222,38.53846153846154,0.5679697124148996,8.0,39.0
1136,Curry Diner,Ludhiana,Desserts,15,4211.0,4.1,0.06666666666666667,0.18181818181818182,37.86666666666667,0.5676432490224251,9.0,38.0
517,Green Corner,Hyderabad,Fast Food,7,1327.75,4.3,0.2857142857142857,0.0,41.714285714285715,0.5666587216180925,10.0,40.0
967,Curry House,Delhi,Continental,17,4146.200000000001,4.4,0.17647058823529413,0.15384615384615385,44.23529411764706,0.5662242879792754,8.0,51.0
846,Tasty Treats,Chennai,Pizza,11,3792.45,4.0,0.09090909090909091,0.125,32.45454545454545,0.5631397625750918,7.0,39.0
813,Blue Cafe,Pune,Burgers,11,3586.7,4.0,0.09090909090909091,0.125,34.27272727272727,0.5631397625750918,7.0,50.0
310,The Corner,Pune,Chinese,13,2941.8500000000004,4.1,0.23076923076923078,0.0,32.53846153846154,0.5630274072000576,8.0,49.0
432,Blue Diner,Jaipur,Italian,13,2600.65,4.1,0.23076923076923078,0.0,30.0,0.5630274072000576,10.0,36.0
159,The Point,Surat,Thai,13,2633.8500000000004,4.1,0.23076923076923078,0.0,34.23076923076923,0.5630274072000576,5.0,49.0
342,Urban House,Chandigarh,Thai,16,4872.200000000001,4.3,0.125,0.18181818181818182,41.4375,0.5615270803979144,5.0,46.0
65,Royal Cafe,Mumbai,BBQ,18,4674.650000000001,4.4,0.16666666666666666,0.16666666666666666,40.0,0.5614652263584622,12.0,40.0
209,Green Kitchen,Bhubaneswar,Continental,18,4823.3,4.4,0.16666666666666666,0.16666666666666666,39.833333333333336,0.5614652263584622,8.0,44.0
171,GREEN HUB,Ahmedabad,Burgers,19,4125.05,4.4,0.3157894736842105,0.0,33.78947368421053,0.5609869807574452,7.0,47.0
1069,The House,Visakhapatnam,South Indian,18,5485.599999999999,4.6,0.16666666666666666,0.23076923076923078,35.833333333333336,0.5583477054018413,12.0,34.0
1097,Curry Point,Guwahati,BBQ,21,5747.95,4.2,0.14285714285714285,0.13333333333333333,37.57142857142857,0.5539668326814298,7.0,39.0
370,Spicy Cafe,Chandigarh,Biryani,20,6173.9,4.0,0.15,0.0625,34.95,0.5538412990378431,6.0,45.0
553,ROYAL TREATS,Mumbai,Fast Food,12,3824.65,4.2,0.08333333333333333,0.2,41.583333333333336,0.5537976265703342,13.0,39.0
1044,Grand Treats,Chandigarh,Pizza,19,4601.65,4.2,0.2631578947368421,0.0,34.333333333333336,0.550700201388597,7.0,44.0
650,Royal House,Chandigarh,Healthy Food,24,5700.75,4.2,0.20833333333333334,0.0625,34.625,0.5477251304133324,8.0,43.0
1183,Curry Hub,Raipur,South Indian,16,4643.05,3.8,0.0625,0.1,32.375,0.5474474206199988,8.0,44.0
1018,Green Bites,Kolkata,Continental,21,6605.0,4.7,0.14285714285714285,0.29411764705882354,38.80952380952381,0.544815721000826,12.0,40.0
1070,Curry Cafe,Chennai,Continental,24,7001.999999999999,4.2,0.16666666666666666,0.1111111111111111,36.833333333333336,0.5426072635875525,8.0,38.0
48,Curry Grill,Coimbatore,Desserts,20,6166.6,4.6,0.2,0.2,38.5,0.5415652893213121,9.0,39.0
934,golden grill,Vadodara,Fast Food,15,3677.2000000000003,4.2,0.26666666666666666,0.0,36.06666666666667,0.54060607954653,11.0,30.0
407,Grand Cafe,Jaipur,Pizza,15,4277.85,4.3,0.13333333333333333,0.18181818181818182,34.733333333333334,0.5375535410230053,11.0,35.0
499,Blue Treats,Bhopal,Street Food,17,3451.4000000000005,4.4,0.23529411764705882,0.1,38.294117647058826,0.5354448516398252,13.0,39.0
79,BLUE POINT,Bhubaneswar,Burgers,10,2679.75,3.6,0.1,0.0,27.5,0.5349810460451533,9.0,43.0
516,Royal Grill,Raipur,Seafood,16,4864.749999999999,4.2,0.1875,0.09090909090909091,36.25,0.5346154675971683,9.0,43.0
939,Green Hub,Bhopal,BBQ,14,4535.45,4.1,0.14285714285714285,0.1111111111111111,36.0,0.5302537868730803,14.0,38.0
458,Urban Kitchen,Mumbai,BBQ,24,5933.85,4.7,0.2916666666666667,0.13333333333333333,36.791666666666664,0.5301144327719709,14.0,38.0
668,Royal Kitchen,Indore,Pizza,18,3663.3,4.5,0.1111111111111111,0.2727272727272727,36.55555555555556,0.5294423503449514,9.0,33.0
749,Royal Point,Raipur,Desserts,10,3804.4000000000005,4.4,0.2,0.14285714285714285,35.9,0.5267884878140873,10.0,42.0
647,The House,Vadodara,Chinese,24,7489.250000000001,4.2,0.16666666666666666,0.11764705882352941,36.625,0.5258024819135593,12.0,29.0
638,Urban Diner,Patna,Street Food,24,7083.9,3.9,0.08333333333333333,0.11764705882352941,38.625,0.5229899651628708,5.0,46.0
554,Spicy Kitchen,Jaipur,Mughlai,13,3843.6000000000004,4.4,0.23076923076923078,0.1111111111111111,35.15384615384615,0.5198940292419509,12.0,34.0
1120,Curry House,Patna,Chinese,11,3551.6,3.9,0.09090909090909091,0.1111111111111111,35.54545454545455,0.5180006201324012,6.0,45.0
255,Tasty Corner,Kochi,BBQ,25,8048.700000000001,4.0,0.12,0.1111111111111111,37.875,0.5151604770871906,6.0,47.0
844,Spicy Hub,Coimbatore,Pizza,22,5956.25,4.6,0.18181818181818182,0.23076923076923078,36.0,0.514759451992916,10.0,38.0
776,Spicy Corner,Chennai,BBQ,22,7124.1,3.7,0.09090909090909091,0.05,34.42857142857143,0.5134267217843862,9.0,37.0
595,Green Bites,Ludhiana,Fast Food,23,4996.25,4.6,0.2608695652173913,0.14285714285714285,37.869565217391305,0.5133760245972124,10.0,37.0
33,Urban Diner,Pune,Desserts,22,6154.900000000001,4.5,0.18181818181818182,0.2,39.95454545454545,0.5130218899120969,9.0,48.0
852,Tasty Hub,Pune,Fast Food,14,3911.7999999999997,4.0,0.07142857142857142,0.16666666666666666,40.714285714285715,0.5120513195005746,10.0,47.0
975,The Point,Bhopal,Sushi,23,6615.7,4.0,0.17391304347826086,0.05263157894736842,34.56521739130435,0.5104206734820897,15.0,37.0
721,Urban Point,Delhi,Desserts,18,4497.5,4.2,0.2777777777777778,0.0,29.11111111111111,0.5086413603799846,9.0,50.0
393,Blue Diner,Coimbatore,South Indian,12,3291.5,4.1,0.25,0.0,32.166666666666664,0.5077038547964214,11.0,37.0
1027,Spicy House,Kolkata,Continental,12,2836.5,4.1,0.25,0.0,35.0,0.5077038547964214,13.0,39.0
979,Grand Point,Jaipur,Chinese,18,7149.300000000001,4.0,0.1111111111111111,0.125,34.72222222222222,0.5050220913631912,13.0,33.0
1096,Green Treats,Nashik,Thai,17,4476.75,4.1,0.17647058823529413,0.08333333333333333,39.5,0.5049741182316161,8.0,35.0
127,The Treats,Bengaluru,Fast Food,18,5734.95,3.8,0.16666666666666666,0.0,36.94444444444444,0.5048913380457333,11.0,35.0
463,Grand Bites,Bengaluru,BBQ,19,5339.45,4.2,0.21052631578947367,0.07692307692307693,34.36842105263158,0.5043326754718342,12.0,34.0
182,Urban Treats,Hyderabad,Fast Food,16,4200.7,4.4,0.1875,0.16666666666666666,39.625,0.5015313779211896,11.0,39.0
320,Green Bites,Nagpur,Chinese,14,4531.200000000001,4.0,0.14285714285714285,0.09090909090909091,36.642857142857146,0.5013465358200426,4.0,34.0
420,The Grill,Ludhiana,Burgers,20,6225.900000000001,3.6,0.0,0.125,38.25,0.5012720690289401,11.0,36.0
507,Spicy Diner,Surat,South Indian,19,5519.200000000001,3.6,0.05263157894736842,0.06666666666666667,32.73684210526316,0.4998429178383258,6.0,48.0
575,Blue Cafe,Ahmedabad,Street Food,21,5559.650000000001,4.1,0.19047619047619047,0.07142857142857142,37.05,0.49529116489427366,8.0,46.0
1184,Urban House,Nagpur,North Indian,20,4541.6,4.7,0.2,0.25,37.8,0.49385801301519017,5.0,33.0
160,Royal House,Vadodara,Desserts,18,4365.8,4.3,0.2222222222222222,0.1,38.705882352941174,0.4922011001005402,13.0,28.0
37,Urban Cafe,Vadodara,Thai,22,8460.05,4.2,0.13636363636363635,0.16666666666666666,37.40909090909091,0.4869431261764607,14.0,27.0
102,The Point,Bhubaneswar,Mughlai,21,4742.8,4.2,0.2857142857142857,0.0,33.76190476190476,0.4858094181181665,10.0,42.0
664,Grand Kitchen,Vadodara,Healthy Food,19,5552.85,4.5,0.21052631578947367,0.18181818181818182,40.94736842105263,0.4771814674973849,15.0,26.0
269,Curry Kitchen,Kochi,Pizza,24,6289.099999999999,4.1,0.20833333333333334,0.058823529411764705,37.083333333333336,0.476328516605027,7.0,46.0
359,Blue Treats,Delhi,Mexican,21,4796.0,4.3,0.19047619047619047,0.14285714285714285,34.04761904761905,0.4733375150283424,10.0,49.0
82,Urban Corner,Raipur,Thai,16,5908.05,4.1,0.125,0.15384615384615385,36.4375,0.4717482383245226,11.0,41.0
118,Blue Kitchen,Coimbatore,Healthy Food,18,4613.65,4.0,0.16666666666666666,0.07692307692307693,36.666666666666664,0.4688105914978187,12.0,36.0
92,Tasty Diner,Chandigarh,Sushi,18,4242.950000000001,4.0,0.16666666666666666,0.07692307692307693,38.333333333333336,0.4688105914978187,9.0,42.0
143,The Cafe,Raipur,BBQ,19,3815.6000000000004,4.4,0.15789473684210525,0.21428571428571427,36.10526315789474,0.46426569305310716,12.0,40.0
1068,Royal Hub,Raipur,South Indian,26,5320.699999999999,4.6,0.2692307692307692,0.15384615384615385,34.34615384615385,0.461068112796882,13.0,39.0
892,Blue Kitchen,Nagpur,Street Food,16,5490.3,3.6,0.0625,0.07142857142857142,38.0625,0.45920971636646013,6.0,32.0
78,Blue Treats,Pune,Biryani,14,3676.35,3.4,0.07142857142857142,0.0,29.428571428571427,0.455477431187846,11.0,46.0
760,Urban Bites,Chandigarh,Mexican,16,5445.749999999999,4.3,0.25,0.08333333333333333,32.625,0.45514149545285965,10.0,41.0
134,Curry Corner,Ludhiana,South Indian,17,3363.4999999999995,4.3,0.23529411764705882,0.1,36.588235294117645,0.45459554813989855,12.0,35.0
91,The House,Bengaluru,Fast Food,16,3702.75,4.1,0.1875,0.09090909090909091,35.4375,0.4537661640972417,13.0,33.0
534,Green Point,Lucknow,Burgers,18,4500.450000000001,4.0,0.16666666666666666,0.08333333333333333,36.888888888888886,0.4523289787021715,10.0,37.0
258,Blue Hub,Bhopal,Biryani,14,3365.5,4.0,0.14285714285714285,0.1111111111111111,40.785714285714285,0.4494044833731543,16.0,36.0
142,Blue House,Bhopal,Healthy Food,15,4734.2,4.1,0.13333333333333333,0.15384615384615385,33.53333333333333,0.4477746989496135,17.0,35.0
1143,The Kitchen,Chennai,Seafood,17,4608.650000000001,4.5,0.29411764705882354,0.1,35.35294117647059,0.44706917131686386,10.0,36.0
60,BLUE TREATS,Guwahati,Fast Food,21,4793.900000000001,3.7,0.09523809523809523,0.07142857142857142,35.04761904761905,0.44587725803638667,8.0,38.0
600,Green Treats,Bengaluru,BBQ,17,4937.5,4.5,0.23529411764705882,0.16666666666666666,37.88235294117647,0.4448853820650197,14.0,32.0
470,Spicy Bites,Patna,Pizza,14,4190.349999999999,4.7,0.14285714285714285,0.3333333333333333,43.642857142857146,0.44398703095686637,7.0,44.0
673,Curry Bites,Nagpur,Sushi,11,2383.9,4.1,0.2727272727272727,0.0,28.545454545454547,0.44232147468303323,7.0,31.0
764,The Point,Chandigarh,Seafood,17,3892.3499999999995,4.0,0.17647058823529413,0.07692307692307693,32.294117647058826,0.4406064275273374,11.0,40.0
416,Green Bites,Kolkata,Continental,19,5331.25,3.9,0.15789473684210525,0.06666666666666667,36.44444444444444,0.43956717307609544,14.0,38.0
1054,Royal Diner,Delhi,Italian,16,3808.5999999999995,4.1,0.125,0.16666666666666666,36.5625,0.4387850127332282,11.0,48.0
1004,Urban Bites,Chennai,Street Food,21,5798.4,4.2,0.19047619047619047,0.125,35.523809523809526,0.4384012757448624,11.0,35.0
1182,Curry Corner,Kochi,Seafood,17,4519.9,3.8,0.11764705882352941,0.08333333333333333,34.529411764705884,0.4316511915547249,8.0,45.0
625,Grand Bites,Ahmedabad,Biryani,16,3438.2000000000003,4.1,0.1875,0.1,38.6875,0.4303922404961419,9.0,45.0
920,Urban Kitchen,Kochi,Italian,16,3231.1,4.1,0.1875,0.1,32.375,0.4303922404961419,9.0,44.0
723,Royal House,Ludhiana,Chinese,16,5278.65,4.0,0.25,0.0,35.5,0.4268545512964955,13.0,34.0
782,Urban Kitchen,Mumbai,Seafood,9,1704.6999999999998,3.9,0.2222222222222222,0.0,38.44444444444444,0.4259170457129327,15.0,37.0
911,Green Diner,Pune,South Indian,9,2339.25,3.9,0.2222222222222222,0.0,33.0,0.4259170457129327,12.0,45.0
362,Royal House,Patna,Seafood,20,7155.450000000001,4.4,0.1,0.29411764705882354,39.65,0.42556029871486534,8.0,43.0
3,Blue Kitchen,Nashik,Healthy Food,16,4596.95,4.3,0.1875,0.16666666666666666,40.625,0.420682074421263,9.0,34.0
1110,Spicy Cafe,Ahmedabad,Sushi,14,4335.45,4.5,0.21428571428571427,0.2,38.714285714285715,0.4196184897501136,10.0,44.0
340,Green Diner,Chandigarh,Desserts,17,5453.2,4.2,0.23529411764705882,0.08333333333333333,32.23529411764706,0.4165984379086555,12.0,39.0
912,Green Point,Kochi,South Indian,12,3746.8500000000004,4.1,0.08333333333333333,0.2222222222222222,39.166666666666664,0.4158120653788304,10.0,43.0
478,Green Cafe,Pune,Seafood,19,4727.150000000001,4.4,0.3684210526315789,0.0,34.26315789473684,0.40957515312644077,13.0,44.0
1084,Spicy House,Nashik,South Indian,21,6534.450000000001,3.8,0.09523809523809523,0.11764705882352941,36.75,0.40789274827021726,10.0,33.0
1065,The Hub,Nashik,Pizza,14,3964.2,4.2,0.21428571428571427,0.1111111111111111,31.615384615384617,0.4056156100166438,11.0,32.0
238,Blue Bites,Indore,Seafood,17,5007.75,4.2,0.17647058823529413,0.15384615384615385,33.75,0.40452568097942276,10.0,32.0
317,Curry House,Surat,Continental,19,7347.1,3.8,0.05263157894736842,0.16666666666666666,41.31578947368421,0.4044283652260807,7.0,47.0
1020,Royal House,Jaipur,Sushi,14,4958.2,3.4,0.0,0.1,38.142857142857146,0.40385175193211176,14.0,32.0
1031,Golden Corner,Kochi,Street Food,21,5846.599999999999,4.0,0.19047619047619047,0.07692307692307693,32.57142857142857,0.40031476471236427,11.0,42.0
868,Tasty House,Delhi,Chinese,11,2527.25,4.5,0.2727272727272727,0.14285714285714285,35.09090909090909,0.3984141749511709,12.0,47.0
717,Spicy Treats,Jaipur,Mughlai,7,2186.1499999999996,3.6,0.0,0.16666666666666666,38.285714285714285,0.39414158585723286,15.0,31.0
565,Grand Hub,Vadodara,Fast Food,16,4574.95,3.8,0.125,0.09090909090909091,33.9375,0.39101979890928085,16.0,25.0
401,grand bites,Lucknow,BBQ,17,2262.3,4.3,0.23529411764705882,0.125,33.88235294117647,0.39031725823687424,11.0,36.0
503,Spicy Point,Bhubaneswar,North Indian,17,3333.55,3.9,0.23529411764705882,0.0,35.25,0.38831149375229107,11.0,41.0
490,Green Corner,Guwahati,Sushi,25,9037.650000000001,3.9,0.08,0.17391304347826086,34.88,0.3879121299801964,9.0,37.0
895,Urban House,Lucknow,Continental,22,4506.75,4.6,0.36363636363636365,0.07692307692307693,33.0,0.38725911818134395,12.0,35.0
412,Golden Cafe,Hyderabad,Chinese,13,4140.5,4.2,0.23076923076923078,0.1,34.92307692307692,0.38676355108788696,12.0,38.0
1081,Curry Point,Hyderabad,Street Food,16,3603.5,4.9,0.25,0.3,36.4375,0.38315880395953983,13.0,37.0
543,Blue Point,Kolkata,Sushi,20,6342.750000000001,4.4,0.25,0.14285714285714285,39.5,0.3829472515646331,15.0,37.0
1123,Urban House,Pune,Mughlai,16,5373.35,3.5,0.125,0.0,32.0,0.3822111244204999,14.0,43.0
224,royal diner,Mumbai,Bakery,20,3183.65,4.3,0.35,0.0,30.8,0.38171998929736567,16.0,36.0
1122,Blue House,Indore,South Indian,13,4244.200000000001,3.6,0.15384615384615385,0.0,35.61538461538461,0.3800750993149718,11.0,31.0
669,Urban Bites,Lucknow,Italian,19,4436.65,4.1,0.15789473684210525,0.15384615384615385,35.10526315789474,0.37711584605514487,13.0,34.0
943,Golden Grill,Pune,South Indian,19,5568.950000000001,4.1,0.15789473684210525,0.15384615384615385,37.31578947368421,0.37711584605514487,15.0,42.0
659,Green Kitchen,Hyderabad,Mughlai,13,3708.3,3.9,0.07692307692307693,0.18181818181818182,40.76923076923077,0.3764387474073002,14.0,36.0
137,Grand Diner,Ahmedabad,Mughlai,16,5133.65,4.4,0.125,0.2857142857142857,42.625,0.375245828456701,11.0,43.0
1035,Urban Kitchen,Raipur,Mughlai,19,6125.599999999999,4.9,0.3157894736842105,0.23076923076923078,40.78947368421053,0.3718954376137747,14.0,38.0
630,Urban Treats,Patna,Seafood,16,4546.900000000001,3.9,0.0625,0.2,40.5,0.3711835645078278,9.0,42.0
221,Curry House,Guwahati,Seafood,14,3448.8500000000004,3.8,0.21428571428571427,0.0,33.57142857142857,0.3678996844748245,10.0,36.0
1056,Green Point,Chandigarh,Pizza,14,3874.5,3.8,0.21428571428571427,0.0,29.642857142857142,0.3678996844748245,13.0,38.0
926,Urban Bites,Nashik,Healthy Food,24,7779.650000000001,3.5,0.08333333333333333,0.05263157894736842,31.791666666666668,0.3667561057097307,12.0,31.0
414,Curry Cafe,Kolkata,Italian,18,4693.15,4.6,0.2777777777777778,0.18181818181818182,35.611111111111114,0.364560102357694,16.0,36.0
835,Spicy Bites,Delhi,Street Food,17,4597.95,4.4,0.23529411764705882,0.16666666666666666,34.1764705882353,0.36403607856509373,13.0,46.0
1152,Green Hub,Coimbatore,Italian,20,5486.4,4.1,0.3,0.0,32.85,0.3638626185469673,13.0,35.0
832,Golden Kitchen,Kochi,Continental,11,2710.4500000000003,4.0,0.2727272727272727,0.0,27.363636363636363,0.36147217118310726,12.0,41.0
933,Green Hub,Bhopal,Bakery,17,5886.1,3.9,0.17647058823529413,0.07692307692307693,34.411764705882355,0.3597571240274111,18.0,34.0
240,Royal Kitchen,Pune,Healthy Food,13,4675.75,3.6,0.0,0.18181818181818182,35.15384615384615,0.3551850465220665,16.0,41.0
124,Golden Kitchen,Surat,Desserts,21,4590.25,4.3,0.2857142857142857,0.08333333333333333,29.714285714285715,0.3523977552746781,8.0,46.0
699,Grand Point,Bhubaneswar,Chinese,19,7329.1,3.8,0.05263157894736842,0.1875,40.73684210526316,0.3508631236402271,12.0,40.0
315,Curry Diner,Bengaluru,Pizza,15,3822.6,4.6,0.26666666666666666,0.2,37.266666666666666,0.34977697432203986,15.0,31.0
860,Tasty Diner,Ludhiana,Continental,16,3909.8,4.0,0.1875,0.1,35.625,0.34954293699621597,14.0,33.0
36,Green Corner,Patna,Healthy Food,25,7590.6,3.9,0.2,0.05555555555555555,35.32,0.34700583981708044,10.0,41.0
162,royal cafe,Chandigarh,Pizza,12,3707.2999999999997,3.9,0.25,0.0,32.0,0.3460052477965692,14.0,37.0
702,Tasty Corner,Bhubaneswar,Biryani,12,2601.15,3.9,0.25,0.0,34.833333333333336,0.3460052477965692,13.0,39.0
435,Curry Kitchen,Visakhapatnam,Fast Food,16,4722.3,3.9,0.25,0.0,36.8125,0.3460052477965692,13.0,33.0
38,Green Grill,Ahmedabad,Biryani,20,5974.200000000002,4.4,0.2,0.21428571428571427,38.2,0.3431362309483035,12.0,42.0
47,Spicy Diner,Coimbatore,Healthy Food,19,4995.049999999999,4.0,0.21052631578947367,0.07692307692307693,35.63157894736842,0.3426340684719817,14.0,34.0
392,Blue House,Surat,Italian,19,4584.2,4.0,0.21052631578947367,0.07692307692307693,36.1578947368421,0.3426340684719817,9.0,45.0
504,Golden House,Raipur,Desserts,11,1810.05,4.3,0.36363636363636365,0.0,35.8,0.34249056122933264,15.0,37.0
348,Urban Grill,Kochi,Italian,13,3547.1,4.1,0.3076923076923077,0.0,33.53846153846154,0.3417331975855127,13.0,40.0
877,Tasty Bites,Delhi,Continental,15,5139.949999999999,3.8,0.0,0.25,42.8,0.3415792265136707,14.0,45.0
768,Blue Kitchen,Delhi,North Indian,12,2879.35,3.3,0.08333333333333333,0.0,28.666666666666668,0.34038021429519255,15.0,44.0
327,Urban Point,Visakhapatnam,Italian,19,5409.95,3.8,0.10526315789473684,0.13333333333333333,34.73684210526316,0.338720924132442,14.0,32.0
1063,The Bites,Hyderabad,Bakery,16,6427.400000000001,3.9,0.125,0.14285714285714285,35.6875,0.3383038246886372,15.0,35.0
1086,Grand Hub,Patna,Healthy Food,14,1986.2000000000003,4.8,0.35714285714285715,0.16666666666666666,37.23076923076923,0.3368958260745316,11.0,40.0
588,Royal Cafe,Bengaluru,Mughlai,19,4548.400000000001,4.2,0.2631578947368421,0.08333333333333333,39.63157894736842,0.3364392350451826,16.0,30.0
734,Grand Point,Ahmedabad,Mexican,28,6055.55,4.1,0.25,0.06666666666666667,32.25,0.3362950817216899,13.0,41.0
637,Urban Diner,Coimbatore,Sushi,15,3011.9,4.3,0.26666666666666666,0.1111111111111111,38.8,0.3357740945885701,15.0,33.0
922,Golden Cafe,Nagpur,Chinese,15,5436.65,4.0,0.13333333333333333,0.16666666666666666,37.4,0.33396216985839317,8.0,30.0
752,Blue Hub,Vadodara,Continental,15,4976.400000000001,4.0,0.13333333333333333,0.16666666666666666,41.8,0.33396216985839317,17.0,24.0
718,The Point,Delhi,Sushi,21,6784.1,3.9,0.14285714285714285,0.125,33.523809523809526,0.3328450188159923,16.0,43.0
769,Tasty Diner,Coimbatore,South Indian,18,6314.95,3.4,0.05555555555555555,0.06666666666666667,39.411764705882355,0.32973254263675067,16.0,32.0
753,Grand Point,Lucknow,Fast Food,21,5886.2,4.4,0.19047619047619047,0.23076923076923078,33.904761904761905,0.3281532716165351,14.0,33.0
1144,Blue Grill,Ahmedabad,Burgers,10,2404.7,3.7,0.2,0.0,32.0,0.32814787704617115,14.0,40.0
1026,the diner,Pune,Thai,15,2675.95,3.7,0.2,0.0,35.666666666666664,0.32814787704617115,17.0,40.0
951,Blue Hub,Delhi,Sushi,21,6464.1,4.4,0.14285714285714285,0.2857142857142857,41.42857142857143,0.3238739583676103,17.0,42.0
308,Blue Hub,Guwahati,Desserts,26,6462.75,4.5,0.2692307692307692,0.17647058823529413,39.46153846153846,0.3220484111946716,11.0,35.0
201,Green Bites,Hyderabad,Desserts,13,2074.9,3.8,0.23076923076923078,0.0,34.23076923076923,0.3204794967002791,16.0,34.0
1080,Tasty Corner,Delhi,BBQ,13,4451.549999999999,3.8,0.23076923076923078,0.0,34.30769230769231,0.3204794967002791,18.0,41.0
1024,Tasty Grill,Chennai,Chinese,17,5152.650000000001,4.4,0.17647058823529413,0.25,35.529411764705884,0.3190000960445665,12.0,34.0
198,Grand Bites,Ludhiana,BBQ,20,6026.85,4.0,0.15,0.15384615384615385,35.36842105263158,0.31897831669986954,15.0,32.0
52,Urban Point,Bhopal,Pizza,15,2925.6,4.4,0.4,0.0,34.86666666666667,0.318728056547838,19.0,33.0
698,Spicy Point,Kolkata,South Indian,25,5481.7,3.8,0.12,0.125,38.96,0.3177517090301022,17.0,35.0
887,Royal Bites,Chandigarh,Mexican,19,4949.7,4.4,0.2631578947368421,0.15384615384615385,33.578947368421055,0.3168401012929153,15.0,36.0
944,Blue Kitchen,Surat,Chinese,14,4665.25,3.8,0.14285714285714285,0.1,39.714285714285715,0.3162740052190903,10.0,44.0
235,Curry Hub,Bhubaneswar,Mughlai,15,5310.9,3.7,0.06666666666666667,0.15384615384615385,35.4,0.31616579994918137,14.0,38.0
983,BLUE TREATS,Raipur,Mughlai,23,6004.4,4.1,0.2608695652173913,0.0625,33.34782608695652,0.315738296071588,16.0,36.0
1013,Golden Kitchen,Bhopal,Sushi,16,5155.65,3.9,0.1875,0.08333333333333333,34.5,0.31154582676497256,20.0,32.0
791,Blue Diner,Visakhapatnam,Seafood,8,1455.25,4.3,0.375,0.0,31.875,0.30979937117263856,15.0,31.0
222,Golden Grill,Patna,Sushi,24,6027.25,4.7,0.20833333333333334,0.3125,39.166666666666664,0.30918874888272035,12.0,39.0
581,Royal Point,Raipur,Pizza,18,5046.9,4.0,0.2222222222222222,0.07692307692307693,34.72222222222222,0.3089869956650918,17.0,35.0
688,The Bites,Bhubaneswar,Continental,18,4097.300000000001,3.8,0.16666666666666666,0.07692307692307693,37.5,0.3071119844979661,15.0,37.0
515,Spicy Point,Indore,Fast Food,18,5270.3,3.4,0.05555555555555555,0.07692307692307693,39.333333333333336,0.303361962163715,12.0,30.0
528,Tasty Bites,Nagpur,Street Food,20,3954.75,4.8,0.25,0.3,40.45,0.30230950045961325,9.0,29.0
15,Golden Grill,Surat,Mexican,19,4764.5,4.5,0.21052631578947367,0.25,44.611111111111114,0.30187704048913677,11.0,43.0
388,Grand Bites,Patna,Sushi,22,6455.75,4.0,0.18181818181818182,0.125,35.63636363636363,0.30161024212153864,13.0,38.0
935,The Cafe,Bhubaneswar,Chinese,15,3502.95,3.9,0.26666666666666666,0.0,34.0,0.29805816904675114,16.0,36.0
609,Spicy Grill,Patna,Biryani,16,4626.450000000001,3.7,0.0625,0.16666666666666666,38.25,0.2951893440453414,14.0,37.0
197,Golden Diner,Lucknow,Chinese,16,4874.400000000001,3.7,0.0625,0.16666666666666666,36.3125,0.2951893440453414,15.0,32.0
227,Green Point,Nagpur,Bakery,10,2572.6500000000005,3.3,0.1,0.0,37.4,0.2924331355453745,10.0,28.0
999,Urban Diner,Ahmedabad,Mexican,16,4591.3,3.9,0.1875,0.09090909090909091,37.5,0.2920675570973894,15.0,39.0
1022,Green Corner,Indore,South Indian,20,5352.500000000001,3.9,0.15,0.13333333333333333,37.4,0.29087017414601457,13.0,29.0
473,Blue Bites,Patna,Seafood,23,8118.6,3.9,0.21739130434782608,0.058823529411764705,35.26086956521739,0.2885717146324476,15.0,36.0
564,Tasty Bites,Bengaluru,Thai,19,6210.6,3.5,0.10526315789473684,0.058823529411764705,35.73684210526316,0.2877475247161869,17.0,29.0
580,Curry Point,Coimbatore,Fast Food,23,5506.4,3.8,0.13043478260869565,0.125,38.608695652173914,0.28773266842152045,17.0,31.0
130,Blue Hub,Surat,Desserts,14,3181.05,3.8,0.14285714285714285,0.1111111111111111,33.642857142857146,0.2877058763733018,12.0,42.0
90,Blue Kitchen,Visakhapatnam,BBQ,19,5638.75,3.5,0.15789473684210525,0.0,33.63157894736842,0.2875787321511222,16.0,30.0
847,The Bites,Mumbai,Continental,14,2704.05,3.7,0.21428571428571427,0.0,33.07692307692308,0.28705038097489854,17.0,35.0
1138,The Corner,Chennai,North Indian,16,3642.85,3.7,0.125,0.1,38.214285714285715,0.2867965718082552,13.0,33.0
814,Blue House,Surat,Seafood,23,4704.950000000001,4.4,0.17391304347826086,0.26666666666666666,39.40909090909091,0.28350551076818314,13.0,41.0
1164,The Point,Bhubaneswar,Italian,24,6562.950000000001,3.9,0.16666666666666666,0.11764705882352941,36.25,0.2832545714137804,17.0,35.0
740,Tasty Treats,Nagpur,South Indian,19,5256.4,3.5,0.10526315789473684,0.0625,36.21052631578947,0.2782948350245657,11.0,27.0
464,Blue Point,Raipur,Seafood,22,3576.1499999999996,4.0,0.22727272727272727,0.08333333333333333,34.5,0.2779759650664694,18.0,34.0
1032,Curry House,Delhi,Sushi,19,5158.15,3.9,0.21052631578947367,0.07142857142857142,35.10526315789474,0.27591186165403875,19.0,40.0
1137,Urban Diner,Hyderabad,Sushi,12,2585.0,4.1,0.3333333333333333,0.0,27.454545454545453,0.2679684610473312,17.0,33.0
997,Royal Bites,Mumbai,Desserts,12,2183.2000000000003,4.1,0.3333333333333333,0.0,33.916666666666664,0.2679684610473312,18.0,34.0
801,Royal Point,Kochi,Biryani,18,4296.05,3.9,0.2777777777777778,0.0,38.666666666666664,0.2660934498802057,14.0,39.0
230,The Diner,Chennai,North Indian,18,4392.7,4.1,0.1111111111111111,0.25,39.111111111111114,0.26447994534799546,14.0,32.0
1000,Green Kitchen,Patna,North Indian,18,4857.349999999999,3.7,0.2222222222222222,0.0,33.0,0.2642184387130805,16.0,35.0
1034,Royal Point,Chennai,Fast Food,18,3996.9,3.7,0.2222222222222222,0.0,34.333333333333336,0.2642184387130805,15.0,31.0
881,Tasty Bites,Pune,Italian,17,4523.599999999999,3.8,0.17647058823529413,0.08333333333333333,31.133333333333333,0.2624262077318376,18.0,39.0
335,Urban Hub,Nagpur,South Indian,23,7661.099999999999,3.9,0.17391304347826086,0.11764705882352941,35.43478260869565,0.2624080154355986,12.0,26.0
428,Spicy Diner,Coimbatore,Continental,18,4886.900000000001,3.5,0.16666666666666666,0.0,36.72222222222222,0.26234342754595474,18.0,30.0
246,Tasty Treats,Bhopal,Sushi,17,3752.9500000000003,4.4,0.17647058823529413,0.2727272727272727,37.35294117647059,0.26056528704181714,21.0,31.0
533,Tasty Kitchen,Mumbai,Pizza,15,3912.55,3.9,0.2,0.09090909090909091,36.4,0.2561072480350258,19.0,33.0
1160,The House,Pune,Healthy Food,16,5711.2,4.1,0.0625,0.3076923076923077,37.875,0.25599107654080594,19.0,38.0
1002,Curry House,Lucknow,South Indian,15,4805.349999999999,4.2,0.26666666666666666,0.1111111111111111,37.733333333333334,0.2549247910886441,16.0,31.0
974,Curry Treats,Nashik,Desserts,17,4102.45,4.0,0.23529411764705882,0.08333333333333333,37.705882352941174,0.25489983090880297,13.0,30.0
719,Grand Point,Mumbai,Biryani,15,4786.85,3.9,0.13333333333333333,0.16666666666666666,39.666666666666664,0.25311286635846686,20.0,32.0
822,The Diner,Surat,Burgers,15,4006.05,3.9,0.13333333333333333,0.16666666666666666,37.93333333333333,0.25311286635846686,14.0,40.0
353,Golden Diner,Patna,Desserts,21,5270.899999999999,3.8,0.19047619047619047,0.07142857142857142,36.76190476190476,0.2527432543944951,17.0,34.0
1145,Grand House,Nagpur,Street Food,26,5469.45,4.2,0.3076923076923077,0.06666666666666667,32.34615384615385,0.2511737280107078,13.0,25.0
213,Green Hub,Chennai,Burgers,19,3094.95,4.7,0.21052631578947367,0.3333333333333333,40.73684210526316,0.24931468114557503,16.0,30.0
863,Golden Hub,Surat,Healthy Food,19,3697.8500000000004,4.7,0.21052631578947367,0.3333333333333333,37.89473684210526,0.24931468114557503,15.0,39.0
716,The House,Lucknow,Chinese,15,3774.75,3.6,0.2,0.0,33.6,0.24729857354624485,17.0,30.0
1173,Curry Kitchen,Ahmedabad,Mughlai,16,4505.15,4.0,0.3125,0.0,34.3125,0.24705300598467778,16.0,38.0
754,Grand House,Chandigarh,Thai,14,2825.05,4.3,0.2857142857142857,0.125,39.42857142857143,0.24526727210297083,16.0,35.0
31,Blue Corner,Ludhiana,Sushi,14,3851.75,4.1,0.14285714285714285,0.2222222222222222,36.357142857142854,0.24457249841519443,16.0,31.0
100,Grand Treats,Kolkata,Mughlai,19,5995.400000000001,3.9,0.15789473684210525,0.14285714285714285,38.526315789473685,0.24367143241925943,18.0,34.0
440,Spicy Kitchen,Pune,Fast Food,19,5459.75,4.5,0.2631578947368421,0.21428571428571427,36.63157894736842,0.24229134129102423,20.0,37.0
170,Grand Point,Coimbatore,Continental,17,5031.449999999999,4.0,0.058823529411764705,0.2857142857142857,40.0,0.24222672125774397,19.0,29.0
296,Golden Treats,Nashik,Pizza,26,8728.75,3.7,0.23076923076923078,0.0,33.65384615384615,0.23963019320035317,14.0,29.0
71,Tasty Hub,Lucknow,Fast Food,22,5023.650000000001,4.0,0.13636363636363635,0.2,38.5,0.2395401326392423,18.0,29.0
596,The Hub,Lucknow,Mexican,16,4431.6,3.9,0.125,0.18181818181818182,32.0,0.23812986639820963,19.0,28.0
199,Spicy Treats,Coimbatore,Sushi,12,2841.7999999999997,4.0,0.16666666666666666,0.16666666666666666,33.333333333333336,0.23806801235875705,20.0,28.0
957,Grand Cafe,Chandigarh,Street Food,15,1252.6,4.3,0.4,0.0,29.933333333333334,0.23787875304791134,17.0,34.0
1104,Golden Kitchen,Nagpur,Thai,17,5012.9,4.5,0.29411764705882354,0.18181818181818182,37.1764705882353,0.23670385890696602,14.0,24.0
987,Royal Kitchen,Mumbai,Bakery,17,4506.55,4.0,0.23529411764705882,0.09090909090909091,36.8235294117647,0.23542156124121977,21.0,31.0
896,Spicy Cafe,Coimbatore,Fast Food,18,5522.999999999999,3.9,0.1111111111111111,0.2,38.55555555555556,0.23133791815419186,21.0,27.0
894,Curry Cafe,Jaipur,Healthy Food,19,4592.25,4.6,0.2631578947368421,0.25,41.89473684210526,0.23131451635805822,16.0,30.0
902,The House,Jaipur,Burgers,14,4874.8,4.1,0.07142857142857142,0.3076923076923077,37.92857142857143,0.23030514149626063,17.0,29.0
323,Urban Diner,Raipur,Italian,12,4382.75,3.5,0.0,0.2,34.36363636363637,0.22758789581994077,19.0,33.0
651,Urban House,Visakhapatnam,Bakery,20,5112.9,3.9,0.1,0.21428571428571427,42.21052631578947,0.22657218594758052,17.0,29.0
1012,Green House,Delhi,Continental,13,4037.95,4.0,0.07692307692307693,0.2727272727272727,41.30769230769231,0.22354881489622902,20.0,39.0
1053,Grand Hub,Indore,Italian,11,4503.7,3.5,0.09090909090909091,0.1,27.545454545454547,0.223171534978485,14.0,28.0
208,The Diner,Visakhapatnam,Mexican,20,3999.7999999999997,4.1,0.2,0.16666666666666666,35.85,0.22302315835904682,18.0,28.0
677,Spicy Kitchen,Vadodara,Continental,14,4459.700000000001,3.4,0.07142857142857142,0.09090909090909091,35.0,0.22173819517684842,18.0,23.0
694,Spicy Bites,Kolkata,Healthy Food,20,5938.85,4.2,0.25,0.14285714285714285,32.1,0.2212486445647805,19.0,33.0
70,Curry Hub,Ludhiana,Chinese,12,3741.3500000000004,3.8,0.16666666666666666,0.1111111111111111,36.666666666666664,0.2192100495878474,17.0,30.0
438,Grand Grill,Nagpur,Pizza,17,3979.7,3.9,0.29411764705882354,0.0,35.411764705882355,0.2190865099294037,15.0,23.0
190,Urban Hub,Guwahati,Street Food,17,4035.1499999999996,3.9,0.29411764705882354,0.0,38.05882352941177,0.2190865099294037,12.0,34.0
7,Golden Grill,Bhubaneswar,Mughlai,11,1244.95,3.5,0.18181818181818182,0.0,38.0,0.21875517413702916,18.0,34.0
808,Grand Corner,Visakhapatnam,South Indian,13,3418.5,3.4,0.15384615384615385,0.0,30.153846153846153,0.21837649231511921,19.0,27.0
1162,urban treats,Bhubaneswar,Mughlai,15,4124.249999999999,3.8,0.26666666666666666,0.0,39.0,0.21720886554682484,19.0,33.0
106,Tasty Corner,Nashik,Italian,19,4334.4,3.6,0.21052631578947367,0.0,36.63157894736842,0.217016208020044,15.0,28.0
1146,Golden Cafe,Lucknow,Healthy Food,13,2639.15,4.4,0.3076923076923077,0.14285714285714285,34.38461538461539,0.21697659435372435,20.0,27.0
615,Golden Kitchen,Hyderabad,Thai,20,5090.549999999999,3.8,0.1,0.1875,39.95,0.21459247877232313,18.0,32.0
923,Urban Corner,Lucknow,Mexican,18,4460.200000000001,4.1,0.2777777777777778,0.08333333333333333,29.666666666666668,0.21353109053664357,21.0,26.0
618,Green Corner,Kolkata,North Indian,17,4033.2000000000003,3.3,0.058823529411764705,0.07692307692307693,39.11764705882353,0.2131112706736283,20.0,32.0
187,Curry House,Guwahati,Healthy Food,17,3504.5499999999997,4.0,0.23529411764705882,0.1,35.76470588235294,0.21204763764012002,13.0,33.0
42,Royal Point,Chandigarh,Fast Food,18,4879.55,3.9,0.2222222222222222,0.08333333333333333,36.22222222222222,0.2116560793695183,18.0,33.0
427,Curry Corner,Raipur,Seafood,16,2834.1,4.4,0.4375,0.0,32.6875,0.21084712936074745,20.0,32.0
417,Grand Bites,Ludhiana,Mexican,19,3865.75,4.7,0.3157894736842105,0.23076923076923078,39.78947368421053,0.21019683061392225,18.0,29.0
712,Blue Diner,Visakhapatnam,Bakery,22,5206.700000000001,3.7,0.18181818181818182,0.06666666666666667,33.72727272727273,0.2090450080621502,20.0,26.0
960,Grand Kitchen,Bhopal,Healthy Food,16,3980.25,5.0,0.25,0.4,41.5625,0.20689494784736862,22.0,30.0
828,Curry Bites,Lucknow,Sushi,22,5379.45,4.5,0.3181818181818182,0.16666666666666666,36.31818181818182,0.206431995769133,22.0,25.0
599,Grand Kitchen,Vadodara,Chinese,14,3486.95,3.6,0.21428571428571427,0.0,28.0,0.20620107747497227,19.0,22.0
1094,Grand Corner,Kolkata,Thai,14,3450.05,4.9,0.35714285714285715,0.25,35.785714285714285,0.20348416323104374,21.0,31.0
1042,Spicy Grill,Raipur,Pizza,20,5037.05,3.9,0.3,0.0,34.3,0.20216401154711502,21.0,31.0
1118,Blue Bites,Bhubaneswar,Mexican,17,6116.450000000001,4.1,0.058823529411764705,0.3333333333333333,41.705882352941174,0.20064118684714755,20.0,32.0
810,Grand Grill,Bengaluru,Fast Food,19,4848.950000000001,4.5,0.2631578947368421,0.23076923076923078,36.421052631578945,0.19991005124507405,18.0,28.0
437,Grand Cafe,Kochi,Biryani,26,6924.5,3.7,0.19230769230769232,0.058823529411764705,35.57692307692308,0.19903426294168602,15.0,38.0
880,Blue Grill,Ahmedabad,Street Food,12,3325.3500000000004,3.7,0.08333333333333333,0.18181818181818182,33.09090909090909,0.19629895627290253,17.0,37.0
639,Blue Grill,Bhubaneswar,Seafood,21,4894.5,4.2,0.23809523809523808,0.16666666666666666,35.523809523809526,0.19427913900224647,21.0,31.0
242,Golden Cafe,Nagpur,South Indian,23,7493.149999999999,3.8,0.08695652173913043,0.21052631578947367,40.56521739130435,0.19291259146447523,16.0,22.0
233,Grand Hub,Bhubaneswar,Thai,19,4744.95,4.1,0.21052631578947367,0.16666666666666666,37.27777777777778,0.19274079283284598,22.0,30.0
345,Golden Corner,Pune,Street Food,18,4263.3,4.1,0.2222222222222222,0.15384615384615385,34.94444444444444,0.19205694561725062,21.0,36.0
144,Royal Point,Jaipur,Bakery,21,4593.1,4.8,0.3333333333333333,0.25,35.476190476190474,0.19113068651657167,18.0,28.0
948,Royal Hub,Nashik,Street Food,12,3007.7,4.4,0.3333333333333333,0.125,34.916666666666664,0.18912492203198877,16.0,27.0
731,Curry Treats,Ludhiana,Fast Food,19,4483.05,4.2,0.21052631578947367,0.2,38.5,0.18788570979540675,19.0,28.0
299,Green House,Delhi,Pizza,16,3613.95,4.1,0.25,0.125,37.8,0.1863124052812998,21.0,38.0
1076,Grand Point,Ludhiana,Biryani,12,3191.2999999999997,4.1,0.25,0.125,36.416666666666664,0.1863124052812998,20.0,27.0
112,The Grill,Kolkata,Pizza,20,5081.5,3.8,0.15,0.14285714285714285,34.7,0.18553390306398376,22.0,29.0
986,Tasty Point,Kolkata,Bakery,20,6055.500000000001,3.8,0.15,0.14285714285714285,36.55,0.18553390306398376,23.0,30.0
772,Blue Kitchen,Bhubaneswar,Street Food,19,5647.95,4.2,0.3157894736842105,0.08333333333333333,37.68421052631579,0.18502740741417817,23.0,29.0
1174,spicy point,Chennai,Mughlai,27,7316.5,4.0,0.18518518518518517,0.16666666666666666,35.48148148148148,0.18479348041451474,17.0,29.0
642,Urban Hub,Visakhapatnam,Healthy Food,20,4824.650000000001,3.7,0.25,0.0,34.8,0.18430664079671694,21.0,25.0
950,Golden Point,Kochi,Bakery,20,4732.250000000001,3.9,0.1,0.23076923076923078,36.75,0.18419089590163035,16.0,37.0
840,Green Kitchen,Patna,Seafood,17,3507.8500000000004,4.0,0.23529411764705882,0.1111111111111111,35.23529411764706,0.18347950879433145,18.0,33.0
1025,Blue Hub,Lucknow,Chinese,18,6121.7,3.6,0.1111111111111111,0.125,36.666666666666664,0.18162487736348631,23.0,24.0
548,Spicy Grill,Nashik,Italian,11,4328.95,2.8,0.0,0.0,35.54545454545455,0.17586909054465166,17.0,26.0
24,Urban House,Bhopal,Seafood,14,2140.2,4.6,0.35714285714285715,0.16666666666666666,30.714285714285715,0.17519721907467897,23.0,29.0
735,Tasty Kitchen,Vadodara,Sushi,13,4099.65,4.3,0.15384615384615385,0.3,45.69230769230769,0.17468074497816333,20.0,21.0
1001,Grand Point,Chennai,BBQ,21,5903.200000000002,3.9,0.19047619047619047,0.13333333333333333,38.42857142857143,0.1744272686107421,18.0,28.0
68,Curry Diner,Kochi,Mughlai,12,3195.15,3.8,0.08333333333333333,0.2222222222222222,35.36363636363637,0.17326415487905186,17.0,36.0
161,Royal Treats,Kolkata,North Indian,22,5526.5,4.5,0.2727272727272727,0.23076923076923078,37.27272727272727,0.17238062803943693,24.0,28.0
928,TASTY HUB,Jaipur,Biryani,15,5018.0,3.8,0.13333333333333333,0.16666666666666666,42.13333333333333,0.17226356285854053,19.0,27.0
13,Blue Hub,Indore,South Indian,19,4669.450000000001,4.7,0.21052631578947367,0.36363636363636365,41.1578947368421,0.1714016024752424,15.0,27.0
917,Golden Kitchen,Kolkata,Sushi,15,4340.3,4.3,0.2,0.25,38.2,0.17046079901548494,25.0,27.0
626,Spicy Cafe,Nagpur,North Indian,15,5756.95,4.0,0.13333333333333333,0.23076923076923078,37.6,0.16914604190192045,17.0,21.0
391,Green Kitchen,Delhi,Unknown,24,6423.549999999999,4.2,0.2916666666666667,0.11764705882352941,35.666666666666664,0.16619939128992367,22.0,37.0
281,Golden Diner,Surat,Sushi,16,4028.15,4.1,0.125,0.2727272727272727,39.6875,0.16608923738706438,16.0,38.0
290,Golden Corner,Guwahati,Healthy Food,17,3545.95,4.7,0.29411764705882354,0.2727272727272727,38.0,0.16466322989582116,14.0,32.0
643,Urban Diner,Chandigarh,Biryani,14,3051.0,3.8,0.2857142857142857,0.0,29.928571428571427,0.16241220411846136,19.0,32.0
1078,Green House,Chennai,Thai,18,4925.85,3.8,0.16666666666666666,0.13333333333333333,33.0,0.1620737918962702,19.0,27.0
1165,Green Treats,Mumbai,Fast Food,20,4595.05,4.2,0.25,0.16666666666666666,39.6,0.16003122560951924,22.0,30.0
593,Green Cafe,Chandigarh,Bakery,17,4065.85,4.9,0.35294117647058826,0.2727272727272727,36.35294117647059,0.15713685307278635,20.0,31.0
474,Urban Treats,Bengaluru,Mexican,19,2732.25,3.9,0.3157894736842105,0.0,29.842105263157894,0.1567404632578137,19.0,27.0
367,Green Hub,Patna,Sushi,19,3469.3500000000004,3.9,0.3157894736842105,0.0,38.8421052631579,0.1567404632578137,19.0,32.0
413,Royal Point,Indore,Healthy Food,14,3343.8999999999996,3.6,0.14285714285714285,0.1,40.57142857142857,0.15457539821923807,16.0,26.0
526,Grand Bites,Visakhapatnam,Fast Food,13,4368.8,4.3,0.23076923076923078,0.2222222222222222,31.923076923076923,0.15336343728413845,22.0,24.0
481,Golden Point,Kolkata,Sushi,17,5218.799999999999,3.4,0.17647058823529413,0.0,36.8235294117647,0.15328996007554713,26.0,26.0
409,Urban Diner,Bhopal,Bakery,20,3759.65,4.1,0.3,0.08333333333333333,38.55,0.14960165220355287,24.0,28.0
578,Spicy Treats,Hyderabad,South Indian,29,8045.599999999999,4.0,0.2413793103448276,0.11764705882352941,38.25,0.14916869431107393,19.0,31.0
875,Spicy Diner,Nashik,Bakery,17,5083.2,4.1,0.29411764705882354,0.09090909090909091,30.294117647058822,0.14704588091825838,18.0,25.0
325,Curry Treats,Kolkata,Desserts,22,6720.65,3.3,0.045454545454545456,0.11764705882352941,37.86363636363637,0.14686477768562706,27.0,25.0
889,The Cafe,Coimbatore,Unknown,22,5785.6,3.9,0.18181818181818182,0.15384615384615385,35.90909090909091,0.14659368104119966,22.0,26.0
1088,Spicy Kitchen,Chandigarh,Pizza,17,3784.8,3.6,0.23529411764705882,0.0,31.88235294117647,0.14576358325251249,21.0,30.0
1116,Spicy Point,Surat,South Indian,15,3671.4,4.0,0.26666666666666666,0.09090909090909091,31.666666666666668,0.14516823653567987,17.0,37.0
316,Golden Hub,Bhubaneswar,North Indian,19,5202.45,4.0,0.21052631578947367,0.15384615384615385,38.89473684210526,0.14485471492421453,24.0,28.0
953,Tasty Diner,Indore,Fast Food,14,4738.9,3.9,0.14285714285714285,0.2,33.42857142857143,0.1400101491069193,17.0,25.0
8,Green Diner,Mumbai,Desserts,20,5799.500000000001,4.4,0.3,0.18181818181818182,34.3,0.13893205702475137,23.0,29.0
423,Grand Corner,Surat,BBQ,16,4246.75,4.5,0.3125,0.2,37.5625,0.13707320426011427,18.0,36.0
135,Golden Hub,Bengaluru,Thai,25,7375.35,3.5,0.04,0.19047619047619047,36.125,0.1370018744024819,20.0,26.0
200,Golden Bites,Chennai,Healthy Food,17,2773.2000000000003,4.4,0.35294117647058826,0.125,35.470588235294116,0.1327165940910262,20.0,26.0
855,The Corner,Chennai,Biryani,19,3728.05,4.0,0.2631578947368421,0.1,34.22222222222222,0.13188843477664713,21.0,25.0
522,The Point,Kochi,Bakery,20,4111.25,3.9,0.25,0.08333333333333333,33.1,0.1317442814531548,18.0,35.0
128,Tasty Hub,Lucknow,Mughlai,23,4771.85,4.2,0.21739130434782608,0.21428571428571427,36.65217391304348,0.1314058896008147,24.0,23.0
1073,Tasty House,Bhopal,Mexican,17,4184.15,4.0,0.35294117647058826,0.0,36.64705882352941,0.1307108296064427,25.0,27.0
836,Golden Point,Patna,Seafood,16,4295.45,3.7,0.1875,0.09090909090909091,36.6875,0.13036895009753713,20.0,31.0
369,Urban Corner,Pune,Biryani,10,2214.65,4.8,0.4,0.2,33.5,0.12789895132334783,22.0,35.0
1131,Grand Bites,Raipur,Unknown,15,5973.599999999999,3.7,0.13333333333333333,0.15384615384615385,36.733333333333334,0.12437748494990906,22.0,30.0
318,The House,Chandigarh,Biryani,22,5515.450000000001,3.9,0.13636363636363635,0.21428571428571427,36.59090909090909,0.12196037776615928,22.0,29.0
906,Green Treats,Indore,Street Food,10,2120.3,3.8,0.3,0.0,32.22222222222222,0.12131470804718875,18.0,24.0
761,Tasty House,Ahmedabad,Pizza,14,3832.5,4.1,0.2857142857142857,0.1111111111111111,37.714285714285715,0.11927882616035401,18.0,36.0
191,Curry Treats,Vadodara,Mughlai,21,5594.1500000000015,4.2,0.2857142857142857,0.14285714285714285,34.857142857142854,0.11850490438659896,21.0,20.0
803,Royal Bites,Guwahati,Seafood,18,5827.299999999999,3.3,0.05555555555555555,0.11764705882352941,37.27777777777778,0.1178059420796768,15.0,31.0
518,Blue Diner,Surat,Pizza,15,5661.25,3.2,0.13333333333333333,0.0,31.866666666666667,0.1156896745458123,19.0,35.0
411,Blue Point,Lucknow,Continental,20,7831.999999999998,3.4,0.05,0.15789473684210525,38.1578947368421,0.11115552853881179,25.0,22.0
980,Golden House,Chennai,Fast Food,14,3933.4000000000005,3.8,0.21428571428571427,0.1,37.42857142857143,0.1107865248627272,22.0,24.0
172,Green Diner,Nashik,Burgers,15,4838.85,3.2,0.06666666666666667,0.07692307692307693,32.266666666666666,0.10969863599731747,19.0,24.0
806,Curry Treats,Visakhapatnam,Continental,22,4509.1,4.0,0.18181818181818182,0.2,38.54545454545455,0.10877537241246565,23.0,23.0
86,Spicy Grill,Delhi,North Indian,13,2632.5,3.9,0.15384615384615385,0.2,38.61538461538461,0.1083966905905557,23.0,36.0
1135,The Treats,Delhi,Mexican,16,5278.05,3.7,0.1875,0.1,34.6875,0.1069950264964374,24.0,35.0
869,Golden Point,Chennai,BBQ,19,5585.949999999999,3.5,0.15789473684210525,0.07142857142857142,36.05263157894737,0.10392647528533835,23.0,23.0
796,The Treats,Nashik,Sushi,23,7306.900000000001,4.2,0.2608695652173913,0.17647058823529413,36.73913043478261,0.10355421913125662,20.0,23.0
304,Golden Grill,Coimbatore,Sushi,26,8997.100000000002,3.4,0.038461538461538464,0.17391304347826086,37.2,0.10316448567241959,23.0,25.0
103,Grand Treats,Patna,BBQ,13,2703.4500000000003,4.2,0.3076923076923077,0.125,36.76923076923077,0.10119105157031767,21.0,30.0
949,Urban Kitchen,Kochi,Burgers,18,5128.05,3.3,0.16666666666666666,0.0,31.72222222222222,0.10064482054610219,19.0,34.0
929,Blue Corner,Mumbai,Burgers,19,8148.65,3.6,0.05263157894736842,0.2222222222222222,38.68421052631579,0.09988911399728553,24.0,28.0
343,The Grill,Ludhiana,North Indian,24,7939.150000000001,3.8,0.20833333333333334,0.1111111111111111,35.375,0.09934235271330216,21.0,26.0
265,Grand Cafe,Raipur,South Indian,13,2147.45,3.8,0.3076923076923077,0.0,29.916666666666668,0.09918528708573415,23.0,29.0
314,Curry Point,Jaipur,Street Food,17,4773.2,4.2,0.17647058823529413,0.2727272727272727,39.1764705882353,0.09886668004196453,20.0,26.0
1195,Tasty Cafe,Raipur,South Indian,10,2513.6,4.3,0.3,0.16666666666666666,30.4,0.09703929285999102,24.0,28.0
234,Blue Corner,Patna,Seafood,16,4161.35,3.5,0.0625,0.18181818181818182,38.875,0.09453419771032248,22.0,29.0
1033,Blue House,Kolkata,Continental,15,4413.0,3.7,0.2,0.09090909090909091,37.214285714285715,0.09440864103517356,28.0,24.0
382,Tasty Hub,Kochi,Sushi,16,3940.5499999999997,3.9,0.0625,0.3076923076923077,40.75,0.09429246954095372,20.0,33.0
874,Urban Kitchen,Guwahati,Mexican,20,4688.450000000001,3.9,0.2,0.15384615384615385,34.2,0.09428777695048904,16.0,30.0
961,Spicy Diner,Indore,Pizza,22,4108.0,3.6,0.09090909090909091,0.18181818181818182,37.18181818181818,0.09365552606851346,19.0,23.0
738,Blue Diner,Surat,BBQ,17,4598.05,3.8,0.23529411764705882,0.08333333333333333,33.88235294117647,0.09320122390895036,20.0,34.0
861,Grand Diner,Patna,Street Food,13,3702.3000000000006,3.6,0.07692307692307693,0.2,33.61538461538461,0.08714298970532211,23.0,28.0
576,The House,Ludhiana,Healthy Food,21,5307.1,4.1,0.19047619047619047,0.23076923076923078,35.61904761904762,0.08560536111675593,22.0,25.0
627,Golden Cafe,Surat,Sushi,14,2720.8,4.1,0.2857142857142857,0.125,36.285714285714285,0.08356866510311826,21.0,33.0
395,Royal Grill,Bhubaneswar,Pizza,20,4884.150000000001,3.9,0.15,0.21428571428571427,39.9,0.08273094969812628,25.0,27.0
41,The Bites,Guwahati,Healthy Food,17,3451.4500000000003,4.1,0.23529411764705882,0.18181818181818182,38.88235294117647,0.08253162873014816,17.0,29.0
272,Royal Diner,Jaipur,Street Food,14,3129.8,3.7,0.2857142857142857,0.0,35.714285714285715,0.08156290061853538,21.0,25.0
1049,Tasty Kitchen,Patna,Chinese,17,4283.000000000001,3.6,0.17647058823529413,0.09090909090909091,32.94117647058823,0.08124933106440216,24.0,27.0
365,Tasty Corner,Patna,Burgers,15,3158.5,4.9,0.4,0.25,36.93333333333333,0.0801916750172258,25.0,26.0
667,Blue Grill,Pune,Fast Food,18,5285.150000000001,4.0,0.2222222222222222,0.16666666666666666,35.666666666666664,0.07824441652603017,23.0,34.0
23,Royal House,Delhi,Desserts,16,4903.6,4.1,0.125,0.3076923076923077,42.0625,0.07618953122898825,25.0,34.0
434,Grand Point,Patna,Mexican,10,2325.3500000000004,4.1,0.4,0.0,32.8,0.07618014604805873,26.0,25.0
713,The Point,Vadodara,Mughlai,10,2078.75,4.1,0.4,0.0,34.1,0.07618014604805873,22.0,19.0
273,Green Treats,Surat,Biryani,15,2068.2000000000003,4.1,0.4,0.0,34.86666666666667,0.07618014604805873,22.0,32.0
381,Green Cafe,Bengaluru,Fast Food,15,3866.6,4.1,0.4,0.0,31.733333333333334,0.07618014604805873,21.0,25.0
685,Spicy Point,Ahmedabad,Continental,15,2399.75,4.1,0.4,0.0,35.2,0.07618014604805873,19.0,35.0
692,The Hub,Kochi,Italian,11,2283.15,4.5,0.36363636363636365,0.16666666666666666,31.545454545454547,0.07566723554235641,21.0,32.0
561,Grand Point,Raipur,South Indian,18,4568.300000000001,4.2,0.2222222222222222,0.23076923076923078,39.94444444444444,0.07512689556941005,25.0,27.0
930,Blue Grill,Nagpur,Biryani,18,5382.599999999999,4.2,0.2222222222222222,0.23076923076923078,36.111111111111114,0.07512689556941005,18.0,20.0
660,Urban Kitchen,Lucknow,Fast Food,13,2748.65,4.3,0.3076923076923077,0.16666666666666666,31.692307692307693,0.07490987189853646,26.0,21.0
121,Grand Kitchen,Bengaluru,BBQ,19,5170.5,4.1,0.2631578947368421,0.15384615384615385,38.31578947368421,0.07429219079313605,22.0,24.0
1085,Curry Cafe,Lucknow,Pizza,17,4891.400000000001,3.3,0.17647058823529413,0.0,33.88235294117647,0.07244065657562088,27.0,20.0
146,Golden Bites,Jaipur,North Indian,21,5568.75,3.4,0.047619047619047616,0.17647058823529413,34.76190476190476,0.0702441527754816,22.0,24.0
608,Green House,Kolkata,Desserts,21,5865.699999999999,3.8,0.19047619047619047,0.14285714285714285,34.25,0.06909099752871133,29.0,23.0
1108,Golden Treats,Bhopal,Bakery,27,6740.8,3.7,0.18518518518518517,0.11764705882352941,36.76923076923077,0.06828143246968585,26.0,26.0
324,Green Point,Jaipur,Pizza,27,8317.65,3.6,0.07407407407407407,0.21052631578947367,36.0,0.06827452842583503,23.0,23.0
684,curry treats,Kochi,Seafood,15,4502.75,3.9,0.2,0.16666666666666666,38.53333333333333,0.06132455135919456,22.0,31.0
447,Royal Bites,Bengaluru,Fast Food,15,5212.25,4.0,0.13333333333333333,0.2727272727272727,39.2,0.06126639451222937,23.0,23.0
665,Curry Bites,Indore,BBQ,11,3582.2,4.1,0.18181818181818182,0.25,39.54545454545455,0.061068096106343006,20.0,22.0
854,curry hub,Patna,Pizza,13,2755.1000000000004,4.3,0.46153846153846156,0.0,34.53846153846154,0.06084338535627537,27.0,24.0
177,Royal Hub,Bengaluru,North Indian,12,2881.5999999999995,4.0,0.25,0.14285714285714285,31.666666666666668,0.05955003756492794,24.0,22.0
1124,Spicy Bites,Indore,Desserts,17,4907.25,3.7,0.29411764705882354,0.0,36.705882352941174,0.05738790292955148,21.0,21.0
55,Tasty Point,Nashik,Italian,21,4296.900000000001,3.5,0.23809523809523808,0.0,31.904761904761905,0.05685594718959158,21.0,22.0
821,Blue Cafe,Coimbatore,Continental,10,2818.1500000000005,4.2,0.1,0.375,41.6,0.0559025184993458,24.0,24.0
873,Grand Bites,Bengaluru,Desserts,31,9798.8,3.6,0.1935483870967742,0.08333333333333333,37.096774193548384,0.051597766718889077,25.0,21.0
514,Green Point,Chennai,Healthy Food,15,3628.5,4.3,0.26666666666666666,0.2222222222222222,35.46666666666667,0.0500928061306842,24.0,22.0
1149,Tasty Treats,Pune,Seafood,18,4988.650000000001,3.7,0.2222222222222222,0.08333333333333333,34.94444444444444,0.04995747236966605,24.0,33.0
1095,Grand Diner,Guwahati,Continental,13,1508.75,4.1,0.23076923076923078,0.2,40.07692307692308,0.04880108797586302,18.0,28.0
351,Curry Diner,Hyderabad,Pizza,14,2941.45,3.5,0.14285714285714285,0.1111111111111111,38.42857142857143,0.04515796587352322,20.0,30.0
448,Urban Point,Surat,North Indian,20,7259.15,3.7,0.1,0.2222222222222222,37.4,0.044467772629307845,23.0,31.0
1177,The Cafe,Chennai,South Indian,15,3779.65,3.6,0.13333333333333333,0.15384615384615385,37.733333333333334,0.04352818144998276,25.0,21.0
107,Golden Kitchen,Vadodara,Seafood,7,1507.45,4.2,0.14285714285714285,0.3333333333333333,46.333333333333336,0.03974051345723523,23.0,18.0
838,blue grill,Kochi,North Indian,14,3411.7499999999995,3.9,0.35714285714285715,0.0,29.857142857142858,0.037774027262024445,23.0,30.0
871,Tasty Grill,Indore,Healthy Food,14,2753.0,3.9,0.35714285714285715,0.0,33.642857142857146,0.037774027262024445,22.0,20.0
17,Grand Point,Lucknow,Fast Food,21,4303.65,4.1,0.2857142857142857,0.14285714285714285,36.38095238095238,0.037655600886672344,28.0,19.0
733,Golden Grill,Raipur,Thai,20,5944.3,4.2,0.25,0.21428571428571427,39.0,0.03759638769899673,26.0,26.0
792,Grand Grill,Chennai,Mughlai,18,5258.499999999999,4.1,0.2222222222222222,0.21428571428571427,39.55555555555556,0.03665888211543361,26.0,20.0
570,Urban Treats,Bengaluru,Fast Food,19,5848.85,3.0,0.10526315789473684,0.0,34.578947368421055,0.03474404228249539,26.0,20.0
180,Golden Cafe,Guwahati,Mughlai,15,3919.3500000000004,4.4,0.4,0.1111111111111111,33.46666666666667,0.03304676808995208,19.0,27.0
294,The Diner,Nagpur,Street Food,18,4883.7,4.1,0.2777777777777778,0.15384615384615385,37.0,0.03223334978452362,19.0,19.0
312,Blue Bites,Bhubaneswar,Mexican,18,5365.95,4.1,0.2777777777777778,0.15384615384615385,36.111111111111114,0.03223334978452362,26.0,26.0
81,Royal Corner,Indore,Chinese,11,2818.9,3.4,0.09090909090909091,0.14285714285714285,29.0,0.03213087735908844,23.0,19.0
275,Blue Point,Ludhiana,Desserts,20,4342.05,3.8,0.25,0.09090909090909091,33.1,0.03141670828564533,23.0,24.0
241,The Diner,Raipur,Fast Food,18,3628.75,3.7,0.2222222222222222,0.09090909090909091,39.0,0.030479202702082875,27.0,25.0
2,Curry Treats,Surat,Burgers,18,4216.3,3.7,0.2222222222222222,0.09090909090909091,37.0,0.030479202702082875,24.0,30.0
788,Tasty Bites,Bengaluru,Bakery,18,5372.150000000001,3.9,0.2222222222222222,0.15384615384615385,39.22222222222222,0.03035833861739834,27.0,19.0
425,blue house,Visakhapatnam,Healthy Food,22,6129.8,3.9,0.13636363636363635,0.25,41.81818181818182,0.03013424933326736,24.0,22.0
1141,Curry Diner,Ludhiana,Desserts,14,4273.35,3.7,0.21428571428571427,0.1,35.214285714285715,0.029937221362801247,24.0,23.0
992,Green House,Delhi,Burgers,18,5702.9,3.7,0.16666666666666666,0.15384615384615385,38.05555555555556,0.028483327450272974,26.0,33.0
40,The Point,Pune,Desserts,15,3936.8,4.2,0.26666666666666666,0.2,35.4,0.026379760322335355,25.0,32.0
556,Green Hub,Indore,Pizza,12,3583.6499999999996,3.8,0.3333333333333333,0.0,34.583333333333336,0.025420550547552656,24.0,18.0
133,Curry Cafe,Ahmedabad,Chinese,18,4574.45,3.8,0.1111111111111111,0.25,39.833333333333336,0.02193203484821693,20.0,34.0
1112,Urban House,Ahmedabad,North Indian,22,6858.949999999999,4.0,0.2727272727272727,0.13333333333333333,35.68181818181818,0.018654625033644207,21.0,33.0
1014,Urban Corner,Hyderabad,Thai,13,3322.0,3.7,0.3076923076923077,0.0,34.69230769230769,0.01833598358580818,21.0,29.0
466,Golden Bites,Kochi,North Indian,19,6094.25,4.2,0.21052631578947367,0.26666666666666666,43.78947368421053,0.01647693672067524,24.0,29.0
898,Spicy Bites,Hyderabad,Continental,16,3372.7,4.4,0.25,0.2857142857142857,32.6875,0.015642737833065523,22.0,28.0
271,Royal Cafe,Raipur,Fast Food,14,3217.6499999999996,4.0,0.21428571428571427,0.2,36.857142857142854,0.01537197225048248,28.0,24.0
1172,Golden Diner,Mumbai,South Indian,21,7401.3,4.0,0.09523809523809523,0.3333333333333333,43.95238095238095,0.015033560028291426,25.0,27.0
339,Golden House,Hyderabad,Sushi,17,2691.15,4.1,0.29411764705882354,0.14285714285714285,29.647058823529413,0.013480603197688387,23.0,27.0
547,Grand Grill,Guwahati,Bakery,23,7103.15,3.9,0.13043478260869565,0.2631578947368421,37.30434782608695,0.013359843509996583,20.0,26.0
292,Blue Treats,Surat,BBQ,19,4847.950000000001,3.8,0.2631578947368421,0.08333333333333333,33.8421052631579,0.01304202104547747,25.0,29.0
726,Curry Point,Ahmedabad,Mexican,21,5900.349999999999,3.9,0.23809523809523808,0.14285714285714285,37.0,0.01294864745772887,22.0,32.0
184,Urban Treats,Kolkata,Thai,15,3049.8,4.5,0.26666666666666666,0.3,41.06666666666667,0.011814511210016698,30.0,22.0
156,Curry Diner,Bhopal,Street Food,14,2874.05,3.9,0.14285714285714285,0.25,36.0,0.011453569300870686,27.0,25.0
848,Tasty Diner,Coimbatore,Fast Food,31,7648.95,3.9,0.22580645161290322,0.15789473684210525,36.46666666666667,0.0096376992258459,25.0,23.0
676,The Point,Nashik,Continental,12,3846.3,4.6,0.16666666666666666,0.4444444444444444,40.0,0.00896061221359934,22.0,21.0
786,The Hub,Mumbai,Mughlai,11,2097.8,4.2,0.2727272727272727,0.2,38.72727272727273,0.008944458958765195,26.0,26.0
830,Curry Corner,Lucknow,Sushi,19,5799.8,4.0,0.15789473684210525,0.26666666666666666,41.0,0.006190157351827097,29.0,18.0
737,Blue Diner,Nashik,North Indian,15,2689.0499999999997,3.3,0.2,0.0,38.53333333333333,0.004750663046465986,23.0,20.0
426,Grand Bites,Pune,Sushi,14,2416.15,4.0,0.2857142857142857,0.125,34.42857142857143,0.002719361603192319,26.0,31.0
141,Blue Kitchen,Raipur,Continental,14,3533.7,3.8,0.14285714285714285,0.2222222222222222,42.357142857142854,0.002024587915415904,29.0,23.0
1061,Blue Hub,Chandigarh,Bakery,21,4703.2,3.6,0.2857142857142857,0.0,34.76190476190476,0.0007135971186091328,23.0,28.0
1200,Spicy Grill,Chandigarh,Street Food,23,5996.200000000001,4.8,0.30434782608695654,0.35714285714285715,38.52173913043478,-0.0009614748693771435,24.0,27.0
421,Royal Cafe,Raipur,Chinese,13,3054.85,3.4,0.23076923076923078,0.0,32.92307692307692,-0.0029177172994257483,30.0,22.0
954,Curry Grill,Kochi,Street Food,17,5304.65,3.7,0.23529411764705882,0.09090909090909091,41.875,-0.0071263492585587895,25.0,28.0
727,Golden Point,Nashik,North Indian,18,5105.05,4.5,0.2222222222222222,0.35714285714285715,40.0,-0.007248417616428915,24.0,19.0
938,BLUE POINT,Bengaluru,Sushi,14,4009.8999999999996,4.2,0.21428571428571427,0.2727272727272727,37.642857142857146,-0.009920809558462917,28.0,18.0
805,Golden Cafe,Hyderabad,Italian,6,2765.8,3.1,0.0,0.16666666666666666,39.5,-0.010104931642398195,24.0,26.0
279,Spicy House,Indore,Thai,13,1417.9999999999998,4.3,0.3076923076923077,0.2,32.84615384615385,-0.010794514638829356,25.0,17.0
662,Grand Hub,Bhopal,Fast Food,17,5563.8,4.2,0.23529411764705882,0.25,36.76470588235294,-0.011923494778173366,28.0,24.0
326,Spicy Kitchen,Bhopal,Street Food,20,4047.4,3.9,0.3,0.08333333333333333,36.35,-0.01209695479629938,29.0,23.0
116,Curry Corner,Vadodara,Street Food,16,3625.7,3.9,0.375,0.0,36.375,-0.013597842827066275,24.0,17.0
12,Spicy Kitchen,Mumbai,Seafood,14,4200.05,4.6,0.21428571428571427,0.4,40.57142857142857,-0.013758525974155056,27.0,25.0
820,Spicy Corner,Bhubaneswar,Mexican,22,5449.150000000001,3.6,0.22727272727272727,0.07142857142857142,35.45454545454545,-0.014812539455604845,27.0,25.0
614,Blue Point,Patna,Desserts,17,6455.650000000001,3.0,0.058823529411764705,0.07142857142857142,33.470588235294116,-0.015309543144166882,28.0,23.0
1192,Curry Bites,Hyderabad,Chinese,13,4302.9,3.4,0.15384615384615385,0.09090909090909091,34.46153846153846,-0.015362743695878367,25.0,25.0
542,The Diner,Lucknow,Thai,28,7105.400000000001,3.5,0.17857142857142858,0.09523809523809523,33.17857142857143,-0.016774161667817533,30.0,17.0
398,Blue House,Ahmedabad,North Indian,15,2820.45,4.2,0.3333333333333333,0.14285714285714285,31.266666666666666,-0.018486749184309745,23.0,31.0
724,Golden Diner,Mumbai,BBQ,24,6137.6,4.2,0.3333333333333333,0.14285714285714285,36.375,-0.018486749184309745,28.0,24.0
433,Urban Grill,Delhi,Sushi,14,4346.25,3.9,0.21428571428571427,0.18181818181818182,37.142857142857146,-0.01872948404724431,27.0,32.0
652,Urban Point,Hyderabad,Chinese,16,4521.45,3.8,0.1875,0.18181818181818182,38.25,-0.02252098241353445,26.0,24.0
1050,Tasty Corner,Chandigarh,Mexican,17,3699.45,3.6,0.29411764705882354,0.0,36.588235294117645,-0.02346140057037488,25.0,26.0
899,Green Diner,Delhi,Continental,13,3162.8,4.0,0.3076923076923077,0.1111111111111111,34.30769230769231,-0.024797394372299136,28.0,31.0
798,Blue Corner,Visakhapatnam,Seafood,20,3380.8,3.9,0.3,0.09090909090909091,36.8,-0.031575224463882556,25.0,21.0
202,Green Hub,Kochi,Desserts,21,5203.2,3.9,0.19047619047619047,0.21428571428571427,35.42857142857143,-0.03371195583714616,26.0,27.0
203,The Grill,Chandigarh,Desserts,17,4190.85,3.9,0.23529411764705882,0.16666666666666666,35.0,-0.04021043893453778,26.0,25.0
845,Urban Point,Jaipur,Healthy Food,19,4960.0999999999985,3.9,0.3157894736842105,0.07692307692307693,37.473684210526315,-0.04103889028995347,24.0,22.0
1150,Curry Treats,Delhi,Continental,23,6938.299999999999,4.1,0.21739130434782608,0.25,42.17391304347826,-0.041269542332003833,29.0,30.0
385,GRAND CAFE,Kochi,Mexican,12,4226.3,4.1,0.08333333333333333,0.4,44.416666666666664,-0.04127799615378702,27.0,26.0
546,The House,Bengaluru,Thai,19,4099.35,4.2,0.2631578947368421,0.23076923076923078,39.0,-0.04263785925470451,29.0,17.0
508,Grand Corner,Mumbai,Fast Food,19,5608.9,3.3,0.10526315789473684,0.125,39.26315789473684,-0.04409949673284767,29.0,23.0
1139,The Hub,Ahmedabad,North Indian,16,3790.0,3.9,0.1875,0.2222222222222222,36.875,-0.0455557838073848,24.0,30.0
61,Urban Cafe,Delhi,Unknown,21,5366.849999999999,4.2,0.3333333333333333,0.15384615384615385,36.38095238095238,-0.04674094254827653,30.0,29.0
276,Tasty Cafe,Ludhiana,South Indian,17,4678.2,4.0,0.11764705882352941,0.3333333333333333,40.1764705882353,-0.04943310047566568,25.0,22.0
487,Urban House,Chandigarh,Seafood,19,6076.7,3.7,0.05263157894736842,0.3125,39.89473684210526,-0.051377629374820544,27.0,24.0
710,The Cafe,Ahmedabad,Mexican,13,3609.6,4.4,0.23076923076923078,0.3333333333333333,41.23076923076923,-0.05146854767382075,25.0,29.0
891,Golden Treats,Surat,Biryani,18,4121.549999999999,3.4,0.16666666666666666,0.09090909090909091,35.666666666666664,-0.05224511196496914,26.0,28.0
283,SPICY GRILL,Indore,Bakery,17,4255.599999999999,4.2,0.29411764705882354,0.2,32.705882352941174,-0.05259189879501208,26.0,16.0
284,Blue Bites,Ahmedabad,Mexican,13,3585.0499999999997,3.7,0.15384615384615385,0.2,37.07692307692308,-0.053301916409296546,26.0,28.0
498,Spicy Cafe,Nagpur,Burgers,12,3187.1,4.1,0.3333333333333333,0.125,30.583333333333332,-0.053422988467790436,20.0,18.0
991,Blue Diner,Jaipur,North Indian,8,1870.9,4.2,0.25,0.25,32.375,-0.05422974073389519,25.0,21.0
1176,Spicy Bites,Bengaluru,Burgers,15,5153.8,4.1,0.26666666666666666,0.2,35.8,-0.054469543177591256,30.0,16.0
963,Grand Hub,Jaipur,Mexican,16,4280.4,3.5,0.1875,0.1,36.5625,-0.0547035805034152,26.0,20.0
337,Golden Corner,Hyderabad,Street Food,18,4976.450000000001,3.7,0.3333333333333333,0.0,31.352941176470587,-0.05542875295237332,27.0,23.0
876,Urban Corner,Jaipur,Thai,14,4377.8,3.6,0.14285714285714285,0.18181818181818182,37.07142857142857,-0.055789914190659734,27.0,19.0
189,The Diner,Hyderabad,Bakery,24,5548.8,3.8,0.25,0.125,36.916666666666664,-0.05623550521847874,28.0,22.0
1074,Urban Cafe,Ahmedabad,South Indian,16,4594.05,4.2,0.375,0.1111111111111111,35.4375,-0.056731220785173314,27.0,27.0
148,Tasty Grill,Hyderabad,Burgers,13,3910.2,4.0,0.3076923076923077,0.125,38.15384615384615,-0.060507555429534884,29.0,21.0
1130,Curry Bites,Bengaluru,Healthy Food,11,2984.0,3.8,0.36363636363636365,0.0,41.72727272727273,-0.06175595627029851,31.0,15.0
366,Urban Point,Raipur,Unknown,17,4998.05,4.0,0.17647058823529413,0.2727272727272727,37.5625,-0.062831926957888,31.0,21.0
773,Urban Bites,Patna,Thai,17,4394.5,4.0,0.17647058823529413,0.2727272727272727,36.294117647058826,-0.062831926957888,29.0,22.0
678,Curry Corner,Pune,Desserts,14,4143.549999999999,3.9,0.21428571428571427,0.2,39.642857142857146,-0.06547733124944383,27.0,30.0
239,Green Corner,Nashik,Thai,13,2030.35,4.4,0.38461538461538464,0.16666666666666666,39.0,-0.06553503421608184,25.0,18.0
175,Tasty Bites,Kochi,Burgers,24,7148.900000000001,3.8,0.16666666666666666,0.2222222222222222,39.0,-0.06647123887003849,28.0,25.0
115,Curry Diner,Kochi,Continental,21,6313.6,4.3,0.19047619047619047,0.35294117647058826,41.42857142857143,-0.06681618163572761,29.0,24.0
787,Golden Hub,Guwahati,Street Food,11,2676.65,4.0,0.2727272727272727,0.16666666666666666,39.36363636363637,-0.06704976150372155,21.0,25.0
750,Tasty Bites,Coimbatore,Fast Food,21,6762.2,4.0,0.14285714285714285,0.3125,45.476190476190474,-0.06839285195676387,26.0,22.0
996,Blue Treats,Bhubaneswar,Unknown,24,6653.2,3.8,0.20833333333333334,0.17647058823529413,37.375,-0.06870546402663075,28.0,24.0
138,Green Hub,Hyderabad,Thai,16,4417.2,3.8,0.1875,0.2,39.5625,-0.06926882961573397,30.0,20.0
512,Royal Corner,Ahmedabad,Desserts,15,4615.25,3.6,0.06666666666666667,0.2727272727272727,37.0,-0.07034250448820314,28.0,26.0
232,Curry Treats,Kolkata,Healthy Food,22,6544.0,3.9,0.22727272727272727,0.1875,38.72727272727273,-0.07069954636272495,31.0,21.0
479,Urban Cafe,Mumbai,BBQ,23,6447.6,3.3,0.17391304347826086,0.058823529411764705,36.130434782608695,-0.07144477049801917,30.0,22.0
387,Curry House,Mumbai,Sushi,10,3623.95,4.0,0.2,0.25,39.7,-0.07208711148429359,31.0,21.0
236,Curry Treats,Visakhapatnam,Unknown,18,6927.75,3.1,0.1111111111111111,0.06666666666666667,34.166666666666664,-0.07263896369575465,26.0,20.0
597,Blue Treats,Vadodara,Mughlai,17,5570.349999999999,3.7,0.11764705882352941,0.25,41.8235294117647,-0.07772004463202989,25.0,16.0
1007,Royal Hub,Delhi,Burgers,21,3829.4500000000003,4.1,0.38095238095238093,0.08333333333333333,33.904761904761905,-0.08328415886699198,31.0,28.0
334,Royal Corner,Guwahati,Healthy Food,16,4268.55,3.5,0.125,0.18181818181818182,38.3125,-0.08526734760149521,22.0,24.0
452,Tasty Hub,Chandigarh,Italian,18,4866.950000000001,3.8,0.16666666666666666,0.23076923076923078,35.411764705882355,-0.08844672259756824,28.0,23.0
1047,Royal Hub,Kochi,BBQ,10,2257.75,4.6,0.3,0.3333333333333333,36.333333333333336,-0.0889347293270592,30.0,23.0
766,The Cafe,Nashik,Seafood,16,4571.9,3.9,0.3125,0.1,33.5625,-0.09090945712734586,26.0,17.0
214,Urban Kitchen,Indore,Street Food,11,3597.1000000000004,3.5,0.09090909090909091,0.2222222222222222,39.90909090909091,-0.09107788232518946,27.0,15.0
594,Grand Grill,Raipur,Street Food,11,3553.75,3.5,0.09090909090909091,0.2222222222222222,39.54545454545455,-0.09107788232518946,32.0,20.0
431,Spicy Cafe,Delhi,Seafood,16,3453.9500000000003,3.8,0.375,0.0,32.5625,-0.09444714632699253,33.0,27.0
105,Royal Grill,Delhi,Unknown,16,3330.8,3.8,0.375,0.0,32.86666666666667,-0.09444714632699253,32.0,26.0
851,Green Cafe,Visakhapatnam,Burgers,21,5442.099999999999,3.8,0.23809523809523808,0.15384615384615385,38.04761904761905,-0.09615484940616421,27.0,19.0
577,Curry Point,Coimbatore,Chinese,13,3897.75,3.6,0.07692307692307693,0.2727272727272727,39.15384615384615,-0.09984839910347584,27.0,21.0
268,The House,Surat,Sushi,20,4779.4,3.7,0.2,0.16666666666666666,34.6,-0.10037405564065768,27.0,27.0
1191,Blue House,Kochi,Biryani,26,7683.45,3.8,0.15384615384615385,0.25,37.38461538461539,-0.1010091927154192,31.0,22.0
1194,CURRY KITCHEN,Visakhapatnam,Burgers,21,5870.8,3.7,0.2857142857142857,0.07142857142857142,38.333333333333336,-0.10208935624724841,28.0,18.0
706,SPICY CORNER,Kochi,Mexican,13,3174.0,3.4,0.15384615384615385,0.125,33.76923076923077,-0.10301495720000244,32.0,21.0
989,Golden Diner,Guwahati,South Indian,24,7353.15,3.4,0.16666666666666666,0.1111111111111111,35.625,-0.10418716441185746,23.0,23.0
120,Grand Treats,Lucknow,South Indian,21,4638.799999999999,4.0,0.2857142857142857,0.16666666666666666,33.714285714285715,-0.10441112156851487,31.0,16.0
549,Curry Grill,Visakhapatnam,Mughlai,16,4265.400000000001,4.4,0.25,0.3333333333333333,36.666666666666664,-0.10679210007745693,29.0,17.0
945,Spicy Treats,Coimbatore,Healthy Food,27,6375.85,3.9,0.2962962962962963,0.125,36.81481481481482,-0.10857253157915812,28.0,20.0
506,The Treats,Chennai,Burgers,18,5836.449999999999,3.7,0.2777777777777778,0.08333333333333333,37.5,-0.10986612346306096,27.0,19.0
1125,Golden Diner,Ludhiana,Seafood,9,3295.6499999999996,4.6,0.2222222222222222,0.42857142857142855,47.22222222222222,-0.11005137098228657,26.0,21.0
27,Urban Diner,Surat,Burgers,15,4425.3,3.4,0.0,0.3,42.733333333333334,-0.11037456729208278,28.0,26.0
1142,Spicy Grill,Pune,Mexican,17,2875.15,3.7,0.35294117647058826,0.0,36.125,-0.11183708089333583,28.0,29.0
584,Golden House,Kochi,South Indian,26,7810.099999999999,3.5,0.19230769230769232,0.11764705882352941,37.11538461538461,-0.11390737912410613,33.0,20.0
410,The Treats,Bengaluru,BBQ,21,5441.900000000001,3.8,0.19047619047619047,0.21428571428571427,36.714285714285715,-0.11456125933707245,32.0,14.0
58,Royal Cafe,Ludhiana,Mexican,15,2859.05,4.1,0.4666666666666667,0.0,37.733333333333334,-0.11560816895121356,27.0,20.0
101,Curry Treats,Lucknow,Sushi,15,3049.25,4.1,0.4666666666666667,0.0,30.5,-0.11560816895121356,32.0,15.0
26,Curry Bites,Bhopal,Mughlai,21,5584.450000000001,3.4,0.14285714285714285,0.14285714285714285,33.0,-0.11731456290008475,30.0,22.0
780,Tasty Cafe,Ahmedabad,Mughlai,10,2253.3,3.6,0.2,0.14285714285714285,37.7,-0.12000594018532272,29.0,25.0
695,Spicy Bites,Kolkata,Fast Food,19,2581.3,3.9,0.2631578947368421,0.16666666666666666,36.36842105263158,-0.12036964179801068,32.0,20.0
57,Green Bites,Bengaluru,North Indian,19,5800.8,3.8,0.3157894736842105,0.07692307692307693,36.68421052631579,-0.12188819378987978,33.0,13.0
132,The Corner,Bhopal,Bakery,12,4451.4,4.0,0.08333333333333333,0.4,40.166666666666664,-0.122127299653713,31.0,21.0
1062,Royal Diner,Bhopal,Thai,18,4862.25,3.8,0.2222222222222222,0.18181818181818182,35.94444444444444,-0.12241072980898873,32.0,20.0
993,The Treats,Guwahati,Seafood,20,5373.0,4.0,0.25,0.21428571428571427,38.3,-0.12410221930085584,24.0,22.0
394,Royal Point,Guwahati,Sushi,19,4903.15,3.2,0.10526315789473684,0.125,29.68421052631579,-0.12494880023277365,25.0,21.0
531,Royal Grill,Surat,Chinese,19,4886.65,4.4,0.21052631578947367,0.38461538461538464,46.10526315789474,-0.12508613171938188,29.0,25.0
249,Tasty Grill,Pune,Mughlai,9,1169.6999999999998,4.4,0.3333333333333333,0.25,32.888888888888886,-0.13226652748313283,29.0,28.0
1075,Golden Grill,Hyderabad,Healthy Food,13,2667.7500000000005,4.3,0.23076923076923078,0.3333333333333333,33.61538461538461,-0.1323178511737474,31.0,19.0
1005,Green House,Mumbai,Thai,12,3547.1,4.0,0.3333333333333333,0.125,40.416666666666664,-0.1342722919677164,32.0,20.0
108,Spicy Hub,Jaipur,Chinese,12,3321.5,4.0,0.3333333333333333,0.125,31.166666666666668,-0.1342722919677164,28.0,18.0
587,Spicy House,Bengaluru,Desserts,21,3645.8,4.3,0.38095238095238093,0.16666666666666666,37.95238095238095,-0.1358465182105538,34.0,12.0
560,Grand Kitchen,Delhi,Seafood,15,3416.85,3.6,0.3333333333333333,0.0,35.333333333333336,-0.13627805645229957,34.0,25.0
513,The Point,Chandigarh,Street Food,12,3357.2000000000003,3.6,0.3333333333333333,0.0,37.25,-0.13627805645229957,29.0,22.0
1040,Grand House,Patna,Biryani,21,5564.249999999999,4.0,0.19047619047619047,0.2857142857142857,41.04761904761905,-0.1365149092030037,30.0,21.0
250,Tasty Treats,Kochi,South Indian,14,3562.45,3.5,0.14285714285714285,0.18181818181818182,34.714285714285715,-0.136639217690586,34.0,19.0
217,The Treats,Bhubaneswar,Pizza,20,4114.35,4.1,0.4,0.08333333333333333,34.5,-0.13808082029535568,29.0,23.0
219,The Bites,Chandigarh,Seafood,16,4820.25,3.3,0.25,0.0,32.625,-0.13909057320298818,30.0,21.0
589,Green House,Coimbatore,South Indian,15,3974.4,3.7,0.2,0.18181818181818182,40.86666666666667,-0.139330594975824,29.0,19.0
35,Curry Cafe,Nagpur,Italian,15,4327.650000000001,3.7,0.2,0.18181818181818182,34.06666666666667,-0.139330594975824,21.0,17.0
736,Spicy Diner,Ahmedabad,Mughlai,15,3427.4500000000003,4.3,0.3333333333333333,0.2222222222222222,35.6,-0.14169550886858798,30.0,24.0
1099,Curry Cafe,Guwahati,Seafood,25,7365.0,3.8,0.28,0.125,33.4,-0.14254024696815132,26.0,20.0
358,Urban Point,Indore,Desserts,18,5975.9,2.8,0.0,0.125,36.55555555555556,-0.14552235897047,28.0,14.0
1133,Green Point,Chandigarh,South Indian,18,4927.900000000001,2.6,0.05555555555555555,0.0,36.388888888888886,-0.1456531122879275,31.0,20.0
109,Urban Point,Kolkata,South Indian,19,4165.7,4.0,0.3684210526315789,0.09090909090909091,30.72222222222222,-0.14756129688426198,33.0,19.0
691,Tasty Kitchen,Nashik,Fast Food,15,4206.7,3.4,0.2,0.09090909090909091,33.06666666666667,-0.14813926946460534,27.0,16.0
356,Grand Grill,Hyderabad,Sushi,22,6700.35,4.2,0.22727272727272727,0.3125,43.40909090909091,-0.14954308537806774,32.0,18.0
519,Grand Cafe,Chennai,Mexican,17,6147.95,3.6,0.058823529411764705,0.3125,41.1764705882353,-0.15004008906662977,28.0,18.0
1189,Grand Corner,Visakhapatnam,Unknown,18,3351.0,3.9,0.3333333333333333,0.1,34.666666666666664,-0.15084330556461836,30.0,16.0
386,Spicy Corner,Bhopal,BBQ,11,4058.85,4.1,0.18181818181818182,0.3333333333333333,45.54545454545455,-0.15319287023707134,33.0,19.0
419,Curry Treats,Delhi,Italian,16,3274.45,3.9,0.3125,0.125,36.1875,-0.1551877470303702,35.0,24.0
790,Urban Hub,Nagpur,Thai,17,4271.099999999999,4.3,0.29411764705882354,0.2727272727272727,40.5,-0.15873398410388406,22.0,16.0
374,The House,Bhopal,Continental,17,4298.3,3.8,0.23529411764705882,0.18181818181818182,34.23529411764706,-0.16001628176963037,34.0,18.0
988,Green Bites,Lucknow,Burgers,17,4917.700000000001,3.8,0.23529411764705882,0.18181818181818182,37.1764705882353,-0.16001628176963037,33.0,14.0
825,TASTY DINER,Surat,South Indian,20,4358.0,3.8,0.4,0.0,29.7,-0.1663677644517198,30.0,24.0
174,Urban Cafe,Visakhapatnam,Sushi,20,5208.450000000001,4.0,0.25,0.23076923076923078,38.15,-0.166483509346806,31.0,15.0
843,Spicy Kitchen,Kolkata,Pizza,13,4702.7,3.5,0.15384615384615385,0.18181818181818182,36.07692307692308,-0.16825267620694961,34.0,18.0
921,green house,Hyderabad,Italian,18,3931.3,3.8,0.2222222222222222,0.2,38.5,-0.16915857701118825,33.0,17.0
257,Grand Hub,Raipur,South Indian,24,5503.450000000001,3.9,0.2916666666666667,0.15384615384615385,35.75,-0.16942115617351036,33.0,19.0
155,Urban House,Raipur,Italian,20,5389.5,3.9,0.15,0.3125,38.7,-0.16979090349232648,34.0,18.0
952,The Kitchen,Guwahati,Biryani,15,4189.95,3.4,0.2,0.1,31.0,-0.1715131930657051,27.0,19.0
681,Urban Corner,Ahmedabad,North Indian,14,4363.9,3.7,0.2857142857142857,0.1,36.5,-0.17555025899356194,31.0,23.0
785,Curry Hub,Pune,Pizza,21,5176.0,3.1,0.14285714285714285,0.07142857142857142,36.5,-0.17621021653407948,30.0,27.0
771,The Treats,Ludhiana,Bakery,15,4190.8,3.6,0.26666666666666666,0.09090909090909091,36.93333333333333,-0.17822897746402497,28.0,19.0
623,Blue Treats,Chandigarh,Sushi,16,2756.6,4.3,0.1875,0.4,36.625,-0.17924863134029745,32.0,19.0
1114,Royal Treats,Vadodara,Mexican,15,3316.6,3.9,0.3333333333333333,0.1111111111111111,34.6,-0.17941143441040694,26.0,15.0
725,Tasty Treats,Lucknow,Thai,12,2690.8500000000004,4.0,0.3333333333333333,0.14285714285714285,30.833333333333332,-0.18018535618416232,34.0,13.0
751,Golden Diner,Bhopal,South Indian,10,2499.0,3.6,0.2,0.16666666666666666,28.8,-0.181223359140584,35.0,17.0
1103,Royal Point,Mumbai,Seafood,18,6516.349999999999,3.6,0.1111111111111111,0.26666666666666666,37.72222222222222,-0.1826187654203182,33.0,19.0
883,Golden Point,Bhopal,Italian,19,4538.200000000001,3.9,0.21052631578947367,0.25,38.26315789473684,-0.1832187805104207,36.0,16.0
590,Green Diner,Chennai,Healthy Food,17,2972.3,3.4,0.29411764705882354,0.0,28.647058823529413,-0.18516000757022738,29.0,17.0
451,Blue Cafe,Pune,Mexican,26,5839.35,3.9,0.2692307692307692,0.1875,36.26923076923077,-0.19140547887974946,31.0,26.0
488,Golden Hub,Kolkata,Italian,18,4053.4,3.4,0.2222222222222222,0.08333333333333333,35.333333333333336,-0.19259043813011284,35.0,17.0
666,Golden Point,Hyderabad,Pizza,17,3178.85,3.6,0.35294117647058826,0.0,33.6875,-0.1926863843932622,34.0,16.0
56,Green Corner,Raipur,Burgers,17,3790.2,3.6,0.35294117647058826,0.0,30.41176470588235,-0.1926863843932622,35.0,17.0
195,Urban Bites,Jaipur,BBQ,23,6927.2,3.6,0.13043478260869565,0.25,41.91304347826087,-0.1953573880934534,29.0,17.0
1089,Curry Cafe,Vadodara,Desserts,17,5523.849999999999,3.7,0.17647058823529413,0.23076923076923078,44.11764705882353,-0.19750019006797548,27.0,14.0
1098,spicy hub,Kochi,South Indian,16,4985.650000000001,3.8,0.1875,0.25,41.13333333333333,-0.1978254094217826,35.0,18.0
602,Golden Cafe,Surat,Mexican,23,6043.75,4.4,0.2608695652173913,0.35714285714285715,34.04347826086956,-0.199279352999991,31.0,23.0
610,Green House,Mumbai,Italian,19,4276.349999999999,4.0,0.3684210526315789,0.1111111111111111,36.22222222222222,-0.1995033493311503,34.0,18.0
601,Spicy Kitchen,Lucknow,Street Food,15,3178.0000000000005,3.4,0.2,0.1111111111111111,31.466666666666665,-0.20008132191149366,35.0,12.0
196,Spicy Kitchen,Chennai,Street Food,14,2769.9500000000003,4.0,0.35714285714285715,0.125,37.214285714285715,-0.2027681187531709,30.0,16.0
1154,The Bites,Visakhapatnam,Continental,14,3584.0499999999997,3.8,0.21428571428571427,0.2222222222222222,39.785714285714285,-0.20346289244094723,32.0,14.0
687,Golden Point,Hyderabad,Seafood,21,6704.65,3.4,0.14285714285714285,0.17647058823529413,38.19047619047619,-0.203739154366336,35.0,15.0
1064,Grand Grill,Visakhapatnam,Thai,19,5313.599999999999,4.0,0.2631578947368421,0.23076923076923078,35.94736842105263,-0.20433646625455706,33.0,13.0
705,The Hub,Ludhiana,Fast Food,13,2694.7000000000003,3.5,0.23076923076923078,0.1111111111111111,36.30769230769231,-0.20774970225738534,29.0,18.0
1119,Blue Point,Patna,North Indian,21,6050.299999999999,3.2,0.19047619047619047,0.0625,34.904761904761905,-0.20939603449683902,31.0,20.0
722,Royal House,Mumbai,Healthy Food,11,2088.9,3.5,0.18181818181818182,0.16666666666666666,41.18181818181818,-0.20976675854979968,35.0,17.0
424,Royal Grill,Ahmedabad,Street Food,18,4404.849999999999,3.6,0.2777777777777778,0.09090909090909091,35.94444444444444,-0.2101936966305704,32.0,22.0
207,Grand Cafe,Mumbai,Biryani,20,3859.1,3.5,0.25,0.09090909090909091,33.2,-0.2111312022141332,36.0,16.0
301,Urban Diner,Ahmedabad,Seafood,8,1506.1,4.1,0.5,0.0,35.625,-0.2115023264508496,33.0,21.0
253,Urban Bites,Jaipur,Mexican,15,3274.8500000000004,3.9,0.3333333333333333,0.125,42.53333333333333,-0.2151215954676427,30.0,16.0
867,Royal Diner,Raipur,Street Food,18,5225.6,3.9,0.2222222222222222,0.25,36.44444444444444,-0.21686585331731056,36.0,16.0
347,Golden Bites,Guwahati,Mughlai,19,5010.6,3.7,0.3157894736842105,0.08333333333333333,40.10526315789474,-0.21921911008545297,28.0,18.0
936,Golden Diner,Patna,Chinese,21,4568.65,3.5,0.14285714285714285,0.21428571428571427,42.3,-0.22011751626594223,32.0,19.0
1161,green cafe,Bhubaneswar,Chinese,27,6820.5,2.7,0.1111111111111111,0.0,35.11538461538461,-0.224627404620728,30.0,22.0
654,Spicy House,Pune,Sushi,12,3430.5,3.9,0.25,0.2222222222222222,37.75,-0.2253573291192026,32.0,25.0
1197,Blue Kitchen,Mumbai,Pizza,19,4785.7,3.9,0.21052631578947367,0.26666666666666666,38.10526315789474,-0.2260709737791036,37.0,15.0
153,Urban House,Kolkata,Continental,15,4701.599999999999,4.1,0.13333333333333333,0.4166666666666667,40.333333333333336,-0.2279714256719242,36.0,16.0
900,Grand Treats,Nashik,Street Food,20,4874.5,4.1,0.3,0.23076923076923078,39.65,-0.22947544209633425,28.0,15.0
139,Urban Grill,Mumbai,South Indian,15,3970.7500000000005,3.6,0.26666666666666666,0.1111111111111111,30.666666666666668,-0.2301710299109133,38.0,14.0
1082,Golden Kitchen,Ludhiana,North Indian,15,4084.6499999999996,4.2,0.26666666666666666,0.3,43.53333333333333,-0.2307333992897619,30.0,17.0
641,Royal Point,Lucknow,Pizza,15,2927.0,3.4,0.2,0.125,35.214285714285715,-0.23579148296872943,36.0,11.0
811,Blue Treats,Kolkata,Seafood,16,3408.9,3.8,0.3125,0.125,33.0,-0.2360370505302965,37.0,15.0
1093,Royal Hub,Visakhapatnam,Seafood,15,4086.2,3.4,0.13333333333333333,0.2,34.4,-0.23683803767853012,34.0,12.0
807,Spicy Grill,Nagpur,Biryani,15,5292.25,3.4,0.13333333333333333,0.2,36.8,-0.23683803767853012,23.0,15.0
648,Grand Point,Pune,Continental,8,1887.95,3.7,0.25,0.16666666666666666,42.125,-0.2442152918901119,33.0,24.0
399,Golden Point,Guwahati,Burgers,16,4731.95,3.9,0.1875,0.3,40.1875,-0.24553268572790493,29.0,17.0
562,Curry Treats,Surat,Burgers,17,3814.3500000000004,3.4,0.23529411764705882,0.09090909090909091,36.25,-0.24967425975833765,32.0,22.0
346,Green Kitchen,Nashik,Pizza,23,6487.949999999999,4.0,0.34782608695652173,0.15384615384615385,37.65217391304348,-0.2501326615044927,29.0,14.0
728,URBAN KITCHEN,Delhi,BBQ,18,5940.099999999999,3.6,0.16666666666666666,0.23076923076923078,33.27777777777778,-0.25014532959742053,36.0,23.0
978,Green Cafe,Delhi,Chinese,15,4024.0,3.8,0.26666666666666666,0.18181818181818182,41.93333333333333,-0.25026960647517027,37.0,22.0
383,Golden Hub,Raipur,Bakery,13,2742.25,3.8,0.23076923076923078,0.2222222222222222,39.61538461538461,-0.25088308021549266,37.0,15.0
829,Grand Kitchen,Guwahati,Thai,23,5436.05,3.2,0.2608695652173913,0.0,34.73913043478261,-0.25120971067018677,30.0,16.0
445,Urban Diner,Patna,Fast Food,19,5275.650000000001,3.1,0.10526315789473684,0.14285714285714285,36.10526315789474,-0.25171116794914583,33.0,18.0
375,Curry Hub,Bengaluru,BBQ,20,5807.349999999999,3.4,0.15,0.1875,35.22222222222222,-0.252645971476836,35.0,11.0
995,Curry Corner,Nashik,Sushi,14,4383.85,4.7,0.2857142857142857,0.4444444444444444,48.214285714285715,-0.2526692182137458,30.0,13.0
261,Urban Kitchen,Kochi,Mughlai,11,2127.25,4.3,0.2727272727272727,0.3333333333333333,45.54545454545455,-0.25302378369077183,36.0,17.0
455,Grand Kitchen,Ahmedabad,Mexican,21,4967.900000000001,3.7,0.3333333333333333,0.07692307692307693,36.666666666666664,-0.2532081065001405,34.0,20.0
185,Curry Cafe,Ludhiana,Sushi,21,4982.35,3.6,0.23809523809523808,0.15384615384615385,37.142857142857146,-0.2578534564060165,31.0,16.0
237,Blue Point,Jaipur,Pizza,17,2377.9500000000003,3.1,0.23529411764705882,0.0,35.1764705882353,-0.2584829342471186,31.0,15.0
361,Grand Bites,Kochi,Biryani,12,3072.7999999999997,3.9,0.3333333333333333,0.14285714285714285,36.0,-0.2610346596840886,37.0,16.0
1129,Blue House,Indore,Desserts,15,3469.8999999999996,4.5,0.13333333333333333,0.5555555555555556,45.4,-0.26167582224457664,29.0,13.0
1079,Blue Point,Bhopal,Bakery,13,2581.6499999999996,3.9,0.46153846153846156,0.0,31.076923076923077,-0.2625538286434295,37.0,15.0
251,Green Hub,Mumbai,Chinese,11,3517.4,3.3,0.18181818181818182,0.125,38.09090909090909,-0.26433488237794506,39.0,13.0
1188,The Grill,Coimbatore,North Indian,25,5759.9,4.0,0.28,0.23529411764705882,37.583333333333336,-0.26442233071693544,30.0,18.0
994,Golden Corner,Bhubaneswar,Continental,25,6923.9,3.0,0.16,0.05555555555555555,33.48,-0.2655649026826921,31.0,21.0
167,Grand House,Mumbai,Italian,12,3516.5499999999997,3.8,0.16666666666666666,0.3,40.083333333333336,-0.2664481407905586,40.0,12.0
75,Urban Diner,Guwahati,Italian,25,6396.400000000001,3.7,0.24,0.1875,40.84,-0.26901228622607465,31.0,15.0
908,The Treats,Vadodara,Biryani,23,6044.4,3.6,0.2608695652173913,0.13333333333333333,32.26086956521739,-0.27063004281994507,28.0,13.0
885,Curry Point,Ludhiana,BBQ,17,5041.100000000001,3.4,0.11764705882352941,0.23076923076923078,38.411764705882355,-0.27082311674486703,32.0,15.0
354,Spicy Grill,Surat,Italian,27,9888.0,3.3,0.07407407407407407,0.25,40.96296296296296,-0.2757654187629296,33.0,21.0
646,Green Kitchen,Kolkata,Street Food,20,5662.5,3.8,0.2,0.26666666666666666,42.3,-0.27663791175282904,38.0,14.0
11,Urban Point,Jaipur,Bakery,23,5859.7,3.9,0.34782608695652173,0.13333333333333333,37.30434782608695,-0.2782408040583477,32.0,14.0
154,Urban Diner,Ludhiana,Sushi,17,2734.9,4.2,0.35294117647058826,0.2222222222222222,39.11764705882353,-0.2789531403094765,33.0,14.0
775,The Bites,Delhi,Desserts,23,5846.8,3.7,0.34782608695652173,0.07142857142857142,37.0,-0.2807741217745207,38.0,21.0
216,Green Kitchen,Indore,Street Food,15,3800.7500000000005,3.9,0.2,0.3,41.46666666666667,-0.2814929947902685,30.0,12.0
799,Green Treats,Kolkata,Biryani,25,5130.400000000001,3.6,0.32,0.07142857142857142,34.76,-0.28157265031822903,39.0,13.0
793,Curry Bites,Bhopal,Mughlai,16,2910.95,2.9,0.1875,0.0,35.0,-0.2826862418908754,38.0,14.0
959,Green Corner,Chandigarh,Sushi,15,4020.6,4.0,0.2,0.3333333333333333,40.266666666666666,-0.28634807782770794,33.0,18.0
80,Royal Treats,Mumbai,Healthy Food,13,3197.7,3.4,0.23076923076923078,0.1111111111111111,40.53846153846154,-0.2885990057573117,41.0,11.0
815,tasty grill,Raipur,Bakery,18,5909.8,3.5,0.16666666666666666,0.21428571428571427,40.666666666666664,-0.28861334305139663,38.0,14.0
404,Curry Grill,Ahmedabad,Desserts,21,5060.099999999999,3.6,0.23809523809523808,0.16666666666666666,31.476190476190474,-0.2908166819973109,35.0,19.0
924,Blue Diner,Bhubaneswar,Thai,18,3154.4500000000003,4.2,0.3333333333333333,0.25,36.529411764705884,-0.29396513448298545,32.0,20.0
882,Tasty Cafe,Surat,Healthy Food,12,3367.7,4.3,0.25,0.375,43.333333333333336,-0.2947718867490909,34.0,20.0
841,Golden Grill,Surat,North Indian,15,4003.2499999999995,3.8,0.26666666666666666,0.2,44.13333333333333,-0.2970174536773698,35.0,19.0
462,Urban Point,Pune,Biryani,15,4188.3,3.8,0.26666666666666666,0.2,36.2,-0.2970174536773698,34.0,23.0
884,Golden Hub,Mumbai,Seafood,18,4563.250000000001,3.4,0.3333333333333333,0.0,35.0,-0.2979766634521522,43.0,10.0
85,The House,Mumbai,North Indian,15,3927.35,3.4,0.3333333333333333,0.0,32.8,-0.2979766634521522,42.0,9.0
397,Royal Treats,Patna,Mughlai,16,2798.75,4.0,0.375,0.14285714285714285,35.9375,-0.30005305305870755,34.0,17.0
586,Blue Kitchen,Kochi,Italian,15,4366.2,3.5,0.2,0.18181818181818182,37.93333333333333,-0.3010292019756766,38.0,15.0
493,Spicy Bites,Bengaluru,Pizza,26,6332.049999999999,3.7,0.3076923076923077,0.125,38.15384615384615,-0.3030554659293135,36.0,10.0
582,Royal Cafe,Delhi,BBQ,13,2628.2,3.7,0.3076923076923077,0.125,36.15384615384615,-0.3030554659293135,39.0,20.0
1186,Tasty Kitchen,Chandigarh,Italian,21,5628.049999999999,3.9,0.23809523809523808,0.26666666666666666,37.04761904761905,-0.30538193110962975,34.0,17.0
443,Blue Treats,Surat,Chinese,19,4901.55,3.5,0.15789473684210525,0.23076923076923078,39.77777777777778,-0.30575932849217935,36.0,18.0
1016,The Hub,Patna,Biryani,28,7336.75,3.8,0.25,0.2222222222222222,41.7037037037037,-0.30620663261912884,35.0,16.0
460,Grand Kitchen,Raipur,Seafood,21,6235.9,3.9,0.2857142857142857,0.21428571428571427,40.666666666666664,-0.30769526297896366,39.0,13.0
406,Curry Grill,Coimbatore,Seafood,17,3097.4999999999995,3.6,0.29411764705882354,0.1111111111111111,39.05882352941177,-0.3091426890282608,31.0,17.0
244,Blue Bites,Patna,Mexican,22,4729.2,3.9,0.2727272727272727,0.23076923076923078,36.72727272727273,-0.3127151929601205,36.0,15.0
527,Grand Kitchen,Pune,BBQ,19,5195.349999999999,3.0,0.15789473684210525,0.07692307692307693,36.78947368421053,-0.3144471388962762,35.0,22.0
32,Urban Bites,Chennai,Pizza,23,6477.750000000001,3.7,0.30434782608695654,0.13333333333333333,35.34782608695652,-0.3148600751891094,31.0,15.0
1023,Curry Point,Raipur,Burgers,25,5295.750000000001,3.7,0.36,0.07142857142857142,33.28,-0.3157963358178661,40.0,12.0
545,GRAND CORNER,Chennai,Pizza,21,5079.6,4.5,0.38095238095238093,0.3,34.142857142857146,-0.31696545736016424,32.0,14.0
1100,Green Corner,Indore,Continental,22,3864.0,3.8,0.36363636363636365,0.1,33.90909090909091,-0.31886911588239586,31.0,11.0
540,Grand House,Coimbatore,North Indian,21,5256.799999999999,3.9,0.3333333333333333,0.16666666666666666,34.523809523809526,-0.32225207863934985,32.0,16.0
183,Grand Treats,Delhi,Healthy Food,15,4116.0,4.0,0.26666666666666666,0.2727272727272727,46.57142857142857,-0.32231023548631516,40.0,19.0
969,Golden Cafe,Chandigarh,Fast Food,13,4137.15,3.4,0.23076923076923078,0.125,34.84615384615385,-0.3243091668145474,35.0,16.0
277,Royal Kitchen,Ahmedabad,BBQ,16,2636.55,4.0,0.3125,0.2222222222222222,33.875,-0.324309570931094,36.0,18.0
530,Royal Bites,Pune,Street Food,20,5474.45,3.8,0.2,0.2857142857142857,40.2,-0.32561184691703804,36.0,21.0
98,Blue Grill,Delhi,Chinese,18,3822.0000000000005,4.0,0.3333333333333333,0.2,35.27777777777778,-0.3271071616767894,41.0,18.0
247,Grand House,Nashik,South Indian,16,5379.450000000001,3.6,0.125,0.3076923076923077,42.4375,-0.3280569862706425,31.0,12.0
762,The Hub,Surat,Healthy Food,14,3471.7,3.9,0.35714285714285715,0.14285714285714285,34.285714285714285,-0.32953048646954314,37.0,17.0
480,Grand House,Chennai,Mughlai,14,2682.2,3.9,0.35714285714285715,0.14285714285714285,37.38461538461539,-0.32953048646954314,33.0,13.0
181,Royal Corner,Guwahati,South Indian,18,4437.0,3.1,0.1111111111111111,0.16666666666666666,39.388888888888886,-0.3297521233078519,32.0,14.0
1039,Blue Hub,Bhubaneswar,South Indian,15,4704.0,3.2,0.06666666666666667,0.25,40.4,-0.3353049094851586,33.0,19.0
1045,Spicy Treats,Bhopal,Pizza,13,5446.0,3.5,0.07692307692307693,0.3333333333333333,43.76923076923077,-0.33652385994406714,39.0,13.0
1017,Urban Grill,Pune,South Indian,18,4535.75,3.2,0.2222222222222222,0.07692307692307693,36.833333333333336,-0.33780743233431787,37.0,20.0
482,Urban Treats,Visakhapatnam,Mughlai,22,4762.2,3.2,0.22727272727272727,0.07142857142857142,37.0,-0.3382097534553096,35.0,11.0
39,Curry Hub,Ahmedabad,Seafood,13,4478.450000000001,3.0,0.15384615384615385,0.09090909090909091,38.07692307692308,-0.3387599576955832,37.0,17.0
442,Grand Treats,Lucknow,Bakery,18,3980.95,3.5,0.2777777777777778,0.1111111111111111,34.294117647058826,-0.342985052577385,37.0,10.0
485,Grand Kitchen,Bhubaneswar,North Indian,11,3342.95,3.2,0.18181818181818182,0.125,38.4,-0.34518418587787103,34.0,18.0
756,Golden Treats,Kochi,Bakery,12,3277.9,3.7,0.16666666666666666,0.3,42.666666666666664,-0.3472974442904846,39.0,14.0
1066,Spicy Kitchen,Kolkata,Street Food,16,3722.8500000000004,3.9,0.3125,0.2,41.1875,-0.3480226167394432,40.0,12.0
1015,Curry Hub,Raipur,South Indian,17,6432.299999999999,3.3,0.11764705882352941,0.23076923076923078,36.94117647058823,-0.3516724202447933,41.0,11.0
205,Urban House,Chandigarh,Mughlai,17,5952.200000000001,3.2,0.11764705882352941,0.2,37.76470588235294,-0.3534099823256124,36.0,15.0
509,Tasty Cafe,Guwahati,Mughlai,13,2305.7000000000003,4.3,0.3076923076923077,0.3333333333333333,30.0,-0.3536120607882923,33.0,13.0
321,Curry Hub,Chennai,Fast Food,15,3477.05,3.8,0.26666666666666666,0.2222222222222222,36.86666666666667,-0.3541537113689469,34.0,12.0
1067,Spicy Diner,Chandigarh,Street Food,22,4532.25,3.6,0.4090909090909091,0.0,30.318181818181817,-0.35421932349692736,37.0,14.0
870,Spicy Bites,Bhubaneswar,Mughlai,10,2339.2,4.2,0.4,0.2,34.4,-0.3571968696762093,35.0,17.0
1037,Blue Diner,Indore,BBQ,18,4978.099999999999,4.1,0.3888888888888889,0.18181818181818182,35.666666666666664,-0.3593336068073909,32.0,10.0
360,Spicy Grill,Jaipur,Mughlai,16,4974.950000000001,3.6,0.1875,0.25,36.75,-0.35952401642163484,33.0,13.0
872,Curry Hub,Lucknow,Mughlai,23,6286.5,3.9,0.30434782608695654,0.21428571428571427,36.82608695652174,-0.3613006926371455,38.0,9.0
956,Royal Point,Bhopal,North Indian,17,1837.25,3.6,0.4117647058823529,0.0,28.88235294117647,-0.3619113682161494,40.0,12.0
333,Blue House,Mumbai,Fast Food,15,5634.75,3.4,0.13333333333333333,0.25,35.4,-0.36539461748457874,44.0,8.0
53,Urban Hub,Delhi,Desserts,7,1864.9,3.4,0.0,0.4,45.857142857142854,-0.36748772690418013,42.0,17.0
472,Royal Point,Bhubaneswar,Desserts,25,5019.0,4.0,0.32,0.23076923076923078,34.76,-0.36786124009604193,36.0,16.0
28,Golden Grill,Nashik,Mexican,17,3812.95,3.6,0.23529411764705882,0.2,33.470588235294116,-0.36846273597168216,32.0,11.0
937,Blue Grill,Hyderabad,Burgers,21,5363.400000000001,3.4,0.19047619047619047,0.1875,37.142857142857146,-0.3690888770121084,36.0,14.0
550,Spicy Diner,Chennai,Biryani,14,3015.35,4.2,0.2857142857142857,0.3333333333333333,42.42857142857143,-0.3712344472554911,35.0,11.0
293,Spicy Corner,Coimbatore,Italian,20,5261.7,3.5,0.25,0.15384615384615385,37.5,-0.37295067329867,33.0,15.0
122,Spicy House,Vadodara,Fast Food,14,2078.0,3.9,0.5,0.0,36.714285714285715,-0.3732009334507019,29.0,12.0
1128,Curry Point,Visakhapatnam,Seafood,19,4410.9,3.4,0.21052631578947367,0.16666666666666666,34.22222222222222,-0.3732043316666374,36.0,10.0
93,Blue Treats,Delhi,Street Food,12,3052.6000000000004,3.7,0.3333333333333333,0.125,34.833333333333336,-0.376820202467495,43.0,16.0
982,The Hub,Ahmedabad,Healthy Food,18,3640.9999999999995,3.3,0.3333333333333333,0.0,33.5,-0.37882596695207843,38.0,16.0
210,Blue Corner,Patna,Bakery,12,2083.75,3.3,0.3333333333333333,0.0,34.5,-0.37882596695207843,37.0,14.0
262,Golden Diner,Delhi,Biryani,12,2921.3999999999996,3.3,0.3333333333333333,0.0,29.5,-0.37882596695207843,44.0,15.0
621,Spicy Bites,Kochi,Desserts,15,3105.2000000000003,3.3,0.3333333333333333,0.0,34.733333333333334,-0.37882596695207843,40.0,13.0
827,Tasty Diner,Bhopal,Healthy Food,14,4741.7,3.2,0.14285714285714285,0.18181818181818182,38.07142857142857,-0.3791871281903646,41.0,11.0
157,Spicy Corner,Patna,Pizza,12,3544.7,3.5,0.16666666666666666,0.25,36.583333333333336,-0.3804394714842885,38.0,13.0
612,Royal House,Chandigarh,Burgers,11,2913.25,3.4,0.36363636363636365,0.0,29.454545454545453,-0.38515317027000334,38.0,13.0
169,The Corner,Raipur,South Indian,24,4254.599999999999,3.7,0.375,0.08333333333333333,40.416666666666664,-0.38955741617033296,42.0,10.0
43,curry hub,Chandigarh,Seafood,12,3216.9,3.4,0.16666666666666666,0.2222222222222222,40.916666666666664,-0.38986845286974336,39.0,12.0
741,Urban Grill,Coimbatore,Desserts,22,3876.6000000000004,3.6,0.2727272727272727,0.16666666666666666,37.59090909090909,-0.3904469755034264,34.0,14.0
657,Blue House,Kochi,Seafood,20,4393.849999999999,3.9,0.3,0.23076923076923078,42.5,-0.39117404909618647,41.0,12.0
777,Grand Grill,Jaipur,Mughlai,17,4927.200000000001,3.8,0.23529411764705882,0.2727272727272727,42.1764705882353,-0.39375551778062784,34.0,12.0
218,Green Grill,Guwahati,Bakery,20,5090.55,3.6,0.2,0.25,39.25,-0.3954843254839984,34.0,12.0
747,royal bites,Pune,North Indian,18,4718.599999999999,3.8,0.3333333333333333,0.16666666666666666,37.05555555555556,-0.40310138213927615,38.0,19.0
529,Grand House,Ludhiana,Street Food,24,5872.1,4.1,0.2916666666666667,0.3076923076923077,43.21739130434783,-0.40328125626919253,34.0,13.0
1071,The Grill,Bhubaneswar,BBQ,21,4408.099999999999,3.1,0.2857142857142857,0.0,34.95,-0.4035329203810219,37.0,15.0
537,Curry Kitchen,Visakhapatnam,Street Food,20,6089.3,3.8,0.1,0.42857142857142855,42.85,-0.405233888149697,37.0,9.0
99,Golden Grill,Nashik,Sushi,18,3527.1,4.1,0.3888888888888889,0.2,38.27777777777778,-0.4060814540095904,33.0,10.0
248,Grand Corner,Lucknow,North Indian,15,3250.1,4.0,0.13333333333333333,0.45454545454545453,42.4,-0.40621207750976573,39.0,8.0
1170,The Kitchen,Hyderabad,Sushi,12,2264.0499999999997,3.9,0.3333333333333333,0.2,39.333333333333336,-0.4079564651767157,37.0,13.0
62,Green Diner,Visakhapatnam,Continental,20,5973.7,3.7,0.25,0.23076923076923078,38.8,-0.4090314198465846,38.0,8.0
309,Grand Kitchen,Surat,Continental,11,3049.8,3.5,0.2727272727272727,0.14285714285714285,41.81818181818182,-0.4100788600480914,38.0,16.0
59,The Bites,Bhopal,Italian,23,6419.549999999999,3.8,0.34782608695652173,0.15384615384615385,35.17391304347826,-0.4118312685043453,42.0,10.0
816,Tasty Grill,Surat,Mexican,24,7282.299999999999,2.7,0.125,0.058823529411764705,33.958333333333336,-0.41582633864484936,39.0,15.0
192,Blue Bites,Coimbatore,Burgers,22,5427.65,3.3,0.13636363636363635,0.23529411764705882,40.36363636363637,-0.41715081289980516,35.0,13.0
1157,The House,Coimbatore,Continental,21,5901.400000000001,3.8,0.19047619047619047,0.3333333333333333,40.142857142857146,-0.42064835411337875,36.0,12.0
94,Royal Diner,Chandigarh,Bakery,15,4134.6,3.4,0.13333333333333333,0.2727272727272727,38.86666666666667,-0.4238294264873281,40.0,11.0
1163,Royal Kitchen,Chandigarh,BBQ,16,3983.0499999999997,3.3,0.25,0.1111111111111111,31.5,-0.4247718616608741,41.0,10.0
206,Blue Bites,Jaipur,Burgers,21,6119.849999999999,3.3,0.2857142857142857,0.07142857142857142,32.857142857142854,-0.4254865702469535,35.0,11.0
634,TASTY KITCHEN,Nagpur,Thai,20,5260.000000000001,3.4,0.25,0.14285714285714285,36.1578947368421,-0.4255457834346295,24.0,14.0
1153,The Point,Nashik,South Indian,20,4481.7,3.7,0.3,0.18181818181818182,37.95,-0.42701306747473233,34.0,9.0
289,Tasty Bites,Jaipur,North Indian,20,5099.7,3.8,0.3,0.21428571428571427,36.05263157894737,-0.4296420625501626,36.0,10.0
131,Curry Cafe,Chennai,Fast Food,19,3353.25,3.9,0.42105263157894735,0.1111111111111111,40.0,-0.43176448046208116,36.0,10.0
1051,Green Corner,Vadodara,Sushi,23,5193.099999999999,3.4,0.2608695652173913,0.13333333333333333,36.90909090909091,-0.4323286498197977,30.0,11.0
686,Golden Point,Ludhiana,North Indian,9,2627.8,4.2,0.2222222222222222,0.42857142857142855,44.0,-0.433448584981991,35.0,12.0
583,Green Treats,Hyderabad,Fast Food,14,2023.25,4.1,0.42857142857142855,0.16666666666666666,40.0,-0.4345367787813152,38.0,12.0
918,Tasty Hub,Hyderabad,Desserts,14,3010.05,4.0,0.21428571428571427,0.375,36.785714285714285,-0.4345760570706878,39.0,11.0
1113,Spicy Grill,Nashik,Continental,15,3668.55,3.7,0.26666666666666666,0.2222222222222222,32.53333333333333,-0.43500301486887294,35.0,8.0
966,Blue Corner,Surat,Continental,12,3287.05,4.0,0.16666666666666666,0.42857142857142855,44.0,-0.4353235961491167,40.0,14.0
544,Blue Cafe,Lucknow,Mexican,16,4813.05,4.3,0.1875,0.5,42.6875,-0.4363617909523948,40.0,7.0
1167,Royal Treats,Kolkata,Chinese,17,5341.9,3.2,0.17647058823529413,0.16666666666666666,37.76470588235294,-0.43693057961113385,41.0,11.0
964,Blue Point,Jaipur,Burgers,17,3116.95,3.9,0.4117647058823529,0.125,36.625,-0.4407549072314924,37.0,9.0
461,Curry Corner,Guwahati,Street Food,16,4046.3499999999995,4.1,0.3125,0.3,37.1875,-0.4434371693516882,35.0,11.0
715,Curry Cafe,Raipur,Continental,18,4129.05,3.4,0.2222222222222222,0.18181818181818182,41.05555555555556,-0.4458079438086936,43.0,9.0
1008,Spicy Kitchen,Surat,Fast Food,14,4473.849999999999,3.4,0.14285714285714285,0.2727272727272727,43.714285714285715,-0.45122775720150976,41.0,13.0
341,Curry House,Ahmedabad,Street Food,11,4057.55,2.7,0.09090909090909091,0.1111111111111111,38.36363636363637,-0.4521910218667132,39.0,15.0
450,Urban Kitchen,Raipur,Street Food,11,3707.1499999999996,3.9,0.2727272727272727,0.2857142857142857,35.27272727272727,-0.45398615977995416,44.0,8.0
592,Golden Point,Surat,BBQ,18,4087.25,4.0,0.3333333333333333,0.25,40.44444444444444,-0.455663741482838,42.0,12.0
439,Blue Diner,Delhi,North Indian,13,4665.95,3.2,0.15384615384615385,0.2,42.07692307692308,-0.45754843390892763,45.0,14.0
298,Tasty Diner,Bengaluru,Fast Food,18,2589.35,3.6,0.3333333333333333,0.125,37.77777777777778,-0.45766950596742123,37.0,9.0
9,Royal Cafe,Bhopal,Chinese,15,3759.8,3.6,0.26666666666666666,0.2,35.93333333333333,-0.45871606067722204,43.0,9.0
486,Blue Diner,Kolkata,Mughlai,19,5381.9,3.8,0.15789473684210525,0.38461538461538464,42.68421052631579,-0.4587701250879352,42.0,10.0
188,Curry Hub,Patna,South Indian,15,3177.8500000000004,3.2,0.3333333333333333,0.0,33.266666666666666,-0.45967527045200446,39.0,12.0
536,The Corner,Nagpur,Seafood,12,3134.6500000000005,3.9,0.08333333333333333,0.5,42.75,-0.46008976276573665,25.0,13.0
1102,Blue Kitchen,Coimbatore,Street Food,16,3948.0,3.7,0.375,0.1111111111111111,33.0625,-0.4609777382848045,37.0,11.0
981,The Point,Coimbatore,Street Food,17,4523.25,3.8,0.23529411764705882,0.3,39.3125,-0.4638772885839271,38.0,10.0
541,Royal Corner,Raipur,Burgers,15,3826.0,2.8,0.13333333333333333,0.1,38.266666666666666,-0.4648206990659902,45.0,7.0
606,The Kitchen,Bhubaneswar,Italian,15,3742.9,3.9,0.3333333333333333,0.2222222222222222,37.13333333333333,-0.46509272286829284,38.0,14.0
1121,Royal Point,Visakhapatnam,Healthy Food,20,5416.099999999999,3.4,0.2,0.21428571428571427,38.65,-0.46535680405095914,39.0,7.0
555,Spicy Kitchen,Bhopal,Healthy Food,13,3430.55,2.9,0.15384615384615385,0.1111111111111111,40.30769230769231,-0.4715513136423979,44.0,8.0
1029,Curry Kitchen,Vadodara,Bakery,16,4891.750000000001,3.4,0.1875,0.23076923076923078,40.1875,-0.4717777850345457,31.0,10.0
254,Curry Grill,Pune,Healthy Food,15,2827.6499999999996,3.4,0.26666666666666666,0.14285714285714285,37.266666666666666,-0.4734928621844476,39.0,18.0
491,Urban Kitchen,Raipur,Desserts,19,3921.1499999999996,4.0,0.47368421052631576,0.1,33.36842105263158,-0.4737588757473705,46.0,6.0
520,Green House,Vadodara,Burgers,13,1858.7,4.0,0.38461538461538464,0.2,37.92307692307692,-0.4746366347531528,32.0,9.0
767,Green Corner,Indore,Sushi,13,2780.9500000000003,3.6,0.15384615384615385,0.3333333333333333,43.84615384615385,-0.4769687660586858,33.0,9.0
243,Tasty Grill,Vadodara,Seafood,23,5776.4,3.8,0.17391304347826086,0.375,41.0,-0.4801295664778134,33.0,8.0
574,Curry Kitchen,Chennai,South Indian,19,4923.849999999999,3.0,0.21052631578947367,0.08333333333333333,36.10526315789474,-0.4823405793229278,37.0,9.0
313,Green Point,Nashik,Burgers,14,4372.65,3.3,0.07142857142857142,0.3333333333333333,39.61538461538461,-0.48241573768573787,36.0,7.0
649,The Point,Hyderabad,Healthy Food,14,2931.2,3.2,0.21428571428571427,0.14285714285714285,36.785714285714285,-0.4845006502563001,40.0,10.0
826,Spicy Grill,Patna,Mughlai,22,4680.65,3.6,0.3181818181818182,0.15384615384615385,34.81818181818182,-0.4882485101389086,40.0,11.0
492,Grand Cafe,Chennai,Continental,15,3534.3499999999995,3.4,0.4,0.0,35.266666666666666,-0.4897649784514247,38.0,8.0
800,Grand Kitchen,Chandigarh,North Indian,19,3384.25,3.6,0.3684210526315789,0.1,33.36842105263158,-0.4943324344850666,42.0,9.0
20,Golden Point,Guwahati,Desserts,12,4533.45,3.2,0.16666666666666666,0.2,35.166666666666664,-0.49443080217801844,36.0,10.0
231,The Diner,Mumbai,Desserts,17,5912.7,2.6,0.11764705882352941,0.06666666666666667,35.1764705882353,-0.49568825717570675,45.0,7.0
1091,Grand Kitchen,Delhi,Healthy Food,24,5867.65,3.8,0.2916666666666667,0.25,36.52173913043478,-0.4974946516081456,46.0,13.0
831,Spicy Diner,Jaipur,Bakery,13,4196.75,2.8,0.15384615384615385,0.09090909090909091,40.61538461538461,-0.5004585646954358,38.0,8.0
611,Curry Kitchen,Ahmedabad,Burgers,22,6337.0,3.2,0.18181818181818182,0.1875,39.90909090909091,-0.5058799106354318,40.0,14.0
497,Urban Diner,Coimbatore,Biryani,21,5633.8,3.1,0.14285714285714285,0.2,34.904761904761905,-0.5067842788924903,39.0,9.0
1107,Grand Diner,Coimbatore,North Indian,22,5389.0,3.4,0.22727272727272727,0.2,35.0,-0.5070852088138682,40.0,8.0
229,Green Cafe,Delhi,Healthy Food,17,3111.2999999999997,3.0,0.29411764705882354,0.0,31.58823529411765,-0.5085572215699323,47.0,12.0
1178,Royal Kitchen,Chandigarh,Chinese,16,3291.3999999999996,3.7,0.3125,0.2,39.5625,-0.5097212237392954,43.0,8.0
563,Tasty Cafe,Ahmedabad,Unknown,23,6440.899999999999,3.3,0.2608695652173913,0.13333333333333333,35.17391304347826,-0.5131779533197239,41.0,13.0
307,Tasty Cafe,Chandigarh,Continental,12,3338.05,3.6,0.16666666666666666,0.3333333333333333,37.666666666666664,-0.5138511343277766,44.0,7.0
1148,Grand Hub,Lucknow,Bakery,19,4375.2,3.6,0.3157894736842105,0.16666666666666666,37.5,-0.5143293799287937,41.0,6.0
998,Urban Grill,Bhopal,Continental,19,3444.4000000000005,3.2,0.2631578947368421,0.1,37.0,-0.5149059932227625,45.0,7.0
1055,Royal Corner,Lucknow,Burgers,21,6162.7,3.3,0.14285714285714285,0.26666666666666666,36.285714285714285,-0.5164944449673696,42.0,5.0
19,Green Cafe,Ahmedabad,Mughlai,19,4745.549999999999,3.6,0.21052631578947367,0.2857142857142857,35.89473684210526,-0.5175928194430912,42.0,12.0
629,Green Grill,Nagpur,Pizza,20,3570.85,4.0,0.4,0.2,33.1,-0.5188954766760618,26.0,12.0
311,Grand Corner,Nagpur,Continental,22,5278.2,2.9,0.09090909090909091,0.2,39.36363636363637,-0.5190374456331699,27.0,11.0
631,Royal House,Hyderabad,Mughlai,18,3916.3,3.9,0.3888888888888889,0.18181818181818182,35.294117647058826,-0.5210322138072432,41.0,9.0
264,Blue Corner,Lucknow,Continental,14,4581.65,3.4,0.14285714285714285,0.3,39.57142857142857,-0.521349528004809,43.0,4.0
693,Blue Diner,Hyderabad,Desserts,11,2709.8,4.1,0.2727272727272727,0.375,46.54545454545455,-0.5218528738623317,42.0,8.0
114,Green Bites,Pune,BBQ,16,3571.1500000000005,4.0,0.3125,0.3,38.9375,-0.5242864728516141,40.0,17.0
89,The Diner,Delhi,South Indian,20,4371.599999999999,3.4,0.25,0.18181818181818182,36.333333333333336,-0.5257197417250571,48.0,11.0
743,The Treats,Bhubaneswar,South Indian,8,1528.5,3.9,0.375,0.2,36.625,-0.5278241620512609,39.0,13.0
1171,Green Diner,Surat,BBQ,17,4492.549999999999,2.8,0.17647058823529413,0.07692307692307693,40.125,-0.5295852144717774,43.0,11.0
280,The Grill,Bhubaneswar,North Indian,12,1256.55,4.0,0.5833333333333334,0.0,37.083333333333336,-0.532087023699866,40.0,12.0
663,Grand House,Ahmedabad,BBQ,16,6084.1,3.1,0.125,0.23076923076923078,38.75,-0.5345241502225064,43.0,11.0
1151,TASTY KITCHEN,Hyderabad,Fast Food,23,5810.5,3.9,0.2608695652173913,0.3333333333333333,42.91304347826087,-0.542308451544361,43.0,7.0
524,Green Point,Chennai,Burgers,16,4540.0,3.6,0.3125,0.18181818181818182,35.625,-0.5438226800370223,39.0,7.0
165,Royal Hub,Vadodara,Mexican,17,3948.65,3.7,0.23529411764705882,0.3,39.11764705882353,-0.5447265920838531,34.0,7.0
947,Grand Cafe,Chennai,North Indian,11,1609.9,3.2,0.36363636363636365,0.0,36.36363636363637,-0.5468517772698556,40.0,6.0
633,Spicy Diner,Delhi,Mexican,17,3680.75,3.3,0.29411764705882354,0.1111111111111111,35.705882352941174,-0.5516905995280396,49.0,10.0
990,Urban Corner,Indore,Burgers,17,3105.6,3.3,0.29411764705882354,0.1111111111111111,33.23529411764706,-0.5516905995280396,34.0,8.0
223,Green Diner,Surat,North Indian,20,5770.85,3.1,0.2,0.15384615384615385,33.5,-0.5525066510489206,44.0,10.0
758,Grand Diner,Guwahati,Seafood,19,3971.05,3.9,0.47368421052631576,0.1,35.421052631578945,-0.5546081792472969,37.0,9.0
97,Curry Hub,Patna,Continental,10,2912.1000000000004,3.0,0.2,0.125,36.0,-0.5591886969684342,41.0,10.0
794,Curry House,Ludhiana,Healthy Food,12,3316.65,3.6,0.08333333333333333,0.4444444444444444,48.5,-0.5597970290365721,36.0,11.0
151,Royal Bites,Chennai,Italian,14,4202.9,3.6,0.21428571428571427,0.3,39.5,-0.5651384013613197,41.0,5.0
88,Royal Kitchen,Patna,Desserts,14,2549.95,3.1,0.21428571428571427,0.14285714285714285,36.38461538461539,-0.5653499537562263,42.0,9.0
422,The Bites,Delhi,Pizza,19,1784.95,4.2,0.47368421052631576,0.2,32.31578947368421,-0.5691734283596153,50.0,9.0
888,Blue Bites,Nashik,Healthy Food,22,4751.45,3.7,0.36363636363636365,0.16666666666666666,37.40909090909091,-0.5711271924570533,37.0,6.0
864,Tasty Cafe,Jaipur,BBQ,15,4218.15,3.4,0.26666666666666666,0.18181818181818182,37.0,-0.5736668204748752,39.0,7.0
976,Green Diner,Pune,Italian,10,2322.0499999999997,4.0,0.3,0.3333333333333333,36.2,-0.5740305503266163,41.0,16.0
783,Green Grill,Pune,Bakery,22,4606.7,3.0,0.3181818181818182,0.0,35.22727272727273,-0.5777856240429315,42.0,15.0
1019,Curry Grill,Nashik,Italian,19,4659.95,4.5,0.3684210526315789,0.4166666666666667,39.10526315789474,-0.5808803750907053,38.0,5.0
287,Spicy Grill,Bhubaneswar,Chinese,17,5866.950000000001,3.4,0.17647058823529413,0.2857142857142857,40.88235294117647,-0.5813190673875881,41.0,11.0
384,Blue Bites,Bhubaneswar,North Indian,18,4147.65,4.2,0.3888888888888889,0.3,42.111111111111114,-0.582345310121761,42.0,10.0
1127,Spicy Diner,Ahmedabad,Pizza,26,9818.300000000001,2.7,0.11538461538461539,0.13636363636363635,36.30769230769231,-0.587530381393588,44.0,10.0
193,Spicy Kitchen,Bhopal,Seafood,13,3996.95,3.4,0.07692307692307693,0.4,48.38461538461539,-0.588781936518725,46.0,6.0
500,Spicy Corner,Bhubaneswar,Mughlai,16,4080.2000000000003,3.6,0.3125,0.2,37.5625,-0.5905705272392218,43.0,9.0
1021,Blue Cafe,Nagpur,Street Food,16,3367.6000000000004,3.6,0.3125,0.2,31.1875,-0.5905705272392218,28.0,10.0
477,Green Corner,Pune,Fast Food,18,4661.55,3.9,0.2777777777777778,0.3333333333333333,38.55555555555556,-0.590950415493452,43.0,14.0
645,Tasty Cafe,Lucknow,Burgers,19,5316.1,2.6,0.21052631578947367,0.0,29.210526315789473,-0.5914768269792183,44.0,3.0
1155,urban point,Pune,Biryani,18,3990.45,3.5,0.2222222222222222,0.2727272727272727,35.388888888888886,-0.5986978763197648,44.0,13.0
628,The House,Ludhiana,North Indian,25,5392.0,3.6,0.24,0.2857142857142857,43.125,-0.6023834429164536,37.0,10.0
371,Urban Treats,Kolkata,South Indian,19,3347.4500000000003,3.5,0.3684210526315789,0.1111111111111111,32.421052631578945,-0.6037498668307815,43.0,9.0
539,Green Hub,Nagpur,Continental,21,3218.4,4.0,0.3333333333333333,0.3076923076923077,37.476190476190474,-0.6039982566436635,29.0,9.0
700,Tasty Hub,Ahmedabad,Biryani,15,2549.55,3.6,0.2,0.3333333333333333,37.357142857142854,-0.6097452918274128,45.0,9.0
113,Grand House,Ahmedabad,Biryani,19,3173.4,3.7,0.5263157894736842,0.0,27.31578947368421,-0.6106054542660562,46.0,8.0
1158,Spicy Diner,Hyderabad,BBQ,21,4821.900000000001,2.9,0.23809523809523808,0.07142857142857142,33.38095238095238,-0.6118921306757497,44.0,6.0
274,The Point,Bengaluru,Mexican,15,2970.0,3.7,0.4,0.14285714285714285,40.266666666666666,-0.6145215816832132,38.0,8.0
1060,Urban House,Bengaluru,Chinese,17,4090.5999999999995,3.3,0.11764705882352941,0.3333333333333333,42.705882352941174,-0.6153782249751494,39.0,7.0
1169,Curry Grill,Kolkata,Burgers,21,5221.95,3.4,0.23809523809523808,0.23076923076923078,34.857142857142854,-0.6173314169536362,44.0,8.0
680,Green Bites,Bhopal,Street Food,17,2998.8,3.6,0.4117647058823529,0.1,32.1764705882353,-0.6190245278282467,47.0,5.0
901,Urban Grill,Bengaluru,Mughlai,17,4585.85,3.1,0.11764705882352941,0.2727272727272727,37.470588235294116,-0.6212506746343366,40.0,6.0
179,The Point,Bhubaneswar,Desserts,19,4149.25,3.6,0.42105263157894735,0.09090909090909091,35.05263157894737,-0.6223703385149714,44.0,8.0
338,Blue Hub,Delhi,Mughlai,21,3427.9,3.8,0.38095238095238093,0.2,35.65,-0.6257974222475507,51.0,8.0
489,Urban Hub,Ludhiana,Mughlai,27,5575.2,3.9,0.3333333333333333,0.2857142857142857,37.74074074074074,-0.6283391734156563,38.0,9.0
658,Spicy Cafe,Vadodara,South Indian,17,3391.3,3.2,0.29411764705882354,0.1111111111111111,35.705882352941174,-0.6325399030279656,35.0,6.0
510,The Kitchen,Coimbatore,Fast Food,21,5733.6,2.7,0.19047619047619047,0.07142857142857142,34.38095238095238,-0.6365990841046931,41.0,7.0
1028,Tasty Point,Mumbai,Sushi,17,3758.600000000001,3.0,0.17647058823529413,0.18181818181818182,40.23529411764706,-0.6375857259461528,46.0,6.0
655,Tasty Kitchen,Patna,Thai,17,3584.05,3.9,0.29411764705882354,0.3333333333333333,38.470588235294116,-0.6379573554442539,43.0,8.0
603,Spicy Point,Coimbatore,Unknown,17,3882.05,3.7,0.29411764705882354,0.2727272727272727,36.8235294117647,-0.6438298051034411,42.0,6.0
1105,Golden Bites,Jaipur,Sushi,19,4629.15,3.8,0.3684210526315789,0.2222222222222222,34.89473684210526,-0.6468832447888888,40.0,6.0
1134,Tasty Diner,Chennai,Bakery,26,6644.95,3.1,0.23076923076923078,0.15789473684210525,36.16,-0.6514337745551473,42.0,4.0
644,Blue Bites,Guwahati,Healthy Food,24,4838.35,3.6,0.375,0.15384615384615385,40.17391304347826,-0.6517044604223792,38.0,8.0
720,Blue House,Kochi,Pizza,17,3765.8,3.4,0.29411764705882354,0.18181818181818182,38.470588235294116,-0.6526384795922225,42.0,11.0
703,GREEN CAFE,Mumbai,North Indian,19,2257.5,3.6,0.3157894736842105,0.2222222222222222,33.578947368421055,-0.6571700241577366,47.0,5.0
111,Spicy Grill,Chennai,Desserts,13,3738.6,4.0,0.23076923076923078,0.4444444444444444,40.38461538461539,-0.6605470501314118,43.0,3.0
770,Urban Kitchen,Chandigarh,South Indian,13,4113.900000000001,4.0,0.23076923076923078,0.4444444444444444,42.69230769230769,-0.6605470501314118,45.0,6.0
567,Urban Treats,Ahmedabad,Desserts,11,2995.25,3.6,0.18181818181818182,0.375,40.09090909090909,-0.6645698709084095,47.0,7.0
226,Golden House,Chandigarh,Burgers,19,3717.5,3.2,0.3157894736842105,0.1,35.26315789473684,-0.6663178208537669,46.0,5.0
1117,Royal Treats,Guwahati,Chinese,20,5091.200000000001,3.2,0.2,0.23076923076923078,40.4,-0.6694367010967615,39.0,7.0
212,Grand Hub,Hyderabad,Seafood,15,3553.7,3.1,0.2,0.2,36.285714285714285,-0.6711742631775809,45.0,5.0
859,Curry Diner,Pune,Desserts,22,3529.2,4.0,0.36363636363636365,0.3,31.454545454545453,-0.6713968281067377,45.0,12.0
145,Blue Grill,Mumbai,Italian,12,3660.05,3.7,0.25,0.3333333333333333,37.27272727272727,-0.6727372245769407,48.0,4.0
1159,Tasty Grill,Kochi,Biryani,19,4274.150000000001,3.5,0.3157894736842105,0.2,39.36842105263158,-0.6808830699660857,43.0,10.0
1058,Curry Kitchen,Bhubaneswar,Biryani,15,3583.1499999999996,3.4,0.2,0.3,40.266666666666666,-0.6857395122898997,45.0,7.0
263,Royal Treats,Raipur,Burgers,17,6504.2,3.3,0.23529411764705882,0.23076923076923078,38.0,-0.6901223878905678,47.0,5.0
400,Urban Grill,Coimbatore,Continental,21,6196.299999999999,2.8,0.19047619047619047,0.125,39.523809523809526,-0.693488973254105,43.0,5.0
857,Green Grill,Pune,Chinese,16,4763.5,2.9,0.25,0.09090909090909091,32.25,-0.6962270232136908,46.0,11.0
862,Urban Kitchen,Coimbatore,Continental,17,4305.95,3.4,0.29411764705882354,0.2,37.625,-0.699386326794422,44.0,4.0
350,Green Treats,Lucknow,Pizza,15,4263.9,3.3,0.3333333333333333,0.125,41.86666666666667,-0.7002174164672,45.0,2.0
429,Green Bites,Surat,Mexican,15,3346.2999999999997,3.3,0.26666666666666666,0.2,33.0,-0.7012639711770009,45.0,9.0
278,Urban House,Bhubaneswar,Fast Food,19,3910.9500000000003,3.1,0.21052631578947367,0.2,41.31578947368421,-0.7014566287037817,46.0,6.0
1187,Grand House,Jaipur,Mexican,19,3135.15,3.4,0.47368421052631576,0.0,31.666666666666668,-0.7017415371348306,41.0,5.0
204,Golden Bites,Indore,Healthy Food,21,5737.45,3.3,0.19047619047619047,0.2857142857142857,43.57142857142857,-0.7024600337024873,35.0,7.0
824,Royal Bites,Delhi,Continental,19,4258.049999999999,3.7,0.2631578947368421,0.3333333333333333,40.05555555555556,-0.7105901814846918,52.0,7.0
297,Grand Grill,Nashik,Chinese,20,5171.2,3.3,0.3,0.16666666666666666,34.0,-0.7114537421392713,39.0,4.0
74,Golden Hub,Bengaluru,Biryani,20,3813.05,3.3,0.35,0.1111111111111111,29.263157894736842,-0.7124543341597825,41.0,5.0
571,Golden Point,Hyderabad,Italian,19,4986.3,3.8,0.3157894736842105,0.3076923076923077,37.94736842105263,-0.7152262544331813,46.0,4.0
10,Green Grill,Bhubaneswar,Desserts,15,4829.4,3.7,0.26666666666666666,0.3333333333333333,39.333333333333336,-0.7206843033267587,47.0,5.0
746,Green Grill,Surat,Mughlai,24,6237.15,3.3,0.3333333333333333,0.13333333333333333,38.833333333333336,-0.7216435131015415,46.0,8.0
505,BLUE HUB,Bengaluru,Healthy Food,15,1663.5500000000002,4.4,0.4666666666666667,0.3333333333333333,37.13333333333333,-0.7301041238250919,42.0,4.0
468,The Treats,Visakhapatnam,Thai,18,4193.15,3.5,0.3333333333333333,0.2,39.35294117647059,-0.7313536791764206,40.0,6.0
707,Curry House,Vadodara,Fast Food,19,3674.8500000000004,3.0,0.21052631578947367,0.18181818181818182,37.89473684210526,-0.7355580850015085,36.0,5.0
259,Green Treats,Nagpur,Healthy Food,15,3570.25,2.7,0.2,0.1,41.4,-0.7374583175651884,30.0,8.0
624,The House,Guwahati,South Indian,13,2169.0,3.4,0.23076923076923078,0.2857142857142857,38.92307692307692,-0.7375267447625609,40.0,6.0
653,The Diner,Indore,Thai,11,1561.85,3.6,0.36363636363636365,0.2,38.0,-0.7376808824943454,36.0,6.0
729,Curry Kitchen,Guwahati,South Indian,11,2944.1,4.0,0.2727272727272727,0.42857142857142855,40.27272727272727,-0.7404413700115953,41.0,5.0
158,Blue Grill,Raipur,Thai,14,3033.85,4.1,0.42857142857142855,0.2857142857142857,34.642857142857146,-0.7406238735576216,48.0,4.0
300,Curry Kitchen,Ahmedabad,South Indian,11,3536.2000000000003,3.1,0.18181818181818182,0.25,39.90909090909091,-0.7474249388929188,48.0,6.0
925,Curry Hub,Visakhapatnam,Continental,12,3614.8500000000004,2.9,0.25,0.1111111111111111,37.54545454545455,-0.7481690756605791,41.0,5.0
579,Royal House,Coimbatore,Burgers,19,4293.65,3.2,0.21052631578947367,0.25,38.89473684210526,-0.749163905009904,45.0,3.0
1198,Green Hub,Bhubaneswar,Mexican,24,5551.3,3.6,0.2916666666666667,0.2857142857142857,36.083333333333336,-0.7510193870408897,48.0,4.0
905,Grand Grill,Kochi,Biryani,20,5178.8,2.8,0.25,0.08333333333333333,36.35,-0.7575980570460339,44.0,9.0
690,The House,Bengaluru,Sushi,16,3534.8500000000004,3.2,0.4375,0.0,31.125,-0.7593445126383673,43.0,3.0
886,The Treats,Indore,South Indian,11,3352.6,4.3,0.36363636363636365,0.42857142857142855,33.63636363636363,-0.75942297996537,37.0,5.0
1126,Royal Kitchen,Visakhapatnam,Burgers,20,3612.4500000000007,3.7,0.4,0.2,40.25,-0.7614433871758404,42.0,4.0
34,Golden Corner,Ahmedabad,South Indian,15,2675.15,3.3,0.4666666666666667,0.0,34.6,-0.7624025969506232,49.0,5.0
129,Spicy House,Pune,Mexican,16,3707.15,3.7,0.3125,0.3,36.875,-0.7668343833513926,47.0,10.0
150,Green Point,Pune,North Indian,14,2927.0499999999997,3.1,0.21428571428571427,0.2222222222222222,41.285714285714285,-0.7694080169404306,48.0,9.0
744,Spicy Bites,Bengaluru,BBQ,15,3699.4999999999995,2.9,0.13333333333333333,0.25,39.285714285714285,-0.7696411349842099,44.0,2.0
163,Golden Kitchen,Kochi,BBQ,14,3627.8499999999995,3.6,0.2857142857142857,0.3,39.214285714285715,-0.7706258817176828,45.0,8.0
697,Green Grill,Patna,Fast Food,21,5861.25,3.1,0.3333333333333333,0.09090909090909091,34.04761904761905,-0.7742638099629283,44.0,7.0
1057,Urban Point,Bhopal,Thai,20,2996.55,3.4,0.5,0.0,30.5,-0.7774474509503329,48.0,4.0
83,Urban Cafe,Vadodara,Desserts,22,6575.299999999999,3.7,0.22727272727272727,0.4,43.5,-0.7787636175382839,37.0,4.0
538,Urban House,Kolkata,Chinese,16,3043.1499999999996,3.3,0.25,0.25,36.333333333333336,-0.7818734722332314,45.0,7.0
732,Spicy House,Delhi,BBQ,25,6006.55,3.4,0.24,0.29411764705882354,37.72,-0.7856881977828691,53.0,6.0
818,Green Treats,Indore,Biryani,19,4285.700000000001,3.3,0.3157894736842105,0.18181818181818182,33.8421052631579,-0.7958338297637388,38.0,4.0
364,Grand Grill,Delhi,Continental,19,3051.9,3.8,0.2631578947368421,0.4,41.8421052631579,-0.8011496510594973,54.0,5.0
779,Spicy Bites,Pune,Biryani,19,3574.1,3.0,0.3157894736842105,0.09090909090909091,33.73684210526316,-0.8046425042525199,49.0,8.0
1109,The Kitchen,Surat,Sushi,17,2832.25,3.9,0.35294117647058826,0.3333333333333333,35.411764705882355,-0.8071823392671412,47.0,7.0
77,Tasty House,Pune,Healthy Food,17,3798.25,4.0,0.4117647058823529,0.3,36.23529411764706,-0.8098536330527364,50.0,7.0
67,Tasty Bites,Chandigarh,Chinese,21,6053.3,2.8,0.09523809523809523,0.2777777777777778,37.19047619047619,-0.8123174377418807,47.0,4.0
502,Blue Diner,Ludhiana,Seafood,13,2819.7500000000005,3.4,0.38461538461538464,0.14285714285714285,36.30769230769231,-0.8128106502600831,39.0,8.0
897,Green Treats,Guwahati,BBQ,20,5136.85,3.6,0.35,0.25,39.05,-0.827008034232361,42.0,4.0
225,Urban House,Ludhiana,Bakery,15,2423.25,4.1,0.3333333333333333,0.42857142857142855,39.57142857142857,-0.8339450801473713,40.0,7.0
73,The Corner,Kochi,Healthy Food,23,6829.1,2.9,0.2608695652173913,0.13333333333333333,39.608695652173914,-0.8365751673194288,46.0,7.0
711,Tasty Cafe,Patna,Chinese,19,4966.45,3.2,0.3157894736842105,0.16666666666666666,39.73684210526316,-0.8377265939284985,45.0,6.0
1009,Golden Corner,Ludhiana,Sushi,19,5159.65,3.4,0.3157894736842105,0.23076923076923078,41.526315789473685,-0.8408441148851189,41.0,6.0
834,Tasty Kitchen,Chennai,Mexican,21,3586.3000000000006,4.0,0.3333333333333333,0.4,38.05,-0.841333480900984,44.0,2.0
1036,Tasty Cafe,Coimbatore,Sushi,17,2919.4500000000003,3.7,0.35294117647058826,0.2857142857142857,40.1764705882353,-0.8464461083564709,46.0,2.0
471,Grand Cafe,Jaipur,South Indian,21,4537.4,3.2,0.38095238095238093,0.1,35.142857142857146,-0.8537800836350103,42.0,4.0
405,Royal Corner,Pune,South Indian,19,4274.75,3.1,0.3684210526315789,0.08333333333333333,31.894736842105264,-0.8557267587160149,51.0,6.0
76,Blue Diner,Patna,Italian,18,5703.75,4.3,0.3333333333333333,0.5,44.22222222222222,-0.8558987300133027,46.0,5.0
5,Golden Diner,Pune,Chinese,15,3589.6500000000005,3.3,0.4,0.1111111111111111,38.93333333333333,-0.8562955704092369,52.0,5.0
96,Grand Cafe,Kochi,South Indian,15,3578.9500000000003,3.3,0.4,0.1111111111111111,40.266666666666666,-0.8562955704092369,47.0,6.0
149,Blue Kitchen,Pune,Fast Food,19,4011.05,3.9,0.2631578947368421,0.45454545454545453,42.72222222222222,-0.8605438891661695,53.0,4.0
765,Royal Kitchen,Kochi,Fast Food,17,4063.2999999999993,3.2,0.29411764705882354,0.2,33.470588235294116,-0.8610849337942743,48.0,5.0
285,Tasty Bites,Surat,Street Food,19,3586.2,3.4,0.2631578947368421,0.3,35.388888888888886,-0.8674337054471049,48.0,6.0
683,Grand Point,Lucknow,Desserts,15,4132.25,3.4,0.3333333333333333,0.2222222222222222,35.6,-0.869339240367924,46.0,1.0
476,BLUE TREATS,Ludhiana,Fast Food,19,3569.8,3.5,0.2631578947368421,0.3333333333333333,34.68421052631579,-0.8722887884845443,42.0,5.0
1,Curry Cafe,Vadodara,Healthy Food,17,4477.9,3.4,0.23529411764705882,0.3333333333333333,44.3125,-0.8729788891209977,38.0,3.0
931,Spicy Diner,Nashik,Street Food,11,1973.3,3.1,0.2727272727272727,0.2,36.36363636363637,-0.8803978795404233,40.0,3.0
1147,Curry Cafe,Raipur,Continental,11,1805.3,4.7,0.5454545454545454,0.4,39.72727272727273,-0.8856239041264574,49.0,3.0
1179,Royal Cafe,Chennai,South Indian,24,5147.55,3.5,0.375,0.21428571428571427,39.958333333333336,-0.8879518274241224,45.0,1.0
164,Urban Point,Kolkata,Seafood,17,1645.4,4.1,0.5882352941176471,0.16666666666666666,33.23529411764706,-0.8938617348720094,46.0,6.0
757,Spicy Diner,Mumbai,Street Food,18,4046.9,3.2,0.3888888888888889,0.1111111111111111,40.111111111111114,-0.9051801547426174,49.0,3.0
123,Grand Diner,Ludhiana,Desserts,17,2434.3,3.8,0.5294117647058824,0.14285714285714285,35.529411764705884,-0.9059672425936393,43.0,4.0
4,The Grill,Nashik,Biryani,20,3537.15,3.3,0.25,0.3,38.85,-0.9104300520392801,41.0,2.0
1168,Golden House,Visakhapatnam,Mughlai,25,7246.65,3.9,0.24,0.5,46.24,-0.9107923030140265,43.0,3.0
755,Spicy Corner,Patna,Continental,18,3903.3999999999996,3.4,0.2222222222222222,0.36363636363636365,37.77777777777778,-0.9132864158306887,47.0,4.0
784,Royal Kitchen,Ahmedabad,Mexican,25,5752.199999999999,2.8,0.32,0.06666666666666667,35.24,-0.9161235945265869,50.0,4.0
288,Golden Corner,Kolkata,Mughlai,26,5626.85,3.6,0.3076923076923077,0.3333333333333333,41.69230769230769,-0.9195571852877757,47.0,5.0
1030,The Hub,Ahmedabad,Chinese,14,2878.7000000000003,3.1,0.21428571428571427,0.2857142857142857,43.214285714285715,-0.9326544674877939,51.0,3.0
357,Tasty House,Coimbatore,Pizza,9,1535.3500000000001,3.8,0.6666666666666666,0.0,39.0,-0.9335210244488086,47.0,1.0
759,Green Diner,Kolkata,Italian,14,2693.6,3.4,0.35714285714285715,0.2222222222222222,39.285714285714285,-0.9378350671533785,48.0,4.0
444,Curry Grill,Hyderabad,Seafood,15,4951.099999999999,2.7,0.2,0.18181818181818182,36.2,-0.9478236299750863,47.0,3.0
1140,Royal Cafe,Delhi,Mexican,14,2460.6000000000004,3.6,0.2857142857142857,0.375,37.5,-0.9634607514267558,55.0,4.0
496,Green Treats,Guwahati,Burgers,13,3572.55,3.8,0.23076923076923078,0.5,48.07692307692308,-0.9650863013602075,43.0,3.0
591,Grand Point,Kochi,Fast Food,11,1396.25,3.8,0.45454545454545453,0.25,33.90909090909091,-0.9660683757540948,49.0,4.0
532,Royal Hub,Indore,Italian,16,3508.6,2.9,0.25,0.2,38.0625,-0.9767141064268878,39.0,3.0
620,Blue House,Kolkata,Sushi,25,4842.75,3.1,0.36,0.14285714285714285,31.8,-0.9845444136832071,49.0,3.0
319,Blue House,Mumbai,Unknown,17,6339.950000000001,2.9,0.17647058823529413,0.2857142857142857,42.11764705882353,-0.9855655848872191,50.0,2.0
941,Blue Bites,Surat,Biryani,24,5175.55,3.0,0.3333333333333333,0.14285714285714285,36.375,-0.9886783911834245,49.0,5.0
6,Green Corner,Nagpur,South Indian,9,1296.0,3.6,0.3333333333333333,0.3333333333333333,33.666666666666664,-0.9933219218259572,31.0,7.0
1087,Green Point,Bhubaneswar,Street Food,9,1931.05,3.8,0.3333333333333333,0.4,39.888888888888886,-1.0030320879008365,49.0,3.0
46,Green Corner,Pune,Biryani,18,3727.65,3.6,0.2777777777777778,0.4,40.72222222222222,-1.004907099067962,54.0,3.0
689,Blue Treats,Hyderabad,Fast Food,13,3489.6,4.0,0.15384615384615385,0.6666666666666666,49.23076923076923,-1.0106154174326387,48.0,2.0
984,Curry Hub,Hyderabad,Desserts,17,3569.9500000000003,3.8,0.47058823529411764,0.25,36.8235294117647,-1.0122206440694277,49.0,1.0
858,The Corner,Vadodara,Healthy Food,10,1564.1,3.9,0.5,0.25,35.7,-1.0159838324809451,39.0,2.0
54,Golden Cafe,Surat,South Indian,12,3698.2,3.7,0.3333333333333333,0.375,37.083333333333336,-1.0196031014977383,50.0,4.0
418,Tasty Treats,Raipur,Desserts,21,4272.3,4.0,0.42857142857142855,0.36363636363636365,41.55,-1.0218210936384025,50.0,2.0
946,The House,Kolkata,Seafood,19,6234.85,2.3,0.15789473684210525,0.13333333333333333,38.31578947368421,-1.0254304559974556,50.0,2.0
21,Tasty Treats,Bhopal,Mexican,19,5869.4,2.3,0.21052631578947367,0.07692307692307693,33.833333333333336,-1.0318040910267643,49.0,3.0
494,Green Corner,Mumbai,Pizza,10,3283.6499999999996,2.4,0.2,0.125,35.4,-1.0442845179679916,51.0,1.0
303,ROYAL CORNER,Ludhiana,Fast Food,17,3747.35,2.9,0.35294117647058826,0.1111111111111111,34.529411764705884,-1.0443127973506316,44.0,3.0
745,Curry Diner,Nagpur,North Indian,13,3686.0,3.7,0.23076923076923078,0.5,42.69230769230769,-1.0459356048601334,32.0,6.0
521,Blue House,Delhi,Street Food,16,4271.299999999999,3.4,0.1875,0.45454545454545453,44.8125,-1.0471359044462318,56.0,3.0
379,Curry Kitchen,Visakhapatnam,North Indian,15,2970.5,3.5,0.4,0.25,32.733333333333334,-1.0516985739817417,44.0,2.0
1011,Blue Grill,Bhubaneswar,Street Food,13,3148.95,3.1,0.38461538461538464,0.14285714285714285,39.46153846153846,-1.0553585607598617,50.0,2.0
25,Green Bites,Surat,Street Food,17,3819.1000000000004,3.4,0.35294117647058826,0.2727272727272727,39.294117647058826,-1.0556026994261074,51.0,3.0
909,Tasty Diner,Patna,Desserts,20,5340.05,2.9,0.25,0.23076923076923078,39.2,-1.0558258478459948,48.0,3.0
328,Green Treats,Kochi,Italian,17,3847.55,2.9,0.23529411764705882,0.25,38.0,-1.0629644402772147,50.0,3.0
558,Tasty Cafe,Ludhiana,Fast Food,14,2951.9500000000003,3.9,0.35714285714285715,0.42857142857142855,43.214285714285715,-1.0641395139326781,45.0,2.0
523,Spicy House,Jaipur,Biryani,18,3949.5,2.8,0.16666666666666666,0.3,38.44444444444444,-1.0749411757898208,43.0,3.0
168,Green Kitchen,Vadodara,BBQ,8,2333.0000000000005,3.2,0.25,0.3333333333333333,44.125,-1.0769837420765718,40.0,1.0
585,Tasty Cafe,Ahmedabad,Biryani,19,3827.7499999999995,3.7,0.42105263157894735,0.3,34.89473684210526,-1.0791212778403394,52.0,2.0
30,Golden Grill,Delhi,Bakery,23,6698.35,3.0,0.30434782608695654,0.21428571428571427,40.43478260869565,-1.0889444241364814,57.0,2.0
1083,Golden Kitchen,Pune,Healthy Food,15,2674.2999999999997,4.4,0.5333333333333333,0.4,42.8,-1.0933012118990957,55.0,2.0
632,The Point,Nagpur,Street Food,16,2778.3500000000004,3.4,0.3125,0.3333333333333333,38.25,-1.0950866803885373,33.0,5.0
331,Royal Treats,Indore,Thai,12,2432.05,3.7,0.25,0.5,35.583333333333336,-1.1012591572637698,40.0,2.0
552,Blue Treats,Patna,Desserts,14,3392.05,3.5,0.42857142857142855,0.25,36.42857142857143,-1.1338935661242866,49.0,2.0
50,Spicy House,Surat,Italian,14,3087.2,3.5,0.42857142857142855,0.25,36.92857142857143,-1.1338935661242866,52.0,2.0
1196,Grand Kitchen,Guwahati,Thai,21,5950.349999999999,2.7,0.23809523809523808,0.21428571428571427,35.65,-1.1408952514071695,44.0,2.0
1156,Grand Hub,Bhopal,Bakery,15,2916.25,3.0,0.4,0.14285714285714285,35.8,-1.180466706182697,50.0,2.0
1072,Golden Grill,Nagpur,Thai,15,3098.75,2.7,0.26666666666666666,0.2,36.86666666666667,-1.186359792176558,34.0,4.0
441,The Treats,Nagpur,South Indian,13,3515.5,3.4,0.3076923076923077,0.375,38.92307692307692,-1.1883862754593357,35.0,3.0
64,Urban Treats,Guwahati,BBQ,18,3347.2999999999997,3.4,0.4444444444444444,0.2222222222222222,37.94444444444444,-1.1889864320333778,45.0,1.0
551,Green Bites,Jaipur,Street Food,21,5676.849999999999,2.8,0.23809523809523808,0.26666666666666666,39.61904761904762,-1.1947242696088183,44.0,2.0
186,the kitchen,Delhi,Italian,14,2533.0,3.5,0.14285714285714285,0.6,51.142857142857146,-1.2118397033411747,58.0,1.0
675,Spicy Hub,Chandigarh,Sushi,10,2099.2,3.0,0.4,0.16666666666666666,33.8,-1.2416841251379582,48.0,3.0
1043,Curry Diner,Nagpur,Burgers,14,2019.5500000000002,3.1,0.42857142857142855,0.16666666666666666,38.642857142857146,-1.243029813780577,36.0,2.0
819,Urban Diner,Bhubaneswar,BBQ,14,2435.9,3.6,0.5714285714285714,0.16666666666666666,35.07142857142857,-1.2497582569936723,51.0,1.0
635,Tasty Corner,Jaipur,Pizza,22,4802.1,3.1,0.22727272727272727,0.4,41.27272727272727,-1.2638594385378412,45.0,1.0
349,The Kitchen,Raipur,Mughlai,12,3353.45,2.8,0.16666666666666666,0.375,42.416666666666664,-1.267776045498894,51.0,1.0
228,Curry Kitchen,Nagpur,Mughlai,15,2888.7000000000003,4.0,0.3333333333333333,0.5714285714285714,43.666666666666664,-1.282098897378865,37.0,1.0
44,Royal Grill,Chandigarh,Bakery,35,6766.400000000001,2.8,0.2571428571428571,0.2857142857142857,34.05714285714286,-1.2984948662013909,49.0,2.0
215,Urban Kitchen,Pune,Mexican,21,5455.65,2.9,0.2857142857142857,0.2857142857142857,41.80952380952381,-1.2998405548440097,56.0,1.0
469,Royal Treats,Nashik,Fast Food,14,3779.0999999999995,3.0,0.2857142857142857,0.3333333333333333,39.357142857142854,-1.341426089254606,42.0,1.0
566,Tasty Treats,Ahmedabad,Fast Food,16,4700.099999999999,2.7,0.1875,0.36363636363636365,45.0625,-1.3793417929347178,53.0,1.0
1106,Curry Cafe,Kolkata,South Indian,17,3730.95,2.9,0.23529411764705882,0.375,38.0,-1.3843558897923363,51.0,1.0
569,Grand Cafe,Kochi,BBQ,22,6564.250000000001,2.5,0.09090909090909091,0.42105263157894735,45.27272727272727,-1.410790065091195,51.0,2.0
812,Urban Bites,Patna,Seafood,16,3333.75,3.0,0.3125,0.3333333333333333,41.4375,-1.418483894388242,50.0,1.0
390,The Grill,Kochi,Mughlai,13,1594.5500000000002,3.5,0.3076923076923077,0.5,34.61538461538461,-1.428928421474531,52.0,1.0
856,Urban Point,Visakhapatnam,Mexican,26,5779.6,3.3,0.34615384615384615,0.4,44.15384615384615,-1.4441609736695584,45.0,1.0
1111,Green Bites,Bhopal,Biryani,9,2748.4,4.1,0.4444444444444444,0.6,44.111111111111114,-1.5943576882907067,51.0,1.0
833,URBAN GRILL,Surat,Biryani,19,2792.8,2.6,0.3684210526315789,0.2222222222222222,36.31578947368421,-1.6170748867880034,53.0,1.0
616,The Cafe,Indore,North Indian,13,2440.9,4.0,0.6153846153846154,0.4,31.23076923076923,-1.652745582820982,41.0,1.0
893,The House,Bengaluru,Chinese,20,3982.25,3.4,0.5,0.375,38.15,-1.741621799495698,45.0,1.0
1052,Urban Treats,Chandigarh,Street Food,16,3334.7000000000003,3.3,0.4375,0.42857142857142855,39.9375,-1.780408750333144,50.0,1.0
336,Urban Bites,Ludhiana,Italian,12,2903.35,3.4,0.3333333333333333,0.625,42.916666666666664,-1.9049339110277603,46.0,1.0
