FeedbackID,OrderID,CustomerRating,DeliveryRating,FoodRating,Review,Sentiment
1,118680,3.0,2,4,,Neutral
2,109542,5.0,5,5,Great food and fast delivery!,Positive
3,120380,,3,4,Average experience.,Neutral
4,114707,3.0,4,2,,Neutral
5,103220,4.0,3,4,Delivery partner was very polite.,Positive
6,100679,3.0,3,3,Average experience.,Neutral
7,115810,5.0,4,5,Best biryani in town!,Positive
8,110236,5.0,4,5,Great food and fast delivery!,Positive
9,111565,3.0,2,3,,Neutral
10,102005,1.0,2,1,Very disappointed with the service.,Negative
11,100090,5.0,5,4,Amazing experience overall.,Positive
12,119518,4.0,5,4,Great food and fast delivery!,Positive
13,113054,2.0,2,2,Wrong item delivered.,Negative
14,119646,3.0,2,2,"Food was okay, nothing special.",Neutral
15,100570,1.0,1,1,Quality was not up to the mark.,Negative
16,102323,5.0,4,5,"Loved the taste, will order again.",Positive
17,120032,2.0,3,3,Very disappointed with the service.,Negative
18,105593,4.0,5,3,Great food and fast delivery!,Positive
19,114801,3.0,3,2,Delivery was on time but food was mediocre.,Neutral
20,114258,3.0,4,4,Delivery was on time but food was mediocre.,Neutral
21,107848,2.0,1,2,Very disappointed with the service.,Negative
22,102622,5.0,5,5,Packaging was excellent and food was hot.,Positive
23,107556,5.0,5,5,Amazing experience overall.,Positive
24,116349,5.0,5,5,Best biryani in town!,Positive
25,105359,2.0,1,1,,Negative
26,107808,5.0,5,4,Amazing experience overall.,Positive
27,118069,2.0,3,3,Very disappointed with the service.,Negative
28,114031,,1,2,Very disappointed with the service.,Negative
29,115403,1.0,1,1,Order was incomplete.,Negative
30,100662,5.0,5,4,Best biryani in town!,Positive
31,111482,4.0,3,5,Packaging was excellent and food was hot.,Positive
32,113998,2.0,1,3,Food arrived cold and late.,Negative
33,106697,5.0,4,5,"Loved the taste, will order again.",Positive
34,108484,5.0,5,4,Amazing experience overall.,Positive
35,111513,4.0,4,3,Great food and fast delivery!,Positive
36,118533,4.0,5,4,Great food and fast delivery!,Positive
37,114164,3.0,3,2,"Food was okay, nothing special.",Neutral
38,120375,5.0,4,5,Packaging was excellent and food was hot.,Positive
39,116568,5.0,5,4,Packaging was excellent and food was hot.,Positive
40,117591,3.0,4,4,,Neutral
41,101072,5.0,5,4,Packaging was excellent and food was hot.,Positive
42,113083,5.0,5,4,Packaging was excellent and food was hot.,Positive
43,101323,5.0,5,5,Great food and fast delivery!,Positive
44,100651,2.0,1,2,Order was incomplete.,Negative
45,119240,3.0,2,2,"Food was okay, nothing special.",Neutral
46,120206,5.0,5,4,Packaging was excellent and food was hot.,Positive
47,108505,2.0,2,2,Order was incomplete.,Negative
48,105893,5.0,4,4,Amazing experience overall.,Positive
49,106534,4.0,3,4,"Loved the taste, will order again.",Positive
50,105154,4.0,3,5,"Loved the taste, will order again.",Positive
51,116254,4.0,4,3,Packaging was excellent and food was hot.,Positive
52,104901,1.0,1,1,Food arrived cold and late.,Negative
53,120004,5.0,5,5,Delivery partner was very polite.,Positive
54,109670,1.0,1,1,Delivery took way too long.,Negative
55,120011,3.0,2,3,"Food was okay, nothing special.",Neutral
56,118030,1.0,1,2,Food arrived cold and late.,Negative
57,102523,2.0,3,1,Quality was not up to the mark.,Negative
58,118860,3.0,4,3,Average experience.,Neutral
59,117088,5.0,4,5,Packaging was excellent and food was hot.,Positive
60,102810,4.0,3,5,Great food and fast delivery!,Positive
61,107505,3.0,2,4,Delivery was on time but food was mediocre.,Neutral
62,101607,1.0,1,1,Quality was not up to the mark.,Negative
63,108961,2.0,3,1,,Negative
64,106305,2.0,3,3,Wrong item delivered.,Negative
65,114319,4.0,4,4,"Loved the taste, will order again.",Positive
66,106419,5.0,5,5,Great food and fast delivery!,Positive
67,118479,5.0,5,5,Delivery partner was very polite.,Positive
68,115850,5.0,5,4,Delivery partner was very polite.,Positive
69,100319,5.0,5,4,Packaging was excellent and food was hot.,Positive
70,109593,5.0,5,5,Best biryani in town!,Positive
71,114234,2.0,1,2,Quality was not up to the mark.,Negative
72,108163,5.0,5,5,Packaging was excellent and food was hot.,Positive
73,116615,3.0,2,4,Delivery was on time but food was mediocre.,Neutral
74,104785,5.0,5,4,Amazing experience overall.,Positive
75,115106,2.0,3,2,Wrong item delivered.,Negative
76,109931,5.0,5,4,"Loved the taste, will order again.",Positive
77,113365,3.0,3,3,,Neutral
78,106906,5.0,5,5,"Loved the taste, will order again.",Positive
79,105146,2.0,3,2,Wrong item delivered.,Negative
80,118145,2.0,3,3,Order was incomplete.,Negative
81,118400,5.0,5,5,Packaging was excellent and food was hot.,Positive
82,100132,4.0,5,3,Delivery partner was very polite.,Positive
83,107288,4.0,5,5,Great food and fast delivery!,Positive
84,120261,3.0,4,3,,Neutral
85,103754,3.0,4,3,"Food was okay, nothing special.",Neutral
86,106960,2.0,2,2,Delivery took way too long.,Negative
87,113618,1.0,1,2,Quality was not up to the mark.,Negative
88,109396,1.0,2,1,Very disappointed with the service.,Negative
89,114041,5.0,5,5,Amazing experience overall.,Positive
90,103312,3.0,4,4,"Food was okay, nothing special.",Neutral
91,116189,5.0,5,5,Great food and fast delivery!,Positive
92,115540,3.0,4,2,Delivery was on time but food was mediocre.,Neutral
93,107906,5.0,4,5,,Positive
94,108148,5.0,5,5,Delivery partner was very polite.,Positive
95,100772,1.0,1,2,Food arrived cold and late.,Negative
96,103747,3.0,4,4,Delivery was on time but food was mediocre.,Neutral
97,118647,2.0,2,3,Quality was not up to the mark.,Negative
98,104329,5.0,5,4,Delivery partner was very polite.,Positive
99,108114,4.0,3,4,Best biryani in town!,Positive
100,109093,4.0,4,3,"Loved the taste, will order again.",Positive
101,113427,5.0,5,5,Great food and fast delivery!,Positive
102,102414,1.0,1,2,Food arrived cold and late.,Negative
103,110015,4.0,3,4,Best biryani in town!,Positive
104,107424,4.0,5,5,Great food and fast delivery!,Positive
105,114836,5.0,5,4,Delivery partner was very polite.,Positive
106,114522,5.0,4,4,Packaging was excellent and food was hot.,Positive
107,101401,3.0,3,3,"Food was okay, nothing special.",Neutral
108,110952,5.0,5,5,Packaging was excellent and food was hot.,Positive
109,112630,3.0,2,3,"Food was okay, nothing special.",Neutral
110,111353,2.0,1,3,Wrong item delivered.,Negative
111,110158,3.0,3,4,Average experience.,Neutral
112,107938,2.0,3,3,Wrong item delivered.,Negative
113,105481,5.0,5,4,Delivery partner was very polite.,Positive
114,103405,2.0,2,3,Order was incomplete.,Negative
115,114187,5.0,4,4,"Loved the taste, will order again.",Positive
116,103538,3.0,2,3,,Neutral
117,114901,1.0,1,2,,Negative
118,116354,4.0,4,3,Great food and fast delivery!,Positive
119,111024,3.0,3,2,"Food was okay, nothing special.",Neutral
120,116442,4.0,3,3,Packaging was excellent and food was hot.,Positive
121,100030,3.0,4,4,Delivery was on time but food was mediocre.,Neutral
122,101782,2.0,3,3,Delivery took way too long.,Negative
123,116865,5.0,5,5,"Loved the taste, will order again.",Positive
124,115454,2.0,3,3,Food arrived cold and late.,Negative
125,119483,3.0,4,4,Delivery was on time but food was mediocre.,Neutral
126,119625,5.0,5,5,Best biryani in town!,Positive
127,103119,5.0,5,4,Packaging was excellent and food was hot.,Positive
128,113947,4.0,5,5,Amazing experience overall.,Positive
129,113272,2.0,3,3,Quality was not up to the mark.,Negative
130,113774,1.0,1,1,Food arrived cold and late.,Negative
131,103785,5.0,4,4,Best biryani in town!,Positive
132,104393,5.0,4,5,Packaging was excellent and food was hot.,Positive
133,107070,4.0,4,4,Best biryani in town!,Positive
134,118341,3.0,2,4,Average experience.,Neutral
135,105712,3.0,3,3,Delivery was on time but food was mediocre.,Neutral
136,118886,5.0,5,5,Best biryani in town!,Positive
137,103076,2.0,1,3,Order was incomplete.,Negative
138,108420,3.0,4,3,,Neutral
139,102965,1.0,1,1,Delivery took way too long.,Negative
140,104302,5.0,5,5,"Loved the taste, will order again.",Positive
141,109957,4.0,3,3,Best biryani in town!,Positive
142,103156,1.0,1,2,Food arrived cold and late.,Negative
143,103762,2.0,1,2,Delivery took way too long.,Negative
144,106605,5.0,4,5,Packaging was excellent and food was hot.,Positive
145,103966,4.0,3,4,,Positive
146,120195,5.0,5,5,Delivery partner was very polite.,Positive
147,116653,2.0,2,3,Wrong item delivered.,Negative
148,119573,5.0,4,5,Great food and fast delivery!,Positive
149,114589,5.0,4,5,Packaging was excellent and food was hot.,Positive
150,113717,5.0,5,5,,Positive
151,117538,5.0,5,4,Amazing experience overall.,Positive
152,115143,3.0,3,3,Average experience.,Neutral
153,110087,4.0,5,5,Best biryani in town!,Positive
154,111866,4.0,3,5,Packaging was excellent and food was hot.,Positive
155,107835,,2,3,"Food was okay, nothing special.",Neutral
156,113426,5.0,5,5,Great food and fast delivery!,Positive
157,103513,4.0,4,5,Packaging was excellent and food was hot.,Positive
158,113260,4.0,4,4,,Positive
159,102898,4.0,5,4,Packaging was excellent and food was hot.,Positive
160,108130,2.0,2,2,Delivery took way too long.,Negative
161,104787,3.0,2,4,"Food was okay, nothing special.",Neutral
162,119492,5.0,5,4,Best biryani in town!,Positive
163,106868,5.0,4,5,Packaging was excellent and food was hot.,Positive
164,117467,2.0,3,1,Very disappointed with the service.,Negative
165,112699,2.0,3,1,Order was incomplete.,Negative
166,118082,1.0,1,2,Food arrived cold and late.,Negative
167,102279,5.0,5,5,Amazing experience overall.,Positive
168,103853,1.0,2,2,Delivery took way too long.,Negative
169,115501,2.0,1,3,Delivery took way too long.,Negative
170,115023,4.0,3,3,Packaging was excellent and food was hot.,Positive
171,104650,2.0,3,1,Order was incomplete.,Negative
172,113788,2.0,2,1,Order was incomplete.,Negative
173,114042,5.0,5,4,Best biryani in town!,Positive
174,116702,3.0,4,4,"Food was okay, nothing special.",Neutral
175,115944,5.0,5,4,Packaging was excellent and food was hot.,Positive
176,115406,2.0,3,2,Wrong item delivered.,Negative
177,104567,1.0,1,1,Delivery took way too long.,Negative
178,113322,4.0,4,4,"Loved the taste, will order again.",Positive
179,107981,4.0,3,4,,Positive
180,113203,2.0,3,3,Order was incomplete.,Negative
181,107765,,4,5,"Loved the taste, will order again.",Positive
182,116650,1.0,1,2,Very disappointed with the service.,Negative
183,101270,4.0,5,4,Best biryani in town!,Positive
184,120428,5.0,5,4,Amazing experience overall.,Positive
185,109319,3.0,3,2,Delivery was on time but food was mediocre.,Neutral
186,101010,4.0,3,3,Great food and fast delivery!,Positive
187,105346,5.0,5,5,Delivery partner was very polite.,Positive
188,106203,5.0,5,5,Best biryani in town!,Positive
189,107126,4.0,4,4,Best biryani in town!,Positive
190,100639,3.0,4,4,Delivery was on time but food was mediocre.,Neutral
191,116467,5.0,5,5,Great food and fast delivery!,Positive
192,118303,5.0,4,5,Delivery partner was very polite.,Positive
193,118196,5.0,4,5,Great food and fast delivery!,Positive
194,112116,5.0,5,4,Packaging was excellent and food was hot.,Positive
195,114419,3.0,2,3,Delivery was on time but food was mediocre.,Neutral
196,110999,4.0,4,3,Delivery partner was very polite.,Positive
197,102358,5.0,5,5,Amazing experience overall.,Positive
198,115903,2.0,3,3,Delivery took way too long.,Negative
199,107159,4.0,3,5,Best biryani in town!,Positive
200,100613,1.0,2,2,Delivery took way too long.,Negative
201,107905,,4,4,Delivery partner was very polite.,Positive
202,116118,4.0,5,4,Packaging was excellent and food was hot.,Positive
203,115968,5.0,4,5,Best biryani in town!,Positive
204,108791,5.0,5,5,Great food and fast delivery!,Positive
205,116046,4.0,5,5,"Loved the taste, will order again.",Positive
206,101100,2.0,2,3,Food arrived cold and late.,Negative
207,114702,2.0,2,3,Wrong item delivered.,Negative
208,102590,5.0,5,4,Best biryani in town!,Positive
209,119426,5.0,5,5,Packaging was excellent and food was hot.,Positive
210,116896,4.0,3,5,Great food and fast delivery!,Positive
211,103675,5.0,5,5,Best biryani in town!,Positive
212,107002,2.0,2,2,Quality was not up to the mark.,Negative
213,100606,2.0,1,2,Wrong item delivered.,Negative
214,103388,5.0,5,4,Best biryani in town!,Positive
215,118414,4.0,5,5,Amazing experience overall.,Positive
216,100068,5.0,4,5,"Loved the taste, will order again.",Positive
217,116608,2.0,3,1,Food arrived cold and late.,Negative
218,109515,5.0,4,4,Great food and fast delivery!,Positive
219,116837,5.0,5,5,Delivery partner was very polite.,Positive
220,115377,4.0,3,4,Best biryani in town!,Positive
221,106587,5.0,5,4,,Positive
222,114774,1.0,2,1,Delivery took way too long.,Negative
223,106607,2.0,2,1,Quality was not up to the mark.,Negative
224,106638,5.0,5,5,,Positive
225,109363,4.0,3,5,Delivery partner was very polite.,Positive
226,110002,2.0,3,3,Order was incomplete.,Negative
227,112542,5.0,5,5,Amazing experience overall.,Positive
228,117823,2.0,1,1,Delivery took way too long.,Negative
229,111872,1.0,2,2,Quality was not up to the mark.,Negative
230,109440,5.0,4,5,"Loved the taste, will order again.",Positive
231,101471,5.0,4,5,Packaging was excellent and food was hot.,Positive
232,107372,1.0,1,1,Quality was not up to the mark.,Negative
233,106814,2.0,2,1,Order was incomplete.,Negative
234,114907,4.0,5,5,,Positive
235,105636,3.0,4,3,"Food was okay, nothing special.",Neutral
236,116424,2.0,1,1,Quality was not up to the mark.,Negative
237,110237,4.0,3,3,Amazing experience overall.,Positive
238,111535,5.0,5,5,Packaging was excellent and food was hot.,Positive
239,106173,2.0,3,3,Food arrived cold and late.,Negative
240,112746,2.0,1,3,Quality was not up to the mark.,Negative
241,110554,3.0,3,2,"Food was okay, nothing special.",Neutral
242,109426,5.0,5,5,Delivery partner was very polite.,Positive
243,106765,5.0,4,5,Delivery partner was very polite.,Positive
244,120362,5.0,5,4,Best biryani in town!,Positive
245,119553,2.0,2,3,Delivery took way too long.,Negative
246,111605,5.0,5,4,"Loved the taste, will order again.",Positive
247,100205,2.0,3,1,Wrong item delivered.,Negative
248,100511,,5,4,Delivery partner was very polite.,Positive
249,119173,2.0,2,2,Food arrived cold and late.,Negative
250,104890,5.0,5,5,Great food and fast delivery!,Positive
251,108023,2.0,2,2,Order was incomplete.,Negative
252,113204,1.0,1,1,Very disappointed with the service.,Negative
253,101980,,4,5,Best biryani in town!,Positive
254,114488,5.0,5,4,Great food and fast delivery!,Positive
255,105864,4.0,3,3,Best biryani in town!,Positive
256,104546,5.0,5,4,Great food and fast delivery!,Positive
257,106524,3.0,2,4,,Neutral
258,117555,2.0,3,2,Order was incomplete.,Negative
259,104549,5.0,5,4,Best biryani in town!,Positive
260,116157,4.0,4,4,Delivery partner was very polite.,Positive
261,104778,5.0,5,5,Amazing experience overall.,Positive
262,103684,4.0,4,3,Great food and fast delivery!,Positive
263,114411,1.0,2,1,Wrong item delivered.,Negative
264,102001,4.0,4,3,Packaging was excellent and food was hot.,Positive
265,109942,5.0,4,4,Best biryani in town!,Positive
266,102009,2.0,3,1,Wrong item delivered.,Negative
267,117357,3.0,2,4,Delivery was on time but food was mediocre.,Neutral
268,107913,1.0,2,2,Food arrived cold and late.,Negative
269,100169,5.0,5,5,Packaging was excellent and food was hot.,Positive
270,110409,5.0,5,4,Best biryani in town!,Positive
271,110881,4.0,4,5,"Loved the taste, will order again.",Positive
272,119221,3.0,3,3,Delivery was on time but food was mediocre.,Neutral
273,100321,5.0,4,4,Amazing experience overall.,Positive
274,120256,5.0,5,4,Best biryani in town!,Positive
275,111996,2.0,3,1,Delivery took way too long.,Negative
276,105108,5.0,4,5,"Loved the taste, will order again.",Positive
277,119742,5.0,4,5,Best biryani in town!,Positive
278,111188,5.0,4,5,Great food and fast delivery!,Positive
279,112369,5.0,5,5,Packaging was excellent and food was hot.,Positive
280,106806,5.0,4,4,Great food and fast delivery!,Positive
281,108011,4.0,4,3,Delivery partner was very polite.,Positive
282,108917,3.0,3,4,Average experience.,Neutral
283,100509,4.0,4,5,Great food and fast delivery!,Positive
284,114044,3.0,3,4,Average experience.,Neutral
285,116315,2.0,1,1,Quality was not up to the mark.,Negative
286,111141,,5,3,,Positive
287,106566,3.0,2,2,,Neutral
288,104321,5.0,4,5,Delivery partner was very polite.,Positive
289,112032,5.0,4,5,Amazing experience overall.,Positive
290,109221,3.0,2,2,"Food was okay, nothing special.",Neutral
291,118931,5.0,5,5,Delivery partner was very polite.,Positive
292,114129,2.0,2,3,Food arrived cold and late.,Negative
293,102444,3.0,4,2,,Neutral
294,116954,5.0,5,5,Amazing experience overall.,Positive
295,103389,2.0,3,1,Order was incomplete.,Negative
296,115110,3.0,4,4,Average experience.,Neutral
297,104470,2.0,3,1,Order was incomplete.,Negative
298,119840,4.0,4,5,Packaging was excellent and food was hot.,Positive
299,105060,4.0,4,3,Great food and fast delivery!,Positive
300,117797,5.0,4,5,Packaging was excellent and food was hot.,Positive
301,105839,4.0,4,4,Delivery partner was very polite.,Positive
302,102983,2.0,3,3,Very disappointed with the service.,Negative
303,100790,3.0,3,2,,Neutral
304,116642,5.0,5,5,Great food and fast delivery!,Positive
305,100046,4.0,5,3,Best biryani in town!,Positive
306,107822,4.0,5,3,Delivery partner was very polite.,Positive
307,116387,4.0,5,5,Packaging was excellent and food was hot.,Positive
308,119946,5.0,5,4,Great food and fast delivery!,Positive
309,109932,3.0,2,3,Average experience.,Neutral
310,108489,4.0,4,3,Delivery partner was very polite.,Positive
311,110510,5.0,5,4,Best biryani in town!,Positive
312,103031,5.0,5,4,Packaging was excellent and food was hot.,Positive
313,106454,5.0,5,5,Amazing experience overall.,Positive
314,113676,4.0,3,3,Great food and fast delivery!,Positive
315,106488,5.0,4,4,Great food and fast delivery!,Positive
316,114634,5.0,5,5,"Loved the taste, will order again.",Positive
317,104412,3.0,2,4,Delivery was on time but food was mediocre.,Neutral
318,100792,5.0,5,5,"Loved the taste, will order again.",Positive
319,112047,2.0,3,1,Quality was not up to the mark.,Negative
320,119491,3.0,4,3,Average experience.,Neutral
321,106890,3.0,4,2,"Food was okay, nothing special.",Neutral
322,117131,5.0,5,5,Amazing experience overall.,Positive
323,110394,2.0,3,2,Quality was not up to the mark.,Negative
324,116822,3.0,4,2,,Neutral
325,118838,4.0,5,4,Packaging was excellent and food was hot.,Positive
326,119117,5.0,5,5,Delivery partner was very polite.,Positive
327,112928,1.0,2,1,Wrong item delivered.,Negative
328,110829,2.0,1,3,Wrong item delivered.,Negative
329,105335,2.0,2,3,Food arrived cold and late.,Negative
330,107526,4.0,4,4,Packaging was excellent and food was hot.,Positive
331,119689,2.0,3,2,Wrong item delivered.,Negative
332,112754,5.0,4,4,"Loved the taste, will order again.",Positive
333,109709,4.0,4,3,Delivery partner was very polite.,Positive
334,102331,4.0,5,3,Delivery partner was very polite.,Positive
335,113337,3.0,2,4,Average experience.,Neutral
336,111097,5.0,4,5,Delivery partner was very polite.,Positive
337,114121,5.0,4,5,Great food and fast delivery!,Positive
338,100409,3.0,3,2,Average experience.,Neutral
339,106233,4.0,5,4,Packaging was excellent and food was hot.,Positive
340,113616,3.0,4,3,Delivery was on time but food was mediocre.,Neutral
341,119135,4.0,3,5,Delivery partner was very polite.,Positive
342,105800,4.0,3,4,Delivery partner was very polite.,Positive
343,120043,1.0,1,1,Delivery took way too long.,Negative
344,103335,3.0,4,3,"Food was okay, nothing special.",Neutral
345,114750,1.0,2,2,Quality was not up to the mark.,Negative
346,119345,5.0,4,4,Packaging was excellent and food was hot.,Positive
347,114024,5.0,5,4,Amazing experience overall.,Positive
348,110315,3.0,2,3,,Neutral
349,118230,2.0,1,3,Food arrived cold and late.,Negative
350,100074,5.0,4,4,Packaging was excellent and food was hot.,Positive
351,103702,3.0,2,4,,Neutral
352,107516,5.0,4,4,"Loved the taste, will order again.",Positive
353,114815,4.0,3,4,Best biryani in town!,Positive
354,106811,3.0,4,4,Delivery was on time but food was mediocre.,Neutral
355,120313,3.0,2,2,"Food was okay, nothing special.",Neutral
356,112157,5.0,4,5,Best biryani in town!,Positive
357,104117,2.0,2,2,Quality was not up to the mark.,Negative
358,110717,2.0,3,3,Very disappointed with the service.,Negative
359,105943,5.0,5,4,"Loved the taste, will order again.",Positive
360,100246,4.0,3,3,Great food and fast delivery!,Positive
361,116241,3.0,3,2,,Neutral
362,114054,2.0,1,1,Very disappointed with the service.,Negative
363,101279,4.0,5,4,Great food and fast delivery!,Positive
364,110142,4.0,5,4,Amazing experience overall.,Positive
365,104872,3.0,3,4,Average experience.,Neutral
366,102757,5.0,4,5,Delivery partner was very polite.,Positive
367,105038,3.0,4,3,Delivery was on time but food was mediocre.,Neutral
368,110132,5.0,4,4,"Loved the taste, will order again.",Positive
369,109958,4.0,5,5,Packaging was excellent and food was hot.,Positive
370,104636,5.0,5,4,Great food and fast delivery!,Positive
371,120357,5.0,4,4,Great food and fast delivery!,Positive
372,104151,2.0,2,3,Wrong item delivered.,Negative
373,110393,5.0,4,5,Delivery partner was very polite.,Positive
374,117670,4.0,5,5,Best biryani in town!,Positive
375,111380,3.0,2,3,"Food was okay, nothing special.",Neutral
376,100878,2.0,2,3,Quality was not up to the mark.,Negative
377,101206,5.0,4,5,Amazing experience overall.,Positive
378,115527,5.0,5,5,Delivery partner was very polite.,Positive
379,109575,5.0,4,5,Best biryani in town!,Positive
380,106551,2.0,2,2,Very disappointed with the service.,Negative
381,114101,5.0,5,4,Great food and fast delivery!,Positive
382,103668,4.0,5,5,"Loved the taste, will order again.",Positive
383,115834,5.0,5,4,Packaging was excellent and food was hot.,Positive
384,104456,1.0,1,1,Delivery took way too long.,Negative
385,103557,4.0,3,3,"Loved the taste, will order again.",Positive
386,109462,3.0,4,3,Delivery was on time but food was mediocre.,Neutral
387,113761,3.0,4,4,Average experience.,Neutral
388,111989,3.0,3,3,,Neutral
389,119589,4.0,3,3,Amazing experience overall.,Positive
390,101288,4.0,3,4,Packaging was excellent and food was hot.,Positive
391,111084,4.0,5,4,Great food and fast delivery!,Positive
392,103303,3.0,3,4,,Neutral
393,103225,4.0,4,3,Amazing experience overall.,Positive
394,108907,4.0,5,5,Delivery partner was very polite.,Positive
395,114038,2.0,1,2,Wrong item delivered.,Negative
396,111867,4.0,3,5,"Loved the taste, will order again.",Positive
397,103170,5.0,4,5,"Loved the taste, will order again.",Positive
398,103268,2.0,2,3,Very disappointed with the service.,Negative
399,118936,5.0,4,5,"Loved the taste, will order again.",Positive
400,102932,5.0,5,5,Best biryani in town!,Positive
401,109251,3.0,2,3,"Food was okay, nothing special.",Neutral
402,105881,5.0,5,4,Amazing experience overall.,Positive
403,107759,5.0,5,5,Great food and fast delivery!,Positive
404,111480,5.0,5,5,"Loved the taste, will order again.",Positive
405,110499,4.0,4,4,Great food and fast delivery!,Positive
406,107009,4.0,3,5,Best biryani in town!,Positive
407,107120,2.0,1,3,Food arrived cold and late.,Negative
408,120321,2.0,3,1,Order was incomplete.,Negative
409,114148,3.0,2,3,"Food was okay, nothing special.",Neutral
410,106874,3.0,4,4,Average experience.,Neutral
411,104563,3.0,3,4,Delivery was on time but food was mediocre.,Neutral
412,109129,5.0,4,5,"Loved the taste, will order again.",Positive
413,109435,4.0,3,3,Amazing experience overall.,Positive
414,116241,5.0,5,4,Best biryani in town!,Positive
415,111288,1.0,1,1,Wrong item delivered.,Negative
416,110765,3.0,2,2,Delivery was on time but food was mediocre.,Neutral
417,101155,5.0,4,5,Amazing experience overall.,Positive
418,109364,4.0,5,3,Delivery partner was very polite.,Positive
419,108807,2.0,2,2,,Negative
420,102891,3.0,4,2,Delivery was on time but food was mediocre.,Neutral
421,104038,3.0,4,3,,Neutral
422,114578,1.0,1,1,Food arrived cold and late.,Negative
423,103629,4.0,4,4,Best biryani in town!,Positive
424,114652,2.0,3,3,Order was incomplete.,Negative
425,112785,4.0,3,4,Packaging was excellent and food was hot.,Positive
426,114093,3.0,3,3,"Food was okay, nothing special.",Neutral
427,104317,5.0,5,4,Great food and fast delivery!,Positive
428,119189,4.0,3,5,"Loved the taste, will order again.",Positive
429,119026,4.0,5,3,"Loved the taste, will order again.",Positive
430,109997,2.0,2,1,Very disappointed with the service.,Negative
431,109287,5.0,5,5,Delivery partner was very polite.,Positive
432,110003,3.0,4,4,Average experience.,Neutral
433,116585,5.0,5,4,Best biryani in town!,Positive
434,117822,1.0,2,1,Food arrived cold and late.,Negative
435,118984,5.0,5,5,,Positive
436,113723,4.0,3,4,Best biryani in town!,Positive
437,102684,5.0,5,4,Great food and fast delivery!,Positive
438,105697,5.0,4,4,Great food and fast delivery!,Positive
439,120040,4.0,4,3,"Loved the taste, will order again.",Positive
440,114469,5.0,5,5,Amazing experience overall.,Positive
441,115005,,5,4,Delivery partner was very polite.,Positive
442,116448,5.0,5,5,Packaging was excellent and food was hot.,Positive
443,120401,3.0,3,4,Delivery was on time but food was mediocre.,Neutral
444,118301,5.0,5,4,Amazing experience overall.,Positive
445,110577,4.0,4,5,Amazing experience overall.,Positive
446,114663,5.0,4,4,Delivery partner was very polite.,Positive
447,118916,5.0,5,4,Amazing experience overall.,Positive
448,118666,5.0,5,4,Amazing experience overall.,Positive
449,111275,3.0,3,2,Average experience.,Neutral
450,114219,5.0,4,5,Packaging was excellent and food was hot.,Positive
451,100190,5.0,4,4,Delivery partner was very polite.,Positive
452,115189,5.0,4,5,Amazing experience overall.,Positive
453,119551,3.0,3,4,Average experience.,Neutral
454,110139,5.0,5,4,Delivery partner was very polite.,Positive
455,109495,3.0,3,3,,Neutral
456,105708,3.0,3,4,,Neutral
457,117567,4.0,4,4,Best biryani in town!,Positive
458,120061,3.0,4,2,,Neutral
459,115339,3.0,4,4,Average experience.,Neutral
460,105263,5.0,5,4,Amazing experience overall.,Positive
461,115637,3.0,2,2,,Neutral
462,109226,5.0,5,5,Amazing experience overall.,Positive
463,102471,4.0,5,5,Great food and fast delivery!,Positive
464,111714,2.0,3,2,Quality was not up to the mark.,Negative
465,108471,5.0,5,4,Best biryani in town!,Positive
466,110706,1.0,1,1,Very disappointed with the service.,Negative
467,107579,5.0,5,4,"Loved the taste, will order again.",Positive
468,107368,5.0,5,5,Delivery partner was very polite.,Positive
469,110246,5.0,4,5,,Positive
470,116395,1.0,1,2,Very disappointed with the service.,Negative
471,120164,5.0,5,5,"Loved the taste, will order again.",Positive
472,105228,2.0,3,2,Very disappointed with the service.,Negative
473,105779,3.0,2,4,Average experience.,Neutral
474,120217,5.0,4,5,Amazing experience overall.,Positive
475,101938,5.0,4,5,Great food and fast delivery!,Positive
476,102873,4.0,5,4,,Positive
477,116581,5.0,4,4,Best biryani in town!,Positive
478,104215,2.0,1,3,Wrong item delivered.,Negative
479,112475,1.0,1,1,Very disappointed with the service.,Negative
480,116042,3.0,4,4,Average experience.,Neutral
481,117290,4.0,5,5,Delivery partner was very polite.,Positive
482,102545,5.0,5,4,Great food and fast delivery!,Positive
483,112147,4.0,3,4,Amazing experience overall.,Positive
484,113070,2.0,3,2,Very disappointed with the service.,Negative
485,100023,5.0,4,5,Great food and fast delivery!,Positive
486,117732,5.0,5,4,Great food and fast delivery!,Positive
487,106750,2.0,2,3,Order was incomplete.,Negative
488,103440,4.0,3,3,"Loved the taste, will order again.",Positive
489,101611,4.0,4,5,Great food and fast delivery!,Positive
490,107996,4.0,4,3,Great food and fast delivery!,Positive
491,104279,4.0,3,3,Amazing experience overall.,Positive
492,104844,4.0,4,5,Best biryani in town!,Positive
493,103757,4.0,3,3,Packaging was excellent and food was hot.,Positive
494,117675,2.0,1,2,Food arrived cold and late.,Negative
495,115577,3.0,3,4,,Neutral
496,105288,2.0,3,3,Quality was not up to the mark.,Negative
497,118762,5.0,5,5,Delivery partner was very polite.,Positive
498,115890,3.0,2,4,"Food was okay, nothing special.",Neutral
499,101709,4.0,3,5,Delivery partner was very polite.,Positive
500,120336,2.0,3,1,Very disappointed with the service.,Negative
501,111438,5.0,5,5,Packaging was excellent and food was hot.,Positive
502,115433,2.0,2,1,Wrong item delivered.,Negative
503,118538,5.0,7,5,Best biryani in town!,Positive
504,103070,2.0,3,2,Quality was not up to the mark.,Negative
505,120456,5.0,5,4,Best biryani in town!,Positive
506,105838,3.0,4,2,,Neutral
507,115176,4.0,4,5,Best biryani in town!,Positive
508,100218,4.0,3,3,Delivery partner was very polite.,Positive
509,104395,5.0,5,5,Best biryani in town!,Positive
510,116251,3.0,3,3,Delivery was on time but food was mediocre.,Neutral
511,114281,5.0,4,5,Packaging was excellent and food was hot.,Positive
512,103181,3.0,2,2,,Neutral
513,103867,3.0,2,4,,Neutral
514,117800,1.0,1,2,Quality was not up to the mark.,Negative
515,109386,1.0,1,1,Wrong item delivered.,Negative
516,109272,5.0,4,4,Amazing experience overall.,Positive
517,102598,5.0,4,5,Packaging was excellent and food was hot.,Positive
518,118470,4.0,5,3,Great food and fast delivery!,Positive
519,106727,5.0,4,4,Amazing experience overall.,Positive
520,110945,2.0,3,3,Order was incomplete.,Negative
521,109754,3.0,4,2,"Food was okay, nothing special.",Neutral
522,100028,3.0,4,4,Delivery was on time but food was mediocre.,Neutral
523,110426,3.0,2,3,"Food was okay, nothing special.",Neutral
524,106862,4.0,4,5,Packaging was excellent and food was hot.,Positive
525,106110,1.0,1,2,Very disappointed with the service.,Negative
526,114657,2.0,1,1,Very disappointed with the service.,Negative
527,117094,3.0,4,3,,Neutral
528,117117,5.0,5,5,"Loved the taste, will order again.",Positive
529,107472,2.0,1,1,Wrong item delivered.,Negative
530,115037,3.0,4,2,Average experience.,Neutral
531,118726,4.0,5,4,Delivery partner was very polite.,Positive
532,115680,5.0,4,4,Delivery partner was very polite.,Positive
533,114747,4.0,3,4,Great food and fast delivery!,Positive
534,118426,2.0,3,3,Delivery took way too long.,Negative
535,110328,2.0,2,1,Order was incomplete.,Negative
536,112113,5.0,5,4,Great food and fast delivery!,Positive
537,115247,4.0,3,4,"Loved the taste, will order again.",Positive
538,120072,5.0,5,4,Delivery partner was very polite.,Positive
539,102648,3.0,4,3,Delivery was on time but food was mediocre.,Neutral
540,117699,5.0,5,5,Great food and fast delivery!,Positive
541,102623,3.0,2,2,,Neutral
542,105188,4.0,3,4,Delivery partner was very polite.,Positive
543,118330,5.0,5,4,Amazing experience overall.,Positive
544,108760,4.0,4,4,Delivery partner was very polite.,Positive
545,115981,3.0,4,4,Delivery was on time but food was mediocre.,Neutral
546,110796,4.0,4,4,Best biryani in town!,Positive
547,115670,5.0,4,5,Delivery partner was very polite.,Positive
548,105384,2.0,2,1,Order was incomplete.,Negative
549,116465,5.0,5,5,Packaging was excellent and food was hot.,Positive
550,104558,1.0,1,2,Quality was not up to the mark.,Negative
551,101658,1.0,1,1,Quality was not up to the mark.,Negative
552,116413,5.0,5,5,,Positive
553,106045,5.0,5,4,Packaging was excellent and food was hot.,Positive
554,104085,4.0,3,4,"Loved the taste, will order again.",Positive
555,103828,5.0,4,5,,Positive
556,113206,2.0,1,2,Wrong item delivered.,Negative
557,103483,5.0,4,5,Amazing experience overall.,Positive
558,119730,3.0,3,4,Average experience.,Neutral
559,103535,1.0,1,2,Food arrived cold and late.,Negative
560,117120,2.0,3,3,Very disappointed with the service.,Negative
561,110736,4.0,5,5,"Loved the taste, will order again.",Positive
562,112621,1.0,1,2,Quality was not up to the mark.,Negative
563,119088,4.0,5,5,Best biryani in town!,Positive
564,104854,3.0,2,2,"Food was okay, nothing special.",Neutral
565,102666,3.0,3,4,,Neutral
566,104466,5.0,5,5,Best biryani in town!,Positive
567,104210,5.0,4,5,Delivery partner was very polite.,Positive
568,110501,3.0,4,3,,Neutral
569,112158,5.0,4,4,"Loved the taste, will order again.",Positive
570,109365,5.0,5,5,Delivery partner was very polite.,Positive
571,104849,5.0,4,5,Amazing experience overall.,Positive
572,115960,3.0,2,4,Delivery was on time but food was mediocre.,Neutral
573,101550,5.0,5,5,,Positive
574,106164,3.0,2,2,"Food was okay, nothing special.",Neutral
575,114989,3.0,4,3,Average experience.,Neutral
576,120460,3.0,4,2,,Neutral
577,107345,4.0,5,5,"Loved the taste, will order again.",Positive
578,116788,5.0,4,4,Delivery partner was very polite.,Positive
579,115197,5.0,5,5,Great food and fast delivery!,Positive
580,115294,5.0,4,5,Delivery partner was very polite.,Positive
581,113406,5.0,5,5,Packaging was excellent and food was hot.,Positive
582,101547,3.0,4,3,Average experience.,Neutral
583,116418,5.0,4,5,Great food and fast delivery!,Positive
584,112045,4.0,4,3,"Loved the taste, will order again.",Positive
585,109987,3.0,4,4,Average experience.,Neutral
586,118392,4.0,3,3,Delivery partner was very polite.,Positive
587,109810,2.0,2,3,Very disappointed with the service.,Negative
588,119023,2.0,1,1,Quality was not up to the mark.,Negative
589,108947,5.0,5,4,Amazing experience overall.,Positive
590,110153,5.0,5,4,Amazing experience overall.,Positive
591,105440,4.0,5,3,,Positive
592,105866,5.0,5,4,Best biryani in town!,Positive
593,117181,5.0,5,5,Amazing experience overall.,Positive
594,120348,3.0,2,2,Delivery was on time but food was mediocre.,Neutral
595,118574,3.0,2,3,Delivery was on time but food was mediocre.,Neutral
596,101722,1.0,2,2,Quality was not up to the mark.,Negative
597,102918,5.0,5,5,,Positive
598,120377,1.0,1,1,Delivery took way too long.,Negative
599,105874,2.0,2,2,Delivery took way too long.,Negative
600,115478,4.0,4,4,Amazing experience overall.,Positive
601,110574,4.0,5,5,Packaging was excellent and food was hot.,Positive
602,107978,2.0,1,1,Quality was not up to the mark.,Negative
603,112458,2.0,3,2,Order was incomplete.,Negative
604,103769,5.0,5,5,"Loved the taste, will order again.",Positive
605,106766,2.0,1,1,Wrong item delivered.,Negative
606,119416,4.0,5,3,Packaging was excellent and food was hot.,Positive
607,113443,3.0,2,2,Average experience.,Neutral
608,114078,4.0,4,5,Delivery partner was very polite.,Positive
609,103586,3.0,9,4,"Food was okay, nothing special.",Neutral
610,115296,5.0,5,4,,Positive
611,114391,2.0,2,1,Quality was not up to the mark.,Negative
612,101643,2.0,1,3,Delivery took way too long.,Negative
613,113250,5.0,5,4,Packaging was excellent and food was hot.,Positive
614,113912,2.0,1,2,Wrong item delivered.,Negative
615,115347,5.0,5,4,Delivery partner was very polite.,Positive
616,105599,4.0,4,4,Great food and fast delivery!,Positive
617,108274,5.0,5,5,Amazing experience overall.,Positive
618,112940,5.0,5,4,"Loved the taste, will order again.",Positive
619,118929,4.0,5,4,Delivery partner was very polite.,Positive
620,106279,5.0,4,5,Delivery partner was very polite.,Positive
621,120149,5.0,4,5,Packaging was excellent and food was hot.,Positive
622,103973,3.0,6,3,"Food was okay, nothing special.",Neutral
623,102822,2.0,2,2,Very disappointed with the service.,Negative
624,119951,4.0,5,3,Delivery partner was very polite.,Positive
625,104614,5.0,5,5,Great food and fast delivery!,Positive
626,102229,5.0,5,4,"Loved the taste, will order again.",Positive
627,112474,5.0,5,5,Great food and fast delivery!,Positive
628,109323,5.0,5,5,Great food and fast delivery!,Positive
629,120394,5.0,5,5,Packaging was excellent and food was hot.,Positive
630,103537,1.0,2,1,Food arrived cold and late.,Negative
631,117386,2.0,3,2,Delivery took way too long.,Negative
632,119103,4.0,3,4,,Positive
633,101438,2.0,1,1,Wrong item delivered.,Negative
634,115177,3.0,2,2,,Neutral
635,108276,3.0,3,2,"Food was okay, nothing special.",Neutral
636,112459,5.0,5,5,Delivery partner was very polite.,Positive
637,110795,5.0,4,4,Amazing experience overall.,Positive
638,116476,2.0,2,1,Quality was not up to the mark.,Negative
639,104526,5.0,5,5,Packaging was excellent and food was hot.,Positive
640,117571,2.0,3,3,Very disappointed with the service.,Negative
641,106535,2.0,2,3,Food arrived cold and late.,Negative
642,100620,4.0,3,4,"Loved the taste, will order again.",Positive
643,114223,4.0,3,4,Amazing experience overall.,Positive
644,108620,1.0,1,2,Order was incomplete.,Negative
645,102915,4.0,3,4,Packaging was excellent and food was hot.,Positive
646,100039,3.0,4,2,,Neutral
647,119334,3.0,2,3,,Neutral
648,119831,2.0,2,1,Quality was not up to the mark.,Negative
649,113687,4.0,3,3,"Loved the taste, will order again.",Positive
650,118007,2.0,1,3,Delivery took way too long.,Negative
651,109667,2.0,1,3,Quality was not up to the mark.,Negative
652,119770,4.0,4,4,Best biryani in town!,Positive
653,116051,4.0,4,5,Amazing experience overall.,Positive
654,105778,2.0,1,1,Quality was not up to the mark.,Negative
655,113869,5.0,5,5,Delivery partner was very polite.,Positive
656,113232,2.0,2,1,Delivery took way too long.,Negative
657,103290,2.0,2,2,Delivery took way too long.,Negative
658,119569,3.0,3,2,Delivery was on time but food was mediocre.,Neutral
659,104920,3.0,3,3,Average experience.,Neutral
660,101479,5.0,5,5,Packaging was excellent and food was hot.,Positive
661,112942,2.0,1,2,Order was incomplete.,Negative
662,117327,4.0,3,4,Packaging was excellent and food was hot.,Positive
663,106978,5.0,5,5,Amazing experience overall.,Positive
664,102058,5.0,4,5,Best biryani in town!,Positive
665,106822,5.0,4,5,"Loved the taste, will order again.",Positive
666,118282,3.0,8,2,Average experience.,Neutral
667,108609,4.0,3,3,Packaging was excellent and food was hot.,Positive
668,107771,4.0,3,4,"Loved the taste, will order again.",Positive
669,102213,4.0,4,5,"Loved the taste, will order again.",Positive
670,115687,4.0,4,5,Best biryani in town!,Positive
671,108432,4.0,5,3,"Loved the taste, will order again.",Positive
672,111177,4.0,4,4,Packaging was excellent and food was hot.,Positive
673,119018,5.0,5,5,Great food and fast delivery!,Positive
674,107163,2.0,1,3,Food arrived cold and late.,Negative
675,110635,3.0,2,4,Delivery was on time but food was mediocre.,Neutral
676,104453,3.0,2,2,"Food was okay, nothing special.",Neutral
677,108240,1.0,1,1,Delivery took way too long.,Negative
678,105557,4.0,3,4,,Positive
679,111704,5.0,5,5,Amazing experience overall.,Positive
680,105596,1.0,1,1,,Negative
681,115408,4.0,5,4,Best biryani in town!,Positive
682,114370,2.0,2,3,Quality was not up to the mark.,Negative
683,116809,1.0,1,2,Order was incomplete.,Negative
684,107135,1.0,1,2,Order was incomplete.,Negative
685,100535,4.0,3,5,Delivery partner was very polite.,Positive
686,108287,3.0,3,4,"Food was okay, nothing special.",Neutral
687,105738,5.0,4,5,Packaging was excellent and food was hot.,Positive
688,111978,5.0,5,5,Best biryani in town!,Positive
689,117132,2.0,3,2,Food arrived cold and late.,Negative
690,111615,2.0,3,1,Very disappointed with the service.,Negative
691,104458,5.0,4,5,Great food and fast delivery!,Positive
692,113672,3.0,4,2,"Food was okay, nothing special.",Neutral
693,111217,3.0,2,2,"Food was okay, nothing special.",Neutral
694,114540,5.0,4,5,Amazing experience overall.,Positive
695,111042,5.0,4,5,Delivery partner was very polite.,Positive
696,115038,4.0,4,3,Packaging was excellent and food was hot.,Positive
697,112052,5.0,4,5,Packaging was excellent and food was hot.,Positive
698,100797,5.0,5,4,Best biryani in town!,Positive
699,102209,2.0,3,3,Food arrived cold and late.,Negative
700,101680,2.0,3,2,Quality was not up to the mark.,Negative
701,103136,5.0,5,5,Packaging was excellent and food was hot.,Positive
702,114718,5.0,5,5,Great food and fast delivery!,Positive
703,110170,5.0,5,4,"Loved the taste, will order again.",Positive
704,102526,3.0,4,3,,Neutral
705,108788,4.0,4,3,"Loved the taste, will order again.",Positive
706,113691,3.0,2,2,Delivery was on time but food was mediocre.,Neutral
707,120408,1.0,1,2,Delivery took way too long.,Negative
708,118317,5.0,4,4,Delivery partner was very polite.,Positive
709,104028,3.0,2,4,Delivery was on time but food was mediocre.,Neutral
710,116657,3.0,4,4,"Food was okay, nothing special.",Neutral
711,118322,3.0,2,2,Delivery was on time but food was mediocre.,Neutral
712,108780,1.0,1,1,Delivery took way too long.,Negative
713,105042,4.0,4,3,Best biryani in town!,Positive
714,109733,5.0,4,5,Packaging was excellent and food was hot.,Positive
715,110993,5.0,4,5,Delivery partner was very polite.,Positive
716,102449,2.0,1,1,Delivery took way too long.,Negative
717,111008,2.0,2,2,,Negative
718,120464,3.0,3,4,,Neutral
719,114686,5.0,5,5,Delivery partner was very polite.,Positive
720,117016,5.0,5,5,Delivery partner was very polite.,Positive
721,101105,5.0,5,5,Best biryani in town!,Positive
722,100203,2.0,3,2,Quality was not up to the mark.,Negative
723,104527,5.0,4,5,Best biryani in town!,Positive
724,108165,5.0,4,5,Best biryani in town!,Positive
725,102488,4.0,3,4,Delivery partner was very polite.,Positive
726,115556,4.0,5,5,Amazing experience overall.,Positive
727,114266,2.0,1,3,Quality was not up to the mark.,Negative
728,102799,5.0,4,5,Packaging was excellent and food was hot.,Positive
729,113560,5.0,4,4,Best biryani in town!,Positive
730,101848,3.0,4,4,Average experience.,Neutral
731,105178,5.0,5,5,Delivery partner was very polite.,Positive
732,110064,5.0,5,4,"Loved the taste, will order again.",Positive
733,115135,5.0,5,4,Best biryani in town!,Positive
734,108773,3.0,2,3,"Food was okay, nothing special.",Neutral
735,117249,4.0,5,3,Delivery partner was very polite.,Positive
736,116070,5.0,5,4,"Loved the taste, will order again.",Positive
737,102171,3.0,2,3,Average experience.,Neutral
738,114941,2.0,3,2,Quality was not up to the mark.,Negative
739,101207,5.0,5,5,,Positive
740,106312,5.0,5,5,Great food and fast delivery!,Positive
741,105311,2.0,1,3,Quality was not up to the mark.,Negative
742,117493,2.0,3,3,Wrong item delivered.,Negative
743,107101,3.0,2,4,Average experience.,Neutral
744,117857,5.0,4,5,Delivery partner was very polite.,Positive
745,111780,5.0,5,4,Delivery partner was very polite.,Positive
746,108317,5.0,5,5,,Positive
747,105986,2.0,1,1,Very disappointed with the service.,Negative
748,102539,2.0,3,3,Wrong item delivered.,Negative
749,108081,4.0,4,3,Great food and fast delivery!,Positive
750,106148,5.0,4,5,Amazing experience overall.,Positive
751,101063,2.0,1,2,Quality was not up to the mark.,Negative
752,104461,1.0,1,1,Very disappointed with the service.,Negative
753,117436,5.0,5,4,Great food and fast delivery!,Positive
754,100808,2.0,1,3,Delivery took way too long.,Negative
755,119015,5.0,5,5,Delivery partner was very polite.,Positive
756,115364,2.0,3,1,Very disappointed with the service.,Negative
757,109953,4.0,4,3,Delivery partner was very polite.,Positive
758,101935,5.0,5,4,Amazing experience overall.,Positive
759,111350,4.0,8,4,Great food and fast delivery!,Positive
760,102439,2.0,1,1,Wrong item delivered.,Negative
761,104578,5.0,5,4,Packaging was excellent and food was hot.,Positive
762,109242,5.0,5,5,Amazing experience overall.,Positive
763,114950,3.0,4,3,Average experience.,Neutral
764,100969,3.0,2,3,,Neutral
765,104443,5.0,5,5,Amazing experience overall.,Positive
766,102735,5.0,5,5,Amazing experience overall.,Positive
767,106953,1.0,2,1,Wrong item delivered.,Negative
768,111548,4.0,4,5,Best biryani in town!,Positive
769,110356,2.0,3,1,Quality was not up to the mark.,Negative
770,115945,3.0,4,2,Delivery was on time but food was mediocre.,Neutral
771,104528,3.0,2,4,Average experience.,Neutral
772,104236,1.0,1,1,Very disappointed with the service.,Negative
773,116154,5.0,5,4,Delivery partner was very polite.,Positive
774,119526,3.0,3,3,,Neutral
775,111708,4.0,4,3,Amazing experience overall.,Positive
776,103148,2.0,2,1,Order was incomplete.,Negative
777,117257,4.0,5,3,Delivery partner was very polite.,Positive
778,100138,5.0,5,5,Amazing experience overall.,Positive
779,101430,5.0,4,4,Delivery partner was very polite.,Positive
780,116853,5.0,5,5,Best biryani in town!,Positive
781,103525,3.0,3,4,,Neutral
782,101887,5.0,4,5,Great food and fast delivery!,Positive
783,117943,2.0,1,3,Order was incomplete.,Negative
784,112933,4.0,4,3,Packaging was excellent and food was hot.,Positive
785,116738,1.0,1,1,Very disappointed with the service.,Negative
786,118270,2.0,3,1,Delivery took way too long.,Negative
787,103864,3.0,4,4,,Neutral
788,108262,5.0,4,4,"Loved the taste, will order again.",Positive
789,116399,3.0,4,2,Average experience.,Neutral
790,107536,3.0,2,2,Delivery was on time but food was mediocre.,Neutral
791,112256,4.0,3,4,Amazing experience overall.,Positive
792,114240,5.0,5,5,Delivery partner was very polite.,Positive
793,117073,2.0,3,2,Food arrived cold and late.,Negative
794,100625,2.0,3,1,Quality was not up to the mark.,Negative
795,110469,5.0,5,5,Packaging was excellent and food was hot.,Positive
796,108598,5.0,5,5,Great food and fast delivery!,Positive
797,105715,2.0,7,2,Order was incomplete.,Negative
798,110995,4.0,5,4,Amazing experience overall.,Positive
799,116145,3.0,4,4,,Neutral
800,108448,2.0,1,1,Order was incomplete.,Negative
801,117536,5.0,5,5,Delivery partner was very polite.,Positive
802,117148,3.0,2,2,Average experience.,Neutral
803,105320,4.0,5,3,Amazing experience overall.,Positive
804,114606,3.0,3,2,,Neutral
805,119947,2.0,2,1,,Negative
806,117606,,4,4,Amazing experience overall.,Positive
807,114730,4.0,3,5,Amazing experience overall.,Positive
808,100298,5.0,5,5,Great food and fast delivery!,Positive
809,103763,4.0,4,5,Delivery partner was very polite.,Positive
810,102342,5.0,5,5,Delivery partner was very polite.,Positive
811,100710,5.0,5,5,Best biryani in town!,Positive
812,102206,5.0,4,5,"Loved the taste, will order again.",Positive
813,118858,3.0,3,2,Delivery was on time but food was mediocre.,Neutral
814,105017,1.0,2,1,Wrong item delivered.,Negative
815,114781,5.0,4,5,Great food and fast delivery!,Positive
816,110896,5.0,5,4,"Loved the taste, will order again.",Positive
817,101626,1.0,1,1,Wrong item delivered.,Negative
818,118412,5.0,4,4,Delivery partner was very polite.,Positive
819,119504,2.0,3,3,Quality was not up to the mark.,Negative
820,109282,4.0,4,5,Great food and fast delivery!,Positive
821,102768,4.0,3,3,Best biryani in town!,Positive
822,103416,3.0,2,4,Delivery was on time but food was mediocre.,Neutral
823,116370,4.0,5,3,"Loved the taste, will order again.",Positive
824,109174,5.0,5,4,Best biryani in town!,Positive
825,109216,1.0,1,1,Quality was not up to the mark.,Negative
826,102328,1.0,1,2,Quality was not up to the mark.,Negative
827,117577,4.0,4,4,Great food and fast delivery!,Positive
828,101705,2.0,3,2,Delivery took way too long.,Negative
829,108257,3.0,3,2,"Food was okay, nothing special.",Neutral
830,115514,5.0,5,4,,Positive
831,119582,3.0,3,3,,Neutral
832,110966,4.0,3,4,"Loved the taste, will order again.",Positive
833,112355,3.0,4,2,,Neutral
834,109414,2.0,1,1,Delivery took way too long.,Negative
835,115846,5.0,5,5,,Positive
836,107143,5.0,5,5,"Loved the taste, will order again.",Positive
837,112204,5.0,5,5,Great food and fast delivery!,Positive
838,115989,5.0,5,4,Best biryani in town!,Positive
839,100329,4.0,4,5,Delivery partner was very polite.,Positive
840,102035,5.0,4,5,Packaging was excellent and food was hot.,Positive
841,112572,5.0,4,5,Best biryani in town!,Positive
842,111783,4.0,4,4,Packaging was excellent and food was hot.,Positive
843,107880,5.0,5,5,Best biryani in town!,Positive
844,113547,5.0,5,5,Amazing experience overall.,Positive
845,103558,2.0,3,2,Very disappointed with the service.,Negative
846,112446,3.0,3,4,"Food was okay, nothing special.",Neutral
847,107413,4.0,5,5,Great food and fast delivery!,Positive
848,104717,2.0,1,3,Quality was not up to the mark.,Negative
849,118466,5.0,5,4,Amazing experience overall.,Positive
850,118347,5.0,5,5,Great food and fast delivery!,Positive
851,114910,1.0,1,1,Order was incomplete.,Negative
852,109691,5.0,5,5,Amazing experience overall.,Positive
853,110245,5.0,5,5,Amazing experience overall.,Positive
854,101631,5.0,5,5,Great food and fast delivery!,Positive
855,107466,4.0,5,4,Amazing experience overall.,Positive
856,119912,5.0,4,4,Great food and fast delivery!,Positive
857,105620,1.0,2,1,Order was incomplete.,Negative
858,115194,2.0,2,1,Order was incomplete.,Negative
859,106991,5.0,5,4,Great food and fast delivery!,Positive
860,102465,1.0,2,1,Food arrived cold and late.,Negative
861,110579,5.0,5,4,Amazing experience overall.,Positive
862,105598,5.0,4,5,Packaging was excellent and food was hot.,Positive
863,115791,3.0,2,4,"Food was okay, nothing special.",Neutral
864,109637,4.0,3,3,Delivery partner was very polite.,Positive
865,106597,2.0,1,1,Delivery took way too long.,Negative
866,117184,3.0,4,2,"Food was okay, nothing special.",Neutral
867,110608,5.0,5,4,Packaging was excellent and food was hot.,Positive
868,101116,5.0,4,4,Packaging was excellent and food was hot.,Positive
869,115651,5.0,5,4,Packaging was excellent and food was hot.,Positive
870,114870,,2,1,Wrong item delivered.,Negative
871,106447,3.0,3,3,Average experience.,Neutral
872,100684,3.0,3,4,Average experience.,Neutral
873,106816,5.0,5,5,Delivery partner was very polite.,Positive
874,111936,2.0,2,1,Order was incomplete.,Negative
875,112374,4.0,3,5,"Loved the taste, will order again.",Positive
876,108871,4.0,3,4,Delivery partner was very polite.,Positive
877,116835,3.0,4,2,"Food was okay, nothing special.",Neutral
878,118136,3.0,4,2,,Neutral
879,103796,5.0,5,4,Amazing experience overall.,Positive
880,118581,3.0,3,4,Delivery was on time but food was mediocre.,Neutral
881,112166,4.0,3,4,Best biryani in town!,Positive
882,109352,1.0,1,2,Order was incomplete.,Negative
883,112395,3.0,3,2,Delivery was on time but food was mediocre.,Neutral
884,104584,2.0,2,2,Food arrived cold and late.,Negative
885,103492,2.0,3,3,Very disappointed with the service.,Negative
886,110504,2.0,2,1,Delivery took way too long.,Negative
887,108528,3.0,2,2,Delivery was on time but food was mediocre.,Neutral
888,110625,5.0,4,5,Amazing experience overall.,Positive
889,100294,2.0,3,2,Wrong item delivered.,Negative
890,106294,3.0,3,4,Average experience.,Neutral
891,119675,3.0,2,3,Delivery was on time but food was mediocre.,Neutral
892,105576,2.0,3,1,Delivery took way too long.,Negative
893,107584,3.0,2,2,Delivery was on time but food was mediocre.,Neutral
894,118959,5.0,5,5,Great food and fast delivery!,Positive
895,107708,5.0,5,5,Delivery partner was very polite.,Positive
896,114254,2.0,3,2,Food arrived cold and late.,Negative
897,104035,5.0,4,5,Packaging was excellent and food was hot.,Positive
898,110330,4.0,4,3,Great food and fast delivery!,Positive
899,109298,4.0,3,5,Best biryani in town!,Positive
900,107422,4.0,3,5,"Loved the taste, will order again.",Positive
901,104278,2.0,1,1,Quality was not up to the mark.,Negative
902,102662,2.0,3,3,Delivery took way too long.,Negative
903,119999,2.0,3,2,Delivery took way too long.,Negative
904,109541,5.0,4,4,Great food and fast delivery!,Positive
905,114641,5.0,5,4,Best biryani in town!,Positive
906,104219,2.0,1,1,Very disappointed with the service.,Negative
907,105668,4.0,5,4,Packaging was excellent and food was hot.,Positive
908,106649,5.0,5,5,Amazing experience overall.,Positive
909,118183,5.0,4,4,Delivery partner was very polite.,Positive
910,106052,5.0,5,5,"Loved the taste, will order again.",Positive
911,105915,3.0,2,3,,Neutral
912,116344,5.0,4,4,Packaging was excellent and food was hot.,Positive
913,106429,1.0,2,1,Order was incomplete.,Negative
914,106350,5.0,5,5,Best biryani in town!,Positive
915,102848,5.0,4,5,Packaging was excellent and food was hot.,Positive
916,107697,5.0,5,5,Best biryani in town!,Positive
917,102330,2.0,2,3,Food arrived cold and late.,Negative
918,108217,5.0,4,5,Best biryani in town!,Positive
919,119170,2.0,8,1,Wrong item delivered.,Negative
920,117047,2.0,3,2,Delivery took way too long.,Negative
921,120390,5.0,5,5,Packaging was excellent and food was hot.,Positive
922,112763,5.0,5,5,"Loved the taste, will order again.",Positive
923,114566,5.0,4,4,Amazing experience overall.,Positive
924,119126,5.0,5,5,Best biryani in town!,Positive
925,100236,,3,2,Quality was not up to the mark.,Negative
926,107418,5.0,5,4,"Loved the taste, will order again.",Positive
927,119981,5.0,5,5,Amazing experience overall.,Positive
928,119523,2.0,2,1,Order was incomplete.,Negative
929,115417,2.0,2,3,Order was incomplete.,Negative
930,103175,3.0,7,3,Delivery was on time but food was mediocre.,Neutral
931,117782,5.0,4,5,Great food and fast delivery!,Positive
932,100185,5.0,5,5,"Loved the taste, will order again.",Positive
933,108147,5.0,5,5,Packaging was excellent and food was hot.,Positive
934,116483,5.0,4,5,Best biryani in town!,Positive
935,110458,5.0,5,5,Great food and fast delivery!,Positive
936,103204,4.0,3,3,,Positive
937,100923,4.0,5,3,Great food and fast delivery!,Positive
938,117756,5.0,4,4,Packaging was excellent and food was hot.,Positive
939,108003,5.0,4,5,Great food and fast delivery!,Positive
940,119466,1.0,1,1,,Negative
941,118790,4.0,5,3,Packaging was excellent and food was hot.,Positive
942,108855,3.0,2,4,Average experience.,Neutral
943,105374,5.0,5,5,"Loved the taste, will order again.",Positive
944,114409,5.0,5,5,Packaging was excellent and food was hot.,Positive
945,101389,5.0,4,4,Great food and fast delivery!,Positive
946,113848,3.0,3,3,Average experience.,Neutral
947,103963,5.0,4,5,Amazing experience overall.,Positive
948,110748,5.0,5,5,Great food and fast delivery!,Positive
949,109519,5.0,4,4,Packaging was excellent and food was hot.,Positive
950,108319,1.0,2,2,Wrong item delivered.,Negative
951,110436,5.0,5,5,"Loved the taste, will order again.",Positive
952,108800,5.0,5,4,,Positive
953,113261,4.0,3,3,Delivery partner was very polite.,Positive
954,115923,3.0,3,3,,Neutral
955,118066,4.0,5,3,Packaging was excellent and food was hot.,Positive
956,106990,2.0,2,2,Delivery took way too long.,Negative
957,118243,3.0,4,2,Average experience.,Neutral
958,103957,3.0,4,4,Average experience.,Neutral
959,110056,2.0,2,1,Delivery took way too long.,Negative
960,101649,2.0,3,2,Quality was not up to the mark.,Negative
961,111583,5.0,4,5,"Loved the taste, will order again.",Positive
962,104620,5.0,5,5,"Loved the taste, will order again.",Positive
963,110629,,5,4,Great food and fast delivery!,Positive
964,105551,4.0,3,4,Best biryani in town!,Positive
965,117804,5.0,5,5,Delivery partner was very polite.,Positive
966,118076,3.0,3,4,,Neutral
967,119105,3.0,3,2,,Neutral
968,107312,2.0,1,1,Very disappointed with the service.,Negative
969,119743,4.0,4,4,Great food and fast delivery!,Positive
970,100348,5.0,5,5,Amazing experience overall.,Positive
971,113879,5.0,5,5,Delivery partner was very polite.,Positive
972,112402,1.0,1,1,Very disappointed with the service.,Negative
973,109857,4.0,3,5,Delivery partner was very polite.,Positive
974,102176,5.0,4,4,Amazing experience overall.,Positive
975,106857,3.0,2,2,"Food was okay, nothing special.",Neutral
976,100126,2.0,1,1,Very disappointed with the service.,Negative
977,103349,3.0,2,3,"Food was okay, nothing special.",Neutral
978,114007,5.0,4,5,Amazing experience overall.,Positive
979,108059,4.0,3,5,Delivery partner was very polite.,Positive
980,110465,2.0,2,2,Quality was not up to the mark.,Negative
981,116769,3.0,4,3,Average experience.,Neutral
982,112784,5.0,4,4,Great food and fast delivery!,Positive
983,114974,4.0,4,3,Best biryani in town!,Positive
984,108570,1.0,2,1,Food arrived cold and late.,Negative
985,115064,3.0,3,3,Average experience.,Neutral
986,101201,4.0,3,4,Delivery partner was very polite.,Positive
987,119541,5.0,4,4,Amazing experience overall.,Positive
988,111456,5.0,5,5,Delivery partner was very polite.,Positive
989,116227,4.0,3,5,Packaging was excellent and food was hot.,Positive
990,116019,5.0,4,4,Best biryani in town!,Positive
991,117048,3.0,2,4,"Food was okay, nothing special.",Neutral
992,107538,5.0,4,5,Great food and fast delivery!,Positive
993,110438,2.0,1,2,Very disappointed with the service.,Negative
994,110612,5.0,5,5,Best biryani in town!,Positive
995,103818,5.0,4,4,"Loved the taste, will order again.",Positive
996,106505,3.0,2,2,,Neutral
997,106539,2.0,2,2,Wrong item delivered.,Negative
998,116322,5.0,5,4,Packaging was excellent and food was hot.,Positive
999,105480,5.0,5,5,Best biryani in town!,Positive
1000,101183,4.0,4,4,Amazing experience overall.,Positive
1001,117354,5.0,4,4,Best biryani in town!,Positive
1002,114843,3.0,3,2,"Food was okay, nothing special.",Neutral
1003,106652,4.0,4,4,Packaging was excellent and food was hot.,Positive
1004,111396,4.0,3,3,Great food and fast delivery!,Positive
1005,112102,5.0,5,5,Best biryani in town!,Positive
1006,109797,5.0,4,4,Amazing experience overall.,Positive
1007,113620,2.0,3,1,Very disappointed with the service.,Negative
1008,117179,5.0,5,5,"Loved the taste, will order again.",Positive
1009,103244,,1,3,Very disappointed with the service.,Negative
1010,110529,5.0,5,5,Amazing experience overall.,Positive
1011,107932,4.0,4,5,Packaging was excellent and food was hot.,Positive
1012,105364,4.0,5,5,Best biryani in town!,Positive
1013,100764,2.0,2,3,Wrong item delivered.,Negative
1014,112292,5.0,5,5,"Loved the taste, will order again.",Positive
1015,119101,3.0,4,2,"Food was okay, nothing special.",Neutral
1016,106894,3.0,2,3,"Food was okay, nothing special.",Neutral
1017,105475,5.0,5,4,Best biryani in town!,Positive
1018,111580,5.0,5,4,Amazing experience overall.,Positive
1019,104935,1.0,2,2,Wrong item delivered.,Negative
1020,111452,4.0,4,4,Great food and fast delivery!,Positive
1021,101246,5.0,4,5,Amazing experience overall.,Positive
1022,104562,5.0,5,4,Packaging was excellent and food was hot.,Positive
1023,105251,1.0,2,2,Food arrived cold and late.,Negative
1024,117805,4.0,4,3,Great food and fast delivery!,Positive
1025,111046,5.0,4,5,"Loved the taste, will order again.",Positive
1026,109996,,4,5,Best biryani in town!,Positive
1027,103634,2.0,2,3,Very disappointed with the service.,Negative
1028,116825,3.0,3,4,Average experience.,Neutral
1029,113110,5.0,5,4,Packaging was excellent and food was hot.,Positive
1030,112437,5.0,4,4,Best biryani in town!,Positive
1031,112373,4.0,3,3,Amazing experience overall.,Positive
1032,105777,5.0,5,5,"Loved the taste, will order again.",Positive
1033,118328,5.0,4,5,Amazing experience overall.,Positive
1034,110196,5.0,5,5,Amazing experience overall.,Positive
1035,102953,3.0,3,3,Average experience.,Neutral
1036,110677,5.0,4,4,Amazing experience overall.,Positive
1037,105503,5.0,5,5,Amazing experience overall.,Positive
1038,119543,4.0,5,5,"Loved the taste, will order again.",Positive
1039,100943,4.0,3,4,Amazing experience overall.,Positive
1040,107811,4.0,5,5,Best biryani in town!,Positive
1041,118091,,4,3,,Neutral
1042,111925,5.0,5,5,Packaging was excellent and food was hot.,Positive
1043,117441,5.0,4,5,Packaging was excellent and food was hot.,Positive
1044,102030,5.0,5,5,Delivery partner was very polite.,Positive
1045,106313,5.0,5,5,Best biryani in town!,Positive
1046,109750,5.0,4,5,Packaging was excellent and food was hot.,Positive
1047,108475,3.0,3,4,Average experience.,Neutral
1048,107674,2.0,1,3,Very disappointed with the service.,Negative
1049,105823,5.0,4,5,Amazing experience overall.,Positive
1050,116452,4.0,4,3,Packaging was excellent and food was hot.,Positive
1051,119936,1.0,2,2,Food arrived cold and late.,Negative
1052,103967,4.0,4,3,Packaging was excellent and food was hot.,Positive
1053,108714,4.0,4,4,Great food and fast delivery!,Positive
1054,116927,4.0,3,5,Best biryani in town!,Positive
1055,105515,2.0,1,3,Very disappointed with the service.,Negative
1056,102236,5.0,4,5,"Loved the taste, will order again.",Positive
1057,119581,5.0,4,5,"Loved the taste, will order again.",Positive
1058,105185,3.0,4,2,"Food was okay, nothing special.",Neutral
1059,101452,5.0,4,4,Delivery partner was very polite.,Positive
1060,114704,1.0,1,1,Order was incomplete.,Negative
1061,115784,4.0,4,3,Great food and fast delivery!,Positive
1062,101212,2.0,3,1,Delivery took way too long.,Negative
1063,116921,4.0,4,3,Best biryani in town!,Positive
1064,115150,2.0,1,1,Food arrived cold and late.,Negative
1065,112069,3.0,2,3,"Food was okay, nothing special.",Neutral
1066,100481,5.0,5,4,Great food and fast delivery!,Positive
1067,111245,3.0,4,3,"Food was okay, nothing special.",Neutral
1068,104731,5.0,5,4,Great food and fast delivery!,Positive
1069,102617,2.0,1,2,Very disappointed with the service.,Negative
1070,114143,3.0,2,4,Delivery was on time but food was mediocre.,Neutral
1071,108690,5.0,5,4,Delivery partner was very polite.,Positive
1072,103115,2.0,2,1,Wrong item delivered.,Negative
1073,107319,5.0,5,5,Delivery partner was very polite.,Positive
1074,101269,5.0,5,5,Delivery partner was very polite.,Positive
1075,120436,4.0,5,5,Delivery partner was very polite.,Positive
1076,119434,2.0,2,2,Quality was not up to the mark.,Negative
1077,119218,2.0,1,1,Wrong item delivered.,Negative
1078,115910,4.0,5,3,Great food and fast delivery!,Positive
1079,100981,3.0,2,3,Average experience.,Neutral
1080,108214,3.0,3,3,Average experience.,Neutral
1081,103236,1.0,1,1,Order was incomplete.,Negative
1082,103174,2.0,2,1,Delivery took way too long.,Negative
1083,115127,4.0,3,5,Packaging was excellent and food was hot.,Positive
1084,101190,1.0,1,1,Order was incomplete.,Negative
1085,109466,5.0,5,5,Packaging was excellent and food was hot.,Positive
1086,101165,5.0,5,5,Packaging was excellent and food was hot.,Positive
1087,111404,2.0,3,2,Very disappointed with the service.,Negative
1088,119628,3.0,2,4,Delivery was on time but food was mediocre.,Neutral
1089,105328,2.0,2,3,Quality was not up to the mark.,Negative
1090,101554,4.0,3,5,Packaging was excellent and food was hot.,Positive
1091,100991,5.0,4,5,Delivery partner was very polite.,Positive
1092,117355,5.0,5,5,Packaging was excellent and food was hot.,Positive
1093,101164,5.0,5,4,Delivery partner was very polite.,Positive
1094,101634,4.0,5,3,Best biryani in town!,Positive
1095,104201,5.0,5,5,Amazing experience overall.,Positive
1096,119438,3.0,2,4,Delivery was on time but food was mediocre.,Neutral
1097,107440,3.0,4,2,Delivery was on time but food was mediocre.,Neutral
1098,104529,1.0,2,1,Order was incomplete.,Negative
1099,103688,2.0,2,1,Very disappointed with the service.,Negative
1100,110177,5.0,4,5,"Loved the taste, will order again.",Positive
1101,105003,5.0,5,4,Best biryani in town!,Positive
1102,118806,5.0,5,5,Packaging was excellent and food was hot.,Positive
1103,109763,5.0,5,5,Great food and fast delivery!,Positive
1104,108124,1.0,1,1,Very disappointed with the service.,Negative
1105,106650,1.0,2,2,Food arrived cold and late.,Negative
1106,116952,4.0,3,4,Packaging was excellent and food was hot.,Positive
1107,105980,5.0,5,5,"Loved the taste, will order again.",Positive
1108,114088,5.0,4,5,Amazing experience overall.,Positive
1109,109884,5.0,4,5,Best biryani in town!,Positive
1110,106987,2.0,3,1,Order was incomplete.,Negative
1111,106891,4.0,3,5,Packaging was excellent and food was hot.,Positive
1112,118015,3.0,4,2,Average experience.,Neutral
1113,107239,4.0,3,3,Best biryani in town!,Positive
1114,115594,5.0,5,5,Amazing experience overall.,Positive
1115,100908,5.0,5,5,Great food and fast delivery!,Positive
1116,116575,3.0,4,2,"Food was okay, nothing special.",Neutral
1117,117617,2.0,2,1,Very disappointed with the service.,Negative
1118,106686,5.0,5,4,Packaging was excellent and food was hot.,Positive
1119,113798,2.0,2,3,Quality was not up to the mark.,Negative
1120,104841,4.0,4,3,"Loved the taste, will order again.",Positive
1121,119972,3.0,4,2,Delivery was on time but food was mediocre.,Neutral
1122,118699,5.0,4,5,Best biryani in town!,Positive
1123,117317,5.0,5,5,Amazing experience overall.,Positive
1124,102585,5.0,5,4,Amazing experience overall.,Positive
1125,107912,4.0,4,3,Packaging was excellent and food was hot.,Positive
1126,115715,3.0,3,4,"Food was okay, nothing special.",Neutral
1127,120201,5.0,4,4,Best biryani in town!,Positive
1128,110907,2.0,1,2,Very disappointed with the service.,Negative
1129,106573,4.0,4,4,Great food and fast delivery!,Positive
1130,104084,3.0,4,2,,Neutral
1131,106860,3.0,2,4,Delivery was on time but food was mediocre.,Neutral
1132,119051,3.0,4,4,"Food was okay, nothing special.",Neutral
1133,103997,5.0,4,5,Great food and fast delivery!,Positive
1134,103850,5.0,5,4,Delivery partner was very polite.,Positive
1135,108201,3.0,4,3,,Neutral
1136,115396,5.0,4,5,Packaging was excellent and food was hot.,Positive
1137,113088,1.0,1,1,Quality was not up to the mark.,Negative
1138,108472,5.0,4,5,Best biryani in town!,Positive
1139,119960,3.0,2,2,Delivery was on time but food was mediocre.,Neutral
1140,105761,5.0,5,4,"Loved the taste, will order again.",Positive
1141,117026,5.0,4,5,Great food and fast delivery!,Positive
1142,112445,5.0,4,5,Amazing experience overall.,Positive
1143,108559,5.0,4,5,Delivery partner was very polite.,Positive
1144,111587,3.0,2,2,Average experience.,Neutral
1145,100752,2.0,1,2,Delivery took way too long.,Negative
1146,116138,3.0,3,2,"Food was okay, nothing special.",Neutral
1147,110162,5.0,5,5,"Loved the taste, will order again.",Positive
1148,114481,5.0,4,4,Packaging was excellent and food was hot.,Positive
1149,112215,3.0,3,2,Delivery was on time but food was mediocre.,Neutral
1150,104821,2.0,2,2,Quality was not up to the mark.,Negative
1151,111032,5.0,5,5,Packaging was excellent and food was hot.,Positive
1152,107322,3.0,3,2,Average experience.,Neutral
1153,116083,2.0,1,2,Food arrived cold and late.,Negative
1154,101637,5.0,4,4,Amazing experience overall.,Positive
1155,109153,5.0,5,4,Packaging was excellent and food was hot.,Positive
1156,114768,3.0,3,3,,Neutral
1157,101966,5.0,5,4,Packaging was excellent and food was hot.,Positive
1158,115025,2.0,1,2,Order was incomplete.,Negative
1159,113581,3.0,4,2,Delivery was on time but food was mediocre.,Neutral
1160,109627,5.0,4,5,Delivery partner was very polite.,Positive
1161,102045,5.0,5,5,Best biryani in town!,Positive
1162,107889,1.0,2,2,Delivery took way too long.,Negative
1163,103718,5.0,5,4,Amazing experience overall.,Positive
1164,111800,1.0,1,2,Wrong item delivered.,Negative
1165,107569,4.0,3,4,Packaging was excellent and food was hot.,Positive
1166,100402,3.0,4,4,Average experience.,Neutral
1167,107230,5.0,5,5,Delivery partner was very polite.,Positive
1168,103226,2.0,2,3,Order was incomplete.,Negative
1169,110868,5.0,4,5,"Loved the taste, will order again.",Positive
1170,104103,5.0,4,5,Amazing experience overall.,Positive
1171,106785,5.0,5,5,,Positive
1172,104996,5.0,5,5,Delivery partner was very polite.,Positive
1173,107998,3.0,4,3,Average experience.,Neutral
1174,116402,3.0,7,3,Delivery was on time but food was mediocre.,Neutral
1175,100536,2.0,3,3,Wrong item delivered.,Negative
1176,111126,5.0,5,5,Great food and fast delivery!,Positive
1177,118042,3.0,3,4,Average experience.,Neutral
1178,108329,3.0,4,2,,Neutral
1179,106966,3.0,4,3,,Neutral
1180,105774,3.0,2,2,Delivery was on time but food was mediocre.,Neutral
1181,115894,4.0,4,3,Great food and fast delivery!,Positive
1182,115811,5.0,4,5,Delivery partner was very polite.,Positive
1183,118404,4.0,4,4,Packaging was excellent and food was hot.,Positive
1184,110376,5.0,5,4,Packaging was excellent and food was hot.,Positive
1185,108288,2.0,1,3,,Negative
1186,104106,4.0,3,3,Delivery partner was very polite.,Positive
1187,118298,5.0,5,5,Great food and fast delivery!,Positive
1188,115947,4.0,5,3,Best biryani in town!,Positive
1189,100125,2.0,1,2,Very disappointed with the service.,Negative
1190,115998,4.0,4,5,Amazing experience overall.,Positive
1191,103062,3.0,2,2,Average experience.,Neutral
1192,112671,5.0,4,5,Packaging was excellent and food was hot.,Positive
1193,108439,1.0,1,2,Wrong item delivered.,Negative
1194,103469,1.0,1,1,Delivery took way too long.,Negative
1195,120069,3.0,3,3,,Neutral
1196,103585,4.0,5,4,Best biryani in town!,Positive
1197,108104,4.0,5,4,Amazing experience overall.,Positive
1198,120493,3.0,4,4,Average experience.,Neutral
1199,104552,5.0,5,5,Delivery partner was very polite.,Positive
1200,111410,5.0,4,4,Packaging was excellent and food was hot.,Positive
1201,100552,5.0,5,5,,Positive
1202,117356,4.0,5,5,"Loved the taste, will order again.",Positive
1203,118913,3.0,4,4,,Neutral
1204,115737,4.0,4,4,Best biryani in town!,Positive
1205,109316,5.0,4,5,Great food and fast delivery!,Positive
1206,115257,4.0,5,5,Best biryani in town!,Positive
1207,116858,2.0,2,3,Wrong item delivered.,Negative
1208,117910,,3,4,Packaging was excellent and food was hot.,Positive
1209,109431,4.0,5,5,"Loved the taste, will order again.",Positive
1210,113114,2.0,1,2,Order was incomplete.,Negative
1211,110495,4.0,3,4,Amazing experience overall.,Positive
1212,116557,2.0,1,2,Quality was not up to the mark.,Negative
1213,117256,3.0,2,2,Delivery was on time but food was mediocre.,Neutral
1214,104198,5.0,5,5,Packaging was excellent and food was hot.,Positive
1215,101409,3.0,4,2,,Neutral
1216,110731,4.0,5,3,"Loved the taste, will order again.",Positive
1217,106988,5.0,4,4,Delivery partner was very polite.,Positive
1218,118460,3.0,4,3,Average experience.,Neutral
1219,115268,2.0,1,3,Wrong item delivered.,Negative
1220,104654,5.0,4,5,Great food and fast delivery!,Positive
1221,110197,4.0,3,4,Delivery partner was very polite.,Positive
1222,101646,5.0,5,5,Great food and fast delivery!,Positive
1223,104932,1.0,2,2,Delivery took way too long.,Negative
1224,108965,3.0,2,2,Average experience.,Neutral
1225,107352,2.0,2,2,Wrong item delivered.,Negative
1226,102977,4.0,4,3,Delivery partner was very polite.,Positive
1227,113921,5.0,4,5,Delivery partner was very polite.,Positive
1228,100997,5.0,4,5,Packaging was excellent and food was hot.,Positive
1229,120500,1.0,2,1,Wrong item delivered.,Negative
1230,106401,4.0,4,5,"Loved the taste, will order again.",Positive
1231,113498,3.0,2,2,,Neutral
1232,101139,3.0,3,3,,Neutral
1233,114376,1.0,1,1,Quality was not up to the mark.,Negative
1234,111140,5.0,4,5,"Loved the taste, will order again.",Positive
1235,109048,4.0,3,5,"Loved the taste, will order again.",Positive
1236,119845,4.0,5,4,"Loved the taste, will order again.",Positive
1237,105815,5.0,5,5,,Positive
1238,115299,5.0,4,5,"Loved the taste, will order again.",Positive
1239,101668,5.0,4,4,"Loved the taste, will order again.",Positive
1240,112790,5.0,4,5,Best biryani in town!,Positive
1241,107725,5.0,5,5,"Loved the taste, will order again.",Positive
1242,111345,1.0,1,2,Order was incomplete.,Negative
1243,113828,4.0,3,3,Best biryani in town!,Positive
1244,106900,2.0,2,3,Food arrived cold and late.,Negative
1245,100618,3.0,4,3,Delivery was on time but food was mediocre.,Neutral
1246,108247,,5,4,Delivery partner was very polite.,Positive
1247,119014,3.0,2,4,Delivery was on time but food was mediocre.,Neutral
1248,108303,5.0,5,4,Best biryani in town!,Positive
1249,102701,5.0,5,5,Amazing experience overall.,Positive
1250,101493,4.0,5,3,Amazing experience overall.,Positive
1251,102309,5.0,4,5,Great food and fast delivery!,Positive
1252,108051,3.0,4,3,Delivery was on time but food was mediocre.,Neutral
1253,107662,,5,5,Packaging was excellent and food was hot.,Positive
1254,119825,5.0,5,4,"Loved the taste, will order again.",Positive
1255,111267,3.0,2,2,"Food was okay, nothing special.",Neutral
1256,107483,4.0,4,4,Best biryani in town!,Positive
1257,112802,3.0,2,2,Delivery was on time but food was mediocre.,Neutral
1258,115586,2.0,3,2,Very disappointed with the service.,Negative
1259,101917,4.0,5,3,,Positive
1260,116584,3.0,4,2,,Neutral
1261,107222,4.0,4,5,Best biryani in town!,Positive
1262,103736,5.0,5,4,"Loved the taste, will order again.",Positive
1263,114574,5.0,5,4,Delivery partner was very polite.,Positive
1264,120117,5.0,5,4,Great food and fast delivery!,Positive
1265,102466,5.0,4,5,"Loved the taste, will order again.",Positive
1266,108653,2.0,3,2,Very disappointed with the service.,Negative
1267,108827,,3,4,"Food was okay, nothing special.",Neutral
1268,112236,3.0,3,3,Delivery was on time but food was mediocre.,Neutral
1269,104087,2.0,2,3,Food arrived cold and late.,Negative
1270,115024,5.0,5,4,Delivery partner was very polite.,Positive
1271,105776,2.0,3,1,Wrong item delivered.,Negative
1272,102721,5.0,4,4,Delivery partner was very polite.,Positive
1273,101695,3.0,4,3,Delivery was on time but food was mediocre.,Neutral
1274,105793,2.0,3,2,Food arrived cold and late.,Negative
1275,115519,2.0,3,1,Food arrived cold and late.,Negative
1276,104658,5.0,4,5,Amazing experience overall.,Positive
1277,106620,5.0,5,4,Packaging was excellent and food was hot.,Positive
1278,110241,3.0,2,2,Delivery was on time but food was mediocre.,Neutral
1279,118715,4.0,3,4,Delivery partner was very polite.,Positive
1280,110969,5.0,4,4,"Loved the taste, will order again.",Positive
1281,113853,3.0,2,3,Average experience.,Neutral
1282,115956,3.0,3,2,Delivery was on time but food was mediocre.,Neutral
1283,105733,2.0,1,3,,Negative
1284,106993,2.0,3,1,Food arrived cold and late.,Negative
1285,103060,2.0,1,1,Delivery took way too long.,Negative
1286,116930,4.0,5,5,"Loved the taste, will order again.",Positive
1287,116532,1.0,2,2,Quality was not up to the mark.,Negative
1288,103319,1.0,2,1,Very disappointed with the service.,Negative
1289,115212,5.0,4,5,,Positive
1290,106132,5.0,5,4,Delivery partner was very polite.,Positive
1291,118745,3.0,3,3,,Neutral
1292,113816,1.0,1,2,Wrong item delivered.,Negative
1293,106408,4.0,3,4,Great food and fast delivery!,Positive
1294,115245,4.0,3,3,Best biryani in town!,Positive
1295,103126,2.0,1,1,Delivery took way too long.,Negative
1296,104929,5.0,4,4,Delivery partner was very polite.,Positive
1297,106291,1.0,1,1,Quality was not up to the mark.,Negative
1298,119331,5.0,5,4,Best biryani in town!,Positive
1299,116317,2.0,1,3,Order was incomplete.,Negative
1300,100295,3.0,2,3,"Food was okay, nothing special.",Neutral
1301,106184,5.0,5,5,Packaging was excellent and food was hot.,Positive
1302,119760,2.0,2,3,Quality was not up to the mark.,Negative
1303,116709,3.0,3,2,,Neutral
1304,102835,5.0,5,5,Amazing experience overall.,Positive
1305,112664,,5,5,Packaging was excellent and food was hot.,Positive
1306,117187,4.0,5,4,Packaging was excellent and food was hot.,Positive
1307,119267,5.0,4,5,"Loved the taste, will order again.",Positive
1308,105458,3.0,2,2,,Neutral
1309,102012,3.0,3,3,Delivery was on time but food was mediocre.,Neutral
1310,105775,5.0,5,5,Delivery partner was very polite.,Positive
1311,119803,5.0,5,5,Great food and fast delivery!,Positive
1312,105964,5.0,5,5,Delivery partner was very polite.,Positive
1313,119009,1.0,2,2,Very disappointed with the service.,Negative
1314,103666,2.0,3,2,Food arrived cold and late.,Negative
1315,120017,4.0,3,5,Best biryani in town!,Positive
1316,102763,5.0,4,4,Amazing experience overall.,Positive
1317,109137,3.0,2,3,Delivery was on time but food was mediocre.,Neutral
1318,106404,4.0,5,3,Great food and fast delivery!,Positive
1319,113279,3.0,2,4,"Food was okay, nothing special.",Neutral
1320,104090,2.0,2,2,Very disappointed with the service.,Negative
1321,109175,1.0,1,1,Wrong item delivered.,Negative
1322,102339,,2,1,Wrong item delivered.,Negative
1323,116643,5.0,5,5,Great food and fast delivery!,Positive
1324,118370,3.0,2,3,"Food was okay, nothing special.",Neutral
1325,103638,1.0,1,1,Wrong item delivered.,Negative
1326,102575,4.0,5,5,Best biryani in town!,Positive
1327,109910,3.0,2,3,"Food was okay, nothing special.",Neutral
1328,110661,4.0,4,5,"Loved the taste, will order again.",Positive
1329,111874,2.0,2,2,Food arrived cold and late.,Negative
1330,115925,5.0,4,4,Best biryani in town!,Positive
1331,108407,5.0,5,4,"Loved the taste, will order again.",Positive
1332,110739,5.0,5,4,Delivery partner was very polite.,Positive
1333,104126,5.0,5,5,Packaging was excellent and food was hot.,Positive
1334,108119,3.0,4,4,Average experience.,Neutral
1335,106495,5.0,5,5,"Loved the taste, will order again.",Positive
1336,118720,5.0,5,5,Delivery partner was very polite.,Positive
1337,113601,5.0,4,5,Amazing experience overall.,Positive
1338,106525,3.0,2,4,"Food was okay, nothing special.",Neutral
1339,120299,1.0,1,1,Quality was not up to the mark.,Negative
1340,117133,4.0,3,5,"Loved the taste, will order again.",Positive
1341,118389,5.0,5,5,Best biryani in town!,Positive
1342,106782,5.0,4,5,Best biryani in town!,Positive
1343,107194,3.0,2,4,,Neutral
1344,100466,5.0,4,5,"Loved the taste, will order again.",Positive
1345,106473,5.0,5,5,Amazing experience overall.,Positive
1346,118754,5.0,5,5,Amazing experience overall.,Positive
1347,108271,5.0,4,4,Delivery partner was very polite.,Positive
1348,116933,3.0,6,2,,Neutral
1349,113014,3.0,3,4,Average experience.,Neutral
1350,107833,3.0,4,4,Delivery was on time but food was mediocre.,Neutral
1351,106273,2.0,1,1,Delivery took way too long.,Negative
1352,106579,,4,3,"Food was okay, nothing special.",Neutral
1353,108519,4.0,3,3,Amazing experience overall.,Positive
1354,118576,,3,3,Packaging was excellent and food was hot.,Positive
1355,112966,5.0,5,4,Best biryani in town!,Positive
1356,116502,5.0,4,5,,Positive
1357,118622,4.0,3,3,"Loved the taste, will order again.",Positive
1358,105463,5.0,5,5,,Positive
1359,115546,2.0,2,3,Very disappointed with the service.,Negative
1360,112307,2.0,3,1,Very disappointed with the service.,Negative
1361,119635,2.0,1,3,Quality was not up to the mark.,Negative
1362,102195,2.0,1,1,Order was incomplete.,Negative
1363,109951,,3,5,Great food and fast delivery!,Positive
1364,117271,5.0,4,5,Great food and fast delivery!,Positive
1365,119771,1.0,2,1,Order was incomplete.,Negative
1366,113971,2.0,1,2,Delivery took way too long.,Negative
1367,101033,3.0,2,2,,Neutral
1368,104557,4.0,4,3,Amazing experience overall.,Positive
1369,110743,2.0,3,2,Very disappointed with the service.,Negative
1370,113263,5.0,5,5,,Positive
1371,106130,3.0,4,2,"Food was okay, nothing special.",Neutral
1372,114049,4.0,3,3,Amazing experience overall.,Positive
1373,116918,2.0,3,3,Very disappointed with the service.,Negative
1374,118173,5.0,5,5,Amazing experience overall.,Positive
1375,116428,5.0,5,5,"Loved the taste, will order again.",Positive
1376,101497,5.0,5,5,"Loved the taste, will order again.",Positive
1377,102071,1.0,2,1,Delivery took way too long.,Negative
1378,114887,4.0,5,4,Packaging was excellent and food was hot.,Positive
1379,102765,2.0,2,2,Order was incomplete.,Negative
1380,115642,4.0,5,5,Packaging was excellent and food was hot.,Positive
1381,103123,3.0,4,4,Delivery was on time but food was mediocre.,Neutral
1382,105897,4.0,5,5,Amazing experience overall.,Positive
1383,118047,5.0,5,5,Amazing experience overall.,Positive
1384,114793,3.0,3,4,,Neutral
1385,100910,4.0,3,3,Best biryani in town!,Positive
1386,104820,3.0,3,3,,Neutral
1387,104616,4.0,3,5,Delivery partner was very polite.,Positive
1388,105567,5.0,4,5,Great food and fast delivery!,Positive
1389,100527,5.0,5,5,Packaging was excellent and food was hot.,Positive
1390,117021,5.0,5,5,Great food and fast delivery!,Positive
1391,118594,4.0,3,3,Delivery partner was very polite.,Positive
1392,118968,4.0,5,3,Great food and fast delivery!,Positive
1393,120118,3.0,3,2,Delivery was on time but food was mediocre.,Neutral
1394,120291,4.0,3,4,Best biryani in town!,Positive
1395,103419,5.0,5,5,Great food and fast delivery!,Positive
1396,120419,4.0,4,3,Best biryani in town!,Positive
1397,115948,3.0,2,2,Average experience.,Neutral
1398,117601,3.0,4,4,Average experience.,Neutral
1399,108979,5.0,5,5,Best biryani in town!,Positive
1400,105873,2.0,1,2,Quality was not up to the mark.,Negative
1401,109024,5.0,5,5,Great food and fast delivery!,Positive
1402,104305,4.0,5,3,Delivery partner was very polite.,Positive
1403,111939,4.0,4,5,"Loved the taste, will order again.",Positive
1404,100457,5.0,4,4,Best biryani in town!,Positive
1405,108445,2.0,3,1,Order was incomplete.,Negative
1406,108037,5.0,5,5,Packaging was excellent and food was hot.,Positive
1407,111629,5.0,5,4,Great food and fast delivery!,Positive
1408,102106,4.0,3,5,"Loved the taste, will order again.",Positive
1409,112075,3.0,3,3,,Neutral
1410,103601,3.0,4,2,Average experience.,Neutral
1411,110598,5.0,5,5,Great food and fast delivery!,Positive
1412,118214,4.0,5,3,"Loved the taste, will order again.",Positive
1413,104318,5.0,4,4,Amazing experience overall.,Positive
1414,104964,2.0,2,1,Very disappointed with the service.,Negative
1415,111389,2.0,3,3,Food arrived cold and late.,Negative
1416,105798,2.0,1,3,Wrong item delivered.,Negative
1417,115462,5.0,5,5,Packaging was excellent and food was hot.,Positive
1418,116663,4.0,5,4,Packaging was excellent and food was hot.,Positive
1419,114664,5.0,5,5,Packaging was excellent and food was hot.,Positive
1420,102655,3.0,2,2,"Food was okay, nothing special.",Neutral
1421,106161,1.0,9,2,Wrong item delivered.,Negative
1422,101577,5.0,5,5,Amazing experience overall.,Positive
1423,111654,5.0,5,4,Best biryani in town!,Positive
1424,105718,1.0,2,1,Food arrived cold and late.,Negative
1425,112250,1.0,1,2,Delivery took way too long.,Negative
1426,105362,5.0,5,4,Amazing experience overall.,Positive
1427,104632,2.0,2,3,Quality was not up to the mark.,Negative
1428,112097,5.0,4,4,Great food and fast delivery!,Positive
1429,105222,2.0,1,3,Delivery took way too long.,Negative
1430,115241,2.0,3,3,Delivery took way too long.,Negative
1431,111212,2.0,3,2,Order was incomplete.,Negative
1432,116614,2.0,3,1,Delivery took way too long.,Negative
1433,108850,3.0,3,2,,Neutral
1434,105111,4.0,5,5,Delivery partner was very polite.,Positive
1435,107435,5.0,4,5,Delivery partner was very polite.,Positive
1436,115496,1.0,1,2,Wrong item delivered.,Negative
1437,115153,3.0,4,4,,Neutral
1438,110285,4.0,5,4,Best biryani in town!,Positive
1439,116900,4.0,3,5,"Loved the taste, will order again.",Positive
1440,103788,4.0,4,4,Great food and fast delivery!,Positive
1441,103549,5.0,4,5,Packaging was excellent and food was hot.,Positive
1442,103624,5.0,5,5,Great food and fast delivery!,Positive
1443,113694,5.0,4,5,Packaging was excellent and food was hot.,Positive
1444,116768,3.0,4,3,Average experience.,Neutral
1445,120485,1.0,2,2,Food arrived cold and late.,Negative
1446,113122,5.0,5,5,Amazing experience overall.,Positive
1447,106942,4.0,6,5,Great food and fast delivery!,Positive
1448,110339,5.0,5,4,Packaging was excellent and food was hot.,Positive
1449,106014,3.0,2,4,Average experience.,Neutral
1450,117581,5.0,4,4,Amazing experience overall.,Positive
1451,105233,5.0,4,4,"Loved the taste, will order again.",Positive
1452,100275,5.0,4,5,Best biryani in town!,Positive
1453,113836,5.0,4,5,Great food and fast delivery!,Positive
1454,110767,5.0,4,4,"Loved the taste, will order again.",Positive
1455,106774,2.0,1,3,Very disappointed with the service.,Negative
1456,112710,5.0,5,5,"Loved the taste, will order again.",Positive
1457,116381,1.0,1,2,Wrong item delivered.,Negative
1458,105539,2.0,2,3,Wrong item delivered.,Negative
1459,107969,5.0,9,5,Packaging was excellent and food was hot.,Positive
1460,104240,4.0,4,3,Best biryani in town!,Positive
1461,110032,5.0,4,4,Best biryani in town!,Positive
1462,120008,2.0,2,1,Quality was not up to the mark.,Negative
1463,107344,4.0,4,5,Packaging was excellent and food was hot.,Positive
1464,103017,3.0,3,3,Delivery was on time but food was mediocre.,Neutral
1465,111106,3.0,3,3,Average experience.,Neutral
1466,114203,2.0,1,1,Delivery took way too long.,Negative
1467,103900,5.0,4,5,"Loved the taste, will order again.",Positive
1468,104889,4.0,4,4,Delivery partner was very polite.,Positive
1469,104096,5.0,4,5,Packaging was excellent and food was hot.,Positive
1470,100259,5.0,5,5,"Loved the taste, will order again.",Positive
1471,108496,4.0,5,5,"Loved the taste, will order again.",Positive
1472,115453,1.0,1,1,Wrong item delivered.,Negative
1473,107954,2.0,2,3,Food arrived cold and late.,Negative
1474,113925,1.0,2,1,Order was incomplete.,Negative
1475,105479,2.0,2,3,Very disappointed with the service.,Negative
1476,100268,3.0,2,2,,Neutral
1477,110863,4.0,4,4,Delivery partner was very polite.,Positive
1478,109328,5.0,4,4,Best biryani in town!,Positive
1479,117063,5.0,8,5,Packaging was excellent and food was hot.,Positive
1480,107774,5.0,5,5,Packaging was excellent and food was hot.,Positive
1481,100902,,4,3,Delivery partner was very polite.,Positive
1482,117033,2.0,1,1,Food arrived cold and late.,Negative
1483,113898,5.0,4,5,Great food and fast delivery!,Positive
1484,113735,2.0,1,2,Wrong item delivered.,Negative
1485,118795,2.0,3,3,Wrong item delivered.,Negative
1486,117052,3.0,2,2,"Food was okay, nothing special.",Neutral
1487,111035,5.0,4,4,Great food and fast delivery!,Positive
1488,101560,3.0,3,2,Delivery was on time but food was mediocre.,Neutral
1489,116175,5.0,4,5,Delivery partner was very polite.,Positive
1490,100388,2.0,1,3,Very disappointed with the service.,Negative
1491,115759,4.0,3,5,"Loved the taste, will order again.",Positive
1492,107836,5.0,5,5,Packaging was excellent and food was hot.,Positive
1493,115030,5.0,5,5,Amazing experience overall.,Positive
1494,109708,2.0,3,3,Quality was not up to the mark.,Negative
1495,100726,5.0,4,4,Great food and fast delivery!,Positive
1496,100669,5.0,4,5,Delivery partner was very polite.,Positive
1497,116471,5.0,5,5,"Loved the taste, will order again.",Positive
1498,102031,2.0,1,3,Wrong item delivered.,Negative
1499,113624,,4,4,Average experience.,Neutral
1500,116269,3.0,3,2,Average experience.,Neutral
1501,112893,3.0,2,3,,Neutral
1502,102885,5.0,4,4,Packaging was excellent and food was hot.,Positive
1503,107380,3.0,3,2,Average experience.,Neutral
1504,119421,3.0,2,4,"Food was okay, nothing special.",Neutral
1505,105456,5.0,5,5,"Loved the taste, will order again.",Positive
1506,116490,5.0,4,4,Packaging was excellent and food was hot.,Positive
1507,112103,5.0,5,4,Great food and fast delivery!,Positive
1508,119030,4.0,5,3,Delivery partner was very polite.,Positive
1509,114257,2.0,1,3,Wrong item delivered.,Negative
1510,105610,3.0,3,3,"Food was okay, nothing special.",Neutral
1511,116131,3.0,3,2,"Food was okay, nothing special.",Neutral
1512,114298,5.0,5,4,Best biryani in town!,Positive
1513,105242,3.0,3,3,Average experience.,Neutral
1514,106101,2.0,3,3,Food arrived cold and late.,Negative
1515,116044,3.0,4,2,Delivery was on time but food was mediocre.,Neutral
1516,104337,3.0,2,2,Delivery was on time but food was mediocre.,Neutral
1517,116363,4.0,5,3,Amazing experience overall.,Positive
1518,104543,3.0,2,3,Delivery was on time but food was mediocre.,Neutral
1519,102237,3.0,3,2,Average experience.,Neutral
1520,103696,4.0,3,3,Delivery partner was very polite.,Positive
1521,120355,3.0,3,4,Delivery was on time but food was mediocre.,Neutral
1522,105217,5.0,5,4,Delivery partner was very polite.,Positive
1523,107602,4.0,4,3,Amazing experience overall.,Positive
1524,120157,4.0,4,3,Great food and fast delivery!,Positive
1525,102072,1.0,1,1,Wrong item delivered.,Negative
1526,109946,,3,4,Packaging was excellent and food was hot.,Positive
1527,117315,5.0,5,4,Great food and fast delivery!,Positive
1528,109250,3.0,3,3,"Food was okay, nothing special.",Neutral
1529,103393,3.0,3,3,"Food was okay, nothing special.",Neutral
1530,106678,5.0,5,4,Amazing experience overall.,Positive
1531,119786,5.0,4,4,Delivery partner was very polite.,Positive
1532,100531,3.0,4,3,Average experience.,Neutral
1533,113294,5.0,4,5,Delivery partner was very polite.,Positive
1534,118973,5.0,5,5,"Loved the taste, will order again.",Positive
1535,108292,2.0,2,1,Order was incomplete.,Negative
1536,103689,2.0,1,3,Order was incomplete.,Negative
1537,107350,5.0,5,4,"Loved the taste, will order again.",Positive
1538,115097,2.0,2,3,Wrong item delivered.,Negative
1539,115060,2.0,1,1,Food arrived cold and late.,Negative
1540,113352,5.0,4,4,Delivery partner was very polite.,Positive
1541,114482,3.0,2,3,Delivery was on time but food was mediocre.,Neutral
1542,117161,5.0,5,4,Packaging was excellent and food was hot.,Positive
1543,108565,4.0,5,4,Best biryani in town!,Positive
1544,114133,3.0,4,4,,Neutral
1545,112495,3.0,3,3,"Food was okay, nothing special.",Neutral
1546,104819,5.0,9,5,Delivery partner was very polite.,Positive
1547,101562,5.0,4,5,"Loved the taste, will order again.",Positive
1548,112714,5.0,5,4,"Loved the taste, will order again.",Positive
1549,109009,5.0,5,5,Packaging was excellent and food was hot.,Positive
1550,115615,3.0,4,3,Delivery was on time but food was mediocre.,Neutral
1551,118656,1.0,1,1,Wrong item delivered.,Negative
1552,109726,4.0,5,4,Delivery partner was very polite.,Positive
1553,114798,5.0,4,4,Best biryani in town!,Positive
1554,100471,5.0,5,5,Great food and fast delivery!,Positive
1555,119332,3.0,4,2,"Food was okay, nothing special.",Neutral
1556,111733,1.0,2,1,Delivery took way too long.,Negative
1557,112238,3.0,2,4,Average experience.,Neutral
1558,103029,2.0,3,1,Wrong item delivered.,Negative
1559,110024,4.0,3,4,Great food and fast delivery!,Positive
1560,103299,5.0,4,5,Delivery partner was very polite.,Positive
1561,116754,2.0,3,3,Food arrived cold and late.,Negative
1562,101616,2.0,2,2,Wrong item delivered.,Negative
1563,115236,5.0,5,4,"Loved the taste, will order again.",Positive
1564,112794,2.0,2,3,Food arrived cold and late.,Negative
1565,109703,5.0,5,5,Delivery partner was very polite.,Positive
1566,108956,3.0,4,4,,Neutral
1567,101764,3.0,4,4,,Neutral
1568,101549,3.0,2,2,,Neutral
1569,101416,4.0,3,3,,Positive
1570,116871,5.0,4,5,Amazing experience overall.,Positive
1571,114866,4.0,5,4,Delivery partner was very polite.,Positive
1572,112854,1.0,1,1,Delivery took way too long.,Negative
1573,100656,2.0,2,2,Order was incomplete.,Negative
1574,101907,2.0,2,1,Order was incomplete.,Negative
1575,102283,5.0,5,5,Packaging was excellent and food was hot.,Positive
1576,105961,5.0,5,5,Great food and fast delivery!,Positive
1577,102579,1.0,2,2,Order was incomplete.,Negative
1578,108599,5.0,5,5,"Loved the taste, will order again.",Positive
1579,101304,5.0,5,4,Best biryani in town!,Positive
1580,100754,3.0,3,3,,Neutral
1581,100395,2.0,1,2,,Negative
1582,114590,4.0,4,3,Packaging was excellent and food was hot.,Positive
1583,112773,5.0,4,4,Best biryani in town!,Positive
1584,118080,,2,2,Delivery took way too long.,Negative
1585,113246,3.0,3,4,,Neutral
1586,100593,4.0,3,5,Great food and fast delivery!,Positive
1587,102433,1.0,1,2,Very disappointed with the service.,Negative
1588,102295,4.0,4,5,Amazing experience overall.,Positive
1589,101771,,3,2,"Food was okay, nothing special.",Neutral
1590,113605,4.0,3,5,Delivery partner was very polite.,Positive
1591,101814,4.0,4,3,Delivery partner was very polite.,Positive
1592,109223,5.0,5,4,,Positive
1593,118123,3.0,3,2,"Food was okay, nothing special.",Neutral
1594,106818,5.0,5,5,"Loved the taste, will order again.",Positive
1595,105270,5.0,5,5,Great food and fast delivery!,Positive
1596,114684,2.0,3,1,Quality was not up to the mark.,Negative
1597,112477,3.0,2,2,"Food was okay, nothing special.",Neutral
1598,101459,4.0,5,3,Best biryani in town!,Positive
1599,114555,4.0,4,3,Delivery partner was very polite.,Positive
1600,116975,4.0,4,4,Amazing experience overall.,Positive
1601,100469,5.0,4,4,"Loved the taste, will order again.",Positive
1602,116841,5.0,4,5,Great food and fast delivery!,Positive
1603,102445,5.0,5,5,Amazing experience overall.,Positive
1604,101198,5.0,4,5,Packaging was excellent and food was hot.,Positive
1605,115222,5.0,4,4,Packaging was excellent and food was hot.,Positive
1606,119930,5.0,5,4,Packaging was excellent and food was hot.,Positive
1607,117774,4.0,5,3,Packaging was excellent and food was hot.,Positive
1608,111469,,3,4,Delivery partner was very polite.,Positive
1609,113302,2.0,2,3,Very disappointed with the service.,Negative
1610,101284,4.0,4,4,"Loved the taste, will order again.",Positive
1611,101276,4.0,3,3,Packaging was excellent and food was hot.,Positive
1612,120275,3.0,3,4,Delivery was on time but food was mediocre.,Neutral
1613,108429,2.0,2,2,Order was incomplete.,Negative
1614,111868,2.0,1,2,Wrong item delivered.,Negative
1615,101389,5.0,4,4,Amazing experience overall.,Positive
1616,105782,3.0,4,4,Delivery was on time but food was mediocre.,Neutral
1617,107629,5.0,5,5,Delivery partner was very polite.,Positive
1618,115566,5.0,5,4,,Positive
1619,107141,5.0,5,5,Great food and fast delivery!,Positive
1620,113683,5.0,5,5,Amazing experience overall.,Positive
1621,103803,2.0,3,1,Food arrived cold and late.,Negative
1622,115262,3.0,4,4,"Food was okay, nothing special.",Neutral
1623,112173,5.0,5,5,Best biryani in town!,Positive
1624,119323,4.0,5,4,"Loved the taste, will order again.",Positive
1625,101367,1.0,1,1,Order was incomplete.,Negative
1626,117798,2.0,3,1,Order was incomplete.,Negative
1627,112993,5.0,5,5,Great food and fast delivery!,Positive
1628,106386,,2,3,Order was incomplete.,Negative
1629,114371,5.0,5,5,Amazing experience overall.,Positive
1630,118580,3.0,3,4,,Neutral
1631,101126,5.0,5,5,"Loved the taste, will order again.",Positive
1632,115757,2.0,2,3,Very disappointed with the service.,Negative
1633,117003,5.0,4,4,Great food and fast delivery!,Positive
1634,113901,2.0,2,1,Quality was not up to the mark.,Negative
1635,111903,3.0,2,2,Delivery was on time but food was mediocre.,Neutral
1636,117042,5.0,5,4,Best biryani in town!,Positive
1637,100476,5.0,4,4,Delivery partner was very polite.,Positive
1638,112031,3.0,3,2,,Neutral
1639,108603,4.0,4,3,Great food and fast delivery!,Positive
1640,106519,3.0,4,3,Average experience.,Neutral
1641,107983,3.0,2,4,,Neutral
1642,106796,4.0,5,4,Amazing experience overall.,Positive
1643,113442,5.0,5,5,Best biryani in town!,Positive
1644,108405,2.0,1,2,Order was incomplete.,Negative
1645,113946,5.0,5,4,"Loved the taste, will order again.",Positive
1646,118847,5.0,5,5,"Loved the taste, will order again.",Positive
1647,106124,5.0,4,4,"Loved the taste, will order again.",Positive
1648,112598,4.0,4,5,Packaging was excellent and food was hot.,Positive
1649,113939,4.0,3,3,"Loved the taste, will order again.",Positive
1650,114272,4.0,3,4,Best biryani in town!,Positive
1651,118002,1.0,1,1,,Negative
1652,108926,5.0,5,5,Best biryani in town!,Positive
1653,116548,5.0,4,5,Best biryani in town!,Positive
1654,115908,5.0,4,5,Amazing experience overall.,Positive
1655,104952,4.0,3,4,Amazing experience overall.,Positive
1656,100723,5.0,5,4,Delivery partner was very polite.,Positive
1657,106276,5.0,5,4,"Loved the taste, will order again.",Positive
1658,102078,5.0,5,5,Amazing experience overall.,Positive
1659,117491,2.0,1,2,Very disappointed with the service.,Negative
1660,118535,2.0,3,2,Wrong item delivered.,Negative
1661,103318,4.0,3,4,Packaging was excellent and food was hot.,Positive
1662,100704,3.0,2,2,"Food was okay, nothing special.",Neutral
1663,114610,5.0,5,4,Best biryani in town!,Positive
1664,108091,5.0,5,5,Great food and fast delivery!,Positive
1665,111588,2.0,3,2,Wrong item delivered.,Negative
1666,100602,3.0,4,2,"Food was okay, nothing special.",Neutral
1667,113483,4.0,3,3,"Loved the taste, will order again.",Positive
1668,104177,1.0,1,1,Delivery took way too long.,Negative
1669,100672,3.0,4,4,"Food was okay, nothing special.",Neutral
1670,104032,5.0,4,4,Delivery partner was very polite.,Positive
1671,102281,2.0,1,2,Order was incomplete.,Negative
1672,100876,5.0,5,5,Great food and fast delivery!,Positive
1673,107525,3.0,4,4,"Food was okay, nothing special.",Neutral
1674,120010,1.0,2,2,Delivery took way too long.,Negative
1675,110645,4.0,5,3,Delivery partner was very polite.,Positive
1676,103656,4.0,3,5,Amazing experience overall.,Positive
1677,117188,5.0,4,5,Delivery partner was very polite.,Positive
1678,112260,5.0,5,5,Great food and fast delivery!,Positive
1679,100834,5.0,5,5,Best biryani in town!,Positive
1680,114500,3.0,2,3,,Neutral
1681,110880,,4,2,"Food was okay, nothing special.",Neutral
1682,105501,4.0,4,3,Best biryani in town!,Positive
1683,101127,2.0,3,2,,Negative
1684,112612,2.0,1,2,Quality was not up to the mark.,Negative
1685,111435,2.0,3,3,Delivery took way too long.,Negative
1686,109666,3.0,2,2,"Food was okay, nothing special.",Neutral
1687,103870,3.0,2,2,"Food was okay, nothing special.",Neutral
1688,117657,4.0,5,4,Packaging was excellent and food was hot.,Positive
1689,114309,4.0,5,5,Best biryani in town!,Positive
1690,104895,5.0,5,4,Amazing experience overall.,Positive
1691,118689,4.0,4,5,Delivery partner was very polite.,Positive
1692,116861,5.0,5,5,Amazing experience overall.,Positive
1693,113162,1.0,1,1,Delivery took way too long.,Negative
1694,113888,5.0,5,5,Great food and fast delivery!,Positive
1695,115003,2.0,3,2,Very disappointed with the service.,Negative
1696,119001,5.0,5,5,Great food and fast delivery!,Positive
1697,106522,5.0,4,4,Packaging was excellent and food was hot.,Positive
1698,105899,5.0,5,5,Packaging was excellent and food was hot.,Positive
1699,119412,5.0,4,5,Delivery partner was very polite.,Positive
1700,112740,5.0,5,5,Great food and fast delivery!,Positive
1701,101435,4.0,3,3,Delivery partner was very polite.,Positive
1702,118398,4.0,4,3,Best biryani in town!,Positive
1703,103619,5.0,5,5,Great food and fast delivery!,Positive
1704,100540,3.0,4,2,Average experience.,Neutral
1705,116147,2.0,1,1,Food arrived cold and late.,Negative
1706,105404,3.0,4,2,Delivery was on time but food was mediocre.,Neutral
1707,102312,5.0,5,5,Great food and fast delivery!,Positive
1708,107800,4.0,3,5,Best biryani in town!,Positive
1709,119316,5.0,4,5,Amazing experience overall.,Positive
1710,107390,3.0,4,3,Average experience.,Neutral
1711,117143,5.0,5,5,Delivery partner was very polite.,Positive
1712,114988,3.0,2,4,"Food was okay, nothing special.",Neutral
1713,108210,4.0,3,5,Best biryani in town!,Positive
1714,106980,3.0,3,4,"Food was okay, nothing special.",Neutral
1715,102204,4.0,5,3,Great food and fast delivery!,Positive
1716,102576,5.0,4,5,Packaging was excellent and food was hot.,Positive
1717,115689,4.0,4,4,Best biryani in town!,Positive
1718,111400,3.0,4,3,,Neutral
1719,111812,3.0,8,2,Average experience.,Neutral
1720,114844,5.0,4,5,"Loved the taste, will order again.",Positive
1721,117736,5.0,4,5,Amazing experience overall.,Positive
1722,114819,5.0,4,4,"Loved the taste, will order again.",Positive
1723,117382,1.0,1,1,Quality was not up to the mark.,Negative
1724,106687,2.0,3,3,Very disappointed with the service.,Negative
1725,107865,4.0,3,3,Amazing experience overall.,Positive
1726,103733,4.0,4,3,Best biryani in town!,Positive
1727,108758,2.0,2,1,Delivery took way too long.,Negative
1728,111354,3.0,3,2,"Food was okay, nothing special.",Neutral
1729,100233,5.0,5,5,,Positive
1730,113845,4.0,3,4,Packaging was excellent and food was hot.,Positive
1731,104086,2.0,2,3,,Negative
1732,109663,5.0,5,4,Great food and fast delivery!,Positive
1733,115369,2.0,3,3,Order was incomplete.,Negative
1734,105684,5.0,5,5,Amazing experience overall.,Positive
1735,113608,5.0,5,5,Packaging was excellent and food was hot.,Positive
1736,103631,,4,5,Amazing experience overall.,Positive
1737,100276,5.0,5,5,Packaging was excellent and food was hot.,Positive
1738,105465,5.0,5,5,"Loved the taste, will order again.",Positive
1739,101167,5.0,5,4,Packaging was excellent and food was hot.,Positive
1740,113344,4.0,3,5,,Positive
1741,109303,,4,5,Best biryani in town!,Positive
1742,106325,2.0,1,2,Order was incomplete.,Negative
1743,109844,2.0,2,2,Wrong item delivered.,Negative
1744,107461,3.0,7,4,Average experience.,Neutral
1745,117233,4.0,3,4,Packaging was excellent and food was hot.,Positive
1746,100924,3.0,4,2,Delivery was on time but food was mediocre.,Neutral
1747,112857,5.0,4,5,Great food and fast delivery!,Positive
1748,110703,1.0,1,1,Delivery took way too long.,Negative
1749,116819,2.0,1,1,Quality was not up to the mark.,Negative
1750,108308,2.0,2,2,Delivery took way too long.,Negative
1751,112958,1.0,1,1,Wrong item delivered.,Negative
1752,108150,3.0,3,2,Average experience.,Neutral
1753,114833,5.0,5,4,Amazing experience overall.,Positive
1754,119606,5.0,5,5,Great food and fast delivery!,Positive
1755,103499,2.0,1,2,Wrong item delivered.,Negative
1756,111176,5.0,5,4,Great food and fast delivery!,Positive
1757,109521,4.0,3,5,"Loved the taste, will order again.",Positive
1758,114162,3.0,4,3,,Neutral
1759,112306,2.0,3,2,Delivery took way too long.,Negative
1760,115767,5.0,4,5,"Loved the taste, will order again.",Positive
1761,117937,4.0,5,3,Delivery partner was very polite.,Positive
1762,112719,4.0,3,4,Packaging was excellent and food was hot.,Positive
1763,108074,2.0,1,1,Wrong item delivered.,Negative
1764,107481,5.0,5,5,Delivery partner was very polite.,Positive
1765,115359,3.0,2,4,Average experience.,Neutral
1766,117646,5.0,5,5,"Loved the taste, will order again.",Positive
1767,114057,3.0,2,4,"Food was okay, nothing special.",Neutral
1768,111998,5.0,5,4,Amazing experience overall.,Positive
1769,106314,2.0,2,3,Order was incomplete.,Negative
1770,114808,3.0,3,4,Average experience.,Neutral
1771,111291,5.0,5,4,Delivery partner was very polite.,Positive
1772,109404,5.0,5,4,Delivery partner was very polite.,Positive
1773,106704,5.0,4,5,Best biryani in town!,Positive
1774,103016,5.0,5,5,Best biryani in town!,Positive
1775,105394,1.0,1,1,Quality was not up to the mark.,Negative
1776,104267,5.0,4,4,Delivery partner was very polite.,Positive
1777,113226,4.0,4,5,Best biryani in town!,Positive
1778,105093,3.0,2,2,Delivery was on time but food was mediocre.,Neutral
1779,108103,2.0,3,1,Wrong item delivered.,Negative
1780,114023,2.0,8,1,Food arrived cold and late.,Negative
1781,112975,3.0,4,3,Average experience.,Neutral
1782,104839,3.0,4,4,,Neutral
1783,102582,4.0,4,5,"Loved the taste, will order again.",Positive
1784,112242,3.0,4,4,,Neutral
1785,106679,2.0,3,3,Food arrived cold and late.,Negative
1786,109131,2.0,2,2,Order was incomplete.,Negative
1787,115455,5.0,5,5,"Loved the taste, will order again.",Positive
1788,117820,4.0,5,5,Great food and fast delivery!,Positive
1789,120208,4.0,3,5,Best biryani in town!,Positive
1790,107558,2.0,2,2,Quality was not up to the mark.,Negative
1791,103403,4.0,5,3,Packaging was excellent and food was hot.,Positive
1792,103264,2.0,1,1,Food arrived cold and late.,Negative
1793,118904,1.0,1,1,Quality was not up to the mark.,Negative
1794,108427,4.0,5,4,Great food and fast delivery!,Positive
1795,110178,3.0,2,3,,Neutral
1796,118113,5.0,4,4,"Loved the taste, will order again.",Positive
1797,106121,4.0,3,4,Amazing experience overall.,Positive
1798,113355,2.0,3,3,Quality was not up to the mark.,Negative
1799,105912,3.0,4,3,Delivery was on time but food was mediocre.,Neutral
1800,105724,4.0,4,4,Great food and fast delivery!,Positive
1801,107664,5.0,5,5,"Loved the taste, will order again.",Positive
1802,111696,3.0,3,4,Average experience.,Neutral
1803,111489,5.0,5,4,,Positive
1804,119970,5.0,5,5,Delivery partner was very polite.,Positive
1805,111618,4.0,3,4,Amazing experience overall.,Positive
1806,100645,5.0,5,5,Best biryani in town!,Positive
1807,103381,5.0,5,5,Best biryani in town!,Positive
1808,106283,2.0,2,1,Quality was not up to the mark.,Negative
1809,117111,4.0,4,3,Great food and fast delivery!,Positive
1810,103980,1.0,7,1,Delivery took way too long.,Negative
1811,112090,2.0,3,1,Wrong item delivered.,Negative
1812,111098,,5,4,Great food and fast delivery!,Positive
1813,105975,5.0,4,5,Great food and fast delivery!,Positive
1814,105637,5.0,5,5,"Loved the taste, will order again.",Positive
1815,108465,3.0,4,3,,Neutral
1816,109569,4.0,3,4,Packaging was excellent and food was hot.,Positive
1817,115939,5.0,5,5,"Loved the taste, will order again.",Positive
1818,101585,5.0,4,5,Amazing experience overall.,Positive
1819,117130,2.0,2,2,Quality was not up to the mark.,Negative
1820,106183,1.0,1,1,Wrong item delivered.,Negative
1821,105726,5.0,5,4,"Loved the taste, will order again.",Positive
1822,109769,5.0,5,5,Amazing experience overall.,Positive
1823,108269,2.0,1,1,Wrong item delivered.,Negative
1824,100130,3.0,2,4,Delivery was on time but food was mediocre.,Neutral
1825,102786,5.0,4,5,"Loved the taste, will order again.",Positive
1826,116732,4.0,5,5,Amazing experience overall.,Positive
1827,111799,4.0,5,5,Great food and fast delivery!,Positive
1828,111671,3.0,3,2,,Neutral
1829,115451,2.0,3,1,Very disappointed with the service.,Negative
1830,108001,2.0,1,2,Delivery took way too long.,Negative
1831,115752,2.0,1,1,Quality was not up to the mark.,Negative
1832,104498,1.0,1,1,Wrong item delivered.,Negative
1833,112142,5.0,9,4,"Loved the taste, will order again.",Positive
1834,114069,3.0,2,4,"Food was okay, nothing special.",Neutral
1835,105029,3.0,3,2,,Neutral
1836,104640,4.0,5,4,Great food and fast delivery!,Positive
1837,108564,3.0,3,4,"Food was okay, nothing special.",Neutral
1838,116074,2.0,1,1,Food arrived cold and late.,Negative
1839,108422,2.0,2,2,Quality was not up to the mark.,Negative
1840,119140,5.0,4,5,Amazing experience overall.,Positive
1841,110119,5.0,5,5,Delivery partner was very polite.,Positive
1842,116111,3.0,3,4,"Food was okay, nothing special.",Neutral
1843,109805,5.0,5,5,Great food and fast delivery!,Positive
1844,101338,5.0,5,5,Delivery partner was very polite.,Positive
1845,112600,5.0,5,5,Packaging was excellent and food was hot.,Positive
1846,102232,5.0,5,5,Best biryani in town!,Positive
1847,110274,4.0,4,3,Great food and fast delivery!,Positive
1848,112199,5.0,5,5,,Positive
1849,118439,1.0,1,2,Wrong item delivered.,Negative
1850,101074,5.0,5,5,Amazing experience overall.,Positive
1851,118461,5.0,5,4,Best biryani in town!,Positive
1852,104808,2.0,1,1,Food arrived cold and late.,Negative
1853,116744,1.0,1,1,Quality was not up to the mark.,Negative
1854,100930,2.0,3,1,Quality was not up to the mark.,Negative
1855,105564,3.0,2,4,,Neutral
1856,113457,3.0,2,2,,Neutral
1857,107876,5.0,9,5,Amazing experience overall.,Positive
1858,102103,5.0,5,4,Great food and fast delivery!,Positive
1859,103049,5.0,4,5,Amazing experience overall.,Positive
1860,101351,,1,2,Quality was not up to the mark.,Negative
1861,103340,5.0,5,5,"Loved the taste, will order again.",Positive
1862,116451,5.0,4,4,"Loved the taste, will order again.",Positive
1863,109095,3.0,4,4,Average experience.,Neutral
1864,114597,3.0,4,2,"Food was okay, nothing special.",Neutral
1865,120263,1.0,2,2,Very disappointed with the service.,Negative
1866,115551,2.0,3,2,Wrong item delivered.,Negative
1867,102589,3.0,2,3,Average experience.,Neutral
1868,101981,5.0,6,4,Best biryani in town!,Positive
1869,114013,4.0,4,4,Best biryani in town!,Positive
1870,103072,4.0,3,4,Great food and fast delivery!,Positive
1871,116567,3.0,4,2,Average experience.,Neutral
1872,110430,3.0,3,3,Delivery was on time but food was mediocre.,Neutral
1873,115250,5.0,5,5,Great food and fast delivery!,Positive
1874,103019,5.0,4,5,"Loved the taste, will order again.",Positive
1875,120209,5.0,5,5,"Loved the taste, will order again.",Positive
1876,117237,5.0,5,5,Amazing experience overall.,Positive
1877,104121,5.0,5,5,Great food and fast delivery!,Positive
1878,100722,5.0,4,5,Great food and fast delivery!,Positive
1879,115289,1.0,2,2,Delivery took way too long.,Negative
1880,101114,5.0,4,4,Amazing experience overall.,Positive
1881,110225,5.0,5,4,Great food and fast delivery!,Positive
1882,110567,3.0,2,4,"Food was okay, nothing special.",Neutral
1883,104641,5.0,5,5,Packaging was excellent and food was hot.,Positive
1884,118451,5.0,5,5,"Loved the taste, will order again.",Positive
1885,102632,5.0,5,5,Delivery partner was very polite.,Positive
1886,103603,3.0,3,4,Delivery was on time but food was mediocre.,Neutral
1887,113515,5.0,4,4,Best biryani in town!,Positive
1888,103143,5.0,5,5,Delivery partner was very polite.,Positive
1889,118196,3.0,3,3,Delivery was on time but food was mediocre.,Neutral
1890,117786,5.0,4,5,Amazing experience overall.,Positive
1891,112359,5.0,5,4,Packaging was excellent and food was hot.,Positive
1892,115819,2.0,1,1,Wrong item delivered.,Negative
1893,113099,4.0,4,4,Great food and fast delivery!,Positive
1894,119449,2.0,2,3,Wrong item delivered.,Negative
1895,109038,5.0,4,5,"Loved the taste, will order again.",Positive
1896,109290,3.0,2,3,"Food was okay, nothing special.",Neutral
1897,109992,2.0,3,3,Quality was not up to the mark.,Negative
1898,101255,4.0,3,3,Best biryani in town!,Positive
1899,103964,5.0,4,5,Amazing experience overall.,Positive
1900,106220,5.0,4,5,"Loved the taste, will order again.",Positive
1901,110805,3.0,2,4,"Food was okay, nothing special.",Neutral
1902,113125,2.0,2,3,Order was incomplete.,Negative
1903,119129,4.0,4,3,"Loved the taste, will order again.",Positive
1904,116637,3.0,3,3,Delivery was on time but food was mediocre.,Neutral
1905,113870,5.0,5,5,Packaging was excellent and food was hot.,Positive
1906,105352,4.0,4,3,Amazing experience overall.,Positive
1907,115233,2.0,3,2,Quality was not up to the mark.,Negative
1908,106027,5.0,4,5,Delivery partner was very polite.,Positive
1909,106278,5.0,5,5,Great food and fast delivery!,Positive
1910,120444,2.0,3,3,Order was incomplete.,Negative
1911,115667,1.0,1,2,Order was incomplete.,Negative
1912,102828,4.0,4,3,Packaging was excellent and food was hot.,Positive
1913,117833,5.0,5,5,Great food and fast delivery!,Positive
1914,119843,2.0,1,3,Wrong item delivered.,Negative
1915,107707,5.0,5,5,"Loved the taste, will order again.",Positive
1916,115459,5.0,5,5,Best biryani in town!,Positive
1917,101019,1.0,1,1,Quality was not up to the mark.,Negative
1918,116676,3.0,4,2,Average experience.,Neutral
1919,117460,2.0,2,1,Delivery took way too long.,Negative
1920,109231,5.0,4,5,Amazing experience overall.,Positive
1921,100250,5.0,5,4,Delivery partner was very polite.,Positive
1922,102775,4.0,3,3,Amazing experience overall.,Positive
1923,108823,5.0,5,4,Amazing experience overall.,Positive
1924,105171,5.0,5,5,,Positive
1925,116815,1.0,1,1,Order was incomplete.,Negative
1926,106038,4.0,5,4,Amazing experience overall.,Positive
1927,110342,3.0,3,3,Delivery was on time but food was mediocre.,Neutral
1928,102333,2.0,3,1,Quality was not up to the mark.,Negative
1929,105457,4.0,3,4,Packaging was excellent and food was hot.,Positive
1930,110936,5.0,5,5,"Loved the taste, will order again.",Positive
1931,120312,4.0,3,4,Amazing experience overall.,Positive
1932,117619,2.0,3,3,Food arrived cold and late.,Negative
1933,111622,5.0,5,4,Delivery partner was very polite.,Positive
1934,119835,3.0,2,3,"Food was okay, nothing special.",Neutral
1935,109266,4.0,5,5,Best biryani in town!,Positive
1936,106103,5.0,5,5,Great food and fast delivery!,Positive
1937,101166,5.0,4,5,Amazing experience overall.,Positive
1938,103276,2.0,3,3,Delivery took way too long.,Negative
1939,106113,1.0,1,1,Wrong item delivered.,Negative
1940,108998,5.0,5,4,Great food and fast delivery!,Positive
1941,104446,5.0,5,5,,Positive
1942,116137,2.0,1,1,Very disappointed with the service.,Negative
1943,113205,3.0,2,4,"Food was okay, nothing special.",Neutral
1944,111980,5.0,5,5,Packaging was excellent and food was hot.,Positive
1945,111985,5.0,5,4,Great food and fast delivery!,Positive
1946,107615,3.0,2,3,Average experience.,Neutral
1947,102376,3.0,3,2,Delivery was on time but food was mediocre.,Neutral
1948,104755,4.0,5,5,Packaging was excellent and food was hot.,Positive
1949,104937,5.0,4,5,Delivery partner was very polite.,Positive
1950,120049,2.0,3,1,Very disappointed with the service.,Negative
1951,108648,4.0,4,4,Amazing experience overall.,Positive
1952,116960,3.0,4,3,Delivery was on time but food was mediocre.,Neutral
1953,117361,3.0,2,4,Delivery was on time but food was mediocre.,Neutral
1954,114562,5.0,4,5,Delivery partner was very polite.,Positive
1955,113648,5.0,4,5,Best biryani in town!,Positive
1956,114228,5.0,5,5,Amazing experience overall.,Positive
1957,104211,3.0,4,4,,Neutral
1958,116459,5.0,5,5,Great food and fast delivery!,Positive
1959,110218,5.0,5,5,Amazing experience overall.,Positive
1960,118732,2.0,3,3,Delivery took way too long.,Negative
1961,108469,2.0,3,3,Wrong item delivered.,Negative
1962,106613,4.0,4,3,"Loved the taste, will order again.",Positive
1963,101102,5.0,5,4,Amazing experience overall.,Positive
1964,114709,1.0,2,1,Order was incomplete.,Negative
1965,112775,2.0,1,3,Wrong item delivered.,Negative
1966,116530,4.0,5,5,Delivery partner was very polite.,Positive
1967,117212,5.0,5,5,Great food and fast delivery!,Positive
1968,107488,2.0,3,1,Wrong item delivered.,Negative
1969,108532,3.0,4,2,Average experience.,Neutral
1970,100799,4.0,5,5,Amazing experience overall.,Positive
1971,105230,5.0,5,5,Best biryani in town!,Positive
1972,111459,5.0,5,5,Best biryani in town!,Positive
1973,108097,4.0,3,5,Delivery partner was very polite.,Positive
1974,100767,1.0,2,2,Delivery took way too long.,Negative
1975,110763,3.0,3,2,Delivery was on time but food was mediocre.,Neutral
1976,102880,5.0,5,5,Packaging was excellent and food was hot.,Positive
1977,102730,2.0,2,1,Delivery took way too long.,Negative
1978,119892,3.0,2,3,"Food was okay, nothing special.",Neutral
1979,110374,4.0,5,3,Best biryani in town!,Positive
1980,117846,3.0,2,3,,Neutral
1981,117780,4.0,3,3,Best biryani in town!,Positive
1982,101699,3.0,2,3,,Neutral
1983,112640,4.0,3,3,Packaging was excellent and food was hot.,Positive
1984,116625,3.0,4,4,,Neutral
1985,111197,4.0,4,4,Amazing experience overall.,Positive
1986,120274,4.0,5,5,Packaging was excellent and food was hot.,Positive
1987,101277,5.0,4,4,Amazing experience overall.,Positive
1988,113695,5.0,5,5,Great food and fast delivery!,Positive
1989,108314,4.0,5,5,"Loved the taste, will order again.",Positive
1990,107293,2.0,2,3,Delivery took way too long.,Negative
1991,110761,2.0,2,1,Order was incomplete.,Negative
1992,114600,5.0,5,4,Great food and fast delivery!,Positive
1993,111628,5.0,4,5,Packaging was excellent and food was hot.,Positive
1994,103454,5.0,5,5,Great food and fast delivery!,Positive
1995,101008,2.0,1,3,Delivery took way too long.,Negative
1996,110752,2.0,2,1,,Negative
1997,111597,2.0,1,2,Wrong item delivered.,Negative
1998,119376,1.0,2,2,Order was incomplete.,Negative
1999,107388,3.0,2,4,Average experience.,Neutral
2000,113886,5.0,5,5,Best biryani in town!,Positive
2001,117226,2.0,2,2,Order was incomplete.,Negative
2002,120259,2.0,1,2,Delivery took way too long.,Negative
2003,105399,1.0,1,1,Order was incomplete.,Negative
2004,117096,1.0,2,1,Quality was not up to the mark.,Negative
2005,101952,5.0,5,5,"Loved the taste, will order again.",Positive
2006,112083,5.0,5,5,Delivery partner was very polite.,Positive
2007,112628,5.0,5,5,Great food and fast delivery!,Positive
2008,106795,5.0,4,4,Amazing experience overall.,Positive
2009,104248,5.0,4,5,Great food and fast delivery!,Positive
2010,108190,1.0,1,2,Quality was not up to the mark.,Negative
2011,106335,3.0,4,3,Delivery was on time but food was mediocre.,Neutral
2012,119199,2.0,3,3,Order was incomplete.,Negative
2013,113098,5.0,4,5,Amazing experience overall.,Positive
2014,116393,5.0,5,5,Delivery partner was very polite.,Positive
2015,115260,5.0,5,5,Great food and fast delivery!,Positive
2016,114465,5.0,4,5,Amazing experience overall.,Positive
2017,100893,2.0,1,3,Delivery took way too long.,Negative
2018,114724,3.0,4,3,"Food was okay, nothing special.",Neutral
2019,116622,4.0,4,3,Great food and fast delivery!,Positive
2020,118502,2.0,3,1,Delivery took way too long.,Negative
2021,103504,4.0,3,4,Packaging was excellent and food was hot.,Positive
2022,103843,5.0,4,5,Delivery partner was very polite.,Positive
2023,117932,3.0,2,2,Delivery was on time but food was mediocre.,Neutral
2024,102101,2.0,2,2,Quality was not up to the mark.,Negative
2025,108613,5.0,5,4,Amazing experience overall.,Positive
2026,115694,5.0,5,4,Packaging was excellent and food was hot.,Positive
2027,119624,5.0,4,5,Delivery partner was very polite.,Positive
2028,120484,3.0,3,3,"Food was okay, nothing special.",Neutral
2029,111277,1.0,1,1,Delivery took way too long.,Negative
2030,104052,4.0,5,3,"Loved the taste, will order again.",Positive
2031,109647,3.0,3,3,Delivery was on time but food was mediocre.,Neutral
2032,100917,3.0,4,3,Delivery was on time but food was mediocre.,Neutral
2033,120031,5.0,7,5,Packaging was excellent and food was hot.,Positive
2034,115886,5.0,4,5,Great food and fast delivery!,Positive
2035,110357,4.0,3,5,,Positive
2036,114193,5.0,5,5,Great food and fast delivery!,Positive
2037,115765,4.0,4,4,Packaging was excellent and food was hot.,Positive
2038,117251,3.0,3,2,Delivery was on time but food was mediocre.,Neutral
2039,114490,3.0,3,3,Delivery was on time but food was mediocre.,Neutral
2040,100575,3.0,3,4,Delivery was on time but food was mediocre.,Neutral
2041,110165,2.0,2,3,Wrong item delivered.,Negative
2042,100148,5.0,5,4,Amazing experience overall.,Positive
2043,102417,4.0,5,5,Best biryani in town!,Positive
2044,106382,5.0,5,4,Great food and fast delivery!,Positive
2045,119311,5.0,7,5,Delivery partner was very polite.,Positive
2046,112709,5.0,5,4,Great food and fast delivery!,Positive
2047,112387,1.0,1,2,Quality was not up to the mark.,Negative
2048,107112,5.0,5,4,Great food and fast delivery!,Positive
2049,118129,3.0,3,2,,Neutral
2050,120056,5.0,4,5,Great food and fast delivery!,Positive
2051,112648,2.0,3,2,Wrong item delivered.,Negative
2052,113282,5.0,5,5,Amazing experience overall.,Positive
2053,101602,4.0,5,4,Great food and fast delivery!,Positive
2054,119729,3.0,4,4,"Food was okay, nothing special.",Neutral
2055,110083,2.0,2,1,Delivery took way too long.,Negative
2056,112891,3.0,2,2,Average experience.,Neutral
2057,114386,5.0,4,5,"Loved the taste, will order again.",Positive
2058,101544,4.0,3,3,"Loved the taste, will order again.",Positive
2059,104508,3.0,2,2,"Food was okay, nothing special.",Neutral
2060,120025,5.0,5,5,Amazing experience overall.,Positive
2061,107860,3.0,3,3,Delivery was on time but food was mediocre.,Neutral
2062,115397,2.0,2,1,Delivery took way too long.,Negative
2063,112959,5.0,4,5,"Loved the taste, will order again.",Positive
2064,101499,3.0,4,4,,Neutral
2065,100467,3.0,4,3,,Neutral
2066,113817,3.0,2,3,Average experience.,Neutral
2067,107961,2.0,2,2,Delivery took way too long.,Negative
2068,114573,5.0,4,5,Amazing experience overall.,Positive
2069,113218,5.0,5,4,Great food and fast delivery!,Positive
2070,111703,1.0,1,1,Food arrived cold and late.,Negative
2071,116876,1.0,1,2,Very disappointed with the service.,Negative
2072,119371,5.0,5,5,Packaging was excellent and food was hot.,Positive
2073,101957,3.0,2,2,Delivery was on time but food was mediocre.,Neutral
2074,106428,4.0,4,4,Amazing experience overall.,Positive
2075,117473,1.0,1,1,Delivery took way too long.,Negative
2076,100490,5.0,5,5,Amazing experience overall.,Positive
2077,118536,5.0,5,5,Delivery partner was very polite.,Positive
2078,100912,4.0,5,5,Packaging was excellent and food was hot.,Positive
2079,105524,5.0,4,4,Packaging was excellent and food was hot.,Positive
2080,115734,3.0,4,2,Average experience.,Neutral
2081,113948,5.0,5,5,"Loved the taste, will order again.",Positive
2082,111813,5.0,5,4,Packaging was excellent and food was hot.,Positive
2083,101049,5.0,4,4,Packaging was excellent and food was hot.,Positive
2084,117229,1.0,1,1,Delivery took way too long.,Negative
2085,107297,2.0,3,1,Delivery took way too long.,Negative
2086,100274,,3,2,Order was incomplete.,Negative
2087,106277,3.0,4,4,Average experience.,Neutral
2088,116527,5.0,4,5,Packaging was excellent and food was hot.,Positive
2089,100052,,5,4,Great food and fast delivery!,Positive
2090,110367,4.0,5,4,"Loved the taste, will order again.",Positive
2091,106847,5.0,5,5,Packaging was excellent and food was hot.,Positive
2092,118812,3.0,4,2,Delivery was on time but food was mediocre.,Neutral
2093,103902,3.0,4,3,Delivery was on time but food was mediocre.,Neutral
2094,114150,3.0,4,4,Average experience.,Neutral
2095,110062,2.0,2,1,Very disappointed with the service.,Negative
2096,120271,5.0,4,4,Amazing experience overall.,Positive
2097,110919,3.0,3,4,"Food was okay, nothing special.",Neutral
2098,109775,1.0,2,2,Delivery took way too long.,Negative
2099,113126,2.0,3,2,Order was incomplete.,Negative
2100,106262,5.0,5,5,Delivery partner was very polite.,Positive
2101,120435,4.0,3,4,Great food and fast delivery!,Positive
2102,108894,1.0,1,1,Order was incomplete.,Negative
2103,114422,4.0,5,5,Delivery partner was very polite.,Positive
2104,109577,3.0,3,4,,Neutral
2105,108763,1.0,2,2,Quality was not up to the mark.,Negative
2106,118578,5.0,5,4,Packaging was excellent and food was hot.,Positive
2107,106300,4.0,3,4,Great food and fast delivery!,Positive
2108,100895,5.0,5,4,Delivery partner was very polite.,Positive
2109,114966,3.0,2,3,,Neutral
2110,117472,5.0,5,5,Best biryani in town!,Positive
2111,112932,4.0,5,4,Amazing experience overall.,Positive
2112,110017,3.0,4,3,,Neutral
2113,104582,1.0,1,2,Wrong item delivered.,Negative
2114,110093,5.0,5,5,Amazing experience overall.,Positive
2115,100364,4.0,4,3,Great food and fast delivery!,Positive
2116,115148,2.0,2,3,Very disappointed with the service.,Negative
2117,104753,4.0,5,5,Delivery partner was very polite.,Positive
2118,110982,2.0,2,1,Wrong item delivered.,Negative
2119,106616,2.0,3,2,,Negative
2120,110812,4.0,5,4,Delivery partner was very polite.,Positive
2121,105367,5.0,4,5,Best biryani in town!,Positive
2122,115733,2.0,3,2,Order was incomplete.,Negative
2123,117883,4.0,3,3,Best biryani in town!,Positive
2124,109655,1.0,1,1,Delivery took way too long.,Negative
2125,108530,5.0,4,5,Delivery partner was very polite.,Positive
2126,109361,1.0,1,1,Very disappointed with the service.,Negative
2127,115824,2.0,1,3,Quality was not up to the mark.,Negative
2128,113415,2.0,3,1,Delivery took way too long.,Negative
2129,107970,5.0,5,5,Amazing experience overall.,Positive
2130,110925,5.0,4,4,Best biryani in town!,Positive
2131,103522,2.0,1,3,Wrong item delivered.,Negative
2132,111898,2.0,2,1,Order was incomplete.,Negative
2133,112253,4.0,3,4,Packaging was excellent and food was hot.,Positive
2134,111879,2.0,2,2,Food arrived cold and late.,Negative
2135,115914,3.0,3,2,Delivery was on time but food was mediocre.,Neutral
2136,111320,1.0,1,1,Quality was not up to the mark.,Negative
2137,112781,5.0,4,5,Great food and fast delivery!,Positive
2138,106826,5.0,5,5,Delivery partner was very polite.,Positive
2139,108920,,1,2,Wrong item delivered.,Negative
2140,120328,3.0,2,3,Average experience.,Neutral
2141,115823,5.0,5,4,Delivery partner was very polite.,Positive
2142,115692,5.0,5,4,"Loved the taste, will order again.",Positive
2143,113366,3.0,3,4,Average experience.,Neutral
2144,101994,5.0,5,5,Best biryani in town!,Positive
2145,114191,1.0,1,2,Delivery took way too long.,Negative
2146,116416,,5,4,Packaging was excellent and food was hot.,Positive
2147,109887,1.0,1,1,,Negative
2148,119894,4.0,4,3,"Loved the taste, will order again.",Positive
2149,106790,4.0,5,5,Amazing experience overall.,Positive
2150,103784,2.0,3,3,Very disappointed with the service.,Negative
2151,113525,5.0,5,4,Packaging was excellent and food was hot.,Positive
2152,101794,3.0,4,3,,Neutral
2153,106919,4.0,4,3,Packaging was excellent and food was hot.,Positive
2154,111921,5.0,5,5,Packaging was excellent and food was hot.,Positive
2155,108935,1.0,2,2,Order was incomplete.,Negative
2156,108436,3.0,3,2,"Food was okay, nothing special.",Neutral
2157,118395,4.0,4,4,Amazing experience overall.,Positive
2158,102682,5.0,5,5,Best biryani in town!,Positive
2159,109120,3.0,4,2,"Food was okay, nothing special.",Neutral
2160,106558,3.0,3,2,Delivery was on time but food was mediocre.,Neutral
2161,116477,1.0,1,1,Delivery took way too long.,Negative
2162,112072,2.0,3,1,Food arrived cold and late.,Negative
2163,116519,2.0,2,3,Quality was not up to the mark.,Negative
2164,104891,4.0,4,4,Delivery partner was very polite.,Positive
2165,112548,5.0,5,5,"Loved the taste, will order again.",Positive
2166,104836,2.0,1,2,Quality was not up to the mark.,Negative
2167,103426,5.0,4,5,Great food and fast delivery!,Positive
2168,107946,5.0,5,4,"Loved the taste, will order again.",Positive
2169,115625,3.0,3,4,,Neutral
2170,119846,5.0,4,4,"Loved the taste, will order again.",Positive
2171,113646,3.0,3,3,Average experience.,Neutral
2172,116926,3.0,3,4,Delivery was on time but food was mediocre.,Neutral
2173,119263,4.0,4,4,Best biryani in town!,Positive
2174,103087,5.0,5,4,Packaging was excellent and food was hot.,Positive
2175,106711,4.0,5,4,Great food and fast delivery!,Positive
2176,110567,2.0,1,3,Order was incomplete.,Negative
2177,106095,5.0,5,5,Best biryani in town!,Positive
2178,106763,5.0,4,5,"Loved the taste, will order again.",Positive
2179,102823,4.0,4,5,Best biryani in town!,Positive
2180,106084,2.0,2,3,Delivery took way too long.,Negative
2181,114804,5.0,5,5,Amazing experience overall.,Positive
2182,117360,1.0,1,1,Delivery took way too long.,Negative
2183,103878,3.0,4,4,Delivery was on time but food was mediocre.,Neutral
2184,106025,5.0,5,5,Packaging was excellent and food was hot.,Positive
2185,101305,5.0,5,4,Great food and fast delivery!,Positive
2186,107799,2.0,3,1,Delivery took way too long.,Negative
2187,107332,4.0,4,5,"Loved the taste, will order again.",Positive
2188,114705,4.0,4,4,,Positive
2189,118805,4.0,5,4,Great food and fast delivery!,Positive
2190,112767,4.0,4,4,Packaging was excellent and food was hot.,Positive
2191,114863,4.0,5,5,Packaging was excellent and food was hot.,Positive
2192,108549,2.0,3,2,Food arrived cold and late.,Negative
2193,114890,3.0,4,4,Average experience.,Neutral
2194,111376,5.0,5,5,Best biryani in town!,Positive
2195,104213,4.0,4,4,Packaging was excellent and food was hot.,Positive
2196,117990,5.0,5,5,Amazing experience overall.,Positive
2197,106888,5.0,4,5,Great food and fast delivery!,Positive
2198,114749,5.0,4,4,Best biryani in town!,Positive
2199,106908,3.0,4,3,"Food was okay, nothing special.",Neutral
2200,116497,5.0,5,4,Great food and fast delivery!,Positive
2201,101182,5.0,5,5,Great food and fast delivery!,Positive
2202,115547,3.0,2,4,"Food was okay, nothing special.",Neutral
2203,100435,5.0,4,4,Packaging was excellent and food was hot.,Positive
2204,114243,5.0,5,4,Great food and fast delivery!,Positive
2205,100342,1.0,2,2,Quality was not up to the mark.,Negative
2206,119457,5.0,4,5,"Loved the taste, will order again.",Positive
2207,104441,5.0,5,5,Packaging was excellent and food was hot.,Positive
2208,103874,2.0,2,1,Very disappointed with the service.,Negative
2209,108092,5.0,4,5,Great food and fast delivery!,Positive
2210,100931,3.0,3,3,Delivery was on time but food was mediocre.,Neutral
2211,113176,4.0,4,4,Amazing experience overall.,Positive
2212,107661,5.0,5,4,"Loved the taste, will order again.",Positive
2213,108058,2.0,3,2,Delivery took way too long.,Negative
2214,111114,4.0,3,5,"Loved the taste, will order again.",Positive
2215,105086,5.0,5,5,Best biryani in town!,Positive
2216,101314,3.0,2,3,"Food was okay, nothing special.",Neutral
2217,111156,5.0,4,5,Delivery partner was very polite.,Positive
2218,103857,5.0,5,5,Best biryani in town!,Positive
2219,103512,3.0,2,2,,Neutral
2220,101894,4.0,5,5,Great food and fast delivery!,Positive
2221,113458,4.0,5,3,Amazing experience overall.,Positive
2222,113320,2.0,3,1,Very disappointed with the service.,Negative
2223,108138,,3,4,Delivery partner was very polite.,Positive
2224,114244,5.0,5,5,Best biryani in town!,Positive
2225,118841,4.0,5,3,Best biryani in town!,Positive
2226,112653,5.0,5,4,Packaging was excellent and food was hot.,Positive
2227,110840,5.0,5,5,Amazing experience overall.,Positive
2228,106289,3.0,3,2,"Food was okay, nothing special.",Neutral
2229,107158,5.0,5,4,,Positive
2230,102605,3.0,4,2,Delivery was on time but food was mediocre.,Neutral
2231,118912,4.0,5,3,"Loved the taste, will order again.",Positive
2232,102254,4.0,3,4,"Loved the taste, will order again.",Positive
2233,111551,5.0,4,5,Packaging was excellent and food was hot.,Positive
2234,119924,2.0,1,2,Quality was not up to the mark.,Negative
2235,113040,5.0,5,4,Great food and fast delivery!,Positive
2236,113650,4.0,5,5,"Loved the taste, will order again.",Positive
2237,109220,2.0,3,2,Wrong item delivered.,Negative
2238,120306,5.0,5,5,"Loved the taste, will order again.",Positive
2239,106441,2.0,2,3,Very disappointed with the service.,Negative
2240,109012,2.0,2,2,Delivery took way too long.,Negative
2241,103221,4.0,3,4,"Loved the taste, will order again.",Positive
2242,104594,2.0,2,3,Quality was not up to the mark.,Negative
2243,112822,5.0,9,5,Great food and fast delivery!,Positive
2244,114579,4.0,4,3,Delivery partner was very polite.,Positive
2245,115368,5.0,4,5,Packaging was excellent and food was hot.,Positive
2246,101945,5.0,5,4,Best biryani in town!,Positive
2247,108556,4.0,5,5,,Positive
2248,110990,5.0,4,5,Packaging was excellent and food was hot.,Positive
2249,116245,3.0,3,3,"Food was okay, nothing special.",Neutral
2250,113223,3.0,3,2,,Neutral
2251,117873,1.0,1,1,Wrong item delivered.,Negative
2252,119854,4.0,4,3,Best biryani in town!,Positive
2253,104178,5.0,4,5,Delivery partner was very polite.,Positive
2254,103371,5.0,5,5,"Loved the taste, will order again.",Positive
2255,117641,2.0,3,2,,Negative
2256,105191,5.0,5,5,,Positive
2257,108966,3.0,3,3,"Food was okay, nothing special.",Neutral
2258,104350,5.0,4,5,Best biryani in town!,Positive
2259,100992,1.0,2,1,Quality was not up to the mark.,Negative
2260,103195,5.0,4,4,Great food and fast delivery!,Positive
2261,112578,,4,5,Packaging was excellent and food was hot.,Positive
2262,107641,4.0,4,4,Amazing experience overall.,Positive
2263,111636,3.0,2,4,,Neutral
2264,117489,5.0,5,5,Delivery partner was very polite.,Positive
2265,104791,3.0,4,3,,Neutral
2266,103331,5.0,5,4,Great food and fast delivery!,Positive
2267,100387,4.0,3,4,Best biryani in town!,Positive
2268,117289,,5,5,"Loved the taste, will order again.",Positive
2269,114548,5.0,5,5,Best biryani in town!,Positive
2270,120155,5.0,4,5,Delivery partner was very polite.,Positive
2271,113716,2.0,1,2,,Negative
2272,106718,5.0,4,5,"Loved the taste, will order again.",Positive
2273,120241,3.0,3,2,Average experience.,Neutral
2274,102542,4.0,3,3,Best biryani in town!,Positive
2275,111645,2.0,8,3,Wrong item delivered.,Negative
2276,110088,,4,3,"Food was okay, nothing special.",Neutral
2277,117125,3.0,2,4,Delivery was on time but food was mediocre.,Neutral
2278,116389,5.0,5,5,Packaging was excellent and food was hot.,Positive
2279,108859,5.0,5,5,Packaging was excellent and food was hot.,Positive
2280,120131,5.0,5,5,Delivery partner was very polite.,Positive
2281,120103,3.0,2,4,Delivery was on time but food was mediocre.,Neutral
2282,101071,,5,4,"Loved the taste, will order again.",Positive
2283,106003,3.0,3,3,,Neutral
2284,100397,3.0,3,4,Delivery was on time but food was mediocre.,Neutral
2285,116797,2.0,1,1,Delivery took way too long.,Negative
2286,118899,2.0,2,2,Quality was not up to the mark.,Negative
2287,100768,4.0,5,5,"Loved the taste, will order again.",Positive
2288,101737,4.0,3,4,Delivery partner was very polite.,Positive
2289,116894,5.0,5,5,Delivery partner was very polite.,Positive
2290,101672,5.0,5,5,Delivery partner was very polite.,Positive
2291,109568,3.0,3,3,Delivery was on time but food was mediocre.,Neutral
2292,115040,3.0,3,4,,Neutral
2293,100635,2.0,2,3,Food arrived cold and late.,Negative
2294,107348,2.0,3,1,Order was incomplete.,Negative
2295,101983,5.0,4,4,Best biryani in town!,Positive
2296,108610,5.0,5,4,Amazing experience overall.,Positive
2297,100984,,4,4,Amazing experience overall.,Positive
2298,109961,5.0,4,5,Amazing experience overall.,Positive
2299,117614,4.0,4,4,Packaging was excellent and food was hot.,Positive
2300,111729,5.0,5,4,Best biryani in town!,Positive
2301,118409,5.0,5,5,Amazing experience overall.,Positive
2302,114212,2.0,2,2,Wrong item delivered.,Negative
2303,110079,2.0,3,3,Delivery took way too long.,Negative
2304,101968,4.0,3,4,Best biryani in town!,Positive
2305,105395,5.0,4,4,"Loved the taste, will order again.",Positive
2306,109780,,2,2,Average experience.,Neutral
2307,102166,2.0,3,1,Quality was not up to the mark.,Negative
2308,116764,4.0,3,3,Amazing experience overall.,Positive
2309,118825,5.0,4,5,"Loved the taste, will order again.",Positive
2310,113180,2.0,3,2,Delivery took way too long.,Negative
2311,100453,1.0,1,1,Order was incomplete.,Negative
2312,100665,4.0,6,3,Best biryani in town!,Positive
2313,102870,3.0,3,2,Average experience.,Neutral
2314,105279,1.0,2,1,Quality was not up to the mark.,Negative
2315,119759,5.0,5,4,Great food and fast delivery!,Positive
2316,100870,3.0,4,3,Average experience.,Neutral
2317,105567,5.0,4,4,Best biryani in town!,Positive
2318,112952,5.0,5,4,"Loved the taste, will order again.",Positive
2319,104475,1.0,2,1,Food arrived cold and late.,Negative
2320,111375,5.0,5,5,"Loved the taste, will order again.",Positive
2321,100683,5.0,4,4,Delivery partner was very polite.,Positive
2322,115111,4.0,5,5,Great food and fast delivery!,Positive
2323,111233,2.0,2,3,Wrong item delivered.,Negative
2324,112809,5.0,5,5,Great food and fast delivery!,Positive
2325,109389,3.0,2,3,,Neutral
2326,120475,2.0,3,2,Quality was not up to the mark.,Negative
2327,107042,5.0,5,5,Delivery partner was very polite.,Positive
2328,103491,1.0,2,1,Food arrived cold and late.,Negative
2329,107014,5.0,5,4,"Loved the taste, will order again.",Positive
2330,100389,5.0,5,5,"Loved the taste, will order again.",Positive
2331,114480,1.0,1,1,Food arrived cold and late.,Negative
2332,111463,4.0,4,5,,Positive
2333,112454,4.0,3,3,Best biryani in town!,Positive
2334,117204,4.0,7,5,Packaging was excellent and food was hot.,Positive
2335,111663,1.0,1,2,Order was incomplete.,Negative
2336,104419,4.0,3,5,"Loved the taste, will order again.",Positive
2337,109911,1.0,1,1,Quality was not up to the mark.,Negative
2338,104284,3.0,2,2,,Neutral
2339,100056,3.0,2,4,Average experience.,Neutral
2340,119908,3.0,4,3,,Neutral
2341,102969,5.0,5,5,Great food and fast delivery!,Positive
2342,103114,1.0,2,2,Delivery took way too long.,Negative
2343,112922,4.0,3,3,Amazing experience overall.,Positive
2344,105504,3.0,2,2,Average experience.,Neutral
2345,110377,5.0,5,4,Packaging was excellent and food was hot.,Positive
2346,115772,3.0,3,3,,Neutral
2347,110179,,4,3,Great food and fast delivery!,Positive
2348,109746,3.0,3,4,Average experience.,Neutral
2349,107078,2.0,1,3,Quality was not up to the mark.,Negative
2350,120105,5.0,5,4,Amazing experience overall.,Positive
2351,116437,,4,5,Delivery partner was very polite.,Positive
2352,115873,3.0,2,3,Average experience.,Neutral
2353,105913,2.0,3,1,Quality was not up to the mark.,Negative
2354,103461,3.0,4,4,,Neutral
2355,100756,5.0,4,5,Delivery partner was very polite.,Positive
2356,105071,5.0,4,4,Amazing experience overall.,Positive
2357,112252,4.0,4,5,Amazing experience overall.,Positive
2358,101922,4.0,5,3,Amazing experience overall.,Positive
2359,118245,4.0,3,4,Delivery partner was very polite.,Positive
2360,114066,2.0,3,3,Delivery took way too long.,Negative
2361,112317,5.0,4,5,Delivery partner was very polite.,Positive
2362,100631,1.0,1,2,Very disappointed with the service.,Negative
2363,109587,5.0,4,4,Delivery partner was very polite.,Positive
2364,105797,3.0,3,2,,Neutral
2365,105623,5.0,4,5,Delivery partner was very polite.,Positive
2366,102783,2.0,3,2,Food arrived cold and late.,Negative
2367,118560,5.0,5,5,Amazing experience overall.,Positive
2368,105018,5.0,5,5,"Loved the taste, will order again.",Positive
2369,119156,5.0,5,5,"Loved the taste, will order again.",Positive
2370,100378,5.0,5,5,Delivery partner was very polite.,Positive
2371,102366,4.0,5,5,Delivery partner was very polite.,Positive
2372,101150,4.0,3,5,"Loved the taste, will order again.",Positive
2373,102370,4.0,3,5,Packaging was excellent and food was hot.,Positive
2374,113189,5.0,4,5,Delivery partner was very polite.,Positive
2375,115292,2.0,2,2,Order was incomplete.,Negative
2376,103353,1.0,1,1,Quality was not up to the mark.,Negative
2377,104191,5.0,4,5,Best biryani in town!,Positive
2378,114723,2.0,2,3,Food arrived cold and late.,Negative
2379,119574,5.0,5,4,Packaging was excellent and food was hot.,Positive
2380,118625,3.0,2,4,"Food was okay, nothing special.",Neutral
2381,112350,5.0,5,5,Amazing experience overall.,Positive
2382,105532,5.0,4,4,Packaging was excellent and food was hot.,Positive
2383,114229,3.0,3,3,Delivery was on time but food was mediocre.,Neutral
2384,114344,2.0,1,2,Quality was not up to the mark.,Negative
2385,100796,5.0,4,5,Delivery partner was very polite.,Positive
2386,107683,4.0,3,5,Best biryani in town!,Positive
2387,111355,3.0,2,3,Average experience.,Neutral
2388,102438,3.0,2,3,,Neutral
2389,100946,1.0,1,2,Very disappointed with the service.,Negative
2390,104967,1.0,2,1,Delivery took way too long.,Negative
2391,115983,5.0,5,4,Packaging was excellent and food was hot.,Positive
2392,108949,4.0,4,5,"Loved the taste, will order again.",Positive
2393,107825,5.0,5,4,Best biryani in town!,Positive
2394,111530,4.0,3,5,Amazing experience overall.,Positive
2395,113290,3.0,4,3,,Neutral
2396,110516,1.0,1,1,Wrong item delivered.,Negative
2397,102406,2.0,1,3,Very disappointed with the service.,Negative
2398,113990,3.0,4,2,Delivery was on time but food was mediocre.,Neutral
2399,118597,2.0,3,3,,Negative
2400,108725,5.0,5,5,Great food and fast delivery!,Positive
2401,116840,2.0,3,1,Wrong item delivered.,Negative
2402,116671,5.0,5,4,Delivery partner was very polite.,Positive
2403,111263,5.0,5,5,Best biryani in town!,Positive
2404,117948,2.0,2,3,Delivery took way too long.,Negative
2405,119381,4.0,4,3,"Loved the taste, will order again.",Positive
2406,111472,5.0,5,5,Amazing experience overall.,Positive
2407,107901,2.0,3,3,Quality was not up to the mark.,Negative
2408,106707,5.0,5,4,Packaging was excellent and food was hot.,Positive
2409,111148,4.0,4,3,Best biryani in town!,Positive
2410,110620,4.0,3,5,Best biryani in town!,Positive
2411,116108,5.0,4,4,Great food and fast delivery!,Positive
2412,110758,1.0,2,2,Very disappointed with the service.,Negative
2413,117146,3.0,3,4,"Food was okay, nothing special.",Neutral
2414,107726,4.0,3,5,Best biryani in town!,Positive
2415,119505,4.0,4,4,Delivery partner was very polite.,Positive
2416,119320,5.0,5,5,Packaging was excellent and food was hot.,Positive
2417,112050,5.0,4,5,Great food and fast delivery!,Positive
2418,106985,4.0,3,3,Delivery partner was very polite.,Positive
2419,112187,1.0,1,2,Order was incomplete.,Negative
2420,103378,3.0,2,2,Delivery was on time but food was mediocre.,Neutral
2421,117288,1.0,1,1,Delivery took way too long.,Negative
2422,119941,5.0,4,5,Delivery partner was very polite.,Positive
2423,113956,3.0,2,4,Delivery was on time but food was mediocre.,Neutral
2424,116130,3.0,3,4,"Food was okay, nothing special.",Neutral
2425,112150,4.0,5,3,"Loved the taste, will order again.",Positive
2426,119325,5.0,5,5,Best biryani in town!,Positive
2427,119025,2.0,3,2,Wrong item delivered.,Negative
2428,112716,4.0,5,4,Delivery partner was very polite.,Positive
2429,109949,3.0,2,3,,Neutral
2430,109168,3.0,4,4,Delivery was on time but food was mediocre.,Neutral
2431,104913,5.0,5,4,Best biryani in town!,Positive
2432,119069,2.0,1,2,Order was incomplete.,Negative
2433,103615,3.0,2,3,,Neutral
2434,119940,1.0,2,1,Delivery took way too long.,Negative
2435,104807,4.0,5,5,Delivery partner was very polite.,Positive
2436,105963,4.0,4,5,Packaging was excellent and food was hot.,Positive
2437,113763,2.0,1,2,Order was incomplete.,Negative
2438,108395,5.0,4,4,Packaging was excellent and food was hot.,Positive
2439,102806,2.0,3,1,Quality was not up to the mark.,Negative
2440,100289,1.0,1,1,Wrong item delivered.,Negative
2441,112899,5.0,5,4,,Positive
2442,113220,3.0,4,2,Average experience.,Neutral
2443,118012,1.0,1,1,Very disappointed with the service.,Negative
2444,108393,2.0,2,2,Quality was not up to the mark.,Negative
2445,105180,4.0,3,4,Delivery partner was very polite.,Positive
2446,103779,2.0,1,1,Wrong item delivered.,Negative
2447,109078,4.0,4,3,Packaging was excellent and food was hot.,Positive
2448,102131,5.0,5,5,Amazing experience overall.,Positive
2449,109483,5.0,5,5,Amazing experience overall.,Positive
2450,117141,5.0,5,5,"Loved the taste, will order again.",Positive
2451,107606,5.0,4,4,"Loved the taste, will order again.",Positive
2452,105445,1.0,1,1,Food arrived cold and late.,Negative
2453,111134,2.0,1,3,Wrong item delivered.,Negative
2454,111361,3.0,3,2,Average experience.,Neutral
2455,100761,5.0,5,4,Best biryani in town!,Positive
2456,104149,5.0,4,5,"Loved the taste, will order again.",Positive
2457,106127,3.0,2,2,Delivery was on time but food was mediocre.,Neutral
2458,105758,2.0,1,2,Food arrived cold and late.,Negative
2459,108171,5.0,4,5,"Loved the taste, will order again.",Positive
2460,118036,5.0,5,5,Delivery partner was very polite.,Positive
2461,119538,4.0,3,4,Best biryani in town!,Positive
2462,115393,5.0,5,5,Great food and fast delivery!,Positive
2463,116752,4.0,3,4,Amazing experience overall.,Positive
2464,119634,3.0,3,3,"Food was okay, nothing special.",Neutral
2465,104153,3.0,3,4,Average experience.,Neutral
2466,106302,5.0,5,5,Amazing experience overall.,Positive
2467,119433,5.0,5,5,Packaging was excellent and food was hot.,Positive
2468,112301,4.0,5,3,Best biryani in town!,Positive
2469,101455,2.0,1,1,Order was incomplete.,Negative
2470,102513,5.0,4,4,Delivery partner was very polite.,Positive
2471,100773,2.0,3,3,Wrong item delivered.,Negative
2472,105407,4.0,3,3,Amazing experience overall.,Positive
2473,103260,4.0,4,3,,Positive
2474,104958,2.0,2,1,Quality was not up to the mark.,Negative
2475,105243,5.0,5,5,Great food and fast delivery!,Positive
2476,100883,4.0,4,4,Amazing experience overall.,Positive
2477,108659,,5,5,Great food and fast delivery!,Positive
2478,120006,1.0,1,1,Very disappointed with the service.,Negative
2479,103271,4.0,3,5,Delivery partner was very polite.,Positive
2480,104982,5.0,5,5,Amazing experience overall.,Positive
2481,101132,5.0,5,4,Delivery partner was very polite.,Positive
2482,116965,5.0,4,5,Best biryani in town!,Positive
2483,115390,2.0,2,1,Wrong item delivered.,Negative
2484,117082,5.0,5,5,Great food and fast delivery!,Positive
2485,116778,5.0,5,5,Packaging was excellent and food was hot.,Positive
2486,102318,3.0,4,3,Average experience.,Neutral
2487,115964,4.0,5,5,Best biryani in town!,Positive
2488,106116,4.0,4,5,Amazing experience overall.,Positive
2489,110304,2.0,3,1,Very disappointed with the service.,Negative
2490,108295,1.0,1,1,Food arrived cold and late.,Negative
2491,113403,2.0,1,3,Delivery took way too long.,Negative
2492,117748,3.0,4,3,"Food was okay, nothing special.",Neutral
2493,112697,5.0,4,4,Amazing experience overall.,Positive
2494,103778,5.0,5,4,Great food and fast delivery!,Positive
2495,111686,2.0,2,1,Food arrived cold and late.,Negative
2496,102760,1.0,2,1,Food arrived cold and late.,Negative
2497,112465,5.0,4,4,Best biryani in town!,Positive
2498,108099,2.0,2,1,Quality was not up to the mark.,Negative
2499,109324,2.0,3,1,Food arrived cold and late.,Negative
2500,116559,1.0,1,2,Quality was not up to the mark.,Negative
2501,118767,5.0,5,5,Best biryani in town!,Positive
2502,113449,1.0,1,1,Order was incomplete.,Negative
2503,115807,5.0,4,5,Delivery partner was very polite.,Positive
2504,109596,3.0,4,4,,Neutral
2505,102401,5.0,4,4,Delivery partner was very polite.,Positive
2506,113041,1.0,2,1,Food arrived cold and late.,Negative
2507,113851,3.0,3,2,Delivery was on time but food was mediocre.,Neutral
2508,117871,4.0,4,3,"Loved the taste, will order again.",Positive
2509,110407,5.0,4,5,Delivery partner was very polite.,Positive
2510,108588,2.0,1,3,,Negative
2511,108431,5.0,4,4,,Positive
2512,100186,2.0,2,3,Food arrived cold and late.,Negative
2513,115109,3.0,4,3,Delivery was on time but food was mediocre.,Neutral
2514,118512,5.0,4,5,Best biryani in town!,Positive
2515,104975,3.0,3,2,,Neutral
2516,101283,3.0,4,2,Delivery was on time but food was mediocre.,Neutral
2517,102955,1.0,1,1,Quality was not up to the mark.,Negative
2518,100758,5.0,4,4,Packaging was excellent and food was hot.,Positive
2519,114559,1.0,1,1,Wrong item delivered.,Negative
2520,112362,3.0,2,4,Average experience.,Neutral
2521,109588,5.0,5,5,Best biryani in town!,Positive
2522,104855,2.0,1,1,Delivery took way too long.,Negative
2523,118117,2.0,3,2,Quality was not up to the mark.,Negative
2524,118683,5.0,5,5,"Loved the taste, will order again.",Positive
2525,118477,5.0,4,4,"Loved the taste, will order again.",Positive
2526,101881,5.0,4,4,Amazing experience overall.,Positive
2527,110905,,6,3,Amazing experience overall.,Positive
2528,106160,1.0,2,2,Food arrived cold and late.,Negative
2529,111341,3.0,2,2,"Food was okay, nothing special.",Neutral
2530,107443,5.0,5,5,Delivery partner was very polite.,Positive
2531,115526,2.0,1,2,Very disappointed with the service.,Negative
2532,104073,5.0,5,4,"Loved the taste, will order again.",Positive
2533,119597,5.0,4,4,Great food and fast delivery!,Positive
2534,119660,3.0,3,4,,Neutral
2535,101588,5.0,5,5,"Loved the taste, will order again.",Positive
2536,109357,5.0,4,5,Best biryani in town!,Positive
2537,103496,5.0,5,4,Great food and fast delivery!,Positive
2538,103912,5.0,4,5,Packaging was excellent and food was hot.,Positive
2539,109118,3.0,2,4,"Food was okay, nothing special.",Neutral
2540,115852,1.0,2,2,Quality was not up to the mark.,Negative
2541,102319,4.0,4,5,Great food and fast delivery!,Positive
2542,114432,5.0,5,5,Best biryani in town!,Positive
2543,107512,2.0,1,2,Order was incomplete.,Negative
2544,105933,,3,1,Delivery took way too long.,Negative
2545,116410,3.0,2,3,,Neutral
2546,108335,5.0,4,5,Amazing experience overall.,Positive
2547,118240,5.0,5,5,Best biryani in town!,Positive
2548,100156,3.0,4,2,,Neutral
2549,119836,5.0,4,4,Great food and fast delivery!,Positive
2550,107025,,4,2,Average experience.,Neutral
2551,114120,5.0,4,4,Packaging was excellent and food was hot.,Positive
2552,101951,2.0,2,2,Food arrived cold and late.,Negative
2553,118976,1.0,1,1,Delivery took way too long.,Negative
2554,106871,1.0,1,1,Delivery took way too long.,Negative
2555,101235,5.0,6,4,Delivery partner was very polite.,Positive
2556,101662,5.0,5,4,"Loved the taste, will order again.",Positive
2557,114014,5.0,5,5,Great food and fast delivery!,Positive
2558,113475,2.0,3,2,Wrong item delivered.,Negative
2559,100595,3.0,4,2,Average experience.,Neutral
2560,111675,4.0,3,4,Great food and fast delivery!,Positive
2561,105822,4.0,3,3,Amazing experience overall.,Positive
2562,115996,4.0,5,5,Delivery partner was very polite.,Positive
2563,107223,4.0,4,4,Amazing experience overall.,Positive
2564,110325,5.0,5,5,Amazing experience overall.,Positive
2565,116580,3.0,4,3,"Food was okay, nothing special.",Neutral
2566,107407,2.0,1,2,Wrong item delivered.,Negative
2567,100581,3.0,3,3,Average experience.,Neutral
2568,100783,5.0,5,4,Best biryani in town!,Positive
2569,119515,4.0,4,5,"Loved the taste, will order again.",Positive
2570,120236,5.0,5,4,Amazing experience overall.,Positive
2571,115997,4.0,4,4,Delivery partner was very polite.,Positive
2572,100038,4.0,3,3,Packaging was excellent and food was hot.,Positive
2573,115465,3.0,4,4,"Food was okay, nothing special.",Neutral
2574,116827,4.0,3,4,Amazing experience overall.,Positive
2575,100325,2.0,1,3,Wrong item delivered.,Negative
2576,102649,4.0,4,4,Packaging was excellent and food was hot.,Positive
2577,119609,5.0,5,5,Delivery partner was very polite.,Positive
2578,115168,4.0,3,3,"Loved the taste, will order again.",Positive
2579,109790,3.0,2,3,,Neutral
2580,117950,1.0,1,1,Wrong item delivered.,Negative
2581,117287,5.0,5,4,Delivery partner was very polite.,Positive
2582,107401,2.0,2,3,Delivery took way too long.,Negative
2583,114401,1.0,1,2,Very disappointed with the service.,Negative
2584,106568,5.0,5,5,Amazing experience overall.,Positive
2585,119185,1.0,1,1,Food arrived cold and late.,Negative
2586,103869,5.0,5,4,Best biryani in town!,Positive
2587,112076,1.0,1,1,Order was incomplete.,Negative
2588,117984,2.0,2,2,Food arrived cold and late.,Negative
2589,113132,2.0,1,3,Quality was not up to the mark.,Negative
2590,102335,5.0,5,5,Delivery partner was very polite.,Positive
2591,100497,2.0,1,1,Very disappointed with the service.,Negative
2592,111297,,3,1,Very disappointed with the service.,Negative
2593,105076,5.0,4,4,,Positive
2594,120307,2.0,1,2,Delivery took way too long.,Negative
2595,104338,1.0,1,2,Wrong item delivered.,Negative
2596,101928,1.0,1,1,Very disappointed with the service.,Negative
2597,115019,5.0,5,4,Amazing experience overall.,Positive
2598,118201,2.0,1,2,Very disappointed with the service.,Negative
2599,101543,4.0,4,5,Delivery partner was very polite.,Positive
2600,107730,2.0,3,2,Delivery took way too long.,Negative
2601,114849,3.0,3,3,"Food was okay, nothing special.",Neutral
2602,114983,1.0,2,2,Very disappointed with the service.,Negative
2603,115328,1.0,1,1,Very disappointed with the service.,Negative
2604,104735,3.0,2,2,Delivery was on time but food was mediocre.,Neutral
2605,115075,3.0,3,2,Average experience.,Neutral
2606,117504,4.0,3,5,Delivery partner was very polite.,Positive
2607,114583,1.0,2,1,Food arrived cold and late.,Negative
2608,102483,5.0,5,5,Amazing experience overall.,Positive
2609,120248,2.0,3,3,Quality was not up to the mark.,Negative
2610,106945,5.0,5,5,Amazing experience overall.,Positive
2611,105794,2.0,3,3,Delivery took way too long.,Negative
2612,111071,,5,4,Packaging was excellent and food was hot.,Positive
2613,110243,1.0,2,1,Wrong item delivered.,Negative
2614,103978,1.0,1,2,Quality was not up to the mark.,Negative
2615,117889,5.0,5,5,"Loved the taste, will order again.",Positive
2616,115160,4.0,4,5,Amazing experience overall.,Positive
2617,101988,2.0,3,3,Wrong item delivered.,Negative
2618,111700,5.0,5,4,Great food and fast delivery!,Positive
2619,101754,5.0,5,4,Best biryani in town!,Positive
2620,101450,5.0,5,4,Best biryani in town!,Positive
2621,104927,3.0,4,4,Delivery was on time but food was mediocre.,Neutral
2622,105200,5.0,5,5,Delivery partner was very polite.,Positive
2623,100231,2.0,1,2,Quality was not up to the mark.,Negative
2624,111303,2.0,1,1,Wrong item delivered.,Negative
2625,114046,4.0,4,4,Packaging was excellent and food was hot.,Positive
2626,120371,2.0,3,3,Very disappointed with the service.,Negative
2627,116630,2.0,1,3,Delivery took way too long.,Negative
2628,110220,2.0,1,2,Wrong item delivered.,Negative
2629,102264,2.0,1,2,Food arrived cold and late.,Negative
2630,117886,5.0,5,5,Packaging was excellent and food was hot.,Positive
2631,119995,3.0,2,3,Delivery was on time but food was mediocre.,Neutral
2632,105757,5.0,5,5,Great food and fast delivery!,Positive
2633,113902,5.0,4,4,Amazing experience overall.,Positive
2634,109858,2.0,1,3,Order was incomplete.,Negative
2635,102390,3.0,4,4,"Food was okay, nothing special.",Neutral
2636,104290,1.0,1,2,Order was incomplete.,Negative
2637,119688,4.0,4,5,"Loved the taste, will order again.",Positive
2638,107028,2.0,3,3,Wrong item delivered.,Negative
2639,104280,5.0,5,4,Packaging was excellent and food was hot.,Positive
2640,109178,2.0,3,2,Food arrived cold and late.,Negative
2641,118085,4.0,5,5,Great food and fast delivery!,Positive
2642,118537,5.0,5,5,Packaging was excellent and food was hot.,Positive
2643,101614,1.0,2,1,Wrong item delivered.,Negative
2644,109343,3.0,4,3,Average experience.,Neutral
2645,101445,5.0,4,5,"Loved the taste, will order again.",Positive
2646,105470,2.0,2,3,Delivery took way too long.,Negative
2647,100723,5.0,4,5,Delivery partner was very polite.,Positive
2648,110817,5.0,5,5,Packaging was excellent and food was hot.,Positive
2649,106973,3.0,3,4,Average experience.,Neutral
2650,117554,3.0,4,3,"Food was okay, nothing special.",Neutral
2651,117685,4.0,5,5,Packaging was excellent and food was hot.,Positive
2652,100263,2.0,3,1,Food arrived cold and late.,Negative
2653,110573,5.0,5,5,Best biryani in town!,Positive
2654,111765,2.0,2,2,Wrong item delivered.,Negative
2655,112727,5.0,4,4,Great food and fast delivery!,Positive
2656,107232,1.0,2,1,Quality was not up to the mark.,Negative
2657,114917,4.0,5,5,Delivery partner was very polite.,Positive
2658,102056,3.0,3,3,Average experience.,Neutral
2659,104431,5.0,5,5,Best biryani in town!,Positive
2660,104542,5.0,5,5,Great food and fast delivery!,Positive
2661,106436,3.0,3,4,Average experience.,Neutral
2662,111161,4.0,3,4,Best biryani in town!,Positive
2663,113967,4.0,5,4,"Loved the taste, will order again.",Positive
2664,113644,5.0,5,4,Amazing experience overall.,Positive
2665,110081,4.0,3,5,Amazing experience overall.,Positive
2666,101366,3.0,3,4,Average experience.,Neutral
2667,111758,2.0,2,1,Food arrived cold and late.,Negative
2668,103897,1.0,2,1,Delivery took way too long.,Negative
2669,115755,2.0,2,3,Delivery took way too long.,Negative
2670,116365,5.0,4,4,Best biryani in town!,Positive
2671,119124,4.0,4,3,Amazing experience overall.,Positive
2672,103877,4.0,5,3,Best biryani in town!,Positive
2673,111201,2.0,1,2,Quality was not up to the mark.,Negative
2674,103974,3.0,2,4,,Neutral
2675,102578,5.0,4,5,Delivery partner was very polite.,Positive
2676,101329,5.0,5,4,Packaging was excellent and food was hot.,Positive
2677,110931,5.0,5,5,"Loved the taste, will order again.",Positive
2678,118551,5.0,5,4,Best biryani in town!,Positive
2679,116179,5.0,5,5,Great food and fast delivery!,Positive
2680,109849,5.0,4,4,Delivery partner was very polite.,Positive
2681,106778,1.0,2,1,Delivery took way too long.,Negative
2682,116831,4.0,4,4,Delivery partner was very polite.,Positive
2683,105889,5.0,4,4,"Loved the taste, will order again.",Positive
2684,102937,2.0,2,2,,Negative
2685,107699,5.0,5,4,Amazing experience overall.,Positive
2686,108797,5.0,5,5,Delivery partner was very polite.,Positive
2687,119818,3.0,4,2,Average experience.,Neutral
2688,120388,4.0,4,3,Amazing experience overall.,Positive
2689,119746,3.0,3,2,Average experience.,Neutral
2690,119608,4.0,4,5,"Loved the taste, will order again.",Positive
2691,111500,3.0,4,3,Average experience.,Neutral
2692,110913,3.0,4,2,"Food was okay, nothing special.",Neutral
2693,111778,5.0,4,5,Delivery partner was very polite.,Positive
2694,119696,4.0,5,4,Packaging was excellent and food was hot.,Positive
2695,104600,3.0,4,4,,Neutral
2696,119731,5.0,5,4,Delivery partner was very polite.,Positive
2697,108874,5.0,4,4,Amazing experience overall.,Positive
2698,111185,2.0,1,1,Quality was not up to the mark.,Negative
2699,116561,1.0,1,1,Quality was not up to the mark.,Negative
2700,105322,2.0,3,2,Food arrived cold and late.,Negative
2701,119775,2.0,3,1,Food arrived cold and late.,Negative
2702,101117,4.0,4,5,Amazing experience overall.,Positive
2703,109982,5.0,4,4,Packaging was excellent and food was hot.,Positive
2704,114965,2.0,3,3,Food arrived cold and late.,Negative
2705,114399,2.0,1,2,Wrong item delivered.,Negative
2706,110412,3.0,3,4,"Food was okay, nothing special.",Neutral
2707,105892,5.0,5,4,Best biryani in town!,Positive
2708,104762,2.0,3,1,Wrong item delivered.,Negative
2709,112938,1.0,1,1,Quality was not up to the mark.,Negative
2710,117992,3.0,3,2,"Food was okay, nothing special.",Neutral
2711,109820,4.0,4,3,Delivery partner was very polite.,Positive
2712,112119,5.0,5,4,Delivery partner was very polite.,Positive
2713,104143,4.0,3,3,Delivery partner was very polite.,Positive
2714,109063,4.0,4,3,Delivery partner was very polite.,Positive
2715,100532,5.0,5,5,Great food and fast delivery!,Positive
2716,109891,5.0,5,5,Great food and fast delivery!,Positive
2717,112565,5.0,5,5,Amazing experience overall.,Positive
2718,119793,4.0,4,3,Amazing experience overall.,Positive
2719,107062,1.0,1,1,Very disappointed with the service.,Negative
2720,117818,3.0,3,3,Delivery was on time but food was mediocre.,Neutral
2721,107862,2.0,2,1,Very disappointed with the service.,Negative
2722,113219,4.0,4,4,Packaging was excellent and food was hot.,Positive
2723,108115,1.0,1,1,Order was incomplete.,Negative
2724,115242,5.0,5,5,Amazing experience overall.,Positive
2725,100067,2.0,1,2,Very disappointed with the service.,Negative
2726,104882,5.0,4,5,Packaging was excellent and food was hot.,Positive
2727,104823,4.0,5,3,Delivery partner was very polite.,Positive
2728,115373,2.0,2,3,Order was incomplete.,Negative
2729,118504,4.0,5,5,Packaging was excellent and food was hot.,Positive
2730,112490,2.0,1,3,Wrong item delivered.,Negative
2731,105333,5.0,5,5,Amazing experience overall.,Positive
2732,107762,3.0,4,3,,Neutral
2733,112354,5.0,4,5,Great food and fast delivery!,Positive
2734,111910,5.0,5,5,Packaging was excellent and food was hot.,Positive
2735,110054,5.0,5,4,Delivery partner was very polite.,Positive
2736,113500,1.0,1,2,Food arrived cold and late.,Negative
2737,111688,4.0,4,5,Packaging was excellent and food was hot.,Positive
2738,107001,2.0,1,1,Food arrived cold and late.,Negative
2739,113369,2.0,3,3,Delivery took way too long.,Negative
2740,105919,3.0,4,4,,Neutral
2741,102602,5.0,5,5,"Loved the taste, will order again.",Positive
2742,113637,5.0,4,5,Packaging was excellent and food was hot.,Positive
2743,110997,3.0,3,2,Delivery was on time but food was mediocre.,Neutral
2744,105232,3.0,3,4,"Food was okay, nothing special.",Neutral
2745,115282,3.0,4,2,,Neutral
2746,111377,4.0,4,3,"Loved the taste, will order again.",Positive
2747,110941,3.0,2,2,Average experience.,Neutral
2748,110511,5.0,4,5,"Loved the taste, will order again.",Positive
2749,100926,3.0,2,3,Average experience.,Neutral
2750,116639,2.0,1,1,Wrong item delivered.,Negative
2751,107532,1.0,1,1,Order was incomplete.,Negative
2752,106411,5.0,5,5,Amazing experience overall.,Positive
2753,110347,5.0,5,5,Amazing experience overall.,Positive
2754,101232,1.0,1,1,Quality was not up to the mark.,Negative
2755,102125,1.0,2,1,Very disappointed with the service.,Negative
2756,110751,3.0,2,3,"Food was okay, nothing special.",Neutral
2757,106621,2.0,3,1,Wrong item delivered.,Negative
2758,117210,3.0,3,3,Delivery was on time but food was mediocre.,Neutral
2759,107767,1.0,1,1,Very disappointed with the service.,Negative
2760,111484,5.0,5,5,"Loved the taste, will order again.",Positive
2761,103424,2.0,3,2,Wrong item delivered.,Negative
2762,107096,5.0,5,4,Delivery partner was very polite.,Positive
2763,103886,3.0,2,4,"Food was okay, nothing special.",Neutral
2764,102727,4.0,3,5,Amazing experience overall.,Positive
2765,113815,3.0,2,2,Average experience.,Neutral
2766,107616,5.0,5,5,"Loved the taste, will order again.",Positive
2767,109615,3.0,3,3,,Neutral
2768,100546,3.0,4,2,,Neutral
2769,114574,5.0,4,4,"Loved the taste, will order again.",Positive
2770,108742,3.0,3,3,Delivery was on time but food was mediocre.,Neutral
2771,100386,3.0,4,2,Average experience.,Neutral
2772,102493,5.0,5,5,Packaging was excellent and food was hot.,Positive
2773,106209,4.0,5,5,Packaging was excellent and food was hot.,Positive
2774,109249,3.0,4,2,"Food was okay, nothing special.",Neutral
2775,108638,2.0,2,3,Delivery took way too long.,Negative
2776,115610,5.0,4,4,"Loved the taste, will order again.",Positive
2777,104071,5.0,4,4,"Loved the taste, will order again.",Positive
2778,116331,4.0,3,3,Amazing experience overall.,Positive
2779,112524,5.0,5,5,Great food and fast delivery!,Positive
2780,116816,5.0,5,5,"Loved the taste, will order again.",Positive
2781,104930,4.0,3,3,Best biryani in town!,Positive
2782,108542,3.0,2,4,"Food was okay, nothing special.",Neutral
2783,119514,2.0,1,3,Delivery took way too long.,Negative
2784,105183,5.0,4,5,"Loved the taste, will order again.",Positive
2785,115258,5.0,5,4,Best biryani in town!,Positive
2786,102943,2.0,3,2,Order was incomplete.,Negative
2787,102351,3.0,4,3,,Neutral
2788,103972,1.0,1,2,,Negative
2789,116832,2.0,3,1,Order was incomplete.,Negative
2790,118749,5.0,4,4,Amazing experience overall.,Positive
2791,100974,3.0,4,4,Delivery was on time but food was mediocre.,Neutral
2792,112478,5.0,5,5,Packaging was excellent and food was hot.,Positive
2793,119007,2.0,8,3,Very disappointed with the service.,Negative
2794,115507,5.0,5,5,Amazing experience overall.,Positive
2795,103448,5.0,5,5,Best biryani in town!,Positive
2796,118659,3.0,2,4,Delivery was on time but food was mediocre.,Neutral
2797,106234,2.0,2,3,Food arrived cold and late.,Negative
2798,112043,4.0,4,3,Delivery partner was very polite.,Positive
2799,120281,3.0,2,3,,Neutral
2800,119478,5.0,4,4,Amazing experience overall.,Positive
2801,111428,2.0,2,2,Wrong item delivered.,Negative
2802,105965,3.0,2,4,Delivery was on time but food was mediocre.,Neutral
2803,117039,3.0,2,2,"Food was okay, nothing special.",Neutral
2804,103215,3.0,4,2,,Neutral
2805,117272,3.0,2,3,Average experience.,Neutral
2806,109104,5.0,5,5,Amazing experience overall.,Positive
2807,107989,4.0,4,5,Packaging was excellent and food was hot.,Positive
2808,112889,3.0,2,2,Delivery was on time but food was mediocre.,Neutral
2809,113439,3.0,3,3,,Neutral
2810,113297,1.0,1,2,Wrong item delivered.,Negative
2811,116162,1.0,1,1,Quality was not up to the mark.,Negative
2812,104303,4.0,5,3,Delivery partner was very polite.,Positive
2813,102307,4.0,4,3,Packaging was excellent and food was hot.,Positive
2814,119000,5.0,4,5,Best biryani in town!,Positive
2815,107700,1.0,2,1,Delivery took way too long.,Negative
2816,107817,2.0,2,2,Order was incomplete.,Negative
2817,116274,5.0,4,5,Delivery partner was very polite.,Positive
2818,101418,2.0,1,1,Delivery took way too long.,Negative
2819,105048,5.0,4,5,Delivery partner was very polite.,Positive
2820,120423,5.0,5,4,Amazing experience overall.,Positive
2821,110772,2.0,1,3,Quality was not up to the mark.,Negative
2822,103026,3.0,2,2,"Food was okay, nothing special.",Neutral
2823,103984,4.0,4,3,"Loved the taste, will order again.",Positive
2824,109974,2.0,3,1,Wrong item delivered.,Negative
2825,111995,5.0,5,4,"Loved the taste, will order again.",Positive
2826,108242,5.0,5,5,Packaging was excellent and food was hot.,Positive
2827,100881,5.0,5,4,Packaging was excellent and food was hot.,Positive
2828,115436,5.0,5,5,Delivery partner was very polite.,Positive
2829,105585,5.0,5,5,Delivery partner was very polite.,Positive
2830,113490,5.0,4,5,Amazing experience overall.,Positive
2831,105498,3.0,4,4,"Food was okay, nothing special.",Neutral
2832,105325,5.0,5,4,Best biryani in town!,Positive
2833,112585,4.0,4,4,"Loved the taste, will order again.",Positive
2834,114677,5.0,5,5,Delivery partner was very polite.,Positive
2835,105908,1.0,2,1,Order was incomplete.,Negative
2836,100472,4.0,5,5,"Loved the taste, will order again.",Positive
2837,116300,5.0,5,4,Packaging was excellent and food was hot.,Positive
2838,118952,4.0,3,5,Amazing experience overall.,Positive
2839,109016,5.0,4,5,Delivery partner was very polite.,Positive
2840,105672,3.0,2,4,Average experience.,Neutral
2841,104609,5.0,4,4,Best biryani in town!,Positive
2842,118508,3.0,2,4,Average experience.,Neutral
2843,109533,3.0,3,3,Average experience.,Neutral
2844,105701,4.0,3,5,Best biryani in town!,Positive
2845,103186,,5,3,Delivery partner was very polite.,Positive
2846,117353,5.0,5,4,Delivery partner was very polite.,Positive
2847,105054,4.0,4,4,"Loved the taste, will order again.",Positive
2848,116704,5.0,5,5,Packaging was excellent and food was hot.,Positive
2849,110825,3.0,3,3,"Food was okay, nothing special.",Neutral
2850,116043,4.0,5,3,"Loved the taste, will order again.",Positive
2851,102688,5.0,5,5,Delivery partner was very polite.,Positive
2852,115254,4.0,5,4,Packaging was excellent and food was hot.,Positive
2853,119618,4.0,3,4,Packaging was excellent and food was hot.,Positive
2854,101016,2.0,3,2,Quality was not up to the mark.,Negative
2855,112480,5.0,4,5,Delivery partner was very polite.,Positive
2856,117423,1.0,1,1,Quality was not up to the mark.,Negative
2857,112744,4.0,4,3,Delivery partner was very polite.,Positive
2858,115071,5.0,5,4,"Loved the taste, will order again.",Positive
2859,102607,5.0,5,5,Great food and fast delivery!,Positive
2860,101135,1.0,1,1,Food arrived cold and late.,Negative
2861,111292,2.0,3,3,Wrong item delivered.,Negative
2862,116574,1.0,1,1,Food arrived cold and late.,Negative
2863,106787,3.0,4,3,Average experience.,Neutral
2864,113942,3.0,2,2,,Neutral
2865,102769,2.0,1,1,Wrong item delivered.,Negative
2866,107819,2.0,2,2,Wrong item delivered.,Negative
2867,117077,5.0,5,4,Packaging was excellent and food was hot.,Positive
2868,119036,3.0,4,3,Delivery was on time but food was mediocre.,Neutral
2869,119546,,4,4,Best biryani in town!,Positive
2870,115921,5.0,4,4,Best biryani in town!,Positive
2871,115525,2.0,1,1,Very disappointed with the service.,Negative
2872,103047,2.0,1,2,Food arrived cold and late.,Negative
2873,103701,5.0,5,5,Great food and fast delivery!,Positive
2874,116128,3.0,2,2,Delivery was on time but food was mediocre.,Neutral
2875,109058,5.0,5,5,"Loved the taste, will order again.",Positive
2876,102083,3.0,3,4,Delivery was on time but food was mediocre.,Neutral
2877,107638,5.0,5,4,Best biryani in town!,Positive
2878,105500,5.0,4,4,Best biryani in town!,Positive
2879,111323,4.0,3,5,Delivery partner was very polite.,Positive
2880,118693,3.0,4,4,Delivery was on time but food was mediocre.,Neutral
2881,115957,2.0,1,3,Wrong item delivered.,Negative
2882,106270,3.0,4,3,,Neutral
2883,116396,4.0,5,5,"Loved the taste, will order again.",Positive
2884,120257,5.0,5,5,Best biryani in town!,Positive
2885,102679,2.0,3,1,Order was incomplete.,Negative
2886,119286,3.0,2,3,Average experience.,Neutral
2887,117422,5.0,5,4,Delivery partner was very polite.,Positive
2888,110853,1.0,1,1,Wrong item delivered.,Negative
2889,119468,3.0,3,2,Delivery was on time but food was mediocre.,Neutral
2890,106821,2.0,3,3,Delivery took way too long.,Negative
2891,102452,3.0,2,3,Delivery was on time but food was mediocre.,Neutral
2892,102392,4.0,5,4,Delivery partner was very polite.,Positive
2893,103885,5.0,5,5,Packaging was excellent and food was hot.,Positive
2894,120231,2.0,2,2,Delivery took way too long.,Negative
2895,114796,3.0,2,4,Delivery was on time but food was mediocre.,Neutral
2896,116830,5.0,5,4,Best biryani in town!,Positive
2897,118057,5.0,5,4,Best biryani in town!,Positive
2898,118491,5.0,4,5,Packaging was excellent and food was hot.,Positive
2899,107854,3.0,2,3,Delivery was on time but food was mediocre.,Neutral
2900,117531,4.0,5,5,Delivery partner was very polite.,Positive
2901,102690,4.0,3,4,Amazing experience overall.,Positive
2902,112536,5.0,5,5,Delivery partner was very polite.,Positive
2903,111056,4.0,3,4,"Loved the taste, will order again.",Positive
2904,114744,3.0,3,2,Delivery was on time but food was mediocre.,Neutral
2905,117450,5.0,5,4,"Loved the taste, will order again.",Positive
2906,110494,5.0,5,4,Amazing experience overall.,Positive
2907,101252,3.0,2,2,,Neutral
2908,111895,2.0,2,2,Wrong item delivered.,Negative
2909,103111,1.0,1,1,Order was incomplete.,Negative
2910,117840,3.0,3,2,Delivery was on time but food was mediocre.,Neutral
2911,112234,2.0,1,1,Food arrived cold and late.,Negative
2912,101683,3.0,3,2,Average experience.,Neutral
2913,114915,4.0,3,3,"Loved the taste, will order again.",Positive
2914,103321,3.0,4,3,Average experience.,Neutral
2915,112186,1.0,1,1,Quality was not up to the mark.,Negative
2916,119294,3.0,4,2,,Neutral
2917,108592,4.0,3,5,Best biryani in town!,Positive
2918,119409,3.0,4,3,Delivery was on time but food was mediocre.,Neutral
2919,120407,2.0,2,3,Very disappointed with the service.,Negative
2920,119192,1.0,1,1,Wrong item delivered.,Negative
2921,111612,2.0,1,2,Food arrived cold and late.,Negative
2922,100480,2.0,2,3,Very disappointed with the service.,Negative
2923,118950,4.0,4,4,Delivery partner was very polite.,Positive
2924,112511,5.0,5,5,Best biryani in town!,Positive
2925,118399,3.0,2,2,Average experience.,Neutral
2926,106189,1.0,2,1,Order was incomplete.,Negative
2927,117280,4.0,4,3,Amazing experience overall.,Positive
2928,102369,5.0,4,5,Best biryani in town!,Positive
2929,118208,4.0,3,5,Delivery partner was very polite.,Positive
2930,109091,4.0,3,5,Best biryani in town!,Positive
2931,103474,5.0,5,5,Amazing experience overall.,Positive
2932,103979,1.0,2,1,Quality was not up to the mark.,Negative
2933,110329,1.0,2,1,Food arrived cold and late.,Negative
2934,114217,3.0,3,4,,Neutral
2935,106958,3.0,2,4,,Neutral
2936,104332,5.0,5,4,"Loved the taste, will order again.",Positive
2937,103262,4.0,5,5,Delivery partner was very polite.,Positive
2938,107116,5.0,5,5,Delivery partner was very polite.,Positive
2939,100161,5.0,4,5,Great food and fast delivery!,Positive
2940,111270,3.0,2,4,Delivery was on time but food was mediocre.,Neutral
2941,111585,1.0,1,1,Delivery took way too long.,Negative
2942,100049,5.0,5,4,Delivery partner was very polite.,Positive
2943,101328,3.0,4,4,Delivery was on time but food was mediocre.,Neutral
2944,101652,5.0,5,4,Best biryani in town!,Positive
2945,118041,5.0,5,4,"Loved the taste, will order again.",Positive
2946,101443,5.0,8,4,Great food and fast delivery!,Positive
2947,110808,3.0,2,2,Delivery was on time but food was mediocre.,Neutral
2948,119338,4.0,3,3,Packaging was excellent and food was hot.,Positive
2949,107027,1.0,1,2,Food arrived cold and late.,Negative
2950,115782,5.0,5,5,Packaging was excellent and food was hot.,Positive
2951,120242,2.0,2,1,Wrong item delivered.,Negative
2952,112652,5.0,5,5,"Loved the taste, will order again.",Positive
2953,112115,3.0,2,4,"Food was okay, nothing special.",Neutral
2954,110396,5.0,4,4,Packaging was excellent and food was hot.,Positive
2955,105184,2.0,3,1,Delivery took way too long.,Negative
2956,100366,2.0,1,1,Delivery took way too long.,Negative
2957,116321,4.0,4,5,Great food and fast delivery!,Positive
2958,100846,3.0,4,3,Average experience.,Neutral
2959,116311,2.0,1,2,Wrong item delivered.,Negative
2960,116673,5.0,5,5,"Loved the taste, will order again.",Positive
2961,114916,5.0,5,5,Great food and fast delivery!,Positive
2962,106250,,5,5,Packaging was excellent and food was hot.,Positive
2963,112522,5.0,4,4,Packaging was excellent and food was hot.,Positive
2964,110857,5.0,5,5,Delivery partner was very polite.,Positive
2965,117987,,1,1,Very disappointed with the service.,Negative
2966,104754,4.0,3,5,"Loved the taste, will order again.",Positive
2967,112779,5.0,5,5,Great food and fast delivery!,Positive
2968,114459,5.0,5,4,Amazing experience overall.,Positive
2969,106730,5.0,5,5,Delivery partner was very polite.,Positive
2970,109408,4.0,3,5,Great food and fast delivery!,Positive
2971,103102,4.0,5,5,Packaging was excellent and food was hot.,Positive
2972,113194,4.0,4,4,"Loved the taste, will order again.",Positive
2973,104651,3.0,2,3,Average experience.,Neutral
2974,118088,3.0,4,3,Average experience.,Neutral
2975,113704,5.0,5,4,Great food and fast delivery!,Positive
2976,111338,1.0,1,2,Very disappointed with the service.,Negative
2977,104496,2.0,2,3,Quality was not up to the mark.,Negative
2978,105330,3.0,2,4,,Neutral
2979,111383,2.0,1,1,Food arrived cold and late.,Negative
2980,101565,2.0,1,1,Very disappointed with the service.,Negative
2981,103776,5.0,4,4,Amazing experience overall.,Positive
2982,111166,3.0,4,4,"Food was okay, nothing special.",Neutral
2983,118981,4.0,6,5,Best biryani in town!,Positive
2984,111773,2.0,1,1,Delivery took way too long.,Negative
2985,118793,5.0,4,5,Great food and fast delivery!,Positive
2986,108506,5.0,4,5,,Positive
2987,111274,2.0,2,3,Quality was not up to the mark.,Negative
2988,112439,2.0,1,2,Order was incomplete.,Negative
2989,101489,5.0,4,4,Great food and fast delivery!,Positive
2990,105338,4.0,3,3,Great food and fast delivery!,Positive
2991,109695,5.0,5,4,"Loved the taste, will order again.",Positive
2992,113270,3.0,4,3,Delivery was on time but food was mediocre.,Neutral
2993,108323,5.0,5,5,Amazing experience overall.,Positive
2994,105141,5.0,5,4,Amazing experience overall.,Positive
2995,116282,5.0,5,5,Great food and fast delivery!,Positive
2996,119903,5.0,4,5,Great food and fast delivery!,Positive
2997,105104,2.0,3,3,Very disappointed with the service.,Negative
2998,113940,4.0,3,3,Best biryani in town!,Positive
2999,115161,1.0,1,2,Quality was not up to the mark.,Negative
3000,119839,5.0,4,5,,Positive
3001,103210,4.0,5,3,Great food and fast delivery!,Positive
3002,112188,1.0,1,1,Delivery took way too long.,Negative
3003,101253,3.0,4,4,,Neutral
3004,112798,3.0,2,2,,Neutral
3005,112421,5.0,5,5,Amazing experience overall.,Positive
3006,116914,2.0,1,2,Very disappointed with the service.,Negative
3007,108561,4.0,3,4,Great food and fast delivery!,Positive
3008,111525,5.0,4,5,Delivery partner was very polite.,Positive
3009,111067,5.0,5,4,Packaging was excellent and food was hot.,Positive
3010,108118,,4,5,Packaging was excellent and food was hot.,Positive
3011,110753,4.0,4,4,Amazing experience overall.,Positive
3012,115291,1.0,2,2,,Negative
3013,109001,5.0,4,5,Amazing experience overall.,Positive
3014,101700,4.0,3,5,Best biryani in town!,Positive
3015,100253,2.0,2,3,Delivery took way too long.,Negative
3016,101809,2.0,2,1,Wrong item delivered.,Negative
3017,119234,4.0,5,5,Best biryani in town!,Positive
3018,108547,5.0,4,5,Great food and fast delivery!,Positive
3019,117197,4.0,3,5,Delivery partner was very polite.,Positive
3020,114552,5.0,5,4,Delivery partner was very polite.,Positive
3021,110360,3.0,4,2,Average experience.,Neutral
3022,104494,1.0,2,1,Very disappointed with the service.,Negative
3023,104845,5.0,5,5,Best biryani in town!,Positive
3024,101758,1.0,1,1,Delivery took way too long.,Negative
3025,105734,5.0,5,5,Delivery partner was very polite.,Positive
3026,107020,2.0,1,2,Very disappointed with the service.,Negative
3027,106029,5.0,4,4,Packaging was excellent and food was hot.,Positive
3028,105264,4.0,4,4,Amazing experience overall.,Positive
3029,101619,5.0,5,5,"Loved the taste, will order again.",Positive
3030,107338,,4,4,"Food was okay, nothing special.",Neutral
3031,104476,5.0,4,4,Amazing experience overall.,Positive
3032,111707,2.0,2,1,Order was incomplete.,Negative
3033,115701,5.0,5,5,Packaging was excellent and food was hot.,Positive
3034,114034,1.0,1,1,Wrong item delivered.,Negative
3035,113119,4.0,4,5,Amazing experience overall.,Positive
3036,104424,3.0,4,3,Average experience.,Neutral
3037,109246,2.0,1,1,Delivery took way too long.,Negative
3038,120497,3.0,2,3,,Neutral
3039,120221,1.0,2,2,Very disappointed with the service.,Negative
3040,108036,3.0,2,2,,Neutral
3041,108558,1.0,1,1,Food arrived cold and late.,Negative
3042,116216,5.0,5,4,Delivery partner was very polite.,Positive
3043,104491,2.0,2,3,Order was incomplete.,Negative
3044,117081,5.0,5,4,"Loved the taste, will order again.",Positive
3045,105818,3.0,3,4,,Neutral
3046,117159,1.0,1,1,Quality was not up to the mark.,Negative
3047,110912,,1,1,Very disappointed with the service.,Negative
3048,101667,5.0,4,5,Amazing experience overall.,Positive
3049,107249,5.0,4,5,"Loved the taste, will order again.",Positive
3050,111101,2.0,3,3,Wrong item delivered.,Negative
3051,107949,5.0,5,5,Packaging was excellent and food was hot.,Positive
3052,108762,4.0,3,4,Great food and fast delivery!,Positive
3053,118349,5.0,5,5,Packaging was excellent and food was hot.,Positive
3054,108008,5.0,4,5,Packaging was excellent and food was hot.,Positive
3055,103125,2.0,2,3,Food arrived cold and late.,Negative
3056,119442,5.0,5,4,Great food and fast delivery!,Positive
3057,114372,4.0,5,5,Packaging was excellent and food was hot.,Positive
3058,119984,5.0,5,5,"Loved the taste, will order again.",Positive
3059,117970,4.0,4,4,Great food and fast delivery!,Positive
3060,109107,1.0,1,2,Order was incomplete.,Negative
3061,116528,5.0,5,4,"Loved the taste, will order again.",Positive
3062,111419,5.0,4,4,Delivery partner was very polite.,Positive
3063,105377,1.0,1,2,Wrong item delivered.,Negative
3064,119650,4.0,3,3,Packaging was excellent and food was hot.,Positive
3065,101029,5.0,4,4,Amazing experience overall.,Positive
3066,111954,,5,4,Great food and fast delivery!,Positive
3067,112137,3.0,3,4,,Neutral
3068,100687,4.0,3,3,Packaging was excellent and food was hot.,Positive
3069,107521,4.0,4,4,"Loved the taste, will order again.",Positive
3070,113531,5.0,5,5,Packaging was excellent and food was hot.,Positive
3071,111656,5.0,4,5,Great food and fast delivery!,Positive
3072,105206,5.0,4,4,Best biryani in town!,Positive
3073,106789,3.0,2,2,,Neutral
3074,106695,5.0,5,5,Delivery partner was very polite.,Positive
3075,116915,5.0,5,4,,Positive
3076,114595,5.0,4,5,Delivery partner was very polite.,Positive
3077,116432,5.0,7,4,Best biryani in town!,Positive
3078,105830,2.0,1,2,Wrong item delivered.,Negative
3079,105538,4.0,4,5,Amazing experience overall.,Positive
3080,113135,4.0,5,3,Amazing experience overall.,Positive
3081,119089,2.0,3,2,,Negative
3082,100123,1.0,2,1,Wrong item delivered.,Negative
3083,109552,3.0,3,2,Average experience.,Neutral
3084,108384,4.0,4,3,"Loved the taste, will order again.",Positive
3085,117986,3.0,2,2,Average experience.,Neutral
3086,110242,4.0,3,5,Best biryani in town!,Positive
3087,114685,4.0,3,3,"Loved the taste, will order again.",Positive
3088,108611,4.0,4,4,Amazing experience overall.,Positive
3089,109956,2.0,1,3,Quality was not up to the mark.,Negative
3090,102949,5.0,4,5,Best biryani in town!,Positive
3091,114485,2.0,2,1,Wrong item delivered.,Negative
3092,112298,,4,4,"Loved the taste, will order again.",Positive
3093,120211,5.0,4,4,Amazing experience overall.,Positive
3094,111105,3.0,4,4,,Neutral
3095,109981,4.0,3,5,"Loved the taste, will order again.",Positive
3096,114464,4.0,5,5,Amazing experience overall.,Positive
3097,118701,5.0,5,4,Amazing experience overall.,Positive
3098,116069,5.0,5,4,Amazing experience overall.,Positive
3099,113958,2.0,2,2,Delivery took way too long.,Negative
3100,107420,5.0,5,5,Great food and fast delivery!,Positive
3101,104773,5.0,5,5,Best biryani in town!,Positive
3102,112231,5.0,5,4,Amazing experience overall.,Positive
3103,103253,3.0,4,2,"Food was okay, nothing special.",Neutral
3104,113018,3.0,2,3,Delivery was on time but food was mediocre.,Neutral
3105,108701,4.0,5,4,Best biryani in town!,Positive
3106,119287,5.0,5,5,"Loved the taste, will order again.",Positive
3107,116727,3.0,3,4,Delivery was on time but food was mediocre.,Neutral
3108,102090,3.0,4,3,"Food was okay, nothing special.",Neutral
3109,114280,4.0,4,3,"Loved the taste, will order again.",Positive
3110,111023,5.0,4,4,Great food and fast delivery!,Positive
3111,112145,4.0,4,4,Great food and fast delivery!,Positive
3112,111414,5.0,4,4,Best biryani in town!,Positive
3113,103614,5.0,5,4,Delivery partner was very polite.,Positive
3114,105808,5.0,5,4,"Loved the taste, will order again.",Positive
3115,117921,5.0,5,5,"Loved the taste, will order again.",Positive
3116,119814,5.0,5,4,Great food and fast delivery!,Positive
3117,108322,5.0,4,5,Great food and fast delivery!,Positive
3118,116851,1.0,1,2,Order was incomplete.,Negative
3119,110252,4.0,4,4,Amazing experience overall.,Positive
3120,102145,4.0,3,4,Delivery partner was very polite.,Positive
3121,119377,1.0,1,2,Quality was not up to the mark.,Negative
3122,119744,5.0,4,5,Best biryani in town!,Positive
3123,100670,4.0,3,3,Packaging was excellent and food was hot.,Positive
3124,103732,5.0,4,4,Great food and fast delivery!,Positive
3125,108748,2.0,3,1,Wrong item delivered.,Negative
3126,111189,3.0,2,3,Delivery was on time but food was mediocre.,Neutral
3127,115555,4.0,5,5,Amazing experience overall.,Positive
3128,113804,3.0,2,4,Delivery was on time but food was mediocre.,Neutral
3129,102714,5.0,5,5,"Loved the taste, will order again.",Positive
3130,109133,2.0,2,3,Delivery took way too long.,Negative
3131,118938,5.0,5,4,Packaging was excellent and food was hot.,Positive
3132,115287,3.0,4,3,"Food was okay, nothing special.",Neutral
3133,119231,2.0,1,3,Delivery took way too long.,Negative
3134,112046,4.0,3,5,Best biryani in town!,Positive
3135,102050,3.0,2,4,Delivery was on time but food was mediocre.,Neutral
3136,105135,3.0,2,3,,Neutral
3137,114484,3.0,2,2,Delivery was on time but food was mediocre.,Neutral
3138,107410,5.0,4,5,"Loved the taste, will order again.",Positive
3139,116063,5.0,5,4,Best biryani in town!,Positive
3140,110715,2.0,3,3,Wrong item delivered.,Negative
3141,104680,2.0,1,3,Food arrived cold and late.,Negative
3142,104522,3.0,3,2,,Neutral
3143,106548,5.0,5,4,Packaging was excellent and food was hot.,Positive
3144,103269,1.0,2,2,Order was incomplete.,Negative
3145,114232,5.0,5,5,Delivery partner was very polite.,Positive
3146,109782,5.0,5,5,Delivery partner was very polite.,Positive
3147,108671,2.0,3,2,Order was incomplete.,Negative
3148,112540,3.0,4,2,Average experience.,Neutral
3149,102022,3.0,2,3,Average experience.,Neutral
3150,101388,4.0,5,4,Delivery partner was very polite.,Positive
3151,112810,2.0,2,2,Food arrived cold and late.,Negative
3152,111713,4.0,4,5,Great food and fast delivery!,Positive
3153,104921,4.0,3,3,Amazing experience overall.,Positive
3154,120470,1.0,2,1,Food arrived cold and late.,Negative
3155,113854,3.0,2,2,Delivery was on time but food was mediocre.,Neutral
3156,111052,2.0,3,3,Quality was not up to the mark.,Negative
3157,107884,5.0,5,5,Delivery partner was very polite.,Positive
3158,101218,3.0,2,4,Delivery was on time but food was mediocre.,Neutral
3159,108891,5.0,5,5,Packaging was excellent and food was hot.,Positive
3160,108795,4.0,4,3,Amazing experience overall.,Positive
3161,100890,5.0,5,5,"Loved the taste, will order again.",Positive
3162,101106,3.0,3,2,Average experience.,Neutral
3163,105090,3.0,2,4,,Neutral
3164,111401,1.0,1,1,,Negative
3165,116486,5.0,5,4,Best biryani in town!,Positive
3166,119684,3.0,2,3,Delivery was on time but food was mediocre.,Neutral
3167,118182,4.0,3,3,Best biryani in town!,Positive
3168,117572,4.0,8,5,Best biryani in town!,Positive
3169,105698,5.0,5,5,Amazing experience overall.,Positive
3170,100014,5.0,5,5,Amazing experience overall.,Positive
3171,117409,2.0,3,2,Delivery took way too long.,Negative
3172,104761,5.0,5,5,Packaging was excellent and food was hot.,Positive
3173,114214,3.0,2,2,Average experience.,Neutral
3174,110359,2.0,3,3,Food arrived cold and late.,Negative
3175,106494,2.0,2,1,Wrong item delivered.,Negative
3176,103921,1.0,1,1,Food arrived cold and late.,Negative
3177,114443,2.0,1,3,Very disappointed with the service.,Negative
3178,119137,5.0,5,4,Delivery partner was very polite.,Positive
3179,106512,1.0,1,1,Delivery took way too long.,Negative
3180,102146,5.0,5,4,"Loved the taste, will order again.",Positive
3181,100848,4.0,5,3,Delivery partner was very polite.,Positive
3182,104606,2.0,3,3,Food arrived cold and late.,Negative
3183,120361,3.0,2,4,Average experience.,Neutral
3184,105072,2.0,3,2,Quality was not up to the mark.,Negative
3185,108984,4.0,3,4,Packaging was excellent and food was hot.,Positive
3186,103292,1.0,1,1,Quality was not up to the mark.,Negative
3187,108922,5.0,4,5,Packaging was excellent and food was hot.,Positive
3188,102564,3.0,3,2,"Food was okay, nothing special.",Neutral
3189,100609,4.0,4,3,Delivery partner was very polite.,Positive
3190,120023,2.0,2,3,Delivery took way too long.,Negative
3191,103914,5.0,5,5,"Loved the taste, will order again.",Positive
3192,120404,4.0,3,3,"Loved the taste, will order again.",Positive
3193,105653,4.0,5,4,Best biryani in town!,Positive
3194,105478,1.0,1,1,Quality was not up to the mark.,Negative
3195,119539,3.0,2,4,Delivery was on time but food was mediocre.,Neutral
3196,112380,5.0,4,4,"Loved the taste, will order again.",Positive
3197,108678,3.0,2,3,Delivery was on time but food was mediocre.,Neutral
3198,113321,3.0,2,4,"Food was okay, nothing special.",Neutral
3199,109233,4.0,4,3,Amazing experience overall.,Positive
3200,108286,3.0,4,3,Average experience.,Neutral
3201,105597,5.0,5,5,Amazing experience overall.,Positive
3202,105851,3.0,4,2,Delivery was on time but food was mediocre.,Neutral
3203,107553,5.0,5,5,"Loved the taste, will order again.",Positive
3204,117305,3.0,3,3,,Neutral
3205,100456,1.0,2,2,Order was incomplete.,Negative
3206,112155,2.0,1,3,Food arrived cold and late.,Negative
3207,116358,4.0,4,3,"Loved the taste, will order again.",Positive
3208,107924,1.0,2,1,Wrong item delivered.,Negative
3209,113814,3.0,4,3,Delivery was on time but food was mediocre.,Neutral
3210,108745,4.0,5,5,"Loved the taste, will order again.",Positive
3211,111641,4.0,5,4,"Loved the taste, will order again.",Positive
3212,112064,4.0,3,4,Best biryani in town!,Positive
3213,103279,3.0,4,2,,Neutral
3214,101719,5.0,5,5,Great food and fast delivery!,Positive
3215,102813,1.0,1,1,Very disappointed with the service.,Negative
3216,103767,4.0,5,4,Amazing experience overall.,Positive
3217,114450,1.0,2,1,Delivery took way too long.,Negative
3218,108133,5.0,5,5,Great food and fast delivery!,Positive
3219,117390,3.0,2,4,,Neutral
3220,110984,3.0,2,3,Average experience.,Neutral
3221,113064,3.0,4,3,,Neutral
3222,116920,3.0,3,3,"Food was okay, nothing special.",Neutral
3223,106883,2.0,3,1,Order was incomplete.,Negative
3224,117962,1.0,1,2,Food arrived cold and late.,Negative
3225,112390,5.0,4,5,Great food and fast delivery!,Positive
3226,102186,5.0,4,4,,Positive
3227,104373,5.0,5,4,Packaging was excellent and food was hot.,Positive
3228,107354,4.0,4,5,"Loved the taste, will order again.",Positive
3229,110215,1.0,2,1,Quality was not up to the mark.,Negative
3230,106922,,5,5,Packaging was excellent and food was hot.,Positive
3231,114458,3.0,4,2,,Neutral
3232,100131,3.0,3,3,"Food was okay, nothing special.",Neutral
3233,114491,2.0,3,1,Order was incomplete.,Negative
3234,118305,4.0,5,4,Best biryani in town!,Positive
3235,115888,5.0,5,4,"Loved the taste, will order again.",Positive
3236,118244,5.0,5,5,Great food and fast delivery!,Positive
3237,108932,5.0,4,5,,Positive
3238,106397,3.0,2,2,Delivery was on time but food was mediocre.,Neutral
3239,107789,3.0,4,2,Delivery was on time but food was mediocre.,Neutral
3240,106044,5.0,5,5,Great food and fast delivery!,Positive
3241,101300,5.0,4,5,Packaging was excellent and food was hot.,Positive
3242,102233,5.0,5,4,"Loved the taste, will order again.",Positive
3243,100398,3.0,4,4,"Food was okay, nothing special.",Neutral
3244,117887,2.0,3,2,Delivery took way too long.,Negative
3245,109062,2.0,2,3,Quality was not up to the mark.,Negative
3246,118853,4.0,5,5,,Positive
3247,109264,5.0,5,5,Great food and fast delivery!,Positive
3248,103760,3.0,2,4,,Neutral
3249,102945,3.0,3,4,"Food was okay, nothing special.",Neutral
3250,107634,5.0,4,5,Packaging was excellent and food was hot.,Positive
3251,100603,,4,3,,Neutral
3252,118097,5.0,5,5,Packaging was excellent and food was hot.,Positive
3253,103674,4.0,4,3,Amazing experience overall.,Positive
3254,117537,5.0,4,5,Best biryani in town!,Positive
3255,119142,5.0,5,5,Great food and fast delivery!,Positive
3256,110932,5.0,5,4,Packaging was excellent and food was hot.,Positive
3257,118132,3.0,3,4,"Food was okay, nothing special.",Neutral
3258,108039,5.0,5,5,Best biryani in town!,Positive
3259,119517,2.0,2,3,Delivery took way too long.,Negative
3260,103723,5.0,5,4,Best biryani in town!,Positive
3261,109843,5.0,5,4,Delivery partner was very polite.,Positive
3262,100903,1.0,2,1,Very disappointed with the service.,Negative
3263,107888,4.0,3,5,Best biryani in town!,Positive
3264,115638,1.0,1,2,,Negative
3265,112361,2.0,3,2,Quality was not up to the mark.,Negative
3266,120018,3.0,2,4,Delivery was on time but food was mediocre.,Neutral
3267,109993,4.0,3,4,Amazing experience overall.,Positive
3268,108785,1.0,1,1,Food arrived cold and late.,Negative
3269,114384,5.0,5,4,Best biryani in town!,Positive
3270,110593,2.0,2,3,Order was incomplete.,Negative
3271,110861,2.0,2,2,Food arrived cold and late.,Negative
3272,105052,2.0,3,3,Food arrived cold and late.,Negative
3273,107231,5.0,4,5,Packaging was excellent and food was hot.,Positive
3274,101590,1.0,1,1,Wrong item delivered.,Negative
3275,107689,1.0,1,1,Quality was not up to the mark.,Negative
3276,102068,5.0,4,4,Best biryani in town!,Positive
3277,113669,5.0,5,5,Great food and fast delivery!,Positive
3278,102556,2.0,3,3,Food arrived cold and late.,Negative
3279,109021,5.0,4,5,Best biryani in town!,Positive
3280,102394,5.0,4,5,"Loved the taste, will order again.",Positive
3281,117454,2.0,3,2,Order was incomplete.,Negative
3282,112394,2.0,1,2,Delivery took way too long.,Negative
3283,118194,5.0,4,4,Delivery partner was very polite.,Positive
3284,102372,3.0,4,2,,Neutral
3285,114912,5.0,4,5,Best biryani in town!,Positive
3286,104780,3.0,2,4,Delivery was on time but food was mediocre.,Neutral
3287,105131,5.0,4,5,Best biryani in town!,Positive
3288,107166,3.0,2,2,Delivery was on time but food was mediocre.,Neutral
3289,111738,5.0,4,4,Packaging was excellent and food was hot.,Positive
3290,111690,4.0,5,5,Great food and fast delivery!,Positive
3291,117025,2.0,2,1,Food arrived cold and late.,Negative
3292,115703,3.0,2,2,Delivery was on time but food was mediocre.,Neutral
3293,104656,,5,5,"Loved the taste, will order again.",Positive
3294,119741,4.0,4,3,Best biryani in town!,Positive
3295,102184,5.0,5,5,Amazing experience overall.,Positive
3296,119785,4.0,4,3,Delivery partner was very polite.,Positive
3297,120383,1.0,1,2,Delivery took way too long.,Negative
3298,113201,3.0,2,4,"Food was okay, nothing special.",Neutral
3299,119833,1.0,2,1,Wrong item delivered.,Negative
3300,118265,2.0,2,1,Very disappointed with the service.,Negative
3301,112892,3.0,3,2,Average experience.,Neutral
3302,103911,4.0,5,5,Best biryani in town!,Positive
3303,109807,4.0,4,3,Delivery partner was very polite.,Positive
3304,107433,4.0,3,5,Great food and fast delivery!,Positive
3305,108052,4.0,4,4,Delivery partner was very polite.,Positive
3306,103230,5.0,4,4,Best biryani in town!,Positive
3307,113564,3.0,2,2,,Neutral
3308,111924,4.0,3,5,Packaging was excellent and food was hot.,Positive
3309,101045,3.0,3,4,Delivery was on time but food was mediocre.,Neutral
3310,120273,1.0,1,1,Quality was not up to the mark.,Negative
3311,111722,5.0,5,4,Amazing experience overall.,Positive
3312,100539,2.0,1,2,Order was incomplete.,Negative
3313,102317,1.0,1,1,Wrong item delivered.,Negative
3314,108847,1.0,1,2,Order was incomplete.,Negative
3315,113150,4.0,5,4,Packaging was excellent and food was hot.,Positive
3316,112984,4.0,4,5,Packaging was excellent and food was hot.,Positive
3317,100099,3.0,3,4,,Neutral
3318,110138,4.0,4,3,Great food and fast delivery!,Positive
3319,111025,4.0,3,4,Delivery partner was very polite.,Positive
3320,113444,5.0,4,4,Amazing experience overall.,Positive
3321,117320,4.0,3,5,Amazing experience overall.,Positive
3322,106689,1.0,2,1,Very disappointed with the service.,Negative
3323,109356,1.0,1,2,Wrong item delivered.,Negative
3324,113345,5.0,4,5,Great food and fast delivery!,Positive
3325,105512,3.0,3,3,Delivery was on time but food was mediocre.,Neutral
3326,110824,5.0,4,5,Packaging was excellent and food was hot.,Positive
3327,112986,,3,4,Packaging was excellent and food was hot.,Positive
3328,120089,4.0,4,4,"Loved the taste, will order again.",Positive
3329,104170,5.0,5,5,Delivery partner was very polite.,Positive
3330,103478,2.0,3,1,Delivery took way too long.,Negative
3331,104483,2.0,1,1,Wrong item delivered.,Negative
3332,109164,4.0,4,3,Great food and fast delivery!,Positive
3333,108514,5.0,4,5,Best biryani in town!,Positive
3334,107256,5.0,5,5,Great food and fast delivery!,Positive
3335,115544,5.0,5,5,Amazing experience overall.,Positive
3336,101538,3.0,3,3,"Food was okay, nothing special.",Neutral
3337,109049,5.0,5,5,Delivery partner was very polite.,Positive
3338,108177,3.0,4,3,Delivery was on time but food was mediocre.,Neutral
3339,106910,2.0,3,3,Quality was not up to the mark.,Negative
3340,117566,4.0,4,4,Packaging was excellent and food was hot.,Positive
3341,116398,3.0,3,4,,Neutral
3342,120137,1.0,2,1,Order was incomplete.,Negative
3343,115438,5.0,5,5,Best biryani in town!,Positive
3344,110169,4.0,3,4,Amazing experience overall.,Positive
3345,107032,5.0,4,4,Great food and fast delivery!,Positive
3346,102879,2.0,1,3,Delivery took way too long.,Negative
3347,113691,3.0,3,2,Delivery was on time but food was mediocre.,Neutral
3348,101845,5.0,5,5,"Loved the taste, will order again.",Positive
3349,114734,2.0,3,1,Order was incomplete.,Negative
3350,117656,2.0,1,3,Quality was not up to the mark.,Negative
3351,104715,4.0,3,3,Great food and fast delivery!,Positive
3352,115911,5.0,5,5,Packaging was excellent and food was hot.,Positive
3353,101275,4.0,4,4,Delivery partner was very polite.,Positive
3354,115958,3.0,2,4,Average experience.,Neutral
3355,105985,4.0,9,5,Great food and fast delivery!,Positive
3356,113459,5.0,5,5,"Loved the taste, will order again.",Positive
3357,119266,1.0,2,2,Delivery took way too long.,Negative
3358,116867,5.0,4,5,Best biryani in town!,Positive
3359,107482,3.0,4,3,"Food was okay, nothing special.",Neutral
3360,113571,5.0,5,4,Best biryani in town!,Positive
3361,103240,5.0,4,5,Best biryani in town!,Positive
3362,116183,5.0,4,4,Delivery partner was very polite.,Positive
3363,117310,3.0,2,2,Average experience.,Neutral
3364,107866,3.0,3,3,"Food was okay, nothing special.",Neutral
3365,113803,1.0,2,1,,Negative
3366,120286,3.0,4,2,Delivery was on time but food was mediocre.,Neutral
3367,111706,1.0,2,1,Wrong item delivered.,Negative
3368,117719,5.0,5,5,Delivery partner was very polite.,Positive
3369,105379,2.0,2,2,Order was incomplete.,Negative
3370,103858,4.0,5,4,Packaging was excellent and food was hot.,Positive
3371,115057,5.0,5,5,Packaging was excellent and food was hot.,Positive
3372,101674,4.0,4,5,Delivery partner was very polite.,Positive
3373,112151,5.0,4,5,Amazing experience overall.,Positive
3374,116133,2.0,1,3,Wrong item delivered.,Negative
3375,104485,3.0,2,3,Delivery was on time but food was mediocre.,Neutral
3376,102112,5.0,5,5,Great food and fast delivery!,Positive
3377,114289,4.0,5,4,"Loved the taste, will order again.",Positive
3378,105723,3.0,3,4,Delivery was on time but food was mediocre.,Neutral
3379,105638,2.0,3,2,Order was incomplete.,Negative
3380,108215,2.0,1,1,Delivery took way too long.,Negative
3381,107899,1.0,1,2,Delivery took way too long.,Negative
3382,109989,4.0,5,5,Best biryani in town!,Positive
3383,111016,2.0,1,3,Delivery took way too long.,Negative
3384,120091,5.0,5,4,Packaging was excellent and food was hot.,Positive
3385,101793,1.0,1,1,Very disappointed with the service.,Negative
3386,116035,1.0,2,1,Quality was not up to the mark.,Negative
3387,120441,,5,3,Best biryani in town!,Positive
3388,109198,2.0,1,3,Order was incomplete.,Negative
3389,117108,5.0,5,5,Amazing experience overall.,Positive
3390,109811,3.0,4,2,Delivery was on time but food was mediocre.,Neutral
3391,103930,5.0,5,4,Best biryani in town!,Positive
3392,100810,5.0,5,5,Amazing experience overall.,Positive
3393,102558,4.0,4,4,Best biryani in town!,Positive
3394,105158,4.0,3,3,Great food and fast delivery!,Positive
3395,110052,2.0,2,1,Order was incomplete.,Negative
3396,109657,4.0,5,5,Great food and fast delivery!,Positive
3397,102260,3.0,3,4,"Food was okay, nothing special.",Neutral
3398,118925,4.0,5,4,Amazing experience overall.,Positive
3399,117696,4.0,4,5,Packaging was excellent and food was hot.,Positive
3400,118273,2.0,3,2,Quality was not up to the mark.,Negative
3401,105354,3.0,4,3,Delivery was on time but food was mediocre.,Neutral
3402,101263,1.0,2,2,Delivery took way too long.,Negative
3403,100097,5.0,4,5,Best biryani in town!,Positive
3404,107990,5.0,5,5,Best biryani in town!,Positive
3405,115602,5.0,5,4,Great food and fast delivery!,Positive
3406,112426,4.0,4,4,Amazing experience overall.,Positive
3407,104714,4.0,3,4,Best biryani in town!,Positive
3408,113373,5.0,5,5,Amazing experience overall.,Positive
3409,104853,4.0,3,5,"Loved the taste, will order again.",Positive
3410,111886,5.0,5,5,Best biryani in town!,Positive
3411,108167,3.0,2,3,Delivery was on time but food was mediocre.,Neutral
3412,107362,3.0,4,2,Delivery was on time but food was mediocre.,Neutral
3413,117411,5.0,5,5,Amazing experience overall.,Positive
3414,103842,3.0,3,4,,Neutral
3415,113776,3.0,2,3,"Food was okay, nothing special.",Neutral
3416,106039,5.0,5,5,Delivery partner was very polite.,Positive
3417,108441,3.0,3,2,"Food was okay, nothing special.",Neutral
3418,100541,3.0,4,4,Average experience.,Neutral
3419,115199,2.0,3,1,,Negative
3420,120329,5.0,5,4,Amazing experience overall.,Positive
3421,107894,5.0,5,4,Packaging was excellent and food was hot.,Positive
3422,104540,3.0,3,3,Delivery was on time but food was mediocre.,Neutral
3423,116445,4.0,3,3,Great food and fast delivery!,Positive
3424,115376,3.0,3,4,Delivery was on time but food was mediocre.,Neutral
3425,114956,3.0,2,4,,Neutral
3426,107155,5.0,4,5,Packaging was excellent and food was hot.,Positive
3427,101332,2.0,2,2,Wrong item delivered.,Negative
3428,113103,4.0,5,3,Delivery partner was very polite.,Positive
3429,105436,5.0,5,5,Great food and fast delivery!,Positive
3430,115180,5.0,4,4,"Loved the taste, will order again.",Positive
3431,104666,5.0,5,5,Delivery partner was very polite.,Positive
3432,108869,3.0,2,4,,Neutral
3433,115897,5.0,5,5,Amazing experience overall.,Positive
3434,111060,5.0,4,4,Great food and fast delivery!,Positive
3435,107385,5.0,4,5,Best biryani in town!,Positive
3436,117128,5.0,5,4,Delivery partner was very polite.,Positive
3437,105373,1.0,1,2,Quality was not up to the mark.,Negative
3438,106729,3.0,3,2,Delivery was on time but food was mediocre.,Neutral
3439,118436,5.0,5,4,Best biryani in town!,Positive
3440,118678,5.0,5,4,Best biryani in town!,Positive
3441,112189,4.0,5,3,Best biryani in town!,Positive
3442,104104,1.0,2,2,Very disappointed with the service.,Negative
3443,101704,3.0,3,2,Average experience.,Neutral
3444,100333,3.0,2,3,,Neutral
3445,119346,1.0,1,1,Delivery took way too long.,Negative
3446,115649,1.0,2,1,Quality was not up to the mark.,Negative
3447,120489,4.0,5,5,Amazing experience overall.,Positive
3448,110011,3.0,2,3,"Food was okay, nothing special.",Neutral
3449,106669,2.0,2,2,Delivery took way too long.,Negative
3450,104955,4.0,3,3,Great food and fast delivery!,Positive
3451,106786,4.0,4,3,Great food and fast delivery!,Positive
3452,109860,5.0,5,5,"Loved the taste, will order again.",Positive
3453,103901,2.0,3,1,Food arrived cold and late.,Negative
3454,105235,1.0,1,1,Very disappointed with the service.,Negative
3455,115214,4.0,5,4,"Loved the taste, will order again.",Positive
3456,111674,5.0,5,4,Great food and fast delivery!,Positive
3457,111356,3.0,2,4,Average experience.,Neutral
3458,119270,1.0,2,1,Wrong item delivered.,Negative
3459,116160,1.0,2,1,Food arrived cold and late.,Negative
3460,120373,5.0,5,4,Packaging was excellent and food was hot.,Positive
3461,108806,2.0,3,3,Order was incomplete.,Negative
3462,112980,5.0,5,5,Delivery partner was very polite.,Positive
3463,107548,3.0,4,2,Delivery was on time but food was mediocre.,Neutral
3464,118829,5.0,5,4,"Loved the taste, will order again.",Positive
3465,108713,2.0,3,2,Food arrived cold and late.,Negative
3466,118804,3.0,2,4,"Food was okay, nothing special.",Neutral
3467,106917,2.0,2,3,Food arrived cold and late.,Negative
3468,108175,5.0,5,5,Delivery partner was very polite.,Positive
3469,108587,1.0,1,1,Order was incomplete.,Negative
3470,100339,5.0,5,4,Amazing experience overall.,Positive
3471,112322,3.0,2,4,Average experience.,Neutral
3472,108137,5.0,4,4,Delivery partner was very polite.,Positive
3473,111918,2.0,1,3,Order was incomplete.,Negative
3474,100580,2.0,3,3,Food arrived cold and late.,Negative
3475,103401,4.0,5,4,Best biryani in town!,Positive
3476,115053,3.0,4,4,,Neutral
3477,116810,3.0,2,4,Average experience.,Neutral
3478,115352,4.0,4,5,"Loved the taste, will order again.",Positive
3479,100412,2.0,2,3,Order was incomplete.,Negative
3480,112467,5.0,5,5,Amazing experience overall.,Positive
3481,112833,1.0,1,2,,Negative
3482,101364,5.0,5,4,Packaging was excellent and food was hot.,Positive
3483,113397,5.0,4,5,Great food and fast delivery!,Positive
3484,100314,2.0,3,3,Very disappointed with the service.,Negative
3485,106907,3.0,2,4,"Food was okay, nothing special.",Neutral
3486,110544,3.0,2,4,Delivery was on time but food was mediocre.,Neutral
3487,116404,1.0,1,2,Wrong item delivered.,Negative
3488,109697,2.0,1,2,Very disappointed with the service.,Negative
3489,102919,2.0,2,1,Order was incomplete.,Negative
3490,111504,4.0,3,5,Delivery partner was very polite.,Positive
3491,114151,2.0,1,3,Delivery took way too long.,Negative
3492,108453,,5,5,,Positive
3493,113485,4.0,5,3,Best biryani in town!,Positive
3494,118025,4.0,3,4,Best biryani in town!,Positive
3495,108017,3.0,2,2,Delivery was on time but food was mediocre.,Neutral
3496,104422,3.0,4,4,"Food was okay, nothing special.",Neutral
3497,109758,5.0,5,5,Packaging was excellent and food was hot.,Positive
3498,100674,2.0,2,1,Wrong item delivered.,Negative
3499,115399,5.0,8,5,"Loved the taste, will order again.",Positive
3500,118774,5.0,5,5,Delivery partner was very polite.,Positive
3501,104832,2.0,2,1,Quality was not up to the mark.,Negative
3502,110020,5.0,5,5,Amazing experience overall.,Positive
3503,107247,3.0,2,2,,Neutral
3504,107478,1.0,1,1,Food arrived cold and late.,Negative
3505,115387,5.0,5,4,Packaging was excellent and food was hot.,Positive
3506,119642,3.0,4,4,,Neutral
3507,107960,5.0,5,5,Best biryani in town!,Positive
3508,106902,4.0,5,4,Amazing experience overall.,Positive
3509,111362,4.0,4,5,Best biryani in town!,Positive
3510,119299,2.0,2,1,Very disappointed with the service.,Negative
3511,112867,2.0,1,2,Delivery took way too long.,Negative
3512,109796,3.0,3,2,,Neutral
3513,120182,5.0,4,4,"Loved the taste, will order again.",Positive
3514,113577,2.0,2,2,Very disappointed with the service.,Negative
3515,109915,3.0,2,4,"Food was okay, nothing special.",Neutral
3516,113915,5.0,4,5,Great food and fast delivery!,Positive
3517,103074,4.0,3,5,Amazing experience overall.,Positive
3518,112937,1.0,1,1,Wrong item delivered.,Negative
3519,118009,,5,5,"Loved the taste, will order again.",Positive
3520,117630,5.0,5,5,"Loved the taste, will order again.",Positive
3521,106066,5.0,5,5,Best biryani in town!,Positive
3522,108110,5.0,4,5,Great food and fast delivery!,Positive
3523,102412,3.0,3,4,"Food was okay, nothing special.",Neutral
3524,102771,5.0,5,5,Delivery partner was very polite.,Positive
3525,107751,2.0,3,1,Delivery took way too long.,Negative
3526,113883,5.0,5,4,Great food and fast delivery!,Positive
3527,101290,2.0,2,3,Wrong item delivered.,Negative
3528,103248,1.0,1,1,Quality was not up to the mark.,Negative
3529,104492,1.0,1,1,Wrong item delivered.,Negative
3530,106832,5.0,5,5,Amazing experience overall.,Positive
3531,102162,4.0,3,3,Delivery partner was very polite.,Positive
3532,103649,5.0,5,5,Great food and fast delivery!,Positive
3533,114518,5.0,5,4,Best biryani in town!,Positive
3534,108490,1.0,2,2,Very disappointed with the service.,Negative
3535,115955,5.0,4,5,Amazing experience overall.,Positive
3536,104672,5.0,5,5,"Loved the taste, will order again.",Positive
3537,101909,4.0,3,5,Great food and fast delivery!,Positive
3538,108703,3.0,3,3,"Food was okay, nothing special.",Neutral
3539,120148,3.0,2,3,Average experience.,Neutral
3540,116401,3.0,3,2,Average experience.,Neutral
3541,111657,3.0,2,3,"Food was okay, nothing special.",Neutral
3542,104232,5.0,5,4,Best biryani in town!,Positive
3543,114865,5.0,5,5,Great food and fast delivery!,Positive
3544,113725,5.0,5,4,Best biryani in town!,Positive
3545,113584,4.0,4,4,Delivery partner was very polite.,Positive
3546,105788,4.0,3,4,Amazing experience overall.,Positive
3547,106536,2.0,1,3,Wrong item delivered.,Negative
3548,109717,5.0,5,5,Packaging was excellent and food was hot.,Positive
3549,102491,3.0,4,2,Average experience.,Neutral
3550,103392,1.0,1,2,Food arrived cold and late.,Negative
3551,101812,3.0,4,2,"Food was okay, nothing special.",Neutral
3552,116621,2.0,3,1,Quality was not up to the mark.,Negative
3553,109086,2.0,1,2,Very disappointed with the service.,Negative
3554,102224,1.0,1,1,Delivery took way too long.,Negative
3555,106345,1.0,1,1,Delivery took way too long.,Negative
3556,104296,4.0,5,5,"Loved the taste, will order again.",Positive
3557,109752,1.0,1,1,Very disappointed with the service.,Negative
3558,110938,5.0,4,5,"Loved the taste, will order again.",Positive
3559,107561,2.0,1,1,Very disappointed with the service.,Negative
3560,106392,3.0,3,4,Average experience.,Neutral
3561,113514,4.0,3,4,"Loved the taste, will order again.",Positive
3562,100243,5.0,5,5,"Loved the taste, will order again.",Positive
3563,101129,4.0,5,4,Packaging was excellent and food was hot.,Positive
3564,115672,5.0,5,4,Delivery partner was very polite.,Positive
3565,112321,1.0,2,1,Very disappointed with the service.,Negative
3566,115499,1.0,1,2,Quality was not up to the mark.,Negative
3567,110701,1.0,1,1,Food arrived cold and late.,Negative
3568,105535,5.0,5,5,Packaging was excellent and food was hot.,Positive
3569,112909,5.0,4,4,Great food and fast delivery!,Positive
3570,113566,3.0,2,3,Average experience.,Neutral
3571,115865,1.0,1,1,Order was incomplete.,Negative
3572,102677,2.0,3,2,Order was incomplete.,Negative
3573,104712,4.0,4,4,Best biryani in town!,Positive
3574,109142,5.0,5,4,Amazing experience overall.,Positive
3575,114692,2.0,2,1,Delivery took way too long.,Negative
3576,119953,4.0,5,3,Best biryani in town!,Positive
3577,107105,3.0,4,2,Delivery was on time but food was mediocre.,Neutral
3578,113447,3.0,3,2,,Neutral
3579,107386,5.0,5,5,Packaging was excellent and food was hot.,Positive
3580,104059,3.0,4,4,Delivery was on time but food was mediocre.,Neutral
3581,101147,5.0,5,5,Packaging was excellent and food was hot.,Positive
3582,112313,2.0,1,3,Delivery took way too long.,Negative
3583,120272,5.0,5,4,Packaging was excellent and food was hot.,Positive
3584,118008,4.0,4,5,Best biryani in town!,Positive
3585,102610,5.0,5,5,Best biryani in town!,Positive
3586,109845,4.0,4,3,Great food and fast delivery!,Positive
3587,104716,4.0,5,5,Amazing experience overall.,Positive
3588,111107,2.0,3,1,Very disappointed with the service.,Negative
3589,107685,3.0,3,4,,Neutral
3590,113476,2.0,1,1,Delivery took way too long.,Negative
3591,107536,5.0,4,4,Packaging was excellent and food was hot.,Positive
3592,117600,5.0,5,5,Delivery partner was very polite.,Positive
3593,108804,4.0,5,5,Great food and fast delivery!,Positive
3594,118719,5.0,5,5,Amazing experience overall.,Positive
3595,107136,1.0,1,2,Order was incomplete.,Negative
3596,107480,4.0,3,5,"Loved the taste, will order again.",Positive
3597,118485,5.0,5,4,Delivery partner was very polite.,Positive
3598,117830,5.0,5,5,Amazing experience overall.,Positive
3599,107306,3.0,3,2,"Food was okay, nothing special.",Neutral
3600,100755,5.0,5,4,Great food and fast delivery!,Positive
3601,110395,5.0,4,5,Amazing experience overall.,Positive
3602,101645,5.0,5,4,Packaging was excellent and food was hot.,Positive
3603,101307,,5,4,Great food and fast delivery!,Positive
3604,109699,2.0,3,3,Order was incomplete.,Negative
3605,118966,5.0,4,5,Best biryani in town!,Positive
3606,101510,4.0,4,5,Packaging was excellent and food was hot.,Positive
3607,102611,5.0,4,5,Packaging was excellent and food was hot.,Positive
3608,108462,2.0,2,2,Food arrived cold and late.,Negative
3609,119588,4.0,5,5,Great food and fast delivery!,Positive
3610,111412,4.0,5,5,Best biryani in town!,Positive
3611,101149,4.0,4,5,"Loved the taste, will order again.",Positive
3612,115762,1.0,1,1,Delivery took way too long.,Negative
3613,117406,2.0,3,1,Delivery took way too long.,Negative
3614,109744,3.0,2,2,,Neutral
3615,119420,3.0,3,2,Delivery was on time but food was mediocre.,Neutral
3616,109904,5.0,5,4,"Loved the taste, will order again.",Positive
3617,105581,5.0,5,4,"Loved the taste, will order again.",Positive
3618,104021,5.0,5,4,"Loved the taste, will order again.",Positive
3619,102299,4.0,3,5,Packaging was excellent and food was hot.,Positive
3620,110122,4.0,5,4,Great food and fast delivery!,Positive
3621,105983,5.0,4,4,"Loved the taste, will order again.",Positive
3622,101018,3.0,4,2,,Neutral
3623,100696,5.0,4,4,,Positive
3624,100209,1.0,2,1,Quality was not up to the mark.,Negative
3625,104176,3.0,4,3,Delivery was on time but food was mediocre.,Neutral
3626,106019,5.0,5,5,Amazing experience overall.,Positive
3627,103105,4.0,3,4,"Loved the taste, will order again.",Positive
3628,112560,1.0,1,1,Order was incomplete.,Negative
3629,106298,5.0,5,5,Amazing experience overall.,Positive
3630,106430,3.0,2,3,Average experience.,Neutral
3631,113521,5.0,5,4,"Loved the taste, will order again.",Positive
3632,117430,2.0,1,1,Food arrived cold and late.,Negative
3633,115882,4.0,4,5,Amazing experience overall.,Positive
3634,111279,2.0,1,3,Quality was not up to the mark.,Negative
3635,117549,4.0,3,3,Packaging was excellent and food was hot.,Positive
3636,110211,5.0,5,5,Delivery partner was very polite.,Positive
3637,103677,,5,4,Great food and fast delivery!,Positive
3638,112700,2.0,1,3,Wrong item delivered.,Negative
3639,104048,4.0,3,5,Best biryani in town!,Positive
3640,112658,4.0,5,5,Best biryani in town!,Positive
3641,120060,4.0,3,4,Packaging was excellent and food was hot.,Positive
3642,113572,2.0,1,2,Very disappointed with the service.,Negative
3643,106071,2.0,3,2,Very disappointed with the service.,Negative
3644,109503,2.0,1,3,Delivery took way too long.,Negative
3645,108458,5.0,5,5,Delivery partner was very polite.,Positive
3646,108135,5.0,5,5,"Loved the taste, will order again.",Positive
3647,100135,5.0,5,5,Amazing experience overall.,Positive
3648,110737,1.0,1,2,Food arrived cold and late.,Negative
3649,101899,3.0,4,4,Average experience.,Neutral
3650,109360,2.0,3,1,Delivery took way too long.,Negative
3651,112272,4.0,5,4,Great food and fast delivery!,Positive
3652,114107,5.0,5,5,Best biryani in town!,Positive
3653,112299,5.0,4,5,Delivery partner was very polite.,Positive
3654,118885,3.0,4,3,,Neutral
3655,105747,1.0,1,2,Order was incomplete.,Negative
3656,111746,1.0,2,2,,Negative
3657,111221,5.0,5,5,Amazing experience overall.,Positive
3658,113438,3.0,4,4,Delivery was on time but food was mediocre.,Neutral
3659,113007,3.0,3,3,Average experience.,Neutral
3660,113791,5.0,5,5,Great food and fast delivery!,Positive
3661,104880,2.0,1,2,,Negative
3662,118000,1.0,1,2,Delivery took way too long.,Negative
3663,103919,3.0,4,2,Average experience.,Neutral
3664,107776,4.0,5,5,Great food and fast delivery!,Positive
3665,119475,5.0,4,5,"Loved the taste, will order again.",Positive
3666,100445,2.0,3,1,Food arrived cold and late.,Negative
3667,104906,5.0,4,4,Best biryani in town!,Positive
3668,102463,4.0,3,3,Delivery partner was very polite.,Positive
3669,105121,4.0,3,4,Great food and fast delivery!,Positive
3670,107728,1.0,1,1,Food arrived cold and late.,Negative
3671,114998,3.0,4,4,Delivery was on time but food was mediocre.,Neutral
3672,101621,,4,5,Delivery partner was very polite.,Positive
3673,102703,2.0,1,3,Food arrived cold and late.,Negative
3674,115186,,5,5,Delivery partner was very polite.,Positive
3675,116407,1.0,1,2,Food arrived cold and late.,Negative
3676,116554,4.0,3,3,Best biryani in town!,Positive
3677,108066,1.0,1,2,Food arrived cold and late.,Negative
3678,105500,3.0,3,4,Delivery was on time but food was mediocre.,Neutral
3679,108046,5.0,5,4,"Loved the taste, will order again.",Positive
3680,119348,5.0,4,5,Best biryani in town!,Positive
3681,115163,4.0,5,4,Packaging was excellent and food was hot.,Positive
3682,118038,1.0,1,2,Very disappointed with the service.,Negative
3683,100765,3.0,3,3,Delivery was on time but food was mediocre.,Neutral
3684,102064,5.0,5,5,Amazing experience overall.,Positive
3685,101185,5.0,5,5,Amazing experience overall.,Positive
3686,112795,5.0,5,5,Amazing experience overall.,Positive
3687,105383,2.0,3,3,Wrong item delivered.,Negative
3688,104041,2.0,3,2,Order was incomplete.,Negative
3689,117103,3.0,4,4,Delivery was on time but food was mediocre.,Neutral
3690,101156,3.0,2,3,"Food was okay, nothing special.",Neutral
3691,103427,5.0,5,5,Best biryani in town!,Positive
3692,115286,5.0,5,5,Packaging was excellent and food was hot.,Positive
3693,112826,2.0,2,3,Order was incomplete.,Negative
3694,112878,3.0,2,4,,Neutral
3695,118708,2.0,1,3,Very disappointed with the service.,Negative
3696,118331,4.0,4,5,Packaging was excellent and food was hot.,Positive
3697,111744,4.0,5,3,Packaging was excellent and food was hot.,Positive
3698,110972,2.0,2,2,Food arrived cold and late.,Negative
3699,102343,5.0,5,4,Great food and fast delivery!,Positive
3700,102470,5.0,5,4,Best biryani in town!,Positive
3701,105633,5.0,5,4,Delivery partner was very polite.,Positive
3702,115190,4.0,3,3,Packaging was excellent and food was hot.,Positive
3703,113728,3.0,4,4,"Food was okay, nothing special.",Neutral
3704,118707,5.0,7,5,"Loved the taste, will order again.",Positive
3705,118463,4.0,4,4,Great food and fast delivery!,Positive
3706,107545,4.0,3,5,Packaging was excellent and food was hot.,Positive
3707,105522,2.0,2,1,Quality was not up to the mark.,Negative
3708,103363,3.0,4,2,Average experience.,Neutral
3709,108781,5.0,5,4,Best biryani in town!,Positive
3710,117053,3.0,4,2,"Food was okay, nothing special.",Neutral
3711,107446,3.0,4,4,,Neutral
3712,106664,3.0,2,2,"Food was okay, nothing special.",Neutral
3713,109825,5.0,5,4,Amazing experience overall.,Positive
3714,113642,4.0,3,4,Great food and fast delivery!,Positive
3715,108041,5.0,5,4,Packaging was excellent and food was hot.,Positive
3716,112712,4.0,5,3,Packaging was excellent and food was hot.,Positive
3717,108516,2.0,1,2,Wrong item delivered.,Negative
3718,113747,5.0,4,5,"Loved the taste, will order again.",Positive
3719,108676,5.0,4,4,Best biryani in town!,Positive
3720,115966,3.0,3,4,"Food was okay, nothing special.",Neutral
3721,110726,5.0,5,4,Packaging was excellent and food was hot.,Positive
3722,118115,5.0,5,4,Great food and fast delivery!,Positive
3723,111740,3.0,4,4,Delivery was on time but food was mediocre.,Neutral
3724,106180,5.0,4,5,Best biryani in town!,Positive
3725,102637,2.0,1,3,Order was incomplete.,Negative
3726,110470,2.0,2,3,Order was incomplete.,Negative
3727,112547,3.0,3,4,"Food was okay, nothing special.",Neutral
3728,103636,4.0,5,4,Great food and fast delivery!,Positive
3729,119043,3.0,4,4,Average experience.,Neutral
3730,111933,3.0,4,3,"Food was okay, nothing special.",Neutral
3731,109228,4.0,4,3,Packaging was excellent and food was hot.,Positive
3732,111387,3.0,3,4,Delivery was on time but food was mediocre.,Neutral
3733,101863,2.0,2,3,Quality was not up to the mark.,Negative
3734,109017,4.0,4,4,"Loved the taste, will order again.",Positive
3735,100022,4.0,4,3,,Positive
3736,117499,2.0,3,2,Very disappointed with the service.,Negative
3737,100956,3.0,3,2,Delivery was on time but food was mediocre.,Neutral
3738,101044,1.0,2,1,Very disappointed with the service.,Negative
3739,112080,5.0,5,4,Great food and fast delivery!,Positive
3740,102935,4.0,5,5,Amazing experience overall.,Positive
3741,108305,4.0,3,3,Amazing experience overall.,Positive
3742,118521,3.0,3,4,Average experience.,Neutral
3743,100370,3.0,3,4,Delivery was on time but food was mediocre.,Neutral
3744,120409,5.0,6,4,Delivery partner was very polite.,Positive
3745,100967,4.0,3,5,Packaging was excellent and food was hot.,Positive
3746,118590,5.0,5,5,Best biryani in town!,Positive
3747,104817,2.0,2,2,Food arrived cold and late.,Negative
3748,108245,4.0,5,3,Delivery partner was very polite.,Positive
3749,114862,1.0,1,2,Order was incomplete.,Negative
3750,119525,5.0,4,4,Packaging was excellent and food was hot.,Positive
3751,102694,2.0,2,3,Wrong item delivered.,Negative
3752,101234,,3,4,Best biryani in town!,Positive
3753,119384,2.0,2,3,Very disappointed with the service.,Negative
3754,115290,3.0,2,2,Average experience.,Neutral
3755,114084,4.0,5,3,Amazing experience overall.,Positive
3756,102647,5.0,4,4,"Loved the taste, will order again.",Positive
3757,110879,3.0,3,3,,Neutral
3758,116500,4.0,4,5,Amazing experience overall.,Positive
3759,114952,1.0,2,2,Quality was not up to the mark.,Negative
3760,102780,5.0,4,5,Packaging was excellent and food was hot.,Positive
3761,107566,2.0,1,1,Delivery took way too long.,Negative
3762,104681,2.0,3,3,Order was incomplete.,Negative
3763,102959,4.0,5,4,Amazing experience overall.,Positive
3764,117232,5.0,5,5,"Loved the taste, will order again.",Positive
3765,101926,2.0,2,2,Very disappointed with the service.,Negative
3766,117452,5.0,4,4,Amazing experience overall.,Positive
3767,101079,4.0,3,5,"Loved the taste, will order again.",Positive
3768,114760,4.0,5,4,Delivery partner was very polite.,Positive
3769,108502,5.0,5,5,Best biryani in town!,Positive
3770,107859,3.0,4,4,Delivery was on time but food was mediocre.,Neutral
3771,107238,5.0,5,5,Delivery partner was very polite.,Positive
3772,100614,3.0,3,4,,Neutral
3773,104727,4.0,4,3,Delivery partner was very polite.,Positive
3774,105760,5.0,5,5,"Loved the taste, will order again.",Positive
3775,113881,5.0,5,4,Delivery partner was very polite.,Positive
3776,104308,5.0,5,5,Packaging was excellent and food was hot.,Positive
3777,113008,5.0,5,5,Best biryani in town!,Positive
3778,114303,4.0,3,3,"Loved the taste, will order again.",Positive
3779,109634,2.0,3,2,Food arrived cold and late.,Negative
3780,120106,1.0,2,1,Wrong item delivered.,Negative
3781,113085,4.0,5,4,Packaging was excellent and food was hot.,Positive
3782,117557,2.0,3,2,Delivery took way too long.,Negative
3783,106042,5.0,5,5,Best biryani in town!,Positive
3784,117695,5.0,4,5,Amazing experience overall.,Positive
3785,103917,2.0,2,3,,Negative
3786,118891,5.0,5,4,Delivery partner was very polite.,Positive
3787,115411,2.0,2,2,Wrong item delivered.,Negative
3788,106509,5.0,5,4,Amazing experience overall.,Positive
3789,109346,5.0,5,5,Best biryani in town!,Positive
3790,109679,5.0,5,5,Delivery partner was very polite.,Positive
3791,111990,4.0,5,3,Delivery partner was very polite.,Positive
3792,105805,5.0,5,5,Amazing experience overall.,Positive
3793,117705,5.0,5,5,Best biryani in town!,Positive
3794,103335,5.0,5,5,Delivery partner was very polite.,Positive
3795,119784,5.0,5,5,Packaging was excellent and food was hot.,Positive
3796,103022,3.0,3,3,Delivery was on time but food was mediocre.,Neutral
3797,116522,4.0,3,5,Best biryani in town!,Positive
3798,100128,2.0,2,1,Food arrived cold and late.,Negative
3799,106211,2.0,2,2,Very disappointed with the service.,Negative
3800,101082,3.0,3,2,"Food was okay, nothing special.",Neutral
3801,102220,3.0,3,2,,Neutral
3802,104239,4.0,5,4,Amazing experience overall.,Positive
3803,118285,4.0,5,5,Amazing experience overall.,Positive
3804,115613,5.0,4,5,Amazing experience overall.,Positive
3805,100237,3.0,4,3,,Neutral
3806,116795,5.0,5,5,Best biryani in town!,Positive
3807,109473,2.0,1,3,Order was incomplete.,Negative
3808,101933,3.0,4,3,"Food was okay, nothing special.",Neutral
3809,106602,1.0,2,2,Wrong item delivered.,Negative
3810,115862,5.0,4,5,Delivery partner was very polite.,Positive
3811,116800,2.0,2,1,Food arrived cold and late.,Negative
3812,101197,2.0,1,1,Food arrived cold and late.,Negative
3813,102624,5.0,5,5,"Loved the taste, will order again.",Positive
3814,109933,5.0,5,4,Amazing experience overall.,Positive
3815,116603,1.0,1,2,Food arrived cold and late.,Negative
3816,105927,5.0,5,5,Packaging was excellent and food was hot.,Positive
3817,109281,5.0,5,5,Great food and fast delivery!,Positive
3818,108126,2.0,3,3,Delivery took way too long.,Negative
3819,110319,2.0,3,3,Quality was not up to the mark.,Negative
3820,103888,1.0,1,2,Quality was not up to the mark.,Negative
3821,115474,4.0,3,4,Great food and fast delivery!,Positive
3822,110834,4.0,4,5,Best biryani in town!,Positive
3823,110076,2.0,3,3,Quality was not up to the mark.,Negative
3824,101315,3.0,4,4,Average experience.,Neutral
3825,119004,2.0,3,1,Order was incomplete.,Negative
3826,108088,5.0,5,5,Packaging was excellent and food was hot.,Positive
3827,107942,2.0,1,1,,Negative
3828,113692,1.0,1,1,Order was incomplete.,Negative
3829,105675,5.0,5,5,Amazing experience overall.,Positive
3830,117219,5.0,4,5,Amazing experience overall.,Positive
3831,118610,5.0,5,5,Packaging was excellent and food was hot.,Positive
3832,102533,3.0,4,3,Average experience.,Neutral
3833,108007,5.0,5,5,"Loved the taste, will order again.",Positive
3834,120066,4.0,4,4,Packaging was excellent and food was hot.,Positive
3835,118601,3.0,3,3,Average experience.,Neutral
3836,116529,5.0,5,5,Amazing experience overall.,Positive
3837,119985,,2,1,Wrong item delivered.,Negative
3838,116619,5.0,5,5,Amazing experience overall.,Positive
3839,115284,5.0,4,5,Best biryani in town!,Positive
3840,104729,2.0,2,3,Very disappointed with the service.,Negative
3841,109564,2.0,1,3,Food arrived cold and late.,Negative
3842,120012,5.0,5,5,Packaging was excellent and food was hot.,Positive
3843,102222,5.0,5,4,Packaging was excellent and food was hot.,Positive
3844,113750,3.0,3,4,Average experience.,Neutral
3845,109759,3.0,4,2,"Food was okay, nothing special.",Neutral
3846,116232,,5,5,"Loved the taste, will order again.",Positive
3847,111533,5.0,5,4,Best biryani in town!,Positive
3848,117558,4.0,3,5,,Positive
3849,105595,2.0,3,2,Wrong item delivered.,Negative
3850,115583,5.0,4,5,Great food and fast delivery!,Positive
3851,101936,5.0,5,4,Great food and fast delivery!,Positive
3852,107371,2.0,2,1,Order was incomplete.,Negative
3853,108843,5.0,4,5,Great food and fast delivery!,Positive
3854,119044,4.0,3,5,Packaging was excellent and food was hot.,Positive
3855,107589,5.0,5,5,,Positive
3856,116173,4.0,3,5,Delivery partner was very polite.,Positive
3857,116340,3.0,2,2,Delivery was on time but food was mediocre.,Neutral
3858,100242,2.0,1,3,Very disappointed with the service.,Negative
3859,104023,4.0,3,3,"Loved the taste, will order again.",Positive
3860,109764,3.0,3,2,"Food was okay, nothing special.",Neutral
3861,116306,5.0,5,5,Great food and fast delivery!,Positive
3862,118539,5.0,4,5,Delivery partner was very polite.,Positive
3863,117199,,5,4,"Loved the taste, will order again.",Positive
3864,120327,3.0,4,2,Delivery was on time but food was mediocre.,Neutral
3865,104057,5.0,5,5,Packaging was excellent and food was hot.,Positive
3866,119337,2.0,3,2,Quality was not up to the mark.,Negative
3867,116910,2.0,3,2,Wrong item delivered.,Negative
3868,107491,,5,4,Amazing experience overall.,Positive
3869,108365,3.0,4,4,"Food was okay, nothing special.",Neutral
3870,104524,2.0,2,1,Very disappointed with the service.,Negative
3871,101892,5.0,4,5,Best biryani in town!,Positive
3872,102894,2.0,3,2,Delivery took way too long.,Negative
3873,105836,4.0,3,3,Great food and fast delivery!,Positive
3874,107967,5.0,4,5,"Loved the taste, will order again.",Positive
3875,113659,5.0,4,5,"Loved the taste, will order again.",Positive
3876,111160,,3,4,,Neutral
3877,116903,5.0,5,5,Packaging was excellent and food was hot.,Positive
3878,119783,4.0,5,5,Packaging was excellent and food was hot.,Positive
3879,108728,3.0,4,4,"Food was okay, nothing special.",Neutral
3880,118133,4.0,4,4,"Loved the taste, will order again.",Positive
3881,100582,2.0,1,2,Wrong item delivered.,Negative
3882,102063,5.0,5,4,Best biryani in town!,Positive
3883,118739,5.0,5,5,Amazing experience overall.,Positive
3884,103018,3.0,3,4,"Food was okay, nothing special.",Neutral
3885,107542,5.0,4,5,Best biryani in town!,Positive
3886,109609,4.0,3,4,"Loved the taste, will order again.",Positive
3887,105857,4.0,3,5,Packaging was excellent and food was hot.,Positive
3888,110588,2.0,2,2,Food arrived cold and late.,Negative
3889,118646,5.0,5,5,"Loved the taste, will order again.",Positive
3890,118376,4.0,3,3,Best biryani in town!,Positive
3891,103798,4.0,3,5,Amazing experience overall.,Positive
3892,104405,3.0,4,4,"Food was okay, nothing special.",Neutral
3893,112564,1.0,2,2,Quality was not up to the mark.,Negative
3894,109698,3.0,3,4,,Neutral
3895,103411,5.0,5,5,Amazing experience overall.,Positive
3896,108563,4.0,4,3,Packaging was excellent and food was hot.,Positive
3897,113423,5.0,5,5,"Loved the taste, will order again.",Positive
3898,116974,2.0,3,1,Order was incomplete.,Negative
3899,105571,3.0,4,4,"Food was okay, nothing special.",Neutral
3900,112983,5.0,4,5,Packaging was excellent and food was hot.,Positive
3901,110482,1.0,1,1,Delivery took way too long.,Negative
3902,119529,4.0,4,5,Great food and fast delivery!,Positive
3903,113197,5.0,5,5,,Positive
3904,109219,1.0,2,1,Wrong item delivered.,Negative
3905,112087,3.0,3,3,,Neutral
3906,105739,5.0,5,4,Amazing experience overall.,Positive
3907,115014,5.0,5,4,Best biryani in town!,Positive
3908,118840,5.0,4,5,Delivery partner was very polite.,Positive
3909,106541,3.0,4,4,"Food was okay, nothing special.",Neutral
3910,117551,1.0,1,1,Very disappointed with the service.,Negative
3911,106594,4.0,4,4,Best biryani in town!,Positive
3912,105401,3.0,4,3,"Food was okay, nothing special.",Neutral
3913,114792,5.0,5,5,"Loved the taste, will order again.",Positive
3914,117941,2.0,3,2,Food arrived cold and late.,Negative
3915,102911,5.0,4,5,"Loved the taste, will order again.",Positive
3916,116090,4.0,4,5,Amazing experience overall.,Positive
3917,104413,5.0,5,5,Delivery partner was very polite.,Positive
3918,119125,1.0,1,1,Wrong item delivered.,Negative
3919,100234,5.0,5,4,Packaging was excellent and food was hot.,Positive
3920,107539,4.0,5,4,Packaging was excellent and food was hot.,Positive
3921,103777,1.0,1,1,Quality was not up to the mark.,Negative
3922,100464,3.0,2,4,,Neutral
3923,108848,3.0,2,3,Average experience.,Neutral
3924,100335,4.0,5,4,Great food and fast delivery!,Positive
3925,116741,3.0,4,4,Delivery was on time but food was mediocre.,Neutral
3926,113121,2.0,3,1,Delivery took way too long.,Negative
3927,119268,2.0,3,2,Delivery took way too long.,Negative
3928,112528,4.0,3,4,"Loved the taste, will order again.",Positive
3929,117881,3.0,2,4,Delivery was on time but food was mediocre.,Neutral
3930,106986,4.0,4,5,"Loved the taste, will order again.",Positive
3931,107577,5.0,4,5,Best biryani in town!,Positive
3932,120058,1.0,1,1,Food arrived cold and late.,Negative
3933,102555,3.0,4,2,,Neutral
3934,100486,5.0,5,5,Best biryani in town!,Positive
3935,101335,5.0,5,5,,Positive
3936,108230,5.0,5,4,Packaging was excellent and food was hot.,Positive
3937,111271,3.0,3,3,,Neutral
3938,103832,5.0,4,5,Great food and fast delivery!,Positive
3939,106329,3.0,2,4,,Neutral
3940,115035,2.0,2,3,Order was incomplete.,Negative
3941,118153,2.0,1,2,Very disappointed with the service.,Negative
3942,114156,4.0,5,4,Delivery partner was very polite.,Positive
3943,111632,4.0,3,4,Amazing experience overall.,Positive
3944,114029,4.0,5,4,Packaging was excellent and food was hot.,Positive
3945,106626,4.0,4,5,Packaging was excellent and food was hot.,Positive
3946,120325,4.0,5,3,Delivery partner was very polite.,Positive
3947,116431,4.0,5,4,Delivery partner was very polite.,Positive
3948,112481,5.0,5,5,"Loved the taste, will order again.",Positive
3949,106261,5.0,5,5,Packaging was excellent and food was hot.,Positive
3950,103101,1.0,1,2,Very disappointed with the service.,Negative
3951,105356,4.0,7,4,Great food and fast delivery!,Positive
3952,114906,5.0,5,5,Packaging was excellent and food was hot.,Positive
3953,114200,2.0,1,3,Food arrived cold and late.,Negative
3954,119177,4.0,4,5,"Loved the taste, will order again.",Positive
3955,109526,1.0,2,1,Order was incomplete.,Negative
3956,108349,5.0,5,5,Best biryani in town!,Positive
3957,114385,1.0,2,2,Order was incomplete.,Negative
3958,116470,2.0,1,2,Very disappointed with the service.,Negative
3959,109152,5.0,5,4,Great food and fast delivery!,Positive
3960,111634,5.0,4,5,Packaging was excellent and food was hot.,Positive
3961,102223,4.0,3,3,,Positive
3962,113634,2.0,2,2,Food arrived cold and late.,Negative
3963,118150,4.0,3,5,Delivery partner was very polite.,Positive
3964,105688,,4,5,Packaging was excellent and food was hot.,Positive
3965,110975,1.0,1,1,Food arrived cold and late.,Negative
3966,119640,5.0,5,5,Best biryani in town!,Positive
3967,106017,4.0,9,5,Best biryani in town!,Positive
3968,112990,5.0,4,5,Delivery partner was very polite.,Positive
3969,116721,4.0,4,3,Great food and fast delivery!,Positive
3970,109042,4.0,5,4,Great food and fast delivery!,Positive
3971,117349,4.0,5,5,,Positive
3972,100407,4.0,4,4,Packaging was excellent and food was hot.,Positive
3973,112235,5.0,5,4,Amazing experience overall.,Positive
3974,119042,2.0,1,2,Very disappointed with the service.,Negative
3975,110607,5.0,8,4,Amazing experience overall.,Positive
3976,105115,2.0,2,3,Wrong item delivered.,Negative
3977,106611,3.0,3,4,Delivery was on time but food was mediocre.,Neutral
3978,103317,5.0,4,4,Delivery partner was very polite.,Positive
3979,109265,4.0,5,4,Amazing experience overall.,Positive
3980,109481,1.0,2,2,Delivery took way too long.,Negative
3981,107023,3.0,3,4,"Food was okay, nothing special.",Neutral
3982,114261,4.0,5,5,"Loved the taste, will order again.",Positive
3983,118763,3.0,2,4,Average experience.,Neutral
3984,101817,5.0,4,4,"Loved the taste, will order again.",Positive
3985,113540,5.0,5,5,Best biryani in town!,Positive
3986,113563,4.0,4,4,Amazing experience overall.,Positive
3987,113907,5.0,5,4,Best biryani in town!,Positive
3988,102699,5.0,5,5,,Positive
3989,114773,2.0,2,3,Very disappointed with the service.,Negative
3990,103526,4.0,3,5,Amazing experience overall.,Positive
3991,116458,5.0,5,5,Delivery partner was very polite.,Positive
3992,112797,5.0,5,4,Amazing experience overall.,Positive
3993,102038,5.0,4,5,Amazing experience overall.,Positive
3994,113535,1.0,1,1,Order was incomplete.,Negative
3995,103800,4.0,5,3,Amazing experience overall.,Positive
3996,116936,2.0,3,2,Wrong item delivered.,Negative
3997,117506,3.0,3,3,Average experience.,Neutral
3998,110146,5.0,5,5,"Loved the taste, will order again.",Positive
3999,117622,4.0,5,5,Best biryani in town!,Positive
4000,116868,3.0,3,2,,Neutral
4001,117772,2.0,3,3,Quality was not up to the mark.,Negative
4002,108544,4.0,4,5,,Positive
4003,100207,3.0,4,3,"Food was okay, nothing special.",Neutral
4004,120138,2.0,2,1,Order was incomplete.,Negative
4005,117352,3.0,2,4,,Neutral
4006,115938,5.0,5,5,"Loved the taste, will order again.",Positive
4007,113161,4.0,4,5,Great food and fast delivery!,Positive
4008,102221,5.0,4,5,Packaging was excellent and food was hot.,Positive
4009,115431,3.0,2,2,Average experience.,Neutral
4010,104685,5.0,4,4,Best biryani in town!,Positive
4011,103700,2.0,3,3,Very disappointed with the service.,Negative
4012,118784,3.0,3,4,Delivery was on time but food was mediocre.,Neutral
4013,116361,3.0,3,2,Delivery was on time but food was mediocre.,Neutral
4014,111013,4.0,5,5,Delivery partner was very polite.,Positive
4015,113326,4.0,4,3,Delivery partner was very polite.,Positive
4016,100915,3.0,3,4,Average experience.,Neutral
4017,118542,3.0,3,2,"Food was okay, nothing special.",Neutral
4018,119431,3.0,2,2,,Neutral
4019,106702,4.0,4,3,Great food and fast delivery!,Positive
4020,101316,5.0,4,5,Packaging was excellent and food was hot.,Positive
4021,116196,5.0,5,4,Packaging was excellent and food was hot.,Positive
4022,103650,2.0,2,3,Food arrived cold and late.,Negative
4023,113768,5.0,5,4,Best biryani in town!,Positive
4024,112108,1.0,2,2,Delivery took way too long.,Negative
4025,108235,4.0,4,3,Best biryani in town!,Positive
4026,105578,2.0,1,3,Quality was not up to the mark.,Negative
4027,117836,1.0,2,1,Order was incomplete.,Negative
4028,107940,2.0,2,2,Very disappointed with the service.,Negative
4029,114997,5.0,5,5,Amazing experience overall.,Positive
4030,104686,1.0,1,1,Food arrived cold and late.,Negative
4031,110754,3.0,2,2,Average experience.,Neutral
4032,113545,1.0,1,1,Order was incomplete.,Negative
4033,117043,2.0,1,1,Order was incomplete.,Negative
4034,103982,2.0,1,1,Quality was not up to the mark.,Negative
4035,100653,4.0,3,3,Packaging was excellent and food was hot.,Positive
4036,108992,5.0,5,4,Best biryani in town!,Positive
4037,109248,5.0,5,5,"Loved the taste, will order again.",Positive
4038,107812,4.0,4,3,Packaging was excellent and food was hot.,Positive
4039,115600,4.0,3,4,"Loved the taste, will order again.",Positive
4040,101377,5.0,5,4,"Loved the taste, will order again.",Positive
4041,119806,4.0,3,5,Packaging was excellent and food was hot.,Positive
4042,117151,5.0,4,4,"Loved the taste, will order again.",Positive
4043,116820,2.0,3,2,Order was incomplete.,Negative
4044,109652,4.0,4,3,Packaging was excellent and food was hot.,Positive
4045,110850,2.0,1,1,Quality was not up to the mark.,Negative
4046,112782,5.0,5,5,Amazing experience overall.,Positive
4047,112500,2.0,6,1,Food arrived cold and late.,Negative
4048,119402,4.0,5,3,Packaging was excellent and food was hot.,Positive
4049,118935,4.0,4,4,Packaging was excellent and food was hot.,Positive
4050,105732,2.0,1,1,Delivery took way too long.,Negative
4051,110874,5.0,4,5,Great food and fast delivery!,Positive
4052,101035,5.0,5,5,Packaging was excellent and food was hot.,Positive
4053,117972,3.0,4,2,,Neutral
4054,100256,,4,3,Amazing experience overall.,Positive
4055,112336,5.0,4,5,,Positive
4056,105584,3.0,3,3,"Food was okay, nothing special.",Neutral
4057,113105,4.0,5,5,Packaging was excellent and food was hot.,Positive
4058,117214,3.0,2,4,"Food was okay, nothing special.",Neutral
4059,114477,2.0,1,3,Quality was not up to the mark.,Negative
4060,119272,5.0,5,4,Packaging was excellent and food was hot.,Positive
4061,116032,5.0,5,4,Great food and fast delivery!,Positive
4062,115795,5.0,4,4,Great food and fast delivery!,Positive
4063,104868,2.0,3,3,Quality was not up to the mark.,Negative
4064,108778,4.0,4,4,Best biryani in town!,Positive
4065,104625,5.0,5,5,Amazing experience overall.,Positive
4066,107551,5.0,5,4,"Loved the taste, will order again.",Positive
4067,102892,5.0,5,5,Best biryani in town!,Positive
4068,113315,5.0,5,5,Great food and fast delivery!,Positive
4069,119902,5.0,5,4,Best biryani in town!,Positive
4070,104597,3.0,3,4,,Neutral
4071,114035,5.0,5,5,Packaging was excellent and food was hot.,Positive
4072,102105,3.0,2,3,"Food was okay, nothing special.",Neutral
4073,104676,3.0,4,3,Average experience.,Neutral
4074,118515,5.0,5,5,Packaging was excellent and food was hot.,Positive
4075,103906,5.0,5,4,Amazing experience overall.,Positive
4076,106703,5.0,5,5,Delivery partner was very polite.,Positive
4077,112278,3.0,3,3,,Neutral
4078,108501,4.0,3,5,Packaging was excellent and food was hot.,Positive
4079,117274,4.0,4,3,Great food and fast delivery!,Positive
4080,114852,2.0,1,2,Wrong item delivered.,Negative
4081,113486,4.0,5,3,"Loved the taste, will order again.",Positive
4082,102245,3.0,3,4,,Neutral
4083,107709,3.0,4,3,"Food was okay, nothing special.",Neutral
4084,101451,3.0,4,4,"Food was okay, nothing special.",Neutral
4085,116367,4.0,3,5,Amazing experience overall.,Positive
4086,111705,3.0,3,3,Average experience.,Neutral
4087,112729,5.0,4,4,Delivery partner was very polite.,Positive
4088,109648,5.0,4,5,Best biryani in town!,Positive
4089,105630,3.0,2,3,Average experience.,Neutral
4090,106266,3.0,3,3,,Neutral
4091,102612,3.0,4,4,"Food was okay, nothing special.",Neutral
4092,100419,5.0,5,5,Amazing experience overall.,Positive
4093,109468,3.0,2,3,"Food was okay, nothing special.",Neutral
4094,108402,5.0,4,5,Great food and fast delivery!,Positive
4095,110967,3.0,4,3,Delivery was on time but food was mediocre.,Neutral
4096,115142,5.0,5,4,Great food and fast delivery!,Positive
4097,103445,2.0,2,2,Very disappointed with the service.,Negative
4098,118226,1.0,1,2,Quality was not up to the mark.,Negative
4099,107797,5.0,5,4,Great food and fast delivery!,Positive
4100,109395,5.0,5,4,Amazing experience overall.,Positive
4101,106062,2.0,2,2,Delivery took way too long.,Negative
4102,104767,4.0,4,4,"Loved the taste, will order again.",Positive
4103,103795,4.0,4,4,"Loved the taste, will order again.",Positive
4104,108369,3.0,3,2,Delivery was on time but food was mediocre.,Neutral
4105,107065,4.0,5,3,Amazing experience overall.,Positive
4106,101803,2.0,1,3,Food arrived cold and late.,Negative
4107,108632,3.0,3,3,"Food was okay, nothing special.",Neutral
4108,110713,3.0,4,4,Delivery was on time but food was mediocre.,Neutral
4109,105047,1.0,2,2,Order was incomplete.,Negative
4110,113237,1.0,1,1,Very disappointed with the service.,Negative
4111,116008,5.0,5,5,Delivery partner was very polite.,Positive
4112,115146,4.0,5,3,"Loved the taste, will order again.",Positive
4113,117417,5.0,4,5,"Loved the taste, will order again.",Positive
4114,102720,3.0,3,2,Average experience.,Neutral
4115,101108,5.0,5,5,Great food and fast delivery!,Positive
4116,100318,5.0,4,5,"Loved the taste, will order again.",Positive
4117,108963,5.0,5,4,Great food and fast delivery!,Positive
4118,104288,2.0,2,3,Very disappointed with the service.,Negative
4119,106119,,1,2,Order was incomplete.,Negative
4120,105143,3.0,4,4,"Food was okay, nothing special.",Neutral
4121,105533,4.0,5,4,Best biryani in town!,Positive
4122,113019,2.0,2,1,Wrong item delivered.,Negative
4123,117624,3.0,3,4,,Neutral
4124,118823,3.0,4,3,,Neutral
4125,105145,5.0,5,5,"Loved the taste, will order again.",Positive
4126,103949,2.0,3,3,Order was incomplete.,Negative
4127,104630,5.0,4,4,Delivery partner was very polite.,Positive
4128,102708,4.0,3,5,Packaging was excellent and food was hot.,Positive
4129,119441,2.0,2,2,Order was incomplete.,Negative
4130,103891,4.0,3,5,,Positive
4131,112126,5.0,4,5,"Loved the taste, will order again.",Positive
4132,117240,,5,5,"Loved the taste, will order again.",Positive
4133,107722,5.0,5,5,Packaging was excellent and food was hot.,Positive
4134,103028,,2,4,,Neutral
4135,108683,3.0,2,4,Delivery was on time but food was mediocre.,Neutral
4136,102014,1.0,2,2,Food arrived cold and late.,Negative
4137,110789,5.0,4,5,Amazing experience overall.,Positive
4138,106545,2.0,1,1,Food arrived cold and late.,Negative
4139,119400,5.0,9,5,Amazing experience overall.,Positive
4140,112216,5.0,5,5,Packaging was excellent and food was hot.,Positive
4141,115679,4.0,3,5,Delivery partner was very polite.,Positive
4142,111668,5.0,5,4,Great food and fast delivery!,Positive
4143,106647,5.0,4,5,Great food and fast delivery!,Positive
4144,118291,3.0,2,3,,Neutral
4145,118049,5.0,5,5,Best biryani in town!,Positive
4146,117500,3.0,4,2,Average experience.,Neutral
4147,112163,4.0,3,3,Delivery partner was very polite.,Positive
4148,100369,2.0,3,3,Very disappointed with the service.,Negative
4149,107810,3.0,3,2,Average experience.,Neutral
4150,101746,2.0,2,2,Very disappointed with the service.,Negative
4151,101925,5.0,4,5,Amazing experience overall.,Positive
4152,119889,3.0,3,2,"Food was okay, nothing special.",Neutral
4153,113631,1.0,1,1,Wrong item delivered.,Negative
4154,108844,5.0,5,5,Delivery partner was very polite.,Positive
4155,110275,5.0,5,4,Best biryani in town!,Positive
4156,119920,3.0,3,3,,Neutral
4157,113543,1.0,1,1,,Negative
4158,106272,3.0,3,2,Average experience.,Neutral
4159,115415,3.0,2,4,Delivery was on time but food was mediocre.,Neutral
4160,110523,1.0,2,1,Very disappointed with the service.,Negative
4161,118162,2.0,3,1,Wrong item delivered.,Negative
4162,115335,2.0,3,3,Quality was not up to the mark.,Negative
4163,113680,4.0,3,4,"Loved the taste, will order again.",Positive
4164,108192,5.0,4,4,Packaging was excellent and food was hot.,Positive
4165,100278,3.0,2,3,Delivery was on time but food was mediocre.,Neutral
4166,104416,5.0,5,4,Amazing experience overall.,Positive
4167,101969,1.0,1,1,Wrong item delivered.,Negative
4168,116405,5.0,5,5,Amazing experience overall.,Positive
4169,106685,5.0,5,4,Best biryani in town!,Positive
4170,108196,5.0,5,5,Delivery partner was very polite.,Positive
4171,119387,2.0,1,2,Delivery took way too long.,Negative
4172,106555,2.0,1,3,Very disappointed with the service.,Negative
4173,104255,4.0,5,4,Packaging was excellent and food was hot.,Positive
4174,105844,4.0,3,4,Packaging was excellent and food was hot.,Positive
4175,100576,4.0,5,3,Delivery partner was very polite.,Positive
4176,117677,4.0,4,4,Great food and fast delivery!,Positive
4177,108406,4.0,4,4,Delivery partner was very polite.,Positive
4178,105276,2.0,3,2,Delivery took way too long.,Negative
4179,113171,5.0,5,4,Packaging was excellent and food was hot.,Positive
4180,116640,3.0,3,4,Delivery was on time but food was mediocre.,Neutral
4181,101486,5.0,5,5,Delivery partner was very polite.,Positive
4182,118039,5.0,5,4,Delivery partner was very polite.,Positive
4183,103077,2.0,2,3,Order was incomplete.,Negative
4184,105369,5.0,5,4,Best biryani in town!,Positive
4185,120219,3.0,3,4,Delivery was on time but food was mediocre.,Neutral
4186,118556,,5,5,Packaging was excellent and food was hot.,Positive
4187,111267,3.0,2,2,Average experience.,Neutral
4188,118687,5.0,4,5,Amazing experience overall.,Positive
4189,116505,3.0,2,4,Average experience.,Neutral
4190,100961,5.0,5,5,Amazing experience overall.,Positive
4191,111751,5.0,4,5,"Loved the taste, will order again.",Positive
4192,116781,5.0,5,4,Best biryani in town!,Positive
4193,111930,3.0,4,4,Average experience.,Neutral
4194,118011,5.0,5,5,Packaging was excellent and food was hot.,Positive
4195,116598,5.0,5,4,Great food and fast delivery!,Positive
4196,114021,5.0,5,5,Delivery partner was very polite.,Positive
4197,112054,3.0,2,2,Delivery was on time but food was mediocre.,Neutral
4198,120431,2.0,1,2,Food arrived cold and late.,Negative
4199,119304,1.0,1,1,Food arrived cold and late.,Negative
4200,108238,3.0,4,3,Average experience.,Neutral
4201,117928,5.0,5,5,Packaging was excellent and food was hot.,Positive
4202,101904,5.0,5,4,"Loved the taste, will order again.",Positive
4203,106477,4.0,5,4,Best biryani in town!,Positive
4204,112398,4.0,4,4,Great food and fast delivery!,Positive
4205,115105,1.0,1,1,Food arrived cold and late.,Negative
4206,119980,2.0,1,2,Very disappointed with the service.,Negative
4207,101453,,5,5,Best biryani in town!,Positive
4208,113796,4.0,5,4,"Loved the taste, will order again.",Positive
4209,107125,4.0,4,4,Great food and fast delivery!,Positive
4210,110561,3.0,3,3,"Food was okay, nothing special.",Neutral
4211,119274,5.0,5,5,Delivery partner was very polite.,Positive
4212,110154,3.0,4,4,Average experience.,Neutral
4213,105628,,4,4,Great food and fast delivery!,Positive
4214,115434,5.0,4,4,Amazing experience overall.,Positive
4215,111172,2.0,1,2,Delivery took way too long.,Negative
4216,101169,4.0,3,5,Packaging was excellent and food was hot.,Positive
4217,106332,4.0,3,4,Amazing experience overall.,Positive
4218,118778,5.0,4,4,Amazing experience overall.,Positive
4219,107952,4.0,3,3,,Positive
4220,111458,5.0,4,5,Delivery partner was very polite.,Positive
4221,114771,2.0,2,2,Order was incomplete.,Negative
4222,105229,5.0,5,5,Packaging was excellent and food was hot.,Positive
4223,110691,4.0,3,5,Delivery partner was very polite.,Positive
4224,117325,2.0,1,1,Order was incomplete.,Negative
4225,120437,3.0,2,2,Average experience.,Neutral
4226,106895,5.0,5,5,Amazing experience overall.,Positive
4227,113080,5.0,8,4,Best biryani in town!,Positive
4228,118361,5.0,5,4,Great food and fast delivery!,Positive
4229,119997,5.0,5,4,Amazing experience overall.,Positive
4230,100516,5.0,5,5,Amazing experience overall.,Positive
4231,101986,2.0,1,2,Very disappointed with the service.,Negative
4232,113063,5.0,5,4,Best biryani in town!,Positive
4233,112732,5.0,4,5,,Positive
4234,113182,2.0,3,2,Wrong item delivered.,Negative
4235,112845,3.0,3,4,Average experience.,Neutral
4236,109607,5.0,4,4,Packaging was excellent and food was hot.,Positive
4237,115572,5.0,5,4,Delivery partner was very polite.,Positive
4238,116199,1.0,1,1,Delivery took way too long.,Negative
4239,104675,4.0,3,4,Delivery partner was very polite.,Positive
4240,117817,5.0,5,5,,Positive
4241,118210,2.0,3,1,Food arrived cold and late.,Negative
4242,105828,3.0,2,3,"Food was okay, nothing special.",Neutral
4243,110974,1.0,2,1,Food arrived cold and late.,Negative
4244,103727,5.0,4,4,"Loved the taste, will order again.",Positive
4245,100817,5.0,5,4,Amazing experience overall.,Positive
4246,104089,5.0,4,5,Amazing experience overall.,Positive
4247,111846,5.0,5,5,Amazing experience overall.,Positive
4248,107144,4.0,3,5,"Loved the taste, will order again.",Positive
4249,103256,5.0,5,4,Delivery partner was very polite.,Positive
4250,117828,3.0,4,4,Average experience.,Neutral
4251,118766,,3,3,Packaging was excellent and food was hot.,Positive
4252,110776,4.0,5,3,Best biryani in town!,Positive
4253,108411,5.0,4,4,Delivery partner was very polite.,Positive
4254,103285,3.0,4,4,,Neutral
4255,101520,2.0,1,2,Delivery took way too long.,Negative
4256,105350,4.0,5,3,Delivery partner was very polite.,Positive
4257,110587,2.0,3,2,Order was incomplete.,Negative
4258,116225,3.0,2,4,Delivery was on time but food was mediocre.,Neutral
4259,101599,5.0,5,5,Great food and fast delivery!,Positive
4260,120151,3.0,4,2,Average experience.,Neutral
4261,119388,3.0,3,2,Average experience.,Neutral
4262,101902,1.0,2,1,Food arrived cold and late.,Negative
4263,108254,3.0,4,2,,Neutral
4264,102115,5.0,5,4,Best biryani in town!,Positive
4265,111054,3.0,3,4,,Neutral
4266,104180,1.0,1,1,Quality was not up to the mark.,Negative
4267,115481,5.0,5,5,Delivery partner was very polite.,Positive
4268,118114,5.0,5,5,Packaging was excellent and food was hot.,Positive
4269,107988,1.0,1,1,Very disappointed with the service.,Negative
4270,109342,5.0,4,5,Amazing experience overall.,Positive
4271,109968,4.0,5,4,"Loved the taste, will order again.",Positive
4272,105292,4.0,4,5,Packaging was excellent and food was hot.,Positive
4273,107113,5.0,5,5,Best biryani in town!,Positive
4274,118985,5.0,5,5,Great food and fast delivery!,Positive
4275,109004,5.0,5,5,"Loved the taste, will order again.",Positive
4276,109821,5.0,4,4,Amazing experience overall.,Positive
4277,112654,2.0,2,1,Very disappointed with the service.,Negative
4278,113401,4.0,4,3,Amazing experience overall.,Positive
4279,111596,2.0,1,2,Very disappointed with the service.,Negative
4280,118271,5.0,5,4,"Loved the taste, will order again.",Positive
4281,112961,2.0,1,3,Very disappointed with the service.,Negative
4282,114199,3.0,3,4,Average experience.,Neutral
4283,104004,5.0,4,4,Amazing experience overall.,Positive
4284,103714,4.0,4,3,Amazing experience overall.,Positive
4285,106108,3.0,3,3,Delivery was on time but food was mediocre.,Neutral
4286,109317,3.0,3,3,"Food was okay, nothing special.",Neutral
4287,112431,2.0,1,1,Delivery took way too long.,Negative
4288,113662,5.0,5,5,Delivery partner was very polite.,Positive
4289,109943,3.0,3,3,"Food was okay, nothing special.",Neutral
4290,101976,5.0,5,4,"Loved the taste, will order again.",Positive
4291,112033,1.0,2,1,Very disappointed with the service.,Negative
4292,101950,5.0,5,5,Packaging was excellent and food was hot.,Positive
4293,102337,5.0,5,4,Best biryani in town!,Positive
4294,115743,3.0,3,2,"Food was okay, nothing special.",Neutral
4295,103799,5.0,5,5,Delivery partner was very polite.,Positive
4296,111340,5.0,5,5,Delivery partner was very polite.,Positive
4297,110986,2.0,1,3,Order was incomplete.,Negative
4298,100037,3.0,4,3,,Neutral
4299,113524,4.0,5,3,Amazing experience overall.,Positive
4300,100375,5.0,4,5,Great food and fast delivery!,Positive
4301,103446,5.0,4,5,"Loved the taste, will order again.",Positive
4302,112863,5.0,5,5,Packaging was excellent and food was hot.,Positive
4303,108503,5.0,5,4,Best biryani in town!,Positive
4304,111831,3.0,4,4,,Neutral
4305,118326,2.0,2,3,Wrong item delivered.,Negative
4306,100685,2.0,2,1,Wrong item delivered.,Negative
4307,118738,2.0,3,2,Wrong item delivered.,Negative
4308,114604,5.0,5,5,"Loved the taste, will order again.",Positive
4309,108792,3.0,3,3,"Food was okay, nothing special.",Neutral
4310,114221,4.0,5,4,Amazing experience overall.,Positive
4311,120461,2.0,3,1,Order was incomplete.,Negative
4312,120130,4.0,3,3,Amazing experience overall.,Positive
4313,110488,3.0,2,3,Delivery was on time but food was mediocre.,Neutral
4314,117690,1.0,1,1,Quality was not up to the mark.,Negative
4315,114532,3.0,4,2,,Neutral
4316,100280,2.0,2,3,Food arrived cold and late.,Negative
4317,111179,5.0,5,5,Delivery partner was very polite.,Positive
4318,107122,2.0,2,1,Order was incomplete.,Negative
4319,113186,5.0,5,5,Great food and fast delivery!,Positive
4320,108073,3.0,2,4,"Food was okay, nothing special.",Neutral
4321,110800,5.0,5,5,"Loved the taste, will order again.",Positive
4322,108086,3.0,3,2,Delivery was on time but food was mediocre.,Neutral
4323,110591,5.0,5,5,Amazing experience overall.,Positive
4324,117490,3.0,4,2,"Food was okay, nothing special.",Neutral
4325,104694,4.0,3,5,"Loved the taste, will order again.",Positive
4326,111432,3.0,2,4,Delivery was on time but food was mediocre.,Neutral
4327,103628,1.0,2,2,Very disappointed with the service.,Negative
4328,113009,2.0,1,2,Wrong item delivered.,Negative
4329,119016,1.0,1,1,Food arrived cold and late.,Negative
4330,109315,5.0,5,4,"Loved the taste, will order again.",Positive
4331,105025,1.0,2,2,Order was incomplete.,Negative
4332,119961,5.0,5,5,Packaging was excellent and food was hot.,Positive
4333,106060,3.0,2,3,Delivery was on time but food was mediocre.,Neutral
4334,117996,1.0,2,1,Delivery took way too long.,Negative
4335,103582,5.0,4,5,Great food and fast delivery!,Positive
4336,103577,4.0,5,3,Great food and fast delivery!,Positive
4337,115534,3.0,3,4,Average experience.,Neutral
4338,114043,4.0,4,3,Best biryani in town!,Positive
4339,114306,1.0,2,2,Food arrived cold and late.,Negative
4340,106392,5.0,4,5,Great food and fast delivery!,Positive
4341,106227,3.0,4,3,Delivery was on time but food was mediocre.,Neutral
4342,107024,1.0,1,2,Food arrived cold and late.,Negative
4343,120099,4.0,3,4,Great food and fast delivery!,Positive
4344,116802,5.0,5,4,Best biryani in town!,Positive
4345,108440,5.0,5,4,Delivery partner was very polite.,Positive
4346,117145,1.0,1,2,Very disappointed with the service.,Negative
4347,110779,1.0,2,2,Quality was not up to the mark.,Negative
4348,114697,5.0,5,5,Great food and fast delivery!,Positive
4349,110102,3.0,4,2,Average experience.,Neutral
4350,118499,5.0,4,5,Best biryani in town!,Positive
4351,113670,3.0,2,3,,Neutral
4352,118206,4.0,3,4,Best biryani in town!,Positive
4353,102746,3.0,4,2,,Neutral
4354,109299,3.0,2,4,"Food was okay, nothing special.",Neutral
4355,106094,2.0,3,2,Wrong item delivered.,Negative
4356,102924,3.0,2,4,,Neutral
4357,115144,5.0,4,5,,Positive
4358,116911,2.0,1,2,Order was incomplete.,Negative
4359,110208,3.0,3,3,Average experience.,Neutral
4360,105550,5.0,5,5,Great food and fast delivery!,Positive
4361,117281,2.0,2,2,Very disappointed with the service.,Negative
4362,114333,2.0,3,1,Quality was not up to the mark.,Negative
4363,100142,3.0,2,3,,Neutral
4364,117807,2.0,2,3,Quality was not up to the mark.,Negative
4365,112241,2.0,3,2,Very disappointed with the service.,Negative
4366,109628,2.0,2,1,Wrong item delivered.,Negative
4367,109158,4.0,5,4,Amazing experience overall.,Positive
4368,117892,4.0,4,4,Delivery partner was very polite.,Positive
4369,101154,2.0,2,1,Food arrived cold and late.,Negative
4370,101697,1.0,2,1,Quality was not up to the mark.,Negative
4371,103871,,3,3,"Food was okay, nothing special.",Neutral
4372,114290,5.0,5,4,Great food and fast delivery!,Positive
4373,100633,5.0,5,4,Packaging was excellent and food was hot.,Positive
4374,118926,5.0,4,5,Amazing experience overall.,Positive
4375,116511,2.0,3,1,Quality was not up to the mark.,Negative
4376,106755,5.0,5,5,Amazing experience overall.,Positive
4377,115475,5.0,4,4,Delivery partner was very polite.,Positive
4378,107198,1.0,1,1,Order was incomplete.,Negative
4379,112999,4.0,5,5,Amazing experience overall.,Positive
4380,114631,2.0,3,2,Delivery took way too long.,Negative
4381,118876,3.0,2,4,,Neutral
4382,103237,2.0,2,3,Order was incomplete.,Negative
4383,117247,5.0,5,5,Best biryani in town!,Positive
4384,100617,,4,2,"Food was okay, nothing special.",Neutral
4385,111310,5.0,5,5,Amazing experience overall.,Positive
4386,111655,1.0,1,1,Order was incomplete.,Negative
4387,105810,4.0,3,4,Delivery partner was very polite.,Positive
4388,114083,1.0,1,1,,Negative
4389,107953,4.0,4,5,Great food and fast delivery!,Positive
4390,110322,4.0,4,5,Best biryani in town!,Positive
4391,106113,5.0,5,5,Amazing experience overall.,Positive
4392,105791,4.0,5,3,Packaging was excellent and food was hot.,Positive
4393,104276,5.0,5,4,"Loved the taste, will order again.",Positive
4394,118503,5.0,5,5,Best biryani in town!,Positive
4395,117652,5.0,4,5,Packaging was excellent and food was hot.,Positive
4396,100503,5.0,5,5,Great food and fast delivery!,Positive
4397,105952,4.0,5,5,"Loved the taste, will order again.",Positive
4398,116305,5.0,4,5,Great food and fast delivery!,Positive
4399,107406,2.0,3,2,Delivery took way too long.,Negative
4400,108718,4.0,5,3,"Loved the taste, will order again.",Positive
4401,106385,4.0,3,5,Packaging was excellent and food was hot.,Positive
4402,113843,2.0,2,3,Delivery took way too long.,Negative
4403,103918,1.0,1,2,Order was incomplete.,Negative
4404,105713,5.0,5,5,Best biryani in town!,Positive
4405,106954,5.0,5,5,Best biryani in town!,Positive
4406,111441,5.0,4,5,Delivery partner was very polite.,Positive
4407,109348,5.0,5,5,Packaging was excellent and food was hot.,Positive
4408,101696,4.0,5,5,Delivery partner was very polite.,Positive
4409,119470,3.0,4,3,Delivery was on time but food was mediocre.,Neutral
4410,117001,2.0,2,3,Wrong item delivered.,Negative
4411,115109,5.0,5,4,Packaging was excellent and food was hot.,Positive
4412,101582,2.0,3,2,Food arrived cold and late.,Negative
4413,104948,2.0,1,1,Food arrived cold and late.,Negative
4414,103669,5.0,4,5,Delivery partner was very polite.,Positive
4415,106776,3.0,4,3,"Food was okay, nothing special.",Neutral
4416,111026,4.0,5,3,Best biryani in town!,Positive
4417,119781,4.0,4,5,Packaging was excellent and food was hot.,Positive
4418,113431,4.0,5,5,Amazing experience overall.,Positive
4419,110819,4.0,3,3,Delivery partner was very polite.,Positive
4420,107273,1.0,2,1,Very disappointed with the service.,Negative
4421,112856,5.0,4,5,Best biryani in town!,Positive
4422,101978,5.0,5,4,Best biryani in town!,Positive
4423,111055,5.0,4,5,"Loved the taste, will order again.",Positive
4424,113805,1.0,1,1,Delivery took way too long.,Negative
4425,112351,2.0,2,3,Very disappointed with the service.,Negative
4426,108409,5.0,5,5,Delivery partner was very polite.,Positive
4427,100134,4.0,4,5,Best biryani in town!,Positive
4428,116681,4.0,3,4,Great food and fast delivery!,Positive
4429,120144,5.0,4,5,,Positive
4430,106138,5.0,5,5,Delivery partner was very polite.,Positive
4431,110977,5.0,5,4,Amazing experience overall.,Positive
4432,106809,4.0,3,5,Amazing experience overall.,Positive
4433,110921,2.0,2,2,Food arrived cold and late.,Negative
4434,109102,2.0,1,3,Delivery took way too long.,Negative
4435,103905,5.0,4,5,Great food and fast delivery!,Positive
4436,101598,5.0,5,5,Great food and fast delivery!,Positive
4437,118338,2.0,1,2,Delivery took way too long.,Negative
4438,107654,5.0,5,5,Best biryani in town!,Positive
4439,101660,2.0,1,3,Wrong item delivered.,Negative
4440,110981,3.0,4,2,"Food was okay, nothing special.",Neutral
4441,118624,4.0,3,5,,Positive
4442,105313,5.0,5,5,Amazing experience overall.,Positive
4443,118584,3.0,3,2,"Food was okay, nothing special.",Neutral
4444,104196,5.0,5,4,Packaging was excellent and food was hot.,Positive
4445,116334,5.0,4,5,Great food and fast delivery!,Positive
4446,112545,1.0,1,1,Very disappointed with the service.,Negative
4447,112247,5.0,4,4,"Loved the taste, will order again.",Positive
4448,118327,5.0,4,4,Delivery partner was very polite.,Positive
4449,106657,5.0,5,4,Amazing experience overall.,Positive
4450,101783,4.0,5,3,Packaging was excellent and food was hot.,Positive
4451,100279,3.0,2,3,"Food was okay, nothing special.",Neutral
4452,102741,3.0,2,3,,Neutral
4453,116116,4.0,5,5,Amazing experience overall.,Positive
4454,116210,5.0,5,5,Amazing experience overall.,Positive
4455,102722,5.0,5,4,Best biryani in town!,Positive
4456,109927,4.0,3,4,Great food and fast delivery!,Positive
4457,108948,2.0,3,3,Quality was not up to the mark.,Negative
4458,102597,2.0,3,1,Very disappointed with the service.,Negative
4459,102111,5.0,5,4,Delivery partner was very polite.,Positive
4460,117398,3.0,3,2,,Neutral
4461,111843,3.0,4,3,,Neutral
4462,113567,1.0,1,1,Delivery took way too long.,Negative
4463,100150,5.0,4,4,Amazing experience overall.,Positive
4464,109624,4.0,3,4,"Loved the taste, will order again.",Positive
4465,110623,5.0,4,5,Best biryani in town!,Positive
4466,109172,3.0,3,2,,Neutral
4467,112039,3.0,2,4,Average experience.,Neutral
4468,100907,2.0,1,1,Food arrived cold and late.,Negative
4469,106006,2.0,3,1,Food arrived cold and late.,Negative
4470,116806,3.0,3,2,Delivery was on time but food was mediocre.,Neutral
4471,119959,3.0,4,3,Average experience.,Neutral
4472,103139,5.0,4,5,Best biryani in town!,Positive
4473,114673,5.0,5,5,Delivery partner was very polite.,Positive
4474,115763,2.0,3,2,Wrong item delivered.,Negative
4475,105182,2.0,6,1,Quality was not up to the mark.,Negative
4476,114854,5.0,5,4,Delivery partner was very polite.,Positive
4477,107513,5.0,5,5,Delivery partner was very polite.,Positive
4478,118203,1.0,1,1,,Negative
4479,114847,5.0,5,5,Best biryani in town!,Positive
4480,114108,2.0,3,3,Very disappointed with the service.,Negative
4481,117169,5.0,4,5,Packaging was excellent and food was hot.,Positive
4482,118919,2.0,3,2,Very disappointed with the service.,Negative
4483,118871,4.0,4,5,"Loved the taste, will order again.",Positive
4484,109163,2.0,3,1,Quality was not up to the mark.,Negative
4485,115678,2.0,3,3,Delivery took way too long.,Negative
4486,105799,2.0,3,3,Quality was not up to the mark.,Negative
4487,116484,2.0,3,3,Very disappointed with the service.,Negative
4488,110437,1.0,1,1,Delivery took way too long.,Negative
4489,104634,4.0,4,5,Best biryani in town!,Positive
4490,100499,5.0,5,5,,Positive
4491,107877,5.0,4,4,Delivery partner was very polite.,Positive
4492,110988,5.0,4,5,"Loved the taste, will order again.",Positive
4493,116937,1.0,2,1,Delivery took way too long.,Negative
4494,117008,5.0,5,5,Delivery partner was very polite.,Positive
4495,102784,5.0,5,5,Packaging was excellent and food was hot.,Positive
4496,100594,4.0,4,4,Amazing experience overall.,Positive
4497,110070,5.0,5,4,Packaging was excellent and food was hot.,Positive
4498,105924,,4,4,Best biryani in town!,Positive
4499,104792,5.0,5,5,"Loved the taste, will order again.",Positive
4500,105089,1.0,1,2,Food arrived cold and late.,Negative
4501,100098,2.0,1,2,Order was incomplete.,Negative
4502,109403,3.0,2,3,,Neutral
4503,114616,5.0,4,5,Great food and fast delivery!,Positive
4504,108618,4.0,4,5,Amazing experience overall.,Positive
4505,112811,3.0,2,2,Average experience.,Neutral
4506,107076,5.0,4,4,"Loved the taste, will order again.",Positive
4507,101110,5.0,5,5,Packaging was excellent and food was hot.,Positive
4508,115456,3.0,4,3,"Food was okay, nothing special.",Neutral
4509,105280,5.0,4,4,Delivery partner was very polite.,Positive
4510,109995,1.0,1,1,Delivery took way too long.,Negative
4511,103947,5.0,5,5,Best biryani in town!,Positive
4512,116749,5.0,4,5,Delivery partner was very polite.,Positive
4513,103267,1.0,2,1,Food arrived cold and late.,Negative
4514,101964,4.0,3,4,Amazing experience overall.,Positive
4515,119658,5.0,5,4,Packaging was excellent and food was hot.,Positive
4516,103952,5.0,5,5,Packaging was excellent and food was hot.,Positive
4517,116907,4.0,5,4,Packaging was excellent and food was hot.,Positive
4518,111730,5.0,4,4,Packaging was excellent and food was hot.,Positive
4519,104105,1.0,1,1,Order was incomplete.,Negative
4520,116047,5.0,5,5,Great food and fast delivery!,Positive
4521,101876,4.0,5,4,Packaging was excellent and food was hot.,Positive
4522,120432,4.0,5,3,Best biryani in town!,Positive
4523,103770,3.0,4,3,,Neutral
4524,115954,2.0,1,1,Food arrived cold and late.,Negative
4525,118213,5.0,5,5,"Loved the taste, will order again.",Positive
4526,102566,5.0,4,5,Delivery partner was very polite.,Positive
4527,108765,3.0,4,4,"Food was okay, nothing special.",Neutral
4528,104301,2.0,2,2,Order was incomplete.,Negative
4529,114277,5.0,4,5,Delivery partner was very polite.,Positive
4530,103609,5.0,5,5,Great food and fast delivery!,Positive
4531,106553,5.0,5,4,,Positive
4532,112330,5.0,5,5,Packaging was excellent and food was hot.,Positive
4533,119756,5.0,5,5,Delivery partner was very polite.,Positive
4534,114018,3.0,3,4,Delivery was on time but food was mediocre.,Neutral
4535,113789,5.0,4,5,Best biryani in town!,Positive
4536,112692,4.0,3,3,Great food and fast delivery!,Positive
4537,101432,4.0,3,4,Best biryani in town!,Positive
4538,113502,4.0,5,4,Delivery partner was very polite.,Positive
4539,120486,4.0,4,3,Amazing experience overall.,Positive
4540,117925,2.0,2,2,Food arrived cold and late.,Negative
4541,100861,2.0,1,2,Quality was not up to the mark.,Negative
4542,107355,5.0,5,5,Amazing experience overall.,Positive
4543,119204,5.0,4,5,"Loved the taste, will order again.",Positive
4544,105894,5.0,4,5,Best biryani in town!,Positive
4545,120415,5.0,4,5,Great food and fast delivery!,Positive
4546,107207,2.0,2,1,Delivery took way too long.,Negative
4547,114291,5.0,5,5,Amazing experience overall.,Positive
4548,102661,5.0,4,5,Packaging was excellent and food was hot.,Positive
4549,105534,5.0,4,5,"Loved the taste, will order again.",Positive
4550,104951,3.0,3,4,"Food was okay, nothing special.",Neutral
4551,103992,3.0,4,2,Average experience.,Neutral
4552,101296,4.0,7,4,"Loved the taste, will order again.",Positive
4553,118328,5.0,5,5,"Loved the taste, will order again.",Positive
4554,112533,2.0,2,1,Food arrived cold and late.,Negative
4555,119235,5.0,5,5,"Loved the taste, will order again.",Positive
4556,101065,2.0,1,2,Order was incomplete.,Negative
4557,120442,5.0,5,4,"Loved the taste, will order again.",Positive
4558,106236,5.0,5,4,Packaging was excellent and food was hot.,Positive
4559,114667,3.0,4,4,"Food was okay, nothing special.",Neutral
4560,109658,5.0,5,5,"Loved the taste, will order again.",Positive
4561,115662,1.0,2,1,Delivery took way too long.,Negative
4562,104186,3.0,4,3,"Food was okay, nothing special.",Neutral
4563,117898,5.0,4,4,Packaging was excellent and food was hot.,Positive
4564,113027,4.0,4,4,Delivery partner was very polite.,Positive
4565,117541,4.0,5,4,Best biryani in town!,Positive
4566,108754,5.0,7,5,Delivery partner was very polite.,Positive
4567,104772,5.0,4,5,Packaging was excellent and food was hot.,Positive
4568,103922,4.0,4,3,Great food and fast delivery!,Positive
4569,105213,3.0,2,3,"Food was okay, nothing special.",Neutral
4570,111599,4.0,5,4,Best biryani in town!,Positive
4571,110419,4.0,4,5,"Loved the taste, will order again.",Positive
4572,100598,5.0,5,5,Best biryani in town!,Positive
4573,113145,3.0,4,2,Delivery was on time but food was mediocre.,Neutral
4574,117389,5.0,5,5,Delivery partner was very polite.,Positive
4575,101398,,5,5,Packaging was excellent and food was hot.,Positive
4576,101186,3.0,2,3,Delivery was on time but food was mediocre.,Neutral
4577,115766,4.0,4,3,Packaging was excellent and food was hot.,Positive
4578,107904,5.0,5,4,"Loved the taste, will order again.",Positive
4579,108253,4.0,3,5,Amazing experience overall.,Positive
4580,114812,4.0,4,5,Packaging was excellent and food was hot.,Positive
4581,104588,5.0,5,5,Amazing experience overall.,Positive
4582,103228,5.0,4,5,Amazing experience overall.,Positive
4583,112998,2.0,3,2,Very disappointed with the service.,Negative
4584,115085,2.0,2,2,Delivery took way too long.,Negative
4585,115940,5.0,5,5,Delivery partner was very polite.,Positive
4586,108145,5.0,5,5,Best biryani in town!,Positive
4587,105877,2.0,2,2,Very disappointed with the service.,Negative
4588,119863,5.0,4,4,Delivery partner was very polite.,Positive
4589,111002,,2,3,Average experience.,Neutral
4590,116746,5.0,5,5,Delivery partner was very polite.,Positive
4591,108606,2.0,1,3,Delivery took way too long.,Negative
4592,107089,5.0,4,4,Best biryani in town!,Positive
4593,116479,3.0,4,2,"Food was okay, nothing special.",Neutral
4594,115283,3.0,3,2,"Food was okay, nothing special.",Neutral
4595,103735,2.0,2,1,Food arrived cold and late.,Negative
4596,106253,3.0,2,2,"Food was okay, nothing special.",Neutral
4597,107339,2.0,3,3,Delivery took way too long.,Negative
4598,110686,5.0,4,5,Great food and fast delivery!,Positive
4599,111087,4.0,3,4,Packaging was excellent and food was hot.,Positive
4600,108352,4.0,5,3,Best biryani in town!,Positive
4601,107500,4.0,3,4,Best biryani in town!,Positive
4602,100858,4.0,3,4,"Loved the taste, will order again.",Positive
4603,118525,4.0,3,3,Best biryani in town!,Positive
4604,115881,5.0,5,4,"Loved the taste, will order again.",Positive
4605,106414,2.0,2,2,Food arrived cold and late.,Negative
4606,120332,5.0,5,4,Great food and fast delivery!,Positive
4607,117517,4.0,4,3,Great food and fast delivery!,Positive
4608,114884,5.0,4,5,Amazing experience overall.,Positive
4609,108566,5.0,5,5,Best biryani in town!,Positive
4610,101419,3.0,4,4,"Food was okay, nothing special.",Neutral
4611,107931,3.0,2,4,,Neutral
4612,118197,5.0,5,4,Packaging was excellent and food was hot.,Positive
4613,106983,2.0,1,1,Food arrived cold and late.,Negative
4614,112968,1.0,2,1,Food arrived cold and late.,Negative
4615,106319,4.0,5,5,Amazing experience overall.,Positive
4616,104892,2.0,1,1,Very disappointed with the service.,Negative
4617,113357,5.0,5,4,Great food and fast delivery!,Positive
4618,120135,5.0,5,4,Delivery partner was very polite.,Positive
4619,103099,5.0,5,4,Delivery partner was very polite.,Positive
4620,116379,2.0,2,2,,Negative
4621,108681,5.0,5,5,Packaging was excellent and food was hot.,Positive
4622,109069,4.0,4,3,Great food and fast delivery!,Positive
4623,119418,5.0,4,4,"Loved the taste, will order again.",Positive
4624,118429,5.0,5,5,Great food and fast delivery!,Positive
4625,112783,3.0,3,4,,Neutral
4626,103725,1.0,1,1,Food arrived cold and late.,Negative
4627,111929,2.0,3,3,Wrong item delivered.,Negative
4628,108244,4.0,5,3,Delivery partner was very polite.,Positive
4629,110920,2.0,2,1,Very disappointed with the service.,Negative
4630,103572,2.0,1,1,Food arrived cold and late.,Negative
4631,104163,2.0,3,3,Very disappointed with the service.,Negative
4632,113258,3.0,2,4,"Food was okay, nothing special.",Neutral
4633,110627,4.0,3,3,,Positive
4634,103373,4.0,6,4,Delivery partner was very polite.,Positive
4635,109554,5.0,5,5,Amazing experience overall.,Positive
4636,114449,2.0,1,2,Very disappointed with the service.,Negative
4637,112010,2.0,1,1,Wrong item delivered.,Negative
4638,118627,5.0,5,4,Great food and fast delivery!,Positive
4639,109149,3.0,2,2,,Neutral
4640,117381,,5,5,Best biryani in town!,Positive
4641,109374,4.0,3,4,Amazing experience overall.,Positive
4642,120053,5.0,4,5,Delivery partner was very polite.,Positive
4643,100836,5.0,4,5,Amazing experience overall.,Positive
4644,117510,5.0,4,4,Packaging was excellent and food was hot.,Positive
4645,105028,2.0,1,3,Quality was not up to the mark.,Negative
4646,116174,1.0,2,1,Quality was not up to the mark.,Negative
4647,119653,2.0,3,1,Delivery took way too long.,Negative
4648,113756,5.0,5,5,Best biryani in town!,Positive
4649,104569,4.0,3,3,Delivery partner was very polite.,Positive
4650,106358,5.0,4,5,"Loved the taste, will order again.",Positive
4651,107117,3.0,2,2,,Neutral
4652,114447,4.0,5,3,Delivery partner was very polite.,Positive
4653,119878,5.0,5,4,Packaging was excellent and food was hot.,Positive
4654,108261,5.0,4,5,Best biryani in town!,Positive
4655,106011,3.0,2,3,Delivery was on time but food was mediocre.,Neutral
4656,116205,2.0,2,1,Quality was not up to the mark.,Negative
4657,103708,3.0,4,2,Average experience.,Neutral
4658,119855,5.0,5,4,"Loved the taste, will order again.",Positive
4659,114733,2.0,3,3,Delivery took way too long.,Negative
4660,112174,,5,4,Best biryani in town!,Positive
4661,104572,5.0,5,5,Delivery partner was very polite.,Positive
4662,117616,3.0,3,2,,Neutral
4663,107941,4.0,3,3,Best biryani in town!,Positive
4664,113172,3.0,2,3,Average experience.,Neutral
4665,102603,3.0,4,3,Delivery was on time but food was mediocre.,Neutral
4666,114598,5.0,5,5,Amazing experience overall.,Positive
4667,103941,4.0,5,4,"Loved the taste, will order again.",Positive
4668,108085,5.0,4,5,Delivery partner was very polite.,Positive
4669,117394,2.0,1,2,Delivery took way too long.,Negative
4670,105970,2.0,3,2,Very disappointed with the service.,Negative
4671,101380,,2,2,Average experience.,Neutral
4672,112447,2.0,3,1,Food arrived cold and late.,Negative
4673,116010,3.0,2,2,,Neutral
4674,101007,5.0,5,5,"Loved the taste, will order again.",Positive
4675,104145,3.0,3,2,Delivery was on time but food was mediocre.,Neutral
4676,118154,5.0,5,5,Best biryani in town!,Positive
4677,113411,2.0,2,1,Quality was not up to the mark.,Negative
4678,112506,4.0,5,3,Amazing experience overall.,Positive
4679,101281,3.0,3,4,"Food was okay, nothing special.",Neutral
4680,100222,5.0,5,5,Delivery partner was very polite.,Positive
4681,117045,3.0,4,4,Delivery was on time but food was mediocre.,Neutral
4682,102291,4.0,4,5,Amazing experience overall.,Positive
4683,113004,3.0,3,2,Delivery was on time but food was mediocre.,Neutral
4684,112131,3.0,4,2,Average experience.,Neutral
4685,101098,2.0,2,2,Quality was not up to the mark.,Negative
4686,113663,5.0,4,5,Great food and fast delivery!,Positive
4687,105403,5.0,5,4,"Loved the taste, will order again.",Positive
4688,110680,5.0,4,4,Delivery partner was very polite.,Positive
4689,112288,3.0,2,4,"Food was okay, nothing special.",Neutral
4690,104878,3.0,3,4,Delivery was on time but food was mediocre.,Neutral
4691,107123,1.0,2,1,Quality was not up to the mark.,Negative
4692,101140,2.0,1,1,Delivery took way too long.,Negative
4693,103379,2.0,1,1,Order was incomplete.,Negative
4694,118249,3.0,4,3,Average experience.,Neutral
4695,109945,1.0,1,1,Wrong item delivered.,Negative
4696,104506,4.0,3,4,Great food and fast delivery!,Positive
4697,109882,3.0,4,3,Delivery was on time but food was mediocre.,Neutral
4698,103932,4.0,5,3,Packaging was excellent and food was hot.,Positive
4699,102124,5.0,5,5,Packaging was excellent and food was hot.,Positive
4700,116181,5.0,5,5,Amazing experience overall.,Positive
4701,111039,5.0,5,5,"Loved the taste, will order again.",Positive
4702,107425,1.0,1,1,Wrong item delivered.,Negative
4703,112682,4.0,4,4,Packaging was excellent and food was hot.,Positive
4704,108823,4.0,3,3,Great food and fast delivery!,Positive
4705,114728,2.0,2,2,Delivery took way too long.,Negative
4706,103672,3.0,4,3,Delivery was on time but food was mediocre.,Neutral
4707,111552,5.0,5,5,Best biryani in town!,Positive
4708,116260,3.0,3,2,"Food was okay, nothing special.",Neutral
4709,107060,1.0,2,1,Order was incomplete.,Negative
4710,107745,5.0,5,5,Packaging was excellent and food was hot.,Positive
4711,115202,4.0,5,5,Amazing experience overall.,Positive
4712,113737,5.0,5,5,Amazing experience overall.,Positive
4713,106889,3.0,3,3,"Food was okay, nothing special.",Neutral
4714,112106,5.0,5,5,Amazing experience overall.,Positive
4715,114696,2.0,2,1,Wrong item delivered.,Negative
4716,106808,5.0,5,4,Great food and fast delivery!,Positive
4717,110314,5.0,5,5,Delivery partner was very polite.,Positive
4718,112146,3.0,3,3,,Neutral
4719,109952,3.0,2,3,Delivery was on time but food was mediocre.,Neutral
4720,120108,5.0,5,4,Amazing experience overall.,Positive
4721,101821,3.0,2,4,,Neutral
4722,108665,3.0,3,2,Average experience.,Neutral
4723,100072,4.0,4,5,Packaging was excellent and food was hot.,Positive
4724,114969,5.0,5,4,"Loved the taste, will order again.",Positive
4725,108585,5.0,5,5,Delivery partner was very polite.,Positive
4726,102751,5.0,5,5,Amazing experience overall.,Positive
4727,100709,5.0,5,4,,Positive
4728,116906,3.0,3,4,"Food was okay, nothing special.",Neutral
4729,101798,4.0,4,4,Delivery partner was very polite.,Positive
4730,101703,5.0,5,5,Best biryani in town!,Positive
4731,104516,2.0,1,2,Food arrived cold and late.,Negative
4732,107269,4.0,5,4,Best biryani in town!,Positive
4733,102800,3.0,4,3,"Food was okay, nothing special.",Neutral
4734,100027,2.0,1,2,Food arrived cold and late.,Negative
4735,103177,2.0,1,1,Delivery took way too long.,Negative
4736,115611,4.0,5,4,,Positive
4737,100462,5.0,5,5,Delivery partner was very polite.,Positive
4738,117413,2.0,1,3,Delivery took way too long.,Negative
4739,100565,4.0,3,3,Amazing experience overall.,Positive
4740,103443,4.0,5,5,Great food and fast delivery!,Positive
4741,103899,2.0,3,2,Wrong item delivered.,Negative
4742,116242,5.0,5,5,Great food and fast delivery!,Positive
4743,110463,3.0,8,2,Average experience.,Neutral
4744,102803,5.0,4,5,Great food and fast delivery!,Positive
4745,106425,2.0,1,2,Quality was not up to the mark.,Negative
4746,117559,3.0,4,2,Average experience.,Neutral
4747,114623,5.0,5,5,Best biryani in town!,Positive
4748,104374,3.0,3,4,Average experience.,Neutral
4749,110513,2.0,2,3,Delivery took way too long.,Negative
4750,118061,3.0,3,4,,Neutral
4751,111237,5.0,4,5,Amazing experience overall.,Positive
4752,104463,5.0,5,5,Delivery partner was very polite.,Positive
4753,116541,1.0,1,2,Food arrived cold and late.,Negative
4754,105847,5.0,5,5,Delivery partner was very polite.,Positive
4755,101319,4.0,3,5,Amazing experience overall.,Positive
4756,106432,3.0,2,2,,Neutral
4757,110961,5.0,5,5,Best biryani in town!,Positive
4758,107769,3.0,3,4,,Neutral
4759,118989,3.0,3,2,Delivery was on time but food was mediocre.,Neutral
4760,100824,4.0,3,3,Packaging was excellent and food was hot.,Positive
4761,101353,2.0,2,2,Wrong item delivered.,Negative
4762,103061,5.0,5,4,Amazing experience overall.,Positive
4763,120140,5.0,5,4,Great food and fast delivery!,Positive
4764,119467,5.0,4,5,Delivery partner was very polite.,Positive
4765,115731,5.0,4,5,Delivery partner was very polite.,Positive
4766,115728,5.0,4,5,,Positive
4767,114982,5.0,5,5,Best biryani in town!,Positive
4768,100522,2.0,3,1,Wrong item delivered.,Negative
4769,111228,2.0,1,3,Quality was not up to the mark.,Negative
4770,105511,5.0,5,5,Packaging was excellent and food was hot.,Positive
4771,102385,5.0,5,5,Best biryani in town!,Positive
4772,106601,3.0,3,3,"Food was okay, nothing special.",Neutral
4773,110143,2.0,3,3,Very disappointed with the service.,Negative
4774,111732,5.0,5,5,Best biryani in town!,Positive
4775,101259,5.0,4,5,Delivery partner was very polite.,Positive
4776,119347,,4,2,Average experience.,Neutral
4777,102984,2.0,3,2,Wrong item delivered.,Negative
4778,106643,2.0,1,1,Wrong item delivered.,Negative
4779,113024,5.0,5,5,,Positive
4780,111865,5.0,5,5,"Loved the taste, will order again.",Positive
4781,112978,2.0,3,3,Food arrived cold and late.,Negative
4782,117638,2.0,3,3,Wrong item delivered.,Negative
4783,111453,3.0,4,4,Average experience.,Neutral
4784,112401,4.0,5,4,Best biryani in town!,Positive
4785,117138,4.0,5,5,"Loved the taste, will order again.",Positive
4786,119986,3.0,2,3,,Neutral
4787,103167,5.0,5,5,Packaging was excellent and food was hot.,Positive
4788,103043,3.0,3,2,,Neutral
4789,110163,5.0,5,4,Great food and fast delivery!,Positive
4790,113944,5.0,5,4,Packaging was excellent and food was hot.,Positive
4791,119314,3.0,3,2,"Food was okay, nothing special.",Neutral
4792,109079,5.0,4,5,Packaging was excellent and food was hot.,Positive
4793,103002,1.0,1,2,Very disappointed with the service.,Negative
4794,113780,5.0,4,5,Packaging was excellent and food was hot.,Positive
4795,114374,3.0,3,2,Average experience.,Neutral
4796,115995,5.0,5,5,Best biryani in town!,Positive
4797,107459,5.0,4,5,Great food and fast delivery!,Positive
4798,111942,3.0,3,2,"Food was okay, nothing special.",Neutral
4799,118519,5.0,5,4,Best biryani in town!,Positive
4800,117951,2.0,2,2,Very disappointed with the service.,Negative
4801,112916,3.0,4,2,Average experience.,Neutral
4802,109557,1.0,2,1,Delivery took way too long.,Negative
4803,108769,2.0,2,1,Very disappointed with the service.,Negative
4804,101013,3.0,3,3,Delivery was on time but food was mediocre.,Neutral
4805,113488,3.0,4,2,,Neutral
4806,101310,5.0,4,4,Delivery partner was very polite.,Positive
4807,103158,2.0,3,3,Delivery took way too long.,Negative
4808,117837,5.0,5,5,"Loved the taste, will order again.",Positive
4809,118054,2.0,2,1,Quality was not up to the mark.,Negative
4810,112049,3.0,2,4,Average experience.,Neutral
4811,102599,2.0,2,2,Very disappointed with the service.,Negative
4812,104257,5.0,4,5,"Loved the taste, will order again.",Positive
4813,115652,5.0,4,5,Best biryani in town!,Positive
4814,116856,4.0,4,5,Amazing experience overall.,Positive
4815,110259,5.0,5,4,Delivery partner was very polite.,Positive
4816,101064,4.0,4,3,Packaging was excellent and food was hot.,Positive
4817,100911,4.0,5,5,Best biryani in town!,Positive
4818,105386,5.0,5,5,Great food and fast delivery!,Positive
4819,104000,4.0,5,5,Amazing experience overall.,Positive
4820,101597,4.0,5,3,Best biryani in town!,Positive
4821,104010,1.0,1,2,Wrong item delivered.,Negative
4822,105622,4.0,4,5,Great food and fast delivery!,Positive
4823,105299,3.0,2,3,,Neutral
4824,115787,5.0,4,5,Delivery partner was very polite.,Positive
4825,119639,5.0,5,5,Great food and fast delivery!,Positive
4826,105194,2.0,3,3,Quality was not up to the mark.,Negative
4827,120414,3.0,3,4,"Food was okay, nothing special.",Neutral
4828,101522,5.0,5,4,Amazing experience overall.,Positive
4829,105197,5.0,5,5,Packaging was excellent and food was hot.,Positive
4830,107509,3.0,4,2,"Food was okay, nothing special.",Neutral
4831,101985,3.0,4,4,Delivery was on time but food was mediocre.,Neutral
4832,115044,2.0,2,1,Food arrived cold and late.,Negative
4833,105809,5.0,5,5,Great food and fast delivery!,Positive
4834,100017,1.0,2,1,Very disappointed with the service.,Negative
4835,108234,2.0,3,1,Order was incomplete.,Negative
4836,101943,4.0,5,5,Best biryani in town!,Positive
4837,113684,4.0,4,4,Amazing experience overall.,Positive
4838,102286,2.0,3,3,Delivery took way too long.,Negative
4839,103342,3.0,3,4,"Food was okay, nothing special.",Neutral
4840,112388,5.0,4,5,Amazing experience overall.,Positive
4841,101422,4.0,4,4,Packaging was excellent and food was hot.,Positive
4842,107710,4.0,4,3,Amazing experience overall.,Positive
4843,106105,3.0,2,3,Delivery was on time but food was mediocre.,Neutral
4844,114873,3.0,3,2,,Neutral
4845,111086,5.0,5,4,Amazing experience overall.,Positive
4846,120300,5.0,5,4,Great food and fast delivery!,Positive
4847,108861,5.0,5,5,Delivery partner was very polite.,Positive
4848,110390,4.0,4,5,Delivery partner was very polite.,Positive
4849,114683,3.0,4,4,Delivery was on time but food was mediocre.,Neutral
4850,114099,4.0,5,4,Packaging was excellent and food was hot.,Positive
4851,100054,5.0,5,5,"Loved the taste, will order again.",Positive
4852,115892,5.0,5,5,Amazing experience overall.,Positive
4853,113029,5.0,5,5,Amazing experience overall.,Positive
4854,113600,5.0,5,4,Great food and fast delivery!,Positive
4855,112376,5.0,5,4,Great food and fast delivery!,Positive
4856,100562,4.0,4,5,Best biryani in town!,Positive
4857,109866,4.0,5,5,,Positive
4858,104697,5.0,5,5,Amazing experience overall.,Positive
4859,101941,5.0,4,5,Delivery partner was very polite.,Positive
4860,101743,3.0,2,4,Delivery was on time but food was mediocre.,Neutral
4861,111520,2.0,2,2,Food arrived cold and late.,Negative
4862,119654,3.0,4,3,Delivery was on time but food was mediocre.,Neutral
4863,119520,5.0,4,5,Best biryani in town!,Positive
4864,106149,4.0,5,5,Great food and fast delivery!,Positive
4865,111987,2.0,2,2,Very disappointed with the service.,Negative
4866,111639,5.0,5,4,Delivery partner was very polite.,Positive
4867,104092,5.0,4,5,Best biryani in town!,Positive
4868,105600,3.0,4,2,Average experience.,Neutral
4869,101532,4.0,3,4,Best biryani in town!,Positive
4870,105246,3.0,2,3,Average experience.,Neutral
4871,110310,4.0,3,5,Delivery partner was very polite.,Positive
4872,107179,5.0,5,5,Amazing experience overall.,Positive
4873,105430,5.0,5,4,Packaging was excellent and food was hot.,Positive
4874,110221,5.0,4,4,Delivery partner was very polite.,Positive
4875,108173,5.0,5,4,Great food and fast delivery!,Positive
4876,101706,5.0,4,5,Best biryani in town!,Positive
4877,112153,5.0,5,4,Great food and fast delivery!,Positive
4878,110820,3.0,2,2,Average experience.,Neutral
4879,105816,4.0,5,3,Delivery partner was very polite.,Positive
4880,109469,2.0,2,2,Quality was not up to the mark.,Negative
4881,107650,2.0,3,1,Food arrived cold and late.,Negative
4882,107208,3.0,3,3,Average experience.,Neutral
4883,116677,,4,4,"Loved the taste, will order again.",Positive
4884,117618,5.0,4,5,Best biryani in town!,Positive
4885,120190,3.0,3,3,Delivery was on time but food was mediocre.,Neutral
4886,115693,5.0,4,5,Amazing experience overall.,Positive
4887,109080,5.0,4,4,Packaging was excellent and food was hot.,Positive
4888,111138,3.0,3,3,,Neutral
4889,104703,4.0,3,5,Packaging was excellent and food was hot.,Positive
4890,114760,5.0,5,4,Best biryani in town!,Positive
4891,100816,1.0,1,1,Delivery took way too long.,Negative
4892,117034,5.0,5,4,Packaging was excellent and food was hot.,Positive
4893,110417,5.0,5,5,Great food and fast delivery!,Positive
4894,107011,5.0,5,5,Amazing experience overall.,Positive
4895,114331,5.0,4,4,Packaging was excellent and food was hot.,Positive
4896,114246,5.0,5,4,Best biryani in town!,Positive
4897,109351,3.0,2,4,,Neutral
4898,104816,5.0,5,4,Amazing experience overall.,Positive
4899,119773,5.0,5,5,Delivery partner was very polite.,Positive
4900,107582,4.0,5,5,Great food and fast delivery!,Positive
4901,107097,2.0,2,1,Food arrived cold and late.,Negative
4902,101505,4.0,3,5,Best biryani in town!,Positive
4903,108571,4.0,5,3,Great food and fast delivery!,Positive
4904,101888,2.0,2,3,Quality was not up to the mark.,Negative
4905,100829,5.0,5,4,Great food and fast delivery!,Positive
4906,118397,5.0,5,5,Amazing experience overall.,Positive
4907,104372,5.0,5,5,"Loved the taste, will order again.",Positive
4908,100001,2.0,2,1,Delivery took way too long.,Negative
4909,107746,3.0,2,2,"Food was okay, nothing special.",Neutral
4910,113441,5.0,4,5,Delivery partner was very polite.,Positive
4911,104264,5.0,5,5,Amazing experience overall.,Positive
4912,113159,4.0,3,4,Packaging was excellent and food was hot.,Positive
4913,100671,5.0,5,5,Amazing experience overall.,Positive
4914,114669,5.0,4,5,"Loved the taste, will order again.",Positive
4915,108775,5.0,5,5,Best biryani in town!,Positive
4916,106369,3.0,4,4,"Food was okay, nothing special.",Neutral
4917,109651,5.0,5,5,Best biryani in town!,Positive
4918,115323,5.0,5,5,Packaging was excellent and food was hot.,Positive
4919,113073,5.0,4,5,"Loved the taste, will order again.",Positive
4920,105986,4.0,4,4,"Loved the taste, will order again.",Positive
4921,106426,5.0,5,5,Great food and fast delivery!,Positive
4922,112345,3.0,3,3,,Neutral
4923,111755,5.0,4,5,Amazing experience overall.,Positive
4924,106893,5.0,5,5,Amazing experience overall.,Positive
4925,101595,5.0,5,4,Great food and fast delivery!,Positive
4926,107257,,5,4,Great food and fast delivery!,Positive
4927,113962,5.0,5,5,Best biryani in town!,Positive
4928,101030,5.0,5,5,Great food and fast delivery!,Positive
4929,111301,1.0,1,1,Food arrived cold and late.,Negative
4930,119102,3.0,4,3,"Food was okay, nothing special.",Neutral
4931,106163,2.0,3,2,Delivery took way too long.,Negative
4932,106520,5.0,4,5,Packaging was excellent and food was hot.,Positive
4933,110493,5.0,5,5,Amazing experience overall.,Positive
4934,116592,5.0,5,4,Delivery partner was very polite.,Positive
4935,106065,1.0,2,1,Order was incomplete.,Negative
4936,118510,5.0,5,5,Delivery partner was very polite.,Positive
4937,117294,5.0,5,5,"Loved the taste, will order again.",Positive
4938,110249,4.0,5,3,Great food and fast delivery!,Positive
4939,115849,3.0,2,2,Delivery was on time but food was mediocre.,Neutral
4940,107986,1.0,1,1,Quality was not up to the mark.,Negative
4941,102225,5.0,5,5,Best biryani in town!,Positive
4942,103490,4.0,4,4,Best biryani in town!,Positive
4943,119656,1.0,1,2,Wrong item delivered.,Negative
4944,110959,4.0,3,5,Amazing experience overall.,Positive
4945,111381,2.0,3,1,Order was incomplete.,Negative
4946,116325,2.0,1,2,,Negative
4947,111608,,3,3,Best biryani in town!,Positive
4948,111546,5.0,4,4,Amazing experience overall.,Positive
4949,100103,2.0,3,2,,Negative
4950,115924,5.0,4,5,Great food and fast delivery!,Positive
4951,111497,4.0,4,3,Packaging was excellent and food was hot.,Positive
4952,103159,,5,5,Amazing experience overall.,Positive
4953,106349,5.0,5,5,Delivery partner was very polite.,Positive
4954,115480,5.0,5,4,,Positive
4955,107366,2.0,2,3,Quality was not up to the mark.,Negative
4956,107972,5.0,5,4,Packaging was excellent and food was hot.,Positive
4957,115355,5.0,5,5,Great food and fast delivery!,Positive
4958,111494,5.0,4,5,"Loved the taste, will order again.",Positive
4959,101781,3.0,3,2,Delivery was on time but food was mediocre.,Neutral
4960,110078,1.0,1,1,Delivery took way too long.,Negative
4961,105152,5.0,4,5,Best biryani in town!,Positive
4962,101382,5.0,5,5,Best biryani in town!,Positive
4963,108342,2.0,1,2,Order was incomplete.,Negative
4964,112418,5.0,4,4,Delivery partner was very polite.,Positive
4965,110694,3.0,3,2,,Neutral
4966,114767,5.0,4,4,Amazing experience overall.,Positive
4967,106303,5.0,5,5,Best biryani in town!,Positive
4968,113697,5.0,4,5,"Loved the taste, will order again.",Positive
4969,112803,3.0,2,2,,Neutral
4970,119676,2.0,1,3,Wrong item delivered.,Negative
4971,104737,4.0,5,5,,Positive
4972,104728,2.0,3,1,Food arrived cold and late.,Negative
4973,115398,5.0,5,5,Best biryani in town!,Positive
4974,104109,4.0,5,5,"Loved the taste, will order again.",Positive
4975,100358,4.0,5,3,"Loved the taste, will order again.",Positive
4976,111881,3.0,2,2,,Neutral
4977,106257,5.0,4,5,Best biryani in town!,Positive
4978,116662,4.0,5,4,Best biryani in town!,Positive
4979,109898,5.0,4,5,Packaging was excellent and food was hot.,Positive
4980,110448,1.0,1,2,Wrong item delivered.,Negative
4981,104165,5.0,4,5,Great food and fast delivery!,Positive
4982,102980,3.0,4,3,Average experience.,Neutral
4983,109722,4.0,5,3,Delivery partner was very polite.,Positive
4984,107595,5.0,4,5,Packaging was excellent and food was hot.,Positive
4985,114074,2.0,1,2,Delivery took way too long.,Negative
4986,112513,4.0,4,4,Great food and fast delivery!,Positive
4987,103144,2.0,2,1,Delivery took way too long.,Negative
4988,104550,5.0,5,5,Amazing experience overall.,Positive
4989,100835,4.0,5,5,Delivery partner was very polite.,Positive
4990,108033,3.0,2,4,Delivery was on time but food was mediocre.,Neutral
4991,113705,2.0,3,2,Very disappointed with the service.,Negative
4992,114304,5.0,4,5,Best biryani in town!,Positive
4993,115575,2.0,3,2,Wrong item delivered.,Negative
4994,116017,4.0,5,4,Best biryani in town!,Positive
4995,103326,5.0,4,4,Best biryani in town!,Positive
4996,112701,5.0,4,4,Great food and fast delivery!,Positive
4997,115977,3.0,2,4,"Food was okay, nothing special.",Neutral
4998,111205,5.0,4,4,Delivery partner was very polite.,Positive
4999,108285,4.0,4,3,"Loved the taste, will order again.",Positive
5000,110331,3.0,4,3,Delivery was on time but food was mediocre.,Neutral
5001,111194,5.0,4,5,Best biryani in town!,Positive
5002,112571,3.0,3,3,,Neutral
5003,107229,5.0,5,4,Best biryani in town!,Positive
5004,117524,3.0,3,2,,Neutral
5005,111862,5.0,4,5,Delivery partner was very polite.,Positive
5006,101666,1.0,1,1,Order was incomplete.,Negative
5007,115550,3.0,2,4,"Food was okay, nothing special.",Neutral
5008,115099,4.0,4,5,Best biryani in town!,Positive
5009,117903,5.0,5,4,Delivery partner was very polite.,Positive
5010,117097,5.0,5,5,Best biryani in town!,Positive
5011,110404,5.0,5,5,Packaging was excellent and food was hot.,Positive
5012,120097,4.0,5,5,Best biryani in town!,Positive
5013,115378,3.0,2,3,Average experience.,Neutral
5014,111531,4.0,4,3,Best biryani in town!,Positive
5015,104623,5.0,5,5,Amazing experience overall.,Positive
5016,112026,5.0,5,5,Delivery partner was very polite.,Positive
5017,108028,4.0,4,5,"Loved the taste, will order again.",Positive
5018,106500,5.0,5,5,"Loved the taste, will order again.",Positive
5019,117507,5.0,4,5,Best biryani in town!,Positive
5020,111278,5.0,5,5,Delivery partner was very polite.,Positive
5021,111937,,4,5,Best biryani in town!,Positive
5022,104525,2.0,3,2,Wrong item delivered.,Negative
5023,114404,3.0,2,3,Delivery was on time but food was mediocre.,Neutral
5024,114117,4.0,3,5,Packaging was excellent and food was hot.,Positive
5025,120087,5.0,5,4,Great food and fast delivery!,Positive
5026,105751,1.0,2,2,Quality was not up to the mark.,Negative
5027,103797,2.0,2,1,Food arrived cold and late.,Negative
5028,105814,2.0,2,3,Order was incomplete.,Negative
5029,111796,2.0,2,3,Very disappointed with the service.,Negative
5030,112593,2.0,3,3,Food arrived cold and late.,Negative
5031,109103,5.0,5,5,Packaging was excellent and food was hot.,Positive
5032,108666,3.0,2,2,"Food was okay, nothing special.",Neutral
5033,116273,3.0,4,3,,Neutral
5034,102294,5.0,5,4,"Loved the taste, will order again.",Positive
5035,100084,4.0,5,4,"Loved the taste, will order again.",Positive
5036,118337,5.0,5,4,Packaging was excellent and food was hot.,Positive
5037,112413,5.0,4,5,"Loved the taste, will order again.",Positive
5038,104194,5.0,5,5,Packaging was excellent and food was hot.,Positive
5039,113349,1.0,1,2,Wrong item delivered.,Negative
5040,102794,5.0,5,4,Best biryani in town!,Positive
5041,116068,5.0,5,4,Delivery partner was very polite.,Positive
5042,119576,5.0,4,5,Best biryani in town!,Positive
5043,101308,2.0,2,3,Order was incomplete.,Negative
5044,114003,4.0,3,5,"Loved the taste, will order again.",Positive
5045,114611,4.0,4,4,Delivery partner was very polite.,Positive
5046,110668,3.0,3,4,,Neutral
5047,106439,2.0,2,2,Wrong item delivered.,Negative
5048,110276,3.0,4,2,,Neutral
5049,100223,4.0,5,5,Best biryani in town!,Positive
5050,106154,5.0,4,5,Great food and fast delivery!,Positive
5051,104199,3.0,3,3,Average experience.,Neutral
5052,105772,5.0,5,4,Amazing experience overall.,Positive
5053,117380,3.0,3,3,,Neutral
5054,119808,2.0,3,3,Order was incomplete.,Negative
5055,111882,3.0,3,3,Delivery was on time but food was mediocre.,Neutral
5056,100871,5.0,5,5,,Positive
5057,113969,2.0,1,1,Quality was not up to the mark.,Negative
5058,104665,2.0,2,1,Order was incomplete.,Negative
5059,100461,5.0,4,5,Packaging was excellent and food was hot.,Positive
5060,117194,5.0,4,5,Best biryani in town!,Positive
5061,116438,1.0,7,2,Order was incomplete.,Negative
5062,105612,3.0,3,4,Delivery was on time but food was mediocre.,Neutral
5063,110496,5.0,5,5,Packaging was excellent and food was hot.,Positive
5064,109252,5.0,5,5,Great food and fast delivery!,Positive
5065,100964,3.0,3,4,,Neutral
5066,101189,3.0,2,4,"Food was okay, nothing special.",Neutral
5067,105417,5.0,4,5,Delivery partner was very polite.,Positive
5068,120124,4.0,3,4,Delivery partner was very polite.,Positive
5069,103951,5.0,5,5,"Loved the taste, will order again.",Positive
5070,105657,5.0,5,5,Packaging was excellent and food was hot.,Positive
5071,105080,5.0,4,4,"Loved the taste, will order again.",Positive
5072,113195,2.0,3,3,Wrong item delivered.,Negative
5073,109030,3.0,2,2,"Food was okay, nothing special.",Neutral
5074,117865,2.0,2,3,Very disappointed with the service.,Negative
5075,102393,2.0,3,1,Order was incomplete.,Negative
5076,120459,1.0,2,2,Delivery took way too long.,Negative
5077,118970,3.0,3,2,"Food was okay, nothing special.",Neutral
5078,112277,3.0,3,3,Delivery was on time but food was mediocre.,Neutral
5079,102903,5.0,4,5,Packaging was excellent and food was hot.,Positive
5080,107676,2.0,3,3,Wrong item delivered.,Negative
5081,109050,1.0,2,1,Delivery took way too long.,Negative
5082,113933,5.0,5,5,Delivery partner was very polite.,Positive
5083,109322,2.0,1,2,Wrong item delivered.,Negative
5084,111752,5.0,4,5,Great food and fast delivery!,Positive
5085,111368,3.0,2,2,,Neutral
5086,119909,2.0,3,3,Order was incomplete.,Negative
5087,109802,5.0,4,4,Best biryani in town!,Positive
5088,116084,2.0,1,3,Food arrived cold and late.,Negative
5089,103203,5.0,5,5,Best biryani in town!,Positive
5090,111388,5.0,4,5,Best biryani in town!,Positive
5091,105588,5.0,5,5,Amazing experience overall.,Positive
5092,104304,3.0,4,2,,Neutral
5093,116129,5.0,5,4,Great food and fast delivery!,Positive
5094,112483,3.0,2,4,"Food was okay, nothing special.",Neutral
5095,101092,4.0,5,3,Amazing experience overall.,Positive
5096,101240,5.0,5,5,Great food and fast delivery!,Positive
5097,115591,1.0,1,1,Quality was not up to the mark.,Negative
5098,113257,5.0,4,4,"Loved the taste, will order again.",Positive
5099,109635,,2,1,Food arrived cold and late.,Negative
5100,104793,4.0,5,3,Amazing experience overall.,Positive
5101,116848,,5,4,Delivery partner was very polite.,Positive
5102,112898,4.0,3,3,Great food and fast delivery!,Positive
5103,104361,4.0,4,3,Best biryani in town!,Positive
5104,103213,3.0,4,4,"Food was okay, nothing special.",Neutral
5105,113950,5.0,9,5,Amazing experience overall.,Positive
5106,109840,5.0,4,5,Great food and fast delivery!,Positive
5107,104482,3.0,3,2,,Neutral
5108,101593,4.0,3,3,Delivery partner was very polite.,Positive
5109,117746,5.0,5,4,Delivery partner was very polite.,Positive
5110,104202,3.0,3,3,Delivery was on time but food was mediocre.,Neutral
5111,103682,3.0,4,3,Delivery was on time but food was mediocre.,Neutral
5112,104002,5.0,5,5,Best biryani in town!,Positive
5113,113868,1.0,1,1,Quality was not up to the mark.,Negative
5114,105337,4.0,4,3,Packaging was excellent and food was hot.,Positive
5115,112921,5.0,5,5,Amazing experience overall.,Positive
5116,107261,2.0,1,3,Very disappointed with the service.,Negative
5117,117326,,2,3,"Food was okay, nothing special.",Neutral
5118,116639,,4,5,Delivery partner was very polite.,Positive
5119,116602,5.0,4,5,Great food and fast delivery!,Positive
5120,103003,2.0,2,3,Delivery took way too long.,Negative
5121,115271,2.0,2,2,Food arrived cold and late.,Negative
5122,100528,3.0,2,4,Average experience.,Neutral
5123,102675,5.0,5,5,Packaging was excellent and food was hot.,Positive
5124,111821,5.0,5,4,Packaging was excellent and food was hot.,Positive
5125,115158,4.0,3,3,Best biryani in town!,Positive
5126,114558,4.0,4,4,Great food and fast delivery!,Positive
5127,114097,2.0,1,1,Very disappointed with the service.,Negative
5128,107300,3.0,4,3,Delivery was on time but food was mediocre.,Neutral
5129,101921,2.0,2,1,Wrong item delivered.,Negative
5130,117759,,4,4,Best biryani in town!,Positive
5131,102289,2.0,3,2,Order was incomplete.,Negative
5132,101426,4.0,5,5,Amazing experience overall.,Positive
5133,101833,,3,4,,Neutral
5134,102228,2.0,2,1,Very disappointed with the service.,Negative
5135,104402,4.0,5,3,Delivery partner was very polite.,Positive
5136,107640,,4,5,Delivery partner was very polite.,Positive
5137,102485,1.0,2,1,Delivery took way too long.,Negative
5138,118478,5.0,5,5,Amazing experience overall.,Positive
5139,113389,5.0,4,4,Delivery partner was very polite.,Positive
5140,113244,5.0,5,5,Great food and fast delivery!,Positive
5141,107715,5.0,4,5,Packaging was excellent and food was hot.,Positive
5142,119333,5.0,4,5,Delivery partner was very polite.,Positive
5143,111259,4.0,5,3,Packaging was excellent and food was hot.,Positive
5144,106897,5.0,5,5,Great food and fast delivery!,Positive
5145,114114,2.0,1,3,Order was incomplete.,Negative
5146,110265,5.0,5,4,Amazing experience overall.,Positive
5147,106223,1.0,2,1,Wrong item delivered.,Negative
5148,118681,4.0,5,4,"Loved the taste, will order again.",Positive
5149,101023,5.0,4,4,Packaging was excellent and food was hot.,Positive
5150,111144,2.0,1,2,Food arrived cold and late.,Negative
5151,106413,2.0,2,3,Very disappointed with the service.,Negative
5152,110479,5.0,4,5,Delivery partner was very polite.,Positive
5153,102451,5.0,5,5,Best biryani in town!,Positive
5154,109518,5.0,5,5,Delivery partner was very polite.,Positive
5155,117843,2.0,1,2,Food arrived cold and late.,Negative
5156,117253,5.0,5,5,Best biryani in town!,Positive
5157,115297,5.0,5,5,Delivery partner was very polite.,Positive
5158,102410,2.0,1,3,Quality was not up to the mark.,Negative
5159,119630,2.0,3,3,Very disappointed with the service.,Negative
5160,101373,3.0,2,3,,Neutral
5161,113760,5.0,5,4,Amazing experience overall.,Positive
5162,118722,3.0,3,2,,Neutral
5163,100057,3.0,2,4,"Food was okay, nothing special.",Neutral
5164,107080,2.0,3,1,Delivery took way too long.,Negative
5165,110785,3.0,3,2,,Neutral
5166,107275,4.0,3,5,Delivery partner was very polite.,Positive
5167,111029,,3,4,,Neutral
5168,110117,5.0,5,4,Amazing experience overall.,Positive
5169,107015,2.0,3,2,Food arrived cold and late.,Negative
5170,116028,4.0,3,4,Great food and fast delivery!,Positive
5171,102508,3.0,4,4,,Neutral
5172,119096,5.0,5,4,Best biryani in town!,Positive
5173,113455,5.0,4,4,"Loved the taste, will order again.",Positive
5174,112246,5.0,5,4,Delivery partner was very polite.,Positive
5175,114225,5.0,5,5,Amazing experience overall.,Positive
5176,114687,3.0,2,2,,Neutral
5177,100982,3.0,4,3,Average experience.,Neutral
5178,102777,3.0,3,4,"Food was okay, nothing special.",Neutral
5179,113325,2.0,1,3,Order was incomplete.,Negative
5180,101967,2.0,1,2,Very disappointed with the service.,Negative
5181,111247,5.0,5,5,Amazing experience overall.,Positive
5182,106624,5.0,4,4,,Positive
5183,102565,,2,3,,Neutral
5184,104261,2.0,1,3,Delivery took way too long.,Negative
5185,111005,2.0,3,1,Wrong item delivered.,Negative
5186,116905,3.0,3,2,Average experience.,Neutral
5187,103247,2.0,2,3,Quality was not up to the mark.,Negative
5188,114136,3.0,3,3,Average experience.,Neutral
5189,108412,3.0,2,3,"Food was okay, nothing special.",Neutral
5190,119727,5.0,5,5,"Loved the taste, will order again.",Positive
5191,100610,3.0,3,2,Delivery was on time but food was mediocre.,Neutral
5192,115020,2.0,1,1,Order was incomplete.,Negative
5193,107061,5.0,5,5,Packaging was excellent and food was hot.,Positive
5194,106546,5.0,5,4,Best biryani in town!,Positive
5195,120269,4.0,5,5,Great food and fast delivery!,Positive
5196,109625,5.0,5,5,Great food and fast delivery!,Positive
5197,103562,5.0,5,4,Amazing experience overall.,Positive
5198,111662,4.0,4,4,Great food and fast delivery!,Positive
5199,113595,5.0,5,5,Amazing experience overall.,Positive
5200,115042,5.0,4,4,Delivery partner was very polite.,Positive
5201,116501,3.0,6,2,Average experience.,Neutral
5202,109847,2.0,1,1,Wrong item delivered.,Negative
5203,102422,1.0,1,1,Food arrived cold and late.,Negative
5204,102434,5.0,5,4,Amazing experience overall.,Positive
5205,114274,5.0,5,4,Delivery partner was very polite.,Positive
5206,112514,2.0,1,2,Order was incomplete.,Negative
5207,111892,3.0,4,2,"Food was okay, nothing special.",Neutral
5208,120185,2.0,1,2,Very disappointed with the service.,Negative
5209,115178,2.0,1,1,Quality was not up to the mark.,Negative
5210,115519,5.0,4,5,Best biryani in town!,Positive
5211,104421,3.0,4,2,,Neutral
5212,108057,2.0,3,3,Very disappointed with the service.,Negative
5213,106726,5.0,5,4,"Loved the taste, will order again.",Positive
5214,107037,2.0,3,3,Wrong item delivered.,Negative
5215,117393,5.0,5,5,Great food and fast delivery!,Positive
5216,111239,5.0,5,4,"Loved the taste, will order again.",Positive
5217,102522,5.0,4,5,Great food and fast delivery!,Positive
5218,111328,5.0,4,4,Amazing experience overall.,Positive
5219,107885,5.0,5,4,Best biryani in town!,Positive
5220,113028,3.0,4,4,Average experience.,Neutral
5221,113383,2.0,1,3,Wrong item delivered.,Negative
5222,103706,5.0,5,5,Amazing experience overall.,Positive
5223,107059,5.0,5,4,Packaging was excellent and food was hot.,Positive
5224,118353,3.0,4,4,,Neutral
5225,105209,,5,4,Amazing experience overall.,Positive
5226,108346,5.0,5,5,Best biryani in town!,Positive
5227,103458,2.0,2,1,Delivery took way too long.,Negative
5228,105192,2.0,3,1,Food arrived cold and late.,Negative
5229,120363,2.0,2,2,Wrong item delivered.,Negative
5230,117703,4.0,4,4,"Loved the taste, will order again.",Positive
5231,109126,1.0,2,1,Quality was not up to the mark.,Negative
5232,113190,3.0,2,3,Delivery was on time but food was mediocre.,Neutral
5233,107871,3.0,4,3,,Neutral
5234,105736,5.0,5,4,Packaging was excellent and food was hot.,Positive
5235,101387,1.0,1,2,,Negative
5236,108842,5.0,5,5,Best biryani in town!,Positive
5237,107458,3.0,2,2,,Neutral
5238,107430,5.0,5,5,Packaging was excellent and food was hot.,Positive
5239,116176,3.0,4,3,,Neutral
5240,109195,2.0,3,3,Order was incomplete.,Negative
5241,113529,1.0,1,2,Quality was not up to the mark.,Negative
5242,114608,3.0,4,3,Average experience.,Neutral
5243,110602,2.0,3,3,Wrong item delivered.,Negative
5244,116256,5.0,5,4,Great food and fast delivery!,Positive
5245,120326,5.0,4,5,Packaging was excellent and food was hot.,Positive
5246,111734,2.0,1,1,Quality was not up to the mark.,Negative
5247,108077,3.0,2,3,Delivery was on time but food was mediocre.,Neutral
5248,111928,3.0,3,2,,Neutral
5249,105486,1.0,1,1,Food arrived cold and late.,Negative
5250,111004,2.0,1,3,Wrong item delivered.,Negative
5251,104617,3.0,3,2,"Food was okay, nothing special.",Neutral
5252,119122,5.0,5,5,"Loved the taste, will order again.",Positive
5253,115131,3.0,3,3,,Neutral
5254,116497,5.0,5,5,"Loved the taste, will order again.",Positive
5255,117086,2.0,3,1,Quality was not up to the mark.,Negative
5256,103082,5.0,5,5,Delivery partner was very polite.,Positive
5257,119659,,4,4,Best biryani in town!,Positive
5258,112073,2.0,3,1,Very disappointed with the service.,Negative
5259,117944,3.0,4,4,Delivery was on time but food was mediocre.,Neutral
5260,105441,5.0,4,5,Best biryani in town!,Positive
5261,112100,,5,3,"Loved the taste, will order again.",Positive
5262,105746,3.0,4,4,,Neutral
5263,106000,2.0,2,3,Very disappointed with the service.,Negative
5264,109285,3.0,2,2,"Food was okay, nothing special.",Neutral
5265,118729,5.0,5,4,Amazing experience overall.,Positive
5266,120264,5.0,5,5,"Loved the taste, will order again.",Positive
5267,117671,2.0,3,3,Delivery took way too long.,Negative
5268,116829,2.0,2,3,Delivery took way too long.,Negative
5269,116579,5.0,5,5,Amazing experience overall.,Positive
5270,110067,3.0,4,2,,Neutral
5271,114434,4.0,5,5,Packaging was excellent and food was hot.,Positive
5272,104747,2.0,3,2,Quality was not up to the mark.,Negative
5273,104666,5.0,5,5,"Loved the taste, will order again.",Positive
5274,119315,3.0,2,3,,Neutral
5275,100900,5.0,5,5,Delivery partner was very polite.,Positive
5276,108228,2.0,3,1,Quality was not up to the mark.,Negative
5277,116620,4.0,3,4,Packaging was excellent and food was hot.,Positive
5278,107494,5.0,4,5,Great food and fast delivery!,Positive
5279,108191,3.0,4,3,Average experience.,Neutral
5280,109688,,5,5,Amazing experience overall.,Positive
5281,113726,3.0,4,2,"Food was okay, nothing special.",Neutral
5282,100777,4.0,3,3,Best biryani in town!,Positive
5283,100460,3.0,4,3,,Neutral
5284,115712,4.0,5,5,,Positive
5285,109835,3.0,3,4,Average experience.,Neutral
5286,117556,4.0,5,4,Amazing experience overall.,Positive
5287,113446,3.0,4,2,Average experience.,Neutral
5288,116794,5.0,5,5,,Positive
5289,115978,4.0,3,3,,Positive
5290,111993,5.0,5,5,"Loved the taste, will order again.",Positive
5291,109672,5.0,5,5,Best biryani in town!,Positive
5292,114840,5.0,5,4,Delivery partner was very polite.,Positive
5293,113256,2.0,2,1,Wrong item delivered.,Negative
5294,105911,4.0,5,5,Great food and fast delivery!,Positive
5295,118225,2.0,2,3,Food arrived cold and late.,Negative
5296,118611,1.0,1,1,Food arrived cold and late.,Negative
5297,116247,5.0,5,5,Delivery partner was very polite.,Positive
5298,111090,4.0,4,5,Amazing experience overall.,Positive
5299,101548,4.0,5,3,Delivery partner was very polite.,Positive
5300,120022,5.0,5,5,Packaging was excellent and food was hot.,Positive
5301,111948,3.0,3,4,,Neutral
5302,110307,5.0,5,5,Best biryani in town!,Positive
5303,112841,2.0,3,2,Food arrived cold and late.,Negative
5304,101940,5.0,5,5,Delivery partner was very polite.,Positive
5305,107527,5.0,5,5,"Loved the taste, will order again.",Positive
5306,120453,2.0,3,3,Delivery took way too long.,Negative
5307,119410,5.0,5,5,"Loved the taste, will order again.",Positive
5308,114435,5.0,4,5,Great food and fast delivery!,Positive
5309,108176,3.0,2,4,"Food was okay, nothing special.",Neutral
5310,119728,5.0,4,5,Packaging was excellent and food was hot.,Positive
5311,120186,4.0,5,3,Delivery partner was very polite.,Positive
5312,103306,4.0,4,4,Amazing experience overall.,Positive
5313,118302,5.0,5,4,Packaging was excellent and food was hot.,Positive
5314,115781,3.0,2,4,,Neutral
5315,112736,3.0,3,2,Delivery was on time but food was mediocre.,Neutral
5316,111104,3.0,3,3,"Food was okay, nothing special.",Neutral
5317,115595,5.0,5,4,,Positive
5318,119035,4.0,4,4,"Loved the taste, will order again.",Positive
5319,112130,5.0,5,5,Delivery partner was very polite.,Positive
5320,101287,,5,4,Great food and fast delivery!,Positive
5321,105009,2.0,2,3,Quality was not up to the mark.,Negative
5322,103968,5.0,5,5,Best biryani in town!,Positive
5323,102971,2.0,2,1,,Negative
5324,113975,2.0,1,3,Delivery took way too long.,Negative
5325,108158,5.0,4,5,"Loved the taste, will order again.",Positive
5326,116221,3.0,2,4,,Neutral
5327,107840,5.0,5,5,Packaging was excellent and food was hot.,Positive
5328,117649,4.0,4,5,Amazing experience overall.,Positive
5329,106117,5.0,5,4,Packaging was excellent and food was hot.,Positive
5330,112844,3.0,2,2,Average experience.,Neutral
5331,103377,1.0,1,1,Wrong item delivered.,Negative
5332,107858,1.0,1,1,Food arrived cold and late.,Negative
5333,103866,5.0,5,5,"Loved the taste, will order again.",Positive
5334,103561,3.0,3,3,Average experience.,Neutral
5335,115803,4.0,3,4,Best biryani in town!,Positive
5336,118615,4.0,4,3,Delivery partner was very polite.,Positive
5337,107333,3.0,2,2,"Food was okay, nothing special.",Neutral
5338,109978,4.0,4,3,Packaging was excellent and food was hot.,Positive
5339,119852,1.0,1,2,Wrong item delivered.,Negative
5340,111384,5.0,5,5,Delivery partner was very polite.,Positive
5341,100588,2.0,1,2,Wrong item delivered.,Negative
5342,105103,4.0,4,4,Delivery partner was very polite.,Positive
5343,103056,1.0,2,2,Wrong item delivered.,Negative
5344,100806,4.0,5,3,,Positive
5345,115855,,5,4,Great food and fast delivery!,Positive
5346,102194,2.0,3,2,Food arrived cold and late.,Negative
5347,102261,4.0,4,3,,Positive
5348,115034,5.0,5,4,Best biryani in town!,Positive
5349,100396,4.0,4,3,"Loved the taste, will order again.",Positive
5350,120127,5.0,5,5,Amazing experience overall.,Positive
5351,103484,4.0,5,4,Great food and fast delivery!,Positive
5352,111946,5.0,4,5,Great food and fast delivery!,Positive
5353,113517,5.0,5,5,Best biryani in town!,Positive
5354,109866,4.0,5,4,Packaging was excellent and food was hot.,Positive
5355,105811,2.0,1,1,Wrong item delivered.,Negative
5356,116289,2.0,3,2,Quality was not up to the mark.,Negative
5357,118879,3.0,2,2,,Neutral
5358,103428,5.0,5,5,Best biryani in town!,Positive
5359,119458,4.0,4,5,Delivery partner was very polite.,Positive
5360,105360,4.0,3,4,Best biryani in town!,Positive
5361,101878,4.0,5,5,Amazing experience overall.,Positive
5362,112581,3.0,4,2,,Neutral
5363,108999,4.0,5,4,Great food and fast delivery!,Positive
5364,117936,3.0,4,4,Delivery was on time but food was mediocre.,Neutral
5365,106081,1.0,2,1,Delivery took way too long.,Negative
5366,116001,5.0,5,4,Packaging was excellent and food was hot.,Positive
5367,115358,2.0,2,1,Food arrived cold and late.,Negative
5368,105426,5.0,5,4,Amazing experience overall.,Positive
5369,109812,5.0,4,4,Best biryani in town!,Positive
5370,116097,5.0,5,5,Amazing experience overall.,Positive
5371,115362,2.0,1,3,Wrong item delivered.,Negative
5372,109283,3.0,3,2,"Food was okay, nothing special.",Neutral
5373,110723,5.0,5,5,Delivery partner was very polite.,Positive
5374,102053,5.0,5,4,Delivery partner was very polite.,Positive
5375,104157,4.0,5,5,Amazing experience overall.,Positive
5376,105035,1.0,1,2,Quality was not up to the mark.,Negative
5377,103231,1.0,1,1,Food arrived cold and late.,Negative
5378,106152,4.0,4,3,Amazing experience overall.,Positive
5379,115582,3.0,2,4,Delivery was on time but food was mediocre.,Neutral
5380,106779,3.0,4,2,Average experience.,Neutral
5381,118172,4.0,3,5,Delivery partner was very polite.,Positive
5382,100224,5.0,5,5,Great food and fast delivery!,Positive
5383,101882,3.0,2,3,Delivery was on time but food was mediocre.,Neutral
5384,111477,2.0,2,1,Very disappointed with the service.,Negative
5385,115813,1.0,2,1,Food arrived cold and late.,Negative
5386,104707,4.0,3,5,Great food and fast delivery!,Positive
5387,117878,3.0,2,2,"Food was okay, nothing special.",Neutral
5388,103511,5.0,5,5,"Loved the taste, will order again.",Positive
5389,116031,3.0,2,4,Delivery was on time but food was mediocre.,Neutral
5390,108858,4.0,4,4,Delivery partner was very polite.,Positive
5391,104078,5.0,5,5,Delivery partner was very polite.,Positive
5392,112644,3.0,4,3,,Neutral
5393,115414,5.0,5,5,Great food and fast delivery!,Positive
5394,115900,5.0,5,5,Amazing experience overall.,Positive
5395,110217,4.0,4,3,"Loved the taste, will order again.",Positive
5396,114880,5.0,5,5,Great food and fast delivery!,Positive
5397,118388,4.0,4,5,Great food and fast delivery!,Positive
5398,105061,1.0,1,2,,Negative
5399,116514,3.0,2,4,Average experience.,Neutral
5400,108309,2.0,2,2,Quality was not up to the mark.,Negative
5401,116449,5.0,4,5,Best biryani in town!,Positive
5402,102007,5.0,5,4,"Loved the taste, will order again.",Positive
5403,105087,5.0,4,5,Packaging was excellent and food was hot.,Positive
5404,108870,4.0,4,5,Great food and fast delivery!,Positive
5405,118299,3.0,2,2,"Food was okay, nothing special.",Neutral
5406,110709,1.0,1,1,Order was incomplete.,Negative
5407,102384,1.0,2,2,Quality was not up to the mark.,Negative
5408,108031,5.0,5,4,Amazing experience overall.,Positive
5409,117127,4.0,5,3,Packaging was excellent and food was hot.,Positive
5410,105109,5.0,5,4,Great food and fast delivery!,Positive
5411,106193,3.0,3,2,"Food was okay, nothing special.",Neutral
5412,100944,5.0,5,4,Delivery partner was very polite.,Positive
5413,102954,3.0,2,4,Delivery was on time but food was mediocre.,Neutral
5414,104116,2.0,2,3,Wrong item delivered.,Negative
5415,113932,2.0,3,1,Quality was not up to the mark.,Negative
5416,117906,2.0,3,2,Very disappointed with the service.,Negative
5417,116188,2.0,1,1,Very disappointed with the service.,Negative
5418,101195,3.0,3,2,"Food was okay, nothing special.",Neutral
5419,108685,5.0,4,5,Amazing experience overall.,Positive
5420,100188,3.0,4,4,Delivery was on time but food was mediocre.,Neutral
5421,113418,2.0,2,2,Wrong item delivered.,Negative
5422,107402,2.0,2,2,Delivery took way too long.,Negative
5423,109935,5.0,5,4,Packaging was excellent and food was hot.,Positive
5424,112864,4.0,3,4,Best biryani in town!,Positive
5425,115484,5.0,4,5,Best biryani in town!,Positive
5426,108668,5.0,4,5,Great food and fast delivery!,Positive
5427,113075,2.0,1,1,Wrong item delivered.,Negative
5428,115647,4.0,3,5,Delivery partner was very polite.,Positive
5429,116844,3.0,2,3,"Food was okay, nothing special.",Neutral
5430,117084,3.0,4,4,"Food was okay, nothing special.",Neutral
5431,108248,4.0,4,4,Best biryani in town!,Positive
5432,115808,4.0,3,5,Packaging was excellent and food was hot.,Positive
5433,114364,1.0,1,1,Food arrived cold and late.,Negative
5434,100860,4.0,5,3,Packaging was excellent and food was hot.,Positive
5435,113424,4.0,5,3,Best biryani in town!,Positive
5436,110100,5.0,5,5,Amazing experience overall.,Positive
5437,102108,4.0,3,5,Packaging was excellent and food was hot.,Positive
5438,114543,4.0,3,3,Great food and fast delivery!,Positive
5439,119776,5.0,4,5,"Loved the taste, will order again.",Positive
5440,117114,5.0,5,4,Best biryani in town!,Positive
5441,118413,3.0,2,4,"Food was okay, nothing special.",Neutral
5442,115380,3.0,2,4,Average experience.,Neutral
5443,115440,5.0,5,5,Great food and fast delivery!,Positive
5444,114086,2.0,2,1,Food arrived cold and late.,Negative
5445,115324,2.0,3,2,Delivery took way too long.,Negative
5446,120047,1.0,1,1,Delivery took way too long.,Negative
5447,120014,5.0,5,4,Packaging was excellent and food was hot.,Positive
5448,103889,,5,5,"Loved the taste, will order again.",Positive
5449,102595,4.0,3,5,Delivery partner was very polite.,Positive
5450,104127,2.0,2,1,Food arrived cold and late.,Negative
5451,102175,1.0,2,1,Wrong item delivered.,Negative
5452,106803,1.0,2,1,Very disappointed with the service.,Negative
5453,100989,5.0,4,4,"Loved the taste, will order again.",Positive
5454,105283,2.0,2,1,Wrong item delivered.,Negative
5455,102306,2.0,3,3,Very disappointed with the service.,Negative
5456,112723,5.0,4,5,Amazing experience overall.,Positive
5457,103024,5.0,5,5,Great food and fast delivery!,Positive
5458,101772,5.0,5,4,"Loved the taste, will order again.",Positive
5459,106538,4.0,4,3,Best biryani in town!,Positive
5460,101494,3.0,2,3,Average experience.,Neutral
5461,112035,5.0,4,5,Great food and fast delivery!,Positive
5462,111775,5.0,5,5,"Loved the taste, will order again.",Positive
5463,117277,4.0,5,3,Packaging was excellent and food was hot.,Positive
5464,101087,1.0,1,1,Delivery took way too long.,Negative
5465,100544,3.0,3,3,Delivery was on time but food was mediocre.,Neutral
5466,115050,3.0,2,4,Average experience.,Neutral
5467,108207,3.0,3,4,Delivery was on time but food was mediocre.,Neutral
5468,115216,2.0,1,3,Wrong item delivered.,Negative
5469,118658,4.0,4,5,"Loved the taste, will order again.",Positive
5470,105118,2.0,2,3,Very disappointed with the service.,Negative
5471,100675,3.0,4,4,,Neutral
5472,117027,2.0,3,2,Very disappointed with the service.,Negative
5473,114181,4.0,3,4,Packaging was excellent and food was hot.,Positive
5474,115486,5.0,5,4,Amazing experience overall.,Positive
5475,106937,1.0,2,1,Very disappointed with the service.,Negative
5476,120297,5.0,5,4,Best biryani in town!,Positive
5477,108568,5.0,4,5,Amazing experience overall.,Positive
5478,110653,5.0,5,4,Great food and fast delivery!,Positive
5479,105142,1.0,2,2,Quality was not up to the mark.,Negative
5480,106199,5.0,4,5,Great food and fast delivery!,Positive
5481,113183,3.0,3,4,,Neutral
5482,114428,5.0,5,5,Great food and fast delivery!,Positive
5483,110008,3.0,3,3,Average experience.,Neutral
5484,115797,3.0,2,3,,Neutral
5485,109731,,2,1,Quality was not up to the mark.,Negative
5486,108486,,1,1,Quality was not up to the mark.,Negative
5487,102571,,3,4,Delivery was on time but food was mediocre.,Neutral
5488,120095,5.0,4,5,Great food and fast delivery!,Positive
5489,111193,2.0,1,2,Food arrived cold and late.,Negative
5490,100401,3.0,3,2,,Neutral
5491,107087,3.0,3,3,Average experience.,Neutral
5492,110630,5.0,5,5,Delivery partner was very polite.,Positive
5493,102267,2.0,1,1,,Negative
5494,101004,2.0,2,2,Delivery took way too long.,Negative
5495,119828,1.0,1,2,Order was incomplete.,Negative
5496,101490,2.0,1,2,Very disappointed with the service.,Negative
5497,118168,5.0,4,4,Amazing experience overall.,Positive
5498,112879,5.0,4,4,Delivery partner was very polite.,Positive
5499,113660,3.0,2,3,Average experience.,Neutral
5500,101097,3.0,2,2,Average experience.,Neutral
5501,115605,4.0,3,3,Great food and fast delivery!,Positive
5502,101920,4.0,3,4,Amazing experience overall.,Positive
5503,101755,3.0,2,3,Average experience.,Neutral
5504,105368,3.0,2,4,Delivery was on time but food was mediocre.,Neutral
5505,106635,3.0,4,4,"Food was okay, nothing special.",Neutral
5506,115589,5.0,4,4,Delivery partner was very polite.,Positive
5507,109492,1.0,2,2,Quality was not up to the mark.,Negative
5508,118163,5.0,5,5,"Loved the taste, will order again.",Positive
5509,106402,5.0,5,4,Amazing experience overall.,Positive
5510,120123,5.0,5,5,Delivery partner was very polite.,Positive
5511,111110,3.0,4,2,Average experience.,Neutral
5512,117110,5.0,5,5,Packaging was excellent and food was hot.,Positive
5513,119141,4.0,3,3,Best biryani in town!,Positive
5514,103366,1.0,2,2,Wrong item delivered.,Negative
5515,106043,3.0,4,3,,Neutral
5516,108093,2.0,2,2,Food arrived cold and late.,Negative
5517,103774,5.0,5,4,Great food and fast delivery!,Positive
5518,115573,5.0,5,4,Delivery partner was very polite.,Positive
5519,101587,2.0,3,3,Order was incomplete.,Negative
5520,101873,5.0,5,5,Delivery partner was very polite.,Positive
5521,119761,2.0,1,2,Wrong item delivered.,Negative
5522,108982,4.0,3,5,Delivery partner was very polite.,Positive
5523,109057,1.0,2,2,Very disappointed with the service.,Negative
5524,100805,3.0,3,4,Delivery was on time but food was mediocre.,Neutral
5525,107004,3.0,3,4,Delivery was on time but food was mediocre.,Neutral
5526,111311,5.0,5,5,Delivery partner was very polite.,Positive
5527,107907,5.0,5,5,Great food and fast delivery!,Positive
5528,104949,5.0,4,5,"Loved the taste, will order again.",Positive
5529,116345,1.0,2,2,Quality was not up to the mark.,Negative
5530,112728,5.0,4,4,Great food and fast delivery!,Positive
5531,107429,2.0,2,1,Order was incomplete.,Negative
5532,103981,3.0,3,4,"Food was okay, nothing special.",Neutral
5533,115626,5.0,4,5,Packaging was excellent and food was hot.,Positive
5534,111006,4.0,4,4,Great food and fast delivery!,Positive
5535,103273,5.0,5,4,Great food and fast delivery!,Positive
5536,107675,1.0,1,1,Quality was not up to the mark.,Negative
5537,110698,3.0,4,3,Delivery was on time but food was mediocre.,Neutral
5538,105449,3.0,3,3,Average experience.,Neutral
5539,114226,1.0,1,2,Food arrived cold and late.,Negative
5540,107337,5.0,5,5,,Positive
5541,104055,4.0,3,5,Best biryani in town!,Positive
5542,117089,5.0,4,5,Amazing experience overall.,Positive
5543,108479,1.0,1,1,Food arrived cold and late.,Negative
5544,107056,1.0,1,1,,Negative
5545,118866,3.0,4,4,Delivery was on time but food was mediocre.,Neutral
5546,106877,5.0,5,4,"Loved the taste, will order again.",Positive
5547,115082,1.0,1,2,Delivery took way too long.,Negative
5548,106570,5.0,5,4,Packaging was excellent and food was hot.,Positive
5549,110224,2.0,1,1,Delivery took way too long.,Negative
5550,118788,5.0,5,4,Delivery partner was very polite.,Positive
5551,105199,5.0,4,4,Great food and fast delivery!,Positive
5552,101412,3.0,4,2,,Neutral
5553,101780,4.0,3,4,Amazing experience overall.,Positive
5554,106155,1.0,2,1,Wrong item delivered.,Negative
5555,109595,1.0,1,2,Wrong item delivered.,Negative
5556,111488,2.0,1,1,Food arrived cold and late.,Negative
5557,107495,3.0,3,4,,Neutral
5558,119735,5.0,5,5,Packaging was excellent and food was hot.,Positive
5559,111747,5.0,8,5,Great food and fast delivery!,Positive
5560,100636,3.0,3,4,Delivery was on time but food was mediocre.,Neutral
5561,113106,4.0,4,4,Packaging was excellent and food was hot.,Positive
5562,100010,3.0,2,3,Delivery was on time but food was mediocre.,Neutral
5563,111318,5.0,5,5,Amazing experience overall.,Positive
5564,118818,1.0,1,1,Quality was not up to the mark.,Negative
5565,104662,3.0,2,3,Average experience.,Neutral
5566,114205,5.0,5,5,Great food and fast delivery!,Positive
5567,117737,5.0,5,4,Packaging was excellent and food was hot.,Positive
5568,114111,5.0,5,5,Amazing experience overall.,Positive
5569,114633,1.0,1,2,Quality was not up to the mark.,Negative
5570,102212,2.0,3,2,Order was incomplete.,Negative
5571,119713,4.0,4,3,Delivery partner was very polite.,Positive
5572,105203,5.0,4,4,Best biryani in town!,Positive
5573,110876,1.0,2,2,Order was incomplete.,Negative
5574,104763,4.0,4,5,Amazing experience overall.,Positive
5575,107451,5.0,4,5,Delivery partner was very polite.,Positive
5576,105631,3.0,2,3,Delivery was on time but food was mediocre.,Neutral
5577,100044,5.0,5,5,Great food and fast delivery!,Positive
5578,103176,5.0,5,5,"Loved the taste, will order again.",Positive
5579,120153,1.0,2,2,Delivery took way too long.,Negative
5580,105989,4.0,5,3,"Loved the taste, will order again.",Positive
5581,106067,2.0,1,1,Food arrived cold and late.,Negative
5582,103540,5.0,4,5,Delivery partner was very polite.,Positive
5583,108435,4.0,4,5,Great food and fast delivery!,Positive
5584,114134,4.0,3,3,Great food and fast delivery!,Positive
5585,111169,1.0,1,2,Food arrived cold and late.,Negative
5586,113425,4.0,5,4,Packaging was excellent and food was hot.,Positive
5587,113671,4.0,5,5,Great food and fast delivery!,Positive
5588,116638,3.0,2,4,"Food was okay, nothing special.",Neutral
5589,104904,1.0,1,1,Order was incomplete.,Negative
5590,107633,5.0,5,5,"Loved the taste, will order again.",Positive
5591,102230,3.0,2,4,Delivery was on time but food was mediocre.,Neutral
5592,115336,4.0,4,5,Best biryani in town!,Positive
5593,107528,2.0,2,3,Very disappointed with the service.,Negative
5594,117702,5.0,4,5,Packaging was excellent and food was hot.,Positive
5595,100050,2.0,1,2,Food arrived cold and late.,Negative
5596,118313,5.0,4,5,Great food and fast delivery!,Positive
5597,101931,5.0,5,4,Delivery partner was very polite.,Positive
5598,111716,,3,2,Average experience.,Neutral
5599,105548,,1,2,Order was incomplete.,Negative
5600,101081,5.0,4,4,Delivery partner was very polite.,Positive
5601,102825,5.0,4,4,Best biryani in town!,Positive
5602,108954,5.0,5,5,Amazing experience overall.,Positive
5603,106665,5.0,5,5,Packaging was excellent and food was hot.,Positive
5604,116969,2.0,1,3,Quality was not up to the mark.,Negative
5605,102387,,2,2,Delivery took way too long.,Negative
5606,110459,5.0,4,5,Great food and fast delivery!,Positive
5607,102302,5.0,4,5,Best biryani in town!,Positive
5608,100849,3.0,3,2,,Neutral
5609,114085,4.0,3,3,Delivery partner was very polite.,Positive
5610,104838,5.0,5,5,Packaging was excellent and food was hot.,Positive
5611,111019,,2,1,Delivery took way too long.,Negative
5612,117550,5.0,4,5,"Loved the taste, will order again.",Positive
5613,118723,5.0,5,5,Best biryani in town!,Positive
5614,109579,3.0,4,4,Average experience.,Neutral
5615,119720,5.0,5,4,Amazing experience overall.,Positive
5616,113838,4.0,3,4,Delivery partner was very polite.,Positive
5617,113046,1.0,2,1,Order was incomplete.,Negative
5618,117777,4.0,4,5,Delivery partner was very polite.,Positive
5619,106075,2.0,3,2,Very disappointed with the service.,Negative
5620,115308,5.0,5,5,Packaging was excellent and food was hot.,Positive
5621,105827,5.0,4,4,Delivery partner was very polite.,Positive
5622,118435,3.0,2,4,Delivery was on time but food was mediocre.,Neutral
5623,106530,5.0,5,5,Amazing experience overall.,Positive
5624,119528,3.0,2,3,Average experience.,Neutral
5625,115061,4.0,4,3,"Loved the taste, will order again.",Positive
5626,102978,3.0,3,4,,Neutral
5627,115372,2.0,2,2,Very disappointed with the service.,Negative
5628,107537,2.0,3,3,Order was incomplete.,Negative
5629,118516,5.0,4,5,Great food and fast delivery!,Positive
5630,119795,5.0,5,5,"Loved the taste, will order again.",Positive
5631,106096,4.0,5,3,Best biryani in town!,Positive
5632,113664,5.0,5,4,Amazing experience overall.,Positive
5633,118212,5.0,5,4,Great food and fast delivery!,Positive
5634,119585,2.0,1,2,Food arrived cold and late.,Negative
5635,100733,5.0,5,5,Best biryani in town!,Positive
5636,102861,5.0,4,5,Amazing experience overall.,Positive
5637,109292,5.0,4,5,Packaging was excellent and food was hot.,Positive
5638,101121,5.0,5,5,Great food and fast delivery!,Positive
5639,120045,5.0,5,4,Best biryani in town!,Positive
5640,103369,5.0,4,4,Packaging was excellent and food was hot.,Positive
5641,115389,4.0,4,3,Delivery partner was very polite.,Positive
5642,102140,4.0,5,5,Delivery partner was very polite.,Positive
5643,111454,5.0,5,5,Packaging was excellent and food was hot.,Positive
5644,118902,3.0,3,3,,Neutral
5645,112428,4.0,3,5,Amazing experience overall.,Positive
5646,116217,5.0,4,5,Packaging was excellent and food was hot.,Positive
5647,115561,4.0,3,4,Delivery partner was very polite.,Positive
5648,120052,3.0,2,3,Average experience.,Neutral
5649,118945,5.0,4,5,Amazing experience overall.,Positive
5650,107911,3.0,2,2,Average experience.,Neutral
5651,104539,5.0,5,4,"Loved the taste, will order again.",Positive
5652,117862,3.0,4,2,Average experience.,Neutral
5653,114893,5.0,5,5,Amazing experience overall.,Positive
5654,100251,2.0,1,2,Delivery took way too long.,Negative
5655,112094,3.0,3,4,"Food was okay, nothing special.",Neutral
5656,102887,5.0,4,5,Packaging was excellent and food was hot.,Positive
5657,102405,5.0,5,5,Delivery partner was very polite.,Positive
5658,111577,5.0,5,4,Best biryani in town!,Positive
5659,115473,4.0,4,4,Great food and fast delivery!,Positive
5660,110883,5.0,4,4,Packaging was excellent and food was hot.,Positive
5661,117740,4.0,5,5,Great food and fast delivery!,Positive
5662,115916,3.0,2,4,"Food was okay, nothing special.",Neutral
5663,103011,5.0,5,5,Amazing experience overall.,Positive
5664,103564,1.0,2,1,Order was incomplete.,Negative
5665,114563,3.0,3,4,"Food was okay, nothing special.",Neutral
5666,117743,1.0,1,1,Very disappointed with the service.,Negative
5667,111889,2.0,2,1,Quality was not up to the mark.,Negative
5668,102570,5.0,5,4,Best biryani in town!,Positive
5669,115485,5.0,5,4,"Loved the taste, will order again.",Positive
5670,114176,4.0,5,4,Best biryani in town!,Positive
5671,111066,5.0,5,5,Delivery partner was very polite.,Positive
5672,114538,2.0,2,2,Food arrived cold and late.,Negative
5673,114546,5.0,5,4,Packaging was excellent and food was hot.,Positive
5674,106435,5.0,5,5,Best biryani in town!,Positive
5675,104101,3.0,2,4,"Food was okay, nothing special.",Neutral
5676,108627,2.0,3,3,Food arrived cold and late.,Negative
5677,116030,1.0,1,1,,Negative
5678,103238,2.0,3,3,Very disappointed with the service.,Negative
5679,101015,5.0,5,5,Best biryani in town!,Positive
5680,106265,4.0,3,4,Delivery partner was very polite.,Positive
5681,112328,1.0,1,1,Wrong item delivered.,Negative
5682,104805,2.0,1,3,Quality was not up to the mark.,Negative
5683,103821,5.0,5,4,Amazing experience overall.,Positive
5684,120059,3.0,3,3,Delivery was on time but food was mediocre.,Neutral
5685,115943,5.0,4,4,Packaging was excellent and food was hot.,Positive
5686,110901,5.0,5,4,"Loved the taste, will order again.",Positive
5687,111964,5.0,5,5,Best biryani in town!,Positive
5688,105174,1.0,1,2,Delivery took way too long.,Negative
5689,101447,5.0,5,5,Great food and fast delivery!,Positive
5690,100228,4.0,4,5,Amazing experience overall.,Positive
5691,100219,1.0,1,1,Very disappointed with the service.,Negative
5692,119823,5.0,5,5,Amazing experience overall.,Positive
5693,110361,,5,5,Packaging was excellent and food was hot.,Positive
5694,103222,3.0,4,2,Average experience.,Neutral
5695,119358,4.0,4,5,"Loved the taste, will order again.",Positive
5696,113177,4.0,3,3,Best biryani in town!,Positive
5697,103808,2.0,2,2,Very disappointed with the service.,Negative
5698,107412,3.0,2,4,,Neutral
5699,108134,2.0,3,2,Quality was not up to the mark.,Negative
5700,115858,2.0,2,2,Order was incomplete.,Negative
5701,104885,3.0,3,3,Delivery was on time but food was mediocre.,Neutral
5702,119077,1.0,2,1,Very disappointed with the service.,Negative
5703,115557,3.0,4,4,Delivery was on time but food was mediocre.,Neutral
5704,106837,3.0,4,4,"Food was okay, nothing special.",Neutral
5705,120472,4.0,3,3,Delivery partner was very polite.,Positive
5706,114717,1.0,1,2,Food arrived cold and late.,Negative
5707,118238,3.0,3,4,Average experience.,Neutral
5708,118824,5.0,5,4,Amazing experience overall.,Positive
5709,101395,4.0,4,3,"Loved the taste, will order again.",Positive
5710,119817,5.0,5,5,Great food and fast delivery!,Positive
5711,100377,3.0,2,4,Delivery was on time but food was mediocre.,Neutral
5712,103804,4.0,5,4,Delivery partner was very polite.,Positive
5713,102218,4.0,5,4,Best biryani in town!,Positive
5714,104695,2.0,3,2,Very disappointed with the service.,Negative
5715,111113,5.0,5,5,Packaging was excellent and food was hot.,Positive
5716,115392,1.0,2,1,Quality was not up to the mark.,Negative
5717,117584,2.0,3,1,Wrong item delivered.,Negative
5718,104225,3.0,2,4,,Neutral
5719,117664,5.0,5,5,Great food and fast delivery!,Positive
5720,102141,3.0,4,2,Delivery was on time but food was mediocre.,Neutral
5721,115786,5.0,5,5,"Loved the taste, will order again.",Positive
5722,107266,3.0,2,3,,Neutral
5723,108973,3.0,3,4,,Neutral
5724,108189,5.0,4,5,"Loved the taste, will order again.",Positive
5725,114945,5.0,5,4,Packaging was excellent and food was hot.,Positive
5726,114061,3.0,4,4,Delivery was on time but food was mediocre.,Neutral
5727,107791,3.0,3,4,Average experience.,Neutral
5728,114716,4.0,5,4,Delivery partner was very polite.,Positive
5729,102844,3.0,4,2,"Food was okay, nothing special.",Neutral
5730,117546,5.0,5,5,Great food and fast delivery!,Positive
5731,104835,3.0,3,3,Average experience.,Neutral
5732,111739,2.0,2,2,Very disappointed with the service.,Negative
5733,103261,3.0,4,3,Delivery was on time but food was mediocre.,Neutral
5734,115125,,3,5,Delivery partner was very polite.,Positive
5735,106928,3.0,4,4,Delivery was on time but food was mediocre.,Neutral
5736,107038,4.0,5,3,Best biryani in town!,Positive
5737,106572,3.0,3,2,Average experience.,Neutral
5738,108829,4.0,5,4,Packaging was excellent and food was hot.,Positive
5739,104991,5.0,5,5,Packaging was excellent and food was hot.,Positive
5740,115986,4.0,5,4,Amazing experience overall.,Positive
5741,101058,2.0,3,2,Wrong item delivered.,Negative
5742,117576,2.0,1,3,Order was incomplete.,Negative
5743,115350,4.0,5,3,"Loved the taste, will order again.",Positive
5744,110730,2.0,2,3,Very disappointed with the service.,Negative
5745,115343,5.0,5,5,Delivery partner was very polite.,Positive
5746,114845,5.0,5,5,Great food and fast delivery!,Positive
5747,103658,4.0,5,3,Delivery partner was very polite.,Positive
5748,110185,4.0,3,5,Great food and fast delivery!,Positive
5749,116660,5.0,5,5,Best biryani in town!,Positive
5750,105210,5.0,4,5,"Loved the taste, will order again.",Positive
5751,102761,3.0,4,4,Delivery was on time but food was mediocre.,Neutral
5752,104379,,4,3,"Loved the taste, will order again.",Positive
5753,110502,1.0,1,2,Quality was not up to the mark.,Negative
5754,108345,2.0,1,3,Order was incomplete.,Negative
5755,111214,5.0,5,4,Packaging was excellent and food was hot.,Positive
5756,103657,5.0,5,4,Delivery partner was very polite.,Positive
5757,100437,4.0,3,3,Amazing experience overall.,Positive
5758,110381,5.0,4,4,Amazing experience overall.,Positive
5759,105385,1.0,1,1,Order was incomplete.,Negative
5760,110836,4.0,3,5,Great food and fast delivery!,Positive
5761,100621,1.0,1,1,Very disappointed with the service.,Negative
5762,110256,4.0,4,5,Best biryani in town!,Positive
5763,101151,5.0,5,5,Packaging was excellent and food was hot.,Positive
5764,118255,5.0,5,5,Best biryani in town!,Positive
5765,111309,2.0,1,3,Delivery took way too long.,Negative
5766,103282,5.0,5,4,Amazing experience overall.,Positive
5767,109824,4.0,3,5,"Loved the taste, will order again.",Positive
5768,110983,3.0,3,3,Delivery was on time but food was mediocre.,Neutral
5769,100766,5.0,5,5,Amazing experience overall.,Positive
5770,107934,5.0,4,5,Great food and fast delivery!,Positive
5771,112286,2.0,1,2,Order was incomplete.,Negative
5772,106940,2.0,2,2,Order was incomplete.,Negative
5773,112563,5.0,5,5,,Positive
5774,107945,5.0,4,4,Packaging was excellent and food was hot.,Positive
5775,113079,3.0,2,4,Average experience.,Neutral
5776,116238,5.0,5,5,Great food and fast delivery!,Positive
5777,118016,3.0,3,2,Average experience.,Neutral
5778,104655,4.0,5,5,Amazing experience overall.,Positive
5779,118599,,5,5,Great food and fast delivery!,Positive
5780,103726,4.0,5,5,"Loved the taste, will order again.",Positive
5781,107599,4.0,3,3,Packaging was excellent and food was hot.,Positive
5782,114626,5.0,5,5,Best biryani in town!,Positive
5783,104115,3.0,3,2,"Food was okay, nothing special.",Neutral
5784,114775,5.0,5,4,Packaging was excellent and food was hot.,Positive
5785,114141,2.0,3,2,Quality was not up to the mark.,Negative
5786,115394,5.0,5,5,"Loved the taste, will order again.",Positive
5787,102586,5.0,4,5,Packaging was excellent and food was hot.,Positive
5788,115688,2.0,3,1,Wrong item delivered.,Negative
5789,118411,4.0,4,5,Great food and fast delivery!,Positive
5790,120452,4.0,4,5,Great food and fast delivery!,Positive
5791,104650,2.0,3,2,Delivery took way too long.,Negative
5792,118796,4.0,5,3,"Loved the taste, will order again.",Positive
5793,105582,4.0,9,3,Great food and fast delivery!,Positive
5794,117018,3.0,3,4,,Neutral
5795,105114,4.0,4,3,"Loved the taste, will order again.",Positive
5796,114406,2.0,3,2,Very disappointed with the service.,Negative
5797,101618,5.0,5,5,Delivery partner was very polite.,Positive
5798,119821,4.0,5,4,Best biryani in town!,Positive
5799,104926,5.0,5,5,Packaging was excellent and food was hot.,Positive
5800,109980,2.0,2,2,Wrong item delivered.,Negative
5801,104944,4.0,5,4,"Loved the taste, will order again.",Positive
5802,117962,2.0,2,1,Very disappointed with the service.,Negative
5803,117645,2.0,2,3,Order was incomplete.,Negative
5804,120122,5.0,5,5,Amazing experience overall.,Positive
5805,120358,1.0,1,1,Delivery took way too long.,Negative
5806,101884,1.0,9,1,Very disappointed with the service.,Negative
5807,119643,2.0,1,1,Quality was not up to the mark.,Negative
5808,108981,3.0,3,4,Delivery was on time but food was mediocre.,Neutral
5809,112660,5.0,4,5,Packaging was excellent and food was hot.,Positive
5810,119832,1.0,2,2,Very disappointed with the service.,Negative
5811,113911,4.0,5,4,Packaging was excellent and food was hot.,Positive
5812,116970,3.0,3,4,,Neutral
5813,100482,5.0,5,5,"Loved the taste, will order again.",Positive
5814,111175,4.0,3,4,"Loved the taste, will order again.",Positive
5815,111728,1.0,1,1,Order was incomplete.,Negative
5816,101981,5.0,5,5,Great food and fast delivery!,Positive
5817,113245,4.0,5,4,Best biryani in town!,Positive
5818,116664,3.0,4,3,"Food was okay, nothing special.",Neutral
5819,104235,4.0,4,5,Amazing experience overall.,Positive
5820,118880,4.0,5,4,Best biryani in town!,Positive
5821,101051,2.0,1,3,Delivery took way too long.,Negative
5822,119703,5.0,5,5,"Loved the taste, will order again.",Positive
5823,119469,3.0,4,4,"Food was okay, nothing special.",Neutral
5824,109014,5.0,4,5,Delivery partner was very polite.,Positive
5825,118703,4.0,5,5,Amazing experience overall.,Positive
5826,112646,5.0,4,5,Packaging was excellent and food was hot.,Positive
5827,113379,4.0,4,5,Amazing experience overall.,Positive
5828,115927,2.0,1,2,Delivery took way too long.,Negative
5829,114770,4.0,3,3,Amazing experience overall.,Positive
5830,116539,4.0,4,5,Best biryani in town!,Positive
5831,102055,4.0,8,5,Great food and fast delivery!,Positive
5832,108811,1.0,1,2,Very disappointed with the service.,Negative
5833,111774,5.0,5,4,Packaging was excellent and food was hot.,Positive
5834,118821,4.0,3,5,Delivery partner was very polite.,Positive
5835,111041,2.0,1,1,Very disappointed with the service.,Negative
5836,118259,2.0,1,3,,Negative
5837,116578,1.0,1,2,Quality was not up to the mark.,Negative
5838,111997,4.0,4,4,Amazing experience overall.,Positive
5839,113053,4.0,5,3,Great food and fast delivery!,Positive
5840,109650,1.0,2,2,Quality was not up to the mark.,Negative
5841,120168,3.0,3,2,,Neutral
5842,109762,5.0,5,5,,Positive
5843,115121,3.0,3,3,"Food was okay, nothing special.",Neutral
5844,101264,5.0,4,4,Great food and fast delivery!,Positive
5845,110097,5.0,4,5,Amazing experience overall.,Positive
5846,113778,1.0,1,1,Quality was not up to the mark.,Negative
5847,114495,5.0,5,5,Best biryani in town!,Positive
5848,114189,5.0,4,5,Packaging was excellent and food was hot.,Positive
5849,111347,3.0,4,4,"Food was okay, nothing special.",Neutral
5850,105632,4.0,4,3,Delivery partner was very polite.,Positive
5851,108828,2.0,2,2,Wrong item delivered.,Negative
5852,108013,4.0,3,3,"Loved the taste, will order again.",Positive
5853,119072,2.0,3,3,Order was incomplete.,Negative
5854,111357,2.0,2,2,,Negative
5855,113407,2.0,2,3,Delivery took way too long.,Negative
5856,118040,4.0,4,3,,Positive
5857,112109,3.0,3,4,Delivery was on time but food was mediocre.,Neutral
5858,103750,5.0,5,5,Best biryani in town!,Positive
5859,107535,1.0,1,1,Delivery took way too long.,Negative
5860,107729,5.0,7,5,Great food and fast delivery!,Positive
5861,104545,5.0,5,5,Best biryani in town!,Positive
5862,111506,3.0,3,3,"Food was okay, nothing special.",Neutral
5863,119071,3.0,2,2,"Food was okay, nothing special.",Neutral
5864,112311,,3,4,Best biryani in town!,Positive
5865,103670,2.0,2,3,Order was incomplete.,Negative
5866,114857,2.0,2,2,Quality was not up to the mark.,Negative
5867,101476,3.0,2,3,Delivery was on time but food was mediocre.,Neutral
5868,102788,3.0,4,3,Delivery was on time but food was mediocre.,Neutral
5869,117692,2.0,1,2,Very disappointed with the service.,Negative
5870,119948,4.0,5,4,"Loved the taste, will order again.",Positive
5871,119154,2.0,2,2,Order was incomplete.,Negative
5872,116257,5.0,4,5,"Loved the taste, will order again.",Positive
5873,114104,5.0,5,4,"Loved the taste, will order again.",Positive
5874,102738,,4,4,Amazing experience overall.,Positive
5875,105770,1.0,1,2,Delivery took way too long.,Negative
5876,119522,5.0,5,5,Best biryani in town!,Positive
5877,100599,1.0,1,1,Delivery took way too long.,Negative
5878,113758,5.0,4,5,Best biryani in town!,Positive
5879,117835,3.0,2,4,,Neutral
5880,104367,4.0,5,3,Great food and fast delivery!,Positive
5881,107803,5.0,5,5,"Loved the taste, will order again.",Positive
5882,116036,2.0,3,3,Order was incomplete.,Negative
5883,107517,3.0,3,3,"Food was okay, nothing special.",Neutral
5884,111777,3.0,3,2,"Food was okay, nothing special.",Neutral
5885,104080,5.0,4,4,Delivery partner was very polite.,Positive
5886,118143,5.0,5,5,Best biryani in town!,Positive
5887,114106,4.0,3,3,"Loved the taste, will order again.",Positive
5888,104559,2.0,2,2,Order was incomplete.,Negative
5889,107780,2.0,1,3,Delivery took way too long.,Negative
5890,102062,3.0,3,2,Delivery was on time but food was mediocre.,Neutral
5891,107258,4.0,3,3,Great food and fast delivery!,Positive
5892,112504,5.0,5,5,Amazing experience overall.,Positive
5893,107083,5.0,5,4,Delivery partner was very polite.,Positive
5894,100043,2.0,2,2,Wrong item delivered.,Negative
5895,113793,3.0,4,3,Average experience.,Neutral
5896,112758,3.0,4,3,,Neutral
5897,102554,4.0,5,5,Amazing experience overall.,Positive
5898,109813,5.0,4,5,Delivery partner was very polite.,Positive
5899,119605,3.0,2,3,,Neutral
5900,101790,5.0,5,5,"Loved the taste, will order again.",Positive
5901,104575,5.0,5,5,"Loved the taste, will order again.",Positive
5902,112962,2.0,3,1,Quality was not up to the mark.,Negative
5903,112274,2.0,1,3,Very disappointed with the service.,Negative
5904,115867,5.0,5,4,Packaging was excellent and food was hot.,Positive
5905,105510,2.0,3,3,Wrong item delivered.,Negative
5906,109111,3.0,3,3,Average experience.,Neutral
5907,105423,4.0,3,3,"Loved the taste, will order again.",Positive
5908,116833,5.0,5,5,Best biryani in town!,Positive
5909,111449,3.0,2,3,"Food was okay, nothing special.",Neutral
5910,100578,3.0,3,4,Average experience.,Neutral
5911,114938,4.0,3,4,Amazing experience overall.,Positive
5912,103584,5.0,8,5,Packaging was excellent and food was hot.,Positive
5913,114743,1.0,1,1,,Negative
5914,108128,2.0,2,2,Order was incomplete.,Negative
5915,112971,3.0,2,2,Delivery was on time but food was mediocre.,Neutral
5916,104075,3.0,2,4,"Food was okay, nothing special.",Neutral
5917,114354,4.0,3,3,"Loved the taste, will order again.",Positive
5918,118924,,5,5,Amazing experience overall.,Positive
5919,113307,5.0,4,5,Amazing experience overall.,Positive
5920,105656,4.0,3,5,"Loved the taste, will order again.",Positive
5921,102641,2.0,1,3,Wrong item delivered.,Negative
5922,107711,1.0,1,1,Food arrived cold and late.,Negative
5923,101301,5.0,4,5,Delivery partner was very polite.,Positive
5924,109534,4.0,4,4,"Loved the taste, will order again.",Positive
5925,112954,3.0,3,2,"Food was okay, nothing special.",Neutral
5926,108131,5.0,4,4,Best biryani in town!,Positive
5927,106159,3.0,4,3,Average experience.,Neutral
5928,104348,5.0,5,5,Great food and fast delivery!,Positive
5929,111213,2.0,1,1,Order was incomplete.,Negative
5930,117750,2.0,2,3,Quality was not up to the mark.,Negative
5931,118568,5.0,5,5,"Loved the taste, will order again.",Positive
5932,103307,4.0,4,3,Best biryani in town!,Positive
5933,112135,4.0,5,3,Delivery partner was very polite.,Positive
5934,105308,5.0,5,5,Best biryani in town!,Positive
5935,105256,3.0,4,3,Average experience.,Neutral
5936,104074,4.0,3,3,Amazing experience overall.,Positive
5937,106256,5.0,4,5,Delivery partner was very polite.,Positive
5938,112760,2.0,3,2,Very disappointed with the service.,Negative
5939,113955,1.0,1,2,Food arrived cold and late.,Negative
5940,120207,1.0,2,1,Quality was not up to the mark.,Negative
5941,107212,5.0,5,4,Packaging was excellent and food was hot.,Positive
5942,118522,2.0,1,2,Delivery took way too long.,Negative
5943,111476,1.0,2,1,,Negative
5944,106293,1.0,1,1,Very disappointed with the service.,Negative
5945,104968,2.0,3,3,Delivery took way too long.,Negative
5946,114006,1.0,2,1,Wrong item delivered.,Negative
5947,107843,3.0,4,3,,Neutral
5948,105997,5.0,5,4,Best biryani in town!,Positive
5949,107609,4.0,5,5,Packaging was excellent and food was hot.,Positive
5950,110368,2.0,1,2,Very disappointed with the service.,Negative
5951,108717,2.0,3,3,Food arrived cold and late.,Negative
5952,111658,1.0,1,1,Wrong item delivered.,Negative
5953,112643,2.0,1,1,Wrong item delivered.,Negative
5954,112890,5.0,5,5,Great food and fast delivery!,Positive
5955,103093,5.0,5,5,Packaging was excellent and food was hot.,Positive
5956,100273,2.0,3,2,Food arrived cold and late.,Negative
5957,108392,4.0,3,5,"Loved the taste, will order again.",Positive
5958,102085,4.0,4,3,Best biryani in town!,Positive
5959,107431,5.0,4,5,Delivery partner was very polite.,Positive
5960,107687,5.0,5,5,Best biryani in town!,Positive
5961,109371,5.0,5,5,Packaging was excellent and food was hot.,Positive
5962,104392,3.0,2,3,,Neutral
5963,104536,5.0,5,4,Best biryani in town!,Positive
5964,120175,5.0,5,5,Amazing experience overall.,Positive
5965,116549,5.0,5,4,"Loved the taste, will order again.",Positive
5966,115800,5.0,5,4,Best biryani in town!,Positive
5967,119010,3.0,2,2,"Food was okay, nothing special.",Neutral
5968,101478,5.0,5,5,Packaging was excellent and food was hot.,Positive
5969,108673,4.0,5,3,Amazing experience overall.,Positive
5970,104321,5.0,5,5,Amazing experience overall.,Positive
5971,109620,2.0,2,3,Wrong item delivered.,Negative
5972,103014,5.0,5,5,"Loved the taste, will order again.",Positive
5973,117346,5.0,5,5,Great food and fast delivery!,Positive
5974,112368,3.0,3,4,Delivery was on time but food was mediocre.,Neutral
5975,101480,5.0,5,4,Packaging was excellent and food was hot.,Positive
5976,110843,5.0,5,5,Great food and fast delivery!,Positive
5977,117838,5.0,4,5,Best biryani in town!,Positive
5978,117107,3.0,3,3,Average experience.,Neutral
5979,120009,2.0,2,2,Very disappointed with the service.,Negative
5980,101816,3.0,4,3,,Neutral
5981,112637,4.0,5,5,Amazing experience overall.,Positive
5982,106372,2.0,1,3,Food arrived cold and late.,Negative
5983,102560,4.0,5,3,Great food and fast delivery!,Positive
5984,106489,5.0,5,4,Best biryani in town!,Positive
5985,100390,4.0,5,3,Delivery partner was very polite.,Positive
5986,107085,2.0,2,2,Quality was not up to the mark.,Negative
5987,116651,3.0,3,3,Delivery was on time but food was mediocre.,Neutral
5988,116450,2.0,2,3,Order was incomplete.,Negative
5989,112678,1.0,1,1,Food arrived cold and late.,Negative
5990,102979,3.0,4,4,"Food was okay, nothing special.",Neutral
5991,110818,1.0,2,1,Order was incomplete.,Negative
5992,105343,5.0,5,4,Best biryani in town!,Positive
5993,115510,5.0,9,4,Amazing experience overall.,Positive
5994,106540,3.0,2,3,Delivery was on time but food was mediocre.,Neutral
5995,107928,1.0,1,1,Very disappointed with the service.,Negative
5996,109084,5.0,5,5,Best biryani in town!,Positive
5997,112649,5.0,4,5,Packaging was excellent and food was hot.,Positive
5998,116997,2.0,2,3,Order was incomplete.,Negative
5999,111761,5.0,5,5,Packaging was excellent and food was hot.,Positive
6000,111902,5.0,4,5,Packaging was excellent and food was hot.,Positive
6001,107280,5.0,5,5,Best biryani in town!,Positive
6002,115117,4.0,5,5,Great food and fast delivery!,Positive
6003,101358,3.0,3,4,,Neutral
6004,108679,2.0,2,1,Food arrived cold and late.,Negative
6005,120222,5.0,4,5,Packaging was excellent and food was hot.,Positive
6006,112567,4.0,4,4,"Loved the taste, will order again.",Positive
6007,102711,3.0,2,3,"Food was okay, nothing special.",Neutral
6008,118264,5.0,5,4,Delivery partner was very polite.,Positive
6009,103471,5.0,5,4,"Loved the taste, will order again.",Positive
6010,107951,5.0,5,5,Delivery partner was very polite.,Positive
6011,112178,2.0,2,1,Wrong item delivered.,Negative
6012,105164,4.0,5,3,Delivery partner was very polite.,Positive
6013,109310,4.0,3,3,"Loved the taste, will order again.",Positive
6014,102242,5.0,5,4,Amazing experience overall.,Positive
6015,109894,2.0,2,3,Delivery took way too long.,Negative
6016,119858,5.0,5,5,Packaging was excellent and food was hot.,Positive
6017,111118,4.0,5,5,Delivery partner was very polite.,Positive
6018,113878,4.0,3,5,Delivery partner was very polite.,Positive
6019,102266,5.0,5,5,Packaging was excellent and food was hot.,Positive
6020,105300,3.0,2,2,Delivery was on time but food was mediocre.,Neutral
6021,102541,3.0,4,2,"Food was okay, nothing special.",Neutral
6022,107995,4.0,3,3,Amazing experience overall.,Positive
6023,108661,3.0,3,3,,Neutral
6024,110223,5.0,5,5,Best biryani in town!,Positive
6025,101712,2.0,2,3,Food arrived cold and late.,Negative
6026,105753,5.0,5,5,Best biryani in town!,Positive
6027,116750,5.0,5,5,Delivery partner was very polite.,Positive
6028,120038,5.0,5,5,"Loved the taste, will order again.",Positive
6029,115725,2.0,2,2,,Negative
6030,115056,5.0,5,5,Best biryani in town!,Positive
6031,113880,5.0,5,4,Great food and fast delivery!,Positive
6032,103155,2.0,3,2,Quality was not up to the mark.,Negative
6033,104220,3.0,2,4,,Neutral
6034,116547,2.0,2,1,Food arrived cold and late.,Negative
6035,102599,3.0,2,3,"Food was okay, nothing special.",Neutral
6036,112023,3.0,2,4,Delivery was on time but food was mediocre.,Neutral
6037,110563,3.0,2,4,Delivery was on time but food was mediocre.,Neutral
6038,111666,5.0,5,5,Delivery partner was very polite.,Positive
6039,114231,5.0,4,5,Best biryani in town!,Positive
6040,119778,4.0,3,5,Delivery partner was very polite.,Positive
6041,118157,5.0,5,5,Great food and fast delivery!,Positive
6042,116258,2.0,1,2,Very disappointed with the service.,Negative
6043,118910,3.0,3,2,Average experience.,Neutral
6044,103618,4.0,5,5,Amazing experience overall.,Positive
6045,118391,4.0,5,4,Great food and fast delivery!,Positive
6046,101813,2.0,1,1,,Negative
6047,115832,1.0,1,2,Food arrived cold and late.,Negative
6048,116329,3.0,4,4,,Neutral
6049,119175,5.0,5,4,Delivery partner was very polite.,Positive
6050,107783,4.0,5,4,Best biryani in town!,Positive
6051,118986,5.0,5,5,Amazing experience overall.,Positive
6052,118908,2.0,2,1,Order was incomplete.,Negative
6053,118222,5.0,4,4,Amazing experience overall.,Positive
6054,106309,2.0,1,1,Food arrived cold and late.,Negative
6055,107473,3.0,3,4,Delivery was on time but food was mediocre.,Neutral
6056,111051,3.0,4,4,Average experience.,Neutral
6057,111769,5.0,5,5,"Loved the taste, will order again.",Positive
6058,118759,1.0,1,2,Food arrived cold and late.,Negative
6059,105565,2.0,3,3,Quality was not up to the mark.,Negative
6060,102909,2.0,3,3,Food arrived cold and late.,Negative
6061,119879,5.0,4,5,Packaging was excellent and food was hot.,Positive
6062,100888,5.0,6,4,Best biryani in town!,Positive
6063,106516,5.0,5,5,Packaging was excellent and food was hot.,Positive
6064,109304,2.0,7,1,Quality was not up to the mark.,Negative
6065,116298,4.0,5,3,Best biryani in town!,Positive
6066,104195,3.0,2,3,Average experience.,Neutral
6067,118430,1.0,2,2,Wrong item delivered.,Negative
6068,111591,3.0,4,2,Delivery was on time but food was mediocre.,Neutral
6069,111245,5.0,4,5,Delivery partner was very polite.,Positive
6070,102961,1.0,1,2,Order was incomplete.,Negative
6071,116246,3.0,4,2,Average experience.,Neutral
6072,111982,1.0,1,1,Food arrived cold and late.,Negative
6073,104294,2.0,3,3,Quality was not up to the mark.,Negative
6074,110378,5.0,5,5,Delivery partner was very polite.,Positive
6075,108162,5.0,5,4,"Loved the taste, will order again.",Positive
6076,110633,3.0,4,4,Average experience.,Neutral
6077,117640,5.0,5,4,"Loved the taste, will order again.",Positive
6078,111957,1.0,2,1,Delivery took way too long.,Negative
6079,106100,2.0,3,1,Delivery took way too long.,Negative
6080,116895,2.0,2,3,Food arrived cold and late.,Negative
6081,108825,5.0,5,4,"Loved the taste, will order again.",Positive
6082,105295,5.0,4,5,"Loved the taste, will order again.",Positive
6083,110535,5.0,4,5,Great food and fast delivery!,Positive
6084,118217,3.0,4,3,Average experience.,Neutral
6085,103926,2.0,2,2,Order was incomplete.,Negative
6086,110334,4.0,4,3,Packaging was excellent and food was hot.,Positive
6087,106557,5.0,5,5,Packaging was excellent and food was hot.,Positive
6088,105123,5.0,4,5,Packaging was excellent and food was hot.,Positive
6089,106240,4.0,4,5,Great food and fast delivery!,Positive
6090,107963,,4,5,Amazing experience overall.,Positive
6091,117519,4.0,4,3,Amazing experience overall.,Positive
6092,108318,3.0,4,3,Average experience.,Neutral
6093,108206,1.0,1,1,Delivery took way too long.,Negative
6094,103254,4.0,3,4,"Loved the taste, will order again.",Positive
6095,108398,3.0,4,2,"Food was okay, nothing special.",Neutral
6096,112423,5.0,5,5,Great food and fast delivery!,Positive
6097,110072,5.0,5,4,"Loved the taste, will order again.",Positive
6098,105027,5.0,5,5,"Loved the taste, will order again.",Positive
6099,114838,5.0,4,5,Packaging was excellent and food was hot.,Positive
6100,108908,5.0,5,5,Great food and fast delivery!,Positive
6101,110057,1.0,2,1,,Negative
6102,104193,5.0,5,5,Packaging was excellent and food was hot.,Positive
6103,107299,5.0,5,5,Great food and fast delivery!,Positive
6104,105372,5.0,6,4,Great food and fast delivery!,Positive
6105,108631,3.0,3,4,,Neutral
6106,114058,3.0,2,3,,Neutral
6107,111371,2.0,1,3,Delivery took way too long.,Negative
6108,114393,4.0,3,3,Amazing experience overall.,Positive
6109,103553,3.0,3,4,Average experience.,Neutral
6110,107417,3.0,3,2,,Neutral
6111,115539,5.0,5,5,Amazing experience overall.,Positive
6112,103576,2.0,1,1,Very disappointed with the service.,Negative
6113,106041,5.0,5,5,Packaging was excellent and food was hot.,Positive
6114,113641,4.0,5,3,Amazing experience overall.,Positive
6115,109068,1.0,1,1,Very disappointed with the service.,Negative
6116,111614,4.0,4,3,,Positive
6117,115885,5.0,5,5,Great food and fast delivery!,Positive
6118,101629,5.0,5,5,"Loved the taste, will order again.",Positive
6119,107614,5.0,5,5,Great food and fast delivery!,Positive
6120,117358,2.0,1,3,Order was incomplete.,Negative
6121,109354,2.0,3,3,Delivery took way too long.,Negative
6122,114996,5.0,4,4,Delivery partner was very polite.,Positive
6123,100757,5.0,5,5,"Loved the taste, will order again.",Positive
6124,101872,4.0,3,3,"Loved the taste, will order again.",Positive
6125,106365,,2,1,Very disappointed with the service.,Negative
6126,102754,2.0,1,2,Order was incomplete.,Negative
6127,118644,5.0,4,4,Packaging was excellent and food was hot.,Positive
6128,111795,2.0,3,2,Very disappointed with the service.,Negative
6129,118121,1.0,1,1,Delivery took way too long.,Negative
6130,112007,2.0,1,1,Order was incomplete.,Negative
6131,108906,3.0,2,2,,Neutral
6132,102215,3.0,2,2,"Food was okay, nothing special.",Neutral
6133,118621,3.0,4,2,"Food was okay, nothing special.",Neutral
6134,119527,2.0,3,2,Order was incomplete.,Negative
6135,118192,4.0,3,4,Packaging was excellent and food was hot.,Positive
6136,101434,2.0,1,2,Wrong item delivered.,Negative
6137,101345,3.0,3,2,"Food was okay, nothing special.",Neutral
6138,105996,3.0,2,2,Delivery was on time but food was mediocre.,Neutral
6139,104099,5.0,4,5,Amazing experience overall.,Positive
6140,104064,3.0,2,3,Average experience.,Neutral
6141,110362,3.0,4,4,Average experience.,Neutral
6142,117852,2.0,3,2,,Negative
6143,102269,5.0,4,5,Packaging was excellent and food was hot.,Positive
6144,110509,5.0,5,5,Best biryani in town!,Positive
6145,101844,5.0,4,5,Delivery partner was very polite.,Positive
6146,111834,5.0,5,5,Best biryani in town!,Positive
6147,111248,5.0,5,5,Best biryani in town!,Positive
6148,120276,3.0,3,2,,Neutral
6149,113296,,4,4,Packaging was excellent and food was hot.,Positive
6150,117115,5.0,4,5,Delivery partner was very polite.,Positive
6151,116285,4.0,3,4,"Loved the taste, will order again.",Positive
6152,114325,2.0,1,3,Food arrived cold and late.,Negative
6153,104974,3.0,4,3,Average experience.,Neutral
6154,110282,5.0,5,5,Delivery partner was very polite.,Positive
6155,114835,2.0,2,2,Food arrived cold and late.,Negative
6156,107665,5.0,5,5,Delivery partner was very polite.,Positive
6157,105397,2.0,1,3,Wrong item delivered.,Negative
6158,109191,3.0,4,4,Delivery was on time but food was mediocre.,Neutral
6159,118224,4.0,4,3,Best biryani in town!,Positive
6160,118623,3.0,2,3,Average experience.,Neutral
6161,116888,3.0,4,2,Delivery was on time but food was mediocre.,Neutral
6162,120258,2.0,2,1,Delivery took way too long.,Negative
6163,116485,5.0,5,5,,Positive
6164,109789,5.0,5,4,Delivery partner was very polite.,Positive
6165,103330,5.0,5,5,Packaging was excellent and food was hot.,Positive
6166,115709,5.0,5,5,Amazing experience overall.,Positive
6167,118367,5.0,4,5,Great food and fast delivery!,Positive
6168,108750,5.0,4,5,Amazing experience overall.,Positive
6169,109309,4.0,4,5,Delivery partner was very polite.,Positive
6170,118977,4.0,5,4,Packaging was excellent and food was hot.,Positive
6171,105130,5.0,5,4,Amazing experience overall.,Positive
6172,112639,3.0,3,2,"Food was okay, nothing special.",Neutral
6173,119866,3.0,2,3,,Neutral
6174,110318,3.0,2,4,"Food was okay, nothing special.",Neutral
6175,119716,1.0,1,1,Order was incomplete.,Negative
6176,112592,4.0,3,4,Best biryani in town!,Positive
6177,102762,1.0,1,1,Quality was not up to the mark.,Negative
6178,102202,3.0,4,3,Average experience.,Neutral
6179,101163,2.0,2,2,Delivery took way too long.,Negative
6180,110679,2.0,1,2,Wrong item delivered.,Negative
6181,117997,5.0,5,5,Amazing experience overall.,Positive
6182,116284,5.0,4,5,Delivery partner was very polite.,Positive
6183,101727,5.0,5,5,"Loved the taste, will order again.",Positive
6184,112925,3.0,3,4,,Neutral
6185,109611,4.0,3,5,"Loved the taste, will order again.",Positive
6186,119512,5.0,5,5,Amazing experience overall.,Positive
6187,102778,2.0,2,2,Food arrived cold and late.,Negative
6188,111351,2.0,1,3,Wrong item delivered.,Negative
6189,104241,4.0,3,5,Amazing experience overall.,Positive
6190,106143,5.0,4,4,"Loved the taste, will order again.",Positive
6191,115302,4.0,5,4,Delivery partner was very polite.,Positive
6192,107323,,5,3,"Loved the taste, will order again.",Positive
6193,104493,1.0,1,1,Delivery took way too long.,Negative
6194,111837,,2,2,Quality was not up to the mark.,Negative
6195,120335,4.0,5,3,Amazing experience overall.,Positive
6196,113625,5.0,5,5,Amazing experience overall.,Positive
6197,112574,5.0,4,5,Great food and fast delivery!,Positive
6198,109723,5.0,5,5,Best biryani in town!,Positive
6199,112450,4.0,5,5,"Loved the taste, will order again.",Positive
6200,103655,3.0,3,4,Average experience.,Neutral
6201,116391,1.0,1,1,Quality was not up to the mark.,Negative
6202,119975,2.0,2,3,Order was incomplete.,Negative
6203,114157,4.0,5,3,Best biryani in town!,Positive
6204,120225,1.0,1,2,Food arrived cold and late.,Negative
6205,103515,3.0,4,4,,Neutral
6206,116655,1.0,1,1,Delivery took way too long.,Negative
6207,106204,1.0,2,1,Food arrived cold and late.,Negative
6208,118090,1.0,1,1,Delivery took way too long.,Negative
6209,111399,5.0,5,4,Great food and fast delivery!,Positive
6210,110926,2.0,3,3,Very disappointed with the service.,Negative
6211,104934,4.0,3,3,Great food and fast delivery!,Positive
6212,109815,3.0,2,4,Delivery was on time but food was mediocre.,Neutral
6213,113255,4.0,3,4,"Loved the taste, will order again.",Positive
6214,105921,5.0,4,4,Best biryani in town!,Positive
6215,112877,3.0,3,3,,Neutral
6216,109047,4.0,4,3,Delivery partner was very polite.,Positive
6217,116139,5.0,5,4,"Loved the taste, will order again.",Positive
6218,112498,3.0,2,2,,Neutral
6219,118713,3.0,2,2,,Neutral
6220,116629,5.0,4,5,Best biryani in town!,Positive
6221,115363,5.0,5,5,Amazing experience overall.,Positive
6222,104407,3.0,4,4,Delivery was on time but food was mediocre.,Neutral
6223,118972,3.0,3,4,Delivery was on time but food was mediocre.,Neutral
6224,109975,3.0,2,4,,Neutral
6225,118323,1.0,1,1,Very disappointed with the service.,Negative
6226,118027,3.0,2,3,,Neutral
6227,114933,4.0,3,5,Delivery partner was very polite.,Positive
6228,108925,3.0,2,4,Average experience.,Neutral
6229,106561,5.0,5,4,"Loved the taste, will order again.",Positive
6230,116859,5.0,5,5,"Loved the taste, will order again.",Positive
6231,119554,2.0,2,3,Order was incomplete.,Negative
6232,108277,4.0,4,5,Great food and fast delivery!,Positive
6233,106950,5.0,4,5,Best biryani in town!,Positive
6234,112183,3.0,2,3,"Food was okay, nothing special.",Neutral
6235,113445,3.0,3,2,"Food was okay, nothing special.",Neutral
6236,115128,2.0,1,1,Delivery took way too long.,Negative
6237,104440,5.0,5,5,Best biryani in town!,Positive
6238,101077,4.0,4,5,Best biryani in town!,Positive
6239,115829,4.0,3,5,Delivery partner was very polite.,Positive
6240,106296,5.0,4,5,Packaging was excellent and food was hot.,Positive
6241,103550,5.0,4,4,Best biryani in town!,Positive
6242,117543,4.0,3,5,Delivery partner was very polite.,Positive
6243,110490,5.0,5,5,"Loved the taste, will order again.",Positive
6244,111280,4.0,3,5,"Loved the taste, will order again.",Positive
6245,114198,3.0,3,3,Average experience.,Neutral
6246,118660,5.0,5,5,Packaging was excellent and food was hot.,Positive
6247,115922,4.0,4,4,Packaging was excellent and food was hot.,Positive
6248,107874,5.0,5,4,Delivery partner was very polite.,Positive
6249,104192,2.0,1,1,Food arrived cold and late.,Negative
6250,110714,2.0,3,1,Very disappointed with the service.,Negative
6251,111661,2.0,1,3,Order was incomplete.,Negative
6252,110248,2.0,1,2,Order was incomplete.,Negative
6253,111182,1.0,1,2,Food arrived cold and late.,Negative
6254,116968,3.0,4,3,,Neutral
6255,116842,2.0,2,3,Delivery took way too long.,Negative
6256,110350,5.0,5,5,Great food and fast delivery!,Positive
6257,116270,2.0,2,1,Very disappointed with the service.,Negative
6258,114561,3.0,2,3,,Neutral
6259,109689,5.0,4,4,Great food and fast delivery!,Positive
6260,110512,5.0,4,5,Packaging was excellent and food was hot.,Positive
6261,116939,5.0,4,5,Great food and fast delivery!,Positive
6262,111505,5.0,4,5,Best biryani in town!,Positive
6263,105451,5.0,5,5,Packaging was excellent and food was hot.,Positive
6264,110096,5.0,4,5,Delivery partner was very polite.,Positive
6265,110114,3.0,4,3,Delivery was on time but food was mediocre.,Neutral
6266,109831,5.0,5,4,Delivery partner was very polite.,Positive
6267,119568,5.0,4,4,Delivery partner was very polite.,Positive
6268,108875,5.0,5,5,Amazing experience overall.,Positive
6269,119374,5.0,5,4,Amazing experience overall.,Positive
6270,102172,5.0,5,5,Delivery partner was very polite.,Positive
6271,101160,5.0,5,4,Best biryani in town!,Positive
6272,118686,4.0,3,4,Great food and fast delivery!,Positive
6273,106981,4.0,4,3,Amazing experience overall.,Positive
6274,104457,2.0,1,1,Delivery took way too long.,Negative
6275,109405,3.0,4,3,,Neutral
6276,113822,5.0,5,5,Best biryani in town!,Positive
6277,108905,4.0,4,5,Best biryani in town!,Positive
6278,105482,5.0,5,5,"Loved the taste, will order again.",Positive
6279,109934,4.0,4,5,"Loved the taste, will order again.",Positive
6280,118442,2.0,1,2,,Negative
6281,100524,3.0,2,4,"Food was okay, nothing special.",Neutral
6282,119119,2.0,3,3,Order was incomplete.,Negative
6283,102431,3.0,2,3,,Neutral
6284,114285,5.0,4,5,Great food and fast delivery!,Positive
6285,100938,5.0,4,5,Amazing experience overall.,Positive
6286,119711,5.0,5,5,"Loved the taste, will order again.",Positive
6287,101176,4.0,3,5,Amazing experience overall.,Positive
6288,100198,4.0,5,4,Best biryani in town!,Positive
6289,110107,2.0,3,3,Quality was not up to the mark.,Negative
6290,113749,3.0,2,4,Average experience.,Neutral
6291,111864,4.0,3,4,Great food and fast delivery!,Positive
6292,103032,5.0,4,4,Delivery partner was very polite.,Positive
6293,112392,2.0,3,1,Delivery took way too long.,Negative
6294,109622,4.0,4,5,Amazing experience overall.,Positive
6295,117069,5.0,4,5,Packaging was excellent and food was hot.,Positive
6296,104432,4.0,5,5,Delivery partner was very polite.,Positive
6297,108518,4.0,4,5,Packaging was excellent and food was hot.,Positive
6298,119657,3.0,2,3,"Food was okay, nothing special.",Neutral
6299,108164,5.0,5,4,Amazing experience overall.,Positive
6300,119029,1.0,2,1,Wrong item delivered.,Negative
6301,105554,5.0,5,4,Amazing experience overall.,Positive
6302,102137,5.0,4,4,Packaging was excellent and food was hot.,Positive
6303,104394,1.0,1,2,Order was incomplete.,Negative
6304,103851,3.0,3,2,Average experience.,Neutral
6305,108664,5.0,4,4,"Loved the taste, will order again.",Positive
6306,111226,4.0,3,5,"Loved the taste, will order again.",Positive
6307,109669,5.0,5,5,"Loved the taste, will order again.",Positive
6308,107706,4.0,4,4,"Loved the taste, will order again.",Positive
6309,108113,4.0,3,5,Amazing experience overall.,Positive
6310,107289,3.0,3,4,Average experience.,Neutral
6311,105477,2.0,3,3,Quality was not up to the mark.,Negative
6312,115395,1.0,1,1,Very disappointed with the service.,Negative
6313,113188,1.0,2,1,Wrong item delivered.,Negative
6314,115530,1.0,2,1,Wrong item delivered.,Negative
6315,110383,5.0,4,5,"Loved the taste, will order again.",Positive
6316,107628,4.0,3,3,Delivery partner was very polite.,Positive
6317,120462,2.0,2,2,Food arrived cold and late.,Negative
6318,120199,3.0,4,2,Delivery was on time but food was mediocre.,Neutral
6319,108120,2.0,1,3,Food arrived cold and late.,Negative
6320,113402,3.0,4,4,"Food was okay, nothing special.",Neutral
6321,105331,1.0,2,2,Very disappointed with the service.,Negative
6322,107980,5.0,4,5,Packaging was excellent and food was hot.,Positive
6323,112314,3.0,4,2,,Neutral
6324,101467,5.0,5,5,Packaging was excellent and food was hot.,Positive
6325,104687,5.0,5,4,Packaging was excellent and food was hot.,Positive
6326,118125,4.0,4,3,"Loved the taste, will order again.",Positive
6327,111272,5.0,5,5,Delivery partner was very polite.,Positive
6328,106197,4.0,5,3,Amazing experience overall.,Positive
6329,104730,5.0,5,4,Best biryani in town!,Positive
6330,113050,5.0,5,4,"Loved the taste, will order again.",Positive
6331,115103,5.0,4,5,"Loved the taste, will order again.",Positive
6332,100795,5.0,5,5,Delivery partner was very polite.,Positive
6333,118147,5.0,5,4,Packaging was excellent and food was hot.,Positive
6334,109725,4.0,3,4,Amazing experience overall.,Positive
6335,105722,1.0,2,1,Order was incomplete.,Negative
6336,100514,3.0,3,4,,Neutral
6337,102505,5.0,4,5,,Positive
6338,117060,3.0,3,4,Average experience.,Neutral
6339,120339,2.0,3,3,Wrong item delivered.,Negative
6340,114769,5.0,5,4,Packaging was excellent and food was hot.,Positive
6341,117827,,5,5,Amazing experience overall.,Positive
6342,100178,2.0,3,1,Very disappointed with the service.,Negative
6343,100708,5.0,5,4,,Positive
6344,102361,2.0,2,1,Order was incomplete.,Negative
6345,109718,2.0,2,2,Wrong item delivered.,Negative
6346,119397,2.0,1,1,Order was incomplete.,Negative
6347,118237,5.0,5,4,Delivery partner was very polite.,Positive
6348,101807,5.0,4,5,Amazing experience overall.,Positive
6349,107546,2.0,2,1,Very disappointed with the service.,Negative
6350,108623,5.0,5,4,Amazing experience overall.,Positive
6351,100301,5.0,5,5,Amazing experience overall.,Positive
6352,117769,4.0,3,5,"Loved the taste, will order again.",Positive
6353,100577,3.0,8,2,Delivery was on time but food was mediocre.,Neutral
6354,107639,4.0,5,4,Amazing experience overall.,Positive
6355,101037,4.0,4,4,Great food and fast delivery!,Positive
6356,106393,2.0,1,3,Food arrived cold and late.,Negative
6357,111232,4.0,4,5,Best biryani in town!,Positive
6358,119019,3.0,3,3,"Food was okay, nothing special.",Neutral
6359,119782,5.0,5,5,"Loved the taste, will order again.",Positive
6360,113312,3.0,4,4,Delivery was on time but food was mediocre.,Neutral
6361,118377,3.0,4,2,"Food was okay, nothing special.",Neutral
6362,117745,4.0,4,4,Best biryani in town!,Positive
6363,103815,4.0,3,3,Delivery partner was very polite.,Positive
6364,117620,5.0,4,5,Best biryani in town!,Positive
6365,106480,4.0,4,5,Best biryani in town!,Positive
6366,112865,2.0,2,1,Order was incomplete.,Negative
6367,112688,5.0,5,4,Amazing experience overall.,Positive
6368,108928,3.0,2,3,Delivery was on time but food was mediocre.,Neutral
6369,110253,1.0,2,1,Order was incomplete.,Negative
6370,112742,4.0,3,3,Delivery partner was very polite.,Positive
6371,112752,1.0,2,1,Very disappointed with the service.,Negative
6372,102377,2.0,3,2,Order was incomplete.,Negative
6373,106715,3.0,2,3,,Neutral
6374,105389,4.0,4,5,"Loved the taste, will order again.",Positive
6375,117925,2.0,2,3,Quality was not up to the mark.,Negative
6376,108014,5.0,5,5,"Loved the taste, will order again.",Positive
6377,108032,5.0,5,5,"Loved the taste, will order again.",Positive
6378,102525,5.0,4,4,Best biryani in town!,Positive
6379,112945,5.0,5,5,Delivery partner was very polite.,Positive
6380,102882,3.0,4,4,Delivery was on time but food was mediocre.,Neutral
6381,100199,3.0,2,4,"Food was okay, nothing special.",Neutral
6382,102480,5.0,4,5,"Loved the taste, will order again.",Positive
6383,118730,4.0,5,4,Packaging was excellent and food was hot.,Positive
6384,103214,5.0,5,5,Great food and fast delivery!,Positive
6385,112973,5.0,5,5,"Loved the taste, will order again.",Positive
6386,118269,4.0,3,5,Packaging was excellent and food was hot.,Positive
6387,102511,2.0,1,1,Food arrived cold and late.,Negative
6388,116287,5.0,5,5,,Positive
6389,117957,5.0,5,5,Packaging was excellent and food was hot.,Positive
6390,105526,5.0,4,5,Delivery partner was very polite.,Positive
6391,106979,2.0,2,3,Wrong item delivered.,Negative
6392,120351,4.0,3,3,Amazing experience overall.,Positive
6393,110894,2.0,1,1,Wrong item delivered.,Negative
6394,104583,4.0,4,5,Best biryani in town!,Positive
6395,107910,5.0,5,5,Amazing experience overall.,Positive
6396,112951,2.0,2,3,Delivery took way too long.,Negative
6397,106133,5.0,4,4,Amazing experience overall.,Positive
6398,104509,2.0,1,1,Very disappointed with the service.,Negative
6399,109210,5.0,5,4,Best biryani in town!,Positive
6400,107607,3.0,2,2,"Food was okay, nothing special.",Neutral
6401,116326,5.0,4,5,Amazing experience overall.,Positive
6402,101802,2.0,2,1,Wrong item delivered.,Negative
6403,106913,3.0,4,2,"Food was okay, nothing special.",Neutral
6404,106929,3.0,2,4,,Neutral
6405,111431,5.0,5,4,"Loved the taste, will order again.",Positive
6406,109411,1.0,1,2,Food arrived cold and late.,Negative
6407,114568,3.0,3,4,Delivery was on time but food was mediocre.,Neutral
6408,103352,5.0,5,5,Best biryani in town!,Positive
6409,112177,,3,3,Quality was not up to the mark.,Negative
6410,109537,5.0,5,4,Best biryani in town!,Positive
6411,110327,4.0,3,3,Packaging was excellent and food was hot.,Positive
6412,108756,5.0,4,4,Packaging was excellent and food was hot.,Positive
6413,100628,3.0,3,2,,Neutral
6414,114920,3.0,4,4,Average experience.,Neutral
6415,113973,5.0,5,5,Great food and fast delivery!,Positive
6416,118692,4.0,4,5,Packaging was excellent and food was hot.,Positive
6417,117399,4.0,5,5,Best biryani in town!,Positive
6418,112995,3.0,3,4,Average experience.,Neutral
6419,114128,5.0,4,4,Best biryani in town!,Positive
6420,111959,4.0,3,4,Amazing experience overall.,Positive
6421,111103,3.0,3,4,Delivery was on time but food was mediocre.,Neutral
6422,104472,2.0,3,3,Food arrived cold and late.,Negative
6423,107581,5.0,5,4,Packaging was excellent and food was hot.,Positive
6424,100344,3.0,2,2,Average experience.,Neutral
6425,115975,5.0,5,4,Great food and fast delivery!,Positive
6426,114279,3.0,2,3,"Food was okay, nothing special.",Neutral
6427,116204,5.0,5,5,"Loved the taste, will order again.",Positive
6428,114971,4.0,4,3,Best biryani in town!,Positive
6429,103764,1.0,1,1,Very disappointed with the service.,Negative
6430,103296,2.0,3,2,Quality was not up to the mark.,Negative
6431,103479,4.0,5,5,Best biryani in town!,Positive
6432,109331,4.0,4,3,Best biryani in town!,Positive
6433,114647,5.0,5,4,Packaging was excellent and food was hot.,Positive
6434,111604,3.0,3,4,Average experience.,Neutral
6435,119206,3.0,4,3,Delivery was on time but food was mediocre.,Neutral
6436,105408,4.0,4,4,Best biryani in town!,Positive
6437,103325,1.0,1,2,Quality was not up to the mark.,Negative
6438,117544,4.0,3,5,Great food and fast delivery!,Positive
6439,104635,2.0,2,3,Order was incomplete.,Negative
6440,110369,3.0,4,2,Delivery was on time but food was mediocre.,Neutral
6441,101858,2.0,3,2,Very disappointed with the service.,Negative
6442,102527,5.0,4,5,Best biryani in town!,Positive
6443,117874,5.0,5,4,Great food and fast delivery!,Positive
6444,106380,3.0,3,4,"Food was okay, nothing special.",Neutral
6445,118356,3.0,4,3,Average experience.,Neutral
6446,118344,3.0,2,2,"Food was okay, nothing special.",Neutral
6447,110014,5.0,5,4,Best biryani in town!,Positive
6448,117548,,3,1,Very disappointed with the service.,Negative
6449,105492,2.0,2,3,Food arrived cold and late.,Negative
6450,101759,2.0,1,3,Quality was not up to the mark.,Negative
6451,102026,3.0,2,4,,Neutral
6452,115492,4.0,3,4,Amazing experience overall.,Positive
6453,103810,4.0,4,5,Amazing experience overall.,Positive
6454,118219,5.0,5,5,Packaging was excellent and food was hot.,Positive
6455,115590,3.0,4,4,Average experience.,Neutral
6456,107187,1.0,2,1,Order was incomplete.,Negative
6457,116609,1.0,1,1,Very disappointed with the service.,Negative
6458,118965,5.0,5,5,Amazing experience overall.,Positive
6459,119474,5.0,4,5,"Loved the taste, will order again.",Positive
6460,113905,2.0,2,2,Delivery took way too long.,Negative
6461,101293,3.0,4,4,,Neutral
6462,119164,5.0,4,4,Great food and fast delivery!,Positive
6463,100959,2.0,1,1,Delivery took way too long.,Negative
6464,113887,4.0,8,5,Packaging was excellent and food was hot.,Positive
6465,105670,4.0,3,5,Great food and fast delivery!,Positive
6466,109925,2.0,2,1,Quality was not up to the mark.,Negative
6467,102143,2.0,3,1,Wrong item delivered.,Negative
6468,101394,5.0,5,5,Great food and fast delivery!,Positive
6469,118714,2.0,3,3,Very disappointed with the service.,Negative
6470,101586,1.0,2,1,Quality was not up to the mark.,Negative
6471,103493,5.0,4,5,Amazing experience overall.,Positive
6472,105468,5.0,4,5,"Loved the taste, will order again.",Positive
6473,100421,4.0,4,4,"Loved the taste, will order again.",Positive
6474,109023,5.0,5,5,Packaging was excellent and food was hot.,Positive
6475,101159,4.0,3,5,Packaging was excellent and food was hot.,Positive
6476,106231,3.0,3,2,Delivery was on time but food was mediocre.,Neutral
6477,117875,2.0,1,3,Wrong item delivered.,Negative
6478,114688,5.0,5,5,"Loved the taste, will order again.",Positive
6479,102546,2.0,2,3,Wrong item delivered.,Negative
6480,101918,,3,3,Order was incomplete.,Negative
6481,114087,1.0,2,1,Wrong item delivered.,Negative
6482,101390,3.0,3,2,Average experience.,Neutral
6483,103387,5.0,5,4,Great food and fast delivery!,Positive
6484,115214,5.0,5,5,Packaging was excellent and food was hot.,Positive
6485,106708,,2,1,Quality was not up to the mark.,Negative
6486,115768,2.0,1,3,Quality was not up to the mark.,Negative
6487,107327,5.0,5,5,Best biryani in town!,Positive
6488,104993,5.0,5,4,Great food and fast delivery!,Positive
6489,103355,1.0,1,1,Delivery took way too long.,Negative
6490,115866,2.0,1,3,Wrong item delivered.,Negative
6491,106170,5.0,4,5,Packaging was excellent and food was hot.,Positive
6492,118433,5.0,5,4,Delivery partner was very polite.,Positive
6493,109106,4.0,5,3,Amazing experience overall.,Positive
6494,116427,2.0,2,3,Delivery took way too long.,Negative
6495,105841,5.0,5,5,"Loved the taste, will order again.",Positive
6496,117522,4.0,3,5,Packaging was excellent and food was hot.,Positive
6497,115429,5.0,5,5,"Loved the taste, will order again.",Positive
6498,100432,4.0,5,4,Packaging was excellent and food was hot.,Positive
6499,118837,5.0,5,5,Best biryani in town!,Positive
6500,120288,3.0,2,4,"Food was okay, nothing special.",Neutral
6501,103100,2.0,3,2,Order was incomplete.,Negative
6502,106260,5.0,5,5,"Loved the taste, will order again.",Positive
6503,119275,4.0,3,3,Packaging was excellent and food was hot.,Positive
6504,103953,3.0,2,2,Delivery was on time but food was mediocre.,Neutral
6505,107142,2.0,3,1,Very disappointed with the service.,Negative
6506,103464,5.0,4,5,Best biryani in town!,Positive
6507,113553,4.0,5,4,Amazing experience overall.,Positive
6508,112561,4.0,4,4,Great food and fast delivery!,Positive
6509,117286,4.0,5,4,Best biryani in town!,Positive
6510,111198,4.0,3,3,Best biryani in town!,Positive
6511,118529,5.0,5,5,Delivery partner was very polite.,Positive
6512,104726,5.0,5,5,Delivery partner was very polite.,Positive
6513,116278,5.0,5,5,Packaging was excellent and food was hot.,Positive
6514,103789,4.0,4,3,"Loved the taste, will order again.",Positive
6515,119685,4.0,3,5,Packaging was excellent and food was hot.,Positive
6516,112005,3.0,4,2,Average experience.,Neutral
6517,107452,2.0,3,2,Wrong item delivered.,Negative
6518,103743,4.0,4,5,Amazing experience overall.,Positive
6519,104673,4.0,4,3,Delivery partner was very polite.,Positive
6520,119005,4.0,4,3,Great food and fast delivery!,Positive
6521,110838,3.0,4,3,Delivery was on time but food was mediocre.,Neutral
6522,110492,2.0,1,1,Quality was not up to the mark.,Negative
6523,113052,3.0,3,4,,Neutral
6524,104789,4.0,4,3,Packaging was excellent and food was hot.,Positive
6525,101905,2.0,2,1,Order was incomplete.,Negative
6526,115739,,4,4,Best biryani in town!,Positive
6527,108903,5.0,5,5,Amazing experience overall.,Positive
6528,109203,2.0,3,1,Order was incomplete.,Negative
6529,116666,4.0,5,5,Delivery partner was very polite.,Positive
6530,102139,5.0,5,5,Best biryani in town!,Positive
6531,117662,5.0,5,5,Delivery partner was very polite.,Positive
6532,101564,3.0,4,2,,Neutral
6533,104122,1.0,2,1,Order was incomplete.,Negative
6534,119629,4.0,5,3,Packaging was excellent and food was hot.,Positive
6535,103301,5.0,5,4,Best biryani in town!,Positive
6536,118193,3.0,4,2,"Food was okay, nothing special.",Neutral
6537,103434,3.0,4,2,,Neutral
6538,101361,2.0,1,2,Order was incomplete.,Negative
6539,118637,4.0,4,3,Delivery partner was very polite.,Positive
6540,108382,5.0,5,4,Best biryani in town!,Positive
6541,105951,4.0,5,5,"Loved the taste, will order again.",Positive
6542,115684,1.0,1,2,Order was incomplete.,Negative
6543,100020,2.0,2,3,Delivery took way too long.,Negative
6544,117363,5.0,4,5,Great food and fast delivery!,Positive
6545,100271,5.0,5,5,Delivery partner was very polite.,Positive
6546,111992,4.0,5,3,"Loved the taste, will order again.",Positive
6547,107605,3.0,4,2,Average experience.,Neutral
6548,113377,2.0,1,3,Food arrived cold and late.,Negative
6549,104671,2.0,3,3,Wrong item delivered.,Negative
6550,118227,3.0,3,2,Average experience.,Neutral
6551,119161,2.0,3,3,Quality was not up to the mark.,Negative
6552,107964,5.0,5,5,Amazing experience overall.,Positive
6553,119291,4.0,3,3,Best biryani in town!,Positive
6554,111094,4.0,4,5,Best biryani in town!,Positive
6555,117126,2.0,2,2,Order was incomplete.,Negative
6556,105531,2.0,3,3,Food arrived cold and late.,Negative
6557,113045,5.0,5,4,Best biryani in town!,Positive
6558,108708,2.0,2,2,Very disappointed with the service.,Negative
6559,117011,5.0,4,4,Best biryani in town!,Positive
6560,109140,2.0,2,2,Order was incomplete.,Negative
6561,100832,3.0,3,3,,Neutral
6562,116355,3.0,4,4,Delivery was on time but food was mediocre.,Neutral
6563,104859,3.0,2,4,Delivery was on time but food was mediocre.,Neutral
6564,105773,3.0,3,2,"Food was okay, nothing special.",Neutral
6565,100359,2.0,1,2,Order was incomplete.,Negative
6566,102620,5.0,4,5,Amazing experience overall.,Positive
6567,112888,4.0,4,3,Packaging was excellent and food was hot.,Positive
6568,119214,2.0,2,1,Wrong item delivered.,Negative
6569,120483,5.0,5,5,Great food and fast delivery!,Positive
6570,112139,1.0,1,1,Order was incomplete.,Negative
6571,110048,2.0,1,1,Wrong item delivered.,Negative
6572,115668,4.0,5,5,Packaging was excellent and food was hot.,Positive
6573,115619,1.0,1,2,Delivery took way too long.,Negative
6574,103975,5.0,5,4,"Loved the taste, will order again.",Positive
6575,116884,5.0,4,5,Great food and fast delivery!,Positive
6576,100080,4.0,5,4,Amazing experience overall.,Positive
6577,112248,4.0,8,5,"Loved the taste, will order again.",Positive
6578,107781,4.0,3,5,"Loved the taste, will order again.",Positive
6579,110532,3.0,3,2,,Neutral
6580,105640,3.0,4,3,Delivery was on time but food was mediocre.,Neutral
6581,118343,3.0,2,3,Average experience.,Neutral
6582,118948,2.0,2,1,Quality was not up to the mark.,Negative
6583,115532,1.0,1,2,Very disappointed with the service.,Negative
6584,106254,,4,4,Delivery partner was very polite.,Positive
6585,102678,2.0,1,3,Quality was not up to the mark.,Negative
6586,111719,2.0,7,2,Quality was not up to the mark.,Negative
6587,118419,5.0,5,5,Amazing experience overall.,Positive
6588,101535,2.0,2,3,Food arrived cold and late.,Negative
6589,116889,3.0,4,4,Average experience.,Neutral
6590,103071,3.0,2,2,"Food was okay, nothing special.",Neutral
6591,118271,3.0,2,3,,Neutral
6592,104768,3.0,4,4,Average experience.,Neutral
6593,120418,4.0,5,3,"Loved the taste, will order again.",Positive
6594,102304,5.0,5,4,Delivery partner was very polite.,Positive
6595,117298,5.0,4,5,Best biryani in town!,Positive
6596,100844,3.0,3,3,Average experience.,Neutral
6597,100310,3.0,3,2,Delivery was on time but food was mediocre.,Neutral
6598,114895,2.0,3,3,Delivery took way too long.,Negative
6599,111756,4.0,5,4,"Loved the taste, will order again.",Positive
6600,115769,2.0,3,2,Quality was not up to the mark.,Negative
6601,107763,5.0,4,4,"Loved the taste, will order again.",Positive
6602,103738,2.0,2,2,,Negative
6603,107314,5.0,5,4,"Loved the taste, will order again.",Positive
6604,112013,3.0,2,3,Delivery was on time but food was mediocre.,Neutral
6605,100589,5.0,5,5,Great food and fast delivery!,Positive
6606,104909,4.0,3,3,,Positive
6607,105642,5.0,5,4,,Positive
6608,115269,2.0,2,3,Order was incomplete.,Negative
6609,108805,5.0,5,5,Best biryani in town!,Positive
6610,115218,5.0,4,5,Packaging was excellent and food was hot.,Positive
6611,114722,5.0,5,5,"Loved the taste, will order again.",Positive
6612,110702,1.0,2,2,Very disappointed with the service.,Negative
6613,108498,5.0,5,4,Great food and fast delivery!,Positive
6614,117752,,5,4,Delivery partner was very polite.,Positive
6615,101313,1.0,2,2,Delivery took way too long.,Negative
6616,111436,5.0,5,5,"Loved the taste, will order again.",Positive
6617,111850,5.0,5,4,"Loved the taste, will order again.",Positive
6618,115690,3.0,4,2,Delivery was on time but food was mediocre.,Neutral
6619,113362,4.0,4,5,Packaging was excellent and food was hot.,Positive
6620,103182,5.0,5,5,Best biryani in town!,Positive
6621,110889,4.0,4,3,Great food and fast delivery!,Positive
6622,117676,4.0,3,3,Delivery partner was very polite.,Positive
6623,108047,1.0,1,1,Wrong item delivered.,Negative
6624,106098,3.0,4,2,Average experience.,Neutral
6625,115435,5.0,4,5,Packaging was excellent and food was hot.,Positive
6626,111748,3.0,3,3,,Neutral
6627,106424,5.0,5,5,Packaging was excellent and food was hot.,Positive
6628,112265,1.0,1,1,Wrong item delivered.,Negative
6629,107738,5.0,5,5,Delivery partner was very polite.,Positive
6630,106282,5.0,5,5,Great food and fast delivery!,Positive
6631,106909,2.0,2,3,Wrong item delivered.,Negative
6632,113382,5.0,4,5,Packaging was excellent and food was hot.,Positive
6633,116222,4.0,3,5,Best biryani in town!,Positive
6634,109713,4.0,3,3,,Positive
6635,106918,4.0,3,4,Amazing experience overall.,Positive
6636,110159,4.0,5,3,Amazing experience overall.,Positive
6637,115390,4.0,3,4,Great food and fast delivery!,Positive
6638,114357,3.0,2,3,,Neutral
6639,117900,3.0,4,2,Average experience.,Neutral
6640,101407,5.0,5,5,Great food and fast delivery!,Positive
6641,120092,5.0,5,5,Great food and fast delivery!,Positive
6642,112066,5.0,5,4,Delivery partner was very polite.,Positive
6643,119893,2.0,1,2,Very disappointed with the service.,Negative
6644,119577,5.0,5,5,Great food and fast delivery!,Positive
6645,116334,2.0,1,1,Food arrived cold and late.,Negative
6646,105344,5.0,5,5,Amazing experience overall.,Positive
6647,110030,2.0,1,2,Delivery took way too long.,Negative
6648,100285,4.0,3,3,Amazing experience overall.,Positive
6649,111754,5.0,5,5,Amazing experience overall.,Positive
6650,111852,5.0,5,5,Packaging was excellent and food was hot.,Positive
6651,105686,4.0,5,3,Packaging was excellent and food was hot.,Positive
6652,106323,3.0,3,2,Delivery was on time but food was mediocre.,Neutral
6653,108882,2.0,2,1,Food arrived cold and late.,Negative
6654,107878,2.0,3,3,Wrong item delivered.,Negative
6655,102362,5.0,5,4,Delivery partner was very polite.,Positive
6656,117408,2.0,1,3,Food arrived cold and late.,Negative
6657,111896,5.0,5,5,Delivery partner was very polite.,Positive
6658,116100,5.0,5,4,Best biryani in town!,Positive
6659,105820,1.0,1,1,Quality was not up to the mark.,Negative
6660,114210,5.0,5,4,,Positive
6661,101989,2.0,2,3,Order was incomplete.,Negative
6662,100048,3.0,3,2,Delivery was on time but food was mediocre.,Neutral
6663,119769,3.0,4,3,Delivery was on time but food was mediocre.,Neutral
6664,101557,5.0,5,4,Packaging was excellent and food was hot.,Positive
6665,111802,2.0,1,2,Food arrived cold and late.,Negative
6666,114658,4.0,4,3,Best biryani in town!,Positive
6667,109574,5.0,4,5,Great food and fast delivery!,Positive
6668,119571,2.0,1,1,Delivery took way too long.,Negative
6669,110942,5.0,5,5,Amazing experience overall.,Positive
6670,103486,4.0,7,3,Best biryani in town!,Positive
6671,103385,4.0,3,4,Best biryani in town!,Positive
6672,108652,1.0,1,1,Order was incomplete.,Negative
6673,114015,4.0,3,5,Amazing experience overall.,Positive
6674,102122,5.0,4,5,Amazing experience overall.,Positive
6675,104663,1.0,1,1,Wrong item delivered.,Negative
6676,105604,3.0,2,2,Average experience.,Neutral
6677,113546,2.0,3,2,Food arrived cold and late.,Negative
6678,109693,4.0,4,4,Packaging was excellent and food was hot.,Positive
6679,101204,5.0,5,5,Packaging was excellent and food was hot.,Positive
6680,105488,5.0,4,4,Delivery partner was very polite.,Positive
6681,102379,3.0,2,2,Delivery was on time but food was mediocre.,Neutral
6682,101871,4.0,4,4,Amazing experience overall.,Positive
6683,113523,3.0,4,2,Average experience.,Neutral
6684,109576,1.0,2,1,Order was incomplete.,Negative
6685,119780,5.0,5,4,Amazing experience overall.,Positive
6686,100700,1.0,1,1,Wrong item delivered.,Negative
6687,103999,2.0,2,2,Quality was not up to the mark.,Negative
6688,102790,5.0,4,5,"Loved the taste, will order again.",Positive
6689,117672,,4,3,,Neutral
6690,104811,1.0,1,1,Food arrived cold and late.,Negative
6691,119655,2.0,1,3,Very disappointed with the service.,Negative
6692,107597,3.0,4,3,,Neutral
6693,116913,5.0,5,4,Best biryani in town!,Positive
6694,116293,2.0,2,1,Wrong item delivered.,Negative
6695,103848,2.0,3,2,Wrong item delivered.,Negative
6696,118785,5.0,5,4,"Loved the taste, will order again.",Positive
6697,119734,5.0,5,5,Delivery partner was very polite.,Positive
6698,114367,5.0,5,5,Packaging was excellent and food was hot.,Positive
6699,101178,5.0,5,5,"Loved the taste, will order again.",Positive
6700,113288,3.0,3,2,,Neutral
6701,120370,2.0,1,2,Very disappointed with the service.,Negative
6702,109428,2.0,1,2,Very disappointed with the service.,Negative
6703,118654,5.0,5,5,Packaging was excellent and food was hot.,Positive
6704,104810,5.0,4,5,Amazing experience overall.,Positive
6705,105573,5.0,5,4,"Loved the taste, will order again.",Positive
6706,107908,4.0,4,5,Packaging was excellent and food was hot.,Positive
6707,102147,5.0,5,4,Amazing experience overall.,Positive
6708,114960,2.0,3,1,Food arrived cold and late.,Negative
6709,106920,5.0,4,5,Great food and fast delivery!,Positive
6710,109556,4.0,4,4,Great food and fast delivery!,Positive
6711,118233,3.0,3,4,Average experience.,Neutral
6712,100201,3.0,2,3,,Neutral
6713,112309,,5,5,"Loved the taste, will order again.",Positive
6714,118311,3.0,4,4,"Food was okay, nothing special.",Neutral
6715,112883,5.0,4,5,Amazing experience overall.,Positive
6716,108889,5.0,5,5,Amazing experience overall.,Positive
6717,104295,3.0,4,2,Delivery was on time but food was mediocre.,Neutral
6718,110216,3.0,3,4,Delivery was on time but food was mediocre.,Neutral
6719,114468,4.0,3,3,Delivery partner was very polite.,Positive
6720,114460,1.0,1,1,Delivery took way too long.,Negative
6721,118089,5.0,5,5,"Loved the taste, will order again.",Positive
6722,114314,5.0,4,4,"Loved the taste, will order again.",Positive
6723,102077,4.0,4,4,Best biryani in town!,Positive
6724,113358,1.0,1,1,Very disappointed with the service.,Negative
6725,105148,5.0,5,5,Packaging was excellent and food was hot.,Positive
6726,103580,5.0,5,5,Delivery partner was very polite.,Positive
6727,109218,3.0,2,3,Average experience.,Neutral
6728,109715,3.0,4,3,,Neutral
6729,112077,2.0,2,3,Delivery took way too long.,Negative
6730,110788,4.0,4,4,Great food and fast delivery!,Positive
6731,110649,4.0,3,5,Delivery partner was very polite.,Positive
6732,115965,5.0,5,4,Amazing experience overall.,Positive
6733,108169,4.0,3,4,Delivery partner was very polite.,Positive
6734,114926,4.0,5,3,Best biryani in town!,Positive
6735,115100,1.0,2,1,Wrong item delivered.,Negative
6736,106214,4.0,5,3,Delivery partner was very polite.,Positive
6737,111020,2.0,1,3,Order was incomplete.,Negative
6738,108298,3.0,3,4,"Food was okay, nothing special.",Neutral
6739,116682,3.0,3,3,Average experience.,Neutral
6740,109671,5.0,4,5,"Loved the taste, will order again.",Positive
6741,105079,5.0,4,5,Best biryani in town!,Positive
6742,105618,5.0,5,4,Amazing experience overall.,Positive
6743,114332,1.0,2,1,Order was incomplete.,Negative
6744,113647,5.0,5,5,Amazing experience overall.,Positive
6745,107564,5.0,5,5,Great food and fast delivery!,Positive
6746,113430,3.0,4,4,"Food was okay, nothing special.",Neutral
6747,103977,5.0,5,5,Delivery partner was very polite.,Positive
6748,115785,5.0,5,5,"Loved the taste, will order again.",Positive
6749,111613,4.0,4,3,"Loved the taste, will order again.",Positive
6750,114784,1.0,1,1,Order was incomplete.,Negative
6751,114202,4.0,5,5,Packaging was excellent and food was hot.,Positive
6752,108418,3.0,3,3,"Food was okay, nothing special.",Neutral
6753,107540,4.0,4,3,"Loved the taste, will order again.",Positive
6754,118513,5.0,5,5,Best biryani in town!,Positive
6755,110994,5.0,5,4,"Loved the taste, will order again.",Positive
6756,105014,5.0,5,4,Great food and fast delivery!,Positive
6757,115988,1.0,2,1,Very disappointed with the service.,Negative
6758,100166,1.0,2,2,Very disappointed with the service.,Negative
6759,113820,3.0,3,3,Average experience.,Neutral
6760,108730,3.0,3,4,"Food was okay, nothing special.",Neutral
6761,106812,4.0,3,3,Delivery partner was very polite.,Positive
6762,114186,5.0,5,5,Amazing experience overall.,Positive
6763,104946,5.0,5,5,"Loved the taste, will order again.",Positive
6764,100731,5.0,5,4,"Loved the taste, will order again.",Positive
6765,107279,4.0,4,5,Delivery partner was very polite.,Positive
6766,115303,4.0,5,5,Best biryani in town!,Positive
6767,115928,1.0,1,2,Delivery took way too long.,Negative
6768,103246,5.0,5,5,Best biryani in town!,Positive
6769,112000,5.0,4,5,Delivery partner was very polite.,Positive
6770,110311,2.0,2,3,Quality was not up to the mark.,Negative
6771,118799,5.0,5,5,Amazing experience overall.,Positive
6772,108849,2.0,3,1,Wrong item delivered.,Negative
6773,106547,3.0,2,4,,Neutral
6774,104693,5.0,4,5,Delivery partner was very polite.,Positive
6775,104585,5.0,4,5,Packaging was excellent and food was hot.,Positive
6776,104828,5.0,5,4,"Loved the taste, will order again.",Positive
6777,109548,5.0,4,4,Best biryani in town!,Positive
6778,102960,1.0,2,2,Delivery took way too long.,Negative
6779,111072,2.0,2,2,Order was incomplete.,Negative
6780,115249,4.0,5,3,Packaging was excellent and food was hot.,Positive
6781,111256,2.0,1,2,Food arrived cold and late.,Negative
6782,108184,2.0,2,1,Wrong item delivered.,Negative
6783,108080,5.0,4,4,Best biryani in town!,Positive
6784,101136,5.0,5,5,Best biryani in town!,Positive
6785,116801,4.0,5,3,Great food and fast delivery!,Positive
6786,103697,3.0,2,2,"Food was okay, nothing special.",Neutral
6787,104243,4.0,4,4,Great food and fast delivery!,Positive
6788,106523,5.0,5,5,Packaging was excellent and food was hot.,Positive
6789,101628,2.0,2,1,Food arrived cold and late.,Negative
6790,109413,3.0,3,2,Delivery was on time but food was mediocre.,Neutral
6791,115354,2.0,2,2,Food arrived cold and late.,Negative
6792,109166,,4,4,Great food and fast delivery!,Positive
6793,119365,4.0,5,3,Packaging was excellent and food was hot.,Positive
6794,109738,4.0,5,5,Great food and fast delivery!,Positive
6795,114131,4.0,4,5,Delivery partner was very polite.,Positive
6796,105139,4.0,3,5,,Positive
6797,120134,5.0,5,5,Packaging was excellent and food was hot.,Positive
6798,114690,5.0,5,5,Great food and fast delivery!,Positive
6799,111858,1.0,2,2,Order was incomplete.,Negative
6800,104959,5.0,4,5,Amazing experience overall.,Positive
6801,101343,,5,5,Great food and fast delivery!,Positive
6802,107272,2.0,1,2,Quality was not up to the mark.,Negative
6803,106336,5.0,5,5,,Positive
6804,110131,5.0,5,5,Packaging was excellent and food was hot.,Positive
6805,106091,4.0,5,3,Best biryani in town!,Positive
6806,109494,5.0,5,5,Amazing experience overall.,Positive
6807,116429,4.0,3,5,Great food and fast delivery!,Positive
6808,115306,4.0,4,5,Amazing experience overall.,Positive
6809,103257,3.0,3,3,Delivery was on time but food was mediocre.,Neutral
6810,111916,2.0,3,1,Quality was not up to the mark.,Negative
6811,104129,3.0,4,4,Average experience.,Neutral
6812,102952,2.0,2,1,Delivery took way too long.,Negative
6813,101648,2.0,2,2,Very disappointed with the service.,Negative
6814,103140,5.0,6,5,Packaging was excellent and food was hot.,Positive
6815,113329,2.0,3,3,Quality was not up to the mark.,Negative
6816,101830,4.0,4,5,"Loved the taste, will order again.",Positive
6817,102958,5.0,5,4,Packaging was excellent and food was hot.,Positive
6818,114109,3.0,4,3,,Neutral
6819,113044,3.0,2,4,"Food was okay, nothing special.",Neutral
6820,103081,5.0,4,5,Delivery partner was very polite.,Positive
6821,104985,5.0,4,5,Amazing experience overall.,Positive
6822,113711,3.0,4,3,Delivery was on time but food was mediocre.,Neutral
6823,115790,5.0,4,5,Packaging was excellent and food was hot.,Positive
6824,111073,2.0,2,3,Wrong item delivered.,Negative
6825,117180,5.0,5,4,"Loved the taste, will order again.",Positive
6826,117119,3.0,3,3,,Neutral
6827,116916,3.0,2,3,"Food was okay, nothing special.",Neutral
6828,118932,5.0,5,4,Amazing experience overall.,Positive
6829,118711,4.0,4,5,Delivery partner was very polite.,Positive
6830,107036,2.0,1,3,Quality was not up to the mark.,Negative
6831,112873,3.0,4,4,"Food was okay, nothing special.",Neutral
6832,116748,5.0,4,4,Packaging was excellent and food was hot.,Positive
6833,108581,5.0,5,5,Packaging was excellent and food was hot.,Positive
6834,116332,4.0,4,4,Amazing experience overall.,Positive
6835,100561,4.0,5,4,,Positive
6836,101474,3.0,2,3,Delivery was on time but food was mediocre.,Neutral
6837,115727,4.0,4,5,Great food and fast delivery!,Positive
6838,117435,2.0,3,1,Food arrived cold and late.,Negative
6839,106915,4.0,5,4,"Loved the taste, will order again.",Positive
6840,100137,4.0,4,4,Amazing experience overall.,Positive
6841,108625,3.0,3,2,Average experience.,Neutral
6842,109019,3.0,3,2,,Neutral
6843,118503,2.0,1,2,Wrong item delivered.,Negative
6844,111336,3.0,4,2,"Food was okay, nothing special.",Neutral
6845,101017,,3,2,,Neutral
6846,105508,2.0,2,3,Food arrived cold and late.,Negative
6847,117395,3.0,4,2,Delivery was on time but food was mediocre.,Neutral
6848,109559,5.0,4,5,Great food and fast delivery!,Positive
6849,102744,2.0,1,2,Order was incomplete.,Negative
6850,117850,3.0,4,2,Average experience.,Neutral
6851,109900,3.0,2,4,Delivery was on time but food was mediocre.,Neutral
6852,106354,3.0,3,4,Average experience.,Neutral
6853,110732,5.0,5,5,Delivery partner was very polite.,Positive
6854,101632,4.0,5,3,"Loved the taste, will order again.",Positive
6855,107625,2.0,2,1,Delivery took way too long.,Negative
6856,107098,2.0,3,1,Delivery took way too long.,Negative
6857,102487,5.0,5,4,Amazing experience overall.,Positive
6858,117623,1.0,1,1,Order was incomplete.,Negative
6859,109636,2.0,1,2,Food arrived cold and late.,Negative
6860,115562,5.0,4,4,Packaging was excellent and food was hot.,Positive
6861,116712,4.0,4,3,Great food and fast delivery!,Positive
6862,109179,5.0,4,5,Best biryani in town!,Positive
6863,118475,1.0,2,2,Wrong item delivered.,Negative
6864,102423,5.0,4,5,Great food and fast delivery!,Positive
6865,106854,2.0,3,3,Wrong item delivered.,Negative
6866,112213,,4,4,Great food and fast delivery!,Positive
6867,105696,4.0,5,3,Best biryani in town!,Positive
6868,111487,2.0,1,2,Delivery took way too long.,Negative
6869,118811,4.0,4,3,,Positive
6870,116993,,4,5,Best biryani in town!,Positive
6871,120343,5.0,5,4,Amazing experience overall.,Positive
6872,113015,4.0,5,5,Best biryani in town!,Positive
6873,117462,5.0,5,4,Great food and fast delivery!,Positive
6874,118418,5.0,5,5,Great food and fast delivery!,Positive
6875,103943,3.0,3,4,Average experience.,Neutral
6876,105556,4.0,5,5,Packaging was excellent and food was hot.,Positive
6877,107591,2.0,1,1,Order was incomplete.,Negative
6878,119301,2.0,2,1,Order was incomplete.,Negative
6879,119757,3.0,3,4,"Food was okay, nothing special.",Neutral
6880,105849,2.0,1,1,Food arrived cold and late.,Negative
6881,112830,5.0,5,5,Packaging was excellent and food was hot.,Positive
6882,103286,2.0,3,2,Very disappointed with the service.,Negative
6883,103408,4.0,4,5,Packaging was excellent and food was hot.,Positive
6884,100433,2.0,1,2,Very disappointed with the service.,Negative
6885,117410,5.0,5,5,Packaging was excellent and food was hot.,Positive
6886,116400,2.0,1,3,Wrong item delivered.,Negative
6887,113062,4.0,5,5,Packaging was excellent and food was hot.,Positive
6888,118017,4.0,4,5,Amazing experience overall.,Positive
6889,102993,5.0,5,5,Packaging was excellent and food was hot.,Positive
6890,106692,1.0,1,1,Food arrived cold and late.,Negative
6891,118256,3.0,3,4,Delivery was on time but food was mediocre.,Neutral
6892,104953,1.0,2,1,Delivery took way too long.,Negative
6893,108340,5.0,5,5,Amazing experience overall.,Positive
6894,105433,5.0,5,5,Best biryani in town!,Positive
6895,115898,3.0,6,4,,Neutral
6896,108835,4.0,4,4,Best biryani in town!,Positive
6897,115601,5.0,5,5,Amazing experience overall.,Positive
6898,114766,2.0,1,2,Delivery took way too long.,Negative
6899,109941,5.0,5,5,Packaging was excellent and food was hot.,Positive
6900,114762,3.0,3,4,Average experience.,Neutral
6901,104388,2.0,1,2,Order was incomplete.,Negative
6902,111562,1.0,2,1,Wrong item delivered.,Negative
6903,112411,2.0,9,3,Order was incomplete.,Negative
6904,108724,5.0,4,5,"Loved the taste, will order again.",Positive
6905,118643,4.0,5,3,"Loved the taste, will order again.",Positive
6906,107636,1.0,1,1,Wrong item delivered.,Negative
6907,115073,5.0,5,5,Great food and fast delivery!,Positive
6908,104254,4.0,4,3,Delivery partner was very polite.,Positive
6909,113610,5.0,4,5,Great food and fast delivery!,Positive
6910,116616,5.0,5,4,Best biryani in town!,Positive
6911,109151,3.0,3,4,,Neutral
6912,104067,4.0,3,5,Packaging was excellent and food was hot.,Positive
6913,105351,5.0,4,5,Great food and fast delivery!,Positive
6914,110354,2.0,3,3,Quality was not up to the mark.,Negative
6915,106508,2.0,1,2,Delivery took way too long.,Negative
6916,107403,5.0,4,5,Packaging was excellent and food was hot.,Positive
6917,109773,4.0,5,3,Amazing experience overall.,Positive
6918,113779,5.0,5,5,Amazing experience overall.,Positive
6919,117099,4.0,4,3,Delivery partner was very polite.,Positive
6920,114899,5.0,5,5,Great food and fast delivery!,Positive
6921,110399,1.0,1,1,Order was incomplete.,Negative
6922,108442,5.0,4,5,Best biryani in town!,Positive
6923,103153,2.0,3,1,Delivery took way too long.,Negative
6924,114643,5.0,5,5,Delivery partner was very polite.,Positive
6925,100634,1.0,1,1,Order was incomplete.,Negative
6926,110036,3.0,2,2,Delivery was on time but food was mediocre.,Neutral
6927,118053,5.0,4,5,Packaging was excellent and food was hot.,Positive
6928,101937,5.0,4,4,"Loved the taste, will order again.",Positive
6929,106724,5.0,4,4,Great food and fast delivery!,Positive
6930,112655,5.0,5,5,"Loved the taste, will order again.",Positive
6931,116854,5.0,5,4,"Loved the taste, will order again.",Positive
6932,101527,1.0,2,2,Delivery took way too long.,Negative
6933,107093,5.0,5,5,Best biryani in town!,Positive
6934,110034,3.0,4,2,Average experience.,Neutral
6935,108364,2.0,2,1,Very disappointed with the service.,Negative
6936,105136,3.0,4,3,Average experience.,Neutral
6937,119422,5.0,5,4,Packaging was excellent and food was hot.,Positive
6938,110580,5.0,4,4,Amazing experience overall.,Positive
6939,101375,5.0,4,5,Great food and fast delivery!,Positive
6940,116520,5.0,5,5,Best biryani in town!,Positive
6941,119905,,5,5,Great food and fast delivery!,Positive
6942,107000,5.0,5,5,"Loved the taste, will order again.",Positive
6943,110799,4.0,4,5,"Loved the taste, will order again.",Positive
6944,109124,2.0,3,2,Food arrived cold and late.,Negative
6945,108583,1.0,1,1,Wrong item delivered.,Negative
6946,110473,5.0,4,5,Best biryani in town!,Positive
6947,111524,3.0,3,2,"Food was okay, nothing special.",Neutral
6948,105001,4.0,3,5,"Loved the taste, will order again.",Positive
6949,102951,4.0,5,4,Great food and fast delivery!,Positive
6950,105735,1.0,1,2,Food arrived cold and late.,Negative
6951,104266,3.0,4,4,"Food was okay, nothing special.",Neutral
6952,119494,2.0,3,1,,Negative
6953,102671,3.0,3,3,"Food was okay, nothing special.",Neutral
6954,105579,3.0,3,2,"Food was okay, nothing special.",Neutral
6955,120356,3.0,2,2,,Neutral
6956,110414,4.0,5,5,Great food and fast delivery!,Positive
6957,101965,5.0,5,4,Best biryani in town!,Positive
6958,103730,5.0,4,5,Delivery partner was very polite.,Positive
6959,118930,4.0,3,4,Great food and fast delivery!,Positive
6960,112181,3.0,4,4,"Food was okay, nothing special.",Neutral
6961,101769,4.0,3,3,Great food and fast delivery!,Positive
6962,105163,5.0,5,5,Best biryani in town!,Positive
6963,119502,5.0,5,4,Great food and fast delivery!,Positive
6964,108831,5.0,5,4,Delivery partner was very polite.,Positive
6965,100567,5.0,4,5,Great food and fast delivery!,Positive
6966,102352,5.0,5,4,"Loved the taste, will order again.",Positive
6967,100525,1.0,1,2,Very disappointed with the service.,Negative
6968,103265,2.0,1,1,Delivery took way too long.,Negative
6969,100658,1.0,1,2,Order was incomplete.,Negative
6970,114591,4.0,5,4,Amazing experience overall.,Positive
6971,106843,4.0,5,4,Packaging was excellent and food was hot.,Positive
6972,117655,2.0,1,3,Quality was not up to the mark.,Negative
6973,117164,5.0,5,5,Amazing experience overall.,Positive
6974,102421,2.0,2,3,Wrong item delivered.,Negative
6975,108626,5.0,5,5,Amazing experience overall.,Positive
6976,116460,1.0,1,2,,Negative
6977,116009,5.0,4,5,Packaging was excellent and food was hot.,Positive
6978,112444,3.0,3,3,"Food was okay, nothing special.",Neutral
6979,109901,4.0,5,3,Best biryani in town!,Positive
6980,118309,5.0,4,5,Packaging was excellent and food was hot.,Positive
6981,106912,2.0,1,1,Very disappointed with the service.,Negative
6982,114675,5.0,4,4,Packaging was excellent and food was hot.,Positive
6983,116775,4.0,4,4,Best biryani in town!,Positive
6984,119408,4.0,4,5,Delivery partner was very polite.,Positive
6985,102119,,3,5,Great food and fast delivery!,Positive
6986,113604,5.0,5,4,Great food and fast delivery!,Positive
6987,101083,3.0,3,4,Delivery was on time but food was mediocre.,Neutral
6988,106308,4.0,3,4,Best biryani in town!,Positive
6989,113371,2.0,2,2,Very disappointed with the service.,Negative
6990,107046,4.0,3,3,Best biryani in town!,Positive
6991,117116,5.0,4,5,Packaging was excellent and food was hot.,Positive
6992,120000,1.0,1,1,Quality was not up to the mark.,Negative
6993,109274,2.0,3,3,Wrong item delivered.,Negative
6994,110135,5.0,5,5,"Loved the taste, will order again.",Positive
6995,112245,2.0,3,3,Delivery took way too long.,Negative
6996,117182,1.0,2,2,Wrong item delivered.,Negative
6997,100373,3.0,4,2,Delivery was on time but food was mediocre.,Neutral
6998,106805,4.0,3,4,"Loved the taste, will order again.",Positive
6999,119708,4.0,3,5,Packaging was excellent and food was hot.,Positive
7000,101090,5.0,5,4,Great food and fast delivery!,Positive
7001,116417,5.0,5,5,Great food and fast delivery!,Positive
7002,112972,3.0,3,3,Average experience.,Neutral
7003,102999,3.0,2,4,"Food was okay, nothing special.",Neutral
7004,114233,5.0,4,5,Delivery partner was very polite.,Positive
7005,119093,5.0,4,5,Great food and fast delivery!,Positive
7006,109677,4.0,4,4,Amazing experience overall.,Positive
7007,102573,3.0,3,3,"Food was okay, nothing special.",Neutral
7008,109509,3.0,4,3,,Neutral
7009,115713,5.0,5,5,Packaging was excellent and food was hot.,Positive
7010,108989,,1,1,Order was incomplete.,Negative
7011,103068,3.0,3,4,,Neutral
7012,117492,4.0,5,4,Best biryani in town!,Positive
7013,109460,2.0,3,3,Wrong item delivered.,Negative
7014,118993,2.0,1,2,Order was incomplete.,Negative
7015,102020,,5,5,Best biryani in town!,Positive
7016,119754,3.0,4,4,Delivery was on time but food was mediocre.,Neutral
7017,104691,3.0,4,2,,Neutral
7018,108939,5.0,4,5,Delivery partner was very polite.,Positive
7019,109784,5.0,5,5,Amazing experience overall.,Positive
7020,111152,5.0,4,5,"Loved the taste, will order again.",Positive
7021,103879,4.0,5,4,Amazing experience overall.,Positive
7022,117686,4.0,4,3,Great food and fast delivery!,Positive
7023,108495,5.0,5,4,Amazing experience overall.,Positive
7024,105201,3.0,3,2,Average experience.,Neutral
7025,118650,5.0,4,5,Packaging was excellent and food was hot.,Positive
7026,103838,2.0,3,1,Quality was not up to the mark.,Negative
7027,105679,4.0,3,5,Best biryani in town!,Positive
7028,115946,2.0,2,1,Wrong item delivered.,Negative
7029,120446,,4,3,"Food was okay, nothing special.",Neutral
7030,117468,2.0,2,3,Food arrived cold and late.,Negative
7031,102459,1.0,1,2,Food arrived cold and late.,Negative
7032,107048,2.0,2,3,Food arrived cold and late.,Negative
7033,107086,1.0,2,2,Order was incomplete.,Negative
7034,116230,2.0,3,1,Food arrived cold and late.,Negative
7035,112813,5.0,4,4,"Loved the taste, will order again.",Positive
7036,114012,5.0,5,5,"Loved the taste, will order again.",Positive
7037,104433,5.0,4,5,Amazing experience overall.,Positive
7038,110911,2.0,2,1,Food arrived cold and late.,Negative
7039,107162,3.0,2,4,Delivery was on time but food was mediocre.,Neutral
7040,117589,2.0,1,1,Wrong item delivered.,Negative
7041,108060,4.0,4,3,"Loved the taste, will order again.",Positive
7042,108111,5.0,5,5,"Loved the taste, will order again.",Positive
7043,109173,5.0,5,5,Great food and fast delivery!,Positive
7044,101487,3.0,2,4,Average experience.,Neutral
7045,114742,2.0,2,1,Order was incomplete.,Negative
7046,106544,5.0,5,4,Amazing experience overall.,Positive
7047,120197,5.0,4,4,Delivery partner was very polite.,Positive
7048,100894,2.0,3,3,Wrong item delivered.,Negative
7049,105471,5.0,5,4,"Loved the taste, will order again.",Positive
7050,105376,5.0,5,5,Packaging was excellent and food was hot.,Positive
7051,114706,1.0,1,2,Wrong item delivered.,Negative
7052,110793,4.0,3,4,Best biryani in town!,Positive
7053,102884,5.0,5,5,Best biryani in town!,Positive
7054,113478,2.0,1,1,Quality was not up to the mark.,Negative
7055,104249,4.0,3,5,Best biryani in town!,Positive
7056,109711,2.0,3,2,Order was incomplete.,Negative
7057,116348,4.0,4,4,Great food and fast delivery!,Positive
7058,119619,1.0,1,2,Food arrived cold and late.,Negative
7059,100360,2.0,1,2,Very disappointed with the service.,Negative
7060,108428,5.0,4,5,"Loved the taste, will order again.",Positive
7061,116271,3.0,2,2,Delivery was on time but food was mediocre.,Neutral
7062,117278,4.0,3,4,Amazing experience overall.,Positive
7063,101757,4.0,4,5,"Loved the taste, will order again.",Positive
7064,117497,3.0,4,2,Average experience.,Neutral
7065,120070,1.0,2,2,Wrong item delivered.,Negative
7066,114829,5.0,5,4,Packaging was excellent and food was hot.,Positive
7067,101971,2.0,3,1,Food arrived cold and late.,Negative
7068,108770,4.0,3,3,Packaging was excellent and food was hot.,Positive
7069,109555,3.0,2,4,"Food was okay, nothing special.",Neutral
7070,116412,3.0,4,2,Average experience.,Neutral
7071,100869,4.0,3,5,Great food and fast delivery!,Positive
7072,106252,1.0,1,2,Delivery took way too long.,Negative
7073,110416,4.0,4,3,"Loved the taste, will order again.",Positive
7074,107927,5.0,5,5,"Loved the taste, will order again.",Positive
7075,117388,5.0,5,5,Great food and fast delivery!,Positive
7076,113254,3.0,2,4,,Neutral
7077,115835,4.0,3,5,Delivery partner was very polite.,Positive
7078,119557,3.0,4,2,Average experience.,Neutral
7079,113209,5.0,5,5,Amazing experience overall.,Positive
7080,103680,2.0,1,1,Wrong item delivered.,Negative
7081,113953,4.0,3,3,Packaging was excellent and food was hot.,Positive
7082,113765,4.0,6,3,Great food and fast delivery!,Positive
7083,101890,3.0,4,2,,Neutral
7084,113767,4.0,5,3,Packaging was excellent and food was hot.,Positive
7085,100554,4.0,5,5,"Loved the taste, will order again.",Positive
7086,104312,5.0,5,5,Delivery partner was very polite.,Positive
7087,115132,1.0,2,1,Delivery took way too long.,Negative
7088,117582,3.0,2,2,Average experience.,Neutral
7089,106007,3.0,2,2,"Food was okay, nothing special.",Neutral
7090,100705,5.0,5,5,Amazing experience overall.,Positive
7091,111304,4.0,4,3,Delivery partner was very polite.,Positive
7092,100085,5.0,5,5,Delivery partner was very polite.,Positive
7093,103065,2.0,3,3,Order was incomplete.,Negative
7094,109614,3.0,2,2,Delivery was on time but food was mediocre.,Neutral
7095,102804,5.0,5,5,Best biryani in town!,Positive
7096,103217,4.0,3,5,Delivery partner was very polite.,Positive
7097,110240,4.0,4,3,"Loved the taste, will order again.",Positive
7098,110826,2.0,2,2,Very disappointed with the service.,Negative
7099,111333,5.0,5,5,Packaging was excellent and food was hot.,Positive
7100,114613,3.0,3,2,,Neutral
7101,119632,5.0,5,4,Best biryani in town!,Positive
7102,118724,4.0,4,5,Best biryani in town!,Positive
7103,108752,4.0,5,3,Great food and fast delivery!,Positive
7104,116255,,5,5,Best biryani in town!,Positive
7105,117535,4.0,4,3,Best biryani in town!,Positive
7106,108958,3.0,2,3,,Neutral
7107,112967,5.0,5,5,Amazing experience overall.,Positive
7108,105993,3.0,3,4,"Food was okay, nothing special.",Neutral
7109,114389,5.0,5,5,Best biryani in town!,Positive
7110,108933,2.0,1,1,Food arrived cold and late.,Negative
7111,109199,5.0,5,5,Amazing experience overall.,Positive
7112,113936,5.0,5,5,"Loved the taste, will order again.",Positive
7113,113522,1.0,2,1,Wrong item delivered.,Negative
7114,106008,,3,4,Packaging was excellent and food was hot.,Positive
7115,114269,3.0,4,4,Delivery was on time but food was mediocre.,Neutral
7116,117483,2.0,2,2,Food arrived cold and late.,Negative
7117,117106,3.0,3,2,"Food was okay, nothing special.",Neutral
7118,114494,1.0,1,2,Order was incomplete.,Negative
7119,112508,2.0,2,1,Wrong item delivered.,Negative
7120,119340,2.0,1,2,Very disappointed with the service.,Negative
7121,109632,5.0,5,5,Amazing experience overall.,Positive
7122,119745,2.0,1,2,Order was incomplete.,Negative
7123,102836,4.0,4,4,Best biryani in town!,Positive
7124,106331,3.0,3,3,Delivery was on time but food was mediocre.,Neutral
7125,111786,5.0,5,5,Delivery partner was very polite.,Positive
7126,100694,5.0,4,5,Best biryani in town!,Positive
7127,112270,5.0,4,4,Delivery partner was very polite.,Positive
7128,101404,4.0,5,4,Amazing experience overall.,Positive
7129,109937,3.0,4,3,Delivery was on time but food was mediocre.,Neutral
7130,102069,,4,5,Great food and fast delivery!,Positive
7131,120387,5.0,5,5,Great food and fast delivery!,Positive
7132,117147,3.0,2,2,,Neutral
7133,106550,2.0,2,1,Wrong item delivered.,Negative
7134,105662,5.0,4,4,"Loved the taste, will order again.",Positive
7135,104905,4.0,5,4,Delivery partner was very polite.,Positive
7136,103398,3.0,4,2,"Food was okay, nothing special.",Neutral
7137,103548,5.0,5,5,,Positive
7138,118443,5.0,5,4,Best biryani in town!,Positive
7139,115969,3.0,2,2,,Neutral
7140,110775,4.0,3,3,Great food and fast delivery!,Positive
7141,107702,4.0,4,5,Best biryani in town!,Positive
7142,110239,2.0,1,1,Wrong item delivered.,Negative
7143,119693,4.0,5,3,Great food and fast delivery!,Positive
7144,118690,4.0,5,5,"Loved the taste, will order again.",Positive
7145,110261,2.0,1,2,Quality was not up to the mark.,Negative
7146,101779,5.0,5,5,Delivery partner was very polite.,Positive
7147,111785,4.0,3,3,Great food and fast delivery!,Positive
7148,118070,2.0,2,1,Delivery took way too long.,Negative
7149,117321,5.0,4,5,Amazing experience overall.,Positive
7150,108278,4.0,4,5,Amazing experience overall.,Positive
7151,111620,5.0,5,5,"Loved the taste, will order again.",Positive
7152,107786,2.0,1,3,Order was incomplete.,Negative
7153,106896,3.0,4,4,Delivery was on time but food was mediocre.,Neutral
7154,114158,1.0,1,1,Order was incomplete.,Negative
7155,119690,2.0,2,2,Wrong item delivered.,Negative
7156,100164,5.0,5,4,Packaging was excellent and food was hot.,Positive
7157,112081,4.0,5,5,"Loved the taste, will order again.",Positive
7158,115089,4.0,3,5,Best biryani in town!,Positive
7159,105750,4.0,3,4,Packaging was excellent and food was hot.,Positive
7160,105678,5.0,5,5,Delivery partner was very polite.,Positive
7161,107519,5.0,5,4,Amazing experience overall.,Positive
7162,114082,3.0,3,4,Delivery was on time but food was mediocre.,Neutral
7163,117463,3.0,2,2,"Food was okay, nothing special.",Neutral
7164,119715,4.0,5,5,"Loved the taste, will order again.",Positive
7165,120243,2.0,3,3,Food arrived cold and late.,Negative
7166,111642,4.0,3,4,Packaging was excellent and food was hot.,Positive
7167,101930,3.0,3,4,Average experience.,Neutral
7168,105288,5.0,5,5,Great food and fast delivery!,Positive
7169,105665,2.0,2,3,Quality was not up to the mark.,Negative
7170,107450,5.0,5,4,Great food and fast delivery!,Positive
7171,109489,5.0,5,5,Best biryani in town!,Positive
7172,118917,5.0,4,5,Amazing experience overall.,Positive
7173,106738,5.0,5,5,,Positive
7174,118682,5.0,5,4,Packaging was excellent and food was hot.,Positive
7175,114079,5.0,5,5,Great food and fast delivery!,Positive
7176,102940,1.0,1,1,Wrong item delivered.,Negative
7177,117090,3.0,3,2,Average experience.,Neutral
7178,109529,1.0,1,1,Food arrived cold and late.,Negative
7179,118064,5.0,5,5,"Loved the taste, will order again.",Positive
7180,106285,5.0,5,5,Great food and fast delivery!,Positive
7181,101247,3.0,3,4,,Neutral
7182,101436,3.0,4,3,Delivery was on time but food was mediocre.,Neutral
7183,108454,2.0,3,2,Order was incomplete.,Negative
7184,105161,5.0,4,4,Great food and fast delivery!,Positive
7185,117209,5.0,5,4,Packaging was excellent and food was hot.,Positive
7186,109455,5.0,4,5,Amazing experience overall.,Positive
7187,115181,5.0,5,5,Packaging was excellent and food was hot.,Positive
7188,108937,5.0,4,5,Best biryani in town!,Positive
7189,104776,5.0,5,5,Best biryani in town!,Positive
7190,101067,5.0,5,5,"Loved the taste, will order again.",Positive
7191,110618,5.0,4,5,"Loved the taste, will order again.",Positive
7192,108480,3.0,2,2,,Neutral
7193,112002,3.0,3,4,"Food was okay, nothing special.",Neutral
7194,116961,3.0,2,4,Delivery was on time but food was mediocre.,Neutral
7195,108912,5.0,4,5,Best biryani in town!,Positive
7196,111659,4.0,4,4,Amazing experience overall.,Positive
7197,109479,2.0,2,2,Food arrived cold and late.,Negative
7198,105940,3.0,4,4,Average experience.,Neutral
7199,113398,5.0,5,5,Great food and fast delivery!,Positive
7200,110996,5.0,5,4,Delivery partner was very polite.,Positive
7201,113214,2.0,3,1,Delivery took way too long.,Negative
7202,107308,5.0,5,5,"Loved the taste, will order again.",Positive
7203,101251,5.0,4,4,Amazing experience overall.,Positive
7204,114040,4.0,3,3,Great food and fast delivery!,Positive
7205,115839,2.0,2,1,Quality was not up to the mark.,Negative
7206,112291,3.0,2,3,Delivery was on time but food was mediocre.,Neutral
7207,104223,4.0,4,5,Amazing experience overall.,Positive
7208,101050,2.0,1,1,Wrong item delivered.,Negative
7209,112363,5.0,4,4,Great food and fast delivery!,Positive
7210,102772,5.0,5,5,Great food and fast delivery!,Positive
7211,102290,2.0,3,2,Order was incomplete.,Negative
7212,115045,1.0,1,2,Quality was not up to the mark.,Negative
7213,103753,4.0,3,4,Great food and fast delivery!,Positive
7214,113800,5.0,4,5,Delivery partner was very polite.,Positive
7215,111331,5.0,5,5,Amazing experience overall.,Positive
7216,106327,2.0,3,3,Order was incomplete.,Negative
7217,117072,4.0,3,5,Great food and fast delivery!,Positive
7218,108380,3.0,3,4,"Food was okay, nothing special.",Neutral
7219,103250,2.0,2,3,Delivery took way too long.,Negative
7220,117246,5.0,4,5,"Loved the taste, will order again.",Positive
7221,114327,,2,2,Order was incomplete.,Negative
7222,106739,4.0,4,3,Delivery partner was very polite.,Positive
7223,117781,3.0,3,2,,Neutral
7224,108109,2.0,3,3,Wrong item delivered.,Negative
7225,105326,5.0,5,4,,Positive
7226,116995,2.0,3,3,Wrong item delivered.,Negative
7227,112552,3.0,2,2,"Food was okay, nothing special.",Neutral
7228,109384,3.0,4,3,Average experience.,Neutral
7229,115327,1.0,2,1,Very disappointed with the service.,Negative
7230,105120,4.0,5,4,Packaging was excellent and food was hot.,Positive
7231,100146,3.0,4,2,"Food was okay, nothing special.",Neutral
7232,114615,5.0,4,5,Best biryani in town!,Positive
7233,116765,5.0,4,5,,Positive
7234,119065,5.0,5,5,Great food and fast delivery!,Positive
7235,112910,3.0,2,3,Average experience.,Neutral
7236,114780,5.0,5,5,"Loved the taste, will order again.",Positive
7237,114948,5.0,5,4,Amazing experience overall.,Positive
7238,102676,5.0,5,5,Packaging was excellent and food was hot.,Positive
7239,108416,3.0,3,4,"Food was okay, nothing special.",Neutral
7240,105175,5.0,4,5,Best biryani in town!,Positive
7241,100886,2.0,3,3,Delivery took way too long.,Negative
7242,101391,3.0,3,3,"Food was okay, nothing special.",Neutral
7243,107801,3.0,3,2,,Neutral
7244,120189,3.0,2,4,Delivery was on time but food was mediocre.,Neutral
7245,104970,4.0,3,3,"Loved the taste, will order again.",Positive
7246,115771,4.0,3,3,Packaging was excellent and food was hot.,Positive
7247,110885,5.0,5,4,Best biryani in town!,Positive
7248,114470,5.0,5,4,"Loved the taste, will order again.",Positive
7249,110151,3.0,4,2,,Neutral
7250,120200,3.0,7,4,,Neutral
7251,120421,2.0,2,1,Food arrived cold and late.,Negative
7252,102091,3.0,3,3,Delivery was on time but food was mediocre.,Neutral
7253,109730,5.0,5,4,Best biryani in town!,Positive
7254,103859,5.0,4,4,Delivery partner was very polite.,Positive
7255,110308,3.0,3,3,,Neutral
7256,116783,4.0,5,5,Best biryani in town!,Positive
7257,115356,4.0,4,4,Best biryani in town!,Positive
7258,117374,2.0,3,2,Delivery took way too long.,Negative
7259,115124,5.0,5,4,Great food and fast delivery!,Positive
7260,115437,2.0,2,2,Very disappointed with the service.,Negative
7261,104977,5.0,4,4,Best biryani in town!,Positive
7262,101555,4.0,4,5,"Loved the taste, will order again.",Positive
7263,114173,4.0,3,3,"Loved the taste, will order again.",Positive
7264,102847,4.0,4,4,Packaging was excellent and food was hot.,Positive
7265,109960,5.0,5,4,Delivery partner was very polite.,Positive
7266,104462,1.0,1,2,Food arrived cold and late.,Negative
7267,101488,3.0,2,2,"Food was okay, nothing special.",Neutral
7268,117316,3.0,4,4,,Neutral
7269,116715,2.0,2,3,Wrong item delivered.,Negative
7270,117739,2.0,3,2,Delivery took way too long.,Negative
7271,105149,2.0,1,1,Food arrived cold and late.,Negative
7272,103993,4.0,5,4,"Loved the taste, will order again.",Positive
7273,108415,2.0,2,2,Wrong item delivered.,Negative
7274,107133,3.0,3,2,"Food was okay, nothing special.",Neutral
7275,101694,5.0,5,4,Amazing experience overall.,Positive
7276,115238,2.0,2,1,Very disappointed with the service.,Negative
7277,104698,5.0,5,4,Amazing experience overall.,Positive
7278,100004,5.0,4,5,Best biryani in town!,Positive
7279,112468,2.0,2,1,Order was incomplete.,Negative
7280,106672,5.0,5,5,Amazing experience overall.,Positive
7281,100564,1.0,1,1,Food arrived cold and late.,Negative
7282,119375,1.0,2,2,Food arrived cold and late.,Negative
7283,114871,5.0,5,5,Packaging was excellent and food was hot.,Positive
7284,114740,5.0,4,5,Great food and fast delivery!,Positive
7285,101070,5.0,4,4,"Loved the taste, will order again.",Positive
7286,105239,5.0,4,5,"Loved the taste, will order again.",Positive
7287,102391,4.0,4,3,Delivery partner was very polite.,Positive
7288,110692,4.0,5,3,Delivery partner was very polite.,Positive
7289,119804,5.0,5,5,"Loved the taste, will order again.",Positive
7290,105366,5.0,4,5,Packaging was excellent and food was hot.,Positive
7291,112635,4.0,5,4,Amazing experience overall.,Positive
7292,108904,3.0,3,2,"Food was okay, nothing special.",Neutral
7293,113654,5.0,5,4,,Positive
7294,114678,3.0,4,4,,Neutral
7295,115578,5.0,5,5,Packaging was excellent and food was hot.,Positive
7296,112240,5.0,5,5,"Loved the taste, will order again.",Positive
7297,117268,4.0,5,5,Great food and fast delivery!,Positive
7298,120041,3.0,3,4,Delivery was on time but food was mediocre.,Neutral
7299,117282,1.0,2,2,Food arrived cold and late.,Negative
7300,110749,3.0,2,3,Delivery was on time but food was mediocre.,Neutral
7301,114903,,4,5,Delivery partner was very polite.,Positive
7302,111337,3.0,2,2,Average experience.,Neutral
7303,115288,1.0,2,2,Order was incomplete.,Negative
7304,101513,4.0,5,5,"Loved the taste, will order again.",Positive
7305,111825,5.0,5,5,"Loved the taste, will order again.",Positive
7306,117276,1.0,2,1,Delivery took way too long.,Negative
7307,109458,2.0,1,1,Order was incomplete.,Negative
7308,101048,2.0,1,3,Quality was not up to the mark.,Negative
7309,107814,5.0,5,5,,Positive
7310,117726,5.0,4,4,Delivery partner was very polite.,Positive
7311,114260,5.0,5,5,Packaging was excellent and food was hot.,Positive
7312,118949,2.0,3,3,Food arrived cold and late.,Negative
7313,112897,5.0,5,5,Best biryani in town!,Positive
7314,115170,2.0,1,1,Very disappointed with the service.,Negative
7315,103063,5.0,5,4,Great food and fast delivery!,Positive
7316,116849,3.0,4,2,"Food was okay, nothing special.",Neutral
7317,108931,2.0,2,2,,Negative
7318,101073,5.0,5,4,Packaging was excellent and food was hot.,Positive
7319,105262,5.0,5,5,Amazing experience overall.,Positive
7320,102341,1.0,1,1,Wrong item delivered.,Negative
7321,107321,3.0,3,4,Average experience.,Neutral
7322,105290,1.0,1,1,Quality was not up to the mark.,Negative
7323,113903,2.0,3,1,Delivery took way too long.,Negative
7324,111192,5.0,4,5,Delivery partner was very polite.,Positive
7325,116723,4.0,4,5,Amazing experience overall.,Positive
7326,120250,5.0,5,4,Great food and fast delivery!,Positive
7327,102816,5.0,5,5,Delivery partner was very polite.,Positive
7328,115537,5.0,4,4,Delivery partner was very polite.,Positive
7329,112827,5.0,4,4,Great food and fast delivery!,Positive
7330,105536,5.0,5,5,"Loved the taste, will order again.",Positive
7331,114361,4.0,4,3,"Loved the taste, will order again.",Positive
7332,112955,4.0,3,3,Packaging was excellent and food was hot.,Positive
7333,113518,4.0,5,5,Packaging was excellent and food was hot.,Positive
7334,112666,1.0,1,1,Delivery took way too long.,Negative
7335,114727,4.0,5,4,Great food and fast delivery!,Positive
7336,119073,4.0,4,4,Delivery partner was very polite.,Positive
7337,116613,4.0,3,3,Amazing experience overall.,Positive
7338,102619,4.0,4,5,"Loved the taste, will order again.",Positive
7339,104377,4.0,5,5,Packaging was excellent and food was hot.,Positive
7340,111712,1.0,1,1,Quality was not up to the mark.,Negative
7341,109833,4.0,3,4,Great food and fast delivery!,Positive
7342,112870,3.0,4,3,Delivery was on time but food was mediocre.,Neutral
7343,101378,,2,3,,Neutral
7344,109399,4.0,5,4,Delivery partner was very polite.,Positive
7345,115607,3.0,3,4,,Neutral
7346,104564,2.0,3,3,Very disappointed with the service.,Negative
7347,118447,2.0,3,3,Quality was not up to the mark.,Negative
7348,109948,4.0,5,4,Delivery partner was very polite.,Positive
7349,104049,2.0,2,3,Very disappointed with the service.,Negative
7350,101822,5.0,4,5,Amazing experience overall.,Positive
7351,114394,5.0,5,4,Great food and fast delivery!,Positive
7352,117688,2.0,1,3,Quality was not up to the mark.,Negative
7353,105190,1.0,1,1,,Negative
7354,113787,2.0,3,3,Very disappointed with the service.,Negative
7355,100277,4.0,3,4,Best biryani in town!,Positive
7356,113808,5.0,5,5,Packaging was excellent and food was hot.,Positive
7357,102883,5.0,5,5,"Loved the taste, will order again.",Positive
7358,115597,5.0,5,5,Amazing experience overall.,Positive
7359,113741,3.0,4,2,Average experience.,Neutral
7360,107573,2.0,2,3,Wrong item delivered.,Negative
7361,107736,,3,4,Delivery was on time but food was mediocre.,Neutral
7362,109240,2.0,3,2,Very disappointed with the service.,Negative
7363,110679,5.0,5,5,Great food and fast delivery!,Positive
7364,104489,4.0,4,3,Packaging was excellent and food was hot.,Positive
7365,102596,1.0,2,2,Order was incomplete.,Negative
7366,110568,3.0,2,4,"Food was okay, nothing special.",Neutral
7367,103406,3.0,2,2,"Food was okay, nothing special.",Neutral
7368,108094,4.0,3,5,Delivery partner was very polite.,Positive
7369,111085,5.0,4,5,,Positive
7370,118093,4.0,4,5,Delivery partner was very polite.,Positive
7371,105499,3.0,4,2,Average experience.,Neutral
7372,103880,5.0,5,5,Best biryani in town!,Positive
7373,107624,1.0,2,2,Very disappointed with the service.,Negative
7374,109291,1.0,1,2,Order was incomplete.,Negative
7375,120020,5.0,4,4,Delivery partner was very polite.,Positive
7376,104058,5.0,5,5,Packaging was excellent and food was hot.,Positive
7377,117852,3.0,2,4,Delivery was on time but food was mediocre.,Neutral
7378,113862,3.0,2,2,Delivery was on time but food was mediocre.,Neutral
7379,109787,5.0,4,5,Best biryani in town!,Positive
7380,102179,5.0,5,5,Delivery partner was very polite.,Positive
7381,110538,1.0,1,1,Very disappointed with the service.,Negative
7382,107962,5.0,9,4,Great food and fast delivery!,Positive
7383,115805,5.0,4,4,,Positive
7384,105994,3.0,3,2,Delivery was on time but food was mediocre.,Neutral
7385,120498,5.0,5,5,"Loved the taste, will order again.",Positive
7386,104521,2.0,3,2,Very disappointed with the service.,Negative
7387,103536,5.0,5,4,Delivery partner was very polite.,Positive
7388,110652,2.0,3,1,Quality was not up to the mark.,Negative
7389,109415,2.0,2,1,Wrong item delivered.,Negative
7390,114027,3.0,4,4,Delivery was on time but food was mediocre.,Neutral
7391,103357,5.0,5,5,Best biryani in town!,Positive
7392,114619,3.0,2,4,Average experience.,Neutral
7393,112702,3.0,3,2,Delivery was on time but food was mediocre.,Neutral
7394,114287,1.0,2,1,Order was incomplete.,Negative
7395,108154,1.0,1,1,Delivery took way too long.,Negative
7396,102888,5.0,5,5,Best biryani in town!,Positive
7397,119013,3.0,4,3,,Neutral
7398,101721,4.0,3,3,"Loved the taste, will order again.",Positive
7399,117444,5.0,5,4,Delivery partner was very polite.,Positive
7400,108577,4.0,3,5,Packaging was excellent and food was hot.,Positive
7401,102766,3.0,2,4,Average experience.,Neutral
7402,118911,5.0,4,4,"Loved the taste, will order again.",Positive
7403,118540,3.0,4,4,Delivery was on time but food was mediocre.,Neutral
7404,109046,2.0,2,1,Quality was not up to the mark.,Negative
7405,119901,5.0,4,4,Delivery partner was very polite.,Positive
7406,109215,2.0,2,3,Quality was not up to the mark.,Negative
7407,106137,2.0,2,1,Food arrived cold and late.,Negative
7408,119181,5.0,5,5,Amazing experience overall.,Positive
7409,111324,3.0,3,2,,Neutral
7410,108456,5.0,5,5,Packaging was excellent and food was hot.,Positive
7411,101028,5.0,5,5,"Loved the taste, will order again.",Positive
7412,107353,,8,4,Packaging was excellent and food was hot.,Positive
7413,120126,2.0,3,2,Wrong item delivered.,Negative
7414,120495,4.0,5,5,Great food and fast delivery!,Positive
7415,108639,1.0,1,1,Very disappointed with the service.,Negative
7416,103846,3.0,3,4,,Neutral
7417,100442,3.0,3,2,Delivery was on time but food was mediocre.,Neutral
7418,117796,5.0,5,4,,Positive
7419,116766,5.0,4,5,"Loved the taste, will order again.",Positive
7420,102303,4.0,5,3,Great food and fast delivery!,Positive
7421,116811,5.0,4,5,Packaging was excellent and food was hot.,Positive
7422,109052,5.0,5,4,Delivery partner was very polite.,Positive
7423,102705,1.0,1,1,,Negative
7424,100193,2.0,3,2,Quality was not up to the mark.,Negative
7425,104097,5.0,5,5,Amazing experience overall.,Positive
7426,110391,4.0,3,5,"Loved the taste, will order again.",Positive
7427,114788,4.0,4,4,Best biryani in town!,Positive
7428,116966,5.0,5,5,Amazing experience overall.,Positive
7429,101043,5.0,5,4,Great food and fast delivery!,Positive
7430,116180,5.0,4,4,"Loved the taste, will order again.",Positive
7431,106853,5.0,5,5,Packaging was excellent and food was hot.,Positive
7432,112950,2.0,1,3,Very disappointed with the service.,Negative
7433,108100,4.0,3,5,Best biryani in town!,Positive
7434,108437,4.0,3,5,Best biryani in town!,Positive
7435,106122,5.0,8,5,Great food and fast delivery!,Positive
7436,117947,4.0,5,4,"Loved the taste, will order again.",Positive
7437,117763,5.0,5,5,Best biryani in town!,Positive
7438,120467,3.0,2,4,,Neutral
7439,113067,3.0,3,2,,Neutral
7440,104166,5.0,5,5,"Loved the taste, will order again.",Positive
7441,120454,5.0,5,4,"Loved the taste, will order again.",Positive
7442,100238,1.0,1,1,Food arrived cold and late.,Negative
7443,106731,5.0,5,5,Great food and fast delivery!,Positive
7444,109540,5.0,4,5,Great food and fast delivery!,Positive
7445,103305,5.0,5,5,"Loved the taste, will order again.",Positive
7446,104171,1.0,1,1,Wrong item delivered.,Negative
7447,109696,4.0,3,3,Best biryani in town!,Positive
7448,117908,5.0,5,4,Delivery partner was very polite.,Positive
7449,118023,3.0,4,4,"Food was okay, nothing special.",Neutral
7450,105414,5.0,5,5,Packaging was excellent and food was hot.,Positive
7451,103178,2.0,3,3,Delivery took way too long.,Negative
7452,106412,5.0,5,4,Delivery partner was very polite.,Positive
7453,100647,3.0,3,3,Average experience.,Neutral
7454,105323,5.0,5,5,Packaging was excellent and food was hot.,Positive
7455,117789,2.0,3,3,Very disappointed with the service.,Negative
7456,113561,2.0,2,3,Wrong item delivered.,Negative
7457,116095,5.0,5,5,Delivery partner was very polite.,Positive
7458,107109,4.0,5,3,Amazing experience overall.,Positive
7459,104417,2.0,3,1,Wrong item delivered.,Negative
7460,112233,1.0,2,1,Very disappointed with the service.,Negative
7461,110707,4.0,4,4,Packaging was excellent and food was hot.,Positive
7462,108289,4.0,5,3,Best biryani in town!,Positive
7463,111040,5.0,5,4,Great food and fast delivery!,Positive
7464,116860,1.0,2,2,Wrong item delivered.,Negative
7465,102970,1.0,1,2,Quality was not up to the mark.,Negative
7466,106565,4.0,4,5,Amazing experience overall.,Positive
7467,114050,2.0,2,1,Delivery took way too long.,Negative
7468,114712,5.0,4,4,Delivery partner was very polite.,Positive
7469,107515,5.0,5,4,Great food and fast delivery!,Positive
7470,106947,3.0,3,2,"Food was okay, nothing special.",Neutral
7471,114701,5.0,5,5,Amazing experience overall.,Positive
7472,104923,1.0,1,1,Delivery took way too long.,Negative
7473,102345,5.0,5,5,"Loved the taste, will order again.",Positive
7474,104847,4.0,5,4,Delivery partner was very polite.,Positive
7475,103771,4.0,3,4,Delivery partner was very polite.,Positive
7476,100855,3.0,3,3,Average experience.,Neutral
7477,105972,2.0,3,3,Very disappointed with the service.,Negative
7478,119083,5.0,5,4,Best biryani in town!,Positive
7479,112617,3.0,2,3,Delivery was on time but food was mediocre.,Neutral
7480,114973,3.0,4,3,Average experience.,Neutral
7481,110418,2.0,1,3,Very disappointed with the service.,Negative
7482,109846,4.0,5,3,Packaging was excellent and food was hot.,Positive
7483,113511,5.0,5,5,Amazing experience overall.,Positive
7484,112211,5.0,5,5,Amazing experience overall.,Positive
7485,117064,4.0,3,3,"Loved the taste, will order again.",Positive
7486,100648,5.0,5,4,Packaging was excellent and food was hot.,Positive
7487,111544,2.0,3,1,Wrong item delivered.,Negative
7488,111640,3.0,4,3,,Neutral
7489,118530,3.0,3,2,Average experience.,Neutral
7490,118021,5.0,5,4,Great food and fast delivery!,Positive
7491,101173,5.0,5,5,Great food and fast delivery!,Positive
7492,107416,5.0,4,4,Great food and fast delivery!,Positive
7493,103293,3.0,4,4,,Neutral
7494,101066,1.0,1,2,Wrong item delivered.,Negative
7495,107328,5.0,4,5,Great food and fast delivery!,Positive
7496,102521,3.0,4,3,"Food was okay, nothing special.",Neutral
7497,114276,5.0,4,4,Great food and fast delivery!,Positive
7498,100177,5.0,5,5,Amazing experience overall.,Positive
7499,103391,5.0,5,4,Packaging was excellent and food was hot.,Positive
7500,113834,3.0,3,2,,Neutral
7501,106474,4.0,5,3,Great food and fast delivery!,Positive
7502,103287,2.0,2,2,Order was incomplete.,Negative
7503,103598,2.0,1,1,Quality was not up to the mark.,Negative
7504,103266,5.0,4,5,"Loved the taste, will order again.",Positive
7505,113170,4.0,3,4,Delivery partner was very polite.,Positive
7506,103862,3.0,3,4,Average experience.,Neutral
7507,108605,4.0,3,5,"Loved the taste, will order again.",Positive
7508,104769,5.0,5,4,Amazing experience overall.,Positive
7509,100912,4.0,5,5,"Loved the taste, will order again.",Positive
7510,116310,3.0,4,4,"Food was okay, nothing special.",Neutral
7511,104140,1.0,1,2,Food arrived cold and late.,Negative
7512,103270,4.0,4,4,Packaging was excellent and food was hot.,Positive
7513,114649,2.0,2,3,Delivery took way too long.,Negative
7514,120437,1.0,1,1,Delivery took way too long.,Negative
7515,107405,3.0,3,3,"Food was okay, nothing special.",Neutral
7516,112473,3.0,4,4,"Food was okay, nothing special.",Neutral
7517,116456,4.0,3,5,Packaging was excellent and food was hot.,Positive
7518,118679,4.0,4,4,Packaging was excellent and food was hot.,Positive
7519,100523,2.0,2,3,Food arrived cold and late.,Negative
7520,118339,4.0,4,4,Amazing experience overall.,Positive
7521,105651,4.0,5,4,Great food and fast delivery!,Positive
7522,106485,5.0,4,4,Packaging was excellent and food was hot.,Positive
7523,105021,5.0,5,4,Delivery partner was very polite.,Positive
7524,114679,1.0,2,1,Wrong item delivered.,Negative
7525,112104,1.0,1,1,Quality was not up to the mark.,Negative
7526,108312,5.0,5,4,"Loved the taste, will order again.",Positive
7527,103183,2.0,3,1,Wrong item delivered.,Negative
7528,117135,2.0,2,2,Order was incomplete.,Negative
7529,118257,5.0,5,5,Packaging was excellent and food was hot.,Positive
7530,108302,5.0,4,5,Best biryani in town!,Positive
7531,102664,2.0,1,1,Delivery took way too long.,Negative
7532,105484,1.0,2,1,Very disappointed with the service.,Negative
7533,118961,5.0,5,5,Amazing experience overall.,Positive
7534,113154,,5,5,Great food and fast delivery!,Positive
7535,107316,5.0,4,4,Amazing experience overall.,Positive
7536,118122,2.0,3,3,Order was incomplete.,Negative
7537,108876,2.0,2,1,,Negative
7538,110546,1.0,1,1,Food arrived cold and late.,Negative
7539,104164,4.0,5,3,Great food and fast delivery!,Positive
7540,116890,3.0,2,3,Delivery was on time but food was mediocre.,Neutral
7541,119091,4.0,3,5,,Positive
7542,114451,1.0,2,2,Food arrived cold and late.,Negative
7543,109530,3.0,4,4,Delivery was on time but food was mediocre.,Neutral
7544,119934,3.0,3,2,Average experience.,Neutral
7545,104242,3.0,2,3,Average experience.,Neutral
7546,115818,2.0,3,2,Quality was not up to the mark.,Negative
7547,116422,4.0,5,5,Amazing experience overall.,Positive
7548,109018,4.0,3,4,"Loved the taste, will order again.",Positive
7549,113974,4.0,4,3,Delivery partner was very polite.,Positive
7550,110782,5.0,5,4,Delivery partner was very polite.,Positive
7551,108826,3.0,3,2,,Neutral
7552,114100,5.0,5,5,,Positive
7553,102238,2.0,2,2,Very disappointed with the service.,Negative
7554,117385,5.0,5,4,"Loved the taste, will order again.",Positive
7555,101306,1.0,2,2,Quality was not up to the mark.,Negative
7556,112801,5.0,5,5,Packaging was excellent and food was hot.,Positive
7557,100566,2.0,2,1,Wrong item delivered.,Negative
7558,109855,5.0,5,5,Great food and fast delivery!,Positive
7559,115773,5.0,4,5,Delivery partner was very polite.,Positive
7560,111829,4.0,4,4,"Loved the taste, will order again.",Positive
7561,111689,5.0,5,5,"Loved the taste, will order again.",Positive
7562,103108,2.0,2,1,Wrong item delivered.,Negative
7563,103012,5.0,5,5,,Positive
7564,114433,3.0,2,4,"Food was okay, nothing special.",Neutral
7565,113386,4.0,4,5,Great food and fast delivery!,Positive
7566,109478,1.0,1,1,,Negative
7567,111927,4.0,4,5,Delivery partner was very polite.,Positive
7568,108531,5.0,5,4,"Loved the taste, will order again.",Positive
7569,115227,2.0,2,2,Very disappointed with the service.,Negative
7570,110176,5.0,4,5,Delivery partner was very polite.,Positive
7571,118329,4.0,3,3,Amazing experience overall.,Positive
7572,115464,5.0,5,5,Delivery partner was very polite.,Positive
7573,104599,3.0,2,4,"Food was okay, nothing special.",Neutral
7574,108555,2.0,3,2,Food arrived cold and late.,Negative
7575,115558,4.0,5,5,Great food and fast delivery!,Positive
7576,109194,4.0,5,4,Amazing experience overall.,Positive
7577,112911,5.0,5,4,Amazing experience overall.,Positive
7578,115720,3.0,4,2,"Food was okay, nothing special.",Neutral
7579,110040,3.0,3,4,Average experience.,Neutral
7580,113928,2.0,3,2,Very disappointed with the service.,Negative
7581,105306,3.0,4,2,"Food was okay, nothing special.",Neutral
7582,109314,,5,5,Packaging was excellent and food was hot.,Positive
7583,108833,4.0,3,4,"Loved the taste, will order again.",Positive
7584,114379,3.0,2,2,"Food was okay, nothing special.",Neutral
7585,116834,5.0,4,5,Great food and fast delivery!,Positive
7586,109464,5.0,5,4,Packaging was excellent and food was hot.,Positive
7587,106654,4.0,3,3,Best biryani in town!,Positive
7588,106799,4.0,4,5,Great food and fast delivery!,Positive
7589,108893,5.0,4,5,Packaging was excellent and food was hot.,Positive
7590,108229,3.0,3,4,"Food was okay, nothing special.",Neutral
7591,115248,5.0,5,5,Delivery partner was very polite.,Positive
7592,117868,4.0,5,3,"Loved the taste, will order again.",Positive
7593,101630,1.0,1,2,Very disappointed with the service.,Negative
7594,108025,4.0,4,3,Packaging was excellent and food was hot.,Positive
7595,105495,5.0,4,4,Great food and fast delivery!,Positive
7596,107053,4.0,3,3,,Positive
7597,114476,1.0,1,2,Food arrived cold and late.,Negative
7598,107110,4.0,3,5,Best biryani in town!,Positive
7599,117694,5.0,5,5,Best biryani in town!,Positive
7600,102429,5.0,4,5,Packaging was excellent and food was hot.,Positive
7601,109603,4.0,4,5,Amazing experience overall.,Positive
7602,102495,4.0,5,4,Packaging was excellent and food was hot.,Positive
7603,112212,5.0,5,5,"Loved the taste, will order again.",Positive
7604,102621,1.0,2,1,Order was incomplete.,Negative
7605,116689,4.0,4,5,Packaging was excellent and food was hot.,Positive
7606,118865,5.0,5,4,Best biryani in town!,Positive
7607,110271,5.0,5,4,Great food and fast delivery!,Positive
7608,106996,3.0,2,2,,Neutral
7609,110115,3.0,3,2,"Food was okay, nothing special.",Neutral
7610,100996,3.0,2,2,,Neutral
7611,119919,1.0,1,1,Wrong item delivered.,Negative
7612,112464,5.0,4,4,Delivery partner was very polite.,Positive
7613,119405,2.0,2,3,Food arrived cold and late.,Negative
7614,116850,5.0,5,5,Packaging was excellent and food was hot.,Positive
7615,109822,1.0,1,1,Food arrived cold and late.,Negative
7616,103662,2.0,1,1,Wrong item delivered.,Negative
7617,118340,4.0,3,4,Amazing experience overall.,Positive
7618,118319,3.0,4,2,"Food was okay, nothing special.",Neutral
7619,111638,2.0,2,1,Food arrived cold and late.,Negative
7620,116086,3.0,4,3,"Food was okay, nothing special.",Neutral
7621,115524,4.0,5,3,Packaging was excellent and food was hot.,Positive
7622,102308,2.0,1,1,Delivery took way too long.,Negative
7623,103316,5.0,5,5,Amazing experience overall.,Positive
7624,106844,3.0,2,4,Average experience.,Neutral
7625,115409,4.0,4,5,Packaging was excellent and food was hot.,Positive
7626,109565,3.0,2,4,Average experience.,Neutral
7627,104612,2.0,2,1,Food arrived cold and late.,Negative
7628,112757,3.0,3,2,,Neutral
7629,108263,1.0,1,1,Delivery took way too long.,Negative
7630,118142,4.0,5,4,,Positive
7631,112391,3.0,3,2,Delivery was on time but food was mediocre.,Neutral
7632,111994,4.0,3,5,Packaging was excellent and food was hot.,Positive
7633,109055,,5,4,Great food and fast delivery!,Positive
7634,102180,1.0,1,2,Very disappointed with the service.,Negative
7635,114659,2.0,3,1,Very disappointed with the service.,Negative
7636,107341,3.0,3,3,,Neutral
7637,100141,5.0,5,5,Great food and fast delivery!,Positive
7638,113703,3.0,2,2,Delivery was on time but food was mediocre.,Neutral
7639,119277,1.0,1,1,Very disappointed with the service.,Negative
7640,117845,5.0,4,5,Best biryani in town!,Positive
7641,111944,5.0,4,5,Best biryani in town!,Positive
7642,108911,3.0,3,2,,Neutral
7643,119665,2.0,1,1,Order was incomplete.,Negative
7644,104031,3.0,2,3,Delivery was on time but food was mediocre.,Neutral
7645,114928,,3,4,"Food was okay, nothing special.",Neutral
7646,119131,1.0,1,1,Very disappointed with the service.,Negative
7647,101640,5.0,5,5,"Loved the taste, will order again.",Positive
7648,106089,3.0,2,3,Average experience.,Neutral
7649,104209,,4,4,Great food and fast delivery!,Positive
7650,120314,1.0,1,1,Quality was not up to the mark.,Negative
7651,102859,3.0,4,4,,Neutral
7652,100229,2.0,1,3,Quality was not up to the mark.,Negative
7653,108125,4.0,5,3,Great food and fast delivery!,Positive
7654,109878,3.0,2,3,Average experience.,Neutral
7655,109002,4.0,4,4,Packaging was excellent and food was hot.,Positive
7656,100914,1.0,1,2,Food arrived cold and late.,Negative
7657,114544,5.0,5,5,"Loved the taste, will order again.",Positive
7658,108035,1.0,1,2,Food arrived cold and late.,Negative
7659,118289,3.0,4,2,Average experience.,Neutral
7660,115685,5.0,8,5,"Loved the taste, will order again.",Positive
7661,119939,2.0,1,1,Delivery took way too long.,Negative
7662,103367,5.0,5,5,"Loved the taste, will order again.",Positive
7663,109546,2.0,2,2,Order was incomplete.,Negative
7664,116014,4.0,4,5,Delivery partner was very polite.,Positive
7665,110892,5.0,5,5,Great food and fast delivery!,Positive
7666,109527,2.0,3,3,Very disappointed with the service.,Negative
7667,106167,5.0,5,5,Delivery partner was very polite.,Positive
7668,102400,2.0,3,3,Very disappointed with the service.,Negative
7669,117198,5.0,5,5,Best biryani in town!,Positive
7670,114174,4.0,3,5,Amazing experience overall.,Positive
7671,115777,5.0,5,5,Amazing experience overall.,Positive
7672,118120,4.0,3,5,Amazing experience overall.,Positive
7673,114441,1.0,1,2,Wrong item delivered.,Negative
7674,118380,5.0,5,4,"Loved the taste, will order again.",Positive
7675,106353,5.0,4,5,Great food and fast delivery!,Positive
7676,109390,4.0,4,3,Best biryani in town!,Positive
7677,109261,3.0,3,4,"Food was okay, nothing special.",Neutral
7678,106736,2.0,2,2,Delivery took way too long.,Negative
7679,110172,3.0,2,2,,Neutral
7680,115333,1.0,1,1,Food arrived cold and late.,Negative
7681,108983,1.0,2,1,Very disappointed with the service.,Negative
7682,118177,5.0,4,5,"Loved the taste, will order again.",Positive
7683,104984,5.0,4,4,Amazing experience overall.,Positive
7684,110987,5.0,5,5,Delivery partner was very polite.,Positive
7685,114424,4.0,5,4,Best biryani in town!,Positive
7686,111220,4.0,5,4,Amazing experience overall.,Positive
7687,100478,5.0,5,5,Delivery partner was very polite.,Positive
7688,115169,3.0,3,4,"Food was okay, nothing special.",Neutral
7689,105046,2.0,3,2,Quality was not up to the mark.,Negative
7690,103358,3.0,2,3,"Food was okay, nothing special.",Neutral
7691,110769,3.0,2,3,Average experience.,Neutral
7692,118458,4.0,3,3,Delivery partner was very polite.,Positive
7693,111031,2.0,2,1,Food arrived cold and late.,Negative
7694,115658,,5,3,Great food and fast delivery!,Positive
7695,114905,2.0,1,3,Delivery took way too long.,Negative
7696,119188,4.0,4,5,Delivery partner was very polite.,Positive
7697,112531,5.0,5,4,Best biryani in town!,Positive
7698,106444,2.0,1,1,Order was incomplete.,Negative
7699,108972,5.0,5,5,"Loved the taste, will order again.",Positive
7700,107944,5.0,5,5,"Loved the taste, will order again.",Positive
7701,113729,3.0,4,3,Delivery was on time but food was mediocre.,Neutral
7702,112587,1.0,1,1,Wrong item delivered.,Negative
7703,102512,5.0,5,5,Great food and fast delivery!,Positive
7704,116951,3.0,4,2,,Neutral
7705,115036,3.0,4,2,,Neutral
7706,113152,4.0,5,5,Best biryani in town!,Positive
7707,107132,1.0,1,1,Very disappointed with the service.,Negative
7708,100368,2.0,1,1,Very disappointed with the service.,Negative
7709,115123,5.0,5,5,Packaging was excellent and food was hot.,Positive
7710,108816,5.0,5,5,Packaging was excellent and food was hot.,Positive
7711,112089,5.0,4,5,Delivery partner was very polite.,Positive
7712,108226,3.0,4,3,Average experience.,Neutral
7713,106728,4.0,3,4,"Loved the taste, will order again.",Positive
7714,114387,3.0,2,2,Delivery was on time but food was mediocre.,Neutral
7715,116646,2.0,1,3,Order was incomplete.,Negative
7716,111352,4.0,4,3,Packaging was excellent and food was hot.,Positive
7717,120433,5.0,4,5,Amazing experience overall.,Positive
7718,116297,4.0,3,4,Delivery partner was very polite.,Positive
7719,106617,5.0,5,5,Great food and fast delivery!,Positive
7720,112290,5.0,4,4,Amazing experience overall.,Positive
7721,106111,4.0,5,5,Delivery partner was very polite.,Positive
7722,103258,3.0,3,3,"Food was okay, nothing special.",Neutral
7723,119342,5.0,5,4,Best biryani in town!,Positive
7724,107660,4.0,3,5,"Loved the taste, will order again.",Positive
7725,117019,5.0,4,5,Great food and fast delivery!,Positive
7726,103909,1.0,1,2,Food arrived cold and late.,Negative
7727,116231,4.0,4,4,Best biryani in town!,Positive
7728,120013,1.0,1,1,Food arrived cold and late.,Negative
7729,108338,4.0,5,4,Best biryani in town!,Positive
7730,100649,5.0,4,4,Delivery partner was very polite.,Positive
7731,114416,4.0,5,3,Amazing experience overall.,Positive
7732,101542,1.0,1,1,Wrong item delivered.,Negative
7733,115457,3.0,2,2,,Neutral
7734,106343,5.0,5,4,Amazing experience overall.,Positive
7735,113812,3.0,3,4,Average experience.,Neutral
7736,105074,5.0,4,5,Amazing experience overall.,Positive
7737,120277,1.0,1,1,Food arrived cold and late.,Negative
7738,113991,3.0,4,4,Average experience.,Neutral
7739,119048,1.0,1,1,Wrong item delivered.,Negative
7740,102707,5.0,5,4,Delivery partner was very polite.,Positive
7741,104631,2.0,3,2,Wrong item delivered.,Negative
7742,116464,5.0,4,5,Delivery partner was very polite.,Positive
7743,105169,5.0,5,4,"Loved the taste, will order again.",Positive
7744,104131,3.0,3,3,,Neutral
7745,118819,5.0,5,4,"Loved the taste, will order again.",Positive
7746,106930,3.0,2,2,Average experience.,Neutral
7747,109874,4.0,3,5,Best biryani in town!,Positive
7748,119341,2.0,1,1,Quality was not up to the mark.,Negative
7749,118877,5.0,5,5,Best biryani in town!,Positive
7750,103470,2.0,2,1,Food arrived cold and late.,Negative
7751,116814,5.0,5,4,Great food and fast delivery!,Positive
7752,109686,3.0,3,3,Delivery was on time but food was mediocre.,Neutral
7753,118028,5.0,5,5,Best biryani in town!,Positive
7754,107412,2.0,2,1,Quality was not up to the mark.,Negative
7755,106384,2.0,3,1,Delivery took way too long.,Negative
7756,102013,5.0,4,5,Great food and fast delivery!,Positive
7757,109848,3.0,3,2,,Neutral
7758,111127,5.0,5,5,"Loved the taste, will order again.",Positive
7759,107903,5.0,4,4,Great food and fast delivery!,Positive
7760,108715,5.0,4,5,"Loved the taste, will order again.",Positive
7761,114861,2.0,3,3,Very disappointed with the service.,Negative
7762,114270,3.0,2,3,Delivery was on time but food was mediocre.,Neutral
7763,102179,2.0,2,1,,Negative
7764,108964,5.0,5,5,Great food and fast delivery!,Positive
7765,111943,5.0,5,5,Best biryani in town!,Positive
7766,116569,5.0,5,5,"Loved the taste, will order again.",Positive
7767,113150,1.0,1,1,Delivery took way too long.,Negative
7768,119616,3.0,2,3,Average experience.,Neutral
7769,116109,2.0,1,2,,Negative
7770,110949,5.0,5,4,"Loved the taste, will order again.",Positive
7771,109616,2.0,2,3,Quality was not up to the mark.,Negative
7772,115165,4.0,3,5,Best biryani in town!,Positive
7773,104315,1.0,1,1,Quality was not up to the mark.,Negative
7774,106501,3.0,2,3,,Neutral
7775,113129,5.0,5,4,"Loved the taste, will order again.",Positive
7776,104535,3.0,2,3,,Neutral
7777,114612,5.0,4,5,Delivery partner was very polite.,Positive
7778,114898,1.0,1,1,Wrong item delivered.,Negative
7779,109237,1.0,1,1,Wrong item delivered.,Negative
7780,100745,5.0,5,5,Packaging was excellent and food was hot.,Positive
7781,106511,5.0,5,5,Amazing experience overall.,Positive
7782,108203,5.0,4,4,"Loved the taste, will order again.",Positive
7783,119080,4.0,3,3,Best biryani in town!,Positive
7784,104633,5.0,5,4,Best biryani in town!,Positive
7785,106559,5.0,4,5,"Loved the taste, will order again.",Positive
7786,105258,5.0,5,4,"Loved the taste, will order again.",Positive
7787,100111,5.0,5,5,Packaging was excellent and food was hot.,Positive
7788,113323,2.0,3,2,Quality was not up to the mark.,Negative
7789,110124,2.0,2,2,Wrong item delivered.,Negative
7790,107041,5.0,5,5,"Loved the taste, will order again.",Positive
7791,107731,5.0,5,4,Delivery partner was very polite.,Positive
7792,120141,5.0,5,5,"Loved the taste, will order again.",Positive
7793,104273,5.0,5,4,Great food and fast delivery!,Positive
7794,117124,5.0,4,5,"Loved the taste, will order again.",Positive
7795,100863,5.0,5,5,Great food and fast delivery!,Positive
7796,115708,4.0,3,3,Delivery partner was very polite.,Positive
7797,102052,2.0,3,3,Wrong item delivered.,Negative
7798,119309,2.0,1,2,Wrong item delivered.,Negative
7799,111823,2.0,1,1,Quality was not up to the mark.,Negative
7800,105666,5.0,5,5,Delivery partner was very polite.,Positive
7801,118266,4.0,5,4,Amazing experience overall.,Positive
7802,111906,5.0,5,5,"Loved the taste, will order again.",Positive
7803,100147,5.0,5,5,Great food and fast delivery!,Positive
7804,114096,3.0,4,3,"Food was okay, nothing special.",Neutral
7805,103190,5.0,5,4,Delivery partner was very polite.,Positive
7806,106722,2.0,1,2,Quality was not up to the mark.,Negative
7807,108660,2.0,1,2,Food arrived cold and late.,Negative
7808,111907,2.0,1,2,Very disappointed with the service.,Negative
7809,117723,3.0,2,3,,Neutral
7810,100005,4.0,3,3,"Loved the taste, will order again.",Positive
7811,111069,4.0,3,3,Best biryani in town!,Positive
7812,119486,2.0,1,2,Delivery took way too long.,Negative
7813,103898,4.0,3,5,Packaging was excellent and food was hot.,Positive
7814,114251,5.0,4,4,"Loved the taste, will order again.",Positive
7815,112582,4.0,5,3,Delivery partner was very polite.,Positive
7816,111805,5.0,5,4,Delivery partner was very polite.,Positive
7817,102474,5.0,4,5,Great food and fast delivery!,Positive
7818,103171,2.0,3,2,Quality was not up to the mark.,Negative
7819,113286,3.0,3,4,Average experience.,Neutral
7820,105695,1.0,2,1,,Negative
7821,113495,,4,3,Delivery was on time but food was mediocre.,Neutral
7822,108601,4.0,5,3,Great food and fast delivery!,Positive
7823,110700,2.0,2,1,Quality was not up to the mark.,Negative
7824,103994,5.0,4,5,Great food and fast delivery!,Positive
7825,109013,3.0,2,2,"Food was okay, nothing special.",Neutral
7826,115932,4.0,3,4,Delivery partner was very polite.,Positive
7827,112200,5.0,4,4,"Loved the taste, will order again.",Positive
7828,104364,1.0,1,1,Wrong item delivered.,Negative
7829,119916,4.0,5,3,"Loved the taste, will order again.",Positive
7830,114293,5.0,4,4,Amazing experience overall.,Positive
7831,114698,3.0,2,4,,Neutral
7832,106079,5.0,5,4,Delivery partner was very polite.,Positive
7833,118789,2.0,2,2,Quality was not up to the mark.,Negative
7834,116136,1.0,2,1,Food arrived cold and late.,Negative
7835,117416,2.0,2,2,Wrong item delivered.,Negative
7836,101231,4.0,4,5,Packaging was excellent and food was hot.,Positive
7837,107622,2.0,2,3,Quality was not up to the mark.,Negative
7838,114739,1.0,2,1,Wrong item delivered.,Negative
7839,116102,3.0,2,4,"Food was okay, nothing special.",Neutral
7840,120166,4.0,3,3,Packaging was excellent and food was hot.,Positive
7841,116742,2.0,1,2,Quality was not up to the mark.,Negative
7842,117337,5.0,5,5,"Loved the taste, will order again.",Positive
7843,107691,3.0,4,4,Average experience.,Neutral
7844,112015,2.0,1,1,Food arrived cold and late.,Negative
7845,105207,2.0,1,1,Very disappointed with the service.,Negative
7846,102628,3.0,3,4,"Food was okay, nothing special.",Neutral
7847,112829,5.0,4,4,Packaging was excellent and food was hot.,Positive
7848,116228,4.0,5,4,Delivery partner was very polite.,Positive
7849,104003,2.0,3,2,Quality was not up to the mark.,Negative
7850,116353,4.0,5,4,Great food and fast delivery!,Positive
7851,119751,5.0,5,5,Delivery partner was very polite.,Positive
7852,104072,3.0,4,3,"Food was okay, nothing special.",Neutral
7853,117302,5.0,5,5,"Loved the taste, will order again.",Positive
7854,120499,2.0,2,1,,Negative
7855,120173,5.0,4,4,Best biryani in town!,Positive
7856,109127,4.0,4,4,Great food and fast delivery!,Positive
7857,102844,2.0,3,1,Food arrived cold and late.,Negative
7858,109457,3.0,2,2,"Food was okay, nothing special.",Neutral
7859,117832,,4,5,Delivery partner was very polite.,Positive
7860,107522,3.0,2,4,,Neutral
7861,101576,2.0,3,2,Wrong item delivered.,Negative
7862,102219,5.0,4,5,Amazing experience overall.,Positive
7863,116039,5.0,5,5,Great food and fast delivery!,Positive
7864,118561,5.0,5,4,"Loved the taste, will order again.",Positive
7865,110902,,5,5,Delivery partner was very polite.,Positive
7866,101740,4.0,5,4,Delivery partner was very polite.,Positive
7867,106515,3.0,2,2,"Food was okay, nothing special.",Neutral
7868,118334,1.0,1,2,Delivery took way too long.,Negative
7869,108413,5.0,4,5,Delivery partner was very polite.,Positive
7870,110790,5.0,4,4,Amazing experience overall.,Positive
7871,107922,5.0,5,5,Best biryani in town!,Positive
7872,115984,3.0,4,2,Average experience.,Neutral
7873,103322,3.0,2,3,Delivery was on time but food was mediocre.,Neutral
7874,108887,,5,5,Amazing experience overall.,Positive
7875,109768,4.0,5,4,Packaging was excellent and food was hot.,Positive
7876,110398,3.0,4,4,Average experience.,Neutral
7877,103946,3.0,3,3,Delivery was on time but food was mediocre.,Neutral
7878,113278,5.0,5,5,Best biryani in town!,Positive
7879,106077,5.0,5,5,Great food and fast delivery!,Positive
7880,103559,2.0,2,1,Order was incomplete.,Negative
7881,113408,1.0,1,1,Very disappointed with the service.,Negative
7882,105059,5.0,5,5,"Loved the taste, will order again.",Positive
7883,110964,3.0,3,4,,Neutral
7884,100932,4.0,5,4,"Loved the taste, will order again.",Positive
7885,101974,5.0,5,5,Amazing experience overall.,Positive
7886,117342,4.0,3,4,"Loved the taste, will order again.",Positive
7887,116101,5.0,4,5,Best biryani in town!,Positive
7888,116776,1.0,2,1,Wrong item delivered.,Negative
7889,119506,3.0,4,4,Average experience.,Neutral
7890,113141,5.0,5,4,Delivery partner was very polite.,Positive
7891,107349,5.0,5,4,Best biryani in town!,Positive
7892,100947,3.0,3,4,Delivery was on time but food was mediocre.,Neutral
7893,113335,5.0,5,5,"Loved the taste, will order again.",Positive
7894,108294,5.0,4,5,Packaging was excellent and food was hot.,Positive
7895,111093,2.0,1,3,Delivery took way too long.,Negative
7896,101032,3.0,3,4,Average experience.,Neutral
7897,103652,5.0,4,5,Great food and fast delivery!,Positive
7898,110762,5.0,5,5,Best biryani in town!,Positive
7899,118764,5.0,5,4,Amazing experience overall.,Positive
7900,107329,2.0,1,1,Quality was not up to the mark.,Negative
7901,116755,3.0,3,4,Delivery was on time but food was mediocre.,Neutral
7902,115721,5.0,4,5,Amazing experience overall.,Positive
7903,104879,5.0,5,5,Packaging was excellent and food was hot.,Positive
7904,118092,5.0,4,5,Delivery partner was very polite.,Positive
7905,112706,4.0,5,4,Delivery partner was very polite.,Positive
7906,102869,4.0,5,4,Packaging was excellent and food was hot.,Positive
7907,108670,5.0,5,4,Amazing experience overall.,Positive
7908,118843,3.0,2,4,"Food was okay, nothing special.",Neutral
7909,108095,2.0,3,2,Food arrived cold and late.,Negative
7910,111080,5.0,5,5,Packaging was excellent and food was hot.,Positive
7911,105944,5.0,5,5,Amazing experience overall.,Positive
7912,110604,3.0,4,4,Delivery was on time but food was mediocre.,Neutral
7913,104141,5.0,5,5,Great food and fast delivery!,Positive
7914,104464,3.0,2,2,,Neutral
7915,111972,2.0,3,1,Wrong item delivered.,Negative
7916,101539,2.0,3,1,Food arrived cold and late.,Negative
7917,114052,4.0,5,4,Amazing experience overall.,Positive
7918,115592,3.0,2,4,Average experience.,Neutral
7919,105454,3.0,4,2,Average experience.,Neutral
7920,111592,2.0,2,2,Delivery took way too long.,Negative
7921,111308,5.0,5,4,Packaging was excellent and food was hot.,Positive
7922,113461,5.0,5,5,Best biryani in town!,Positive
7923,111254,5.0,4,5,Best biryani in town!,Positive
7924,102177,1.0,2,2,Very disappointed with the service.,Negative
7925,107826,5.0,4,5,Packaging was excellent and food was hot.,Positive
7926,113762,3.0,4,3,,Neutral
7927,117778,5.0,4,5,Amazing experience overall.,Positive
7928,102024,4.0,4,5,Best biryani in town!,Positive
7929,112871,,1,1,Very disappointed with the service.,Negative
7930,111260,5.0,4,5,Best biryani in town!,Positive
7931,111045,2.0,3,1,Order was incomplete.,Negative
7932,110302,5.0,5,5,Delivery partner was very polite.,Positive
7933,119971,3.0,2,3,"Food was okay, nothing special.",Neutral
7934,106420,3.0,4,4,,Neutral
7935,118169,1.0,2,1,Delivery took way too long.,Negative
7936,113319,4.0,3,4,"Loved the taste, will order again.",Positive
7937,117163,5.0,5,5,"Loved the taste, will order again.",Positive
7938,100187,2.0,3,1,Order was incomplete.,Negative
7939,101665,4.0,4,3,"Loved the taste, will order again.",Positive
7940,112316,5.0,5,4,Best biryani in town!,Positive
7941,112124,3.0,4,4,"Food was okay, nothing special.",Neutral
7942,113658,1.0,1,1,Food arrived cold and late.,Negative
7943,119955,5.0,5,5,Best biryani in town!,Positive
7944,107518,5.0,5,5,Packaging was excellent and food was hot.,Positive
7945,115439,4.0,3,4,Great food and fast delivery!,Positive
7946,100217,3.0,2,4,"Food was okay, nothing special.",Neutral
7947,105878,5.0,5,5,Amazing experience overall.,Positive
7948,106971,4.0,3,3,Packaging was excellent and food was hot.,Positive
7949,115318,3.0,4,3,Delivery was on time but food was mediocre.,Neutral
7950,117350,5.0,5,5,Best biryani in town!,Positive
7951,117935,4.0,4,3,Amazing experience overall.,Positive
7952,116461,2.0,2,2,Very disappointed with the service.,Negative
7953,107148,5.0,5,4,Delivery partner was very polite.,Positive
7954,101228,2.0,3,2,Delivery took way too long.,Negative
7955,118272,5.0,4,5,Best biryani in town!,Positive
7956,118642,5.0,5,4,,Positive
7957,114415,5.0,4,5,Delivery partner was very polite.,Positive
7958,113590,3.0,4,4,Delivery was on time but food was mediocre.,Neutral
7959,111820,4.0,4,4,Best biryani in town!,Positive
7960,104907,1.0,2,2,Quality was not up to the mark.,Negative
7961,111648,5.0,5,5,Amazing experience overall.,Positive
7962,110596,3.0,4,4,Average experience.,Neutral
7963,119484,5.0,4,4,Amazing experience overall.,Positive
7964,115987,2.0,2,3,Very disappointed with the service.,Negative
7965,120077,2.0,3,1,Delivery took way too long.,Negative
7966,113922,3.0,4,3,"Food was okay, nothing special.",Neutral
7967,117673,4.0,4,4,"Loved the taste, will order again.",Positive
7968,107153,2.0,2,2,Food arrived cold and late.,Negative
7969,119435,4.0,3,5,Amazing experience overall.,Positive
7970,104871,3.0,4,2,,Neutral
7971,109950,2.0,3,2,Delivery took way too long.,Negative
7972,112874,1.0,1,1,Delivery took way too long.,Negative
7973,105659,5.0,5,5,"Loved the taste, will order again.",Positive
7974,101559,5.0,4,4,Great food and fast delivery!,Positive
7975,112433,2.0,1,3,Wrong item delivered.,Negative
7976,112269,2.0,3,1,Quality was not up to the mark.,Negative
7977,109181,5.0,5,4,Packaging was excellent and food was hot.,Positive
7978,116029,5.0,5,5,"Loved the taste, will order again.",Positive
7979,115950,2.0,3,1,Food arrived cold and late.,Negative
7980,117570,2.0,2,2,Very disappointed with the service.,Negative
7981,118221,2.0,3,2,,Negative
7982,110539,3.0,3,4,Average experience.,Neutral
7983,110621,3.0,2,3,,Neutral
7984,102914,5.0,4,5,Amazing experience overall.,Positive
7985,108539,4.0,3,5,Amazing experience overall.,Positive
7986,109859,3.0,2,3,"Food was okay, nothing special.",Neutral
7987,110273,4.0,4,3,Best biryani in town!,Positive
7988,117894,5.0,5,4,"Loved the taste, will order again.",Positive
7989,108744,3.0,2,3,Average experience.,Neutral
7990,108447,2.0,1,1,Wrong item delivered.,Negative
7991,109119,5.0,5,5,Packaging was excellent and food was hot.,Positive
7992,112436,1.0,1,1,Delivery took way too long.,Negative
7993,116973,3.0,4,2,Average experience.,Neutral
7994,112232,4.0,3,3,Great food and fast delivery!,Positive
7995,105187,5.0,5,5,Great food and fast delivery!,Positive
7996,117058,2.0,2,2,Wrong item delivered.,Negative
7997,113130,2.0,1,3,Delivery took way too long.,Negative
7998,113656,3.0,3,4,Delivery was on time but food was mediocre.,Neutral
7999,110710,5.0,5,5,Packaging was excellent and food was hot.,Positive
8000,102239,2.0,1,3,Quality was not up to the mark.,Negative
8001,100093,4.0,5,4,Packaging was excellent and food was hot.,Positive
8002,118553,2.0,1,1,Delivery took way too long.,Negative
8003,119598,4.0,4,3,Amazing experience overall.,Positive
8004,102633,1.0,2,2,Food arrived cold and late.,Negative
8005,119312,3.0,2,4,"Food was okay, nothing special.",Neutral
8006,113136,5.0,4,4,Best biryani in town!,Positive
8007,116390,3.0,3,3,"Food was okay, nothing special.",Neutral
8008,115893,3.0,3,4,"Food was okay, nothing special.",Neutral
8009,109090,3.0,4,4,Average experience.,Neutral
8010,116593,5.0,4,5,"Loved the taste, will order again.",Positive
8011,103741,5.0,5,5,Amazing experience overall.,Positive
8012,112745,5.0,5,5,Packaging was excellent and food was hot.,Positive
8013,110971,5.0,5,5,Amazing experience overall.,Positive
8014,117118,3.0,4,3,,Neutral
8015,111869,4.0,4,5,"Loved the taste, will order again.",Positive
8016,111888,5.0,5,4,Amazing experience overall.,Positive
8017,111405,5.0,4,4,Great food and fast delivery!,Positive
8018,104206,4.0,5,4,"Loved the taste, will order again.",Positive
8019,105128,5.0,5,4,Best biryani in town!,Positive
8020,110234,2.0,2,3,Order was incomplete.,Negative
8021,108282,3.0,4,4,Average experience.,Neutral
8022,101456,5.0,5,5,Packaging was excellent and food was hot.,Positive
8023,108702,2.0,1,1,Order was incomplete.,Negative
8024,115091,,5,4,"Loved the taste, will order again.",Positive
8025,105097,2.0,2,2,Quality was not up to the mark.,Negative
8026,105566,4.0,4,3,Delivery partner was very polite.,Positive
8027,100311,5.0,5,4,Best biryani in town!,Positive
8028,106047,5.0,5,5,Packaging was excellent and food was hot.,Positive
8029,109325,4.0,5,3,"Loved the taste, will order again.",Positive
8030,103333,4.0,4,4,Best biryani in town!,Positive
8031,104741,5.0,5,5,Delivery partner was very polite.,Positive
8032,114446,4.0,5,4,Amazing experience overall.,Positive
8033,103459,2.0,1,2,Order was incomplete.,Negative
8034,118483,3.0,3,3,Delivery was on time but food was mediocre.,Neutral
8035,110611,5.0,5,4,Great food and fast delivery!,Positive
8036,105443,5.0,5,5,Great food and fast delivery!,Positive
8037,105871,4.0,5,3,Delivery partner was very polite.,Positive
8038,110976,5.0,5,4,Amazing experience overall.,Positive
8039,103163,5.0,4,4,Packaging was excellent and food was hot.,Positive
8040,110323,3.0,4,3,,Neutral
8041,116976,5.0,4,5,Packaging was excellent and food was hot.,Positive
8042,103224,4.0,4,4,Packaging was excellent and food was hot.,Positive
8043,111491,4.0,5,5,Packaging was excellent and food was hot.,Positive
8044,102334,5.0,5,4,Best biryani in town!,Positive
8045,100998,4.0,3,4,Best biryani in town!,Positive
8046,119180,5.0,5,4,Delivery partner was very polite.,Positive
8047,104100,3.0,3,3,Average experience.,Neutral
8048,113285,3.0,3,4,Delivery was on time but food was mediocre.,Neutral
8049,110013,5.0,4,5,"Loved the taste, will order again.",Positive
8050,100157,3.0,3,2,"Food was okay, nothing special.",Neutral
8051,114535,4.0,5,4,Great food and fast delivery!,Positive
8052,118003,5.0,5,5,Packaging was excellent and food was hot.,Positive
8053,112176,4.0,4,5,Packaging was excellent and food was hot.,Positive
8054,104187,5.0,5,5,Packaging was excellent and food was hot.,Positive
8055,102163,5.0,5,5,Best biryani in town!,Positive
8056,102687,3.0,2,4,"Food was okay, nothing special.",Neutral
8057,115345,3.0,2,4,,Neutral
8058,117803,5.0,5,5,Best biryani in town!,Positive
8059,112756,,5,4,Packaging was excellent and food was hot.,Positive
8060,106141,2.0,2,3,Quality was not up to the mark.,Negative
8061,117651,5.0,4,4,Amazing experience overall.,Positive
8062,108934,4.0,4,5,Delivery partner was very polite.,Positive
8063,118179,4.0,4,4,Delivery partner was very polite.,Positive
8064,115946,5.0,4,4,Best biryani in town!,Positive
8065,110312,5.0,4,4,Delivery partner was very polite.,Positive
8066,102034,5.0,5,4,Amazing experience overall.,Positive
8067,114130,5.0,4,5,Packaging was excellent and food was hot.,Positive
8068,101120,3.0,2,2,Average experience.,Neutral
8069,118152,5.0,5,4,Best biryani in town!,Positive
8070,105004,,5,4,"Loved the taste, will order again.",Positive
8071,114318,5.0,5,5,Amazing experience overall.,Positive
8072,110558,5.0,5,5,Amazing experience overall.,Positive
8073,108507,2.0,3,2,Food arrived cold and late.,Negative
8074,109727,2.0,2,3,Delivery took way too long.,Negative
8075,116934,5.0,5,5,"Loved the taste, will order again.",Positive
8076,100104,5.0,5,5,Packaging was excellent and food was hot.,Positive
8077,100227,3.0,3,4,,Neutral
8078,118632,5.0,5,5,"Loved the taste, will order again.",Positive
8079,112333,4.0,4,4,Great food and fast delivery!,Positive
8080,103059,5.0,5,4,Amazing experience overall.,Positive
8081,104801,4.0,5,3,Amazing experience overall.,Positive
8082,113513,4.0,5,5,Delivery partner was very polite.,Positive
8083,111894,4.0,3,5,Packaging was excellent and food was hot.,Positive
8084,119815,4.0,4,4,"Loved the taste, will order again.",Positive
8085,110101,5.0,4,5,"Loved the taste, will order again.",Positive
8086,107260,5.0,4,5,Best biryani in town!,Positive
8087,107050,,4,5,Packaging was excellent and food was hot.,Positive
8088,115628,4.0,3,5,Best biryani in town!,Positive
8089,115447,2.0,3,2,Wrong item delivered.,Negative
8090,109061,2.0,2,3,Food arrived cold and late.,Negative
8091,104876,2.0,3,1,Very disappointed with the service.,Negative
8092,118437,4.0,3,4,"Loved the taste, will order again.",Positive
8093,119651,5.0,4,4,Amazing experience overall.,Positive
8094,103278,3.0,2,4,Average experience.,Neutral
8095,116016,5.0,5,4,Packaging was excellent and food was hot.,Positive
8096,119536,4.0,4,5,Great food and fast delivery!,Positive
8097,111334,4.0,3,5,"Loved the taste, will order again.",Positive
8098,119336,5.0,5,5,"Loved the taste, will order again.",Positive
8099,113333,3.0,3,4,,Neutral
8100,108063,5.0,5,5,Packaging was excellent and food was hot.,Positive
8101,114005,1.0,1,2,Delivery took way too long.,Negative
8102,100798,5.0,5,4,Packaging was excellent and food was hot.,Positive
8103,120026,3.0,2,4,"Food was okay, nothing special.",Neutral
8104,116105,2.0,1,1,Wrong item delivered.,Negative
8105,117036,5.0,4,4,"Loved the taste, will order again.",Positive
8106,109444,4.0,4,3,Best biryani in town!,Positive
8107,109270,1.0,1,1,Food arrived cold and late.,Negative
8108,110364,1.0,1,1,Delivery took way too long.,Negative
8109,106885,2.0,2,3,Delivery took way too long.,Negative
8110,117375,2.0,2,2,Very disappointed with the service.,Negative
8111,102529,3.0,3,2,,Neutral
8112,101901,4.0,3,5,Best biryani in town!,Positive
8113,103075,2.0,3,2,Food arrived cold and late.,Negative
8114,109920,1.0,1,2,Delivery took way too long.,Negative
8115,110665,5.0,4,5,Packaging was excellent and food was hot.,Positive
8116,105765,2.0,2,2,Delivery took way too long.,Negative
8117,104519,2.0,2,1,Very disappointed with the service.,Negative
8118,110813,4.0,5,3,Best biryani in town!,Positive
8119,120392,3.0,4,2,Delivery was on time but food was mediocre.,Neutral
8120,106751,5.0,5,5,Delivery partner was very polite.,Positive
8121,117455,5.0,5,5,Delivery partner was very polite.,Positive
8122,103453,5.0,5,5,"Loved the taste, will order again.",Positive
8123,106968,5.0,5,4,Delivery partner was very polite.,Positive
8124,114190,2.0,2,2,Food arrived cold and late.,Negative
8125,104185,5.0,5,5,Great food and fast delivery!,Positive
8126,118492,3.0,4,4,"Food was okay, nothing special.",Neutral
8127,103192,1.0,2,1,Very disappointed with the service.,Negative
8128,117176,1.0,1,1,Order was incomplete.,Negative
8129,115603,3.0,3,3,,Neutral
8130,102214,5.0,5,5,Amazing experience overall.,Positive
8131,118381,2.0,1,3,Order was incomplete.,Negative
8132,111163,5.0,4,4,Best biryani in town!,Positive
8133,104781,5.0,5,5,Delivery partner was very polite.,Positive
8134,114474,5.0,5,5,"Loved the taste, will order again.",Positive
8135,116793,5.0,4,4,Packaging was excellent and food was hot.,Positive
8136,120183,3.0,3,4,,Neutral
8137,115863,3.0,2,4,"Food was okay, nothing special.",Neutral
8138,110317,4.0,4,3,"Loved the taste, will order again.",Positive
8139,106151,3.0,2,2,,Neutral
8140,111528,1.0,2,2,Order was incomplete.,Negative
8141,119497,4.0,4,3,"Loved the taste, will order again.",Positive
8142,115270,4.0,5,4,Great food and fast delivery!,Positive
8143,107795,3.0,2,2,"Food was okay, nothing special.",Neutral
8144,112919,5.0,5,5,Packaging was excellent and food was hot.,Positive
8145,100965,4.0,4,3,Packaging was excellent and food was hot.,Positive
8146,101763,2.0,2,1,Quality was not up to the mark.,Negative
8147,100116,5.0,5,4,Great food and fast delivery!,Positive
8148,101519,5.0,4,5,"Loved the taste, will order again.",Positive
8149,112410,5.0,5,5,"Loved the taste, will order again.",Positive
8150,105005,3.0,2,3,"Food was okay, nothing special.",Neutral
8151,110305,5.0,5,5,"Loved the taste, will order again.",Positive
8152,108615,3.0,2,4,Delivery was on time but food was mediocre.,Neutral
8153,114711,4.0,3,5,Delivery partner was very polite.,Positive
8154,118820,3.0,4,3,"Food was okay, nothing special.",Neutral
8155,115874,2.0,3,3,Very disappointed with the service.,Negative
8156,111474,2.0,3,3,Food arrived cold and late.,Negative
8157,110084,3.0,2,2,"Food was okay, nothing special.",Neutral
8158,107156,1.0,1,1,Wrong item delivered.,Negative
8159,114155,5.0,4,4,Great food and fast delivery!,Positive
8160,116790,1.0,1,2,Wrong item delivered.,Negative
8161,100986,4.0,4,3,"Loved the taste, will order again.",Positive
8162,110108,4.0,4,5,Packaging was excellent and food was hot.,Positive
8163,112121,4.0,4,4,,Positive
8164,118060,5.0,5,5,Best biryani in town!,Positive
8165,109028,4.0,5,5,Amazing experience overall.,Positive
8166,113801,2.0,1,3,Order was incomplete.,Negative
8167,110592,5.0,5,5,Best biryani in town!,Positive
8168,114177,5.0,4,5,Packaging was excellent and food was hot.,Positive
8169,116947,2.0,1,3,Delivery took way too long.,Negative
8170,106396,4.0,4,4,"Loved the taste, will order again.",Positive
8171,116747,1.0,1,1,Food arrived cold and late.,Negative
8172,118464,3.0,2,3,"Food was okay, nothing special.",Neutral
8173,111155,5.0,5,5,Packaging was excellent and food was hot.,Positive
8174,107218,4.0,3,5,Delivery partner was very polite.,Positive
8175,107809,2.0,1,3,Wrong item delivered.,Negative
8176,116439,3.0,3,2,Average experience.,Neutral
8177,108123,5.0,5,5,Great food and fast delivery!,Positive
8178,107555,2.0,2,3,Quality was not up to the mark.,Negative
8179,113471,5.0,4,5,Amazing experience overall.,Positive
8180,101785,5.0,5,5,Great food and fast delivery!,Positive
8181,111527,2.0,1,1,Quality was not up to the mark.,Negative
8182,101498,5.0,5,5,Great food and fast delivery!,Positive
8183,118321,2.0,2,1,Quality was not up to the mark.,Negative
8184,110094,5.0,5,4,"Loved the taste, will order again.",Positive
8185,105891,4.0,5,5,Amazing experience overall.,Positive
8186,112326,4.0,4,3,Packaging was excellent and food was hot.,Positive
8187,101701,3.0,4,3,Average experience.,Neutral
8188,108000,3.0,3,4,,Neutral
8189,106830,3.0,3,2,"Food was okay, nothing special.",Neutral
8190,118579,3.0,4,4,Average experience.,Neutral
8191,111845,5.0,4,5,Amazing experience overall.,Positive
8192,112989,5.0,5,5,"Loved the taste, will order again.",Positive
8193,115307,4.0,5,4,"Loved the taste, will order again.",Positive
8194,109654,5.0,5,5,"Loved the taste, will order again.",Positive
8195,107437,5.0,5,5,Packaging was excellent and food was hot.,Positive
8196,110091,5.0,4,5,Amazing experience overall.,Positive
8197,114489,1.0,1,1,Wrong item delivered.,Negative
8198,109694,3.0,3,4,Average experience.,Neutral
8199,112059,3.0,4,4,"Food was okay, nothing special.",Neutral
8200,112814,3.0,4,4,Delivery was on time but food was mediocre.,Neutral
8201,114183,4.0,3,5,Great food and fast delivery!,Positive
8202,103172,4.0,4,3,,Positive
8203,114703,3.0,4,3,Delivery was on time but food was mediocre.,Neutral
8204,118167,2.0,3,3,Very disappointed with the service.,Negative
8205,109767,5.0,5,4,Best biryani in town!,Positive
8206,116276,,1,1,Order was incomplete.,Negative
8207,105252,5.0,5,5,Great food and fast delivery!,Positive
8208,107010,4.0,3,3,Best biryani in town!,Positive
8209,118342,,5,4,Great food and fast delivery!,Positive
8210,109445,3.0,2,3,,Neutral
8211,116553,5.0,4,4,Delivery partner was very polite.,Positive
8212,102710,5.0,5,5,Best biryani in town!,Positive
8213,115255,4.0,3,4,"Loved the taste, will order again.",Positive
8214,104912,2.0,2,1,Delivery took way too long.,Negative
8215,102669,5.0,4,4,Great food and fast delivery!,Positive
8216,114992,3.0,4,4,Delivery was on time but food was mediocre.,Neutral
8217,106660,2.0,1,2,Quality was not up to the mark.,Negative
8218,104504,2.0,2,1,Very disappointed with the service.,Negative
8219,113983,3.0,2,2,Average experience.,Neutral
8220,104692,4.0,3,3,Best biryani in town!,Positive
8221,108311,1.0,1,2,Quality was not up to the mark.,Negative
8222,114825,5.0,5,5,Delivery partner was very polite.,Positive
8223,114904,2.0,3,2,Order was incomplete.,Negative
8224,117855,2.0,1,3,,Negative
8225,110594,2.0,3,2,Very disappointed with the service.,Negative
8226,115489,5.0,5,4,Best biryani in town!,Positive
8227,115982,5.0,4,4,Packaging was excellent and food was hot.,Positive
8228,100308,3.0,3,2,Average experience.,Neutral
8229,110918,5.0,5,4,Delivery partner was very polite.,Positive
8230,119865,5.0,5,5,Delivery partner was very polite.,Positive
8231,115081,5.0,4,4,"Loved the taste, will order again.",Positive
8232,111581,2.0,1,2,Food arrived cold and late.,Negative
8233,115826,3.0,4,2,,Neutral
8234,100559,2.0,3,3,Delivery took way too long.,Negative
8235,113809,4.0,5,3,,Positive
8236,116296,3.0,3,4,Average experience.,Neutral
8237,111227,4.0,3,3,"Loved the taste, will order again.",Positive
8238,103033,5.0,4,5,Best biryani in town!,Positive
8239,116686,3.0,2,3,Delivery was on time but food was mediocre.,Neutral
8240,117046,4.0,3,5,Amazing experience overall.,Positive
8241,111448,5.0,5,5,Delivery partner was very polite.,Positive
8242,118176,5.0,5,5,Great food and fast delivery!,Positive
8243,118586,3.0,2,3,,Neutral
8244,101449,4.0,5,4,Great food and fast delivery!,Positive
8245,110586,5.0,5,5,Amazing experience overall.,Positive
8246,102231,4.0,3,5,"Loved the taste, will order again.",Positive
8247,103856,3.0,4,3,Delivery was on time but food was mediocre.,Neutral
8248,114195,5.0,4,5,Great food and fast delivery!,Positive
8249,106514,5.0,4,4,Amazing experience overall.,Positive
8250,106379,2.0,1,1,Food arrived cold and late.,Negative
8251,111204,4.0,3,4,Delivery partner was very polite.,Positive
8252,101229,4.0,3,3,Best biryani in town!,Positive
8253,107100,4.0,4,4,Delivery partner was very polite.,Positive
8254,111235,3.0,2,2,Delivery was on time but food was mediocre.,Neutral
8255,120496,4.0,4,3,"Loved the taste, will order again.",Positive
8256,117269,5.0,5,5,Packaging was excellent and food was hot.,Positive
8257,102706,2.0,2,3,Quality was not up to the mark.,Negative
8258,101210,4.0,4,3,"Loved the taste, will order again.",Positive
8259,108707,4.0,4,3,Great food and fast delivery!,Positive
8260,110152,5.0,7,4,"Loved the taste, will order again.",Positive
8261,102904,5.0,4,4,Delivery partner was very polite.,Positive
8262,118481,3.0,3,2,"Food was okay, nothing special.",Neutral
8263,116935,,4,5,Delivery partner was very polite.,Positive
8264,108672,3.0,2,3,Delivery was on time but food was mediocre.,Neutral
8265,120176,2.0,3,3,Very disappointed with the service.,Negative
8266,114800,1.0,1,2,Delivery took way too long.,Negative
8267,101857,3.0,3,4,,Neutral
8268,120064,5.0,4,5,Packaging was excellent and food was hot.,Positive
8269,119710,1.0,1,1,Food arrived cold and late.,Negative
8270,114126,2.0,2,2,Quality was not up to the mark.,Negative
8271,120194,2.0,2,2,Food arrived cold and late.,Negative
8272,106347,,4,2,"Food was okay, nothing special.",Neutral
8273,110600,4.0,3,3,"Loved the taste, will order again.",Positive
8274,106892,5.0,4,4,Packaging was excellent and food was hot.,Positive
8275,107506,3.0,3,4,"Food was okay, nothing special.",Neutral
8276,115171,5.0,4,5,"Loved the taste, will order again.",Positive
8277,115508,2.0,3,3,Delivery took way too long.,Negative
8278,107971,5.0,5,4,Packaging was excellent and food was hot.,Positive
8279,117333,2.0,1,1,Wrong item delivered.,Negative
8280,104818,2.0,3,1,Delivery took way too long.,Negative
8281,109094,3.0,2,4,Delivery was on time but food was mediocre.,Neutral
8282,116846,5.0,4,5,Great food and fast delivery!,Positive
8283,109187,3.0,4,2,"Food was okay, nothing special.",Neutral
8284,109599,3.0,3,2,,Neutral
8285,119148,4.0,3,4,"Loved the taste, will order again.",Positive
8286,120005,2.0,2,3,Quality was not up to the mark.,Negative
8287,119749,5.0,5,5,Great food and fast delivery!,Positive
8288,111711,2.0,1,2,Delivery took way too long.,Negative
8289,105485,3.0,4,2,"Food was okay, nothing special.",Neutral
8290,117512,4.0,3,3,"Loved the taste, will order again.",Positive
8291,112206,4.0,5,4,Best biryani in town!,Positive
8292,104866,3.0,3,4,Delivery was on time but food was mediocre.,Neutral
8293,108757,5.0,5,5,"Loved the taste, will order again.",Positive
8294,119021,3.0,3,3,,Neutral
8295,104592,2.0,3,2,Quality was not up to the mark.,Negative
8296,110722,2.0,3,3,Order was incomplete.,Negative
8297,119870,5.0,4,5,Packaging was excellent and food was hot.,Positive
8298,103169,4.0,3,4,Amazing experience overall.,Positive
8299,105932,5.0,5,5,Amazing experience overall.,Positive
8300,110254,2.0,2,3,Delivery took way too long.,Negative
8301,115554,5.0,4,5,"Loved the taste, will order again.",Positive
8302,109510,5.0,6,4,Best biryani in town!,Positive
8303,112535,4.0,4,5,Great food and fast delivery!,Positive
8304,109276,1.0,2,2,Wrong item delivered.,Negative
8305,110460,1.0,1,1,Quality was not up to the mark.,Negative
8306,101579,2.0,3,1,Wrong item delivered.,Negative
8307,110402,4.0,4,5,"Loved the taste, will order again.",Positive
8308,103004,5.0,5,5,Delivery partner was very polite.,Positive
8309,113639,2.0,1,1,Order was incomplete.,Negative
8310,118641,5.0,5,4,Great food and fast delivery!,Positive
8311,107134,2.0,2,1,Order was incomplete.,Negative
8312,103671,5.0,4,4,Great food and fast delivery!,Positive
8313,108815,4.0,3,3,Great food and fast delivery!,Positive
8314,116078,4.0,4,5,Great food and fast delivery!,Positive
8315,119860,5.0,5,5,"Loved the taste, will order again.",Positive
8316,104983,3.0,4,4,,Neutral
8317,105967,,1,2,Wrong item delivered.,Negative
8318,103574,3.0,2,2,"Food was okay, nothing special.",Neutral
8319,112711,5.0,5,4,Great food and fast delivery!,Positive
8320,113301,5.0,5,5,Best biryani in town!,Positive
8321,110595,4.0,5,4,"Loved the taste, will order again.",Positive
8322,108886,5.0,5,4,Best biryani in town!,Positive
8323,103508,4.0,4,4,Best biryani in town!,Positive
8324,118449,5.0,5,4,Packaging was excellent and food was hot.,Positive
8325,113876,5.0,5,5,Great food and fast delivery!,Positive
8326,119644,3.0,2,4,Delivery was on time but food was mediocre.,Neutral
8327,114036,3.0,2,3,"Food was okay, nothing special.",Neutral
8328,113348,5.0,5,5,Packaging was excellent and food was hot.,Positive
8329,120179,5.0,4,4,Best biryani in town!,Positive
8330,118346,2.0,3,3,Wrong item delivered.,Negative
8331,112086,3.0,3,3,Average experience.,Neutral
8332,118394,2.0,1,2,Wrong item delivered.,Negative
8333,112249,2.0,3,3,Delivery took way too long.,Negative
8334,114537,5.0,5,4,Best biryani in town!,Positive
8335,101811,4.0,3,3,Great food and fast delivery!,Positive
8336,115079,3.0,2,3,Average experience.,Neutral
8337,115138,4.0,5,4,Best biryani in town!,Positive
8338,120294,1.0,2,1,Food arrived cold and late.,Negative
8339,117784,3.0,4,3,Average experience.,Neutral
8340,109280,2.0,1,3,Food arrived cold and late.,Negative
8341,118137,3.0,4,4,,Neutral
8342,119677,3.0,3,4,Average experience.,Neutral
8343,103686,4.0,4,4,Amazing experience overall.,Positive
8344,106746,5.0,4,5,"Loved the taste, will order again.",Positive
8345,111965,4.0,4,4,Great food and fast delivery!,Positive
8346,113144,3.0,4,4,Average experience.,Neutral
8347,104381,4.0,3,5,"Loved the taste, will order again.",Positive
8348,117029,5.0,5,5,"Loved the taste, will order again.",Positive
8349,100921,4.0,5,3,,Positive
8350,108072,3.0,3,4,Average experience.,Neutral
8351,108375,2.0,3,1,Wrong item delivered.,Negative
8352,101347,3.0,3,2,Average experience.,Neutral
8353,118571,2.0,1,2,Very disappointed with the service.,Negative
8354,116984,5.0,4,5,Great food and fast delivery!,Positive
8355,100175,1.0,1,2,Order was incomplete.,Negative
8356,115880,2.0,3,2,Order was incomplete.,Negative
8357,110667,1.0,2,1,Order was incomplete.,Negative
8358,117066,5.0,4,5,Delivery partner was very polite.,Positive
8359,102089,5.0,5,4,Amazing experience overall.,Positive
8360,119949,3.0,4,4,,Neutral
8361,120096,2.0,1,2,Delivery took way too long.,Negative
8362,118105,5.0,4,5,,Positive
8363,111842,5.0,5,5,Packaging was excellent and food was hot.,Positive
8364,100770,2.0,3,3,Very disappointed with the service.,Negative
8365,119095,5.0,5,5,Best biryani in town!,Positive
8366,104995,4.0,4,4,Great food and fast delivery!,Positive
8367,104759,5.0,5,5,Great food and fast delivery!,Positive
8368,119564,3.0,2,3,"Food was okay, nothing special.",Neutral
8369,114741,4.0,4,3,Amazing experience overall.,Positive
8370,118094,5.0,5,5,Packaging was excellent and food was hot.,Positive
8371,114977,5.0,4,5,Packaging was excellent and food was hot.,Positive
8372,102850,5.0,5,4,Packaging was excellent and food was hot.,Positive
8373,115735,2.0,1,1,,Negative
8374,108525,3.0,2,2,,Neutral
8375,101545,5.0,5,5,"Loved the taste, will order again.",Positive
8376,119877,2.0,3,2,Order was incomplete.,Negative
8377,119550,5.0,5,4,Best biryani in town!,Positive
8378,100859,5.0,5,5,Delivery partner was very polite.,Positive
8379,118705,3.0,4,4,,Neutral
8380,108522,1.0,1,1,Quality was not up to the mark.,Negative
8381,116091,4.0,5,3,Amazing experience overall.,Positive
8382,111294,3.0,2,3,Delivery was on time but food was mediocre.,Neutral
8383,120109,1.0,1,1,Wrong item delivered.,Negative
8384,102696,5.0,4,5,Amazing experience overall.,Positive
8385,117792,2.0,3,1,Food arrived cold and late.,Negative
8386,102864,5.0,5,5,Best biryani in town!,Positive
8387,109225,3.0,3,3,Average experience.,Neutral
8388,105954,2.0,3,1,Very disappointed with the service.,Negative
8389,102499,5.0,4,5,Delivery partner was very polite.,Positive
8390,105710,4.0,3,5,"Loved the taste, will order again.",Positive
8391,116925,5.0,5,4,Delivery partner was very polite.,Positive
8392,104933,3.0,2,3,"Food was okay, nothing special.",Neutral
8393,115912,3.0,3,2,,Neutral
8394,116945,2.0,1,1,Wrong item delivered.,Negative
8395,116836,5.0,5,4,Packaging was excellent and food was hot.,Positive
8396,100171,4.0,7,5,Delivery partner was very polite.,Positive
8397,118770,2.0,3,3,Wrong item delivered.,Negative
8398,106995,2.0,1,3,Delivery took way too long.,Negative
8399,118987,4.0,5,4,Amazing experience overall.,Positive
8400,111206,3.0,2,3,Delivery was on time but food was mediocre.,Neutral
8401,120479,3.0,4,3,Delivery was on time but food was mediocre.,Neutral
8402,109297,3.0,4,4,,Neutral
8403,119194,2.0,2,1,Very disappointed with the service.,Negative
8404,113465,5.0,4,5,Packaging was excellent and food was hot.,Positive
8405,109543,3.0,2,2,,Neutral
8406,115412,3.0,2,2,Delivery was on time but food was mediocre.,Neutral
8407,103364,5.0,5,4,Delivery partner was very polite.,Positive
8408,118231,5.0,4,5,Great food and fast delivery!,Positive
8409,113123,3.0,2,4,"Food was okay, nothing special.",Neutral
8410,117775,4.0,4,4,Amazing experience overall.,Positive
8411,116403,5.0,5,5,Delivery partner was very polite.,Positive
8412,107259,3.0,4,4,Delivery was on time but food was mediocre.,Neutral
8413,103418,5.0,5,5,Amazing experience overall.,Positive
8414,115201,1.0,2,1,Very disappointed with the service.,Negative
8415,118112,3.0,4,4,Average experience.,Neutral
8416,113544,4.0,5,5,Best biryani in town!,Positive
8417,115498,5.0,5,5,Best biryani in town!,Positive
8418,111890,5.0,5,4,Best biryani in town!,Positive
8419,114275,2.0,3,1,Food arrived cold and late.,Negative
8420,108332,5.0,4,5,Delivery partner was very polite.,Positive
8421,111541,5.0,5,4,"Loved the taste, will order again.",Positive
8422,119482,5.0,4,5,Amazing experience overall.,Positive
8423,104660,2.0,2,1,Wrong item delivered.,Negative
8424,105745,4.0,4,3,Great food and fast delivery!,Positive
8425,113677,2.0,3,1,Wrong item delivered.,Negative
8426,102042,4.0,3,4,Packaging was excellent and food was hot.,Positive
8427,110893,4.0,5,3,Great food and fast delivery!,Positive
8428,115814,5.0,5,5,Great food and fast delivery!,Positive
8429,106875,2.0,3,3,Very disappointed with the service.,Negative
8430,106931,1.0,7,1,Order was incomplete.,Negative
8431,117166,3.0,8,3,Average experience.,Neutral
8432,119242,3.0,3,3,Delivery was on time but food was mediocre.,Neutral
8433,101862,5.0,5,5,Amazing experience overall.,Positive
8434,108798,5.0,5,5,Delivery partner was very polite.,Positive
8435,102280,3.0,3,3,,Neutral
8436,113783,3.0,3,4,Average experience.,Neutral
8437,118859,4.0,5,3,Great food and fast delivery!,Positive
8438,112622,5.0,5,5,Delivery partner was very polite.,Positive
8439,101603,4.0,3,3,,Positive
8440,109382,2.0,2,3,Delivery took way too long.,Negative
8441,104046,5.0,5,5,"Loved the taste, will order again.",Positive
8442,102154,5.0,4,5,Packaging was excellent and food was hot.,Positive
8443,112196,5.0,4,5,Best biryani in town!,Positive
8444,100112,2.0,1,3,Delivery took way too long.,Negative
8445,110335,5.0,4,5,,Positive
8446,114935,4.0,3,5,Packaging was excellent and food was hot.,Positive
8447,106870,3.0,4,2,Average experience.,Neutral
8448,108334,5.0,4,5,Delivery partner was very polite.,Positive
8449,113484,1.0,1,1,Order was incomplete.,Negative
8450,106407,4.0,4,5,Packaging was excellent and food was hot.,Positive
8451,118557,1.0,1,2,Wrong item delivered.,Negative
8452,108403,4.0,5,5,Best biryani in town!,Positive
8453,105033,4.0,3,4,Amazing experience overall.,Positive
8454,100734,3.0,2,3,"Food was okay, nothing special.",Neutral
8455,115305,5.0,5,5,"Loved the taste, will order again.",Positive
8456,113167,5.0,4,5,Packaging was excellent and food was hot.,Positive
8457,101639,4.0,5,3,Great food and fast delivery!,Positive
8458,116656,5.0,5,5,Best biryani in town!,Positive
8459,112012,5.0,5,5,Great food and fast delivery!,Positive
8460,116544,5.0,4,5,Delivery partner was very polite.,Positive
8461,108841,5.0,4,4,"Loved the taste, will order again.",Positive
8462,101346,4.0,5,3,Best biryani in town!,Positive
8463,116463,5.0,4,4,Packaging was excellent and food was hot.,Positive
8464,116526,5.0,4,4,Amazing experience overall.,Positive
8465,105487,2.0,1,2,Delivery took way too long.,Negative
8466,112226,2.0,2,2,Delivery took way too long.,Negative
8467,118078,5.0,5,4,"Loved the taste, will order again.",Positive
8468,104751,5.0,4,5,Amazing experience overall.,Positive
8469,114059,5.0,5,5,,Positive
8470,113924,4.0,5,4,Best biryani in town!,Positive
8471,118312,2.0,2,2,Very disappointed with the service.,Negative
8472,111974,5.0,5,4,Delivery partner was very polite.,Positive
8473,120413,5.0,4,5,Amazing experience overall.,Positive
8474,113674,1.0,1,1,Wrong item delivered.,Negative
8475,102043,2.0,1,2,Food arrived cold and late.,Negative
8476,109908,4.0,5,5,Packaging was excellent and food was hot.,Positive
8477,105250,1.0,1,2,Order was incomplete.,Negative
8478,112994,5.0,5,5,Amazing experience overall.,Positive
8479,108930,3.0,2,2,Average experience.,Neutral
8480,102865,5.0,5,5,"Loved the taste, will order again.",Positive
8481,101392,5.0,5,5,,Positive
8482,103390,3.0,3,2,Average experience.,Neutral
8483,102685,4.0,3,4,Amazing experience overall.,Positive
8484,104107,5.0,4,5,Packaging was excellent and food was hot.,Positive
8485,117168,2.0,1,3,Delivery took way too long.,Negative
8486,117216,2.0,3,2,Wrong item delivered.,Negative
8487,117415,3.0,4,4,Average experience.,Neutral
8488,110232,5.0,5,5,Best biryani in town!,Positive
8489,105634,5.0,5,4,Packaging was excellent and food was hot.,Positive
8490,100852,3.0,3,2,,Neutral
8491,101220,5.0,5,4,Best biryani in town!,Positive
8492,112806,1.0,1,2,Very disappointed with the service.,Negative
8493,108554,4.0,3,4,Amazing experience overall.,Positive
8494,108296,5.0,5,5,Amazing experience overall.,Positive
8495,118857,2.0,1,1,Quality was not up to the mark.,Negative
8496,118587,3.0,3,4,,Neutral
8497,118103,3.0,4,3,"Food was okay, nothing special.",Neutral
8498,120177,2.0,3,3,Quality was not up to the mark.,Negative
8499,107129,5.0,5,5,Great food and fast delivery!,Positive
8500,109188,2.0,1,1,Wrong item delivered.,Negative
8501,103944,3.0,3,4,,Neutral
8502,104037,5.0,5,5,Great food and fast delivery!,Positive
8503,113784,5.0,5,4,Amazing experience overall.,Positive
8504,106936,4.0,4,4,Best biryani in town!,Positive
8505,108021,1.0,1,1,Wrong item delivered.,Negative
8506,100376,2.0,1,1,Food arrived cold and late.,Negative
8507,118275,5.0,4,4,"Loved the taste, will order again.",Positive
8508,118614,4.0,3,4,Packaging was excellent and food was hot.,Positive
8509,111507,5.0,5,5,Best biryani in town!,Positive
8510,116234,4.0,3,3,Best biryani in town!,Positive
8511,115066,3.0,4,2,"Food was okay, nothing special.",Neutral
8512,104227,3.0,2,2,Average experience.,Neutral
8513,103300,4.0,5,5,Packaging was excellent and food was hot.,Positive
8514,109914,4.0,4,4,Delivery partner was very polite.,Positive
8515,112148,5.0,4,4,"Loved the taste, will order again.",Positive
8516,105273,5.0,5,5,Great food and fast delivery!,Positive
8517,120115,5.0,4,4,Packaging was excellent and food was hot.,Positive
8518,115102,4.0,5,4,Delivery partner was very polite.,Positive
8519,106721,2.0,1,1,Delivery took way too long.,Negative
8520,107191,3.0,4,2,,Neutral
8521,112750,3.0,4,3,"Food was okay, nothing special.",Neutral
8522,119450,2.0,1,1,Quality was not up to the mark.,Negative
8523,100443,3.0,2,3,"Food was okay, nothing special.",Neutral
8524,105848,5.0,4,5,Packaging was excellent and food was hot.,Positive
8525,103724,5.0,5,5,Packaging was excellent and food was hot.,Positive
8526,112623,5.0,4,4,Amazing experience overall.,Positive
8527,110693,2.0,2,2,Order was incomplete.,Negative
8528,110852,2.0,1,1,Order was incomplete.,Negative
8529,110184,2.0,3,2,Delivery took way too long.,Negative
8530,114710,4.0,5,3,Best biryani in town!,Positive
8531,107919,2.0,3,1,Quality was not up to the mark.,Negative
8532,113480,3.0,2,2,Delivery was on time but food was mediocre.,Neutral
8533,111919,3.0,3,3,"Food was okay, nothing special.",Neutral
8534,114547,2.0,2,2,Food arrived cold and late.,Negative
8535,104053,5.0,4,5,Amazing experience overall.,Positive
8536,114753,5.0,5,5,Amazing experience overall.,Positive
8537,103654,5.0,4,4,Amazing experience overall.,Positive
8538,109183,4.0,4,3,Delivery partner was very polite.,Positive
8539,117586,1.0,2,1,Quality was not up to the mark.,Negative
8540,116596,4.0,3,3,Great food and fast delivery!,Positive
8541,104910,2.0,3,2,Very disappointed with the service.,Negative
8542,101991,5.0,5,4,Best biryani in town!,Positive
8543,115665,2.0,1,1,Very disappointed with the service.,Negative
8544,102133,4.0,5,4,Great food and fast delivery!,Positive
8545,104738,2.0,2,1,Quality was not up to the mark.,Negative
8546,110321,1.0,2,2,Very disappointed with the service.,Negative
8547,108651,2.0,2,3,Very disappointed with the service.,Negative
8548,116392,4.0,4,3,Delivery partner was very polite.,Positive
8549,107939,3.0,3,3,Average experience.,Neutral
8550,111450,3.0,2,3,Delivery was on time but food was mediocre.,Neutral
8551,102829,5.0,5,5,Great food and fast delivery!,Positive
8552,102639,2.0,1,2,,Negative
8553,101244,4.0,3,5,Packaging was excellent and food was hot.,Positive
8554,110915,3.0,4,3,"Food was okay, nothing special.",Neutral
8555,106472,4.0,5,4,"Loved the taste, will order again.",Positive
8556,110636,2.0,2,2,Order was incomplete.,Negative
8557,115022,5.0,5,5,Amazing experience overall.,Positive
8558,107530,2.0,2,2,Very disappointed with the service.,Negative
8559,105789,5.0,4,5,Amazing experience overall.,Positive
8560,118867,3.0,2,4,Delivery was on time but food was mediocre.,Neutral
8561,103516,4.0,4,5,Packaging was excellent and food was hot.,Positive
8562,110286,4.0,4,4,,Positive
8563,111322,2.0,2,1,Quality was not up to the mark.,Negative
8564,117396,5.0,5,5,Great food and fast delivery!,Positive
8565,113452,5.0,5,4,Packaging was excellent and food was hot.,Positive
8566,110004,1.0,1,1,Delivery took way too long.,Negative
8567,109110,4.0,5,5,Amazing experience overall.,Positive
8568,111070,5.0,5,5,Delivery partner was very polite.,Positive
8569,119292,5.0,4,5,Packaging was excellent and food was hot.,Positive
8570,118628,4.0,5,3,Great food and fast delivery!,Positive
8571,111312,3.0,3,3,"Food was okay, nothing special.",Neutral
8572,109000,5.0,4,5,Delivery partner was very polite.,Positive
8573,115495,2.0,2,1,Wrong item delivered.,Negative
8574,102132,5.0,5,4,"Loved the taste, will order again.",Positive
8575,111184,2.0,2,3,Delivery took way too long.,Negative
8576,108545,5.0,5,4,Great food and fast delivery!,Positive
8577,113782,5.0,4,4,Packaging was excellent and food was hot.,Positive
8578,113790,2.0,1,1,Quality was not up to the mark.,Negative
8579,118462,5.0,4,4,Delivery partner was very polite.,Positive
8580,114115,,4,5,Amazing experience overall.,Positive
8581,108940,5.0,5,5,Packaging was excellent and food was hot.,Positive
8582,106239,2.0,3,2,Very disappointed with the service.,Negative
8583,116691,2.0,3,3,Wrong item delivered.,Negative
8584,119991,2.0,1,1,Order was incomplete.,Negative
8585,112254,4.0,4,5,Best biryani in town!,Positive
8586,107204,3.0,3,4,"Food was okay, nothing special.",Neutral
8587,116962,5.0,5,5,Best biryani in town!,Positive
8588,111893,5.0,5,5,Great food and fast delivery!,Positive
8589,117299,1.0,2,1,Very disappointed with the service.,Negative
8590,117974,1.0,1,2,Delivery took way too long.,Negative
8591,100600,3.0,4,4,"Food was okay, nothing special.",Neutral
8592,107872,5.0,5,4,Delivery partner was very polite.,Positive
8593,117867,5.0,4,5,Best biryani in town!,Positive
8594,102568,2.0,3,3,Delivery took way too long.,Negative
8595,112202,3.0,4,3,"Food was okay, nothing special.",Neutral
8596,115609,4.0,3,4,Great food and fast delivery!,Positive
8597,104561,3.0,4,4,,Neutral
8598,111832,5.0,4,5,"Loved the taste, will order again.",Positive
8599,114004,4.0,5,3,Best biryani in town!,Positive
8600,115261,5.0,5,5,Best biryani in town!,Positive
8601,115656,1.0,1,1,Very disappointed with the service.,Negative
8602,108027,5.0,4,5,Great food and fast delivery!,Positive
8603,116163,1.0,1,1,,Negative
8604,109484,3.0,4,3,,Neutral
8605,109838,3.0,2,2,,Neutral
8606,100266,2.0,2,1,Very disappointed with the service.,Negative
8607,110487,4.0,3,3,Delivery partner was very polite.,Positive
8608,110962,5.0,5,4,"Loved the taste, will order again.",Positive
8609,111940,3.0,3,4,Delivery was on time but food was mediocre.,Neutral
8610,102159,2.0,2,2,Wrong item delivered.,Negative
8611,116082,3.0,4,4,Average experience.,Neutral
8612,106083,1.0,1,2,Wrong item delivered.,Negative
8613,111931,3.0,2,2,,Neutral
8614,114116,1.0,2,1,Order was incomplete.,Negative
8615,118469,1.0,1,1,Wrong item delivered.,Negative
8616,111295,2.0,3,1,Very disappointed with the service.,Negative
8617,119847,1.0,1,2,Quality was not up to the mark.,Negative
8618,103048,3.0,2,4,,Neutral
8619,109259,2.0,2,1,,Negative
8620,100933,2.0,2,1,Order was incomplete.,Negative
8621,110844,2.0,2,3,Food arrived cold and late.,Negative
8622,101036,5.0,5,5,Great food and fast delivery!,Positive
8623,107369,4.0,5,3,Packaging was excellent and food was hot.,Positive
8624,118198,5.0,5,5,Best biryani in town!,Positive
8625,116252,4.0,5,3,"Loved the taste, will order again.",Positive
8626,112629,3.0,2,2,Delivery was on time but food was mediocre.,Neutral
8627,110411,4.0,7,3,Delivery partner was very polite.,Positive
8628,103563,4.0,5,5,Amazing experience overall.,Positive
8629,100119,4.0,4,3,"Loved the taste, will order again.",Positive
8630,117457,4.0,5,3,Great food and fast delivery!,Positive
8631,104646,5.0,5,4,Delivery partner was very polite.,Positive
8632,101272,1.0,2,2,Quality was not up to the mark.,Negative
8633,111508,4.0,4,3,"Loved the taste, will order again.",Positive
8634,118748,5.0,5,5,Amazing experience overall.,Positive
8635,114976,3.0,3,3,"Food was okay, nothing special.",Neutral
8636,120234,5.0,4,5,Packaging was excellent and food was hot.,Positive
8637,113587,3.0,3,4,Average experience.,Neutral
8638,100873,2.0,3,2,Order was incomplete.,Negative
8639,100872,5.0,5,4,Amazing experience overall.,Positive
8640,109436,2.0,3,3,Quality was not up to the mark.,Negative
8641,104081,5.0,5,4,Packaging was excellent and food was hot.,Positive
8642,100800,5.0,5,5,Best biryani in town!,Positive
8643,112167,5.0,4,4,Great food and fast delivery!,Positive
8644,115122,3.0,4,4,,Neutral
8645,109799,5.0,5,4,Amazing experience overall.,Positive
8646,104460,4.0,3,3,"Loved the taste, will order again.",Positive
8647,106743,5.0,4,5,Delivery partner was very polite.,Positive
8648,101184,3.0,3,3,"Food was okay, nothing special.",Neutral
8649,104168,5.0,5,4,Amazing experience overall.,Positive
8650,100215,5.0,5,5,Best biryani in town!,Positive
8651,114900,2.0,3,3,Food arrived cold and late.,Negative
8652,112462,,3,4,Average experience.,Neutral
8653,113252,5.0,5,5,Packaging was excellent and food was hot.,Positive
8654,119430,1.0,1,1,Wrong item delivered.,Negative
8655,113913,4.0,3,5,Packaging was excellent and food was hot.,Positive
8656,107157,5.0,5,5,Delivery partner was very polite.,Positive
8657,113157,,4,3,Delivery partner was very polite.,Positive
8658,112024,5.0,4,4,Great food and fast delivery!,Positive
8659,120116,5.0,5,5,Packaging was excellent and food was hot.,Positive
8660,111268,5.0,5,5,Packaging was excellent and food was hot.,Positive
8661,103396,5.0,5,4,Delivery partner was very polite.,Positive
8662,100163,2.0,3,3,Delivery took way too long.,Negative
8663,119501,5.0,5,5,Great food and fast delivery!,Positive
8664,104720,5.0,4,4,Best biryani in town!,Positive
8665,106696,3.0,4,2,"Food was okay, nothing special.",Neutral
8666,116870,5.0,5,4,Amazing experience overall.,Positive
8667,109619,4.0,3,5,Best biryani in town!,Positive
8668,107421,3.0,2,4,Delivery was on time but food was mediocre.,Neutral
8669,106216,5.0,5,4,Amazing experience overall.,Positive
8670,106484,5.0,5,5,"Loved the taste, will order again.",Positive
8671,112279,3.0,3,3,Average experience.,Neutral
8672,119722,2.0,2,1,Delivery took way too long.,Negative
8673,107013,4.0,4,3,Delivery partner was very polite.,Positive
8674,101924,2.0,1,1,Order was incomplete.,Negative
8675,119706,3.0,2,4,Delivery was on time but food was mediocre.,Neutral
8676,107671,2.0,1,2,Very disappointed with the service.,Negative
8677,120305,4.0,3,3,"Loved the taste, will order again.",Positive
8678,111348,3.0,3,2,,Neutral
8679,112383,1.0,2,1,Delivery took way too long.,Negative
8680,101225,2.0,1,3,Delivery took way too long.,Negative
8681,119849,5.0,5,5,"Loved the taste, will order again.",Positive
8682,114310,5.0,5,5,Great food and fast delivery!,Positive
8683,108997,3.0,3,4,,Neutral
8684,103191,5.0,5,4,Great food and fast delivery!,Positive
8685,110435,4.0,4,4,"Loved the taste, will order again.",Positive
8686,109229,3.0,2,3,Delivery was on time but food was mediocre.,Neutral
8687,119945,5.0,5,4,Delivery partner was very polite.,Positive
8688,109643,5.0,4,5,Delivery partner was very polite.,Positive
8689,104354,3.0,2,2,,Neutral
8690,120426,5.0,4,5,Packaging was excellent and food was hot.,Positive
8691,116372,3.0,3,4,"Food was okay, nothing special.",Neutral
8692,109441,5.0,5,4,"Loved the taste, will order again.",Positive
8693,113375,5.0,4,5,,Positive
8694,108284,5.0,4,5,Best biryani in town!,Positive
8695,113284,2.0,2,2,Order was incomplete.,Negative
8696,102373,2.0,1,3,Wrong item delivered.,Negative
8697,117495,5.0,4,4,Delivery partner was very polite.,Positive
8698,118802,2.0,1,3,Delivery took way too long.,Negative
8699,114282,5.0,4,5,Packaging was excellent and food was hot.,Positive
8700,111827,5.0,4,4,Delivery partner was very polite.,Positive
8701,117477,2.0,3,3,Quality was not up to the mark.,Negative
8702,111089,5.0,4,5,Best biryani in town!,Positive
8703,119933,1.0,1,1,Delivery took way too long.,Negative
8704,112515,2.0,3,1,Very disappointed with the service.,Negative
8705,118914,1.0,1,1,Wrong item delivered.,Negative
8706,109041,5.0,5,5,Amazing experience overall.,Positive
8707,112764,5.0,5,4,Delivery partner was very polite.,Positive
8708,106049,5.0,5,4,Best biryani in town!,Positive
8709,106310,5.0,5,4,Amazing experience overall.,Positive
8710,107035,5.0,5,4,Great food and fast delivery!,Positive
8711,105647,2.0,2,1,Order was incomplete.,Negative
8712,105448,2.0,1,1,Wrong item delivered.,Negative
8713,101767,5.0,4,4,Best biryani in town!,Positive
8714,117024,5.0,5,5,Great food and fast delivery!,Positive
8715,106595,2.0,2,1,Order was incomplete.,Negative
8716,110542,2.0,2,3,Order was incomplete.,Negative
8717,103487,4.0,4,4,"Loved the taste, will order again.",Positive
8718,106364,5.0,5,4,,Positive
8719,107007,4.0,3,3,Packaging was excellent and food was hot.,Positive
8720,109668,3.0,4,3,"Food was okay, nothing special.",Neutral
8721,116155,4.0,5,4,Delivery partner was very polite.,Positive
8722,106178,5.0,5,4,Great food and fast delivery!,Positive
8723,116597,3.0,2,3,"Food was okay, nothing special.",Neutral
8724,110632,3.0,2,4,Delivery was on time but food was mediocre.,Neutral
8725,117636,4.0,5,4,Best biryani in town!,Positive
8726,102160,3.0,4,4,Delivery was on time but food was mediocre.,Neutral
8727,117511,2.0,3,3,Order was incomplete.,Negative
8728,114026,5.0,5,5,"Loved the taste, will order again.",Positive
8729,109885,5.0,4,5,Great food and fast delivery!,Positive
8730,114486,5.0,4,4,Best biryani in town!,Positive
8731,101910,2.0,1,3,Very disappointed with the service.,Negative
8732,103425,2.0,1,3,Order was incomplete.,Negative
8733,110613,4.0,5,5,Best biryani in town!,Positive
8734,114726,5.0,5,5,Delivery partner was very polite.,Positive
8735,107271,2.0,2,3,Very disappointed with the service.,Negative
8736,118570,5.0,4,4,Amazing experience overall.,Positive
8737,116779,5.0,5,4,Best biryani in town!,Positive
8738,100282,5.0,4,5,"Loved the taste, will order again.",Positive
8739,111108,5.0,5,4,Best biryani in town!,Positive
8740,115918,5.0,5,5,Best biryani in town!,Positive
8741,102203,5.0,5,5,Packaging was excellent and food was hot.,Positive
8742,117458,2.0,2,1,Quality was not up to the mark.,Negative
8743,111269,3.0,3,4,Average experience.,Neutral
8744,107206,3.0,2,3,Delivery was on time but food was mediocre.,Neutral
8745,103409,3.0,2,2,Average experience.,Neutral
8746,109284,3.0,3,4,Delivery was on time but food was mediocre.,Neutral
8747,110129,5.0,4,4,Great food and fast delivery!,Positive
8748,101368,3.0,3,2,Average experience.,Neutral
8749,115300,5.0,5,5,Amazing experience overall.,Positive
8750,115367,4.0,3,5,Packaging was excellent and food was hot.,Positive
8751,105982,5.0,4,5,"Loved the taste, will order again.",Positive
8752,114695,4.0,4,3,Packaging was excellent and food was hot.,Positive
8753,101732,2.0,1,2,Order was incomplete.,Negative
8754,120239,2.0,2,1,Order was incomplete.,Negative
8755,109788,1.0,2,1,Food arrived cold and late.,Negative
8756,107209,4.0,5,4,Delivery partner was very polite.,Positive
8757,117344,3.0,3,3,,Neutral
8758,107034,1.0,2,1,Quality was not up to the mark.,Negative
8759,100560,5.0,4,5,Packaging was excellent and food was hot.,Positive
8760,109558,2.0,2,2,Quality was not up to the mark.,Negative
8761,103400,2.0,1,1,Delivery took way too long.,Negative
8762,115744,5.0,5,4,Delivery partner was very polite.,Positive
8763,107696,1.0,1,1,Delivery took way too long.,Negative
8764,112661,2.0,1,1,Food arrived cold and late.,Negative
8765,110444,5.0,5,5,Packaging was excellent and food was hot.,Positive
8766,103397,3.0,4,3,Delivery was on time but food was mediocre.,Neutral
8767,118941,5.0,5,4,Amazing experience overall.,Positive
8768,105040,4.0,5,5,Best biryani in town!,Positive
8769,101470,3.0,4,2,,Neutral
8770,105113,2.0,2,1,Wrong item delivered.,Negative
8771,116197,5.0,4,4,"Loved the taste, will order again.",Positive
8772,110634,2.0,1,3,Food arrived cold and late.,Negative
8773,107364,2.0,1,2,Delivery took way too long.,Negative
8774,112554,2.0,3,3,Delivery took way too long.,Negative
8775,108446,5.0,4,5,Delivery partner was very polite.,Positive
8776,110527,4.0,3,4,Packaging was excellent and food was hot.,Positive
8777,112904,5.0,4,5,Amazing experience overall.,Positive
8778,106363,2.0,3,3,Food arrived cold and late.,Negative
8779,119882,4.0,3,3,Packaging was excellent and food was hot.,Positive
8780,112838,4.0,5,5,Packaging was excellent and food was hot.,Positive
8781,108419,5.0,4,4,Amazing experience overall.,Positive
8782,111395,3.0,4,4,Average experience.,Neutral
8783,118296,5.0,5,4,Great food and fast delivery!,Positive
8784,113720,2.0,2,1,Very disappointed with the service.,Negative
8785,107317,1.0,2,2,Food arrived cold and late.,Negative
8786,102742,3.0,4,4,,Neutral
8787,103560,1.0,2,2,Delivery took way too long.,Negative
8788,105211,4.0,5,5,Best biryani in town!,Positive
8789,112168,2.0,2,3,Wrong item delivered.,Negative
8790,107164,1.0,2,1,Wrong item delivered.,Negative
8791,118263,5.0,5,4,Great food and fast delivery!,Positive
8792,112038,5.0,4,5,Packaging was excellent and food was hot.,Positive
8793,115092,5.0,4,5,Best biryani in town!,Positive
8794,106366,4.0,3,5,Great food and fast delivery!,Positive
8795,119413,5.0,5,5,Packaging was excellent and food was hot.,Positive
8796,107227,4.0,5,4,Amazing experience overall.,Positive
8797,103617,5.0,5,5,Best biryani in town!,Positive
8798,108837,4.0,3,5,Delivery partner was very polite.,Positive
8799,119777,3.0,4,2,Average experience.,Neutral
8800,100759,3.0,3,2,Average experience.,Neutral
8801,117051,3.0,4,3,,Neutral
8802,103112,5.0,5,5,Amazing experience overall.,Positive
8803,115129,5.0,4,5,,Positive
8804,102893,4.0,3,4,Amazing experience overall.,Positive
8805,101042,5.0,5,5,"Loved the taste, will order again.",Positive
8806,116171,5.0,5,4,Amazing experience overall.,Positive
8807,101393,5.0,5,5,Great food and fast delivery!,Positive
8808,119721,5.0,5,5,"Loved the taste, will order again.",Positive
8809,106361,5.0,5,5,Packaging was excellent and food was hot.,Positive
8810,117979,4.0,3,4,Delivery partner was very polite.,Positive
8811,120215,5.0,5,5,Packaging was excellent and food was hot.,Positive
8812,117980,3.0,4,4,Average experience.,Neutral
8813,120007,5.0,5,4,Best biryani in town!,Positive
8814,100262,5.0,5,5,Great food and fast delivery!,Positive
8815,112022,2.0,1,3,Wrong item delivered.,Negative
8816,107559,5.0,5,5,Amazing experience overall.,Positive
8817,108170,2.0,2,1,Quality was not up to the mark.,Negative
8818,113330,1.0,1,1,Order was incomplete.,Negative
8819,119669,5.0,4,4,Great food and fast delivery!,Positive
8820,102388,3.0,3,4,Average experience.,Neutral
8821,107375,5.0,5,5,Packaging was excellent and food was hot.,Positive
8822,104039,4.0,4,4,Best biryani in town!,Positive
8823,117279,2.0,1,1,Order was incomplete.,Negative
8824,100094,2.0,2,3,Food arrived cold and late.,Negative
8825,118497,3.0,3,4,Average experience.,Neutral
8826,105602,5.0,5,5,Great food and fast delivery!,Positive
8827,119444,5.0,4,5,"Loved the taste, will order again.",Positive
8828,108090,4.0,3,5,Best biryani in town!,Positive
8829,118383,5.0,4,5,Amazing experience overall.,Positive
8830,120223,4.0,5,5,Best biryani in town!,Positive
8831,117787,1.0,2,1,Quality was not up to the mark.,Negative
8832,117545,5.0,5,5,Best biryani in town!,Positive
8833,110166,5.0,5,4,Great food and fast delivery!,Positive
8834,100748,2.0,3,1,Very disappointed with the service.,Negative
8835,109333,3.0,3,4,,Neutral
8836,101834,5.0,4,5,Amazing experience overall.,Positive
8837,118698,4.0,5,3,"Loved the taste, will order again.",Positive
8838,110847,5.0,4,5,Amazing experience overall.,Positive
8839,114875,5.0,5,4,Great food and fast delivery!,Positive
8840,108884,,5,4,Great food and fast delivery!,Positive
8841,104659,5.0,5,4,Best biryani in town!,Positive
8842,116328,4.0,5,4,Best biryani in town!,Positive
8843,104987,4.0,5,3,,Positive
8844,110655,4.0,4,5,Amazing experience overall.,Positive
8845,101879,4.0,5,4,"Loved the taste, will order again.",Positive
8846,105867,5.0,5,5,Packaging was excellent and food was hot.,Positive
8847,107824,2.0,2,3,Quality was not up to the mark.,Negative
8848,102185,5.0,5,5,Great food and fast delivery!,Positive
8849,117384,4.0,5,3,"Loved the taste, will order again.",Positive
8850,112308,4.0,5,4,Amazing experience overall.,Positive
8851,112608,4.0,3,4,Amazing experience overall.,Positive
8852,114968,4.0,4,4,Packaging was excellent and food was hot.,Positive
8853,108877,1.0,1,2,Delivery took way too long.,Negative
8854,111096,5.0,5,5,Best biryani in town!,Positive
8855,107094,5.0,5,4,Delivery partner was very polite.,Positive
8856,106088,5.0,5,5,Packaging was excellent and food was hot.,Positive
8857,107621,2.0,2,3,Food arrived cold and late.,Negative
8858,113314,2.0,1,1,,Negative
8859,116194,4.0,4,4,,Positive
8860,105297,5.0,5,4,Great food and fast delivery!,Positive
8861,108414,1.0,1,1,Food arrived cold and late.,Negative
8862,104022,3.0,2,3,Average experience.,Neutral
8863,103647,4.0,3,4,Delivery partner was very polite.,Positive
8864,107378,5.0,5,5,Best biryani in town!,Positive
8865,104679,4.0,3,4,"Loved the taste, will order again.",Positive
8866,101915,3.0,4,3,,Neutral
8867,107925,4.0,5,5,"Loved the taste, will order again.",Positive
8868,108193,5.0,5,5,"Loved the taste, will order again.",Positive
8869,107881,3.0,2,4,Average experience.,Neutral
8870,119524,1.0,1,1,Very disappointed with the service.,Negative
8871,117068,4.0,5,5,Great food and fast delivery!,Positive
8872,114607,3.0,2,2,Delivery was on time but food was mediocre.,Neutral
8873,107994,2.0,2,3,Quality was not up to the mark.,Negative
8874,118420,3.0,3,2,"Food was okay, nothing special.",Neutral
8875,118526,4.0,5,3,"Loved the taste, will order again.",Positive
8876,109680,3.0,2,3,"Food was okay, nothing special.",Neutral
8877,112128,4.0,5,4,Delivery partner was very polite.,Positive
8878,102397,3.0,4,3,Average experience.,Neutral
8879,116219,3.0,4,4,Average experience.,Neutral
8880,114479,4.0,5,4,Delivery partner was very polite.,Positive
8881,113781,5.0,5,5,Great food and fast delivery!,Positive
8882,119084,3.0,2,2,,Neutral
8883,115681,2.0,1,2,Wrong item delivered.,Negative
8884,104212,5.0,6,5,Amazing experience overall.,Positive
8885,108595,5.0,5,5,"Loved the taste, will order again.",Positive
8886,110026,4.0,4,5,Packaging was excellent and food was hot.,Positive
8887,103302,4.0,3,3,Packaging was excellent and food was hot.,Positive
8888,110970,,1,3,Delivery took way too long.,Negative
8889,108281,5.0,4,5,Delivery partner was very polite.,Positive
8890,108684,5.0,5,5,Best biryani in town!,Positive
8891,115334,5.0,5,5,Delivery partner was very polite.,Positive
8892,116220,5.0,5,5,"Loved the taste, will order again.",Positive
8893,120410,4.0,4,4,Great food and fast delivery!,Positive
8894,105706,5.0,5,5,Best biryani in town!,Positive
8895,106845,4.0,3,4,Amazing experience overall.,Positive
8896,108273,5.0,5,5,"Loved the taste, will order again.",Positive
8897,107077,3.0,2,4,,Neutral
8898,103297,4.0,4,3,Best biryani in town!,Positive
8899,118757,5.0,5,5,Delivery partner was very polite.,Positive
8900,102127,3.0,2,3,Average experience.,Neutral
8901,107454,2.0,2,3,Food arrived cold and late.,Negative
8902,113097,5.0,5,5,Best biryani in town!,Positive
8903,111170,4.0,5,4,Amazing experience overall.,Positive
8904,112677,3.0,4,3,,Neutral
8905,107533,4.0,5,4,Best biryani in town!,Positive
8906,102059,3.0,4,3,"Food was okay, nothing special.",Neutral
8907,114250,3.0,3,2,Average experience.,Neutral
8908,106491,5.0,5,5,Amazing experience overall.,Positive
8909,112078,3.0,3,2,Delivery was on time but food was mediocre.,Neutral
8910,111003,3.0,4,2,Delivery was on time but food was mediocre.,Neutral
8911,118013,5.0,5,5,Packaging was excellent and food was hot.,Positive
8912,117234,5.0,4,5,Best biryani in town!,Positive
8913,106864,1.0,1,1,Very disappointed with the service.,Negative
8914,105502,3.0,4,4,Delivery was on time but food was mediocre.,Neutral
8915,119792,3.0,4,4,,Neutral
8916,114640,5.0,5,5,Delivery partner was very polite.,Positive
8917,110659,5.0,5,5,Best biryani in town!,Positive
8918,107790,5.0,4,5,Great food and fast delivery!,Positive
8919,119611,3.0,2,3,,Neutral
8920,112112,3.0,3,2,,Neutral
8921,120374,5.0,4,4,Great food and fast delivery!,Positive
8922,115565,5.0,5,4,Amazing experience overall.,Positive
8923,106839,4.0,5,5,Packaging was excellent and food was hot.,Positive
8924,100655,4.0,4,3,Great food and fast delivery!,Positive
8925,105842,4.0,3,5,Best biryani in town!,Positive
8926,107146,5.0,5,5,,Positive
8927,111999,5.0,4,5,Great food and fast delivery!,Positive
8928,109851,2.0,2,3,Delivery took way too long.,Negative
8929,116928,5.0,5,5,Great food and fast delivery!,Positive
8930,104501,1.0,2,2,Wrong item delivered.,Negative
8931,113799,5.0,5,4,Best biryani in town!,Positive
8932,108337,2.0,1,1,Wrong item delivered.,Negative
8933,110375,5.0,4,4,"Loved the taste, will order again.",Positive
8934,116982,4.0,5,3,Delivery partner was very polite.,Positive
8935,101999,2.0,3,2,Delivery took way too long.,Negative
8936,112263,5.0,5,5,Best biryani in town!,Positive
8937,113986,2.0,2,3,Order was incomplete.,Negative
8938,102424,5.0,4,4,Amazing experience overall.,Positive
8939,117532,5.0,4,5,Great food and fast delivery!,Positive
8940,111296,2.0,1,2,Quality was not up to the mark.,Negative
8941,114472,4.0,5,3,Amazing experience overall.,Positive
8942,109239,2.0,2,3,Delivery took way too long.,Negative
8943,110484,,5,4,Great food and fast delivery!,Positive
8944,106483,5.0,5,5,Delivery partner was very polite.,Positive
8945,111856,2.0,2,1,Wrong item delivered.,Negative
8946,101777,4.0,5,4,Great food and fast delivery!,Positive
8947,109320,4.0,4,5,Amazing experience overall.,Positive
8948,100802,4.0,4,5,"Loved the taste, will order again.",Positive
8949,104442,3.0,2,2,"Food was okay, nothing special.",Neutral
8950,112979,5.0,5,5,Delivery partner was very polite.,Positive
8951,102457,4.0,3,3,Great food and fast delivery!,Positive
8952,106725,3.0,4,3,Delivery was on time but food was mediocre.,Neutral
8953,106026,5.0,5,4,Amazing experience overall.,Positive
8954,107183,2.0,3,1,Wrong item delivered.,Negative
8955,114525,4.0,5,4,Amazing experience overall.,Positive
8956,107447,3.0,4,4,"Food was okay, nothing special.",Neutral
8957,113594,5.0,5,5,Packaging was excellent and food was hot.,Positive
8958,112251,5.0,5,4,Best biryani in town!,Positive
8959,100055,5.0,5,4,"Loved the taste, will order again.",Positive
8960,115718,,5,5,Great food and fast delivery!,Positive
8961,111011,3.0,2,3,,Neutral
8962,119248,3.0,4,4,,Neutral
8963,106481,5.0,5,5,,Positive
8964,108698,3.0,2,2,"Food was okay, nothing special.",Neutral
8965,107721,4.0,3,5,Amazing experience overall.,Positive
8966,114869,2.0,1,1,Wrong item delivered.,Negative
8967,104965,3.0,4,3,,Neutral
8968,104387,5.0,5,4,Packaging was excellent and food was hot.,Positive
8969,110992,2.0,3,1,,Negative
8970,102324,1.0,1,1,Quality was not up to the mark.,Negative
8971,101893,5.0,5,5,Best biryani in town!,Positive
8972,106198,2.0,2,1,Quality was not up to the mark.,Negative
8973,113501,4.0,3,5,Great food and fast delivery!,Positive
8974,108075,5.0,5,5,Amazing experience overall.,Positive
8975,108321,4.0,3,4,Amazing experience overall.,Positive
8976,118079,3.0,3,3,Average experience.,Neutral
8977,116737,5.0,5,5,Amazing experience overall.,Positive
8978,119800,3.0,3,3,,Neutral
8979,117443,1.0,1,1,Very disappointed with the service.,Negative
8980,101191,4.0,5,5,Packaging was excellent and food was hot.,Positive
8981,103581,3.0,3,4,Average experience.,Neutral
8982,108019,4.0,3,5,Great food and fast delivery!,Positive
8983,103742,5.0,5,4,Packaging was excellent and food was hot.,Positive
8984,111083,3.0,2,3,"Food was okay, nothing special.",Neutral
8985,100782,5.0,5,5,Packaging was excellent and food was hot.,Positive
8986,114426,5.0,4,4,Packaging was excellent and food was hot.,Positive
8987,120368,4.0,4,5,,Positive
8988,107102,5.0,5,4,Great food and fast delivery!,Positive
8989,118501,4.0,5,4,Best biryani in town!,Positive
8990,108268,4.0,4,4,Amazing experience overall.,Positive
8991,102148,2.0,3,1,Delivery took way too long.,Negative
8992,102976,4.0,4,4,Packaging was excellent and food was hot.,Positive
8993,107475,2.0,3,2,Order was incomplete.,Negative
8994,104661,1.0,1,1,Delivery took way too long.,Negative
8995,108044,,4,5,Amazing experience overall.,Positive
8996,115229,5.0,4,4,"Loved the taste, will order again.",Positive
8997,111602,3.0,4,4,Delivery was on time but food was mediocre.,Neutral
8998,112329,3.0,9,3,Average experience.,Neutral
8999,118612,5.0,5,5,Great food and fast delivery!,Positive
9000,102048,5.0,5,5,Delivery partner was very polite.,Positive
9001,102712,4.0,3,3,Delivery partner was very polite.,Positive
9002,107398,3.0,3,3,"Food was okay, nothing special.",Neutral
9003,112028,5.0,5,5,Best biryani in town!,Positive
9004,102654,4.0,5,5,Packaging was excellent and food was hot.,Positive
9005,118618,4.0,3,4,"Loved the taste, will order again.",Positive
9006,110370,5.0,5,5,Best biryani in town!,Positive
9007,106242,2.0,3,1,Quality was not up to the mark.,Negative
9008,115623,5.0,5,4,Amazing experience overall.,Positive
9009,106169,2.0,1,2,Order was incomplete.,Negative
9010,106418,5.0,5,5,"Loved the taste, will order again.",Positive
9011,107055,4.0,7,5,"Loved the taste, will order again.",Positive
9012,102315,5.0,4,5,Amazing experience overall.,Positive
9013,100362,2.0,3,3,Very disappointed with the service.,Negative
9014,114092,5.0,5,5,Great food and fast delivery!,Positive
9015,103780,2.0,1,1,Food arrived cold and late.,Negative
9016,100643,5.0,5,4,Amazing experience overall.,Positive
9017,113131,4.0,5,3,Great food and fast delivery!,Positive
9018,105664,3.0,2,2,Delivery was on time but food was mediocre.,Neutral
9019,109340,5.0,5,5,Best biryani in town!,Positive
9020,111266,1.0,2,2,Quality was not up to the mark.,Negative
9021,119150,5.0,4,5,Best biryani in town!,Positive
9022,103157,5.0,5,5,"Loved the taste, will order again.",Positive
9023,118325,2.0,2,2,Delivery took way too long.,Negative
9024,106166,3.0,4,3,"Food was okay, nothing special.",Neutral
9025,102181,4.0,5,5,Amazing experience overall.,Positive
9026,116767,5.0,5,5,Best biryani in town!,Positive
9027,100691,4.0,5,4,Great food and fast delivery!,Positive
9028,105257,1.0,2,1,Delivery took way too long.,Negative
9029,116618,5.0,5,5,Delivery partner was very polite.,Positive
9030,101321,2.0,2,1,Very disappointed with the service.,Negative
9031,116909,4.0,3,3,Delivery partner was very polite.,Positive
9032,105214,2.0,1,1,Quality was not up to the mark.,Negative
9033,110526,2.0,1,3,Quality was not up to the mark.,Negative
9034,116190,4.0,3,5,Great food and fast delivery!,Positive
9035,101786,2.0,3,1,Food arrived cold and late.,Negative
9036,104334,4.0,3,5,Delivery partner was very polite.,Positive
9037,102398,4.0,3,5,"Loved the taste, will order again.",Positive
9038,110947,2.0,3,3,Quality was not up to the mark.,Negative
9039,117891,4.0,4,5,Packaging was excellent and food was hot.,Positive
9040,102941,5.0,5,5,"Loved the taste, will order again.",Positive
9041,107587,1.0,1,1,Delivery took way too long.,Negative
9042,115191,5.0,5,5,Best biryani in town!,Positive
9043,111033,2.0,2,1,Order was incomplete.,Negative
9044,109814,1.0,1,1,Food arrived cold and late.,Negative
9045,118761,2.0,2,3,Wrong item delivered.,Negative
9046,105341,2.0,2,1,Food arrived cold and late.,Negative
9047,115851,3.0,2,3,Average experience.,Neutral
9048,117607,5.0,5,4,Great food and fast delivery!,Positive
9049,107498,4.0,5,3,Amazing experience overall.,Positive
9050,102375,2.0,1,1,Quality was not up to the mark.,Negative
9051,110136,5.0,4,5,Delivery partner was very polite.,Positive
9052,104831,3.0,4,2,Delivery was on time but food was mediocre.,Neutral
9053,105971,3.0,3,2,Average experience.,Neutral
9054,116516,5.0,4,5,Packaging was excellent and food was hot.,Positive
9055,110704,,5,5,Amazing experience overall.,Positive
9056,107445,5.0,5,5,"Loved the taste, will order again.",Positive
9057,110449,5.0,4,4,Best biryani in town!,Positive
9058,119187,5.0,5,5,Delivery partner was very polite.,Positive
9059,103142,5.0,5,4,Packaging was excellent and food was hot.,Positive
9060,117469,5.0,5,5,Delivery partner was very polite.,Positive
9061,106887,5.0,5,5,Best biryani in town!,Positive
9062,119256,2.0,2,3,Food arrived cold and late.,Negative
9063,103184,5.0,5,5,Best biryani in town!,Positive
9064,109504,1.0,2,1,Delivery took way too long.,Negative
9065,102322,5.0,5,4,Delivery partner was very polite.,Positive
9066,104936,3.0,3,3,"Food was okay, nothing special.",Neutral
9067,119681,3.0,3,2,,Neutral
9068,119217,5.0,4,5,Delivery partner was very polite.,Positive
9069,108468,5.0,5,5,Delivery partner was very polite.,Positive
9070,100909,5.0,5,4,Great food and fast delivery!,Positive
9071,114922,5.0,5,4,Delivery partner was very polite.,Positive
9072,100418,3.0,3,3,Average experience.,Neutral
9073,102994,5.0,5,5,Great food and fast delivery!,Positive
9074,101386,2.0,1,3,Delivery took way too long.,Negative
9075,117684,2.0,3,1,Quality was not up to the mark.,Negative
9076,106623,3.0,2,2,,Neutral
9077,108541,4.0,5,5,"Loved the taste, will order again.",Positive
9078,111870,5.0,5,5,Great food and fast delivery!,Positive
9079,101569,5.0,4,4,Packaging was excellent and food was hot.,Positive
9080,107656,5.0,5,5,Best biryani in town!,Positive
9081,107541,1.0,2,1,Wrong item delivered.,Negative
9082,114944,5.0,4,4,"Loved the taste, will order again.",Positive
9083,112184,1.0,1,2,Order was incomplete.,Negative
9084,118454,1.0,2,2,Delivery took way too long.,Negative
9085,111043,5.0,5,5,Packaging was excellent and food was hot.,Positive
9086,107692,2.0,2,1,Food arrived cold and late.,Negative
9087,113982,4.0,5,4,Great food and fast delivery!,Positive
9088,103505,4.0,4,5,Amazing experience overall.,Positive
9089,118942,4.0,4,4,"Loved the taste, will order again.",Positive
9090,118975,4.0,4,5,,Positive
9091,114288,4.0,3,5,"Loved the taste, will order again.",Positive
9092,102785,5.0,5,5,Best biryani in town!,Positive
9093,100107,5.0,4,5,Delivery partner was very polite.,Positive
9094,107929,3.0,3,2,Average experience.,Neutral
9095,119379,3.0,2,4,"Food was okay, nothing special.",Neutral
9096,111553,5.0,5,4,Packaging was excellent and food was hot.,Positive
9097,108492,4.0,3,3,Packaging was excellent and food was hot.,Positive
9098,108290,1.0,1,2,Order was incomplete.,Negative
9099,108985,4.0,5,5,"Loved the taste, will order again.",Positive
9100,110472,5.0,4,4,Amazing experience overall.,Positive
9101,103933,3.0,3,2,"Food was okay, nothing special.",Neutral
9102,111971,2.0,3,1,Quality was not up to the mark.,Negative
9103,113977,1.0,1,1,Wrong item delivered.,Negative
9104,112389,2.0,1,3,Wrong item delivered.,Negative
9105,115107,4.0,4,4,Amazing experience overall.,Positive
9106,114757,2.0,3,2,Wrong item delivered.,Negative
9107,114975,5.0,4,5,Great food and fast delivery!,Positive
9108,112237,5.0,4,5,Delivery partner was very polite.,Positive
9109,114466,2.0,2,1,Quality was not up to the mark.,Negative
9110,112538,2.0,2,1,Wrong item delivered.,Negative
9111,106171,5.0,5,5,Amazing experience overall.,Positive
9112,100716,1.0,2,1,Very disappointed with the service.,Negative
9113,113143,3.0,2,3,Delivery was on time but food was mediocre.,Neutral
9114,113972,5.0,5,5,Packaging was excellent and food was hot.,Positive
9115,117445,5.0,4,4,Delivery partner was very polite.,Positive
9116,112258,5.0,5,5,Best biryani in town!,Positive
9117,111687,2.0,1,2,Order was incomplete.,Negative
9118,110277,4.0,5,4,Delivery partner was very polite.,Positive
9119,113530,2.0,2,2,Wrong item delivered.,Negative
9120,104408,2.0,2,3,Delivery took way too long.,Negative
9121,100468,1.0,2,2,Quality was not up to the mark.,Negative
9122,105541,2.0,1,1,Food arrived cold and late.,Negative
9123,113030,2.0,1,2,Quality was not up to the mark.,Negative
9124,118014,3.0,2,2,Delivery was on time but food was mediocre.,Neutral
9125,105444,5.0,5,5,Packaging was excellent and food was hot.,Positive
9126,108452,3.0,3,2,Average experience.,Neutral
9127,111631,3.0,4,4,"Food was okay, nothing special.",Neutral
9128,107778,5.0,4,5,"Loved the taste, will order again.",Positive
9129,110082,2.0,1,3,Very disappointed with the service.,Negative
9130,101267,5.0,5,5,Great food and fast delivery!,Positive
9131,116394,4.0,4,3,Delivery partner was very polite.,Positive
9132,108881,4.0,3,3,Great food and fast delivery!,Positive
9133,105533,5.0,5,5,Packaging was excellent and food was hot.,Positive
9134,102010,5.0,5,5,Great food and fast delivery!,Positive
9135,108391,3.0,2,3,Delivery was on time but food was mediocre.,Neutral
9136,110392,5.0,5,5,"Loved the taste, will order again.",Positive
9137,116606,2.0,2,3,Quality was not up to the mark.,Negative
9138,114395,5.0,5,5,Packaging was excellent and food was hot.,Positive
9139,120002,5.0,5,5,Best biryani in town!,Positive
9140,111298,3.0,4,4,Average experience.,Neutral
9141,106247,4.0,4,3,Great food and fast delivery!,Positive
9142,106682,5.0,5,4,Best biryani in town!,Positive
9143,113076,5.0,5,5,Amazing experience overall.,Positive
9144,112008,4.0,4,4,,Positive
9145,114220,2.0,1,1,Delivery took way too long.,Negative
9146,117863,2.0,2,3,Quality was not up to the mark.,Negative
9147,106453,3.0,2,3,"Food was okay, nothing special.",Neutral
9148,116726,4.0,5,5,Delivery partner was very polite.,Positive
9149,101141,4.0,3,4,"Loved the taste, will order again.",Positive
9150,101843,3.0,3,2,Average experience.,Neutral
9151,109020,5.0,4,4,Delivery partner was very polite.,Positive
9152,106330,3.0,3,4,,Neutral
9153,105509,2.0,2,1,Order was incomplete.,Negative
9154,107957,5.0,5,5,Packaging was excellent and food was hot.,Positive
9155,106487,3.0,4,4,,Neutral
9156,118775,5.0,4,4,Great food and fast delivery!,Positive
9157,112901,3.0,4,4,,Neutral
9158,118676,2.0,2,3,Delivery took way too long.,Negative
9159,108864,1.0,1,2,Quality was not up to the mark.,Negative
9160,109425,4.0,4,4,Best biryani in town!,Positive
9161,106301,5.0,5,4,,Positive
9162,117904,3.0,2,4,Delivery was on time but food was mediocre.,Neutral
9163,102039,5.0,4,4,Best biryani in town!,Positive
9164,118688,3.0,4,2,Delivery was on time but food was mediocre.,Neutral
9165,101682,3.0,2,2,"Food was okay, nothing special.",Neutral
9166,114694,3.0,3,3,"Food was okay, nothing special.",Neutral
9167,102740,5.0,5,4,Great food and fast delivery!,Positive
9168,105976,2.0,3,1,Delivery took way too long.,Negative
9169,114942,1.0,1,2,Wrong item delivered.,Negative
9170,101131,5.0,5,4,Amazing experience overall.,Positive
9171,113016,2.0,1,3,Order was incomplete.,Negative
9172,117526,3.0,4,3,,Neutral
9173,107045,1.0,1,1,Wrong item delivered.,Negative
9174,108179,3.0,4,4,"Food was okay, nothing special.",Neutral
9175,114986,3.0,2,2,Average experience.,Neutral
9176,106753,2.0,1,2,Delivery took way too long.,Negative
9177,112110,2.0,1,3,Delivery took way too long.,Negative
9178,119891,5.0,4,5,"Loved the taste, will order again.",Positive
9179,113837,4.0,3,5,"Loved the taste, will order again.",Positive
9180,117071,4.0,4,3,Delivery partner was very polite.,Positive
9181,104133,3.0,3,3,"Food was okay, nothing special.",Neutral
9182,105883,5.0,5,4,Amazing experience overall.,Positive
9183,115203,5.0,4,5,Best biryani in town!,Positive
9184,118484,5.0,4,5,Delivery partner was very polite.,Positive
9185,118863,3.0,2,3,"Food was okay, nothing special.",Neutral
9186,115052,1.0,1,2,Delivery took way too long.,Negative
9187,106367,2.0,2,3,Delivery took way too long.,Negative
9188,105569,5.0,5,5,Amazing experience overall.,Positive
9189,104326,5.0,5,5,"Loved the taste, will order again.",Positive
9190,113847,5.0,5,4,"Loved the taste, will order again.",Positive
9191,102161,5.0,4,4,Great food and fast delivery!,Positive
9192,117218,3.0,4,3,Delivery was on time but food was mediocre.,Neutral
9193,109402,4.0,4,3,Delivery partner was very polite.,Positive
9194,114470,2.0,3,2,Wrong item delivered.,Negative
9195,105045,2.0,3,2,Quality was not up to the mark.,Negative
9196,103606,3.0,3,2,"Food was okay, nothing special.",Neutral
9197,100865,5.0,5,5,"Loved the taste, will order again.",Positive
9198,105517,4.0,5,3,Great food and fast delivery!,Positive
9199,105764,3.0,4,2,,Neutral
9200,104722,4.0,5,5,Delivery partner was very polite.,Positive
9201,118744,5.0,5,5,"Loved the taste, will order again.",Positive
9202,108644,5.0,5,5,Delivery partner was very polite.,Positive
9203,109396,4.0,3,3,Best biryani in town!,Positive
9204,105988,3.0,3,2,Delivery was on time but food was mediocre.,Neutral
9205,116944,4.0,5,5,Best biryani in town!,Positive
9206,108106,3.0,3,4,Delivery was on time but food was mediocre.,Neutral
9207,114961,2.0,1,2,Wrong item delivered.,Negative
9208,102613,4.0,3,5,Packaging was excellent and food was hot.,Positive
9209,106658,4.0,5,4,Amazing experience overall.,Positive
9210,103344,5.0,5,4,Delivery partner was very polite.,Positive
9211,104777,2.0,2,2,,Negative
9212,111984,4.0,4,4,"Loved the taste, will order again.",Positive
9213,106463,5.0,5,4,Packaging was excellent and food was hot.,Positive
9214,108300,5.0,5,5,Delivery partner was very polite.,Positive
9215,108524,3.0,4,3,"Food was okay, nothing special.",Neutral
9216,119310,5.0,5,5,Delivery partner was very polite.,Positive
9217,120473,3.0,2,2,"Food was okay, nothing special.",Neutral
9218,108045,5.0,5,4,"Loved the taste, will order again.",Positive
9219,112427,3.0,3,3,"Food was okay, nothing special.",Neutral
9220,109791,5.0,4,5,Amazing experience overall.,Positive
9221,119563,3.0,3,3,Delivery was on time but food was mediocre.,Neutral
9222,106355,1.0,1,1,Order was incomplete.,Negative
9223,115848,5.0,5,5,Delivery partner was very polite.,Positive
9224,108168,2.0,1,2,Food arrived cold and late.,Negative
9225,104406,5.0,5,4,Packaging was excellent and food was hot.,Positive
9226,110104,2.0,2,3,Very disappointed with the service.,Negative
9227,116277,5.0,5,4,Best biryani in town!,Positive
9228,102040,1.0,1,1,Quality was not up to the mark.,Negative
9229,112448,5.0,9,5,Packaging was excellent and food was hot.,Positive
9230,103570,4.0,4,5,Delivery partner was very polite.,Positive
9231,111772,3.0,4,2,Delivery was on time but food was mediocre.,Neutral
9232,115204,4.0,5,4,Delivery partner was very polite.,Positive
9233,111284,,5,5,Packaging was excellent and food was hot.,Positive
9234,103830,5.0,4,5,"Loved the taste, will order again.",Positive
9235,108915,1.0,1,1,Very disappointed with the service.,Negative
9236,112324,5.0,4,4,Delivery partner was very polite.,Positive
9237,118940,4.0,4,4,Delivery partner was very polite.,Positive
9238,120088,2.0,3,3,Very disappointed with the service.,Negative
9239,107298,1.0,2,2,Delivery took way too long.,Negative
9240,102453,2.0,1,2,Very disappointed with the service.,Negative
9241,113095,4.0,5,4,Amazing experience overall.,Positive
9242,112684,4.0,4,4,Great food and fast delivery!,Positive
9243,102759,5.0,4,4,Great food and fast delivery!,Positive
9244,101469,4.0,4,4,Best biryani in town!,Positive
9245,116366,5.0,4,5,Packaging was excellent and food was hot.,Positive
9246,106176,4.0,3,4,"Loved the taste, will order again.",Positive
9247,109230,2.0,1,2,,Negative
9248,115569,5.0,5,4,"Loved the taste, will order again.",Positive
9249,114445,2.0,3,2,Wrong item delivered.,Negative
9250,117102,5.0,4,4,Packaging was excellent and food was hot.,Positive
9251,100880,1.0,1,2,Wrong item delivered.,Negative
9252,101512,1.0,2,1,Wrong item delivered.,Negative
9253,112693,5.0,4,5,Best biryani in town!,Positive
9254,111521,5.0,4,4,Best biryani in town!,Positive
9255,108494,5.0,9,5,Best biryani in town!,Positive
9256,108710,5.0,5,4,Great food and fast delivery!,Positive
9257,120315,3.0,3,3,Average experience.,Neutral
9258,109406,5.0,7,5,Packaging was excellent and food was hot.,Positive
9259,112366,5.0,4,5,Great food and fast delivery!,Positive
9260,115031,3.0,2,2,Delivery was on time but food was mediocre.,Neutral
9261,117573,2.0,1,2,,Negative
9262,115198,5.0,5,5,"Loved the taste, will order again.",Positive
9263,103884,4.0,5,3,Best biryani in town!,Positive
9264,103480,2.0,3,3,,Negative
9265,103927,,4,3,Delivery partner was very polite.,Positive
9266,119631,4.0,4,5,Amazing experience overall.,Positive
9267,118559,3.0,2,3,"Food was okay, nothing special.",Neutral
9268,116003,5.0,5,4,Delivery partner was very polite.,Positive
9269,112558,5.0,5,5,"Loved the taste, will order again.",Positive
9270,101460,5.0,5,5,Packaging was excellent and food was hot.,Positive
9271,100002,4.0,3,4,Amazing experience overall.,Positive
9272,104598,1.0,1,1,Wrong item delivered.,Negative
9273,113334,1.0,2,1,Order was incomplete.,Negative
9274,106263,4.0,4,4,"Loved the taste, will order again.",Positive
9275,107044,1.0,8,2,Delivery took way too long.,Negative
9276,107999,2.0,2,2,Wrong item delivered.,Negative
9277,117328,1.0,2,1,Delivery took way too long.,Negative
9278,119798,2.0,1,3,Quality was not up to the mark.,Negative
9279,100743,2.0,1,3,Quality was not up to the mark.,Negative
9280,102615,3.0,3,2,,Neutral
9281,112743,5.0,5,5,Best biryani in town!,Positive
9282,118362,3.0,3,3,Delivery was on time but food was mediocre.,Neutral
9283,109067,3.0,4,2,,Neutral
9284,100483,3.0,2,4,Delivery was on time but food was mediocre.,Neutral
9285,112180,2.0,3,1,Food arrived cold and late.,Negative
9286,100430,5.0,5,4,"Loved the taste, will order again.",Positive
9287,103834,3.0,3,3,Average experience.,Neutral
9288,119712,1.0,2,1,Delivery took way too long.,Negative
9289,112441,5.0,5,5,Delivery partner was very polite.,Positive
9290,101292,,5,5,Delivery partner was very polite.,Positive
9291,100487,5.0,5,5,Packaging was excellent and food was hot.,Positive
9292,100115,5.0,5,5,Delivery partner was very polite.,Positive
9293,109535,3.0,4,3,"Food was okay, nothing special.",Neutral
9294,113118,5.0,5,4,Great food and fast delivery!,Positive
9295,119284,4.0,4,5,Amazing experience overall.,Positive
9296,112114,5.0,4,4,,Positive
9297,118854,4.0,3,5,Great food and fast delivery!,Positive
9298,105742,5.0,5,5,Best biryani in town!,Positive
9299,117345,,3,2,Order was incomplete.,Negative
9300,115604,4.0,3,3,Delivery partner was very polite.,Positive
9301,103083,2.0,3,2,Very disappointed with the service.,Negative
9302,113526,4.0,3,3,Best biryani in town!,Positive
9303,114438,3.0,3,2,Delivery was on time but food was mediocre.,Neutral
9304,115167,5.0,5,4,Great food and fast delivery!,Positive
9305,104590,3.0,4,4,"Food was okay, nothing special.",Neutral
9306,107384,3.0,2,2,,Neutral
9307,116040,4.0,5,3,"Loved the taste, will order again.",Positive
9308,116699,2.0,1,2,Delivery took way too long.,Negative
9309,105730,5.0,4,5,Delivery partner was very polite.,Positive
9310,108040,2.0,2,2,Delivery took way too long.,Negative
9311,120180,5.0,5,4,Delivery partner was very polite.,Positive
9312,100400,2.0,3,3,Order was incomplete.,Negative
9313,107358,5.0,5,5,Delivery partner was very polite.,Positive
9314,115119,5.0,4,4,Packaging was excellent and food was hot.,Positive
9315,102158,2.0,3,2,Very disappointed with the service.,Negative
9316,118300,3.0,4,4,"Food was okay, nothing special.",Neutral
9317,106356,3.0,4,3,,Neutral
9318,118045,5.0,5,4,Best biryani in town!,Positive
9319,114145,4.0,5,5,Great food and fast delivery!,Positive
9320,114891,4.0,3,4,Delivery partner was very polite.,Positive
9321,111643,4.0,3,4,Delivery partner was very polite.,Positive
9322,110037,,4,4,Best biryani in town!,Positive
9323,103632,5.0,4,5,Amazing experience overall.,Positive
9324,115904,5.0,5,5,Amazing experience overall.,Positive
9325,108043,5.0,5,5,Packaging was excellent and food was hot.,Positive
9326,105439,5.0,5,5,Best biryani in town!,Positive
9327,115831,1.0,1,1,Delivery took way too long.,Negative
9328,117955,,3,1,Order was incomplete.,Negative
9329,103712,2.0,3,1,Food arrived cold and late.,Negative
9330,103568,4.0,4,3,"Loved the taste, will order again.",Positive
9331,104401,5.0,4,5,Best biryani in town!,Positive
9332,108551,2.0,3,1,Quality was not up to the mark.,Negative
9333,118493,3.0,2,3,Delivery was on time but food was mediocre.,Neutral
9334,114048,1.0,2,2,Delivery took way too long.,Negative
9335,105978,5.0,4,5,Packaging was excellent and food was hot.,Positive
9336,116034,5.0,5,5,Amazing experience overall.,Positive
9337,103965,3.0,3,3,,Neutral
9338,117930,5.0,5,5,Best biryani in town!,Positive
9339,100326,5.0,5,5,Best biryani in town!,Positive
9340,103653,4.0,5,5,Delivery partner was very polite.,Positive
9341,110786,3.0,4,3,Delivery was on time but food was mediocre.,Neutral
9342,114301,1.0,1,1,,Negative
9343,110258,3.0,2,4,,Neutral
9344,101612,4.0,5,4,"Loved the taste, will order again.",Positive
9345,110777,5.0,5,5,Best biryani in town!,Positive
9346,112280,5.0,5,5,"Loved the taste, will order again.",Positive
9347,102240,3.0,2,3,Average experience.,Neutral
9348,110457,4.0,5,3,Delivery partner was very polite.,Positive
9349,104904,2.0,2,2,Wrong item delivered.,Negative
9350,109532,5.0,4,4,Best biryani in town!,Positive
9351,118591,5.0,5,4,Amazing experience overall.,Positive
9352,102991,3.0,3,2,,Neutral
9353,105699,3.0,6,4,"Food was okay, nothing special.",Neutral
9354,110802,2.0,1,2,Order was incomplete.,Negative
9355,107067,2.0,3,3,Wrong item delivered.,Negative
9356,114163,5.0,5,5,"Loved the taste, will order again.",Positive
9357,119899,3.0,3,2,Delivery was on time but food was mediocre.,Neutral
9358,108264,3.0,3,2,Delivery was on time but food was mediocre.,Neutral
9359,116055,5.0,5,4,Best biryani in town!,Positive
9360,112323,3.0,2,2,Delivery was on time but food was mediocre.,Neutral
9361,118969,5.0,4,5,Best biryani in town!,Positive
9362,119068,4.0,3,5,Best biryani in town!,Positive
9363,104322,5.0,4,4,Best biryani in town!,Positive
9364,106710,4.0,5,4,Great food and fast delivery!,Positive
9365,114883,5.0,5,5,Amazing experience overall.,Positive
9366,119094,2.0,2,1,Order was incomplete.,Negative
9367,101736,5.0,5,5,Amazing experience overall.,Positive
9368,117654,5.0,5,5,Amazing experience overall.,Positive
9369,113766,5.0,4,5,"Loved the taste, will order again.",Positive
9370,114498,5.0,4,4,Great food and fast delivery!,Positive
9371,109416,4.0,3,4,,Positive
9372,103239,4.0,3,4,Amazing experience overall.,Positive
9373,115617,5.0,5,4,Delivery partner was very polite.,Positive
9374,102900,3.0,3,4,"Food was okay, nothing special.",Neutral
9375,100176,5.0,5,4,Amazing experience overall.,Positive
9376,107529,5.0,5,5,"Loved the taste, will order again.",Positive
9377,105287,4.0,3,4,Delivery partner was very polite.,Positive
9378,103532,3.0,4,3,Average experience.,Neutral
9379,116359,4.0,5,4,Delivery partner was very polite.,Positive
9380,110689,3.0,2,3,Average experience.,Neutral
9381,109362,3.0,4,3,Delivery was on time but food was mediocre.,Neutral
9382,109412,5.0,5,4,Best biryani in town!,Positive
9383,101199,3.0,2,4,Delivery was on time but food was mediocre.,Neutral
9384,105826,5.0,4,5,Delivery partner was very polite.,Positive
9385,112923,4.0,5,4,Amazing experience overall.,Positive
9386,109027,4.0,3,4,Best biryani in town!,Positive
9387,107455,5.0,4,4,Amazing experience overall.,Positive
9388,119545,1.0,1,1,Wrong item delivered.,Negative
9389,117061,3.0,4,4,Average experience.,Neutral
9390,116186,5.0,4,5,Great food and fast delivery!,Positive
9391,104858,1.0,1,1,Quality was not up to the mark.,Negative
9392,113229,3.0,2,4,,Neutral
9393,107820,3.0,3,4,"Food was okay, nothing special.",Neutral
9394,115407,5.0,4,5,Amazing experience overall.,Positive
9395,102226,3.0,4,4,Average experience.,Neutral
9396,104943,5.0,4,4,Amazing experience overall.,Positive
9397,112499,5.0,5,5,Delivery partner was very polite.,Positive
9398,118280,5.0,5,5,Great food and fast delivery!,Positive
9399,119143,3.0,4,2,,Neutral
9400,106867,1.0,1,2,Delivery took way too long.,Negative
9401,100045,5.0,5,4,Great food and fast delivery!,Positive
9402,112312,5.0,5,5,Amazing experience overall.,Positive
9403,108612,5.0,5,4,Great food and fast delivery!,Positive
9404,120158,5.0,5,4,Great food and fast delivery!,Positive
9405,117895,4.0,5,4,Best biryani in town!,Positive
9406,104467,5.0,4,5,Great food and fast delivery!,Positive
9407,101600,3.0,4,3,"Food was okay, nothing special.",Neutral
9408,102365,4.0,3,4,"Loved the taste, will order again.",Positive
9409,109690,2.0,3,1,,Negative
9410,116209,5.0,4,4,Packaging was excellent and food was hot.,Positive
9411,113497,4.0,3,4,Best biryani in town!,Positive
9412,104324,2.0,1,1,Very disappointed with the service.,Negative
9413,100622,5.0,4,4,"Loved the taste, will order again.",Positive
9414,101801,5.0,5,5,Best biryani in town!,Positive
9415,119617,5.0,5,5,Amazing experience overall.,Positive
9416,118455,3.0,4,2,,Neutral
9417,117841,5.0,4,5,Great food and fast delivery!,Positive
9418,119097,1.0,1,1,Food arrived cold and late.,Negative
9419,113332,3.0,3,2,"Food was okay, nothing special.",Neutral
9420,104451,5.0,5,5,Best biryani in town!,Positive
9421,110000,3.0,3,2,"Food was okay, nothing special.",Neutral
9422,100828,2.0,3,1,Wrong item delivered.,Negative
9423,104837,3.0,7,2,,Neutral
9424,117067,2.0,1,1,Food arrived cold and late.,Negative
9425,104523,2.0,1,1,Food arrived cold and late.,Negative
9426,102305,5.0,4,5,Amazing experience overall.,Positive
9427,110480,4.0,3,4,Best biryani in town!,Positive
9428,120044,2.0,3,2,Order was incomplete.,Negative
9429,117667,2.0,2,1,Very disappointed with the service.,Negative
9430,103740,5.0,4,5,Packaging was excellent and food was hot.,Positive
9431,100334,3.0,4,4,,Neutral
9432,107449,5.0,5,4,Great food and fast delivery!,Positive
9433,117448,5.0,4,4,Best biryani in town!,Positive
9434,116373,3.0,4,3,Delivery was on time but food was mediocre.,Neutral
9435,111766,2.0,1,3,Delivery took way too long.,Negative
9436,118810,4.0,5,4,Great food and fast delivery!,Positive
9437,104325,5.0,5,4,Amazing experience overall.,Positive
9438,118741,5.0,5,5,Best biryani in town!,Positive
9439,118630,1.0,1,2,Food arrived cold and late.,Negative
9440,115232,3.0,4,4,,Neutral
9441,119283,5.0,4,5,Packaging was excellent and food was hot.,Positive
9442,117471,2.0,2,2,Wrong item delivered.,Negative
9443,120430,5.0,4,5,Delivery partner was very polite.,Positive
9444,102713,3.0,2,2,,Neutral
9445,100977,2.0,2,1,Wrong item delivered.,Negative
9446,102802,1.0,1,1,Quality was not up to the mark.,Negative
9447,109155,2.0,3,2,Very disappointed with the service.,Negative
9448,119887,5.0,4,4,Best biryani in town!,Positive
9449,101826,4.0,5,4,Packaging was excellent and food was hot.,Positive
9450,108548,3.0,4,3,Average experience.,Neutral
9451,104719,2.0,3,2,Delivery took way too long.,Negative
9452,100122,3.0,2,3,,Neutral
9453,116636,4.0,5,5,Amazing experience overall.,Positive
9454,114785,3.0,2,2,Delivery was on time but food was mediocre.,Neutral
9455,103078,5.0,5,5,Great food and fast delivery!,Positive
9456,117770,2.0,1,2,Order was incomplete.,Negative
9457,119313,5.0,5,4,"Loved the taste, will order again.",Positive
9458,113361,1.0,2,1,Delivery took way too long.,Negative
9459,118252,2.0,2,2,Order was incomplete.,Negative
9460,113100,5.0,5,5,Packaging was excellent and food was hot.,Positive
9461,120376,2.0,2,3,Very disappointed with the service.,Negative
9462,114065,4.0,3,4,,Positive
9463,103383,5.0,5,5,"Loved the taste, will order again.",Positive
9464,113428,1.0,2,2,Very disappointed with the service.,Negative
9465,108799,2.0,1,3,Wrong item delivered.,Negative
9466,111715,3.0,2,2,,Neutral
9467,118881,3.0,4,4,Delivery was on time but food was mediocre.,Neutral
9468,112941,3.0,3,2,Delivery was on time but food was mediocre.,Neutral
9469,117376,4.0,3,4,Amazing experience overall.,Positive
9470,113181,5.0,5,5,Packaging was excellent and food was hot.,Positive
9471,120476,5.0,5,5,"Loved the taste, will order again.",Positive
9472,116169,2.0,3,1,Delivery took way too long.,Negative
9473,105193,1.0,2,2,Delivery took way too long.,Negative
9474,110848,1.0,1,1,Delivery took way too long.,Negative
9475,112831,5.0,4,5,Amazing experience overall.,Positive
9476,108004,4.0,5,5,"Loved the taste, will order again.",Positive
9477,108863,5.0,5,5,Delivery partner was very polite.,Positive
9478,100417,3.0,2,3,,Neutral
9479,105347,5.0,4,5,Best biryani in town!,Positive
9480,110320,4.0,5,4,Delivery partner was very polite.,Positive
9481,101765,1.0,1,1,Quality was not up to the mark.,Negative
9482,113943,5.0,5,5,Packaging was excellent and food was hot.,Positive
9483,119160,5.0,5,5,Packaging was excellent and food was hot.,Positive
9484,106640,2.0,1,1,Food arrived cold and late.,Negative
9485,108878,5.0,5,5,Great food and fast delivery!,Positive
9486,103243,3.0,2,4,Average experience.,Neutral
9487,111464,5.0,5,4,Amazing experience overall.,Positive
9488,114602,2.0,3,1,Food arrived cold and late.,Negative
9489,108383,5.0,5,5,Best biryani in town!,Positive
9490,105806,5.0,5,5,Great food and fast delivery!,Positive
9491,102871,3.0,4,4,"Food was okay, nothing special.",Neutral
9492,104253,4.0,3,5,Packaging was excellent and food was hot.,Positive
9493,104725,3.0,3,4,Average experience.,Neutral
9494,115653,4.0,3,3,Amazing experience overall.,Positive
9495,113191,5.0,4,4,Amazing experience overall.,Positive
9496,120062,3.0,2,3,,Neutral
9497,107829,5.0,4,4,"Loved the taste, will order again.",Positive
9498,112159,4.0,5,4,Delivery partner was very polite.,Positive
9499,100508,5.0,4,4,"Loved the taste, will order again.",Positive
9500,119907,5.0,5,4,Delivery partner was very polite.,Positive
9501,107627,5.0,4,5,Great food and fast delivery!,Positive
9502,104036,5.0,4,5,Best biryani in town!,Positive
9503,118674,3.0,4,3,"Food was okay, nothing special.",Neutral
9504,106185,3.0,2,2,"Food was okay, nothing special.",Neutral
9505,102155,5.0,5,5,Best biryani in town!,Positive
9506,112618,5.0,5,5,,Positive
9507,103370,5.0,5,5,Packaging was excellent and food was hot.,Positive
9508,101796,2.0,3,3,Food arrived cold and late.,Negative
9509,114637,2.0,2,1,Wrong item delivered.,Negative
9510,112417,3.0,4,2,Average experience.,Neutral
9511,104414,3.0,3,4,Average experience.,Neutral
9512,101399,5.0,4,5,Great food and fast delivery!,Positive
9513,112992,5.0,4,5,Best biryani in town!,Positive
9514,114346,3.0,2,2,"Food was okay, nothing special.",Neutral
9515,102982,,4,4,Best biryani in town!,Positive
9516,106810,3.0,2,2,Delivery was on time but food was mediocre.,Neutral
9517,112669,5.0,5,4,Delivery partner was very polite.,Positive
9518,109302,5.0,5,4,Great food and fast delivery!,Positive
9519,119876,4.0,3,3,Amazing experience overall.,Positive
9520,107176,5.0,5,5,Delivery partner was very polite.,Positive
9521,114924,5.0,5,5,Best biryani in town!,Positive
9522,113303,5.0,4,4,Amazing experience overall.,Positive
9523,107632,5.0,5,4,,Positive
9524,119115,5.0,4,5,Delivery partner was very polite.,Positive
9525,103036,5.0,5,5,Best biryani in town!,Positive
9526,107520,5.0,4,5,Great food and fast delivery!,Positive
9527,115234,1.0,1,1,Very disappointed with the service.,Negative
9528,116701,1.0,1,1,Delivery took way too long.,Negative
9529,107387,5.0,4,4,Amazing experience overall.,Positive
9530,117400,2.0,3,1,Food arrived cold and late.,Negative
9531,104056,5.0,4,5,Great food and fast delivery!,Positive
9532,110474,2.0,2,2,Very disappointed with the service.,Negative
9533,118241,2.0,1,3,Delivery took way too long.,Negative
9534,118974,5.0,4,5,Amazing experience overall.,Positive
9535,117250,5.0,4,5,Great food and fast delivery!,Positive
9536,103451,3.0,3,3,Delivery was on time but food was mediocre.,Neutral
9537,110807,2.0,3,2,Very disappointed with the service.,Negative
9538,110476,3.0,2,2,"Food was okay, nothing special.",Neutral
9539,108663,5.0,5,4,Packaging was excellent and food was hot.,Positive
9540,101604,3.0,4,2,,Neutral
9541,108705,3.0,2,4,"Food was okay, nothing special.",Neutral
9542,101514,3.0,4,3,Delivery was on time but food was mediocre.,Neutral
9543,106370,3.0,4,4,,Neutral
9544,117629,2.0,3,1,Food arrived cold and late.,Negative
9545,112492,5.0,5,5,Packaging was excellent and food was hot.,Positive
9546,107330,3.0,4,3,"Food was okay, nothing special.",Neutral
9547,118438,5.0,5,5,Packaging was excellent and food was hot.,Positive
9548,111807,5.0,5,5,Best biryani in town!,Positive
9549,116678,2.0,3,1,Quality was not up to the mark.,Negative
9550,103793,4.0,3,3,Best biryani in town!,Positive
9551,113840,3.0,2,3,"Food was okay, nothing special.",Neutral
9552,111517,3.0,3,3,Delivery was on time but food was mediocre.,Neutral
9553,103129,5.0,5,4,Delivery partner was very polite.,Positive
9554,112036,4.0,5,5,Great food and fast delivery!,Positive
9555,103088,5.0,5,5,Packaging was excellent and food was hot.,Positive
9556,103462,5.0,5,5,Packaging was excellent and food was hot.,Positive
9557,109108,4.0,3,3,Best biryani in town!,Positive
9558,117812,3.0,3,4,"Food was okay, nothing special.",Neutral
9559,101819,3.0,3,3,Average experience.,Neutral
9560,116866,2.0,1,3,Delivery took way too long.,Negative
9561,100901,4.0,4,3,Packaging was excellent and food was hot.,Positive
9562,101052,3.0,3,3,Average experience.,Neutral
9563,107673,5.0,5,4,Delivery partner was very polite.,Positive
9564,114377,5.0,4,4,Packaging was excellent and food was hot.,Positive
9565,104359,,1,1,Wrong item delivered.,Negative
9566,103920,1.0,1,2,Food arrived cold and late.,Negative
9567,105589,4.0,4,4,Great food and fast delivery!,Positive
9568,112207,5.0,5,5,Amazing experience overall.,Positive
9569,107439,1.0,1,1,Very disappointed with the service.,Negative
9570,112638,4.0,3,4,Amazing experience overall.,Positive
9571,118229,2.0,3,1,Delivery took way too long.,Negative
9572,103323,5.0,5,5,Packaging was excellent and food was hot.,Positive
9573,102447,3.0,4,3,Average experience.,Neutral
9574,117666,5.0,9,5,Great food and fast delivery!,Positive
9575,120298,4.0,5,5,Great food and fast delivery!,Positive
9576,107393,2.0,2,3,Wrong item delivered.,Negative
9577,104850,4.0,5,5,Best biryani in town!,Positive
9578,112507,1.0,1,1,Quality was not up to the mark.,Negative
9579,108426,3.0,4,2,Delivery was on time but food was mediocre.,Neutral
9580,118371,4.0,4,5,Packaging was excellent and food was hot.,Positive
9581,115266,3.0,2,4,Average experience.,Neutral
9582,109757,3.0,4,2,Average experience.,Neutral
9583,101613,2.0,2,3,Wrong item delivered.,Negative
9584,113292,4.0,3,4,Amazing experience overall.,Positive
9585,105977,2.0,1,3,Delivery took way too long.,Negative
9586,120210,2.0,2,2,Order was incomplete.,Negative
9587,111382,2.0,1,1,Delivery took way too long.,Negative
9588,120193,5.0,5,4,Best biryani in town!,Positive
9589,101995,2.0,1,1,Wrong item delivered.,Negative
9590,109167,5.0,5,4,"Loved the taste, will order again.",Positive
9591,109296,1.0,1,2,Quality was not up to the mark.,Negative
9592,104788,3.0,3,2,,Neutral
9593,114478,5.0,4,5,"Loved the taste, will order again.",Positive
9594,116224,5.0,4,5,Packaging was excellent and food was hot.,Positive
9595,113682,3.0,2,4,Delivery was on time but food was mediocre.,Neutral
9596,106328,3.0,3,3,,Neutral
9597,110955,2.0,3,2,Very disappointed with the service.,Negative
9598,120229,2.0,1,2,Quality was not up to the mark.,Negative
9599,117202,5.0,5,4,"Loved the taste, will order again.",Positive
9600,112523,4.0,5,4,Best biryani in town!,Positive
9601,111833,3.0,3,2,Average experience.,Neutral
9602,103959,3.0,2,3,Average experience.,Neutral
9603,104779,4.0,5,4,Amazing experience overall.,Positive
9604,103673,4.0,4,5,Delivery partner was very polite.,Positive
9605,101835,3.0,2,2,"Food was okay, nothing special.",Neutral
9606,108002,4.0,5,5,Great food and fast delivery!,Positive
9607,100350,2.0,3,1,Wrong item delivered.,Negative
9608,110422,4.0,3,4,Amazing experience overall.,Positive
9609,110203,3.0,3,2,,Neutral
9610,115962,4.0,4,3,"Loved the taste, will order again.",Positive
9611,118928,2.0,3,2,Delivery took way too long.,Negative
9612,110522,1.0,1,1,Delivery took way too long.,Negative
9613,118980,2.0,1,2,Food arrived cold and late.,Negative
9614,106758,3.0,4,4,Delivery was on time but food was mediocre.,Neutral
9615,114923,5.0,4,5,Great food and fast delivery!,Positive
9616,102567,5.0,4,5,Packaging was excellent and food was hot.,Positive
9617,105829,1.0,1,1,Order was incomplete.,Negative
9618,112948,5.0,4,5,Packaging was excellent and food was hot.,Positive
9619,111951,4.0,5,4,Best biryani in town!,Positive
9620,103368,3.0,3,4,Average experience.,Neutral
9621,113463,5.0,5,5,Amazing experience overall.,Positive
9622,102136,1.0,1,1,Order was incomplete.,Negative
9623,103021,4.0,5,5,"Loved the taste, will order again.",Positive
9624,113274,3.0,2,4,"Food was okay, nothing special.",Neutral
9625,101657,5.0,5,5,,Positive
9626,106077,5.0,5,5,Packaging was excellent and food was hot.,Positive
9627,109294,4.0,5,3,Best biryani in town!,Positive
9628,115663,3.0,2,2,,Neutral
9629,117201,5.0,4,5,"Loved the taste, will order again.",Positive
9630,106215,4.0,3,3,Packaging was excellent and food was hot.,Positive
9631,115747,5.0,4,4,,Positive
9632,111173,4.0,5,4,"Loved the taste, will order again.",Positive
9633,120167,5.0,4,4,Best biryani in town!,Positive
9634,116897,2.0,3,3,Wrong item delivered.,Negative
9635,113391,5.0,4,5,Amazing experience overall.,Positive
9636,108994,3.0,3,4,Average experience.,Neutral
9637,110415,2.0,2,3,Delivery took way too long.,Negative
9638,106634,3.0,2,4,,Neutral
9639,109984,5.0,4,4,Best biryani in town!,Positive
9640,113510,5.0,5,4,Great food and fast delivery!,Positive
9641,110505,4.0,4,5,Packaging was excellent and food was hot.,Positive
9642,109393,4.0,4,3,Great food and fast delivery!,Positive
9643,101959,2.0,1,1,Order was incomplete.,Negative
9644,105885,3.0,3,4,"Food was okay, nothing special.",Neutral
9645,107397,2.0,2,3,Very disappointed with the service.,Negative
9646,102486,4.0,4,3,Great food and fast delivery!,Positive
9647,103844,3.0,2,3,,Neutral
9648,100972,3.0,3,2,Delivery was on time but food was mediocre.,Neutral
9649,118495,5.0,5,5,Amazing experience overall.,Positive
9650,100780,3.0,2,3,"Food was okay, nothing special.",Neutral
9651,106984,5.0,4,5,Delivery partner was very polite.,Positive
9652,100640,4.0,5,4,Great food and fast delivery!,Positive
9653,100701,4.0,3,4,,Positive
9654,110503,2.0,3,1,Very disappointed with the service.,Negative
9655,100232,4.0,3,4,Delivery partner was very polite.,Positive
9656,110425,1.0,1,1,Wrong item delivered.,Negative
9657,117757,1.0,1,1,Very disappointed with the service.,Negative
9658,113807,3.0,2,3,,Neutral
9659,112900,4.0,5,4,Delivery partner was very polite.,Positive
9660,113264,1.0,1,1,Very disappointed with the service.,Negative
9661,119212,5.0,5,4,Packaging was excellent and food was hot.,Positive
9662,109985,2.0,2,1,Delivery took way too long.,Negative
9663,118318,5.0,4,5,Delivery partner was very polite.,Positive
9664,104749,2.0,3,2,Order was incomplete.,Negative
9665,108197,4.0,8,5,Amazing experience overall.,Positive
9666,102691,5.0,5,5,Great food and fast delivery!,Positive
9667,104834,3.0,3,3,,Neutral
9668,108225,4.0,5,5,Delivery partner was very polite.,Positive
9669,114936,5.0,4,5,Great food and fast delivery!,Positive
9670,100712,3.0,3,4,"Food was okay, nothing special.",Neutral
9671,105756,1.0,2,2,Very disappointed with the service.,Negative
9672,118848,4.0,5,4,"Loved the taste, will order again.",Positive
9673,120434,3.0,3,2,Average experience.,Neutral
9674,116594,5.0,5,5,Amazing experience overall.,Positive
9675,118308,5.0,5,4,Amazing experience overall.,Positive
9676,111621,1.0,1,2,Wrong item delivered.,Negative
9677,102118,2.0,2,3,Delivery took way too long.,Negative
9678,112596,4.0,5,4,"Loved the taste, will order again.",Positive
9679,116912,2.0,1,2,Wrong item delivered.,Negative
9680,101578,3.0,4,3,"Food was okay, nothing special.",Neutral
9681,109712,2.0,2,1,Order was incomplete.,Negative
9682,100248,4.0,4,5,Best biryani in town!,Positive
9683,102524,2.0,3,3,Very disappointed with the service.,Negative
9684,111947,4.0,5,5,Great food and fast delivery!,Positive
9685,100579,1.0,1,2,Order was incomplete.,Negative
9686,108529,2.0,3,1,Order was incomplete.,Negative
9687,105904,4.0,5,5,Best biryani in town!,Positive
9688,106051,3.0,3,3,"Food was okay, nothing special.",Neutral
9689,105388,1.0,1,1,Delivery took way too long.,Negative
9690,108734,5.0,5,4,,Positive
9691,112730,2.0,1,1,Quality was not up to the mark.,Negative
9692,117912,5.0,5,5,Delivery partner was very polite.,Positive
9693,106733,4.0,3,4,"Loved the taste, will order again.",Positive
9694,106934,3.0,3,3,Delivery was on time but food was mediocre.,Neutral
9695,118480,3.0,3,4,Delivery was on time but food was mediocre.,Neutral
9696,114348,2.0,2,2,Quality was not up to the mark.,Negative
9697,100120,3.0,4,3,,Neutral
9698,109410,5.0,5,5,Great food and fast delivery!,Positive
9699,117588,4.0,4,5,Amazing experience overall.,Positive
9700,103039,5.0,5,4,,Positive
9701,111914,5.0,4,5,Packaging was excellent and food was hot.,Positive
9702,118531,4.0,3,4,Amazing experience overall.,Positive
9703,110541,3.0,4,2,Average experience.,Neutral
9704,114830,4.0,5,5,Amazing experience overall.,Positive
9705,109482,1.0,2,2,Very disappointed with the service.,Negative
9706,101641,3.0,2,2,Delivery was on time but food was mediocre.,Neutral
9707,103635,3.0,4,4,Delivery was on time but food was mediocre.,Neutral
9708,118566,5.0,4,5,Best biryani in town!,Positive
9709,111609,5.0,4,4,Best biryani in town!,Positive
9710,109379,5.0,5,5,Delivery partner was very polite.,Positive
9711,109022,5.0,4,4,,Positive
9712,109125,5.0,5,5,Best biryani in town!,Positive
9713,120133,5.0,5,5,Delivery partner was very polite.,Positive
9714,118138,2.0,3,2,Quality was not up to the mark.,Negative
9715,110849,2.0,3,1,Order was incomplete.,Negative
9716,115837,3.0,3,3,"Food was okay, nothing special.",Neutral
9717,120417,5.0,5,4,Great food and fast delivery!,Positive
9718,115830,5.0,5,5,Great food and fast delivery!,Positive
9719,101541,3.0,4,3,,Neutral
9720,115742,5.0,5,5,Great food and fast delivery!,Positive
9721,111200,2.0,3,2,Quality was not up to the mark.,Negative
9722,114596,2.0,1,2,Delivery took way too long.,Negative
9723,115809,3.0,3,4,,Neutral
9724,120081,4.0,4,5,Great food and fast delivery!,Positive
9725,106943,1.0,1,2,Very disappointed with the service.,Negative
9726,112787,5.0,4,5,Packaging was excellent and food was hot.,Positive
9727,105884,3.0,2,3,Average experience.,Neutral
9728,103893,5.0,4,5,Packaging was excellent and food was hot.,Positive
9729,104120,4.0,5,4,Best biryani in town!,Positive
9730,119120,2.0,2,2,Quality was not up to the mark.,Negative
9731,110384,5.0,5,4,"Loved the taste, will order again.",Positive
9732,104369,4.0,3,5,Delivery partner was very polite.,Positive
9733,104029,5.0,4,4,Great food and fast delivery!,Positive
9734,116675,5.0,5,5,Delivery partner was very polite.,Positive
9735,118760,5.0,4,4,"Loved the taste, will order again.",Positive
9736,118251,1.0,2,1,Food arrived cold and late.,Negative
9737,116347,3.0,2,4,"Food was okay, nothing special.",Neutral
9738,119106,5.0,5,5,Packaging was excellent and food was hot.,Positive
9739,103375,2.0,2,3,Delivery took way too long.,Negative
9740,112918,5.0,5,5,Packaging was excellent and food was hot.,Positive
9741,109307,3.0,4,3,Delivery was on time but food was mediocre.,Neutral
9742,113824,3.0,3,4,,Neutral
9743,107486,4.0,5,4,"Loved the taste, will order again.",Positive
9744,116342,1.0,2,1,Food arrived cold and late.,Negative
9745,100032,2.0,2,2,Quality was not up to the mark.,Negative
9746,102032,2.0,3,1,Food arrived cold and late.,Negative
9747,118755,3.0,3,2,Average experience.,Neutral
9748,102255,5.0,5,5,Amazing experience overall.,Positive
9749,108746,2.0,1,2,Food arrived cold and late.,Negative
9750,105318,5.0,5,5,Delivery partner was very polite.,Positive
9751,109273,5.0,5,5,Great food and fast delivery!,Positive
9752,103683,4.0,4,5,"Loved the taste, will order again.",Positive
9753,101038,3.0,2,3,,Neutral
9754,119081,5.0,5,5,"Loved the taste, will order again.",Positive
9755,117609,3.0,2,2,Average experience.,Neutral
9756,101973,4.0,4,4,Best biryani in town!,Positive
9757,111518,5.0,5,4,"Loved the taste, will order again.",Positive
9758,102174,1.0,1,2,Order was incomplete.,Negative
9759,109547,5.0,5,4,Great food and fast delivery!,Positive
9760,116259,5.0,5,5,Delivery partner was very polite.,Positive
9761,101708,5.0,5,5,Best biryani in town!,Positive
9762,115361,5.0,4,5,Great food and fast delivery!,Positive
9763,119668,2.0,1,2,Quality was not up to the mark.,Negative
9764,102100,2.0,1,3,Wrong item delivered.,Negative
9765,116201,5.0,4,4,Packaging was excellent and food was hot.,Positive
9766,106390,5.0,4,5,Amazing experience overall.,Positive
9767,104246,5.0,5,4,Great food and fast delivery!,Positive
9768,119610,3.0,3,3,"Food was okay, nothing special.",Neutral
9769,112551,2.0,3,1,Quality was not up to the mark.,Negative
9770,106671,5.0,4,5,Best biryani in town!,Positive
9771,115641,5.0,5,5,"Loved the taste, will order again.",Positive
9772,101040,5.0,4,5,Best biryani in town!,Positive
9773,106655,5.0,5,5,Great food and fast delivery!,Positive
9774,117829,2.0,2,1,Food arrived cold and late.,Negative
9775,111128,4.0,3,4,Amazing experience overall.,Positive
9776,112190,4.0,3,4,"Loved the taste, will order again.",Positive
9777,100725,5.0,4,5,Best biryani in town!,Positive
9778,116021,3.0,2,3,"Food was okay, nothing special.",Neutral
9779,119423,5.0,5,4,Amazing experience overall.,Positive
9780,105694,5.0,5,5,Amazing experience overall.,Positive
9781,104766,3.0,2,2,Average experience.,Neutral
9782,110423,3.0,4,3,Average experience.,Neutral
9783,117905,3.0,3,2,"Food was okay, nothing special.",Neutral
9784,104017,3.0,3,4,"Food was okay, nothing special.",Neutral
9785,115877,4.0,4,4,Packaging was excellent and food was hot.,Positive
9786,105381,5.0,5,5,Packaging was excellent and food was hot.,Positive
9787,107342,2.0,3,2,Quality was not up to the mark.,Negative
9788,107091,5.0,5,5,Great food and fast delivery!,Positive
9789,106438,3.0,3,4,"Food was okay, nothing special.",Neutral
9790,116454,3.0,4,3,Delivery was on time but food was mediocre.,Neutral
9791,103080,3.0,2,3,"Food was okay, nothing special.",Neutral
9792,100667,4.0,4,4,Amazing experience overall.,Positive
9793,119454,5.0,5,5,Delivery partner was very polite.,Positive
9794,101094,1.0,1,1,Wrong item delivered.,Negative
9795,112218,1.0,1,1,Very disappointed with the service.,Negative
9796,103107,5.0,4,4,Great food and fast delivery!,Positive
9797,113378,3.0,4,4,Average experience.,Neutral
9798,113640,5.0,5,5,Amazing experience overall.,Positive
9799,117203,1.0,2,2,Food arrived cold and late.,Negative
9800,120445,5.0,5,4,Delivery partner was very polite.,Positive
9801,110858,3.0,4,2,"Food was okay, nothing special.",Neutral
9802,108740,3.0,2,2,,Neutral
9803,106022,5.0,4,5,Packaging was excellent and food was hot.,Positive
9804,114963,2.0,1,2,Quality was not up to the mark.,Negative
9805,100807,4.0,5,5,Best biryani in town!,Positive
9806,109659,5.0,5,4,Amazing experience overall.,Positive
9807,119053,5.0,5,5,Delivery partner was very polite.,Positive
9808,117341,3.0,2,2,,Neutral
9809,115003,1.0,1,1,Food arrived cold and late.,Negative
9810,102120,2.0,2,1,Order was incomplete.,Negative
9811,100987,3.0,4,3,Delivery was on time but food was mediocre.,Neutral
9812,117440,5.0,5,5,Delivery partner was very polite.,Positive
9813,102259,4.0,4,4,Packaging was excellent and food was hot.,Positive
9814,109071,2.0,3,1,Order was incomplete.,Negative
9815,112842,5.0,4,4,Amazing experience overall.,Positive
9816,100605,,5,5,"Loved the taste, will order again.",Positive
9817,107040,2.0,2,2,Delivery took way too long.,Negative
9818,110410,5.0,4,4,Amazing experience overall.,Positive
9819,120100,1.0,1,2,Wrong item delivered.,Negative
9820,109157,5.0,5,5,Packaging was excellent and food was hot.,Positive
9821,100477,5.0,4,5,Delivery partner was very polite.,Positive
9822,116149,2.0,3,2,Delivery took way too long.,Negative
9823,117847,5.0,5,4,Amazing experience overall.,Positive
9824,107043,2.0,1,3,Food arrived cold and late.,Negative
9825,114256,5.0,5,5,Amazing experience overall.,Positive
9826,110746,5.0,5,5,Packaging was excellent and food was hot.,Positive
9827,108343,5.0,4,5,"Loved the taste, will order again.",Positive
9828,110953,3.0,4,3,"Food was okay, nothing special.",Neutral
9829,103998,3.0,3,2,Average experience.,Neutral
9830,120448,3.0,2,4,Average experience.,Neutral
9831,103057,3.0,2,4,Average experience.,Neutral
9832,109260,3.0,4,2,Delivery was on time but food was mediocre.,Neutral
9833,102498,2.0,1,3,Delivery took way too long.,Negative
9834,104797,5.0,5,4,Great food and fast delivery!,Positive
9835,109836,5.0,4,5,Packaging was excellent and food was hot.,Positive
9836,100952,2.0,3,3,Very disappointed with the service.,Negative
9837,105790,3.0,3,4,"Food was okay, nothing special.",Neutral
9838,115779,4.0,5,5,Packaging was excellent and food was hot.,Positive
9839,118456,2.0,2,3,Food arrived cold and late.,Negative
9840,117969,5.0,4,4,Best biryani in town!,Positive
9841,112575,2.0,3,2,Wrong item delivered.,Negative
9842,110641,5.0,4,4,Delivery partner was very polite.,Positive
9843,101411,2.0,3,1,Wrong item delivered.,Negative
9844,104986,3.0,4,3,Delivery was on time but food was mediocre.,Neutral
9845,117682,3.0,3,2,Delivery was on time but food was mediocre.,Neutral
9846,104012,4.0,3,5,Great food and fast delivery!,Positive
9847,115332,5.0,5,4,Great food and fast delivery!,Positive
9848,101688,4.0,5,5,Delivery partner was very polite.,Positive
9849,105709,5.0,4,5,Amazing experience overall.,Positive
9850,116072,5.0,5,5,Best biryani in town!,Positive
9851,115448,3.0,2,2,,Neutral
9852,101442,5.0,5,5,Delivery partner was very polite.,Positive
9853,102364,1.0,2,1,Wrong item delivered.,Negative
9854,105390,3.0,3,4,"Food was okay, nothing special.",Neutral
9855,102418,3.0,4,4,Delivery was on time but food was mediocre.,Neutral
9856,106221,5.0,4,5,Amazing experience overall.,Positive
9857,105301,2.0,3,1,Wrong item delivered.,Negative
9858,112691,1.0,2,1,Very disappointed with the service.,Negative
9859,118541,3.0,3,3,Average experience.,Neutral
9860,114011,4.0,5,5,Packaging was excellent and food was hot.,Positive
9861,117604,2.0,1,3,Very disappointed with the service.,Negative
9862,118297,3.0,2,4,Average experience.,Neutral
9863,111386,5.0,5,5,Great food and fast delivery!,Positive
9864,107442,2.0,3,3,,Negative
9865,101417,1.0,1,1,Delivery took way too long.,Negative
9866,119020,2.0,3,1,Wrong item delivered.,Negative
9867,100182,4.0,3,3,Best biryani in town!,Positive
9868,114656,4.0,3,3,Great food and fast delivery!,Positive
9869,117186,1.0,1,2,Delivery took way too long.,Negative
9870,110441,,5,4,Amazing experience overall.,Positive
9871,101642,5.0,4,4,Amazing experience overall.,Positive
9872,110204,4.0,3,5,Packaging was excellent and food was hot.,Positive
9873,119942,,4,5,Packaging was excellent and food was hot.,Positive
9874,115095,5.0,4,5,Best biryani in town!,Positive
9875,118490,4.0,4,4,,Positive
9876,103991,5.0,5,5,Delivery partner was very polite.,Positive
9877,120050,4.0,3,3,"Loved the taste, will order again.",Positive
9878,111966,2.0,3,3,Delivery took way too long.,Negative
9879,114764,5.0,5,5,Delivery partner was very polite.,Positive
9880,103209,5.0,5,5,Packaging was excellent and food was hot.,Positive
9881,114508,3.0,2,3,"Food was okay, nothing special.",Neutral
9882,101172,5.0,4,4,Great food and fast delivery!,Positive
9883,110614,2.0,2,2,Quality was not up to the mark.,Negative
9884,103046,5.0,5,5,Best biryani in town!,Positive
9885,112331,2.0,1,1,Quality was not up to the mark.,Negative
9886,105102,3.0,3,2,Average experience.,Neutral
9887,119443,3.0,2,2,"Food was okay, nothing special.",Neutral
9888,102725,3.0,4,2,Delivery was on time but food was mediocre.,Neutral
9889,119041,4.0,5,4,Amazing experience overall.,Positive
9890,119075,4.0,4,5,Amazing experience overall.,Positive
9891,111408,5.0,5,5,Best biryani in town!,Positive
9892,102989,5.0,5,5,Amazing experience overall.,Positive
9893,117397,4.0,4,3,Great food and fast delivery!,Positive
9894,100845,3.0,2,2,,Neutral
9895,101465,,1,1,Food arrived cold and late.,Negative
9896,102116,1.0,1,2,Order was incomplete.,Negative
9897,111100,3.0,4,4,,Neutral
9898,102472,2.0,2,3,Delivery took way too long.,Negative
9899,105619,5.0,5,5,Packaging was excellent and food was hot.,Positive
9900,119386,1.0,1,1,Delivery took way too long.,Negative
9901,115080,4.0,5,4,Amazing experience overall.,Positive
9902,107504,5.0,5,5,Packaging was excellent and food was hot.,Positive
9903,116423,3.0,3,2,Average experience.,Neutral
9904,112808,4.0,3,5,Delivery partner was very polite.,Positive
9905,119136,4.0,5,3,Best biryani in town!,Positive
9906,106681,4.0,3,3,Amazing experience overall.,Positive
9907,110979,5.0,5,5,Best biryani in town!,Positive
9908,115677,,5,4,Packaging was excellent and food was hot.,Positive
9909,119354,1.0,1,1,Very disappointed with the service.,Negative
9910,113138,5.0,5,5,"Loved the taste, will order again.",Positive
9911,117190,5.0,5,5,Delivery partner was very polite.,Positive
9912,104689,3.0,4,4,Average experience.,Neutral
9913,107274,2.0,2,3,,Negative
9914,106603,3.0,3,3,Delivery was on time but food was mediocre.,Neutral
9915,119962,5.0,5,4,Packaging was excellent and food was hot.,Positive
9916,111251,5.0,5,5,"Loved the taste, will order again.",Positive
9917,107818,5.0,5,5,Great food and fast delivery!,Positive
9918,100699,,5,5,"Loved the taste, will order again.",Positive
9919,102944,3.0,3,3,Delivery was on time but food was mediocre.,Neutral
9920,109800,5.0,5,5,Delivery partner was very polite.,Positive
9921,110442,1.0,1,2,Delivery took way too long.,Negative
9922,120477,5.0,4,5,Packaging was excellent and food was hot.,Positive
9923,119842,2.0,2,1,Very disappointed with the service.,Negative
9924,118582,4.0,5,5,Amazing experience overall.,Positive
9925,117083,5.0,4,5,Great food and fast delivery!,Positive
9926,100740,5.0,4,5,Packaging was excellent and food was hot.,Positive
9927,119241,1.0,1,1,Quality was not up to the mark.,Negative
9928,118144,4.0,5,5,Amazing experience overall.,Positive
9929,107265,3.0,3,3,,Neutral
9930,108767,4.0,4,5,Great food and fast delivery!,Positive
9931,100642,2.0,3,1,Very disappointed with the service.,Negative
9932,118782,3.0,2,3,,Neutral
9933,103855,2.0,1,2,Quality was not up to the mark.,Negative
9934,100230,2.0,2,3,Wrong item delivered.,Negative
9935,106881,5.0,5,5,Delivery partner was very polite.,Positive
9936,101392,4.0,5,4,Amazing experience overall.,Positive
9937,115055,4.0,4,4,"Loved the taste, will order again.",Positive
9938,107255,1.0,2,1,Order was incomplete.,Negative
9939,109170,3.0,2,3,,Neutral
9940,113175,5.0,4,4,Packaging was excellent and food was hot.,Positive
9941,113412,5.0,4,4,Great food and fast delivery!,Positive
9942,106719,4.0,4,5,Delivery partner was very polite.,Positive
9943,114541,5.0,4,4,Amazing experience overall.,Positive
9944,118861,4.0,5,3,"Loved the taste, will order again.",Positive
9945,117242,4.0,5,5,Best biryani in town!,Positive
9946,102876,3.0,2,2,,Neutral
9947,110063,3.0,9,3,,Neutral
9948,110268,4.0,5,5,Best biryani in town!,Positive
9949,109372,5.0,4,5,"Loved the taste, will order again.",Positive
9950,100069,2.0,3,1,Order was incomplete.,Negative
9951,100415,2.0,1,1,Quality was not up to the mark.,Negative
9952,104790,2.0,3,3,Food arrived cold and late.,Negative
9953,115114,5.0,5,5,Amazing experience overall.,Positive
9954,119952,2.0,2,2,Order was incomplete.,Negative
9955,108635,5.0,5,4,Great food and fast delivery!,Positive
9956,119046,2.0,2,3,Food arrived cold and late.,Negative
9957,107868,5.0,4,5,"Loved the taste, will order again.",Positive
9958,102311,2.0,3,1,Food arrived cold and late.,Negative
9959,108105,2.0,2,2,Delivery took way too long.,Negative
9960,103529,4.0,5,3,"Loved the taste, will order again.",Positive
9961,104230,5.0,5,5,Amazing experience overall.,Positive
9962,108187,3.0,3,4,"Food was okay, nothing special.",Neutral
9963,105358,5.0,4,5,Packaging was excellent and food was hot.,Positive
9964,110886,5.0,5,4,Packaging was excellent and food was hot.,Positive
9965,114672,5.0,4,5,Delivery partner was very polite.,Positive
9966,107839,5.0,4,5,Amazing experience overall.,Positive
9967,115621,5.0,5,4,Delivery partner was very polite.,Positive
9968,113324,3.0,2,2,,Neutral
9969,110483,2.0,2,1,Order was incomplete.,Negative
9970,110247,5.0,5,4,Great food and fast delivery!,Positive
9971,119279,5.0,5,4,Delivery partner was very polite.,Positive
9972,102663,5.0,5,5,Great food and fast delivery!,Positive
9973,113730,5.0,5,5,Best biryani in town!,Positive
9974,100202,3.0,3,4,Average experience.,Neutral
9975,107645,,5,5,Best biryani in town!,Positive
9976,102736,4.0,4,5,"Loved the taste, will order again.",Positive
9977,113744,3.0,3,4,"Food was okay, nothing special.",Neutral
9978,100007,5.0,4,5,Great food and fast delivery!,Positive
9979,109439,5.0,5,5,Packaging was excellent and food was hot.,Positive
9980,104798,2.0,3,3,Delivery took way too long.,Negative
9981,108923,5.0,4,5,Amazing experience overall.,Positive
9982,109139,5.0,5,5,Best biryani in town!,Positive
9983,108794,2.0,1,3,Delivery took way too long.,Negative
9984,110745,5.0,5,5,Delivery partner was very polite.,Positive
9985,118562,5.0,5,5,"Loved the taste, will order again.",Positive
9986,106915,2.0,3,2,Quality was not up to the mark.,Negative
9987,102838,5.0,5,5,Great food and fast delivery!,Positive
9988,111007,5.0,5,4,Great food and fast delivery!,Positive
9989,112768,2.0,2,3,Order was incomplete.,Negative
9990,101339,5.0,5,5,Best biryani in town!,Positive
9991,104468,,1,1,Food arrived cold and late.,Negative
9992,118032,2.0,1,2,Wrong item delivered.,Negative
9993,102093,5.0,4,4,"Loved the taste, will order again.",Positive
9994,108327,3.0,4,2,"Food was okay, nothing special.",Neutral
9995,109988,4.0,3,4,Great food and fast delivery!,Positive
9996,104486,3.0,3,4,,Neutral
9997,116604,2.0,3,2,Quality was not up to the mark.,Negative
9998,116397,3.0,4,2,,Neutral
9999,101222,3.0,3,2,Delivery was on time but food was mediocre.,Neutral
10000,109397,5.0,4,5,Amazing experience overall.,Positive
10001,118387,5.0,5,5,Delivery partner was very polite.,Positive
10002,105768,4.0,5,3,Great food and fast delivery!,Positive
10003,104637,4.0,5,4,Delivery partner was very polite.,Positive
10004,103519,5.0,4,5,Amazing experience overall.,Positive
10005,105147,5.0,5,4,Best biryani in town!,Positive
10006,119277,4.0,5,5,Delivery partner was very polite.,Positive
10007,118547,,3,4,Average experience.,Neutral
10008,115267,5.0,4,4,Best biryani in town!,Positive
10009,115500,5.0,5,4,Best biryani in town!,Positive
10010,113702,3.0,4,4,Delivery was on time but food was mediocre.,Neutral
10011,118875,3.0,4,4,Average experience.,Neutral
10012,117897,5.0,5,5,Delivery partner was very polite.,Positive
10013,103620,5.0,4,5,Delivery partner was very polite.,Positive
10014,117037,5.0,5,5,Great food and fast delivery!,Positive
10015,113570,3.0,2,2,,Neutral
10016,103185,,3,4,Average experience.,Neutral
10017,109572,3.0,2,2,,Neutral
10018,118350,4.0,4,3,Delivery partner was very polite.,Positive
10019,110439,,5,5,Great food and fast delivery!,Positive
10020,100510,5.0,5,4,Amazing experience overall.,Positive
10021,109306,4.0,4,4,Great food and fast delivery!,Positive
10022,119499,5.0,5,5,Amazing experience overall.,Positive
10023,115077,2.0,3,1,Very disappointed with the service.,Negative
10024,107381,5.0,5,4,Packaging was excellent and food was hot.,Positive
10025,114803,5.0,5,4,Best biryani in town!,Positive
10026,114060,3.0,2,2,,Neutral
10027,104520,4.0,5,5,Delivery partner was very polite.,Positive
10028,107099,2.0,2,2,Food arrived cold and late.,Negative
10029,119463,4.0,3,5,,Positive
10030,114102,3.0,3,2,,Neutral
10031,112449,5.0,5,5,Amazing experience overall.,Positive
10032,116066,2.0,2,2,Quality was not up to the mark.,Negative
10033,114496,1.0,1,2,Wrong item delivered.,Negative
10034,106793,5.0,5,4,"Loved the taste, will order again.",Positive
10035,102015,5.0,4,4,Best biryani in town!,Positive
10036,108316,5.0,5,5,Best biryani in town!,Positive
10037,107523,2.0,3,2,Delivery took way too long.,Negative
10038,107138,2.0,3,2,Very disappointed with the service.,Negative
10039,115424,2.0,3,1,Order was incomplete.,Negative
10040,105888,1.0,2,1,Delivery took way too long.,Negative
10041,109743,5.0,5,4,Packaging was excellent and food was hot.,Positive
10042,103651,3.0,4,4,Delivery was on time but food was mediocre.,Neutral
10043,109977,5.0,4,4,Packaging was excellent and food was hot.,Positive
10044,113666,4.0,3,4,Delivery partner was very polite.,Positive
10045,116521,4.0,3,5,Great food and fast delivery!,Positive
10046,109892,3.0,2,4,Average experience.,Neutral
10047,119011,3.0,3,2,"Food was okay, nothing special.",Neutral
10048,117006,5.0,5,5,Packaging was excellent and food was hot.,Positive
10049,103432,3.0,4,2,Average experience.,Neutral
10050,115210,5.0,5,4,"Loved the taste, will order again.",Positive
10051,112539,2.0,1,3,Quality was not up to the mark.,Negative
10052,100941,5.0,5,5,Packaging was excellent and food was hot.,Positive
10053,114580,3.0,4,2,Delivery was on time but food was mediocre.,Neutral
10054,107883,5.0,5,5,Packaging was excellent and food was hot.,Positive
10055,118645,4.0,4,3,"Loved the taste, will order again.",Positive
10056,101998,4.0,5,3,Best biryani in town!,Positive
10057,116182,3.0,3,2,,Neutral
10058,110456,4.0,3,3,Packaging was excellent and food was hot.,Positive
10059,104391,5.0,5,5,Packaging was excellent and food was hot.,Positive
10060,119977,3.0,4,3,"Food was okay, nothing special.",Neutral
10061,107694,2.0,3,2,Very disappointed with the service.,Negative
10062,111949,3.0,2,4,Delivery was on time but food was mediocre.,Neutral
10063,113435,5.0,5,4,"Loved the taste, will order again.",Positive
10064,118815,3.0,3,4,Average experience.,Neutral
10065,110718,4.0,3,4,Best biryani in town!,Positive
10066,119583,3.0,4,4,,Neutral
10067,114506,5.0,5,5,Great food and fast delivery!,Positive
10068,117598,3.0,3,3,,Neutral
10069,101317,2.0,3,2,Very disappointed with the service.,Negative
10070,107834,3.0,3,2,Delivery was on time but food was mediocre.,Neutral
10071,117583,5.0,5,4,Great food and fast delivery!,Positive
10072,104702,,2,1,Very disappointed with the service.,Negative
10073,109716,5.0,5,4,Great food and fast delivery!,Positive
10074,117808,2.0,2,1,Order was incomplete.,Negative
10075,117751,2.0,1,2,Quality was not up to the mark.,Negative
10076,117121,2.0,2,3,Order was incomplete.,Negative
10077,100220,4.0,5,5,Best biryani in town!,Positive
10078,114350,5.0,4,5,Best biryani in town!,Positive
10079,116855,3.0,3,3,,Neutral
10080,105969,5.0,4,5,Delivery partner was very polite.,Positive
10081,106827,3.0,4,2,"Food was okay, nothing special.",Neutral
10082,107283,2.0,3,2,Food arrived cold and late.,Negative
10083,104911,4.0,5,5,Packaging was excellent and food was hot.,Positive
10084,103069,5.0,5,5,Packaging was excellent and food was hot.,Positive
10085,117896,2.0,2,2,Very disappointed with the service.,Negative
10086,100066,5.0,5,4,Best biryani in town!,Positive
10087,114022,5.0,5,5,Great food and fast delivery!,Positive
10088,103719,3.0,3,3,Average experience.,Neutral
10089,116481,5.0,4,5,Best biryani in town!,Positive
10090,101635,4.0,3,3,Great food and fast delivery!,Positive
10091,119700,3.0,2,2,,Neutral
10092,117191,5.0,5,5,Delivery partner was very polite.,Positive
10093,115078,4.0,5,5,"Loved the taste, will order again.",Positive
10094,117059,2.0,1,3,Very disappointed with the service.,Negative
10095,112091,5.0,5,5,Packaging was excellent and food was hot.,Positive
10096,102446,2.0,1,1,Order was incomplete.,Negative
10097,120161,1.0,1,1,Delivery took way too long.,Negative
10098,106876,4.0,4,4,Delivery partner was very polite.,Positive
10099,113243,2.0,3,3,Order was incomplete.,Negative
10100,115774,3.0,2,4,Average experience.,Neutral
10101,110051,2.0,2,1,Order was incomplete.,Negative
10102,109570,3.0,2,2,,Neutral
10103,110956,4.0,4,4,"Loved the taste, will order again.",Positive
10104,106769,4.0,3,5,Delivery partner was very polite.,Positive
10105,104409,5.0,5,5,Delivery partner was very polite.,Positive
10106,115419,2.0,1,2,,Negative
10107,118216,1.0,2,1,Order was incomplete.,Negative
10108,111082,5.0,4,5,Amazing experience overall.,Positive
10109,110269,4.0,3,4,Amazing experience overall.,Positive
10110,119686,3.0,4,2,,Neutral
10111,112963,2.0,1,1,Delivery took way too long.,Negative
10112,112627,5.0,5,4,Packaging was excellent and food was hot.,Positive
10113,106456,5.0,5,5,"Loved the taste, will order again.",Positive
10114,106059,3.0,3,4,,Neutral
10115,116281,4.0,5,4,Packaging was excellent and food was hot.,Positive
10116,113727,3.0,4,3,Average experience.,Neutral
10117,106368,5.0,4,4,Delivery partner was very polite.,Positive
10118,102003,4.0,3,3,Delivery partner was very polite.,Positive
10119,110156,2.0,2,1,Very disappointed with the service.,Negative
10120,104664,5.0,5,5,Great food and fast delivery!,Positive
10121,116891,5.0,4,5,Packaging was excellent and food was hot.,Positive
10122,112093,5.0,5,5,Great food and fast delivery!,Positive
10123,105559,2.0,3,1,Order was incomplete.,Negative
10124,119885,2.0,1,3,Food arrived cold and late.,Negative
10125,112056,5.0,5,4,Amazing experience overall.,Positive
10126,108417,5.0,5,5,Delivery partner was very polite.,Positive
10127,120337,5.0,4,4,Best biryani in town!,Positive
10128,109728,5.0,5,5,Packaging was excellent and food was hot.,Positive
10129,100089,3.0,3,2,,Neutral
10130,118050,3.0,4,2,Average experience.,Neutral
10131,103829,5.0,5,5,Amazing experience overall.,Positive
10132,115217,5.0,5,4,Delivery partner was very polite.,Positive
10133,118062,5.0,5,5,,Positive
10134,100174,5.0,5,5,Packaging was excellent and food was hot.,Positive
10135,110265,5.0,5,5,Amazing experience overall.,Positive
10136,106001,2.0,3,2,Food arrived cold and late.,Negative
10137,119258,5.0,5,5,Great food and fast delivery!,Positive
10138,113071,5.0,5,5,Amazing experience overall.,Positive
10139,109678,5.0,4,4,Amazing experience overall.,Positive
10140,103359,2.0,3,2,Food arrived cold and late.,Negative
10141,104444,1.0,1,2,Quality was not up to the mark.,Negative
10142,112414,4.0,4,4,Great food and fast delivery!,Positive
10143,119641,2.0,2,2,Wrong item delivered.,Negative
10144,110194,5.0,5,4,,Positive
10145,111515,5.0,5,5,Amazing experience overall.,Positive
10146,103150,1.0,1,1,Wrong item delivered.,Negative
10147,119169,5.0,4,4,"Loved the taste, will order again.",Positive
10148,113831,1.0,1,2,Very disappointed with the service.,Negative
10149,104603,4.0,4,3,Best biryani in town!,Positive
10150,101792,3.0,4,3,Delivery was on time but food was mediocre.,Neutral
10151,112487,3.0,4,2,Delivery was on time but food was mediocre.,Neutral
10152,103707,2.0,3,3,Wrong item delivered.,Negative
10153,113313,4.0,4,5,Amazing experience overall.,Positive
10154,116690,5.0,5,5,Amazing experience overall.,Positive
10155,109070,5.0,5,5,Delivery partner was very polite.,Positive
10156,105607,4.0,4,3,Best biryani in town!,Positive
10157,115206,4.0,3,3,Packaging was excellent and food was hot.,Positive
10158,102827,5.0,5,5,Delivery partner was very polite.,Positive
10159,106318,5.0,5,5,Delivery partner was very polite.,Positive
10160,102152,3.0,4,3,,Neutral
10161,113550,4.0,4,5,Amazing experience overall.,Positive
10162,116045,3.0,3,2,,Neutral
10163,107144,1.0,1,2,Order was incomplete.,Negative
10164,102792,5.0,5,5,"Loved the taste, will order again.",Positive
10165,102300,3.0,2,2,"Food was okay, nothing special.",Neutral
10166,105223,5.0,4,5,"Loved the taste, will order again.",Positive
10167,105238,5.0,5,4,Best biryani in town!,Positive
10168,107188,2.0,2,1,Food arrived cold and late.,Negative
10169,110025,2.0,1,2,Quality was not up to the mark.,Negative
10170,114708,2.0,3,2,Delivery took way too long.,Negative
10171,115905,,5,5,Delivery partner was very polite.,Positive
10172,110750,2.0,2,2,Delivery took way too long.,Negative
10173,112295,1.0,1,1,Quality was not up to the mark.,Negative
10174,115342,5.0,5,5,"Loved the taste, will order again.",Positive
10175,107054,4.0,4,4,Delivery partner was very polite.,Positive
10176,119898,5.0,4,5,Packaging was excellent and food was hot.,Positive
10177,109736,5.0,5,4,Best biryani in town!,Positive
10178,100629,2.0,2,1,Very disappointed with the service.,Negative
10179,114025,1.0,1,1,Order was incomplete.,Negative
10180,103920,4.0,5,3,Delivery partner was very polite.,Positive
10181,100677,4.0,4,3,Amazing experience overall.,Positive
10182,106235,5.0,5,4,Packaging was excellent and food was hot.,Positive
10183,108779,5.0,4,5,"Loved the taste, will order again.",Positive
10184,110281,3.0,3,4,,Neutral
10185,110066,3.0,4,3,"Food was okay, nothing special.",Neutral
10186,115142,4.0,5,4,Best biryani in town!,Positive
10187,100884,2.0,1,3,Delivery took way too long.,Negative
10188,118482,2.0,2,2,Wrong item delivered.,Negative
10189,117098,5.0,4,4,Best biryani in town!,Positive
10190,118909,5.0,5,5,Packaging was excellent and food was hot.,Positive
10191,109477,4.0,4,3,Packaging was excellent and food was hot.,Positive
10192,103395,5.0,5,5,Best biryani in town!,Positive
10193,104455,4.0,4,5,Amazing experience overall.,Positive
10194,111819,2.0,2,2,Very disappointed with the service.,Negative
10195,112060,4.0,3,5,Packaging was excellent and food was hot.,Positive
10196,111457,1.0,1,1,Order was incomplete.,Negative
10197,100281,5.0,4,5,Best biryani in town!,Positive
10198,112905,5.0,5,4,"Loved the taste, will order again.",Positive
10199,104652,2.0,1,2,Food arrived cold and late.,Negative
10200,112588,1.0,1,1,Order was incomplete.,Negative
10201,118131,5.0,5,5,Best biryani in town!,Positive
10202,101369,2.0,2,3,Quality was not up to the mark.,Negative
10203,110888,3.0,3,2,"Food was okay, nothing special.",Neutral
10204,114719,4.0,3,3,"Loved the taste, will order again.",Positive
10205,119592,3.0,3,3,Delivery was on time but food was mediocre.,Neutral
10206,109502,5.0,5,5,Packaging was excellent and food was hot.,Positive
10207,106181,5.0,4,4,"Loved the taste, will order again.",Positive
10208,118997,1.0,2,1,Very disappointed with the service.,Negative
10209,104118,2.0,1,3,Very disappointed with the service.,Negative
10210,100101,2.0,3,2,Quality was not up to the mark.,Negative
10211,105127,2.0,2,3,Wrong item delivered.,Negative
10212,118598,5.0,4,4,Amazing experience overall.,Positive
10213,117520,5.0,4,4,Packaging was excellent and food was hot.,Positive
10214,101492,5.0,4,4,Packaging was excellent and food was hot.,Positive
10215,115840,4.0,3,3,Best biryani in town!,Positive
10216,104988,4.0,5,4,Amazing experience overall.,Positive
10217,117612,3.0,3,2,"Food was okay, nothing special.",Neutral
10218,114262,2.0,3,2,Wrong item delivered.,Negative
10219,115707,4.0,3,5,Delivery partner was very polite.,Positive
10220,104378,4.0,4,5,Best biryani in town!,Positive
10221,109353,,4,5,"Loved the taste, will order again.",Positive
10222,114909,4.0,4,5,Amazing experience overall.,Positive
10223,119039,4.0,5,5,"Loved the taste, will order again.",Positive
10224,114429,3.0,4,4,"Food was okay, nothing special.",Neutral
10225,116206,5.0,5,5,Amazing experience overall.,Positive
10226,115618,2.0,2,1,Wrong item delivered.,Negative
10227,114068,2.0,1,2,Food arrived cold and late.,Negative
10228,104159,,3,3,"Food was okay, nothing special.",Neutral
10229,108656,3.0,3,3,Delivery was on time but food was mediocre.,Neutral
10230,102956,2.0,3,2,Quality was not up to the mark.,Negative
10231,115643,4.0,3,3,Amazing experience overall.,Positive
10232,102826,2.0,1,2,Quality was not up to the mark.,Negative
10233,100270,5.0,5,4,Delivery partner was very polite.,Positive
10234,103104,3.0,3,4,Delivery was on time but food was mediocre.,Neutral
10235,102644,5.0,5,5,Amazing experience overall.,Positive
10236,114644,3.0,2,3,Delivery was on time but food was mediocre.,Neutral
10237,105334,5.0,4,5,Amazing experience overall.,Positive
10238,107026,5.0,4,5,Amazing experience overall.,Positive
10239,108540,1.0,2,2,Order was incomplete.,Negative
10240,100887,3.0,4,3,Average experience.,Neutral
10241,112276,5.0,4,5,Amazing experience overall.,Positive
10242,100258,5.0,5,5,Great food and fast delivery!,Positive
10243,101298,3.0,4,2,Delivery was on time but food was mediocre.,Neutral
10244,106046,5.0,5,5,Best biryani in town!,Positive
10245,111790,4.0,3,3,Packaging was excellent and food was hot.,Positive
10246,109329,2.0,3,3,Very disappointed with the service.,Negative
10247,119220,2.0,3,1,Delivery took way too long.,Negative
10248,101984,3.0,2,4,"Food was okay, nothing special.",Neutral
10249,112519,5.0,4,4,Great food and fast delivery!,Positive
10250,108280,4.0,3,3,Best biryani in town!,Positive
10251,113068,2.0,1,2,Delivery took way too long.,Negative
10252,103051,5.0,5,5,Great food and fast delivery!,Positive
10253,112676,5.0,5,5,Packaging was excellent and food was hot.,Positive
10254,114436,4.0,3,4,"Loved the taste, will order again.",Positive
10255,110791,4.0,5,5,Packaging was excellent and food was hot.,Positive
10256,103023,4.0,3,3,Packaging was excellent and food was hot.,Positive
10257,112220,4.0,5,4,Amazing experience overall.,Positive
10258,110140,5.0,5,4,Packaging was excellent and food was hot.,Positive
10259,110910,3.0,2,3,"Food was okay, nothing special.",Neutral
10260,105050,3.0,2,3,,Neutral
10261,109749,4.0,3,3,Packaging was excellent and food was hot.,Positive
10262,113592,1.0,1,2,Very disappointed with the service.,Negative
10263,108955,2.0,2,1,Very disappointed with the service.,Negative
10264,101427,3.0,4,4,Average experience.,Neutral
10265,118895,5.0,5,5,Amazing experience overall.,Positive
10266,111302,3.0,2,2,,Neutral
10267,105212,2.0,1,3,Delivery took way too long.,Negative
10268,109976,2.0,2,1,Quality was not up to the mark.,Negative
10269,114714,2.0,1,1,Food arrived cold and late.,Negative
10270,106032,5.0,5,5,"Loved the taste, will order again.",Positive
10271,115151,3.0,2,2,,Neutral
10272,109134,5.0,5,5,"Loved the taste, will order again.",Positive
10273,115775,3.0,2,3,,Neutral
10274,116717,5.0,5,5,Best biryani in town!,Positive
10275,118368,3.0,2,2,Delivery was on time but food was mediocre.,Neutral
10276,112338,5.0,5,5,Amazing experience overall.,Positive
10277,104621,,5,4,"Loved the taste, will order again.",Positive
10278,102905,1.0,2,2,Wrong item delivered.,Negative
10279,102274,1.0,2,1,Order was incomplete.,Negative
10280,104742,5.0,5,5,Great food and fast delivery!,Positive
10281,111378,3.0,2,4,"Food was okay, nothing special.",Neutral
10282,105075,2.0,1,3,Food arrived cold and late.,Negative
10283,103831,5.0,5,4,"Loved the taste, will order again.",Positive
10284,112832,4.0,5,5,Great food and fast delivery!,Positive
10285,112766,4.0,3,5,Great food and fast delivery!,Positive
10286,115010,4.0,3,5,Best biryani in town!,Positive
10287,119627,2.0,2,2,Food arrived cold and late.,Negative
10288,119555,5.0,5,5,Delivery partner was very polite.,Positive
10289,119718,,2,4,Delivery was on time but food was mediocre.,Neutral
10290,115884,3.0,3,3,Delivery was on time but food was mediocre.,Neutral
10291,119112,2.0,2,2,Delivery took way too long.,Negative
10292,110491,1.0,1,2,Very disappointed with the service.,Negative
10293,100521,5.0,4,5,Delivery partner was very polite.,Positive
10294,120253,5.0,5,5,Great food and fast delivery!,Positive
10295,106717,2.0,2,2,Delivery took way too long.,Negative
10296,101789,2.0,3,1,Food arrived cold and late.,Negative
10297,119724,4.0,5,4,Best biryani in town!,Positive
10298,115548,4.0,4,4,Great food and fast delivery!,Positive
10299,106949,2.0,1,1,Very disappointed with the service.,Negative
10300,107785,2.0,1,2,Food arrived cold and late.,Negative
10301,120220,3.0,2,3,"Food was okay, nothing special.",Neutral
10302,108868,3.0,4,3,"Food was okay, nothing special.",Neutral
10303,107792,3.0,2,4,,Neutral
10304,104368,1.0,1,1,Food arrived cold and late.,Negative
10305,111838,5.0,5,5,Great food and fast delivery!,Positive
10306,110489,2.0,3,1,Wrong item delivered.,Negative
10307,103084,4.0,4,3,Great food and fast delivery!,Positive
10308,119350,4.0,3,4,Delivery partner was very polite.,Positive
10309,115675,5.0,4,5,Best biryani in town!,Positive
10310,116185,5.0,5,4,Best biryani in town!,Positive
10311,103399,5.0,4,4,Delivery partner was very polite.,Positive
10312,113393,5.0,4,5,Delivery partner was very polite.,Positive
10313,102724,5.0,5,4,Delivery partner was very polite.,Positive
10314,114263,2.0,1,1,Delivery took way too long.,Negative
10315,105429,1.0,1,1,Quality was not up to the mark.,Negative
10316,119895,5.0,5,4,"Loved the taste, will order again.",Positive
10317,112675,1.0,2,1,Food arrived cold and late.,Negative
10318,117189,5.0,5,5,Packaging was excellent and food was hot.,Positive
10319,107270,5.0,5,5,"Loved the taste, will order again.",Positive
10320,105549,4.0,4,3,Packaging was excellent and food was hot.,Positive
10321,117431,5.0,5,5,Best biryani in town!,Positive
10322,109776,3.0,3,2,"Food was okay, nothing special.",Neutral
10323,110543,3.0,3,4,Average experience.,Neutral
10324,120279,5.0,4,5,Amazing experience overall.,Positive
10325,114267,4.0,5,5,Amazing experience overall.,Positive
10326,100399,5.0,5,5,Amazing experience overall.,Positive
10327,108351,4.0,3,3,"Loved the taste, will order again.",Positive
10328,105205,5.0,5,5,Best biryani in town!,Positive
10329,114273,5.0,5,4,Amazing experience overall.,Positive
10330,110046,1.0,1,1,Quality was not up to the mark.,Negative
10331,107838,5.0,5,5,Great food and fast delivery!,Positive
10332,103468,1.0,1,2,Quality was not up to the mark.,Negative
10333,110466,5.0,5,4,Best biryani in town!,Positive
10334,100012,5.0,4,4,Delivery partner was very polite.,Positive
10335,102432,4.0,4,4,Best biryani in town!,Positive
10336,112165,5.0,5,5,,Positive
10337,108614,5.0,4,5,Amazing experience overall.,Positive
10338,107741,2.0,2,2,Order was incomplete.,Negative
10339,104488,1.0,1,1,Food arrived cold and late.,Negative
10340,104251,1.0,1,2,,Negative
10341,109289,5.0,5,5,Great food and fast delivery!,Positive
10342,110121,5.0,5,5,Great food and fast delivery!,Positive
10343,101011,3.0,4,4,Average experience.,Neutral
10344,109864,3.0,3,4,,Neutral
10345,116213,4.0,5,5,Delivery partner was very polite.,Positive
10346,112894,3.0,3,2,Delivery was on time but food was mediocre.,Neutral
10347,118889,4.0,5,5,Amazing experience overall.,Positive
10348,106819,,1,1,Wrong item delivered.,Negative
10349,114239,5.0,5,4,Delivery partner was very polite.,Positive
10350,113236,2.0,2,1,Delivery took way too long.,Negative
10351,118247,5.0,5,4,Delivery partner was very polite.,Positive
10352,117794,4.0,5,4,Packaging was excellent and food was hot.,Positive
10353,115559,2.0,2,3,Very disappointed with the service.,Negative
10354,100081,5.0,5,4,"Loved the taste, will order again.",Positive
10355,103346,5.0,4,5,"Loved the taste, will order again.",Positive
10356,104515,3.0,3,3,,Neutral
10357,102437,5.0,4,5,"Loved the taste, will order again.",Positive
10358,100118,3.0,2,2,,Neutral
10359,108064,5.0,5,5,Packaging was excellent and food was hot.,Positive
10360,115901,2.0,2,2,Wrong item delivered.,Negative
10361,109770,4.0,3,5,Amazing experience overall.,Positive
10362,109748,4.0,4,4,"Loved the taste, will order again.",Positive
10363,105357,3.0,2,3,Average experience.,Neutral
10364,107186,2.0,1,2,Food arrived cold and late.,Negative
10365,111499,1.0,2,1,Very disappointed with the service.,Negative
10366,119487,4.0,5,3,Packaging was excellent and food was hot.,Positive
10367,117178,5.0,5,5,Amazing experience overall.,Positive
10368,117913,2.0,3,3,Delivery took way too long.,Negative
10369,116303,5.0,5,5,Delivery partner was very polite.,Positive
10370,104188,2.0,3,3,Quality was not up to the mark.,Negative
10371,111335,5.0,5,4,Great food and fast delivery!,Positive
10372,116515,2.0,3,2,Very disappointed with the service.,Negative
10373,103054,4.0,3,5,Delivery partner was very polite.,Positive
10374,111725,4.0,5,3,Great food and fast delivery!,Positive
10375,112347,4.0,4,4,Great food and fast delivery!,Positive
10376,100265,5.0,5,5,Amazing experience overall.,Positive
10377,108222,2.0,3,1,Order was incomplete.,Negative
10378,116150,4.0,5,4,Great food and fast delivery!,Positive
10379,102066,5.0,4,5,Packaging was excellent and food was hot.,Positive
10380,112776,2.0,2,2,,Negative
10381,110420,3.0,2,4,"Food was okay, nothing special.",Neutral
10382,102348,5.0,4,4,Delivery partner was very polite.,Positive
10383,108812,5.0,4,4,Packaging was excellent and food was hot.,Positive
10384,114321,4.0,7,4,Amazing experience overall.,Positive
10385,109998,5.0,4,4,Amazing experience overall.,Positive
10386,106446,4.0,4,5,Delivery partner was very polite.,Positive
10387,102455,4.0,4,4,Great food and fast delivery!,Positive
10388,118823,5.0,4,5,Delivery partner was very polite.,Positive
10389,112663,2.0,6,1,Order was incomplete.,Negative
10390,101963,5.0,5,5,Great food and fast delivery!,Positive
10391,111363,3.0,4,4,Average experience.,Neutral
10392,103695,2.0,2,2,Food arrived cold and late.,Negative
10393,116545,4.0,4,3,Delivery partner was very polite.,Positive
10394,108669,5.0,5,5,,Positive
10395,113700,5.0,5,4,Best biryani in town!,Positive
10396,106102,2.0,2,3,Food arrived cold and late.,Negative
10397,115999,2.0,3,1,Very disappointed with the service.,Negative
10398,116718,5.0,4,5,Packaging was excellent and food was hot.,Positive
10399,103350,5.0,4,5,,Positive
10400,110575,5.0,5,4,Packaging was excellent and food was hot.,Positive
10401,113432,5.0,5,4,Best biryani in town!,Positive
10402,112179,5.0,4,4,Delivery partner was very polite.,Positive
10403,116679,5.0,5,4,Amazing experience overall.,Positive
10404,115816,1.0,1,1,Wrong item delivered.,Negative
10405,106965,5.0,5,5,Best biryani in town!,Positive
10406,115883,1.0,2,1,Delivery took way too long.,Negative
10407,114335,5.0,5,5,Great food and fast delivery!,Positive
10408,107672,5.0,4,5,Great food and fast delivery!,Positive
10409,110174,1.0,1,2,Delivery took way too long.,Negative
10410,119921,5.0,5,5,Best biryani in town!,Positive
10411,110113,5.0,4,4,Great food and fast delivery!,Positive
10412,113084,5.0,4,5,Packaging was excellent and food was hot.,Positive
10413,111803,5.0,5,4,Delivery partner was very polite.,Positive
10414,116119,4.0,3,4,Delivery partner was very polite.,Positive
10415,100212,5.0,4,4,Delivery partner was very polite.,Positive
10416,113078,5.0,5,5,Delivery partner was very polite.,Positive
10417,102356,5.0,5,5,"Loved the taste, will order again.",Positive
10418,103041,1.0,2,1,Food arrived cold and late.,Negative
10419,118951,5.0,4,4,Amazing experience overall.,Positive
10420,105030,5.0,5,4,"Loved the taste, will order again.",Positive
10421,104684,4.0,4,3,Delivery partner was very polite.,Positive
10422,103030,2.0,3,1,Food arrived cold and late.,Negative
10423,100021,3.0,2,2,"Food was okay, nothing special.",Neutral
10424,100979,5.0,5,4,Delivery partner was very polite.,Positive
10425,114993,2.0,3,3,Quality was not up to the mark.,Negative
10426,108049,1.0,1,2,Food arrived cold and late.,Negative
10427,101006,2.0,3,3,Delivery took way too long.,Negative
10428,106562,2.0,3,1,Food arrived cold and late.,Negative
10429,118106,5.0,5,5,Packaging was excellent and food was hot.,Positive
10430,111142,5.0,5,4,,Positive
10431,100498,4.0,3,4,Packaging was excellent and food was hot.,Positive
10432,101551,5.0,5,5,Packaging was excellent and food was hot.,Positive
10433,111625,2.0,2,2,Quality was not up to the mark.,Negative
10434,110856,1.0,2,1,Wrong item delivered.,Negative
10435,104842,2.0,1,1,Food arrived cold and late.,Negative
10436,111057,3.0,2,3,"Food was okay, nothing special.",Neutral
10437,101425,5.0,5,4,Great food and fast delivery!,Positive
10438,116435,4.0,5,3,Best biryani in town!,Positive
10439,117465,3.0,3,2,Delivery was on time but food was mediocre.,Neutral
10440,120255,3.0,3,4,"Food was okay, nothing special.",Neutral
10441,119937,4.0,5,3,Amazing experience overall.,Positive
10442,111062,5.0,4,5,Amazing experience overall.,Positive
10443,118024,5.0,5,5,Great food and fast delivery!,Positive
10444,101571,5.0,5,5,Amazing experience overall.,Positive
10445,118059,5.0,5,5,Great food and fast delivery!,Positive
10446,111225,5.0,5,4,Delivery partner was very polite.,Positive
10447,100718,3.0,4,2,,Neutral
10448,101181,3.0,3,3,"Food was okay, nothing special.",Neutral
10449,116661,4.0,3,4,"Loved the taste, will order again.",Positive
10450,107593,5.0,8,4,Amazing experience overall.,Positive
10451,116409,5.0,5,5,Delivery partner was very polite.,Positive
10452,105467,3.0,3,2,Delivery was on time but food was mediocre.,Neutral
10453,103948,1.0,2,1,Quality was not up to the mark.,Negative
10454,104610,5.0,5,5,Delivery partner was very polite.,Positive
10455,107057,4.0,3,4,Packaging was excellent and food was hot.,Positive
10456,100819,4.0,5,4,"Loved the taste, will order again.",Positive
10457,101076,5.0,9,4,Packaging was excellent and food was hot.,Positive
10458,114473,5.0,4,5,"Loved the taste, will order again.",Positive
10459,114981,4.0,3,4,Delivery partner was very polite.,Positive
10460,111162,1.0,2,1,Quality was not up to the mark.,Negative
10461,112804,3.0,3,3,,Neutral
10462,102798,4.0,3,3,Delivery partner was very polite.,Positive
10463,102520,5.0,5,4,Great food and fast delivery!,Positive
10464,118998,5.0,4,4,"Loved the taste, will order again.",Positive
10465,118031,4.0,5,5,Packaging was excellent and food was hot.,Positive
10466,102427,4.0,4,3,Amazing experience overall.,Positive
10467,106073,5.0,5,5,"Loved the taste, will order again.",Positive
10468,107151,5.0,5,5,"Loved the taste, will order again.",Positive
10469,109227,4.0,5,4,Packaging was excellent and food was hot.,Positive
10470,110406,3.0,4,3,Delivery was on time but food was mediocre.,Neutral
10471,110734,5.0,5,4,Great food and fast delivery!,Positive
10472,120411,4.0,4,4,Great food and fast delivery!,Positive
10473,101124,5.0,5,4,Best biryani in town!,Positive
10474,110784,3.0,4,3,,Neutral
10475,117005,5.0,5,5,Great food and fast delivery!,Positive
10476,106154,3.0,3,2,"Food was okay, nothing special.",Neutral
10477,116688,4.0,5,5,Packaging was excellent and food was hot.,Positive
10478,113472,5.0,4,5,Great food and fast delivery!,Positive
10479,111811,5.0,5,5,Best biryani in town!,Positive
10480,102257,2.0,2,3,Food arrived cold and late.,Negative
10481,100616,5.0,4,4,Amazing experience overall.,Positive
10482,108560,4.0,3,3,Great food and fast delivery!,Positive
10483,107864,5.0,5,5,"Loved the taste, will order again.",Positive
10484,119195,2.0,2,1,Wrong item delivered.,Negative
10485,104989,5.0,4,5,Great food and fast delivery!,Positive
10486,100664,2.0,3,2,Very disappointed with the service.,Negative
10487,115062,4.0,4,5,Great food and fast delivery!,Positive
10488,100351,4.0,5,3,Amazing experience overall.,Positive
10489,103439,3.0,2,3,Average experience.,Neutral
10490,114123,3.0,4,2,Delivery was on time but food was mediocre.,Neutral
10491,120494,3.0,3,3,Delivery was on time but food was mediocre.,Neutral
10492,114954,5.0,5,5,Packaging was excellent and food was hot.,Positive
10493,113558,5.0,5,4,Amazing experience overall.,Positive
10494,110835,5.0,4,4,Delivery partner was very polite.,Positive
10495,116967,5.0,5,5,Great food and fast delivery!,Positive
10496,108914,2.0,2,2,Order was incomplete.,Negative
10497,107233,5.0,5,5,Amazing experience overall.,Positive
10498,119820,2.0,1,1,Quality was not up to the mark.,Negative
10499,101363,1.0,1,1,Food arrived cold and late.,Negative
10500,104862,3.0,3,2,"Food was okay, nothing special.",Neutral
10501,117806,5.0,5,4,Amazing experience overall.,Positive
10502,101061,3.0,4,2,,Neutral
10503,117939,5.0,5,5,Best biryani in town!,Positive
10504,110202,5.0,5,5,Amazing experience overall.,Positive
10505,100073,3.0,3,3,Delivery was on time but food was mediocre.,Neutral
10506,109581,1.0,2,2,Order was incomplete.,Negative
10507,104794,1.0,1,2,Wrong item delivered.,Negative
10508,103814,3.0,2,2,Average experience.,Neutral
10509,118236,2.0,3,1,Delivery took way too long.,Negative
10510,106455,5.0,5,5,Best biryani in town!,Positive
10511,111576,2.0,2,1,,Negative
10512,103382,2.0,2,3,Delivery took way too long.,Negative
10513,115560,3.0,4,3,"Food was okay, nothing special.",Neutral
10514,112848,3.0,2,2,"Food was okay, nothing special.",Neutral
10515,102023,3.0,2,4,,Neutral
10516,110678,4.0,4,5,Best biryani in town!,Positive
10517,110450,3.0,2,4,,Neutral
10518,118665,5.0,4,5,Best biryani in town!,Positive
10519,101137,4.0,4,3,Best biryani in town!,Positive
10520,115069,3.0,3,4,,Neutral
10521,106010,5.0,4,4,Best biryani in town!,Positive
10522,105914,3.0,2,2,Average experience.,Neutral
10523,101908,2.0,1,2,Order was incomplete.,Negative
10524,102609,4.0,3,5,Delivery partner was very polite.,Positive
10525,119620,3.0,3,3,"Food was okay, nothing special.",Neutral
10526,101143,2.0,1,1,Very disappointed with the service.,Negative
10527,119260,2.0,3,1,Order was incomplete.,Negative
10528,110589,5.0,5,5,Amazing experience overall.,Positive
10529,101356,5.0,4,5,Great food and fast delivery!,Positive
10530,100492,5.0,5,5,Best biryani in town!,Positive
10531,104155,5.0,5,4,Amazing experience overall.,Positive
10532,101517,4.0,3,5,Great food and fast delivery!,Positive
10533,119411,5.0,5,5,Packaging was excellent and food was hot.,Positive
10534,111145,1.0,1,1,Order was incomplete.,Negative
10535,110141,5.0,5,5,"Loved the taste, will order again.",Positive
10536,114302,2.0,1,1,Wrong item delivered.,Negative
10537,105561,4.0,3,3,Packaging was excellent and food was hot.,Positive
10538,119762,5.0,4,5,Packaging was excellent and food was hot.,Positive
10539,110257,3.0,2,2,,Neutral
10540,119740,5.0,4,5,Amazing experience overall.,Positive
10541,101089,5.0,4,4,"Loved the taste, will order again.",Positive
10542,115164,4.0,3,4,Best biryani in town!,Positive
10543,116880,3.0,4,2,"Food was okay, nothing special.",Neutral
10544,106628,1.0,1,1,Food arrived cold and late.,Negative
10545,110372,2.0,2,3,Order was incomplete.,Negative
10546,110880,3.0,2,2,"Food was okay, nothing special.",Neutral
10547,105332,5.0,4,4,,Positive
10548,114789,2.0,2,1,Delivery took way too long.,Negative
10549,119415,3.0,2,4,Delivery was on time but food was mediocre.,Neutral
10550,105387,1.0,2,2,Order was incomplete.,Negative
10551,111536,4.0,4,4,Great food and fast delivery!,Positive
10552,106584,5.0,5,4,Great food and fast delivery!,Positive
10553,103164,4.0,3,4,Best biryani in town!,Positive
10554,117678,1.0,1,1,Wrong item delivered.,Negative
10555,117795,1.0,1,2,Very disappointed with the service.,Negative
10556,109434,2.0,1,3,Wrong item delivered.,Negative
10557,111960,4.0,4,3,Great food and fast delivery!,Positive
10558,108696,5.0,4,5,"Loved the taste, will order again.",Positive
10559,115513,3.0,4,3,Delivery was on time but food was mediocre.,Neutral
10560,104642,5.0,5,5,Packaging was excellent and food was hot.,Positive
10561,108657,4.0,3,5,Amazing experience overall.,Positive
10562,117365,5.0,5,5,,Positive
10563,104733,1.0,1,2,Quality was not up to the mark.,Negative
10564,112761,5.0,4,4,Great food and fast delivery!,Positive
10565,117880,3.0,2,3,"Food was okay, nothing special.",Neutral
10566,100703,2.0,3,3,Delivery took way too long.,Negative
10567,109573,2.0,1,2,Delivery took way too long.,Negative
10568,110188,1.0,1,2,Food arrived cold and late.,Negative
10569,102247,2.0,3,2,Quality was not up to the mark.,Negative
10570,113092,4.0,5,5,Delivery partner was very polite.,Positive
10571,105107,4.0,5,5,Great food and fast delivery!,Positive
10572,113997,4.0,3,5,Best biryani in town!,Positive
10573,118737,2.0,1,1,Very disappointed with the service.,Negative
10574,108031,5.0,5,5,Packaging was excellent and food was hot.,Positive
10575,107409,5.0,5,4,Great food and fast delivery!,Positive
10576,110859,5.0,4,5,Best biryani in town!,Positive
10577,114765,5.0,4,5,Packaging was excellent and food was hot.,Positive
10578,112691,4.0,4,3,Packaging was excellent and food was hot.,Positive
10579,104649,2.0,3,1,Quality was not up to the mark.,Negative
10580,109075,2.0,2,3,Food arrived cold and late.,Negative
10581,108733,4.0,5,4,Amazing experience overall.,Positive
10582,101525,4.0,3,4,Great food and fast delivery!,Positive
10583,100313,4.0,4,3,Great food and fast delivery!,Positive
10584,118671,5.0,5,4,Great food and fast delivery!,Positive
10585,108634,3.0,2,4,"Food was okay, nothing special.",Neutral
10586,116991,,2,1,Very disappointed with the service.,Negative
10587,103583,5.0,5,5,"Loved the taste, will order again.",Positive
10588,106497,4.0,4,5,Best biryani in town!,Positive
10589,107313,3.0,4,4,Average experience.,Neutral
10590,115889,4.0,5,5,Packaging was excellent and food was hot.,Positive
10591,104750,3.0,2,3,,Neutral
10592,111545,2.0,3,3,Quality was not up to the mark.,Negative
10593,112943,3.0,4,2,,Neutral
10594,114499,1.0,1,1,Order was incomplete.,Negative
10595,110855,3.0,2,2,,Neutral
10596,103339,3.0,4,2,,Neutral
10597,105520,5.0,5,5,"Loved the taste, will order again.",Positive
10598,103497,5.0,5,5,Delivery partner was very polite.,Positive
10599,111702,5.0,5,4,Best biryani in town!,Positive
10600,116623,5.0,5,5,Packaging was excellent and food was hot.,Positive
10601,100077,2.0,3,3,Delivery took way too long.,Negative
10602,120232,3.0,3,3,,Neutral
10603,107190,5.0,4,5,Best biryani in town!,Positive
10604,102731,2.0,1,2,Delivery took way too long.,Negative
10605,112017,5.0,5,5,Great food and fast delivery!,Positive
10606,116244,2.0,1,3,Wrong item delivered.,Negative
10607,109962,,4,4,Packaging was excellent and food was hot.,Positive
10608,110547,5.0,5,5,"Loved the taste, will order again.",Positive
10609,114593,5.0,5,4,Best biryani in town!,Positive
10610,104510,3.0,2,3,,Neutral
10611,103578,5.0,5,5,Great food and fast delivery!,Positive
10612,115120,5.0,5,5,,Positive
10613,111697,2.0,3,1,Delivery took way too long.,Negative
10614,119636,5.0,5,5,Packaging was excellent and food was hot.,Positive
10615,119701,4.0,5,3,Amazing experience overall.,Positive
10616,117304,2.0,1,2,Delivery took way too long.,Negative
10617,106496,2.0,3,3,Order was incomplete.,Negative
10618,102210,1.0,2,1,Delivery took way too long.,Negative
10619,102287,2.0,1,1,Quality was not up to the mark.,Negative
10620,104113,5.0,5,5,"Loved the taste, will order again.",Positive
10621,111651,3.0,4,4,,Neutral
10622,101516,5.0,5,5,"Loved the taste, will order again.",Positive
10623,118769,3.0,3,4,,Neutral
10624,107377,4.0,4,4,Packaging was excellent and food was hot.,Positive
10625,106341,3.0,3,4,Average experience.,Neutral
10626,106581,2.0,1,2,Delivery took way too long.,Negative
10627,118509,4.0,3,3,Great food and fast delivery!,Positive
10628,105413,4.0,5,3,Delivery partner was very polite.,Positive
10629,106478,2.0,1,2,Quality was not up to the mark.,Negative
10630,100693,5.0,4,5,"Loved the taste, will order again.",Positive
10631,106267,5.0,4,4,"Loved the taste, will order again.",Positive
10632,110957,2.0,1,2,Order was incomplete.,Negative
10633,101993,3.0,2,4,,Neutral
10634,119167,5.0,5,5,Best biryani in town!,Positive
10635,118971,4.0,3,5,Best biryani in town!,Positive
10636,106802,4.0,5,4,"Loved the taste, will order again.",Positive
10637,109868,4.0,3,3,Delivery partner was very polite.,Positive
10638,108508,4.0,3,3,Delivery partner was very polite.,Positive
10639,109202,5.0,4,5,Packaging was excellent and food was hot.,Positive
10640,101187,4.0,5,5,Amazing experience overall.,Positive
10641,109098,5.0,5,4,Best biryani in town!,Positive
10642,108852,4.0,3,3,Best biryani in town!,Positive
10643,108121,3.0,3,2,,Neutral
10644,110324,5.0,5,5,"Loved the taste, will order again.",Positive
10645,113772,5.0,5,5,Packaging was excellent and food was hot.,Positive
10646,115337,3.0,4,3,Average experience.,Neutral
10647,111102,5.0,5,5,Packaging was excellent and food was hot.,Positive
10648,112162,2.0,1,1,Quality was not up to the mark.,Negative
10649,117156,3.0,2,3,Delivery was on time but food was mediocre.,Neutral
10650,100346,5.0,5,5,Amazing experience overall.,Positive
10651,109006,5.0,4,5,Best biryani in town!,Positive
10652,106757,3.0,4,4,,Neutral
10653,113212,5.0,5,5,Delivery partner was very polite.,Positive
10654,103500,5.0,5,5,Amazing experience overall.,Positive
10655,119445,5.0,4,4,Amazing experience overall.,Positive
10656,115517,3.0,4,3,,Neutral
10657,105442,4.0,3,3,Best biryani in town!,Positive
10658,104586,3.0,3,3,Delivery was on time but food was mediocre.,Neutral
10659,101617,4.0,3,4,Packaging was excellent and food was hot.,Positive
10660,102791,2.0,2,2,Very disappointed with the service.,Negative
10661,109842,2.0,1,2,Delivery took way too long.,Negative
10662,102925,4.0,4,4,Delivery partner was very polite.,Positive
10663,100822,5.0,5,5,Delivery partner was very polite.,Positive
10664,116695,2.0,3,1,Food arrived cold and late.,Negative
10665,114337,2.0,2,3,Very disappointed with the service.,Negative
10666,106156,2.0,2,1,Quality was not up to the mark.,Negative
10667,115730,4.0,4,5,Packaging was excellent and food was hot.,Positive
10668,109826,4.0,5,4,,Positive
10669,104047,4.0,4,3,Great food and fast delivery!,Positive
10670,105545,5.0,5,5,Delivery partner was very polite.,Positive
10671,116099,5.0,4,5,Packaging was excellent and food was hot.,Positive
10672,117560,5.0,5,5,"Loved the taste, will order again.",Positive
10673,112734,4.0,5,5,Best biryani in town!,Positive
10674,104721,2.0,2,3,Food arrived cold and late.,Negative
10675,116077,4.0,4,3,Amazing experience overall.,Positive
10676,119667,4.0,4,4,Amazing experience overall.,Positive
10677,101318,5.0,5,4,Best biryani in town!,Positive
10678,100779,2.0,3,1,Quality was not up to the mark.,Negative
10679,108978,4.0,4,4,Packaging was excellent and food was hot.,Positive
10680,107947,3.0,2,4,,Neutral
10681,113667,5.0,4,5,Amazing experience overall.,Positive
10682,116644,4.0,4,4,Delivery partner was very polite.,Positive
10683,106792,5.0,5,4,Amazing experience overall.,Positive
10684,109337,1.0,2,2,Quality was not up to the mark.,Negative
10685,109586,2.0,1,1,Very disappointed with the service.,Negative
10686,101158,5.0,4,5,,Positive
10687,100966,4.0,4,4,Packaging was excellent and food was hot.,Positive
10688,109373,2.0,3,1,Wrong item delivered.,Negative
10689,117056,5.0,4,5,Delivery partner was very polite.,Positive
10690,100929,4.0,3,4,Delivery partner was very polite.,Positive
10691,103020,2.0,1,2,Order was incomplete.,Negative
10692,106072,4.0,3,3,Best biryani in town!,Positive
10693,105066,5.0,5,5,Delivery partner was very polite.,Positive
10694,111849,5.0,5,5,Amazing experience overall.,Positive
10695,115798,3.0,2,4,"Food was okay, nothing special.",Neutral
10696,106219,4.0,5,3,Great food and fast delivery!,Positive
10697,101725,3.0,4,4,,Neutral
10698,107462,2.0,2,2,Wrong item delivered.,Negative
10699,101947,3.0,2,4,Delivery was on time but food was mediocre.,Neutral
10700,104124,1.0,2,1,Very disappointed with the service.,Negative
10701,105455,5.0,5,5,"Loved the taste, will order again.",Positive
10702,117030,4.0,3,4,Best biryani in town!,Positive
10703,119239,5.0,5,4,Best biryani in town!,Positive
10704,117971,4.0,3,3,Great food and fast delivery!,Positive
10705,106195,4.0,4,3,Best biryani in town!,Positive
10706,109454,4.0,3,3,Best biryani in town!,Positive
10707,102781,,3,1,Quality was not up to the mark.,Negative
10708,105170,5.0,5,5,"Loved the taste, will order again.",Positive
10709,103709,3.0,3,4,Delivery was on time but food was mediocre.,Neutral
10710,104026,5.0,4,5,Amazing experience overall.,Positive
10711,101656,5.0,4,5,Great food and fast delivery!,Positive
10712,101410,5.0,4,4,Best biryani in town!,Positive
10713,110519,5.0,5,4,Best biryani in town!,Positive
10714,117680,4.0,5,3,Best biryani in town!,Positive
10715,107623,5.0,4,5,Delivery partner was very polite.,Positive
10716,117561,2.0,1,2,Quality was not up to the mark.,Negative
10717,113298,1.0,1,2,Order was incomplete.,Negative
10718,117621,5.0,5,5,Amazing experience overall.,Positive
10719,105544,4.0,3,4,Great food and fast delivery!,Positive
10720,116207,5.0,4,5,Delivery partner was very polite.,Positive
10721,108537,2.0,2,3,Delivery took way too long.,Negative
10722,114834,5.0,5,5,"Loved the taste, will order again.",Positive
10723,114896,5.0,4,5,Delivery partner was very polite.,Positive
10724,102796,2.0,1,1,Order was incomplete.,Negative
10725,112080,3.0,3,4,"Food was okay, nothing special.",Neutral
10726,110433,5.0,4,5,Delivery partner was very polite.,Positive
10727,119540,3.0,3,4,Delivery was on time but food was mediocre.,Neutral
10728,104130,4.0,3,4,Packaging was excellent and food was hot.,Positive
10729,113976,5.0,4,5,Packaging was excellent and food was hot.,Positive
10730,116924,5.0,5,4,"Loved the taste, will order again.",Positive
10731,107723,5.0,5,5,Best biryani in town!,Positive
10732,117259,5.0,7,5,Amazing experience overall.,Positive
10733,112953,3.0,2,3,Average experience.,Neutral
10734,100447,5.0,5,4,Delivery partner was very polite.,Positive
10735,114109,5.0,5,4,Packaging was excellent and food was hot.,Positive
10736,117747,5.0,5,5,"Loved the taste, will order again.",Positive
10737,115070,5.0,4,5,Packaging was excellent and food was hot.,Positive
10738,118826,5.0,4,4,Amazing experience overall.,Positive
10739,105077,2.0,1,3,Order was incomplete.,Negative
10740,117518,5.0,4,4,Delivery partner was very polite.,Positive
10741,116159,4.0,3,4,Best biryani in town!,Positive
10742,115310,5.0,5,4,Best biryani in town!,Positive
10743,107193,5.0,4,4,Great food and fast delivery!,Positive
10744,109200,5.0,4,4,Amazing experience overall.,Positive
10745,109245,5.0,4,5,Packaging was excellent and food was hot.,Positive
10746,101546,4.0,3,3,Amazing experience overall.,Positive
10747,101875,4.0,3,5,Amazing experience overall.,Positive
10748,117012,5.0,5,5,"Loved the taste, will order again.",Positive
10749,107252,3.0,3,2,Delivery was on time but food was mediocre.,Neutral
10750,115141,5.0,4,5,Best biryani in town!,Positive
10751,116773,4.0,5,4,Best biryani in town!,Positive
10752,109128,5.0,4,4,Great food and fast delivery!,Positive
10753,108129,1.0,1,1,Delivery took way too long.,Negative
10754,103154,5.0,4,5,Packaging was excellent and food was hot.,Positive
10755,110521,5.0,4,4,Packaging was excellent and food was hot.,Positive
10756,101502,5.0,5,4,Great food and fast delivery!,Positive
10757,116377,5.0,5,4,"Loved the taste, will order again.",Positive
10758,101946,5.0,5,4,Best biryani in town!,Positive
10759,119054,3.0,2,3,Average experience.,Neutral
10760,101847,4.0,4,4,Delivery partner was very polite.,Positive
10761,101193,3.0,4,2,,Neutral
10762,117842,4.0,4,3,Amazing experience overall.,Positive
10763,105759,5.0,5,5,Great food and fast delivery!,Positive
10764,110640,5.0,5,5,Amazing experience overall.,Positive
10765,102096,1.0,1,2,Very disappointed with the service.,Negative
10766,119395,5.0,5,5,Delivery partner was very polite.,Positive
10767,104050,2.0,1,1,Food arrived cold and late.,Negative
10768,115536,2.0,1,1,Wrong item delivered.,Negative
10769,107773,5.0,5,5,Delivery partner was very polite.,Positive
10770,120333,5.0,4,5,Packaging was excellent and food was hot.,Positive
10771,116474,5.0,5,4,Amazing experience overall.,Positive
10772,114930,2.0,1,2,Order was incomplete.,Negative
10773,106675,5.0,4,4,Best biryani in town!,Positive
10774,109936,5.0,5,5,Delivery partner was very polite.,Positive
10775,109618,4.0,3,3,Packaging was excellent and food was hot.,Positive
10776,111216,4.0,4,3,Packaging was excellent and food was hot.,Positive
10777,107276,4.0,5,4,Packaging was excellent and food was hot.,Positive
10778,101923,3.0,2,3,"Food was okay, nothing special.",Neutral
10779,114978,5.0,5,5,Great food and fast delivery!,Positive
10780,119702,4.0,3,5,Delivery partner was very polite.,Positive
10781,100787,2.0,1,3,Delivery took way too long.,Negative
10782,119362,5.0,4,5,,Positive
10783,117113,3.0,4,4,Average experience.,Neutral
10784,106015,1.0,1,2,Wrong item delivered.,Negative
10785,105112,5.0,4,5,Delivery partner was very polite.,Positive
10786,111243,5.0,5,5,Packaging was excellent and food was hot.,Positive
10787,111289,4.0,4,4,Amazing experience overall.,Positive
10788,102553,5.0,5,4,Delivery partner was very polite.,Positive
10789,111875,5.0,4,5,Amazing experience overall.,Positive
10790,108857,2.0,3,2,Wrong item delivered.,Negative
10791,104765,5.0,5,4,Best biryani in town!,Positive
10792,113215,1.0,2,1,Quality was not up to the mark.,Negative
10793,101180,5.0,4,5,Best biryani in town!,Positive
10794,102252,3.0,4,3,Average experience.,Neutral
10795,116313,5.0,5,4,Best biryani in town!,Positive
10796,100791,1.0,1,2,Quality was not up to the mark.,Negative
10797,111467,5.0,5,5,Packaging was excellent and food was hot.,Positive
10798,104800,3.0,3,4,Average experience.,Neutral
10799,101897,5.0,5,5,Great food and fast delivery!,Positive
10800,118446,5.0,4,5,Amazing experience overall.,Positive
10801,100641,4.0,4,5,Delivery partner was very polite.,Positive
10802,112579,2.0,3,1,Order was incomplete.,Negative
10803,115872,3.0,4,3,,Neutral
10804,103151,1.0,1,2,Quality was not up to the mark.,Negative
10805,108866,3.0,4,3,,Neutral
10806,103420,3.0,4,3,Delivery was on time but food was mediocre.,Neutral
10807,110741,5.0,5,5,Great food and fast delivery!,Positive
10808,113163,4.0,5,4,Great food and fast delivery!,Positive
10809,105172,4.0,4,3,Packaging was excellent and food was hot.,Positive
10810,102087,4.0,4,3,Great food and fast delivery!,Positive
10811,114670,5.0,5,4,Packaging was excellent and food was hot.,Positive
10812,108735,,1,2,,Negative
10813,119923,5.0,5,5,Best biryani in town!,Positive
10814,102862,1.0,1,1,Delivery took way too long.,Negative
10815,105521,3.0,3,4,"Food was okay, nothing special.",Neutral
10816,108888,2.0,3,3,Wrong item delivered.,Negative
10817,109367,2.0,1,2,Food arrived cold and late.,Negative
10818,110778,5.0,5,5,"Loved the taste, will order again.",Positive
10819,104082,4.0,3,3,Delivery partner was very polite.,Positive
10820,109117,5.0,4,5,Delivery partner was very polite.,Positive
10821,117306,2.0,1,1,Quality was not up to the mark.,Negative
10822,101273,5.0,4,5,Best biryani in town!,Positive
10823,112685,4.0,5,3,Best biryani in town!,Positive
10824,117768,2.0,2,3,Quality was not up to the mark.,Negative
10825,117221,4.0,4,3,"Loved the taste, will order again.",Positive
10826,110279,3.0,3,3,,Neutral
10827,115493,2.0,1,1,Delivery took way too long.,Negative
10828,102672,1.0,2,1,Wrong item delivered.,Negative
10829,114666,3.0,2,3,Delivery was on time but food was mediocre.,Neutral
10830,111718,1.0,1,1,Delivery took way too long.,Negative
10831,101107,2.0,1,1,Order was incomplete.,Negative
10832,113158,3.0,3,3,,Neutral
10833,109591,3.0,3,4,,Neutral
10834,110846,5.0,4,5,Delivery partner was very polite.,Positive
10835,100015,3.0,4,2,Average experience.,Neutral
10836,101477,2.0,2,1,Delivery took way too long.,Negative
10837,115223,3.0,4,2,Delivery was on time but food was mediocre.,Neutral
10838,119066,,1,1,Delivery took way too long.,Negative
10839,117848,5.0,5,4,Great food and fast delivery!,Positive
10840,111394,2.0,2,1,Food arrived cold and late.,Negative
10841,113413,3.0,3,2,Average experience.,Neutral
10842,104363,5.0,5,5,Best biryani in town!,Positive
10843,111234,3.0,2,2,Delivery was on time but food was mediocre.,Neutral
10844,116874,4.0,3,3,Packaging was excellent and food was hot.,Positive
10845,103970,3.0,2,3,Average experience.,Neutral
10846,100148,3.0,4,3,"Food was okay, nothing special.",Neutral
10847,113056,3.0,2,3,,Neutral
10848,112319,4.0,5,4,Great food and fast delivery!,Positive
10849,114002,3.0,3,4,"Food was okay, nothing special.",Neutral
10850,108504,4.0,4,5,Amazing experience overall.,Positive
10851,116763,4.0,5,3,"Loved the taste, will order again.",Positive
10852,105421,1.0,2,1,Order was incomplete.,Negative
10853,118184,5.0,5,4,Packaging was excellent and food was hot.,Positive
10854,111900,2.0,1,1,Quality was not up to the mark.,Negative
10855,120107,2.0,1,2,Quality was not up to the mark.,Negative
10856,107172,2.0,3,2,Wrong item delivered.,Negative
10857,110333,5.0,5,4,Packaging was excellent and food was hot.,Positive
10858,120285,3.0,4,4,,Neutral
10859,107492,3.0,4,4,Average experience.,Neutral
10860,100877,5.0,4,5,"Loved the taste, will order again.",Positive
10861,104438,5.0,5,5,Amazing experience overall.,Positive
10862,119698,3.0,3,4,"Food was okay, nothing special.",Neutral
10863,112817,2.0,1,1,Order was incomplete.,Negative
10864,106502,5.0,5,5,,Positive
10865,109100,5.0,4,5,Great food and fast delivery!,Positive
10866,115529,5.0,5,4,Packaging was excellent and food was hot.,Positive
10867,106107,4.0,5,3,Amazing experience overall.,Positive
10868,112619,2.0,1,3,Order was incomplete.,Negative
10869,109089,5.0,5,5,"Loved the taste, will order again.",Positive
10870,100533,5.0,4,5,Packaging was excellent and food was hot.,Positive
10871,119726,3.0,2,2,,Neutral
10872,102075,5.0,5,4,Great food and fast delivery!,Positive
10873,113528,5.0,4,4,Best biryani in town!,Positive
10874,114320,1.0,1,1,Very disappointed with the service.,Negative
10875,102938,5.0,4,5,Great food and fast delivery!,Positive
10876,102544,5.0,4,5,Great food and fast delivery!,Positive
10877,101118,5.0,5,4,Packaging was excellent and food was hot.,Positive
10878,103141,4.0,5,4,Delivery partner was very polite.,Positive
10879,110669,5.0,4,4,Best biryani in town!,Positive
10880,117101,4.0,3,5,"Loved the taste, will order again.",Positive
10881,104994,1.0,1,1,Food arrived cold and late.,Negative
10882,113931,4.0,3,3,Amazing experience overall.,Positive
10883,102416,3.0,4,2,"Food was okay, nothing special.",Neutral
10884,112144,3.0,4,4,Delivery was on time but food was mediocre.,Neutral
10885,114881,3.0,2,2,,Neutral
10886,117856,5.0,5,4,Great food and fast delivery!,Positive
10887,102025,5.0,4,5,Great food and fast delivery!,Positive
10888,112868,4.0,3,5,Great food and fast delivery!,Positive
10889,101880,4.0,4,5,Delivery partner was very polite.,Positive
10890,110756,5.0,4,5,Best biryani in town!,Positive
10891,108359,3.0,4,4,,Neutral
10892,112931,1.0,2,1,Quality was not up to the mark.,Negative
10893,117466,2.0,3,3,Food arrived cold and late.,Negative
10894,119249,5.0,5,5,Amazing experience overall.,Positive
10895,116570,3.0,3,4,Average experience.,Neutral
10896,109772,5.0,5,5,Amazing experience overall.,Positive
10897,108326,5.0,4,4,Delivery partner was very polite.,Positive
10898,107948,1.0,1,1,Quality was not up to the mark.,Negative
10899,109443,5.0,5,5,,Positive
10900,116948,3.0,3,4,Delivery was on time but food was mediocre.,Neutral
10901,107565,5.0,4,5,Packaging was excellent and food was hot.,Positive
10902,103064,5.0,5,5,Amazing experience overall.,Positive
10903,107997,1.0,2,1,Wrong item delivered.,Negative
10904,111887,4.0,3,5,"Loved the taste, will order again.",Positive
10905,119403,3.0,3,4,,Neutral
10906,113877,3.0,2,4,Delivery was on time but food was mediocre.,Neutral
10907,113884,3.0,7,3,,Neutral
10908,114206,5.0,4,5,Amazing experience overall.,Positive
10909,102240,,5,5,Great food and fast delivery!,Positive
10910,119768,5.0,4,4,Packaging was excellent and food was hot.,Positive
10911,112656,3.0,4,4,Average experience.,Neutral
10912,101024,5.0,5,5,Amazing experience overall.,Positive
10913,120073,1.0,2,1,Delivery took way too long.,Negative
10914,105936,5.0,5,4,Delivery partner was very polite.,Positive
10915,107395,3.0,3,4,"Food was okay, nothing special.",Neutral
10916,105342,1.0,1,1,Delivery took way too long.,Negative
10917,102086,5.0,5,5,Amazing experience overall.,Positive
10918,112305,5.0,4,5,Packaging was excellent and food was hot.,Positive
10919,113353,5.0,4,5,"Loved the taste, will order again.",Positive
10920,104960,5.0,5,4,"Loved the taste, will order again.",Positive
10921,117674,5.0,5,5,"Loved the taste, will order again.",Positive
10922,103037,5.0,5,5,Great food and fast delivery!,Positive
10923,100345,1.0,1,1,Wrong item delivered.,Negative
10924,113419,5.0,5,5,Best biryani in town!,Positive
10925,111647,2.0,3,3,Quality was not up to the mark.,Negative
10926,118662,4.0,5,5,Packaging was excellent and food was hot.,Positive
10927,120425,4.0,4,3,Delivery partner was very polite.,Positive
10928,111287,3.0,4,3,Delivery was on time but food was mediocre.,Neutral
10929,113935,4.0,4,5,Amazing experience overall.,Positive
10930,102767,5.0,5,5,Great food and fast delivery!,Positive
10931,103283,3.0,2,2,Delivery was on time but food was mediocre.,Neutral
10932,113259,4.0,5,3,Great food and fast delivery!,Positive
10933,100079,3.0,3,2,Average experience.,Neutral
10934,107610,3.0,3,2,,Neutral
10935,116821,3.0,4,4,,Neutral
10936,103040,2.0,2,1,Order was incomplete.,Negative
10937,105176,3.0,2,4,"Food was okay, nothing special.",Neutral
10938,105804,5.0,4,5,Amazing experience overall.,Positive
10939,113506,5.0,4,5,"Loved the taste, will order again.",Positive
10940,114388,5.0,5,4,Delivery partner was very polite.,Positive
10941,110553,4.0,5,5,Delivery partner was very polite.,Positive
10942,113451,5.0,5,5,Best biryani in town!,Positive
10943,107184,5.0,5,5,Packaging was excellent and food was hot.,Positive
10944,101421,5.0,5,5,Packaging was excellent and food was hot.,Positive
10945,114822,5.0,5,4,"Loved the taste, will order again.",Positive
10946,105462,2.0,1,3,Delivery took way too long.,Negative
10947,117683,2.0,1,2,Wrong item delivered.,Negative
10948,106931,4.0,6,5,Amazing experience overall.,Positive
10949,120104,5.0,5,5,"Loved the taste, will order again.",Positive
10950,118410,4.0,3,4,Packaging was excellent and food was hot.,Positive
10951,105903,2.0,1,1,Order was incomplete.,Negative
10952,114565,2.0,1,1,Wrong item delivered.,Negative
10953,120424,1.0,1,1,Delivery took way too long.,Negative
10954,110432,3.0,4,3,Delivery was on time but food was mediocre.,Neutral
10955,104146,3.0,3,3,Delivery was on time but food was mediocre.,Neutral
10956,100724,5.0,5,4,Amazing experience overall.,Positive
10957,106339,5.0,5,4,Packaging was excellent and food was hot.,Positive
10958,114699,5.0,4,5,Great food and fast delivery!,Positive
10959,100506,3.0,3,3,Average experience.,Neutral
10960,112881,3.0,3,2,Delivery was on time but food was mediocre.,Neutral
10961,114636,3.0,3,2,Delivery was on time but food was mediocre.,Neutral
10962,103571,5.0,4,5,Packaging was excellent and food was hot.,Positive
10963,118072,5.0,4,5,Great food and fast delivery!,Positive
10964,115650,5.0,5,4,Great food and fast delivery!,Positive
10965,104030,4.0,5,4,,Positive
10966,115009,5.0,4,4,Amazing experience overall.,Positive
10967,111149,5.0,4,5,Amazing experience overall.,Positive
10968,115341,5.0,5,5,Best biryani in town!,Positive
10969,100372,3.0,3,4,Average experience.,Neutral
10970,111425,4.0,3,3,"Loved the taste, will order again.",Positive
10971,119033,2.0,1,2,Delivery took way too long.,Negative
10972,114756,3.0,2,3,Delivery was on time but food was mediocre.,Neutral
10973,100896,4.0,5,3,Amazing experience overall.,Positive
10974,112668,5.0,4,4,Great food and fast delivery!,Positive
10975,115169,4.0,5,3,Best biryani in town!,Positive
10976,103602,5.0,5,4,Packaging was excellent and food was hot.,Positive
10977,119055,1.0,2,1,Very disappointed with the service.,Negative
10978,109893,4.0,5,5,"Loved the taste, will order again.",Positive
10979,105438,1.0,1,1,Wrong item delivered.,Negative
10980,100106,5.0,5,5,Packaging was excellent and food was hot.,Positive
10981,112412,2.0,2,1,Quality was not up to the mark.,Negative
10982,116634,4.0,5,3,Amazing experience overall.,Positive
10983,113003,3.0,2,3,,Neutral
10984,118953,2.0,1,3,Wrong item delivered.,Negative
10985,117278,4.0,5,3,Amazing experience overall.,Positive
10986,119360,3.0,2,3,"Food was okay, nothing special.",Neutral
10987,108637,,2,1,Quality was not up to the mark.,Negative
10988,101975,5.0,4,5,"Loved the taste, will order again.",Positive
10989,103573,5.0,4,4,Great food and fast delivery!,Positive
10990,112367,5.0,5,4,"Loved the taste, will order again.",Positive
10991,101800,4.0,4,3,"Loved the taste, will order again.",Positive
10992,110787,1.0,1,1,Delivery took way too long.,Negative
10993,102102,5.0,5,5,Amazing experience overall.,Positive
10994,102201,5.0,5,5,Amazing experience overall.,Positive
10995,118995,5.0,5,5,Delivery partner was very polite.,Positive
10996,107039,5.0,5,4,"Loved the taste, will order again.",Positive
10997,119321,5.0,5,5,Great food and fast delivery!,Positive
10998,114979,4.0,3,3,Delivery partner was very polite.,Positive
10999,107287,3.0,4,4,,Neutral
11000,116480,5.0,5,5,Great food and fast delivery!,Positive
11001,104884,4.0,4,4,Delivery partner was very polite.,Positive
11002,103569,2.0,1,1,Delivery took way too long.,Negative
11003,111878,5.0,5,4,Great food and fast delivery!,Positive
11004,114463,4.0,4,3,Delivery partner was very polite.,Positive
11005,107920,3.0,3,2,,Neutral
11006,119427,1.0,1,2,Quality was not up to the mark.,Negative
11007,105984,5.0,5,5,Great food and fast delivery!,Positive
11008,118124,5.0,4,5,Packaging was excellent and food was hot.,Positive
11009,108232,,3,4,Amazing experience overall.,Positive
11010,116600,1.0,1,2,,Negative
11011,109737,3.0,2,2,"Food was okay, nothing special.",Neutral
11012,118310,2.0,1,3,,Negative
11013,119521,1.0,1,1,Very disappointed with the service.,Negative
11014,107370,4.0,3,5,Delivery partner was very polite.,Positive
11015,115183,3.0,2,2,,Neutral
11016,103625,3.0,3,4,Average experience.,Neutral
11017,108355,5.0,5,5,Great food and fast delivery!,Positive
11018,113005,5.0,4,5,Amazing experience overall.,Positive
11019,100789,4.0,5,3,Amazing experience overall.,Positive
11020,111014,5.0,4,5,"Loved the taste, will order again.",Positive
11021,101553,4.0,5,5,Packaging was excellent and food was hot.,Positive
11022,113866,3.0,4,2,"Food was okay, nothing special.",Neutral
11023,120381,5.0,5,4,Great food and fast delivery!,Positive
11024,100702,4.0,3,5,Amazing experience overall.,Positive
11025,102967,3.0,3,3,,Neutral
11026,109531,5.0,4,5,Great food and fast delivery!,Positive
11027,119672,1.0,2,2,Food arrived cold and late.,Negative
11028,102441,3.0,2,3,,Neutral
11029,100784,3.0,3,2,"Food was okay, nothing special.",Neutral
11030,108256,3.0,2,3,,Neutral
11031,117615,4.0,3,4,Great food and fast delivery!,Positive
11032,115973,3.0,2,3,Average experience.,Neutral
11033,114247,4.0,4,5,"Loved the taste, will order again.",Positive
11034,116959,1.0,9,1,Order was incomplete.,Negative
11035,111538,,2,3,Average experience.,Neutral
11036,110667,5.0,5,5,"Loved the taste, will order again.",Positive
11037,120054,5.0,5,5,Best biryani in town!,Positive
11038,112735,2.0,1,2,Delivery took way too long.,Negative
11039,104602,3.0,3,3,Average experience.,Neutral
11040,113819,5.0,5,5,Best biryani in town!,Positive
11041,107643,3.0,4,3,Average experience.,Neutral
11042,115182,4.0,5,4,Packaging was excellent and food was hot.,Positive
11043,118849,5.0,5,4,Amazing experience overall.,Positive
11044,110757,5.0,4,4,Amazing experience overall.,Positive
11045,108251,5.0,4,5,Amazing experience overall.,Positive
11046,106564,4.0,4,4,Amazing experience overall.,Positive
11047,113551,3.0,3,3,,Neutral
11048,106699,5.0,4,4,Great food and fast delivery!,Positive
11049,100458,5.0,5,4,,Positive
11050,113140,3.0,3,3,Average experience.,Neutral
11051,115374,3.0,3,4,Delivery was on time but food was mediocre.,Neutral
11052,112694,2.0,1,2,Food arrived cold and late.,Negative
11053,110760,3.0,4,4,,Neutral
11054,115381,5.0,5,5,Best biryani in town!,Positive
11055,118768,3.0,4,4,Delivery was on time but food was mediocre.,Neutral
11056,107604,3.0,3,2,"Food was okay, nothing special.",Neutral
11057,105278,5.0,5,4,"Loved the taste, will order again.",Positive
11058,119369,5.0,4,4,Great food and fast delivery!,Positive
11059,110538,5.0,5,4,"Loved the taste, will order again.",Positive
11060,113541,3.0,2,2,,Neutral
11061,111018,2.0,2,3,Quality was not up to the mark.,Negative
11062,102402,3.0,4,3,Delivery was on time but food was mediocre.,Neutral
11063,119476,4.0,5,5,Best biryani in town!,Positive
11064,101942,2.0,1,3,Food arrived cold and late.,Negative
11065,100538,4.0,4,5,Great food and fast delivery!,Positive
11066,100427,2.0,2,2,Delivery took way too long.,Negative
11067,110794,2.0,2,3,Wrong item delivered.,Negative
11068,101501,1.0,1,1,Food arrived cold and late.,Negative
11069,106975,5.0,5,4,"Loved the taste, will order again.",Positive
11070,101851,5.0,5,5,Best biryani in town!,Positive
11071,103120,5.0,5,5,Amazing experience overall.,Positive
11072,115741,2.0,3,3,Wrong item delivered.,Negative
11073,107688,1.0,1,1,Order was incomplete.,Negative
11074,101123,3.0,3,4,Delivery was on time but food was mediocre.,Neutral
11075,104591,1.0,1,1,Delivery took way too long.,Negative
11076,113861,5.0,5,4,"Loved the taste, will order again.",Positive
11077,112461,2.0,3,3,Wrong item delivered.,Negative
11078,115827,1.0,1,1,Quality was not up to the mark.,Negative
11079,101249,5.0,4,5,Delivery partner was very polite.,Positive
11080,100008,2.0,1,3,Order was incomplete.,Negative
11081,114328,4.0,5,5,Amazing experience overall.,Positive
11082,118923,2.0,1,2,Food arrived cold and late.,Negative
11083,118735,4.0,4,3,Packaging was excellent and food was hot.,Positive
11084,118116,2.0,1,2,Food arrived cold and late.,Negative
11085,100196,4.0,5,5,"Loved the taste, will order again.",Positive
11086,101133,5.0,5,4,Great food and fast delivery!,Positive
11087,106146,5.0,5,4,Great food and fast delivery!,Positive
11088,113035,3.0,2,2,,Neutral
11089,112134,3.0,3,3,Average experience.,Neutral
11090,113588,5.0,4,5,"Loved the taste, will order again.",Positive
11091,115007,5.0,4,5,"Loved the taste, will order again.",Positive
11092,105703,5.0,5,5,"Loved the taste, will order again.",Positive
11093,101408,5.0,4,4,Delivery partner was very polite.,Positive
11094,100384,4.0,4,5,"Loved the taste, will order again.",Positive
11095,110349,3.0,2,3,"Food was okay, nothing special.",Neutral
11096,113227,2.0,2,3,Wrong item delivered.,Negative
11097,101271,3.0,2,3,"Food was okay, nothing special.",Neutral
11098,114420,5.0,5,5,Amazing experience overall.,Positive
11099,102665,1.0,1,1,Wrong item delivered.,Negative
11100,111076,3.0,3,3,Average experience.,Neutral
11101,111365,5.0,5,4,Amazing experience overall.,Positive
11102,114252,5.0,4,5,Great food and fast delivery!,Positive
11103,109676,5.0,5,5,Packaging was excellent and food was hot.,Positive
11104,115822,5.0,4,5,Great food and fast delivery!,Positive
11105,107199,3.0,4,2,,Neutral
11106,120492,2.0,3,3,Food arrived cold and late.,Negative
11107,101211,3.0,2,3,"Food was okay, nothing special.",Neutral
11108,112129,5.0,4,5,Amazing experience overall.,Positive
11109,115159,,4,5,Best biryani in town!,Positive
11110,108042,4.0,4,5,Best biryani in town!,Positive
11111,113593,3.0,4,3,Delivery was on time but food was mediocre.,Neutral
11112,114635,3.0,2,3,,Neutral
11113,115088,2.0,1,3,Very disappointed with the service.,Negative
11114,100650,1.0,2,2,Delivery took way too long.,Negative
11115,100173,5.0,5,4,Great food and fast delivery!,Positive
11116,108784,3.0,2,4,Average experience.,Neutral
11117,104108,3.0,4,4,Average experience.,Neutral
11118,109002,2.0,2,2,Quality was not up to the mark.,Negative
11119,117275,2.0,3,3,Wrong item delivered.,Negative
11120,100213,4.0,4,5,Amazing experience overall.,Positive
11121,113384,5.0,5,4,Best biryani in town!,Positive
11122,115067,4.0,4,5,Delivery partner was very polite.,Positive
11123,119398,1.0,1,2,Food arrived cold and late.,Negative
11124,111682,1.0,1,2,Quality was not up to the mark.,Negative
11125,108968,4.0,4,4,Best biryani in town!,Positive
11126,106735,1.0,1,2,Food arrived cold and late.,Negative
11127,106243,5.0,5,5,Great food and fast delivery!,Positive
11128,101243,1.0,1,1,Very disappointed with the service.,Negative
11129,106165,3.0,4,3,,Neutral
11130,114888,3.0,3,3,Delivery was on time but food was mediocre.,Neutral
11131,113693,3.0,4,2,,Neutral
11132,119862,5.0,5,5,Great food and fast delivery!,Positive
11133,102190,1.0,2,2,Very disappointed with the service.,Negative
11134,113213,3.0,2,3,"Food was okay, nothing special.",Neutral
11135,106618,4.0,4,5,Best biryani in town!,Positive
11136,117931,2.0,3,3,Quality was not up to the mark.,Negative
11137,114051,2.0,3,1,Food arrived cold and late.,Negative
11138,112721,5.0,4,5,Amazing experience overall.,Positive
11139,114055,1.0,1,2,Order was incomplete.,Negative
11140,109311,3.0,4,4,Delivery was on time but food was mediocre.,Neutral
11141,111010,2.0,1,3,Quality was not up to the mark.,Negative
11142,114653,5.0,4,4,Amazing experience overall.,Positive
11143,107303,5.0,5,4,Amazing experience overall.,Positive
11144,114851,5.0,5,5,Packaging was excellent and food was hot.,Positive
11145,108061,4.0,5,3,Delivery partner was very polite.,Positive
11146,108977,3.0,2,2,Delivery was on time but food was mediocre.,Neutral
11147,110181,3.0,3,3,Delivery was on time but food was mediocre.,Neutral
11148,105741,3.0,4,3,Average experience.,Neutral
11149,108385,1.0,1,2,Delivery took way too long.,Negative
11150,108898,4.0,4,4,"Loved the taste, will order again.",Positive
11151,118830,5.0,5,5,Delivery partner was very polite.,Positive
11152,103476,2.0,2,2,Very disappointed with the service.,Negative
11153,100254,1.0,1,1,Very disappointed with the service.,Negative
11154,118668,5.0,4,5,Delivery partner was very polite.,Positive
11155,118922,3.0,3,2,,Neutral
11156,106709,1.0,2,1,Wrong item delivered.,Negative
11157,119111,2.0,1,3,Quality was not up to the mark.,Negative
11158,107079,4.0,3,3,Great food and fast delivery!,Positive
11159,109645,5.0,5,5,"Loved the taste, will order again.",Positive
11160,117899,2.0,2,2,Order was incomplete.,Negative
11161,113310,4.0,3,5,"Loved the taste, will order again.",Positive
11162,105157,5.0,4,4,Delivery partner was very polite.,Positive
11163,101687,1.0,2,1,Order was incomplete.,Negative
11164,105704,2.0,3,1,Wrong item delivered.,Negative
11165,111871,1.0,2,1,Quality was not up to the mark.,Negative
11166,109930,5.0,5,4,Delivery partner was very polite.,Positive
11167,108590,2.0,1,1,Quality was not up to the mark.,Negative
11168,114284,2.0,3,2,Order was incomplete.,Negative
11169,117367,2.0,2,2,Very disappointed with the service.,Negative
11170,117893,3.0,2,3,Delivery was on time but food was mediocre.,Neutral
11171,115930,5.0,4,4,Amazing experience overall.,Positive
11172,101762,5.0,5,5,"Loved the taste, will order again.",Positive
11173,116917,5.0,9,4,Delivery partner was very polite.,Positive
11174,114167,4.0,4,4,Amazing experience overall.,Positive
11175,118518,3.0,3,3,"Food was okay, nothing special.",Neutral
11176,100630,2.0,2,3,Wrong item delivered.,Negative
11177,104299,5.0,8,5,Packaging was excellent and food was hot.,Positive
11178,116513,3.0,2,4,Average experience.,Neutral
11179,120119,,3,3,Quality was not up to the mark.,Negative
11180,116730,5.0,4,4,Packaging was excellent and food was hot.,Positive
11181,117523,5.0,5,4,Amazing experience overall.,Positive
11182,114513,3.0,4,2,Delivery was on time but food was mediocre.,Neutral
11183,100078,5.0,5,4,"Loved the taste, will order again.",Positive
11184,100016,4.0,3,3,"Loved the taste, will order again.",Positive
11185,116531,3.0,2,3,Average experience.,Neutral
11186,106082,5.0,4,4,Great food and fast delivery!,Positive
11187,108287,2.0,1,3,Wrong item delivered.,Negative
11188,118740,4.0,5,5,Packaging was excellent and food was hot.,Positive
11189,115864,4.0,5,3,"Loved the taste, will order again.",Positive
11190,106851,5.0,5,4,Amazing experience overall.,Positive
11191,102081,3.0,4,3,Average experience.,Neutral
11192,111735,4.0,3,5,Amazing experience overall.,Positive
11193,109189,2.0,3,2,Wrong item delivered.,Negative
11194,119269,5.0,5,5,,Positive
11195,111667,2.0,1,3,Food arrived cold and late.,Negative
11196,117799,5.0,4,5,Best biryani in town!,Positive
11197,107600,5.0,5,4,Amazing experience overall.,Positive
11198,101130,3.0,3,2,Delivery was on time but food was mediocre.,Neutral
11199,120338,5.0,5,5,,Positive
11200,102807,4.0,5,3,Delivery partner was very polite.,Positive
11201,104063,5.0,5,5,"Loved the taste, will order again.",Positive
11202,103124,5.0,5,4,Packaging was excellent and food was hot.,Positive
11203,111478,5.0,4,5,Delivery partner was very polite.,Positive
11204,107351,4.0,4,4,Packaging was excellent and food was hot.,Positive
11205,119532,2.0,1,1,Order was incomplete.,Negative
11206,109877,5.0,5,5,Best biryani in town!,Positive
11207,116368,5.0,4,5,Amazing experience overall.,Positive
11208,100744,5.0,5,5,Delivery partner was very polite.,Positive
11209,118128,5.0,5,5,Amazing experience overall.,Positive
11210,107761,3.0,2,3,,Neutral
11211,113039,5.0,5,4,Best biryani in town!,Positive
11212,114617,5.0,4,4,,Positive
11213,107718,2.0,2,2,Order was incomplete.,Negative
11214,105267,1.0,1,1,Delivery took way too long.,Negative
11215,113087,4.0,3,3,Best biryani in town!,Positive
11216,109053,2.0,2,3,Quality was not up to the mark.,Negative
11217,112912,5.0,4,5,Delivery partner was very polite.,Positive
11218,116552,,4,4,Delivery partner was very polite.,Positive
11219,109450,3.0,3,4,"Food was okay, nothing special.",Neutral
11220,108607,5.0,4,5,Packaging was excellent and food was hot.,Positive
11221,102420,5.0,4,4,Best biryani in town!,Positive
11222,102484,4.0,5,5,"Loved the taste, will order again.",Positive
11223,115917,5.0,4,4,"Loved the taste, will order again.",Positive
11224,120214,2.0,3,2,Wrong item delivered.,Negative
11225,110860,4.0,3,3,Amazing experience overall.,Positive
11226,120224,4.0,3,4,Best biryani in town!,Positive
11227,115402,5.0,5,4,Great food and fast delivery!,Positive
11228,109649,5.0,5,4,Packaging was excellent and food was hot.,Positive
11229,117711,5.0,4,5,Great food and fast delivery!,Positive
11230,107853,4.0,3,4,Amazing experience overall.,Positive
11231,102531,5.0,5,5,Packaging was excellent and food was hot.,Positive
11232,102041,1.0,1,2,Order was incomplete.,Negative
11233,108860,2.0,3,1,Order was incomplete.,Negative
11234,112505,2.0,1,3,Quality was not up to the mark.,Negative
11235,107681,5.0,5,5,Best biryani in town!,Positive
11236,102557,3.0,3,4,"Food was okay, nothing special.",Neutral
11237,107320,1.0,1,1,Wrong item delivered.,Negative
11238,111859,3.0,3,2,"Food was okay, nothing special.",Neutral
11239,111905,5.0,4,5,Best biryani in town!,Positive
11240,109375,2.0,2,2,Very disappointed with the service.,Negative
11241,119983,5.0,5,4,Delivery partner was very polite.,Positive
11242,118295,3.0,2,2,Delivery was on time but food was mediocre.,Neutral
11243,116582,5.0,4,5,Great food and fast delivery!,Positive
11244,116847,4.0,5,3,Best biryani in town!,Positive
11245,109499,5.0,4,4,Great food and fast delivery!,Positive
11246,113308,5.0,5,4,"Loved the taste, will order again.",Positive
11247,117387,5.0,4,5,Delivery partner was very polite.,Positive
11248,120289,2.0,2,2,Order was incomplete.,Negative
11249,107088,2.0,1,2,Delivery took way too long.,Negative
11250,115633,3.0,4,3,Average experience.,Neutral
11251,105795,5.0,5,4,"Loved the taste, will order again.",Positive
11252,116275,2.0,3,1,,Negative
11253,106449,5.0,5,5,Amazing experience overall.,Positive
11254,119931,3.0,4,3,,Neutral
11255,106417,5.0,5,5,Delivery partner was very polite.,Positive
11256,116985,3.0,3,2,,Neutral
11257,103444,3.0,4,3,"Food was okay, nothing special.",Neutral
11258,101245,5.0,5,5,Packaging was excellent and food was hot.,Positive
11259,119251,2.0,2,3,Wrong item delivered.,Negative
11260,108174,4.0,5,3,Great food and fast delivery!,Positive
11261,102734,5.0,4,5,"Loved the taste, will order again.",Positive
11262,101256,4.0,3,3,Delivery partner was very polite.,Positive
11263,104887,5.0,4,5,Packaging was excellent and food was hot.,Positive
11264,117154,5.0,4,5,Amazing experience overall.,Positive
11265,107217,3.0,3,3,Delivery was on time but food was mediocre.,Neutral
11266,107049,5.0,5,5,Great food and fast delivery!,Positive
11267,116587,5.0,5,5,Best biryani in town!,Positive
11268,100556,3.0,3,4,,Neutral
11269,105876,3.0,2,4,Average experience.,Neutral
11270,119392,5.0,5,4,"Loved the taste, will order again.",Positive
11271,113871,3.0,3,3,Average experience.,Neutral
11272,102923,5.0,4,4,Packaging was excellent and food was hot.,Positive
11273,106118,5.0,4,4,Great food and fast delivery!,Positive
11274,116882,4.0,4,5,Delivery partner was very polite.,Positive
11275,108901,3.0,2,4,,Neutral
11276,118315,3.0,4,2,Average experience.,Neutral
11277,118846,,5,5,Delivery partner was very polite.,Positive
11278,112342,5.0,5,4,Amazing experience overall.,Positive
11279,116734,2.0,2,1,Very disappointed with the service.,Negative
11280,103361,4.0,4,5,Packaging was excellent and food was hot.,Positive
11281,112632,3.0,4,2,Average experience.,Neutral
11282,100730,4.0,3,3,Amazing experience overall.,Positive
11283,107214,5.0,4,5,"Loved the taste, will order again.",Positive
11284,105422,5.0,4,5,Packaging was excellent and food was hot.,Positive
11285,109567,5.0,5,4,Great food and fast delivery!,Positive
11286,116462,4.0,5,4,Great food and fast delivery!,Positive
11287,106526,2.0,2,2,Quality was not up to the mark.,Negative
11288,110263,2.0,3,2,Food arrived cold and late.,Negative
11289,104657,4.0,4,3,Great food and fast delivery!,Positive
11290,109241,2.0,2,1,Very disappointed with the service.,Negative
11291,108005,3.0,2,2,Delivery was on time but food was mediocre.,Neutral
11292,106139,2.0,1,3,Order was incomplete.,Negative
11293,116670,2.0,2,1,Wrong item delivered.,Negative
11294,102824,5.0,4,5,Best biryani in town!,Positive
11295,104740,4.0,4,3,,Positive
11296,110929,5.0,5,4,Best biryani in town!,Positive
11297,106150,5.0,5,5,Great food and fast delivery!,Positive
11298,114405,3.0,2,3,Average experience.,Neutral
11299,100993,5.0,4,5,Delivery partner was very polite.,Positive
11300,101152,5.0,5,5,Great food and fast delivery!,Positive
11301,104973,2.0,3,2,Food arrived cold and late.,Negative
11302,117754,3.0,3,2,Delivery was on time but food was mediocre.,Neutral
11303,117821,2.0,1,1,Delivery took way too long.,Negative
11304,116986,4.0,4,4,"Loved the taste, will order again.",Positive
11305,104420,5.0,4,5,Great food and fast delivery!,Positive
11306,110571,5.0,5,4,Delivery partner was very polite.,Positive
11307,110978,3.0,4,4,Average experience.,Neutral
11308,118191,5.0,5,5,Great food and fast delivery!,Positive
11309,116385,5.0,4,5,Amazing experience overall.,Positive
11310,110191,5.0,4,5,Amazing experience overall.,Positive
11311,113108,5.0,5,5,Amazing experience overall.,Positive
11312,114462,2.0,3,3,Quality was not up to the mark.,Negative
11313,108239,2.0,2,1,Wrong item delivered.,Negative
11314,106737,1.0,1,1,Wrong item delivered.,Negative
11315,113615,5.0,5,5,"Loved the taste, will order again.",Positive
11316,101500,4.0,4,4,Best biryani in town!,Positive
11317,117730,4.0,5,5,Best biryani in town!,Positive
11318,112136,5.0,5,5,"Loved the taste, will order again.",Positive
11319,106698,5.0,4,5,,Positive
11320,104822,5.0,5,5,Delivery partner was very polite.,Positive
11321,107237,4.0,5,3,Packaging was excellent and food was hot.,Positive
11322,101655,1.0,2,1,Delivery took way too long.,Negative
11323,108693,5.0,5,5,Best biryani in town!,Positive
11324,110427,1.0,1,1,Wrong item delivered.,Negative
11325,113086,4.0,4,5,"Loved the taste, will order again.",Positive
11326,102268,5.0,5,5,"Loved the taste, will order again.",Positive
11327,109034,3.0,4,3,"Food was okay, nothing special.",Neutral
11328,113077,5.0,4,5,Delivery partner was very polite.,Positive
11329,100728,4.0,4,4,Amazing experience overall.,Positive
11330,114166,3.0,2,3,"Food was okay, nothing special.",Neutral
11331,112118,1.0,1,1,Very disappointed with the service.,Negative
11332,103194,1.0,1,2,Order was incomplete.,Negative
11333,105483,4.0,3,4,Great food and fast delivery!,Positive
11334,117004,3.0,2,4,Delivery was on time but food was mediocre.,Neutral
11335,109385,1.0,2,1,Quality was not up to the mark.,Negative
11336,111665,5.0,5,5,Amazing experience overall.,Positive
11337,109488,4.0,4,3,,Positive
11338,117631,2.0,1,3,Food arrived cold and late.,Negative
11339,118669,5.0,5,4,Amazing experience overall.,Positive
11340,105689,2.0,1,1,Food arrived cold and late.,Negative
11341,110729,1.0,1,2,Food arrived cold and late.,Negative
11342,118583,5.0,5,5,"Loved the taste, will order again.",Positive
11343,106503,5.0,5,5,"Loved the taste, will order again.",Positive
11344,102374,2.0,2,1,Order was incomplete.,Negative
11345,107620,5.0,5,5,Delivery partner was very polite.,Positive
11346,113124,2.0,2,1,Delivery took way too long.,Negative
11347,118888,3.0,2,3,Average experience.,Neutral
11348,114249,5.0,5,4,"Loved the taste, will order again.",Positive
11349,100529,5.0,5,5,"Loved the taste, will order again.",Positive
11350,110520,5.0,4,4,Amazing experience overall.,Positive
11351,115184,5.0,4,5,Best biryani in town!,Positive
11352,117647,3.0,4,4,"Food was okay, nothing special.",Neutral
11353,115724,4.0,5,3,,Positive
11354,118384,1.0,1,1,Food arrived cold and late.,Negative
11355,116774,4.0,5,5,Great food and fast delivery!,Positive
11356,116360,2.0,1,1,Wrong item delivered.,Negative
11357,113855,5.0,5,5,"Loved the taste, will order again.",Positive
11358,106952,5.0,4,5,Delivery partner was very polite.,Positive
11359,100970,3.0,2,3,"Food was okay, nothing special.",Neutral
11360,102170,5.0,5,4,Great food and fast delivery!,Positive
11361,107611,5.0,4,4,Delivery partner was very polite.,Positive
11362,107292,3.0,2,3,Average experience.,Neutral
11363,113894,5.0,4,5,Great food and fast delivery!,Positive
11364,114170,,5,4,Great food and fast delivery!,Positive
11365,108487,4.0,3,5,Packaging was excellent and food was hot.,Positive
11366,116595,5.0,4,5,Best biryani in town!,Positive
11367,118958,1.0,1,1,Wrong item delivered.,Negative
11368,105711,5.0,4,5,Delivery partner was very polite.,Positive
11369,118809,5.0,5,5,Great food and fast delivery!,Positive
11370,109005,2.0,1,3,Food arrived cold and late.,Negative
11371,110019,5.0,5,5,"Loved the taste, will order again.",Positive
11372,112127,2.0,2,3,Wrong item delivered.,Negative
11373,106764,5.0,5,4,Great food and fast delivery!,Positive
11374,111526,2.0,1,2,Wrong item delivered.,Negative
11375,100009,3.0,4,2,Delivery was on time but food was mediocre.,Neutral
11376,100953,4.0,5,4,Great food and fast delivery!,Positive
11377,116654,5.0,5,4,Amazing experience overall.,Positive
11378,110295,3.0,3,3,Delivery was on time but food was mediocre.,Neutral
11379,105298,1.0,1,1,Wrong item delivered.,Negative
11380,108450,4.0,5,3,Delivery partner was very polite.,Positive
11381,108341,5.0,4,4,Great food and fast delivery!,Positive
11382,118567,5.0,5,5,Delivery partner was very polite.,Positive
11383,113253,2.0,2,1,Delivery took way too long.,Negative
11384,104429,5.0,5,5,,Positive
11385,100086,2.0,2,3,Wrong item delivered.,Negative
11386,107296,3.0,3,3,Delivery was on time but food was mediocre.,Neutral
11387,106676,2.0,3,3,Food arrived cold and late.,Negative
11388,117335,1.0,1,1,Very disappointed with the service.,Negative
11389,119222,3.0,4,2,Average experience.,Neutral
11390,113155,2.0,1,1,,Negative
11391,106528,2.0,1,3,Delivery took way too long.,Negative
11392,115043,5.0,5,4,Packaging was excellent and food was hot.,Positive
11393,115919,3.0,2,3,Average experience.,Neutral
11394,105879,1.0,1,1,Wrong item delivered.,Negative
11395,105177,2.0,3,2,,Negative
11396,112209,5.0,4,5,Great food and fast delivery!,Positive
11397,112970,5.0,5,5,Delivery partner was very polite.,Positive
11398,103475,3.0,3,3,Delivery was on time but food was mediocre.,Neutral
11399,102298,4.0,5,3,Great food and fast delivery!,Positive
11400,120379,4.0,3,4,Amazing experience overall.,Positive
11401,118633,3.0,4,2,,Neutral
11402,116589,4.0,5,4,Amazing experience overall.,Positive
11403,111560,,1,3,Quality was not up to the mark.,Negative
11404,115657,5.0,5,5,Amazing experience overall.,Positive
11405,103437,2.0,3,1,Food arrived cold and late.,Negative
11406,118472,2.0,7,3,Very disappointed with the service.,Negative
11407,113841,5.0,5,5,Best biryani in town!,Positive
11408,108768,4.0,4,5,"Loved the taste, will order again.",Positive
11409,116466,5.0,4,5,Packaging was excellent and food was hot.,Positive
11410,114453,5.0,4,5,Great food and fast delivery!,Positive
11411,113275,2.0,1,2,Order was incomplete.,Negative
11412,117965,3.0,4,2,Delivery was on time but food was mediocre.,Neutral
11413,113746,4.0,4,3,Best biryani in town!,Positive
11414,108641,2.0,1,3,Quality was not up to the mark.,Negative
11415,117112,5.0,4,5,Amazing experience overall.,Positive
11416,102276,5.0,4,5,Packaging was excellent and food was hot.,Positive
11417,104638,4.0,4,3,Great food and fast delivery!,Positive
11418,100059,2.0,2,2,Wrong item delivered.,Negative
11419,102016,5.0,5,5,"Loved the taste, will order again.",Positive
11420,104293,3.0,2,4,"Food was okay, nothing special.",Neutral
11421,113400,3.0,4,3,"Food was okay, nothing special.",Neutral
11422,100839,5.0,5,5,"Loved the taste, will order again.",Positive
11423,118563,2.0,2,3,Quality was not up to the mark.,Negative
11424,108753,3.0,3,3,,Neutral
11425,108029,3.0,2,3,,Neutral
11426,116745,3.0,2,4,"Food was okay, nothing special.",Neutral
11427,111847,3.0,2,2,Average experience.,Neutral
11428,104812,3.0,4,3,,Neutral
11429,119495,5.0,5,4,"Loved the taste, will order again.",Positive
11430,107976,2.0,2,1,Quality was not up to the mark.,Negative
11431,120345,3.0,4,2,,Neutral
11432,103813,2.0,1,3,Quality was not up to the mark.,Negative
11433,105153,4.0,3,4,Amazing experience overall.,Positive
11434,110209,5.0,5,5,Best biryani in town!,Positive
11435,109074,3.0,4,3,"Food was okay, nothing special.",Neutral
11436,106217,3.0,2,3,"Food was okay, nothing special.",Neutral
11437,101005,4.0,5,5,"Loved the taste, will order again.",Positive
11438,118792,1.0,1,1,Wrong item delivered.,Negative
11439,110029,1.0,2,1,Order was incomplete.,Negative
11440,102849,4.0,4,3,Packaging was excellent and food was hot.,Positive
11441,118617,3.0,4,4,,Neutral
11442,119393,2.0,1,3,Food arrived cold and late.,Negative
11443,116503,4.0,4,4,Delivery partner was very polite.,Positive
11444,104390,3.0,2,4,Delivery was on time but food was mediocre.,Neutral
11445,109064,5.0,4,4,Best biryani in town!,Positive
11446,103827,4.0,4,3,Best biryani in town!,Positive
11447,110839,3.0,2,3,Average experience.,Neutral
11448,101961,3.0,2,2,,Neutral
11449,116237,5.0,5,5,Great food and fast delivery!,Positive
11450,105663,2.0,2,2,,Negative
11451,111684,3.0,4,2,"Food was okay, nothing special.",Neutral
11452,113151,1.0,2,1,Wrong item delivered.,Negative
11453,116803,1.0,1,2,Delivery took way too long.,Negative
11454,100181,3.0,2,3,,Neutral
11455,104724,4.0,3,5,Amazing experience overall.,Positive
11456,107177,4.0,3,3,Great food and fast delivery!,Positive
11457,117639,3.0,3,4,"Food was okay, nothing special.",Neutral
11458,119692,3.0,3,3,,Neutral
11459,110294,3.0,2,4,Delivery was on time but food was mediocre.,Neutral
11460,102076,4.0,5,5,Delivery partner was very polite.,Positive
11461,112327,2.0,3,3,Order was incomplete.,Negative
11462,103216,5.0,4,4,Delivery partner was very polite.,Positive
11463,100968,3.0,4,2,Delivery was on time but food was mediocre.,Neutral
11464,107642,4.0,3,4,Amazing experience overall.,Positive
11465,112749,5.0,5,4,Great food and fast delivery!,Positive
11466,115696,5.0,5,4,Amazing experience overall.,Positive
11467,114296,1.0,1,1,Quality was not up to the mark.,Negative
11468,117954,5.0,4,5,Amazing experience overall.,Positive
11469,102114,2.0,3,2,Food arrived cold and late.,Negative
11470,118721,4.0,5,5,Amazing experience overall.,Positive
11471,108952,2.0,1,3,Very disappointed with the service.,Negative
11472,110867,5.0,4,5,"Loved the taste, will order again.",Positive
11473,101012,5.0,5,5,"Loved the taste, will order again.",Positive
11474,100788,3.0,4,2,"Food was okay, nothing special.",Neutral
11475,102833,2.0,2,3,Food arrived cold and late.,Negative
11476,109584,5.0,5,5,Delivery partner was very polite.,Positive
11477,100455,4.0,5,4,Great food and fast delivery!,Positive
11478,106311,5.0,5,4,Amazing experience overall.,Positive
11479,114493,5.0,4,4,Delivery partner was very polite.,Positive
11480,101080,1.0,2,1,Order was incomplete.,Negative
11481,118048,2.0,3,1,Order was incomplete.,Negative
11482,111358,4.0,5,3,Best biryani in town!,Positive
11483,108011,3.0,2,3,"Food was okay, nothing special.",Neutral
11484,112645,5.0,5,4,Delivery partner was very polite.,Positive
11485,112800,2.0,1,3,Very disappointed with the service.,Negative
11486,114746,5.0,5,4,Amazing experience overall.,Positive
11487,109972,5.0,4,5,Packaging was excellent and food was hot.,Positive
11488,118752,5.0,5,4,Amazing experience overall.,Positive
11489,107619,4.0,4,5,"Loved the taste, will order again.",Positive
11490,114452,5.0,4,5,Great food and fast delivery!,Positive
11491,101286,4.0,3,3,Great food and fast delivery!,Positive
11492,115993,2.0,3,2,Food arrived cold and late.,Negative
11493,103691,5.0,5,4,Packaging was excellent and food was hot.,Positive
11494,115931,3.0,2,2,Delivery was on time but food was mediocre.,Neutral
11495,102670,5.0,5,4,,Positive
11496,111952,1.0,2,2,Delivery took way too long.,Negative
11497,111561,4.0,5,4,Amazing experience overall.,Positive
11498,104282,4.0,5,5,Delivery partner was very polite.,Positive
11499,115522,4.0,5,4,Packaging was excellent and food was hot.,Positive
11500,106023,4.0,3,5,Best biryani in town!,Positive
11501,105740,1.0,2,1,Order was incomplete.,Negative
11502,113613,5.0,5,5,Best biryani in town!,Positive
11503,101125,5.0,5,4,"Loved the taste, will order again.",Positive
11504,111001,2.0,2,1,Wrong item delivered.,Negative
11505,118293,2.0,1,1,Wrong item delivered.,Negative
11506,108386,1.0,1,1,Quality was not up to the mark.,Negative
11507,113359,1.0,2,1,Order was incomplete.,Negative
11508,117085,4.0,3,5,Best biryani in town!,Positive
11509,101898,1.0,1,1,Order was incomplete.,Negative
11510,107168,2.0,2,2,Very disappointed with the service.,Negative
11511,102814,3.0,4,2,,Neutral
11512,109761,3.0,3,2,Average experience.,Neutral
11513,101868,3.0,3,4,"Food was okay, nothing special.",Neutral
11514,106378,4.0,4,4,Great food and fast delivery!,Positive
11515,104555,2.0,3,1,Delivery took way too long.,Negative
11516,113311,2.0,3,2,Food arrived cold and late.,Negative
11517,115226,3.0,3,4,"Food was okay, nothing special.",Neutral
11518,104748,5.0,4,5,Best biryani in town!,Positive
11519,108737,2.0,1,1,Food arrived cold and late.,Negative
11520,119623,5.0,4,4,Amazing experience overall.,Positive
11521,104736,5.0,5,5,Great food and fast delivery!,Positive
11522,103251,2.0,1,1,Order was incomplete.,Negative
11523,108065,1.0,1,1,Quality was not up to the mark.,Negative
11524,110018,4.0,4,4,"Loved the taste, will order again.",Positive
11525,101583,1.0,1,1,Order was incomplete.,Negative
11526,111840,5.0,5,5,Delivery partner was very polite.,Positive
11527,117625,2.0,1,1,Delivery took way too long.,Negative
11528,111397,4.0,5,3,Packaging was excellent and food was hot.,Positive
11529,104403,2.0,2,1,Wrong item delivered.,Negative
11530,102683,4.0,3,3,Great food and fast delivery!,Positive
11531,112616,1.0,1,1,Order was incomplete.,Negative
11532,116789,3.0,3,4,Delivery was on time but food was mediocre.,Neutral
11533,118882,2.0,1,2,Food arrived cold and late.,Negative
11534,117453,3.0,4,2,,Neutral
11535,118084,5.0,4,5,Delivery partner was very polite.,Positive
11536,105231,3.0,3,3,,Neutral
11537,112057,2.0,2,1,Wrong item delivered.,Negative
11538,118096,5.0,4,5,Best biryani in town!,Positive
11539,103091,5.0,5,5,Delivery partner was very polite.,Positive
11540,118155,4.0,5,4,Best biryani in town!,Positive
11541,104396,5.0,4,5,"Loved the taste, will order again.",Positive
11542,106297,2.0,3,3,Wrong item delivered.,Negative
11543,106482,4.0,5,3,Delivery partner was very polite.,Positive
11544,108358,3.0,2,3,"Food was okay, nothing special.",Neutral
11545,106224,1.0,1,2,Delivery took way too long.,Negative
11546,102246,2.0,2,1,Very disappointed with the service.,Negative
11547,109171,5.0,5,4,Amazing experience overall.,Positive
11548,100047,1.0,1,2,Order was incomplete.,Negative
11549,100194,4.0,3,5,Best biryani in town!,Positive
11550,117973,5.0,5,5,Packaging was excellent and food was hot.,Positive
11551,104826,3.0,2,3,Delivery was on time but food was mediocre.,Neutral
11552,106944,4.0,5,4,Great food and fast delivery!,Positive
11553,100862,,4,3,"Food was okay, nothing special.",Neutral
11554,114885,5.0,5,4,Amazing experience overall.,Positive
11555,115568,4.0,4,5,Best biryani in town!,Positive
11556,118159,5.0,5,5,Delivery partner was very polite.,Positive
11557,111307,1.0,2,1,Order was incomplete.,Negative
11558,118905,5.0,4,4,Best biryani in town!,Positive
11559,102645,5.0,5,5,Amazing experience overall.,Positive
11560,105803,5.0,4,5,Delivery partner was very polite.,Positive
11561,112320,3.0,4,3,Average experience.,Neutral
11562,119963,2.0,2,3,Order was incomplete.,Negative
11563,120463,5.0,4,4,Great food and fast delivery!,Positive
11564,117366,3.0,3,3,"Food was okay, nothing special.",Neutral
11565,114661,5.0,5,5,"Loved the taste, will order again.",Positive
11566,119385,4.0,3,5,"Loved the taste, will order again.",Positive
11567,110103,5.0,5,4,Delivery partner was very polite.,Positive
11568,115991,5.0,5,5,Great food and fast delivery!,Positive
11569,108434,3.0,4,3,Delivery was on time but food was mediocre.,Neutral
11570,120270,4.0,3,5,Amazing experience overall.,Positive
11571,106409,5.0,5,4,Amazing experience overall.,Positive
11572,105491,4.0,3,5,Amazing experience overall.,Positive
11573,104786,5.0,9,5,Packaging was excellent and food was hot.,Positive
11574,109803,5.0,5,5,"Loved the taste, will order again.",Positive
11575,118029,5.0,5,5,Delivery partner was very polite.,Positive
11576,118067,2.0,1,3,Quality was not up to the mark.,Negative
11577,108986,4.0,4,5,Delivery partner was very polite.,Positive
11578,117035,5.0,4,4,"Loved the taste, will order again.",Positive
11579,112927,3.0,3,4,"Food was okay, nothing special.",Neutral
11580,101710,,3,1,Order was incomplete.,Negative
11581,120036,5.0,5,5,Delivery partner was very polite.,Positive
11582,102667,4.0,3,5,Packaging was excellent and food was hot.,Positive
11583,112422,4.0,3,3,Delivery partner was very polite.,Positive
11584,101439,4.0,5,5,"Loved the taste, will order again.",Positive
11585,112726,1.0,1,1,Order was incomplete.,Negative
11586,109150,5.0,5,5,"Loved the taste, will order again.",Positive
11587,120163,1.0,1,2,Order was incomplete.,Negative
11588,104277,5.0,5,5,Delivery partner was very polite.,Positive
11589,103025,2.0,2,2,Food arrived cold and late.,Negative
11590,119330,3.0,2,2,Average experience.,Neutral
11591,106340,4.0,5,4,Amazing experience overall.,Positive
11592,102997,4.0,3,3,Delivery partner was very polite.,Positive
11593,119127,3.0,4,4,"Food was okay, nothing special.",Neutral
11594,113773,5.0,5,4,Amazing experience overall.,Positive
11595,111439,4.0,4,5,Delivery partner was very polite.,Positive
11596,111230,5.0,4,4,Great food and fast delivery!,Positive
11597,103517,5.0,4,4,Great food and fast delivery!,Positive
11598,107567,1.0,1,1,Wrong item delivered.,Negative
11599,108509,4.0,4,5,Packaging was excellent and food was hot.,Positive
11600,103338,1.0,2,1,Food arrived cold and late.,Negative
11601,104111,4.0,5,5,Best biryani in town!,Positive
11602,119451,4.0,3,5,Best biryani in town!,Positive
11603,114351,5.0,5,4,Great food and fast delivery!,Positive
11604,114224,4.0,5,4,Packaging was excellent and food was hot.,Positive
11605,101566,3.0,4,3,Delivery was on time but food was mediocre.,Neutral
11606,119339,2.0,2,2,Order was incomplete.,Negative
11607,109169,2.0,1,2,Quality was not up to the mark.,Negative
11608,106797,5.0,5,4,Packaging was excellent and food was hot.,Positive
11609,106320,4.0,3,3,Packaging was excellent and food was hot.,Positive
11610,117300,5.0,5,5,Delivery partner was very polite.,Positive
11611,117605,3.0,3,3,Average experience.,Neutral
11612,110187,3.0,2,3,"Food was okay, nothing special.",Neutral
11613,116339,5.0,5,4,Packaging was excellent and food was hot.,Positive
11614,116050,5.0,4,4,Packaging was excellent and food was hot.,Positive
11615,106344,2.0,2,1,Delivery took way too long.,Negative
11616,105101,3.0,3,4,Delivery was on time but food was mediocre.,Neutral
11617,103860,4.0,3,3,Delivery partner was very polite.,Positive
11618,104531,3.0,2,4,"Food was okay, nothing special.",Neutral
11619,109295,5.0,5,5,"Loved the taste, will order again.",Positive
11620,100288,4.0,3,5,Packaging was excellent and food was hot.,Positive
11621,102600,3.0,3,4,Delivery was on time but food was mediocre.,Neutral
11622,105269,5.0,5,5,Delivery partner was very polite.,Positive
11623,112659,5.0,4,5,Amazing experience overall.,Positive
11624,105658,3.0,3,3,Delivery was on time but food was mediocre.,Neutral
11625,113166,4.0,3,5,Great food and fast delivery!,Positive
11626,114475,2.0,1,2,,Negative
11627,108079,5.0,4,4,Packaging was excellent and food was hot.,Positive
11628,115413,4.0,4,3,Best biryani in town!,Positive
11629,114858,3.0,4,4,Delivery was on time but food was mediocre.,Neutral
11630,111332,4.0,4,4,Amazing experience overall.,Positive
11631,105635,2.0,3,3,Food arrived cold and late.,Negative
11632,109144,5.0,5,4,Great food and fast delivery!,Positive
11633,103988,4.0,5,4,,Positive
11634,116115,5.0,5,5,Amazing experience overall.,Positive
11635,112339,5.0,5,4,Packaging was excellent and food was hot.,Positive
11636,116052,5.0,5,5,Best biryani in town!,Positive
11637,106288,2.0,1,2,Very disappointed with the service.,Negative
11638,104410,3.0,4,3,"Food was okay, nothing special.",Neutral
11639,114943,5.0,4,4,Best biryani in town!,Positive
11640,113810,4.0,4,5,Great food and fast delivery!,Positive
11641,100444,1.0,1,1,Quality was not up to the mark.,Negative
11642,113909,1.0,2,1,Quality was not up to the mark.,Negative
11643,100225,5.0,5,5,,Positive
11644,105450,5.0,4,5,Packaging was excellent and food was hot.,Positive
11645,111028,3.0,2,2,Delivery was on time but food was mediocre.,Neutral
11646,107626,2.0,2,1,Order was incomplete.,Negative
11647,104160,4.0,4,4,Amazing experience overall.,Positive
11648,118448,4.0,3,5,Delivery partner was very polite.,Positive
11649,115136,3.0,2,3,Average experience.,Neutral
11650,117438,2.0,2,3,Food arrived cold and late.,Negative
11651,111129,5.0,5,5,"Loved the taste, will order again.",Positive
11652,103543,5.0,4,4,Great food and fast delivery!,Positive
11653,119052,5.0,4,5,Packaging was excellent and food was hot.,Positive
11654,105552,1.0,1,1,Delivery took way too long.,Negative
11655,106998,2.0,1,1,Very disappointed with the service.,Negative
11656,103698,1.0,1,1,Quality was not up to the mark.,Negative
11657,114985,3.0,4,2,Average experience.,Neutral
11658,119361,5.0,5,5,Amazing experience overall.,Positive
11659,114095,4.0,4,5,Great food and fast delivery!,Positive
11660,120198,5.0,4,5,Delivery partner was very polite.,Positive
11661,100252,5.0,5,5,Packaging was excellent and food was hot.,Positive
11662,117764,2.0,3,3,Wrong item delivered.,Negative
11663,104389,3.0,3,4,Average experience.,Neutral
11664,101840,4.0,3,3,Amazing experience overall.,Positive
11665,116053,5.0,5,5,Delivery partner was very polite.,Positive
11666,113160,5.0,5,5,Best biryani in town!,Positive
11667,117964,5.0,4,5,Best biryani in town!,Positive
11668,111745,5.0,4,5,Amazing experience overall.,Positive
11669,103199,2.0,2,3,Food arrived cold and late.,Negative
11670,107043,5.0,5,4,Delivery partner was very polite.,Positive
11671,111762,3.0,2,2,Average experience.,Neutral
11672,116753,4.0,5,4,Great food and fast delivery!,Positive
11673,118967,3.0,4,4,Delivery was on time but food was mediocre.,Neutral
11674,105293,5.0,5,4,Packaging was excellent and food was hot.,Positive
11675,118675,1.0,2,1,Quality was not up to the mark.,Negative
11676,107747,1.0,2,1,Wrong item delivered.,Negative
11677,109828,3.0,4,3,,Neutral
11678,116591,3.0,4,4,,Neutral
11679,114802,4.0,5,3,Great food and fast delivery!,Positive
11680,110147,3.0,2,4,"Food was okay, nothing special.",Neutral
11681,101852,4.0,5,3,Delivery partner was very polite.,Positive
11682,118108,5.0,4,4,Great food and fast delivery!,Positive
11683,118600,5.0,4,5,"Loved the taste, will order again.",Positive
11684,104250,5.0,4,5,Packaging was excellent and food was hot.,Positive
11685,107367,5.0,5,5,"Loved the taste, will order again.",Positive
11686,100013,3.0,3,4,"Food was okay, nothing special.",Neutral
11687,109232,4.0,5,3,Packaging was excellent and food was hot.,Positive
11688,104300,5.0,5,5,Amazing experience overall.,Positive
11689,110728,2.0,3,2,Wrong item delivered.,Negative
11690,120157,1.0,2,1,Food arrived cold and late.,Negative
11691,105716,3.0,3,2,"Food was okay, nothing special.",Neutral
11692,115627,5.0,4,5,"Loved the taste, will order again.",Positive
11693,110452,1.0,1,2,Wrong item delivered.,Negative
11694,112974,5.0,4,5,"Loved the taste, will order again.",Positive
11695,118417,5.0,5,5,Packaging was excellent and food was hot.,Positive
11696,111081,5.0,5,5,Great food and fast delivery!,Positive
11697,103865,4.0,5,5,"Loved the taste, will order again.",Positive
11698,101861,,2,1,Quality was not up to the mark.,Negative
11699,106615,5.0,5,5,Amazing experience overall.,Positive
11700,103380,5.0,4,4,Best biryani in town!,Positive
11701,102550,3.0,4,2,Average experience.,Neutral
11702,115843,5.0,5,5,Packaging was excellent and food was hot.,Positive
11703,113987,2.0,3,1,Very disappointed with the service.,Negative
11704,103096,2.0,1,2,Order was incomplete.,Negative
11705,106248,,4,5,Packaging was excellent and food was hot.,Positive
11706,107485,4.0,3,3,Great food and fast delivery!,Positive
11707,101944,4.0,4,5,"Loved the taste, will order again.",Positive
11708,119890,5.0,5,4,Amazing experience overall.,Positive
11709,116319,2.0,2,2,Delivery took way too long.,Negative
11710,112358,2.0,3,3,Wrong item delivered.,Negative
11711,103873,2.0,1,1,Very disappointed with the service.,Negative
11712,106905,5.0,5,5,Amazing experience overall.,Positive
11713,110845,1.0,1,2,Order was incomplete.,Negative
11714,118896,2.0,2,3,Quality was not up to the mark.,Negative
11715,105605,3.0,3,3,"Food was okay, nothing special.",Neutral
11716,104142,4.0,4,4,Amazing experience overall.,Positive
11717,107463,5.0,5,5,Best biryani in town!,Positive
11718,113714,4.0,5,4,Packaging was excellent and food was hot.,Positive
11719,103685,,4,5,Packaging was excellent and food was hot.,Positive
11720,101242,2.0,1,3,Delivery took way too long.,Negative
11721,109869,5.0,5,5,Packaging was excellent and food was hot.,Positive
11722,112143,3.0,3,4,Average experience.,Neutral
11723,111503,5.0,5,4,"Loved the taste, will order again.",Positive
11724,108050,5.0,5,4,Delivery partner was very polite.,Positive
11725,109630,4.0,4,3,Amazing experience overall.,Positive
11726,108127,5.0,4,5,Delivery partner was very polite.,Positive
11727,120399,2.0,3,1,Wrong item delivered.,Negative
11728,118307,4.0,5,4,"Loved the taste, will order again.",Positive
11729,101312,4.0,5,3,Delivery partner was very polite.,Positive
11730,101396,1.0,1,2,Wrong item delivered.,Negative
11731,110389,1.0,1,1,Food arrived cold and late.,Negative
11732,120402,1.0,2,1,Order was incomplete.,Negative
11733,105447,2.0,1,2,Order was incomplete.,Negative
11734,106476,5.0,4,5,"Loved the taste, will order again.",Positive
11735,106028,3.0,3,2,Average experience.,Neutral
11736,110514,4.0,4,5,,Positive
11737,118588,4.0,4,3,Delivery partner was very polite.,Positive
11738,113629,4.0,3,5,"Loved the taste, will order again.",Positive
11739,116352,4.0,4,3,,Positive
11740,112243,3.0,3,4,Delivery was on time but food was mediocre.,Neutral
11741,110231,2.0,2,3,Delivery took way too long.,Negative
11742,112479,4.0,3,5,"Loved the taste, will order again.",Positive
11743,112939,4.0,3,5,Amazing experience overall.,Positive
11744,111644,2.0,1,3,Order was incomplete.,Negative
11745,112869,3.0,2,3,,Neutral
11746,105505,3.0,2,4,"Food was okay, nothing special.",Neutral
11747,116931,5.0,4,5,"Loved the taste, will order again.",Positive
11748,101509,4.0,4,5,Great food and fast delivery!,Positive
11749,117075,2.0,1,3,Wrong item delivered.,Negative
11750,100051,4.0,4,3,"Loved the taste, will order again.",Positive
11751,118098,5.0,4,4,Packaging was excellent and food was hot.,Positive
11752,117447,4.0,5,3,"Loved the taste, will order again.",Positive
11753,110935,4.0,5,3,Packaging was excellent and food was hot.,Positive
11754,114362,5.0,5,5,Packaging was excellent and food was hot.,Positive
11755,109794,3.0,2,4,Average experience.,Neutral
11756,103690,5.0,5,5,Packaging was excellent and food was hot.,Positive
11757,106299,5.0,4,5,"Loved the taste, will order again.",Positive
11758,110358,5.0,5,5,"Loved the taste, will order again.",Positive
11759,118534,5.0,4,4,Packaging was excellent and food was hot.,Positive
11760,113187,5.0,5,5,"Loved the taste, will order again.",Positive
11761,102988,3.0,2,2,"Food was okay, nothing special.",Neutral
11762,117293,5.0,4,4,Best biryani in town!,Positive
11763,110228,2.0,2,3,Order was incomplete.,Negative
11764,110903,3.0,2,4,,Neutral
11765,112099,2.0,1,2,Food arrived cold and late.,Negative
11766,101383,5.0,4,5,"Loved the taste, will order again.",Positive
11767,112805,4.0,4,3,Great food and fast delivery!,Positive
11768,104203,1.0,1,1,Order was incomplete.,Negative
11769,101491,4.0,5,5,Delivery partner was very polite.,Positive
11770,102581,4.0,3,3,Amazing experience overall.,Positive
11771,111168,2.0,2,2,Food arrived cold and late.,Negative
11772,115093,5.0,5,5,Packaging was excellent and food was hot.,Positive
11773,112122,5.0,4,5,Great food and fast delivery!,Positive
11774,101534,,5,3,Amazing experience overall.,Positive
11775,114564,5.0,5,4,Packaging was excellent and food was hot.,Positive
11776,119797,4.0,3,3,Amazing experience overall.,Positive
11777,100508,1.0,1,1,Delivery took way too long.,Negative
11778,103907,5.0,5,5,Delivery partner was very polite.,Positive
11779,112683,3.0,2,4,"Food was okay, nothing special.",Neutral
11780,112042,1.0,2,1,,Negative
11781,116161,3.0,2,4,Delivery was on time but food was mediocre.,Neutral
11782,102686,4.0,3,3,Packaging was excellent and food was hot.,Positive
11783,109066,4.0,5,3,Packaging was excellent and food was hot.,Positive
11784,119305,5.0,5,4,Great food and fast delivery!,Positive
11785,114329,3.0,4,4,,Neutral
11786,110186,5.0,5,5,Packaging was excellent and food was hot.,Positive
11787,109497,5.0,5,5,Best biryani in town!,Positive
11788,104770,2.0,3,2,Quality was not up to the mark.,Negative
11789,119633,3.0,2,2,Average experience.,Neutral
11790,108976,5.0,5,5,Amazing experience overall.,Positive
11791,114053,5.0,5,4,Packaging was excellent and food was hot.,Positive
11792,110272,5.0,5,4,Amazing experience overall.,Positive
11793,107651,5.0,4,5,Amazing experience overall.,Positive
11794,101580,2.0,3,3,Food arrived cold and late.,Negative
11795,103187,5.0,5,5,Amazing experience overall.,Positive
11796,114144,5.0,4,5,Great food and fast delivery!,Positive
11797,107975,5.0,5,5,Packaging was excellent and food was hot.,Positive
11798,101713,5.0,5,5,Best biryani in town!,Positive
11799,103825,5.0,4,5,"Loved the taste, will order again.",Positive
11800,108967,4.0,5,3,Amazing experience overall.,Positive
11801,118359,1.0,1,1,Quality was not up to the mark.,Negative
11802,115413,2.0,3,3,Food arrived cold and late.,Negative
11803,116076,2.0,1,3,Order was incomplete.,Negative
11804,115196,2.0,2,3,Wrong item delivered.,Negative
11805,111074,5.0,5,4,Great food and fast delivery!,Positive
11806,119956,1.0,1,1,Delivery took way too long.,Negative
11807,101561,4.0,4,4,Amazing experience overall.,Positive
11808,118294,4.0,5,4,Delivery partner was very polite.,Positive
11809,104352,5.0,4,5,Packaging was excellent and food was hot.,Positive
11810,104383,3.0,4,2,Average experience.,Neutral
11811,101885,3.0,3,4,"Food was okay, nothing special.",Neutral
11812,116762,2.0,2,2,Order was incomplete.,Negative
11813,117014,3.0,4,2,,Neutral
11814,118267,,1,2,Quality was not up to the mark.,Negative
11815,114407,2.0,2,2,Food arrived cold and late.,Negative
11816,101620,5.0,4,5,Great food and fast delivery!,Positive
11817,102878,5.0,4,5,Packaging was excellent and food was hot.,Positive
11818,119165,5.0,5,5,Amazing experience overall.,Positive
11819,109524,5.0,4,5,Amazing experience overall.,Positive
11820,104548,3.0,3,2,,Neutral
11821,103180,2.0,1,1,Order was incomplete.,Negative
11822,116208,3.0,4,2,Average experience.,Neutral
11823,106405,4.0,5,3,Best biryani in town!,Positive
11824,114715,5.0,4,4,Amazing experience overall.,Positive
11825,106723,3.0,3,2,"Food was okay, nothing special.",Neutral
11826,115630,1.0,1,2,Wrong item delivered.,Negative
11827,113111,5.0,4,5,Best biryani in town!,Positive
11828,102199,5.0,5,5,"Loved the taste, will order again.",Positive
11829,116845,5.0,5,4,Best biryani in town!,Positive
11830,110447,1.0,1,2,Food arrived cold and late.,Negative
11831,101650,5.0,5,4,Amazing experience overall.,Positive
11832,115949,5.0,5,5,Packaging was excellent and food was hot.,Positive
11833,112406,4.0,6,5,Delivery partner was very polite.,Positive
11834,115959,5.0,4,5,"Loved the taste, will order again.",Positive
11835,115545,4.0,4,4,Packaging was excellent and food was hot.,Positive
11836,100129,1.0,1,1,Food arrived cold and late.,Negative
11837,103336,3.0,4,3,Average experience.,Neutral
11838,116735,5.0,4,5,Delivery partner was very polite.,Positive
11839,109760,4.0,3,4,"Loved the taste, will order again.",Positive
11840,112014,,5,5,Best biryani in town!,Positive
11841,110464,2.0,2,3,Food arrived cold and late.,Negative
11842,102942,3.0,4,4,Delivery was on time but food was mediocre.,Neutral
11843,105316,4.0,4,4,Best biryani in town!,Positive
11844,111901,4.0,4,3,Great food and fast delivery!,Positive
11845,113507,3.0,2,4,Average experience.,Neutral
11846,115001,5.0,5,4,"Loved the taste, will order again.",Positive
11847,114807,4.0,3,3,"Loved the taste, will order again.",Positive
11848,112255,4.0,5,3,"Loved the taste, will order again.",Positive
11849,104346,5.0,4,5,Delivery partner was very polite.,Positive
11850,108622,1.0,1,1,Very disappointed with the service.,Negative
11851,109538,4.0,5,4,Great food and fast delivery!,Positive
11852,120302,4.0,4,4,Delivery partner was very polite.,Positive
11853,106055,1.0,1,1,Wrong item delivered.,Negative
11854,101859,2.0,3,1,Order was incomplete.,Negative
11855,103407,3.0,2,2,Average experience.,Neutral
11856,106586,2.0,3,3,Order was incomplete.,Negative
11857,105633,5.0,5,5,Delivery partner was very polite.,Positive
11858,113698,5.0,5,4,"Loved the taste, will order again.",Positive
11859,108107,3.0,4,4,Delivery was on time but food was mediocre.,Neutral
11860,115612,5.0,9,4,"Loved the taste, will order again.",Positive
11861,118010,4.0,4,4,Great food and fast delivery!,Positive
11862,108709,5.0,4,5,Best biryani in town!,Positive
11863,106959,2.0,3,1,Quality was not up to the mark.,Negative
11864,116624,2.0,3,1,Food arrived cold and late.,Negative
11865,118071,5.0,5,4,Great food and fast delivery!,Positive
11866,109912,5.0,4,5,Great food and fast delivery!,Positive
11867,120098,4.0,4,4,Delivery partner was very polite.,Positive
11868,103734,5.0,5,5,Amazing experience overall.,Positive
11869,112602,4.0,3,5,Best biryani in town!,Positive
11870,109899,5.0,5,4,Delivery partner was very polite.,Positive
11871,105393,5.0,5,5,Amazing experience overall.,Positive
11872,116728,4.0,4,5,Best biryani in town!,Positive
11873,113168,4.0,4,4,Delivery partner was very polite.,Positive
11874,109313,5.0,5,5,"Loved the taste, will order again.",Positive
11875,107712,5.0,5,5,Great food and fast delivery!,Positive
11876,108366,4.0,5,5,"Loved the taste, will order again.",Positive
11877,106863,4.0,4,5,Delivery partner was very polite.,Positive
11878,114094,4.0,5,4,Best biryani in town!,Positive
11879,102538,,4,4,Delivery partner was very polite.,Positive
11880,114879,5.0,5,5,Best biryani in town!,Positive
11881,117991,3.0,2,3,"Food was okay, nothing special.",Neutral
11882,100934,1.0,2,1,Very disappointed with the service.,Negative
11883,108477,4.0,3,3,Great food and fast delivery!,Positive
11884,115992,3.0,4,4,,Neutral
11885,115410,4.0,4,4,Great food and fast delivery!,Positive
11886,111626,4.0,5,4,Great food and fast delivery!,Positive
11887,108579,3.0,3,4,Delivery was on time but food was mediocre.,Neutral
11888,113748,5.0,4,4,"Loved the taste, will order again.",Positive
11889,117503,1.0,2,1,Very disappointed with the service.,Negative
11890,116495,4.0,3,4,Amazing experience overall.,Positive
11891,102475,1.0,1,2,Food arrived cold and late.,Negative
11892,113309,2.0,2,3,Order was incomplete.,Negative
11893,112471,5.0,4,5,Packaging was excellent and food was hot.,Positive
11894,114188,2.0,2,1,Very disappointed with the service.,Negative
11895,104867,3.0,2,3,Delivery was on time but food was mediocre.,Neutral
11896,113420,4.0,5,3,Great food and fast delivery!,Positive
11897,120260,5.0,5,4,Best biryani in town!,Positive
11898,113536,3.0,3,2,"Food was okay, nothing special.",Neutral
11899,101802,4.0,5,4,Delivery partner was very polite.,Positive
11900,119190,3.0,2,2,Delivery was on time but food was mediocre.,Neutral
11901,115640,,4,4,Packaging was excellent and food was hot.,Positive
11902,109096,4.0,5,4,Packaging was excellent and food was hot.,Positive
11903,104560,4.0,5,4,Delivery partner was very polite.,Positive
11904,110045,3.0,3,3,"Food was okay, nothing special.",Neutral
11905,119822,5.0,5,5,"Loved the taste, will order again.",Positive
11906,108936,3.0,2,4,"Food was okay, nothing special.",Neutral
11907,102002,4.0,3,3,Great food and fast delivery!,Positive
11908,100882,2.0,3,2,Order was incomplete.,Negative
11909,103923,2.0,1,3,Wrong item delivered.,Negative
11910,114218,3.0,3,4,,Neutral
11911,119500,5.0,5,4,Best biryani in town!,Positive
11912,100475,4.0,3,4,Delivery partner was very polite.,Positive
11913,101693,3.0,2,4,,Neutral
11914,114204,4.0,3,5,Delivery partner was very polite.,Positive
11915,105973,5.0,5,5,Packaging was excellent and food was hot.,Positive
11916,105329,3.0,4,4,Average experience.,Neutral
11917,107017,5.0,5,5,Best biryani in town!,Positive
11918,109040,2.0,2,1,Quality was not up to the mark.,Negative
11919,115360,5.0,5,5,"Loved the taste, will order again.",Positive
11920,112657,4.0,5,3,Amazing experience overall.,Positive
11921,107334,1.0,2,1,Order was incomplete.,Negative
11922,105446,2.0,3,2,Order was incomplete.,Negative
11923,115523,3.0,3,2,Delivery was on time but food was mediocre.,Neutral
11924,100195,5.0,4,5,Amazing experience overall.,Positive
11925,112908,4.0,3,5,Delivery partner was very polite.,Positive
11926,103642,5.0,5,5,Best biryani in town!,Positive
11927,119104,5.0,4,4,Great food and fast delivery!,Positive
11928,120244,4.0,5,4,Best biryani in town!,Positive
11929,101153,2.0,3,3,Very disappointed with the service.,Negative
11930,105020,4.0,3,4,Amazing experience overall.,Positive
11931,113709,4.0,4,4,Best biryani in town!,Positive
11932,108783,5.0,4,5,Great food and fast delivery!,Positive
11933,106609,5.0,5,4,Delivery partner was very polite.,Positive
11934,104507,5.0,4,4,Amazing experience overall.,Positive
11935,104877,4.0,3,4,Great food and fast delivery!,Positive
11936,103360,1.0,1,1,Very disappointed with the service.,Negative
11937,104340,4.0,4,4,Delivery partner was very polite.,Positive
11938,113519,5.0,5,5,"Loved the taste, will order again.",Positive
11939,110727,4.0,5,3,Best biryani in town!,Positive
11940,106941,4.0,5,4,Great food and fast delivery!,Positive
11941,120283,3.0,2,2,"Food was okay, nothing special.",Neutral
11942,101226,3.0,4,4,Average experience.,Neutral
11943,112609,5.0,4,5,Packaging was excellent and food was hot.,Positive
11944,116323,4.0,5,4,Great food and fast delivery!,Positive
11945,110326,4.0,5,4,Packaging was excellent and food was hot.,Positive
11946,116357,3.0,4,4,Average experience.,Neutral
11947,107869,1.0,2,2,Very disappointed with the service.,Negative
11948,112620,3.0,4,3,"Food was okay, nothing special.",Neutral
11949,112788,5.0,5,5,Best biryani in town!,Positive
11950,100583,4.0,5,5,Best biryani in town!,Positive
11951,108873,3.0,2,3,Average experience.,Neutral
11952,115847,5.0,5,4,"Loved the taste, will order again.",Positive
11953,113142,5.0,4,5,"Loved the taste, will order again.",Positive
11954,106552,4.0,5,5,Amazing experience overall.,Positive
11955,115477,4.0,5,4,"Loved the taste, will order again.",Positive
11956,116564,2.0,2,2,Delivery took way too long.,Negative
11957,110006,4.0,3,4,"Loved the taste, will order again.",Positive
11958,110341,5.0,5,5,Best biryani in town!,Positive
11959,101749,5.0,5,4,Delivery partner was very polite.,Positive
11960,104628,2.0,2,2,Food arrived cold and late.,Negative
11961,115553,5.0,5,5,Delivery partner was very polite.,Positive
11962,103272,3.0,4,3,,Neutral
11963,103812,5.0,4,4,Amazing experience overall.,Positive
11964,106466,2.0,1,1,Wrong item delivered.,Negative
11965,102987,5.0,4,5,Great food and fast delivery!,Positive
11966,111970,5.0,5,4,Best biryani in town!,Positive
11967,107524,3.0,4,4,"Food was okay, nothing special.",Neutral
11968,119107,5.0,4,5,Best biryani in town!,Positive
11969,114152,5.0,5,4,Great food and fast delivery!,Positive
11970,110670,5.0,5,5,Delivery partner was very polite.,Positive
11971,107923,3.0,3,4,Average experience.,Neutral
11972,111047,5.0,5,5,Packaging was excellent and food was hot.,Positive
11973,108231,1.0,1,2,Order was incomplete.,Negative
11974,106744,4.0,4,4,Amazing experience overall.,Positive
11975,105015,4.0,4,3,Packaging was excellent and food was hot.,Positive
11976,115543,5.0,5,4,"Loved the taste, will order again.",Positive
11977,111693,2.0,3,2,Very disappointed with the service.,Negative
11978,104576,1.0,2,1,Delivery took way too long.,Negative
11979,120083,3.0,3,3,"Food was okay, nothing special.",Neutral
11980,107572,4.0,4,3,Great food and fast delivery!,Positive
11981,104648,5.0,5,5,Great food and fast delivery!,Positive
11982,106182,2.0,1,3,Order was incomplete.,Negative
11983,110053,3.0,3,2,"Food was okay, nothing special.",Neutral
11984,120292,4.0,3,3,Packaging was excellent and food was hot.,Positive
11985,103661,5.0,4,5,Packaging was excellent and food was hot.,Positive
11986,101870,1.0,1,1,Wrong item delivered.,Negative
11987,109909,5.0,5,5,Delivery partner was very polite.,Positive
11988,117032,5.0,4,5,Best biryani in town!,Positive
11989,111369,5.0,5,5,Great food and fast delivery!,Positive
11990,112060,3.0,2,2,,Neutral
11991,103591,5.0,5,4,Great food and fast delivery!,Positive
11992,116177,5.0,5,5,Delivery partner was very polite.,Positive
11993,112377,2.0,1,2,Delivery took way too long.,Negative
11994,115934,,3,4,,Neutral
11995,100697,5.0,5,5,"Loved the taste, will order again.",Positive
11996,106153,4.0,3,3,Great food and fast delivery!,Positive
11997,104534,2.0,1,1,Wrong item delivered.,Negative
11998,107717,3.0,4,4,Delivery was on time but food was mediocre.,Neutral
11999,103310,3.0,2,2,,Neutral
12000,109890,4.0,5,3,Delivery partner was very polite.,Positive
12001,111851,4.0,3,4,Packaging was excellent and food was hot.,Positive
12002,119243,5.0,4,5,Best biryani in town!,Positive
12003,115697,4.0,5,3,"Loved the taste, will order again.",Positive
12004,105981,2.0,2,3,Very disappointed with the service.,Negative
12005,117255,3.0,3,3,Delivery was on time but food was mediocre.,Neutral
12006,113992,4.0,3,5,Delivery partner was very polite.,Positive
12007,107489,5.0,5,5,Best biryani in town!,Positive
12008,116729,5.0,5,5,Delivery partner was very polite.,Positive
12009,108425,4.0,3,5,"Loved the taste, will order again.",Positive
12010,107074,1.0,1,1,Order was incomplete.,Negative
12011,101524,5.0,5,5,Best biryani in town!,Positive
12012,112027,5.0,5,5,Packaging was excellent and food was hot.,Positive
12013,105720,5.0,5,4,Best biryani in town!,Positive
12014,120142,4.0,4,5,Great food and fast delivery!,Positive
12015,115432,3.0,4,2,Average experience.,Neutral
12016,118146,5.0,5,4,Great food and fast delivery!,Positive
12017,100608,3.0,3,2,Average experience.,Neutral
12018,119621,3.0,2,3,Average experience.,Neutral
12019,103422,4.0,3,4,Packaging was excellent and food was hot.,Positive
12020,119226,5.0,5,4,Delivery partner was very polite.,Positive
12021,107585,5.0,5,4,Packaging was excellent and food was hot.,Positive
12022,117244,4.0,4,4,Amazing experience overall.,Positive
12023,116475,4.0,3,5,Best biryani in town!,Positive
12024,107955,2.0,1,3,Wrong item delivered.,Negative
12025,100338,5.0,5,5,"Loved the taste, will order again.",Positive
12026,119851,5.0,5,5,Packaging was excellent and food was hot.,Positive
12027,110871,4.0,3,5,Best biryani in town!,Positive
12028,119159,3.0,4,4,,Neutral
12029,108902,2.0,2,1,Food arrived cold and late.,Negative
12030,106307,4.0,4,4,Best biryani in town!,Positive
12031,103035,5.0,5,5,"Loved the taste, will order again.",Positive
12032,117809,3.0,4,3,"Food was okay, nothing special.",Neutral
12033,119752,3.0,3,2,Delivery was on time but food was mediocre.,Neutral
12034,114592,5.0,5,5,Delivery partner was very polite.,Positive
12035,117717,5.0,4,4,Amazing experience overall.,Positive
12036,107436,1.0,1,2,Quality was not up to the mark.,Negative
12037,101804,5.0,4,5,Best biryani in town!,Positive
12038,117946,3.0,3,4,,Neutral
12039,114860,2.0,2,3,Delivery took way too long.,Negative
12040,111630,4.0,5,4,Amazing experience overall.,Positive
12041,119549,3.0,2,3,Average experience.,Neutral
12042,103604,5.0,5,5,Amazing experience overall.,Positive
12043,107108,2.0,2,1,Very disappointed with the service.,Negative
12044,108243,4.0,5,3,Packaging was excellent and food was hot.,Positive
12045,117195,4.0,5,3,,Positive
12046,114999,4.0,4,5,Delivery partner was very polite.,Positive
12047,117040,2.0,3,3,Delivery took way too long.,Negative
12048,108987,5.0,5,5,Great food and fast delivery!,Positive
12049,109459,4.0,3,5,Amazing experience overall.,Positive
12050,117370,5.0,5,4,Delivery partner was very polite.,Positive
12051,109801,3.0,2,2,Average experience.,Neutral
12052,107733,3.0,4,2,,Neutral
12053,112453,4.0,5,5,Amazing experience overall.,Positive
12054,111044,5.0,5,4,Best biryani in town!,Positive
12055,114402,4.0,5,4,Delivery partner was very polite.,Positive
12056,108591,5.0,5,5,"Loved the taste, will order again.",Positive
12057,114154,5.0,5,4,Delivery partner was very polite.,Positive
12058,115516,3.0,4,4,,Neutral
12059,102858,5.0,5,5,Packaging was excellent and food was hot.,Positive
12060,117933,2.0,3,1,Order was incomplete.,Negative
12061,119830,4.0,5,4,Amazing experience overall.,Positive
12062,104132,2.0,2,2,Quality was not up to the mark.,Negative
12063,104931,1.0,2,1,Food arrived cold and late.,Negative
12064,118758,4.0,5,3,Amazing experience overall.,Positive
12065,111988,2.0,3,1,Delivery took way too long.,Negative
12066,103347,4.0,3,4,Best biryani in town!,Positive
12067,114680,5.0,5,5,"Loved the taste, will order again.",Positive
12068,107072,3.0,4,3,"Food was okay, nothing special.",Neutral
12069,113139,2.0,1,2,Delivery took way too long.,Negative
12070,113081,5.0,5,4,"Loved the taste, will order again.",Positive
12071,114514,3.0,4,4,Delivery was on time but food was mediocre.,Neutral
12072,116929,5.0,4,5,Great food and fast delivery!,Positive
12073,116406,2.0,2,2,Quality was not up to the mark.,Negative
12074,114080,2.0,2,1,Delivery took way too long.,Negative
12075,106745,3.0,3,4,,Neutral
12076,117794,,2,2,"Food was okay, nothing special.",Neutral
12077,113549,5.0,5,4,"Loved the taste, will order again.",Positive
12078,118357,3.0,2,4,Delivery was on time but food was mediocre.,Neutral
12079,118164,3.0,2,3,Delivery was on time but food was mediocre.,Neutral
12080,115760,1.0,2,1,Order was incomplete.,Negative
12081,107695,5.0,4,5,"Loved the taste, will order again.",Positive
12082,111911,1.0,1,1,Very disappointed with the service.,Negative
12083,109626,3.0,2,3,Delivery was on time but food was mediocre.,Neutral
12084,119147,5.0,5,4,"Loved the taste, will order again.",Positive
12085,102747,2.0,3,1,Quality was not up to the mark.,Negative
12086,113917,5.0,4,5,"Loved the taste, will order again.",Positive
12087,102717,5.0,5,5,Packaging was excellent and food was hot.,Positive
12088,100488,5.0,5,5,Packaging was excellent and food was hot.,Positive
12089,113937,3.0,3,2,Delivery was on time but food was mediocre.,Neutral
12090,110137,5.0,4,5,Packaging was excellent and food was hot.,Positive
12091,118649,5.0,4,4,Great food and fast delivery!,Positive
12092,106677,4.0,3,5,Amazing experience overall.,Positive
12093,111411,4.0,4,3,Great food and fast delivery!,Positive
12094,112221,3.0,3,2,"Food was okay, nothing special.",Neutral
12095,105265,1.0,1,2,Very disappointed with the service.,Negative
12096,102627,5.0,5,5,Great food and fast delivery!,Positive
12097,111252,,4,4,Delivery partner was very polite.,Positive
12098,105085,2.0,2,3,Very disappointed with the service.,Negative
12099,116787,3.0,4,3,"Food was okay, nothing special.",Neutral
12100,101119,4.0,3,4,Delivery partner was very polite.,Positive
12101,118375,2.0,1,3,,Negative
12102,118175,5.0,5,5,Great food and fast delivery!,Positive
12103,116152,1.0,1,1,Wrong item delivered.,Negative
12104,112117,2.0,2,2,Very disappointed with the service.,Negative
12105,106761,4.0,4,3,Delivery partner was very polite.,Positive
12106,119844,2.0,2,2,Order was incomplete.,Negative
12107,108650,2.0,2,2,Wrong item delivered.,Negative
12108,111183,2.0,1,1,Wrong item delivered.,Negative
12109,110823,4.0,4,3,Packaging was excellent and food was hot.,Positive
12110,118991,3.0,4,2,Delivery was on time but food was mediocre.,Neutral
12111,107750,5.0,5,5,Packaging was excellent and food was hot.,Positive
12112,104231,2.0,1,1,Delivery took way too long.,Negative
12113,109601,2.0,3,3,Order was incomplete.,Negative
12114,115624,3.0,2,4,Delivery was on time but food was mediocre.,Neutral
12115,117461,5.0,5,5,Packaging was excellent and food was hot.,Positive
12116,116771,3.0,2,4,Delivery was on time but food was mediocre.,Neutral
12117,104260,4.0,5,4,Amazing experience overall.,Positive
12118,103643,2.0,2,2,Very disappointed with the service.,Negative
12119,112408,4.0,4,3,Amazing experience overall.,Positive
12120,105497,2.0,3,2,Wrong item delivered.,Negative
12121,110365,3.0,3,3,Average experience.,Neutral
12122,117826,3.0,3,2,Average experience.,Neutral
12123,115584,2.0,1,2,Very disappointed with the service.,Negative
12124,103592,3.0,4,3,Average experience.,Neutral
12125,108470,1.0,1,2,Quality was not up to the mark.,Negative
12126,102277,2.0,2,1,Order was incomplete.,Negative
12127,119533,5.0,5,5,Best biryani in town!,Positive
12128,105216,5.0,4,5,Delivery partner was very polite.,Positive
12129,100919,2.0,1,2,Food arrived cold and late.,Negative
12130,112063,5.0,5,5,Best biryani in town!,Positive
12131,116122,3.0,4,3,Delivery was on time but food was mediocre.,Neutral
12132,111611,5.0,5,5,Packaging was excellent and food was hot.,Positive
12133,103623,3.0,4,4,,Neutral
12134,115383,4.0,3,4,Packaging was excellent and food was hot.,Positive
12135,111224,2.0,1,2,Delivery took way too long.,Negative
12136,106775,1.0,1,2,Very disappointed with the service.,Negative
12137,104745,3.0,4,3,Delivery was on time but food was mediocre.,Neutral
12138,101664,5.0,4,5,Great food and fast delivery!,Positive
12139,109692,1.0,2,2,Wrong item delivered.,Negative
12140,106630,5.0,5,5,Packaging was excellent and food was hot.,Positive
12141,112082,5.0,5,5,Great food and fast delivery!,Positive
12142,110477,3.0,4,4,,Neutral
12143,106741,2.0,2,3,Food arrived cold and late.,Negative
12144,109039,4.0,3,5,"Loved the taste, will order again.",Positive
12145,118511,4.0,5,5,Great food and fast delivery!,Positive
12146,116964,3.0,3,2,,Neutral
12147,118517,5.0,5,5,Packaging was excellent and food was hot.,Positive
12148,114925,5.0,5,4,Delivery partner was very polite.,Positive
12149,115139,4.0,5,3,"Loved the taste, will order again.",Positive
12150,107476,1.0,1,1,Food arrived cold and late.,Negative
12151,111406,2.0,2,2,Very disappointed with the service.,Negative
12152,111828,5.0,4,5,"Loved the taste, will order again.",Positive
12153,105083,2.0,1,2,Delivery took way too long.,Negative
12154,117530,3.0,4,4,"Food was okay, nothing special.",Neutral
12155,116106,4.0,3,3,Packaging was excellent and food was hot.,Positive
12156,112846,3.0,2,2,,Neutral
12157,111540,3.0,3,4,,Neutral
12158,105990,5.0,5,5,Best biryani in town!,Positive
12159,116873,4.0,4,5,"Loved the taste, will order again.",Positive
12160,113464,5.0,5,5,Amazing experience overall.,Positive
12161,102907,3.0,2,3,,Neutral
12162,107680,5.0,4,5,"Loved the taste, will order again.",Positive
12163,112725,3.0,3,2,"Food was okay, nothing special.",Neutral
12164,113328,5.0,5,5,Packaging was excellent and food was hot.,Positive
12165,118215,5.0,5,5,Best biryani in town!,Positive
12166,114517,,5,5,Packaging was excellent and food was hot.,Positive
12167,114369,1.0,2,1,Delivery took way too long.,Negative
12168,116093,3.0,2,2,Average experience.,Neutral
12169,100413,2.0,1,1,Wrong item delivered.,Negative
12170,112472,3.0,3,4,,Neutral
12171,114549,3.0,3,3,Delivery was on time but food was mediocre.,Neutral
12172,110238,1.0,2,1,Order was incomplete.,Negative
12173,100272,5.0,4,4,Amazing experience overall.,Positive
12174,102830,1.0,2,1,Quality was not up to the mark.,Negative
12175,117200,5.0,9,5,Great food and fast delivery!,Positive
12176,101575,3.0,3,3,,Neutral
12177,110684,3.0,3,2,Average experience.,Neutral
12178,106992,2.0,1,1,Wrong item delivered.,Negative
12179,110298,3.0,4,2,,Neutral
12180,120113,4.0,5,3,Delivery partner was very polite.,Positive
12181,109742,,5,5,"Loved the taste, will order again.",Positive
12182,109969,3.0,4,2,Delivery was on time but food was mediocre.,Neutral
12183,102636,2.0,3,3,Quality was not up to the mark.,Negative
12184,118068,,3,3,Great food and fast delivery!,Positive
12185,119254,4.0,5,5,"Loved the taste, will order again.",Positive
12186,105435,5.0,5,4,Delivery partner was very polite.,Positive
12187,104473,3.0,2,2,Delivery was on time but food was mediocre.,Neutral
12188,104573,1.0,2,2,Delivery took way too long.,Negative
12189,101342,5.0,4,4,Amazing experience overall.,Positive
12190,120320,2.0,3,3,Food arrived cold and late.,Negative
12191,107813,5.0,5,5,Great food and fast delivery!,Positive
12192,103456,5.0,4,5,Packaging was excellent and food was hot.,Positive
12193,120121,2.0,1,3,Wrong item delivered.,Negative
12194,108397,1.0,1,2,Wrong item delivered.,Negative
12195,116129,4.0,4,4,Packaging was excellent and food was hot.,Positive
12196,117351,5.0,4,4,Amazing experience overall.,Positive
12197,100721,3.0,2,3,Average experience.,Neutral
12198,107396,2.0,3,2,Order was incomplete.,Negative
12199,115346,4.0,3,5,Delivery partner was very polite.,Positive
12200,105707,3.0,2,4,"Food was okay, nothing special.",Neutral
12201,109938,3.0,3,3,Average experience.,Neutral
12202,103773,3.0,4,3,"Food was okay, nothing special.",Neutral
12203,110382,4.0,3,5,Great food and fast delivery!,Positive
12204,104487,4.0,4,5,Packaging was excellent and food was hot.,Positive
12205,119913,,2,1,Delivery took way too long.,Negative
12206,104139,5.0,5,5,Amazing experience overall.,Positive
12207,103693,5.0,5,5,,Positive
12208,112913,1.0,1,1,Delivery took way too long.,Negative
12209,100563,4.0,4,5,Delivery partner was very polite.,Positive
12210,111364,5.0,5,4,,Positive
12211,105427,2.0,2,2,Very disappointed with the service.,Negative
12212,118086,5.0,4,5,Best biryani in town!,Positive
12213,105469,4.0,4,5,Best biryani in town!,Positive
12214,112907,5.0,5,4,Great food and fast delivery!,Positive
12215,105755,5.0,4,5,Amazing experience overall.,Positive
12216,101458,5.0,5,4,Amazing experience overall.,Positive
12217,107926,3.0,4,4,Delivery was on time but food was mediocre.,Neutral
12218,106916,4.0,5,5,Packaging was excellent and food was hot.,Positive
12219,118220,5.0,5,4,Best biryani in town!,Positive
12220,116330,3.0,4,3,Delivery was on time but food was mediocre.,Neutral
12221,117516,2.0,2,3,,Negative
12222,113882,5.0,4,4,,Positive
12223,112777,1.0,1,1,Delivery took way too long.,Negative
12224,118488,5.0,5,4,Delivery partner was very polite.,Positive
12225,119558,4.0,4,4,Great food and fast delivery!,Positive
12226,100786,5.0,4,5,Packaging was excellent and food was hot.,Positive
12227,113001,4.0,5,5,Delivery partner was very polite.,Positive
12228,109394,5.0,5,4,Packaging was excellent and food was hot.,Positive
12229,117704,5.0,5,5,Amazing experience overall.,Positive
12230,105138,2.0,3,2,Very disappointed with the service.,Negative
12231,101568,1.0,1,2,Order was incomplete.,Negative
12232,105225,5.0,4,5,Amazing experience overall.,Positive
12233,109539,4.0,4,5,"Loved the taste, will order again.",Positive
12234,115330,2.0,2,1,,Negative
12235,100695,4.0,4,4,"Loved the taste, will order again.",Positive
12236,103527,1.0,2,1,Very disappointed with the service.,Negative
12237,113291,5.0,9,4,"Loved the taste, will order again.",Positive
12238,106784,5.0,5,4,"Loved the taste, will order again.",Positive
12239,103713,3.0,2,4,,Neutral
12240,116566,3.0,3,3,"Food was okay, nothing special.",Neutral
12241,119896,4.0,3,5,Packaging was excellent and food was hot.,Positive
12242,102497,4.0,3,5,Great food and fast delivery!,Positive
12243,110828,5.0,4,5,Packaging was excellent and food was hot.,Positive
12244,116054,4.0,5,3,Amazing experience overall.,Positive
12245,104077,5.0,5,5,Amazing experience overall.,Positive
12246,105166,5.0,5,5,Delivery partner was very polite.,Positive
12247,117660,3.0,4,2,"Food was okay, nothing special.",Neutral
12248,105084,5.0,5,4,,Positive
12249,116627,2.0,1,2,Quality was not up to the mark.,Negative
12250,101829,3.0,4,2,Average experience.,Neutral
12251,110615,1.0,1,1,Very disappointed with the service.,Negative
12252,102519,5.0,5,5,Delivery partner was very polite.,Positive
12253,113731,5.0,4,5,Great food and fast delivery!,Positive
12254,104271,5.0,4,5,Amazing experience overall.,Positive
12255,103095,5.0,5,5,Packaging was excellent and food was hot.,Positive
12256,112257,5.0,5,4,"Loved the taste, will order again.",Positive
12257,109818,4.0,4,3,Packaging was excellent and food was hot.,Positive
12258,109522,2.0,1,3,Food arrived cold and late.,Negative
12259,119965,5.0,5,5,Packaging was excellent and food was hot.,Positive
12260,102587,5.0,5,5,Packaging was excellent and food was hot.,Positive
12261,109448,5.0,4,5,Delivery partner was very polite.,Positive
12262,107202,2.0,1,1,Very disappointed with the service.,Negative
12263,113082,2.0,3,1,Food arrived cold and late.,Negative
12264,104782,3.0,4,4,,Neutral
12265,102843,5.0,5,5,Best biryani in town!,Positive
12266,113970,2.0,1,2,Very disappointed with the service.,Negative
12267,111555,3.0,3,2,"Food was okay, nothing special.",Neutral
12268,114030,3.0,3,2,Average experience.,Neutral
12269,107347,3.0,2,3,,Neutral
12270,118514,3.0,3,4,,Neutral
12271,107404,4.0,5,5,Best biryani in town!,Positive
12272,107225,3.0,2,2,Delivery was on time but food was mediocre.,Neutral
12273,111342,5.0,4,5,Best biryani in town!,Positive
12274,111390,3.0,2,3,,Neutral
12275,117853,5.0,5,4,Best biryani in town!,Positive
12276,107719,5.0,5,5,Amazing experience overall.,Positive
12277,117579,5.0,5,5,"Loved the taste, will order again.",Positive
12278,101496,4.0,3,4,Delivery partner was very polite.,Positive
12279,112040,5.0,5,5,Delivery partner was very polite.,Positive
12280,110195,2.0,1,3,Quality was not up to the mark.,Negative
12281,100152,5.0,5,5,Amazing experience overall.,Positive
12282,104571,5.0,5,5,Great food and fast delivery!,Positive
12283,120068,5.0,5,5,Packaging was excellent and food was hot.,Positive
12284,102044,3.0,2,2,,Neutral
12285,100815,5.0,5,4,"Loved the taste, will order again.",Positive
12286,111273,3.0,2,4,"Food was okay, nothing special.",Neutral
12287,110050,5.0,4,4,Amazing experience overall.,Positive
12288,100550,2.0,3,2,Very disappointed with the service.,Negative
12289,103931,5.0,4,4,Packaging was excellent and food was hot.,Positive
12290,117424,2.0,2,1,Food arrived cold and late.,Negative
12291,101175,4.0,5,4,"Loved the taste, will order again.",Positive
12292,110708,5.0,5,5,Packaging was excellent and food was hot.,Positive
12293,111202,5.0,4,4,"Loved the taste, will order again.",Positive
12294,118158,5.0,5,5,Best biryani in town!,Positive
12295,105621,5.0,5,5,Great food and fast delivery!,Positive
12296,120458,3.0,3,2,Average experience.,Neutral
12297,119848,4.0,4,4,"Loved the taste, will order again.",Positive
12298,119149,4.0,3,4,Great food and fast delivery!,Positive
12299,110230,2.0,1,2,Order was incomplete.,Negative
12300,106794,3.0,4,3,Average experience.,Neutral
12301,103053,2.0,3,1,Food arrived cold and late.,Negative
12302,110023,5.0,4,5,"Loved the taste, will order again.",Positive
12303,109269,3.0,2,2,,Neutral
12304,113994,1.0,1,2,Quality was not up to the mark.,Negative
12305,109583,5.0,4,4,Great food and fast delivery!,Positive
12306,111379,2.0,1,3,Order was incomplete.,Negative
12307,119225,3.0,3,2,Average experience.,Neutral
12308,115316,5.0,4,5,Great food and fast delivery!,Positive
12309,107968,1.0,1,1,Order was incomplete.,Negative
12310,102227,4.0,4,4,Amazing experience overall.,Positive
12311,114444,5.0,4,5,Great food and fast delivery!,Positive
12312,115471,2.0,3,2,Food arrived cold and late.,Negative
12313,104595,3.0,2,3,Average experience.,Neutral
12314,110379,3.0,3,2,,Neutral
12315,119298,5.0,5,5,Packaging was excellent and food was hot.,Positive
12316,100408,3.0,3,4,"Food was okay, nothing special.",Neutral
12317,100769,2.0,1,2,Food arrived cold and late.,Negative
12318,108265,5.0,4,5,Amazing experience overall.,Positive
12319,119736,4.0,4,3,Amazing experience overall.,Positive
12320,100133,5.0,5,5,Best biryani in town!,Positive
12321,101177,2.0,2,1,Order was incomplete.,Negative
12322,102782,3.0,3,3,Delivery was on time but food was mediocre.,Neutral
12323,110801,5.0,5,4,Great food and fast delivery!,Positive
12324,116543,5.0,5,4,Great food and fast delivery!,Positive
12325,113380,5.0,5,4,Great food and fast delivery!,Positive
12326,100663,4.0,5,3,Packaging was excellent and food was hot.,Positive
12327,109214,3.0,4,3,Average experience.,Neutral
12328,114124,1.0,2,2,Order was incomplete.,Negative
12329,103117,5.0,5,4,Great food and fast delivery!,Positive
12330,117183,3.0,3,4,Delivery was on time but food was mediocre.,Neutral
12331,104351,4.0,4,5,Amazing experience overall.,Positive
12332,111603,2.0,1,1,Very disappointed with the service.,Negative
12333,119485,2.0,7,2,Wrong item delivered.,Negative
12334,113867,1.0,1,2,Delivery took way too long.,Negative
12335,113115,1.0,1,1,Order was incomplete.,Negative
12336,106608,5.0,5,4,Delivery partner was very polite.,Positive
12337,103533,3.0,3,4,"Food was okay, nothing special.",Neutral
12338,108178,3.0,4,4,Average experience.,Neutral
12339,104344,5.0,5,5,Delivery partner was very polite.,Positive
12340,103935,3.0,3,3,Average experience.,Neutral
12341,117338,5.0,5,4,Amazing experience overall.,Positive
12342,118569,3.0,3,2,"Food was okay, nothing special.",Neutral
12343,107511,4.0,5,4,Amazing experience overall.,Positive
12344,103544,,4,4,"Food was okay, nothing special.",Neutral
12345,117731,5.0,7,5,Packaging was excellent and food was hot.,Positive
12346,109766,3.0,2,2,Delivery was on time but food was mediocre.,Neutral
12347,120317,3.0,2,4,Average experience.,Neutral
12348,117055,4.0,3,5,Delivery partner was very polite.,Positive
12349,107282,2.0,1,3,Wrong item delivered.,Negative
12350,112337,5.0,5,5,Best biryani in town!,Positive
12351,103089,1.0,1,2,Delivery took way too long.,Negative
12352,110468,5.0,5,5,Amazing experience overall.,Positive
12353,111695,4.0,3,5,Packaging was excellent and food was hot.,Positive
12354,117741,5.0,5,4,"Loved the taste, will order again.",Positive
12355,103118,4.0,3,5,Great food and fast delivery!,Positive
12356,120331,3.0,4,3,"Food was okay, nothing special.",Neutral
12357,114587,2.0,3,1,Food arrived cold and late.,Negative
12358,107775,4.0,5,3,Packaging was excellent and food was hot.,Positive
12359,110877,5.0,5,5,Delivery partner was very polite.,Positive
12360,102191,5.0,4,4,Amazing experience overall.,Positive
12361,101504,5.0,5,4,"Loved the taste, will order again.",Positive
12362,110149,2.0,2,1,Wrong item delivered.,Negative
12363,113733,5.0,5,4,Delivery partner was very polite.,Positive
12364,100185,,3,2,Order was incomplete.,Negative
12365,118822,5.0,4,5,Packaging was excellent and food was hot.,Positive
12366,102107,1.0,1,1,Delivery took way too long.,Negative
12367,115443,4.0,3,5,Delivery partner was very polite.,Positive
12368,113354,1.0,1,2,Very disappointed with the service.,Negative
12369,116049,4.0,7,4,Amazing experience overall.,Positive
12370,119929,2.0,3,2,Order was incomplete.,Negative
12371,110922,5.0,5,5,Amazing experience overall.,Positive
12372,119428,2.0,2,1,Wrong item delivered.,Negative
12373,105039,5.0,5,4,"Loved the taste, will order again.",Positive
12374,116164,3.0,2,4,Delivery was on time but food was mediocre.,Neutral
12375,120203,4.0,5,4,Best biryani in town!,Positive
12376,104006,,4,3,"Food was okay, nothing special.",Neutral
12377,100604,5.0,4,5,Best biryani in town!,Positive
12378,108706,2.0,2,1,Very disappointed with the service.,Negative
12379,113609,4.0,5,3,"Loved the taste, will order again.",Positive
12380,111792,2.0,1,3,Wrong item delivered.,Negative
12381,115175,5.0,5,5,Amazing experience overall.,Positive
12382,112396,3.0,2,3,Average experience.,Neutral
12383,103259,5.0,5,5,Amazing experience overall.,Positive
12384,101233,5.0,5,5,Best biryani in town!,Positive
12385,101222,3.0,4,4,,Neutral
12386,102428,4.0,3,4,Great food and fast delivery!,Positive
12387,101019,2.0,2,3,Quality was not up to the mark.,Negative
12388,118635,1.0,1,2,Food arrived cold and late.,Negative
12389,108751,1.0,1,1,Delivery took way too long.,Negative
12390,114077,5.0,5,5,Amazing experience overall.,Positive
12391,113802,5.0,4,5,Best biryani in town!,Positive
12392,109207,2.0,3,3,Very disappointed with the service.,Negative
12393,117010,5.0,5,4,Great food and fast delivery!,Positive
12394,113134,3.0,3,2,,Neutral
12395,105644,3.0,2,3,,Neutral
12396,118834,5.0,5,4,Amazing experience overall.,Positive
12397,112420,5.0,5,4,Amazing experience overall.,Positive
12398,101171,5.0,4,4,Amazing experience overall.,Positive
12399,102547,5.0,5,4,Great food and fast delivery!,Positive
12400,103329,1.0,1,1,Order was incomplete.,Negative
12401,104645,5.0,4,5,Delivery partner was very polite.,Positive
12402,117877,1.0,2,2,Order was incomplete.,Negative
12403,119032,2.0,1,3,Order was incomplete.,Negative
12404,106050,5.0,4,5,Great food and fast delivery!,Positive
12405,100200,5.0,5,4,Great food and fast delivery!,Positive
12406,119779,5.0,4,5,"Loved the taste, will order again.",Positive
12407,114119,1.0,1,1,Delivery took way too long.,Negative
12408,105832,,5,5,Amazing experience overall.,Positive
12409,113771,5.0,5,5,"Loved the taste, will order again.",Positive
12410,107705,5.0,4,5,Delivery partner was very polite.,Positive
12411,111244,3.0,3,4,"Food was okay, nothing special.",Neutral
12412,100955,4.0,5,3,Great food and fast delivery!,Positive
12413,118199,5.0,5,5,Amazing experience overall.,Positive
12414,105294,5.0,5,5,"Loved the taste, will order again.",Positive
12415,116956,1.0,1,1,,Negative
12416,102543,5.0,5,4,Amazing experience overall.,Positive
12417,115032,5.0,5,5,Delivery partner was very polite.,Positive
12418,109756,3.0,4,2,,Neutral
12419,101636,2.0,1,2,Delivery took way too long.,Negative
12420,119355,5.0,4,5,Delivery partner was very polite.,Positive
12421,115515,2.0,3,1,Quality was not up to the mark.,Negative
12422,100922,1.0,2,1,Food arrived cold and late.,Negative
12423,120364,5.0,4,5,Great food and fast delivery!,Positive
12424,114283,2.0,2,1,Quality was not up to the mark.,Negative
12425,105291,5.0,5,5,Amazing experience overall.,Positive
12426,108523,5.0,5,4,Amazing experience overall.,Positive
12427,100255,3.0,4,4,,Neutral
12428,111791,5.0,5,4,Best biryani in town!,Positive
12429,108598,4.0,3,4,"Loved the taste, will order again.",Positive
12430,109545,4.0,4,3,"Loved the taste, will order again.",Positive
12431,102037,5.0,4,5,Delivery partner was very polite.,Positive
12432,111017,5.0,5,5,Great food and fast delivery!,Positive
12433,113096,5.0,4,4,Packaging was excellent and food was hot.,Positive
12434,108739,2.0,1,2,Quality was not up to the mark.,Negative
12435,104734,3.0,2,2,"Food was okay, nothing special.",Neutral
12436,103816,1.0,1,1,Delivery took way too long.,Negative
12437,105496,2.0,2,3,Very disappointed with the service.,Negative
12438,116375,2.0,3,2,Delivery took way too long.,Negative
12439,109092,4.0,4,5,Packaging was excellent and food was hot.,Positive
12440,115272,2.0,3,3,Food arrived cold and late.,Negative
12441,114681,4.0,4,5,Delivery partner was very polite.,Positive
12442,108786,5.0,4,5,Packaging was excellent and food was hot.,Positive
12443,113363,5.0,5,5,Amazing experience overall.,Positive
12444,110950,5.0,5,4,Best biryani in town!,Positive
12445,101770,5.0,4,4,"Loved the taste, will order again.",Positive
12446,119811,2.0,2,3,Very disappointed with the service.,Negative
12447,115059,2.0,3,1,Quality was not up to the mark.,Negative
12448,111199,4.0,5,5,Best biryani in town!,Positive
12449,112828,5.0,5,5,Best biryani in town!,Positive
12450,110869,5.0,5,4,Delivery partner was very polite.,Positive
12451,120205,4.0,5,3,"Loved the taste, will order again.",Positive
12452,109421,5.0,5,5,Best biryani in town!,Positive
12453,120349,2.0,2,1,Delivery took way too long.,Negative
12454,117301,1.0,1,1,Very disappointed with the service.,Negative
12455,117927,5.0,5,4,Delivery partner was very polite.,Positive
12456,112101,4.0,4,3,Best biryani in town!,Positive
12457,108136,3.0,3,2,,Neutral
12458,103165,3.0,3,3,Delivery was on time but food was mediocre.,Neutral
12459,112997,2.0,1,3,Food arrived cold and late.,Negative
12460,115634,4.0,3,4,"Loved the taste, will order again.",Positive
12461,105392,2.0,1,3,Food arrived cold and late.,Negative
12462,113754,1.0,1,2,,Negative
12463,106506,,5,5,Great food and fast delivery!,Positive
12464,115468,5.0,5,5,Great food and fast delivery!,Positive
12465,111329,3.0,2,3,"Food was okay, nothing special.",Neutral
12466,100548,2.0,3,2,,Negative
12467,111915,5.0,5,4,Delivery partner was very polite.,Positive
12468,113120,3.0,2,2,,Neutral
12469,111215,5.0,4,4,"Loved the taste, will order again.",Positive
12470,107909,5.0,4,5,Amazing experience overall.,Positive
12471,111848,5.0,5,5,Packaging was excellent and food was hot.,Positive
12472,108328,5.0,5,5,Great food and fast delivery!,Positive
12473,117839,5.0,4,4,Packaging was excellent and food was hot.,Positive
12474,111509,5.0,5,5,Delivery partner was very polite.,Positive
12475,103138,2.0,3,2,Wrong item delivered.,Negative
12476,105002,3.0,3,2,Delivery was on time but food was mediocre.,Neutral
12477,107304,1.0,2,1,Order was incomplete.,Negative
12478,113089,4.0,4,3,Best biryani in town!,Positive
12479,100885,5.0,5,5,Packaging was excellent and food was hot.,Positive
12480,106114,2.0,1,1,Wrong item delivered.,Negative
12481,107991,2.0,1,3,Delivery took way too long.,Negative
12482,102097,5.0,4,5,Great food and fast delivery!,Positive
12483,111346,1.0,2,2,Delivery took way too long.,Negative
12484,106670,3.0,3,3,Average experience.,Neutral
12485,103989,3.0,4,3,Delivery was on time but food was mediocre.,Neutral
12486,113759,1.0,1,1,Food arrived cold and late.,Negative
12487,104019,1.0,2,2,,Negative
12488,111768,1.0,1,1,Quality was not up to the mark.,Negative
12489,113638,5.0,4,4,"Loved the taste, will order again.",Positive
12490,114809,2.0,2,3,Delivery took way too long.,Negative
12491,105412,4.0,4,4,Delivery partner was very polite.,Positive
12492,117715,5.0,5,5,Delivery partner was very polite.,Positive
12493,111038,2.0,2,2,Order was incomplete.,Negative
12494,104034,5.0,4,4,"Loved the taste, will order again.",Positive
12495,110806,3.0,4,3,,Neutral
12496,113603,3.0,4,2,"Food was okay, nothing special.",Neutral
12497,103940,4.0,3,4,Best biryani in town!,Positive
12498,103597,5.0,5,4,Best biryani in town!,Positive
12499,106882,5.0,5,5,Best biryani in town!,Positive
12500,105941,5.0,5,5,"Loved the taste, will order again.",Positive
12501,113153,4.0,5,4,,Positive
12502,120451,5.0,4,5,Packaging was excellent and food was hot.,Positive
12503,108865,4.0,4,5,Amazing experience overall.,Positive
12504,105355,5.0,4,4,Amazing experience overall.,Positive
12505,118883,3.0,3,2,Delivery was on time but food was mediocre.,Neutral
12506,114957,2.0,1,2,Delivery took way too long.,Negative
12507,103249,5.0,4,5,Packaging was excellent and food was hot.,Positive
12508,102386,5.0,5,5,"Loved the taste, will order again.",Positive
12509,117587,2.0,2,2,Order was incomplete.,Negative
12510,115920,4.0,4,4,Amazing experience overall.,Positive
12511,111299,3.0,3,3,"Food was okay, nothing special.",Neutral
12512,105856,4.0,5,5,Amazing experience overall.,Positive
12513,111759,4.0,8,4,Amazing experience overall.,Positive
12514,117340,4.0,5,5,"Loved the taste, will order again.",Positive
12515,113061,5.0,4,4,Amazing experience overall.,Positive
12516,105195,1.0,2,1,Delivery took way too long.,Negative
12517,105319,2.0,3,1,Wrong item delivered.,Negative
12518,106994,2.0,3,1,Quality was not up to the mark.,Negative
12519,115841,5.0,5,5,Packaging was excellent and food was hot.,Positive
12520,105098,4.0,4,5,Amazing experience overall.,Positive
12521,116757,5.0,5,5,Amazing experience overall.,Positive
12522,110343,4.0,4,4,Best biryani in town!,Positive
12523,110917,2.0,2,1,,Negative
12524,118242,3.0,2,3,"Food was okay, nothing special.",Neutral
12525,111485,3.0,4,2,"Food was okay, nothing special.",Neutral
12526,117373,2.0,1,1,Wrong item delivered.,Negative
12527,105648,5.0,4,5,"Loved the taste, will order again.",Positive
12528,104119,5.0,4,4,Delivery partner was very polite.,Positive
12529,103910,2.0,2,1,Delivery took way too long.,Negative
12530,118702,2.0,2,2,Quality was not up to the mark.,Negative
12531,105095,2.0,2,2,Order was incomplete.,Negative
12532,109247,2.0,2,2,Quality was not up to the mark.,Negative
12533,108067,2.0,1,1,Quality was not up to the mark.,Negative
12534,100287,3.0,3,3,"Food was okay, nothing special.",Neutral
12535,118452,3.0,2,2,"Food was okay, nothing special.",Neutral
12536,107428,2.0,3,3,Order was incomplete.,Negative
12537,113147,2.0,1,3,Wrong item delivered.,Negative
12538,115467,5.0,4,5,"Loved the taste, will order again.",Positive
12539,101962,1.0,2,1,Delivery took way too long.,Negative
12540,110168,3.0,4,2,,Neutral
12541,116674,5.0,5,5,Great food and fast delivery!,Positive
12542,109054,5.0,4,4,Delivery partner was very polite.,Positive
12543,103365,3.0,2,3,,Neutral
12544,105907,2.0,3,1,Wrong item delivered.,Negative
12545,100686,5.0,5,4,"Loved the taste, will order again.",Positive
12546,117949,5.0,4,4,"Loved the taste, will order again.",Positive
12547,100374,3.0,2,3,,Neutral
12548,113542,4.0,3,3,Great food and fast delivery!,Positive
12549,107394,5.0,5,5,Packaging was excellent and food was hot.,Positive
12550,104873,5.0,5,4,Great food and fast delivery!,Positive
12551,107784,3.0,3,3,Average experience.,Neutral
12552,113494,5.0,5,5,Best biryani in town!,Positive
12553,116843,3.0,3,4,Delivery was on time but food was mediocre.,Neutral
12554,112020,5.0,4,4,Packaging was excellent and food was hot.,Positive
12555,109099,1.0,2,1,Order was incomplete.,Negative
12556,114268,4.0,4,3,"Loved the taste, will order again.",Positive
12557,110866,4.0,3,3,Best biryani in town!,Positive
12558,111492,5.0,5,5,Great food and fast delivery!,Positive
12559,102910,2.0,1,2,,Negative
12560,120125,3.0,2,2,Delivery was on time but food was mediocre.,Neutral
12561,104643,1.0,2,2,Food arrived cold and late.,Negative
12562,115006,2.0,1,1,Food arrived cold and late.,Negative
12563,116987,,4,5,Delivery partner was very polite.,Positive
12564,118800,2.0,1,1,Quality was not up to the mark.,Negative
12565,111398,2.0,2,1,,Negative
12566,105719,4.0,5,3,Great food and fast delivery!,Positive
12567,111349,4.0,3,5,Amazing experience overall.,Positive
12568,103820,5.0,5,5,Great food and fast delivery!,Positive
12569,104565,5.0,4,5,,Positive
12570,111573,5.0,4,4,Great food and fast delivery!,Positive
12571,120212,1.0,1,1,Wrong item delivered.,Negative
12572,110939,5.0,4,4,Packaging was excellent and food was hot.,Positive
12573,111215,4.0,3,5,Delivery partner was very polite.,Positive
12574,109582,2.0,3,3,Order was incomplete.,Negative
12575,112944,2.0,1,1,Order was incomplete.,Negative
12576,112132,5.0,5,5,Best biryani in town!,Positive
12577,109138,1.0,9,1,Very disappointed with the service.,Negative
12578,105692,5.0,5,5,Delivery partner was very polite.,Positive
12579,117217,,2,2,Quality was not up to the mark.,Negative
12580,111316,4.0,3,4,"Loved the taste, will order again.",Positive
12581,118274,5.0,5,5,Great food and fast delivery!,Positive
12582,110735,4.0,3,3,Best biryani in town!,Positive
12583,107346,1.0,1,1,Delivery took way too long.,Negative
12584,109485,5.0,5,5,"Loved the taste, will order again.",Positive
12585,100707,1.0,1,2,Food arrived cold and late.,Negative
12586,108144,3.0,4,2,Delivery was on time but food was mediocre.,Neutral
12587,108020,2.0,3,3,Very disappointed with the service.,Negative
12588,106037,5.0,4,4,Best biryani in town!,Positive
12589,106956,5.0,5,5,Amazing experience overall.,Positive
12590,104924,2.0,3,1,Order was incomplete.,Negative
12591,115783,5.0,5,5,Great food and fast delivery!,Positive
12592,111068,2.0,2,2,Order was incomplete.,Negative
12593,105895,2.0,3,2,Wrong item delivered.,Negative
12594,110909,4.0,3,4,Great food and fast delivery!,Positive
12595,116060,5.0,5,5,Amazing experience overall.,Positive
12596,101823,4.0,5,3,Best biryani in town!,Positive
12597,117942,3.0,3,3,"Food was okay, nothing special.",Neutral
12598,116961,2.0,2,3,Order was incomplete.,Negative
12599,118816,5.0,4,4,Packaging was excellent and food was hot.,Positive
12600,113732,3.0,4,4,Delivery was on time but food was mediocre.,Neutral
12601,107058,4.0,5,3,Amazing experience overall.,Positive
12602,117359,3.0,3,4,,Neutral
12603,118422,4.0,5,3,Great food and fast delivery!,Positive
12604,118573,5.0,4,5,Great food and fast delivery!,Positive
12605,117152,2.0,3,1,Wrong item delivered.,Negative
12606,119113,4.0,5,4,Best biryani in town!,Positive
12607,110266,2.0,2,3,Quality was not up to the mark.,Negative
12608,108255,1.0,1,1,Delivery took way too long.,Negative
12609,107594,5.0,5,4,Great food and fast delivery!,Positive
12610,102382,1.0,2,2,Quality was not up to the mark.,Negative
12611,111359,3.0,3,2,,Neutral
12612,108512,4.0,3,5,Great food and fast delivery!,Positive
12613,116094,2.0,1,2,Very disappointed with the service.,Negative
12614,115535,1.0,2,1,Delivery took way too long.,Negative
12615,104095,2.0,1,2,Quality was not up to the mark.,Negative
12616,113906,4.0,3,4,Delivery partner was very polite.,Positive
12617,105424,5.0,4,4,Great food and fast delivery!,Positive
12618,109905,2.0,3,1,Food arrived cold and late.,Negative
12619,116415,2.0,1,2,Food arrived cold and late.,Negative
12620,106946,5.0,4,5,Best biryani in town!,Positive
12621,118716,4.0,5,4,Best biryani in town!,Positive
12622,120147,3.0,3,4,Delivery was on time but food was mediocre.,Neutral
12623,100515,4.0,5,3,Packaging was excellent and food was hot.,Positive
12624,103915,5.0,5,5,Delivery partner was very polite.,Positive
12625,111468,2.0,3,3,,Negative
12626,111409,3.0,4,2,Delivery was on time but food was mediocre.,Neutral
12627,104865,1.0,2,1,Very disappointed with the service.,Negative
12628,118083,1.0,2,1,Delivery took way too long.,Negative
12629,118465,4.0,3,5,Amazing experience overall.,Positive
12630,109967,5.0,4,5,Packaging was excellent and food was hot.,Positive
12631,109875,5.0,4,5,Great food and fast delivery!,Positive
12632,102067,5.0,5,5,Best biryani in town!,Positive
12633,103587,2.0,3,3,Delivery took way too long.,Negative
12634,105825,4.0,3,5,Packaging was excellent and food was hot.,Positive
12635,101867,5.0,5,4,"Loved the taste, will order again.",Positive
12636,117022,2.0,1,3,Very disappointed with the service.,Negative
12637,108642,5.0,5,5,Packaging was excellent and food was hot.,Positive
12638,115538,5.0,5,4,Packaging was excellent and food was hot.,Positive
12639,101856,5.0,5,4,Great food and fast delivery!,Positive
12640,108643,3.0,3,2,"Food was okay, nothing special.",Neutral
12641,108373,2.0,1,1,Delivery took way too long.,Negative
12642,119396,3.0,3,2,Delivery was on time but food was mediocre.,Neutral
12643,119864,2.0,3,2,Delivery took way too long.,Negative
12644,117565,5.0,5,5,Delivery partner was very polite.,Positive
12645,103676,2.0,3,2,Quality was not up to the mark.,Negative
12646,116669,5.0,4,4,Packaging was excellent and food was hot.,Positive
12647,106018,2.0,1,2,Delivery took way too long.,Negative
12648,114112,1.0,2,1,Order was incomplete.,Negative
12649,118087,3.0,2,4,Average experience.,Neutral
12650,108820,3.0,3,2,Delivery was on time but food was mediocre.,Neutral
12651,115869,5.0,4,4,Best biryani in town!,Positive
12652,100568,5.0,5,4,Packaging was excellent and food was hot.,Positive
12653,107267,5.0,5,5,"Loved the taste, will order again.",Positive
12654,100866,5.0,5,4,Best biryani in town!,Positive
12655,101168,3.0,3,2,Delivery was on time but food was mediocre.,Neutral
12656,108589,5.0,5,5,Best biryani in town!,Positive
12657,112287,2.0,1,2,Quality was not up to the mark.,Negative
12658,117122,5.0,5,5,Packaging was excellent and food was hot.,Positive
12659,114786,4.0,5,5,Great food and fast delivery!,Positive
12660,102729,3.0,3,2,,Neutral
12661,107612,5.0,5,5,Great food and fast delivery!,Positive
12662,110443,5.0,4,4,Delivery partner was very polite.,Positive
12663,120191,5.0,5,5,Great food and fast delivery!,Positive
12664,111861,3.0,2,3,Delivery was on time but food was mediocre.,Neutral
12665,111979,5.0,5,5,Packaging was excellent and food was hot.,Positive
12666,108959,5.0,5,5,Packaging was excellent and food was hot.,Positive
12667,102193,4.0,4,3,,Positive
12668,104851,3.0,3,2,,Neutral
12669,101669,4.0,5,4,Great food and fast delivery!,Positive
12670,103008,4.0,5,3,Best biryani in town!,Positive
12671,108510,2.0,1,1,Very disappointed with the service.,Negative
12672,112079,4.0,4,5,Amazing experience overall.,Positive
12673,116023,2.0,3,1,Wrong item delivered.,Negative
12674,111841,2.0,2,1,Delivery took way too long.,Negative
12675,110353,5.0,5,4,Best biryani in town!,Positive
12676,105594,4.0,5,4,Best biryani in town!,Positive
12677,105286,3.0,4,2,Delivery was on time but food was mediocre.,Neutral
12678,109870,3.0,2,3,Delivery was on time but food was mediocre.,Neutral
12679,109339,5.0,5,4,"Loved the taste, will order again.",Positive
12680,110371,1.0,1,2,Wrong item delivered.,Negative
12681,114448,3.0,2,2,"Food was okay, nothing special.",Neutral
12682,109675,3.0,4,3,,Neutral
12683,116725,4.0,5,3,Great food and fast delivery!,Positive
12684,105693,5.0,5,5,Delivery partner was very polite.,Positive
12685,107608,3.0,2,2,Delivery was on time but food was mediocre.,Neutral
12686,108388,5.0,5,5,Packaging was excellent and food was hot.,Positive
12687,106825,3.0,2,3,Delivery was on time but food was mediocre.,Neutral
12688,105958,1.0,1,1,Delivery took way too long.,Negative
12689,109765,4.0,3,4,Great food and fast delivery!,Positive
12690,115076,5.0,5,5,Packaging was excellent and food was hot.,Positive
12691,106135,2.0,1,3,Food arrived cold and late.,Negative
12692,114312,3.0,3,3,Delivery was on time but food was mediocre.,Neutral
12693,100391,2.0,3,3,Wrong item delivered.,Negative
12694,106873,5.0,4,5,Packaging was excellent and food was hot.,Positive
12695,110445,5.0,4,5,Best biryani in town!,Positive
12696,116440,5.0,5,5,Best biryani in town!,Positive
12697,119584,5.0,5,5,Delivery partner was very polite.,Positive
12698,107580,3.0,2,3,Average experience.,Neutral
12699,117594,4.0,5,3,"Loved the taste, will order again.",Positive
12700,105221,5.0,5,5,Delivery partner was very polite.,Positive
12701,118187,5.0,4,4,"Loved the taste, will order again.",Positive
12702,110605,4.0,5,5,Great food and fast delivery!,Positive
12703,108423,2.0,1,3,Order was incomplete.,Negative
12704,113719,2.0,3,3,Order was incomplete.,Negative
12705,116901,2.0,2,1,Very disappointed with the service.,Negative
12706,110429,5.0,4,5,Best biryani in town!,Positive
12707,106700,3.0,4,4,,Neutral
12708,115326,5.0,4,5,Amazing experience overall.,Positive
12709,105380,5.0,5,5,Best biryani in town!,Positive
12710,100597,5.0,5,5,,Positive
12711,107649,4.0,3,3,"Loved the taste, will order again.",Positive
12712,112604,5.0,5,5,Delivery partner was very polite.,Positive
12713,100853,5.0,5,5,Packaging was excellent and food was hot.,Positive
12714,117404,1.0,1,1,Delivery took way too long.,Negative
12715,106622,2.0,3,2,Food arrived cold and late.,Negative
12716,114421,4.0,5,4,Packaging was excellent and food was hot.,Positive
12717,118661,2.0,1,2,Food arrived cold and late.,Negative
12718,116940,3.0,3,2,"Food was okay, nothing special.",Neutral
12719,113599,3.0,2,2,Average experience.,Neutral
12720,107554,4.0,3,4,"Loved the taste, will order again.",Positive
12721,112397,4.0,4,4,Delivery partner was very polite.,Positive
12722,107507,4.0,5,5,Delivery partner was very polite.,Positive
12723,110500,4.0,3,3,Great food and fast delivery!,Positive
12724,108645,5.0,4,4,Amazing experience overall.,Positive
12725,115349,5.0,5,5,"Loved the taste, will order again.",Positive
12726,107165,5.0,5,5,"Loved the taste, will order again.",Positive
12727,115200,2.0,2,2,Food arrived cold and late.,Negative
12728,111857,5.0,4,5,Amazing experience overall.,Positive
12729,101596,5.0,5,4,Packaging was excellent and food was hot.,Positive
12730,116499,5.0,5,5,Best biryani in town!,Positive
12731,108630,2.0,1,1,Very disappointed with the service.,Negative
12732,101992,3.0,4,2,"Food was okay, nothing special.",Neutral
12733,108533,4.0,4,5,Best biryani in town!,Positive
12734,102990,5.0,5,4,"Loved the taste, will order again.",Positive
12735,100328,3.0,3,3,Average experience.,Neutral
12736,114313,1.0,1,1,Delivery took way too long.,Negative
12737,114921,4.0,5,4,Packaging was excellent and food was hot.,Positive
12738,112065,5.0,4,4,Amazing experience overall.,Positive
12739,115793,5.0,4,5,Best biryani in town!,Positive
12740,108304,5.0,5,5,Packaging was excellent and food was hot.,Positive
12741,105255,4.0,3,5,Best biryani in town!,Positive
12742,118440,4.0,5,3,Amazing experience overall.,Positive
12743,116524,4.0,3,3,"Loved the taste, will order again.",Positive
12744,120171,4.0,3,3,Packaging was excellent and food was hot.,Positive
12745,103122,5.0,5,5,Amazing experience overall.,Positive
12746,119559,5.0,5,4,,Positive
12747,100719,3.0,4,2,"Food was okay, nothing special.",Neutral
12748,120143,2.0,1,3,Quality was not up to the mark.,Negative
12749,104275,5.0,5,4,Amazing experience overall.,Positive
12750,117369,1.0,1,1,Delivery took way too long.,Negative
12751,108157,4.0,3,4,Best biryani in town!,Positive
12752,116536,1.0,1,1,Delivery took way too long.,Negative
12753,106554,5.0,5,4,,Positive
12754,110815,5.0,5,4,"Loved the taste, will order again.",Positive
12755,115699,3.0,2,4,Average experience.,Neutral
12756,107637,5.0,5,5,Amazing experience overall.,Positive
12757,106856,2.0,1,1,Order was incomplete.,Negative
12758,119302,2.0,1,2,Very disappointed with the service.,Negative
12759,113128,3.0,4,4,Average experience.,Neutral
12760,113966,4.0,5,4,Great food and fast delivery!,Positive
12761,112770,5.0,4,5,Packaging was excellent and food was hot.,Positive
12762,108689,5.0,4,5,Delivery partner was very polite.,Positive
12763,109662,5.0,4,4,Best biryani in town!,Positive
12764,111407,4.0,4,3,Great food and fast delivery!,Positive
12765,115664,5.0,4,5,Amazing experience overall.,Positive
12766,104370,5.0,5,5,Great food and fast delivery!,Positive
12767,104505,2.0,1,1,Food arrived cold and late.,Negative
12768,112457,5.0,4,4,Delivery partner was very polite.,Positive
12769,116935,3.0,3,4,"Food was okay, nothing special.",Neutral
12770,104708,3.0,2,4,,Neutral
12771,115891,5.0,4,4,Great food and fast delivery!,Positive
12772,106629,5.0,4,4,Amazing experience overall.,Positive
12773,111685,5.0,5,5,Best biryani in town!,Positive
12774,115011,5.0,4,5,Best biryani in town!,Positive
12775,111616,1.0,1,2,Order was incomplete.,Negative
12776,112140,2.0,1,3,Food arrived cold and late.,Negative
12777,101294,2.0,2,1,Very disappointed with the service.,Negative
12778,111186,,1,1,Quality was not up to the mark.,Negative
12779,112434,5.0,5,4,Packaging was excellent and food was hot.,Positive
12780,118773,5.0,5,5,Best biryani in town!,Positive
12781,104439,2.0,2,1,Very disappointed with the service.,Negative
12782,115812,2.0,1,1,Wrong item delivered.,Negative
12783,115046,1.0,1,1,Food arrived cold and late.,Negative
12784,106815,5.0,4,5,Great food and fast delivery!,Positive
12785,119599,3.0,3,3,Delivery was on time but food was mediocre.,Neutral
12786,115614,3.0,2,4,"Food was okay, nothing special.",Neutral
12787,116988,4.0,5,3,Packaging was excellent and food was hot.,Positive
12788,115420,2.0,3,3,Very disappointed with the service.,Negative
12789,103594,3.0,3,4,Delivery was on time but food was mediocre.,Neutral
12790,104746,4.0,4,4,Packaging was excellent and food was hot.,Positive
12791,116777,3.0,2,2,,Neutral
12792,109954,4.0,5,5,Best biryani in town!,Positive
12793,116652,3.0,2,3,Average experience.,Neutral
12794,117283,5.0,5,4,Packaging was excellent and food was hot.,Positive
12795,119232,5.0,5,4,"Loved the taste, will order again.",Positive
12796,113434,1.0,1,2,Quality was not up to the mark.,Negative
12797,113537,5.0,5,5,Delivery partner was very polite.,Positive
12798,112562,1.0,2,1,Food arrived cold and late.,Negative
12799,106606,2.0,2,1,Order was incomplete.,Negative
12800,115140,3.0,4,4,,Neutral
12801,119575,4.0,5,5,Delivery partner was very polite.,Positive
12802,101625,5.0,5,4,Delivery partner was very polite.,Positive
12803,115325,5.0,5,5,Delivery partner was very polite.,Positive
12804,102478,5.0,4,4,"Loved the taste, will order again.",Positive
12805,114601,3.0,3,3,Average experience.,Neutral
12806,102625,,8,3,Delivery partner was very polite.,Positive
12807,110651,4.0,4,5,Delivery partner was very polite.,Positive
12808,106543,5.0,5,4,Great food and fast delivery!,Positive
12809,114853,2.0,3,3,Very disappointed with the service.,Negative
12810,119954,1.0,1,1,Delivery took way too long.,Negative
12811,103423,5.0,5,5,,Positive
12812,107590,5.0,5,5,Great food and fast delivery!,Positive
12813,101744,5.0,5,4,Delivery partner was very polite.,Positive
12814,103208,3.0,4,4,Average experience.,Neutral
12815,101720,3.0,3,4,Delivery was on time but food was mediocre.,Neutral
12816,106471,2.0,2,3,Order was incomplete.,Negative
12817,109700,5.0,5,4,Amazing experience overall.,Positive
12818,118779,3.0,2,2,Delivery was on time but food was mediocre.,Neutral
12819,114208,1.0,1,1,Food arrived cold and late.,Negative
12820,117207,1.0,1,2,Food arrived cold and late.,Negative
12821,119904,5.0,4,5,Great food and fast delivery!,Positive
12822,107831,4.0,4,4,"Loved the taste, will order again.",Positive
12823,104669,4.0,3,4,Best biryani in town!,Positive
12824,105008,4.0,3,5,"Loved the taste, will order again.",Positive
12825,101932,5.0,4,5,Amazing experience overall.,Positive
12826,113317,1.0,1,1,Very disappointed with the service.,Negative
12827,117742,4.0,3,5,Great food and fast delivery!,Positive
12828,119022,5.0,5,4,,Positive
12829,101437,4.0,4,4,Packaging was excellent and food was hot.,Positive
12830,111171,3.0,3,4,Average experience.,Neutral
12831,118631,5.0,4,4,Best biryani in town!,Positive
12832,108084,4.0,5,3,Packaging was excellent and food was hot.,Positive
12833,101060,5.0,4,4,Delivery partner was very polite.,Positive
12834,106373,3.0,4,2,"Food was okay, nothing special.",Neutral
12835,111122,5.0,5,5,"Loved the taste, will order again.",Positive
12836,109830,5.0,5,5,Delivery partner was very polite.,Positive
12837,106004,5.0,5,4,Great food and fast delivery!,Positive
12838,113417,5.0,4,5,"Loved the taste, will order again.",Positive
12839,109026,5.0,5,5,Best biryani in town!,Positive
12840,108172,4.0,3,5,Amazing experience overall.,Positive
12841,114526,3.0,4,3,Average experience.,Neutral
12842,106063,2.0,2,3,Very disappointed with the service.,Negative
12843,120114,3.0,2,2,"Food was okay, nothing special.",Neutral
12844,105687,5.0,5,5,Delivery partner was very polite.,Positive
12845,113268,5.0,4,5,"Loved the taste, will order again.",Positive
12846,108809,3.0,4,4,Delivery was on time but food was mediocre.,Neutral
12847,108421,2.0,1,2,Delivery took way too long.,Negative
12848,118990,5.0,5,5,"Loved the taste, will order again.",Positive
12849,111681,3.0,4,4,Delivery was on time but food was mediocre.,Neutral
12850,117080,1.0,2,2,Delivery took way too long.,Negative
12851,109318,3.0,4,4,,Neutral
12852,113469,4.0,5,4,Amazing experience overall.,Positive
12853,102681,5.0,4,5,Best biryani in town!,Positive
12854,113473,5.0,5,4,Amazing experience overall.,Positive
12855,107448,5.0,5,5,Packaging was excellent and food was hot.,Positive
12856,114759,5.0,5,5,Great food and fast delivery!,Positive
12857,100167,2.0,2,2,Quality was not up to the mark.,Negative
12858,105763,4.0,4,4,Packaging was excellent and food was hot.,Positive
12859,116318,3.0,2,3,Average experience.,Neutral
12860,102332,5.0,5,4,Best biryani in town!,Positive
12861,102635,5.0,5,5,"Loved the taste, will order again.",Positive
12862,113422,5.0,4,5,"Loved the taste, will order again.",Positive
12863,119911,2.0,1,2,Very disappointed with the service.,Negative
12864,104732,3.0,2,4,Average experience.,Neutral
12865,106057,4.0,3,4,Delivery partner was very polite.,Positive
12866,105034,5.0,4,5,Packaging was excellent and food was hot.,Positive
12867,113825,5.0,4,5,Best biryani in town!,Positive
12868,101431,2.0,2,3,Order was incomplete.,Negative
12869,105680,5.0,5,5,Best biryani in town!,Positive
12870,113738,3.0,4,4,Average experience.,Neutral
12871,119417,1.0,1,2,Very disappointed with the service.,Negative
12872,112704,5.0,4,5,Amazing experience overall.,Positive
12873,118604,3.0,3,4,"Food was okay, nothing special.",Neutral
12874,110296,1.0,1,2,Order was incomplete.,Negative
12875,113576,3.0,3,2,,Neutral
12876,115802,4.0,5,3,Amazing experience overall.,Positive
12877,114524,3.0,2,2,,Neutral
12878,113388,5.0,5,5,Delivery partner was very polite.,Positive
12879,115280,2.0,1,1,Very disappointed with the service.,Negative
12880,116540,5.0,5,4,Delivery partner was very polite.,Positive
12881,109823,5.0,5,5,Delivery partner was very polite.,Positive
12882,112532,4.0,4,4,Delivery partner was very polite.,Positive
12883,116963,4.0,4,5,Amazing experience overall.,Positive
12884,109646,3.0,3,4,"Food was okay, nothing special.",Neutral
12885,116468,4.0,3,5,Packaging was excellent and food was hot.,Positive
12886,116235,5.0,5,5,Delivery partner was very polite.,Positive
12887,111853,4.0,4,5,"Loved the taste, will order again.",Positive
12888,102874,1.0,2,1,Order was incomplete.,Negative
12889,108883,4.0,3,4,Great food and fast delivery!,Positive
12890,114534,5.0,5,4,"Loved the taste, will order again.",Positive
12891,110676,4.0,5,5,Packaging was excellent and food was hot.,Positive
12892,111417,3.0,2,2,Delivery was on time but food was mediocre.,Neutral
12893,110555,3.0,2,2,Average experience.,Neutral
12894,103112,5.0,5,4,Delivery partner was very polite.,Positive
12895,105307,5.0,5,4,Best biryani in town!,Positive
12896,112819,2.0,1,3,Delivery took way too long.,Negative
12897,114098,4.0,5,3,Amazing experience overall.,Positive
12898,102502,5.0,5,4,Best biryani in town!,Positive
12899,105254,4.0,5,3,Best biryani in town!,Positive
12900,117627,2.0,3,3,Delivery took way too long.,Negative
12901,108586,5.0,4,5,Best biryani in town!,Positive
12902,119926,1.0,1,2,Order was incomplete.,Negative
12903,105150,3.0,3,4,Average experience.,Neutral
12904,118427,4.0,5,5,"Loved the taste, will order again.",Positive
12905,114839,3.0,2,3,,Neutral
12906,108227,3.0,4,4,Delivery was on time but food was mediocre.,Neutral
12907,105948,5.0,5,5,Amazing experience overall.,Positive
12908,119531,1.0,2,1,Wrong item delivered.,Negative
12909,120412,3.0,3,3,"Food was okay, nothing special.",Neutral
12910,106592,5.0,5,5,"Loved the taste, will order again.",Positive
12911,107324,5.0,5,5,Delivery partner was very polite.,Positive
12912,115264,3.0,2,4,Delivery was on time but food was mediocre.,Neutral
12913,115470,4.0,4,5,"Loved the taste, will order again.",Positive
12914,118833,5.0,4,4,"Loved the taste, will order again.",Positive
12915,112123,3.0,2,3,"Food was okay, nothing special.",Neutral
12916,119157,4.0,4,4,Best biryani in town!,Positive
12917,114520,4.0,4,5,Amazing experience overall.,Positive
12918,104083,4.0,4,3,"Loved the taste, will order again.",Positive
12919,109965,5.0,5,4,Great food and fast delivery!,Positive
12920,118543,1.0,2,1,Order was incomplete.,Negative
12921,114932,1.0,1,2,Wrong item delivered.,Negative
12922,111330,4.0,4,5,Best biryani in town!,Positive
12923,116013,3.0,4,4,Average experience.,Neutral
12924,107171,5.0,5,5,Amazing experience overall.,Positive
12925,116647,4.0,3,5,Best biryani in town!,Positive
12926,117599,4.0,4,5,Best biryani in town!,Positive
12927,117602,5.0,5,5,Packaging was excellent and food was hot.,Positive
12928,103731,5.0,5,5,"Loved the taste, will order again.",Positive
12929,107310,1.0,2,1,Very disappointed with the service.,Negative
12930,110116,1.0,1,1,Quality was not up to the mark.,Negative
12931,120170,5.0,4,5,Packaging was excellent and food was hot.,Positive
12932,107886,2.0,2,3,Quality was not up to the mark.,Negative
12933,104274,2.0,2,2,Delivery took way too long.,Negative
12934,120440,5.0,4,5,Great food and fast delivery!,Positive
12935,116736,2.0,3,1,Delivery took way too long.,Negative
12936,107294,5.0,5,5,Amazing experience overall.,Positive
12937,107984,1.0,1,2,Quality was not up to the mark.,Negative
12938,116812,5.0,5,5,"Loved the taste, will order again.",Positive
12939,109010,5.0,5,5,Best biryani in town!,Positive
12940,110289,3.0,4,4,Average experience.,Neutral
12941,117007,2.0,2,2,Wrong item delivered.,Negative
12942,111139,2.0,2,2,Very disappointed with the service.,Negative
12943,110643,3.0,3,3,Average experience.,Neutral
12944,112647,,4,4,Delivery partner was very polite.,Positive
12945,106459,2.0,3,3,Very disappointed with the service.,Negative
12946,102019,2.0,1,2,Order was incomplete.,Negative
12947,100925,1.0,2,1,Wrong item delivered.,Negative
12948,107180,4.0,4,4,Amazing experience overall.,Positive
12949,100851,4.0,5,5,Great food and fast delivery!,Positive
12950,110842,5.0,5,5,Best biryani in town!,Positive
12951,103010,3.0,3,2,,Neutral
12952,101715,1.0,1,1,Quality was not up to the mark.,Negative
12953,107734,2.0,2,1,Order was incomplete.,Negative
12954,103289,2.0,3,3,Food arrived cold and late.,Negative
12955,107389,1.0,1,1,Very disappointed with the service.,Negative
12956,111589,2.0,2,1,Food arrived cold and late.,Negative
12957,110262,5.0,4,5,Packaging was excellent and food was hot.,Positive
12958,113690,5.0,4,4,"Loved the taste, will order again.",Positive
12959,116420,1.0,2,2,Order was incomplete.,Negative
12960,102548,5.0,5,4,Packaging was excellent and food was hot.,Positive
12961,116780,3.0,3,3,Average experience.,Neutral
12962,105543,1.0,1,2,Delivery took way too long.,Negative
12963,105105,3.0,3,2,Delivery was on time but food was mediocre.,Neutral
12964,112152,2.0,1,2,Food arrived cold and late.,Negative
12965,114216,2.0,1,1,Wrong item delivered.,Negative
12966,102704,5.0,4,5,Great food and fast delivery!,Positive
12967,114897,4.0,4,4,"Loved the taste, will order again.",Positive
12968,111961,4.0,3,5,"Loved the taste, will order again.",Positive
12969,108324,4.0,5,3,Best biryani in town!,Positive
12970,109665,2.0,1,3,Wrong item delivered.,Negative
12971,108493,5.0,5,4,Delivery partner was very polite.,Positive
12972,115789,4.0,4,3,Delivery partner was very polite.,Positive
12973,114995,3.0,2,2,,Neutral
12974,106376,5.0,4,4,Great food and fast delivery!,Positive
12975,119865,5.0,4,4,Delivery partner was very polite.,Positive
12976,112969,5.0,4,5,"Loved the taste, will order again.",Positive
12977,119503,2.0,2,2,Order was incomplete.,Negative
12978,111262,4.0,4,5,Amazing experience overall.,Positive
12979,111165,3.0,3,2,Average experience.,Neutral
12980,110016,5.0,4,5,Best biryani in town!,Positive
12981,104957,4.0,4,5,Best biryani in town!,Positive
12982,101747,4.0,3,5,Great food and fast delivery!,Positive
12983,101730,4.0,3,3,Packaging was excellent and food was hot.,Positive
12984,115970,5.0,5,5,Amazing experience overall.,Positive
12985,112375,4.0,3,5,Packaging was excellent and food was hot.,Positive
12986,108729,2.0,2,1,Very disappointed with the service.,Negative
12987,105639,5.0,5,4,Great food and fast delivery!,Positive
12988,112780,1.0,1,2,Delivery took way too long.,Negative
12989,100324,5.0,5,5,Delivery partner was very polite.,Positive
12990,119509,5.0,4,5,Best biryani in town!,Positive
12991,103987,5.0,5,5,Great food and fast delivery!,Positive
12992,101766,5.0,5,4,Great food and fast delivery!,Positive
12993,117332,5.0,5,5,Amazing experience overall.,Positive
12994,119705,5.0,5,4,Great food and fast delivery!,Positive
12995,108839,,5,5,Delivery partner was very polite.,Positive
12996,102559,4.0,3,5,"Loved the taste, will order again.",Positive
12997,103134,3.0,4,2,"Food was okay, nothing special.",Neutral
12998,110916,5.0,4,5,Best biryani in town!,Positive
12999,115817,5.0,5,5,Best biryani in town!,Positive
13000,113025,2.0,3,3,Food arrived cold and late.,Negative
13001,119256,1.0,2,2,Very disappointed with the service.,Negative
13002,113993,5.0,5,5,Delivery partner was very polite.,Positive
13003,112294,5.0,5,5,Packaging was excellent and food was hot.,Positive
13004,103356,5.0,5,5,Best biryani in town!,Positive
13005,113421,3.0,3,4,"Food was okay, nothing special.",Neutral
13006,100950,1.0,2,1,Quality was not up to the mark.,Negative
13007,108473,3.0,4,2,Delivery was on time but food was mediocre.,Neutral
13008,104914,4.0,5,3,"Loved the taste, will order again.",Positive
13009,104981,5.0,5,4,Great food and fast delivery!,Positive
13010,111471,5.0,5,5,"Loved the taste, will order again.",Positive
13011,109863,3.0,3,3,Average experience.,Neutral
13012,101536,2.0,2,3,Very disappointed with the service.,Negative
13013,108024,5.0,5,4,"Loved the taste, will order again.",Positive
13014,115049,,5,5,Amazing experience overall.,Positive
13015,112048,5.0,5,4,Packaging was excellent and food was hot.,Positive
13016,117171,3.0,2,2,Average experience.,Neutral
13017,115732,2.0,1,1,Delivery took way too long.,Negative
13018,118780,2.0,2,1,Very disappointed with the service.,Negative
13019,116498,4.0,3,3,Great food and fast delivery!,Positive
13020,106021,3.0,2,3,,Neutral
13021,111836,3.0,3,2,"Food was okay, nothing special.",Neutral
13022,106387,3.0,3,3,"Food was okay, nothing special.",Neutral
13023,105304,2.0,1,2,Wrong item delivered.,Negative
13024,104229,4.0,5,5,Delivery partner was very polite.,Positive
13025,113657,,2,2,Food arrived cold and late.,Negative
13026,117498,5.0,4,5,Packaging was excellent and food was hot.,Positive
13027,100158,3.0,3,2,,Neutral
13028,117215,5.0,5,5,Delivery partner was very polite.,Positive
13029,120341,5.0,5,4,Best biryani in town!,Positive
13030,108374,,3,1,Delivery took way too long.,Negative
13031,100151,2.0,3,2,Food arrived cold and late.,Negative
13032,113580,5.0,5,4,Great food and fast delivery!,Positive
13033,116148,1.0,1,1,Very disappointed with the service.,Negative
13034,102674,3.0,2,3,"Food was okay, nothing special.",Neutral
13035,117123,2.0,3,3,Food arrived cold and late.,Negative
13036,119560,5.0,4,4,"Loved the taste, will order again.",Positive
13037,114397,4.0,4,3,"Loved the taste, will order again.",Positive
13038,107484,5.0,5,5,Delivery partner was very polite.,Positive
13039,102183,2.0,3,1,Delivery took way too long.,Negative
13040,100060,1.0,2,2,Food arrived cold and late.,Negative
13041,105056,5.0,4,5,Best biryani in town!,Positive
13042,101889,5.0,4,5,Amazing experience overall.,Positive
13043,106600,5.0,4,5,"Loved the taste, will order again.",Positive
13044,100484,4.0,4,3,Amazing experience overall.,Positive
13045,103971,2.0,3,2,Quality was not up to the mark.,Negative
13046,108910,4.0,4,3,Great food and fast delivery!,Positive
13047,109562,3.0,4,3,"Food was okay, nothing special.",Neutral
13048,103755,2.0,1,1,Food arrived cold and late.,Negative
13049,114360,1.0,1,2,Quality was not up to the mark.,Negative
13050,111420,5.0,4,5,Great food and fast delivery!,Positive
13051,119697,4.0,4,3,Packaging was excellent and food was hot.,Positive
13052,100110,4.0,3,4,Amazing experience overall.,Positive
13053,103913,1.0,2,2,Order was incomplete.,Negative
13054,100485,5.0,4,5,Amazing experience overall.,Positive
13055,101103,5.0,5,4,Packaging was excellent and food was hot.,Positive
13056,114855,1.0,1,2,Order was incomplete.,Negative
13057,116617,5.0,5,4,Great food and fast delivery!,Positive
13058,116446,3.0,4,4,Average experience.,Neutral
13059,105824,3.0,3,3,,Neutral
13060,109387,5.0,4,5,Amazing experience overall.,Positive
13061,116720,4.0,5,5,Great food and fast delivery!,Positive
13062,114990,4.0,5,3,"Loved the taste, will order again.",Positive
13063,110401,5.0,5,5,Best biryani in town!,Positive
13064,109778,5.0,9,5,Amazing experience overall.,Positive
13065,119230,5.0,5,5,Amazing experience overall.,Positive
13066,107169,3.0,2,4,Average experience.,Neutral
13067,102469,5.0,4,4,Delivery partner was very polite.,Positive
13068,105845,5.0,5,5,Delivery partner was very polite.,Positive
13069,119356,5.0,5,4,Great food and fast delivery!,Positive
13070,105649,5.0,4,5,Packaging was excellent and food was hot.,Positive
13071,118453,4.0,3,5,Delivery partner was very polite.,Positive
13072,105887,4.0,9,3,Amazing experience overall.,Positive
13073,108012,4.0,4,4,Packaging was excellent and food was hot.,Positive
13074,119205,4.0,5,5,Amazing experience overall.,Positive
13075,115209,1.0,2,2,Quality was not up to the mark.,Negative
13076,102359,4.0,4,3,Delivery partner was very polite.,Positive
13077,114783,4.0,4,3,Packaging was excellent and food was hot.,Positive
13078,110720,2.0,2,3,Order was incomplete.,Negative
13079,104627,2.0,3,1,Order was incomplete.,Negative
13080,120367,4.0,4,3,Amazing experience overall.,Positive
13081,108853,5.0,5,4,Great food and fast delivery!,Positive
13082,115155,2.0,2,2,Quality was not up to the mark.,Negative
13083,105939,2.0,3,2,Quality was not up to the mark.,Negative
13084,117307,5.0,5,5,Great food and fast delivery!,Positive
13085,100958,2.0,2,3,Delivery took way too long.,Negative
13086,106460,4.0,3,3,Best biryani in town!,Positive
13087,115648,4.0,5,5,Best biryani in town!,Positive
13088,119293,2.0,3,3,Order was incomplete.,Negative
13089,107145,2.0,1,3,Delivery took way too long.,Negative
13090,111534,3.0,4,3,"Food was okay, nothing special.",Neutral
13091,105643,5.0,5,5,Best biryani in town!,Positive
13092,110033,,2,3,,Neutral
13093,118281,5.0,4,5,Great food and fast delivery!,Positive
13094,111598,4.0,4,5,Packaging was excellent and food was hot.,Positive
13095,116341,2.0,1,3,Very disappointed with the service.,Negative
13096,109165,4.0,5,5,,Positive
13097,107704,5.0,5,4,Great food and fast delivery!,Positive
13098,117596,5.0,5,5,Delivery partner was very polite.,Positive
13099,117162,4.0,5,3,Great food and fast delivery!,Positive
13100,110267,5.0,4,5,Delivery partner was very polite.,Positive
13101,108711,3.0,3,2,"Food was okay, nothing special.",Neutral
13102,104809,5.0,7,5,Best biryani in town!,Positive
13103,105472,2.0,3,1,Very disappointed with the service.,Negative
13104,103482,1.0,1,2,Very disappointed with the service.,Negative
13105,115461,,4,3,Packaging was excellent and food was hot.,Positive
13106,104016,5.0,4,4,Great food and fast delivery!,Positive
13107,107933,4.0,5,3,Amazing experience overall.,Positive
13108,108731,2.0,3,2,,Negative
13109,101344,5.0,4,4,Delivery partner was very polite.,Positive
13110,103595,4.0,3,4,Delivery partner was very polite.,Positive
13111,103534,1.0,1,1,Quality was not up to the mark.,Negative
13112,109271,5.0,5,4,Packaging was excellent and food was hot.,Positive
13113,113221,,2,2,Quality was not up to the mark.,Negative
13114,112191,4.0,5,5,Amazing experience overall.,Positive
13115,111908,5.0,4,5,Best biryani in town!,Positive
13116,114497,5.0,5,5,Amazing experience overall.,Positive
13117,102779,5.0,4,4,Best biryani in town!,Positive
13118,116761,5.0,4,4,Best biryani in town!,Positive
13119,113047,5.0,5,4,"Loved the taste, will order again.",Positive
13120,103212,1.0,2,1,Food arrived cold and late.,Negative
13121,113686,3.0,3,3,,Neutral
13122,113934,4.0,8,5,"Loved the taste, will order again.",Positive
13123,110005,5.0,5,4,Packaging was excellent and food was hot.,Positive
13124,119184,5.0,5,5,"Loved the taste, will order again.",Positive
13125,116267,5.0,5,5,Delivery partner was very polite.,Positive
13126,120406,4.0,4,5,Amazing experience overall.,Positive
13127,103058,4.0,5,3,Great food and fast delivery!,Positive
13128,108466,1.0,1,1,Very disappointed with the service.,Negative
13129,120082,5.0,5,4,Delivery partner was very polite.,Positive
13130,114009,1.0,2,1,Delivery took way too long.,Negative
13131,104154,3.0,2,2,,Neutral
13132,104860,1.0,1,2,Delivery took way too long.,Negative
13133,104435,5.0,4,5,Delivery partner was very polite.,Positive
13134,116862,5.0,5,5,"Loved the taste, will order again.",Positive
13135,120046,5.0,4,5,Packaging was excellent and food was hot.,Positive
13136,102626,1.0,1,1,Quality was not up to the mark.,Negative
13137,111319,1.0,2,1,Very disappointed with the service.,Negative
13138,108573,1.0,1,2,Wrong item delivered.,Negative
13139,119152,4.0,3,3,Packaging was excellent and food was hot.,Positive
13140,101291,3.0,4,3,Average experience.,Neutral
13141,109602,5.0,5,5,Packaging was excellent and food was hot.,Positive
13142,101322,1.0,2,2,Food arrived cold and late.,Negative
13143,116436,5.0,5,4,Packaging was excellent and food was hot.,Positive
13144,104069,3.0,4,2,,Neutral
13145,115319,5.0,5,5,Delivery partner was very polite.,Positive
13146,120403,4.0,5,3,"Loved the taste, will order again.",Positive
13147,119938,2.0,3,1,Very disappointed with the service.,Negative
13148,102321,1.0,1,1,Quality was not up to the mark.,Negative
13149,115263,5.0,5,5,Packaging was excellent and food was hot.,Positive
13150,103711,4.0,5,4,"Loved the taste, will order again.",Positive
13151,103485,,2,1,Quality was not up to the mark.,Negative
13152,110664,1.0,1,2,Wrong item delivered.,Negative
13153,103498,1.0,2,2,Quality was not up to the mark.,Negative
13154,116518,3.0,4,4,"Food was okay, nothing special.",Neutral
13155,101742,5.0,5,4,Packaging was excellent and food was hot.,Positive
13156,107991,1.0,1,1,Food arrived cold and late.,Negative
13157,114752,3.0,4,3,"Food was okay, nothing special.",Neutral
13158,118287,2.0,3,1,Order was incomplete.,Negative
13159,116562,5.0,4,4,"Loved the taste, will order again.",Positive
13160,101464,5.0,4,5,Best biryani in town!,Positive
13161,100666,3.0,2,4,Average experience.,Neutral
13162,103351,2.0,3,1,Food arrived cold and late.,Negative
13163,114953,5.0,5,5,,Positive
13164,109449,2.0,1,1,Order was incomplete.,Negative
13165,111037,3.0,3,2,Delivery was on time but food was mediocre.,Neutral
13166,102250,5.0,5,5,Packaging was excellent and food was hot.,Positive
13167,110145,5.0,5,5,"Loved the taste, will order again.",Positive
13168,100033,3.0,3,4,"Food was okay, nothing special.",Neutral
13169,110958,5.0,5,5,Amazing experience overall.,Positive
13170,107752,2.0,1,2,Wrong item delivered.,Negative
13171,117236,5.0,4,5,Delivery partner was very polite.,Positive
13172,120386,3.0,3,3,"Food was okay, nothing special.",Neutral
13173,118794,5.0,5,4,"Loved the taste, will order again.",Positive
13174,115353,,5,4,Great food and fast delivery!,Positive
13175,104459,5.0,5,5,Delivery partner was very polite.,Positive
13176,119462,5.0,5,5,"Loved the taste, will order again.",Positive
13177,104123,5.0,5,4,Delivery partner was very polite.,Positive
13178,112476,4.0,3,4,Great food and fast delivery!,Positive
13179,116489,5.0,5,4,Delivery partner was very polite.,Positive
13180,117054,2.0,2,2,Wrong item delivered.,Negative
13181,117802,3.0,8,2,Delivery was on time but food was mediocre.,Neutral
13182,119297,4.0,4,5,Delivery partner was very polite.,Positive
13183,102234,3.0,2,2,Average experience.,Neutral
13184,111317,3.0,2,4,"Food was okay, nothing special.",Neutral
13185,117211,3.0,2,3,"Food was okay, nothing special.",Neutral
13186,116813,1.0,1,1,Food arrived cold and late.,Negative
13187,111673,5.0,4,5,Amazing experience overall.,Positive
13188,110300,2.0,2,3,Quality was not up to the mark.,Negative
13189,107286,2.0,3,1,Food arrived cold and late.,Negative
13190,118423,3.0,4,4,"Food was okay, nothing special.",Neutral
13191,114238,4.0,3,4,"Loved the taste, will order again.",Positive
13192,101855,4.0,3,3,Best biryani in town!,Positive
13193,120308,2.0,2,1,Very disappointed with the service.,Negative
13194,112105,1.0,1,1,Wrong item delivered.,Negative
13195,112626,4.0,5,5,Great food and fast delivery!,Positive
13196,110173,,3,2,Delivery took way too long.,Negative
13197,113224,1.0,1,1,Delivery took way too long.,Negative
13198,116059,4.0,4,5,Great food and fast delivery!,Positive
13199,113156,4.0,4,5,Delivery partner was very polite.,Positive
13200,103430,2.0,2,2,Food arrived cold and late.,Negative
13201,118613,5.0,5,4,Amazing experience overall.,Positive
13202,120389,3.0,3,2,Delivery was on time but food was mediocre.,Neutral
13203,119259,4.0,3,3,,Positive
13204,114551,2.0,2,2,Quality was not up to the mark.,Negative
13205,111934,3.0,3,4,,Neutral
13206,114264,5.0,5,4,Delivery partner was very polite.,Positive
13207,117348,5.0,5,4,Great food and fast delivery!,Positive
13208,112352,5.0,4,5,Best biryani in town!,Positive
13209,118893,3.0,3,2,"Food was okay, nothing special.",Neutral
13210,108181,2.0,1,2,Food arrived cold and late.,Negative
13211,110421,5.0,5,5,Packaging was excellent and food was hot.,Positive
13212,118629,5.0,4,4,Packaging was excellent and food was hot.,Positive
13213,108408,3.0,2,4,,Neutral
13214,104135,5.0,5,4,Best biryani in town!,Positive
13215,100302,1.0,2,1,Food arrived cold and late.,Negative
13216,114328,5.0,5,5,"Loved the taste, will order again.",Positive
13217,110804,1.0,2,2,Delivery took way too long.,Negative
13218,103791,1.0,2,2,Wrong item delivered.,Negative
13219,119707,2.0,3,3,Order was incomplete.,Negative
13220,119076,3.0,2,3,Delivery was on time but food was mediocre.,Neutral
13221,106134,1.0,1,1,Delivery took way too long.,Negative
13222,117437,5.0,4,4,Best biryani in town!,Positive
13223,117866,4.0,5,3,"Loved the taste, will order again.",Positive
13224,100505,,2,1,Delivery took way too long.,Negative
13225,100892,3.0,2,2,Delivery was on time but food was mediocre.,Neutral
13226,112926,5.0,5,5,"Loved the taste, will order again.",Positive
13227,102363,5.0,5,5,Best biryani in town!,Positive
13228,103339,5.0,4,5,"Loved the taste, will order again.",Positive
13229,114676,4.0,4,5,"Loved the taste, will order again.",Positive
13230,109347,5.0,5,5,,Positive
13231,106486,4.0,3,3,"Loved the taste, will order again.",Positive
13232,117870,5.0,5,5,Great food and fast delivery!,Positive
13233,118657,5.0,5,5,Great food and fast delivery!,Positive
13234,113409,5.0,4,4,Amazing experience overall.,Positive
13235,107241,4.0,3,3,Packaging was excellent and food was hot.,Positive
13236,112205,3.0,4,4,"Food was okay, nothing special.",Neutral
13237,118900,2.0,3,1,Very disappointed with the service.,Negative
13238,107325,3.0,2,3,"Food was okay, nothing special.",Neutral
13239,101221,3.0,3,3,,Neutral
13240,115961,4.0,3,3,Packaging was excellent and food was hot.,Positive
13241,117966,5.0,4,5,Best biryani in town!,Positive
13242,113360,5.0,5,5,Best biryani in town!,Positive
13243,101250,2.0,1,3,Very disappointed with the service.,Negative
13244,114091,4.0,3,5,Best biryani in town!,Positive
13245,107635,4.0,4,5,Best biryani in town!,Positive
13246,118528,4.0,5,3,Amazing experience overall.,Positive
13247,113271,2.0,3,1,Delivery took way too long.,Negative
13248,100474,3.0,4,2,Delivery was on time but food was mediocre.,Neutral
13249,112282,5.0,4,4,Great food and fast delivery!,Positive
13250,116316,4.0,6,3,"Loved the taste, will order again.",Positive
13251,117824,3.0,2,2,,Neutral
13252,104903,5.0,5,5,Delivery partner was very polite.,Positive
13253,110540,4.0,5,3,Great food and fast delivery!,Positive
13254,111593,5.0,4,5,"Loved the taste, will order again.",Positive
13255,104237,5.0,5,4,Amazing experience overall.,Positive
13256,114951,1.0,1,2,Food arrived cold and late.,Negative
13257,112085,5.0,4,5,"Loved the taste, will order again.",Positive
13258,118415,4.0,3,3,Amazing experience overall.,Positive
13259,118161,1.0,1,1,Very disappointed with the service.,Negative
13260,116061,1.0,1,1,Order was incomplete.,Negative
13261,118156,5.0,5,5,"Loved the taste, will order again.",Positive
13262,116826,1.0,2,2,Delivery took way too long.,Negative
13263,108142,5.0,5,4,"Loved the taste, will order again.",Positive
13264,116146,1.0,2,1,Delivery took way too long.,Negative
13265,110960,3.0,6,2,Average experience.,Neutral
13266,110878,2.0,3,1,,Negative
13267,115723,5.0,5,4,Amazing experience overall.,Positive
13268,113673,5.0,4,4,"Loved the taste, will order again.",Positive
13269,107203,5.0,5,5,Best biryani in town!,Positive
13270,103472,3.0,2,2,Average experience.,Neutral
13271,101842,5.0,4,4,"Loved the taste, will order again.",Positive
13272,105752,5.0,5,4,"Loved the taste, will order again.",Positive
13273,103995,3.0,4,2,Delivery was on time but food was mediocre.,Neutral
13274,119419,5.0,5,5,"Loved the taste, will order again.",Positive
13275,116024,5.0,5,5,Amazing experience overall.,Positive
13276,104799,4.0,4,5,Delivery partner was very polite.,Positive
13277,105616,3.0,2,4,Delivery was on time but food was mediocre.,Neutral
13278,113751,1.0,1,1,Delivery took way too long.,Negative
13279,116121,4.0,4,3,Packaging was excellent and food was hot.,Positive
13280,113048,5.0,5,4,Delivery partner was very polite.,Positive
13281,112460,3.0,2,2,,Neutral
13282,115726,3.0,4,2,"Food was okay, nothing special.",Neutral
13283,120303,3.0,2,2,,Neutral
13284,115400,3.0,3,2,"Food was okay, nothing special.",Neutral
13285,120090,5.0,5,4,Delivery partner was very polite.,Positive
13286,113945,3.0,3,4,Average experience.,Neutral
13287,109505,5.0,5,5,Delivery partner was very polite.,Positive
13288,119208,3.0,3,3,Delivery was on time but food was mediocre.,Neutral
13289,102121,1.0,2,2,Wrong item delivered.,Negative
13290,103386,3.0,2,3,Average experience.,Neutral
13291,118933,5.0,4,5,Amazing experience overall.,Positive
13292,101091,5.0,5,5,"Loved the taste, will order again.",Positive
13293,100794,5.0,5,5,Packaging was excellent and food was hot.,Positive
13294,109563,3.0,4,4,"Food was okay, nothing special.",Neutral
13295,111258,5.0,4,5,Delivery partner was very polite.,Positive
13296,108736,5.0,4,5,Packaging was excellent and food was hot.,Positive
13297,107547,2.0,1,2,Delivery took way too long.,Negative
13298,120129,3.0,2,2,,Neutral
13299,115012,5.0,5,4,"Loved the taste, will order again.",Positive
13300,117595,5.0,5,4,Delivery partner was very polite.,Positive
13301,105570,3.0,2,3,"Food was okay, nothing special.",Neutral
13302,104399,1.0,1,1,Very disappointed with the service.,Negative
13303,109388,5.0,4,4,Best biryani in town!,Positive
13304,115488,2.0,2,2,Order was incomplete.,Negative
13305,108161,5.0,5,5,Amazing experience overall.,Positive
13306,109209,4.0,4,5,Packaging was excellent and food was hot.,Positive
13307,105853,2.0,1,3,Food arrived cold and late.,Negative
13308,114814,5.0,4,4,Amazing experience overall.,Positive
13309,105129,4.0,3,3,"Loved the taste, will order again.",Positive
13310,116444,1.0,1,1,Very disappointed with the service.,Negative
13311,112606,5.0,5,5,Amazing experience overall.,Positive
13312,101268,5.0,4,5,Delivery partner was very polite.,Positive
13313,102801,5.0,4,5,"Loved the taste, will order again.",Positive
13314,104292,2.0,3,1,Delivery took way too long.,Negative
13315,111062,2.0,1,1,Wrong item delivered.,Negative
13316,105117,2.0,1,3,Food arrived cold and late.,Negative
13317,107788,3.0,3,2,Average experience.,Neutral
13318,114882,5.0,5,4,Amazing experience overall.,Positive
13319,114570,5.0,5,5,Best biryani in town!,Positive
13320,114375,3.0,2,3,Delivery was on time but food was mediocre.,Neutral
13321,103976,4.0,3,5,Best biryani in town!,Positive
13322,111753,2.0,3,3,Wrong item delivered.,Negative
13323,117205,2.0,1,1,Food arrived cold and late.,Negative
13324,109745,2.0,2,2,Wrong item delivered.,Negative
13325,108921,5.0,4,5,"Loved the taste, will order again.",Positive
13326,118852,3.0,4,2,Average experience.,Neutral
13327,103288,4.0,5,5,Best biryani in town!,Positive
13328,116770,4.0,3,4,Delivery partner was very polite.,Positive
13329,105309,2.0,2,2,Food arrived cold and late.,Negative
13330,119134,5.0,4,4,Packaging was excellent and food was hot.,Positive
13331,102774,2.0,2,3,Quality was not up to the mark.,Negative
13332,107251,5.0,5,5,Great food and fast delivery!,Positive
13333,100410,2.0,2,1,Food arrived cold and late.,Negative
13334,113919,2.0,1,1,Very disappointed with the service.,Negative
13335,111147,3.0,3,3,Delivery was on time but food was mediocre.,Neutral
13336,104147,4.0,3,3,Amazing experience overall.,Positive
13337,115472,4.0,5,3,Delivery partner was very polite.,Positive
13338,117713,2.0,2,1,Very disappointed with the service.,Negative
13339,112824,1.0,2,1,Very disappointed with the service.,Negative
13340,100108,1.0,1,2,,Negative
13341,114179,2.0,3,1,Quality was not up to the mark.,Negative
13342,109895,4.0,3,5,Best biryani in town!,Positive
13343,118907,2.0,1,3,Wrong item delivered.,Negative
13344,104174,1.0,1,2,Food arrived cold and late.,Negative
13345,111991,2.0,3,1,Quality was not up to the mark.,Negative
13346,116280,4.0,5,4,Amazing experience overall.,Positive
13347,119246,2.0,2,2,Delivery took way too long.,Negative
13348,112356,4.0,3,3,Packaging was excellent and food was hot.,Positive
13349,112485,3.0,3,4,"Food was okay, nothing special.",Neutral
13350,110814,5.0,4,4,"Loved the taste, will order again.",Positive
13351,119219,1.0,1,1,Order was incomplete.,Negative
13352,105007,5.0,5,5,Packaging was excellent and food was hot.,Positive
13353,105348,4.0,4,4,Best biryani in town!,Positive
13354,102017,3.0,4,2,,Neutral
13355,107956,5.0,5,4,Great food and fast delivery!,Positive
13356,101906,5.0,5,5,"Loved the taste, will order again.",Positive
13357,105410,5.0,4,4,Packaging was excellent and food was hot.,Positive
13358,103936,1.0,2,2,Quality was not up to the mark.,Negative
13359,107992,4.0,4,5,Amazing experience overall.,Positive
13360,101818,4.0,3,5,Delivery partner was very polite.,Positive
13361,104978,5.0,5,5,Packaging was excellent and food was hot.,Positive
13362,116658,4.0,3,4,"Loved the taste, will order again.",Positive
13363,104723,3.0,2,2,Delivery was on time but food was mediocre.,Neutral
13364,108536,2.0,1,2,Food arrived cold and late.,Negative
13365,113622,5.0,4,5,Delivery partner was very polite.,Positive
13366,104062,3.0,2,3,Delivery was on time but food was mediocre.,Neutral
13367,109902,2.0,3,3,Delivery took way too long.,Negative
13368,109238,4.0,4,3,Best biryani in town!,Positive
13369,110348,4.0,3,4,Packaging was excellent and food was hot.,Positive
13370,103311,4.0,4,4,Packaging was excellent and food was hot.,Positive
13371,118506,2.0,1,2,Quality was not up to the mark.,Negative
13372,111736,4.0,3,5,Delivery partner was very polite.,Positive
13373,104954,4.0,3,4,Best biryani in town!,Positive
13374,105655,5.0,5,5,Great food and fast delivery!,Positive
13375,114745,2.0,1,3,Very disappointed with the service.,Negative
13376,119085,5.0,5,5,Best biryani in town!,Positive
13377,106599,5.0,4,5,Best biryani in town!,Positive
13378,116193,2.0,3,1,Order was incomplete.,Negative
13379,110280,5.0,5,5,Amazing experience overall.,Positive
13380,104530,3.0,3,3,Average experience.,Neutral
13381,103986,4.0,3,4,Packaging was excellent and food was hot.,Positive
13382,120240,3.0,4,2,"Food was okay, nothing special.",Neutral
13383,119351,5.0,5,4,Best biryani in town!,Positive
13384,115952,2.0,3,1,Order was incomplete.,Negative
13385,119343,5.0,4,5,Amazing experience overall.,Positive
13386,111059,5.0,5,5,Best biryani in town!,Positive
13387,103681,2.0,3,2,Quality was not up to the mark.,Negative
13388,120340,1.0,1,1,Wrong item delivered.,Negative
13389,120112,5.0,5,4,Packaging was excellent and food was hot.,Positive
13390,118431,5.0,5,5,Great food and fast delivery!,Positive
13391,117291,5.0,5,5,"Loved the taste, will order again.",Positive
13392,105340,5.0,5,5,Great food and fast delivery!,Positive
13393,119262,4.0,5,3,Best biryani in town!,Positive
13394,100596,4.0,5,5,"Loved the taste, will order again.",Positive
13395,117632,4.0,3,4,"Loved the taste, will order again.",Positive
13396,109734,3.0,3,3,"Food was okay, nothing special.",Neutral
13397,108152,2.0,2,1,Very disappointed with the service.,Negative
13398,100365,5.0,5,4,Best biryani in town!,Positive
13399,118355,3.0,2,2,,Neutral
13400,105274,4.0,5,4,Delivery partner was very polite.,Positive
13401,114265,4.0,5,5,Delivery partner was very polite.,Positive
13402,109986,2.0,2,2,Food arrived cold and late.,Negative
13403,108491,5.0,5,5,Amazing experience overall.,Positive
13404,117378,1.0,1,1,Wrong item delivered.,Negative
13405,105234,4.0,4,4,Delivery partner was very polite.,Positive
13406,112633,2.0,2,2,Food arrived cold and late.,Negative
13407,110628,1.0,1,1,Quality was not up to the mark.,Negative
13408,101726,4.0,4,5,Packaging was excellent and food was hot.,Positive
13409,117977,3.0,4,3,Average experience.,Neutral
13410,112195,2.0,2,3,Very disappointed with the service.,Negative
13411,112509,,3,4,Packaging was excellent and food was hot.,Positive
13412,118772,5.0,5,4,Delivery partner was very polite.,Positive
13413,103044,3.0,3,4,Average experience.,Neutral
13414,104613,,4,4,Great food and fast delivery!,Positive
13415,102974,2.0,2,3,Quality was not up to the mark.,Negative
13416,110904,5.0,5,5,Packaging was excellent and food was hot.,Positive
13417,112297,4.0,4,5,Delivery partner was very polite.,Positive
13418,101413,3.0,4,3,"Food was okay, nothing special.",Neutral
13419,115058,5.0,5,5,Amazing experience overall.,Positive
13420,103678,5.0,5,5,Amazing experience overall.,Positive
13421,112769,5.0,4,5,Packaging was excellent and food was hot.,Positive
13422,112088,5.0,5,4,Amazing experience overall.,Positive
13423,111652,4.0,3,3,Packaging was excellent and food was hot.,Positive
13424,118179,3.0,3,2,Delivery was on time but food was mediocre.,Neutral
13425,112665,2.0,2,3,Delivery took way too long.,Negative
13426,112193,2.0,1,1,Order was incomplete.,Negative
13427,112198,4.0,4,3,Packaging was excellent and food was hot.,Positive
13428,102381,2.0,1,2,,Negative
13429,107716,5.0,4,5,Best biryani in town!,Positive
13430,100208,1.0,1,2,Delivery took way too long.,Negative
13431,119038,5.0,4,5,Amazing experience overall.,Positive
13432,100945,5.0,4,4,Amazing experience overall.,Positive
13433,104469,5.0,4,5,"Loved the taste, will order again.",Positive
13434,107896,4.0,5,5,"Loved the taste, will order again.",Positive
13435,100547,3.0,4,2,"Food was okay, nothing special.",Neutral
13436,102167,2.0,2,2,Wrong item delivered.,Negative
13437,117860,3.0,4,3,Delivery was on time but food was mediocre.,Neutral
13438,106423,4.0,3,5,Best biryani in town!,Positive
13439,117263,5.0,5,5,Delivery partner was very polite.,Positive
13440,116999,3.0,4,2,,Neutral
13441,109702,4.0,4,5,Amazing experience overall.,Positive
13442,113265,2.0,1,2,Order was incomplete.,Negative
13443,104932,5.0,5,4,Delivery partner was very polite.,Positive
13444,116649,3.0,4,3,,Neutral
13445,107419,3.0,4,3,"Food was okay, nothing special.",Neutral
13446,109321,4.0,4,3,Packaging was excellent and food was hot.,Positive
13447,117431,5.0,5,5,Delivery partner was very polite.,Positive
13448,111660,3.0,3,2,Average experience.,Neutral
13449,101608,5.0,5,4,Best biryani in town!,Positive
13450,114182,5.0,4,5,Great food and fast delivery!,Positive
13451,107383,5.0,4,4,Delivery partner was very polite.,Positive
13452,108022,5.0,5,4,Delivery partner was very polite.,Positive
13453,120128,3.0,2,3,"Food was okay, nothing special.",Neutral
13454,117564,5.0,5,5,Amazing experience overall.,Positive
13455,109685,3.0,4,4,"Food was okay, nothing special.",Neutral
13456,108087,5.0,5,5,Packaging was excellent and food was hot.,Positive
13457,116828,3.0,2,4,"Food was okay, nothing special.",Neutral
13458,106646,4.0,5,3,Best biryani in town!,Positive
13459,103928,2.0,1,2,Order was incomplete.,Negative
13460,118471,5.0,4,4,Best biryani in town!,Positive
13461,107830,5.0,5,5,Packaging was excellent and food was hot.,Positive
13462,106030,5.0,4,5,Amazing experience overall.,Positive
13463,112849,1.0,2,1,Order was incomplete.,Negative
13464,104434,1.0,1,1,Order was incomplete.,Negative
13465,118979,3.0,4,2,"Food was okay, nothing special.",Neutral
13466,100423,5.0,5,4,Packaging was excellent and food was hot.,Positive
13467,113899,2.0,1,3,Order was incomplete.,Negative
13468,104040,1.0,1,1,Quality was not up to the mark.,Negative
13469,118608,5.0,4,5,Amazing experience overall.,Positive
13470,109661,2.0,3,2,Order was incomplete.,Negative
13471,103633,4.0,3,5,Delivery partner was very polite.,Positive
13472,115738,3.0,3,3,Average experience.,Neutral
13473,104480,5.0,5,5,Great food and fast delivery!,Positive
13474,113858,5.0,5,4,Great food and fast delivery!,Positive
13475,103798,3.0,4,3,"Food was okay, nothing special.",Neutral
13476,110037,5.0,5,4,"Loved the taste, will order again.",Positive
13477,102057,5.0,5,5,Packaging was excellent and food was hot.,Positive
13478,119437,5.0,5,5,Delivery partner was very polite.,Positive
13479,103413,5.0,5,5,Amazing experience overall.,Positive
13480,115564,4.0,3,3,Great food and fast delivery!,Positive
13481,103566,5.0,5,4,Great food and fast delivery!,Positive
13482,115441,2.0,2,1,Order was incomplete.,Negative
13483,106948,4.0,4,4,Best biryani in town!,Positive
13484,113734,2.0,2,2,Delivery took way too long.,Negative
13485,100143,5.0,5,5,Amazing experience overall.,Positive
13486,108515,2.0,2,3,Wrong item delivered.,Negative
13487,106218,1.0,1,2,Quality was not up to the mark.,Negative
13488,100102,3.0,2,3,Delivery was on time but food was mediocre.,Neutral
13489,100424,2.0,1,2,Food arrived cold and late.,Negative
13490,103332,4.0,4,4,Best biryani in town!,Positive
13491,111392,5.0,4,5,Great food and fast delivery!,Positive
13492,108030,2.0,3,2,Order was incomplete.,Negative
13493,104874,3.0,3,3,Delivery was on time but food was mediocre.,Neutral
13494,109244,2.0,3,1,Wrong item delivered.,Negative
13495,119673,1.0,2,2,Very disappointed with the service.,Negative
13496,103341,5.0,5,5,Delivery partner was very polite.,Positive
13497,109704,5.0,4,5,Packaging was excellent and food was hot.,Positive
13498,106468,5.0,5,4,Great food and fast delivery!,Positive
13499,110164,4.0,5,3,Great food and fast delivery!,Positive
13500,111743,4.0,5,5,Best biryani in town!,Positive
13501,108297,3.0,3,4,,Neutral
13502,115317,3.0,3,3,Delivery was on time but food was mediocre.,Neutral
13503,119176,4.0,4,3,Packaging was excellent and food was hot.,Positive
13504,104217,4.0,3,4,"Loved the taste, will order again.",Positive
13505,120101,2.0,3,1,Food arrived cold and late.,Negative
13506,105608,5.0,4,5,,Positive
13507,111529,5.0,5,5,"Loved the taste, will order again.",Positive
13508,113757,5.0,5,5,Amazing experience overall.,Positive
13509,102890,3.0,3,2,Average experience.,Neutral
13510,115244,4.0,3,5,"Loved the taste, will order again.",Positive
13511,102877,5.0,5,5,"Loved the taste, will order again.",Positive
13512,112884,2.0,3,3,Food arrived cold and late.,Negative
13513,106720,3.0,4,3,Delivery was on time but food was mediocre.,Neutral
13514,111285,2.0,2,2,Quality was not up to the mark.,Negative
13515,109081,2.0,3,2,Delivery took way too long.,Negative
13516,111810,2.0,3,1,Very disappointed with the service.,Negative
13517,106031,2.0,2,3,Delivery took way too long.,Negative
13518,110507,5.0,5,5,Best biryani in town!,Positive
13519,114194,5.0,4,5,Packaging was excellent and food was hot.,Positive
13520,103042,5.0,5,5,Delivery partner was very polite.,Positive
13521,114175,5.0,4,4,"Loved the taste, will order again.",Positive
13522,119174,5.0,5,5,Delivery partner was very polite.,Positive
13523,106625,5.0,4,4,Amazing experience overall.,Positive
13524,113211,5.0,5,5,Packaging was excellent and food was hot.,Positive
13525,119308,3.0,4,3,,Neutral
13526,108325,2.0,2,1,Quality was not up to the mark.,Negative
13527,109182,2.0,3,2,Food arrived cold and late.,Negative
13528,105938,3.0,4,2,"Food was okay, nothing special.",Neutral
13529,107855,5.0,5,5,Amazing experience overall.,Positive
13530,119031,4.0,5,4,Great food and fast delivery!,Positive
13531,115391,2.0,2,3,Wrong item delivered.,Negative
13532,118424,3.0,4,2,Average experience.,Neutral
13533,103374,5.0,5,5,Delivery partner was very polite.,Positive
13534,116240,3.0,2,4,,Neutral
13535,116656,5.0,5,5,Amazing experience overall.,Positive
13536,106465,5.0,4,5,Packaging was excellent and food was hot.,Positive
13537,103495,4.0,4,5,Delivery partner was very polite.,Positive
13538,101047,5.0,4,5,Best biryani in town!,Positive
13539,119927,5.0,4,5,Great food and fast delivery!,Positive
13540,119099,5.0,5,5,"Loved the taste, will order again.",Positive
13541,105058,2.0,2,1,Order was incomplete.,Negative
13542,101457,1.0,2,1,Food arrived cold and late.,Negative
13543,102577,2.0,2,2,Quality was not up to the mark.,Negative
13544,118651,4.0,4,3,"Loved the taste, will order again.",Positive
13545,115937,4.0,5,3,"Loved the taste, will order again.",Positive
13546,113479,4.0,3,3,Packaging was excellent and food was hot.,Positive
13547,119191,5.0,5,5,Great food and fast delivery!,Positive
13548,115868,5.0,4,5,Packaging was excellent and food was hot.,Positive
13549,106836,5.0,5,5,Packaging was excellent and food was hot.,Positive
13550,118348,5.0,5,5,Amazing experience overall.,Positive
13551,108766,2.0,2,3,Food arrived cold and late.,Negative
13552,114410,2.0,1,2,Order was incomplete.,Negative
13553,118332,1.0,2,1,Food arrived cold and late.,Negative
13554,113042,5.0,5,5,Great food and fast delivery!,Positive
13555,119998,5.0,5,5,Amazing experience overall.,Positive
13556,109293,3.0,2,3,Delivery was on time but food was mediocre.,Neutral
13557,105843,3.0,3,2,"Food was okay, nothing special.",Neutral
13558,120482,2.0,1,1,Quality was not up to the mark.,Negative
13559,118640,4.0,5,5,Packaging was excellent and food was hot.,Positive
13560,115423,5.0,5,5,"Loved the taste, will order again.",Positive
13561,108258,3.0,2,2,"Food was okay, nothing special.",Neutral
13562,112521,5.0,5,5,Delivery partner was very polite.,Positive
13563,109345,2.0,1,1,Wrong item delivered.,Negative
13564,117319,4.0,5,5,,Positive
13565,105560,,2,1,Wrong item delivered.,Negative
13566,111683,3.0,2,4,,Neutral
13567,117600,2.0,2,1,Quality was not up to the mark.,Negative
13568,104478,2.0,3,3,Wrong item delivered.,Negative
13569,110908,5.0,5,5,Amazing experience overall.,Positive
13570,101320,2.0,2,3,Food arrived cold and late.,Negative
13571,103627,5.0,5,5,Delivery partner was very polite.,Positive
13572,111522,4.0,3,5,Best biryani in town!,Positive
13573,104311,4.0,4,4,Delivery partner was very polite.,Positive
13574,113897,1.0,2,1,Food arrived cold and late.,Negative
13575,114340,5.0,4,5,"Loved the taste, will order again.",Positive
13576,111568,5.0,5,5,Amazing experience overall.,Positive
13577,111678,3.0,2,3,Delivery was on time but food was mediocre.,Neutral
13578,113113,5.0,5,5,"Loved the taste, will order again.",Positive
13579,116226,2.0,1,3,Food arrived cold and late.,Negative
13580,118034,4.0,4,3,"Loved the taste, will order again.",Positive
13581,103983,5.0,5,4,Delivery partner was very polite.,Positive
13582,115344,4.0,3,4,Great food and fast delivery!,Positive
13583,106470,3.0,3,2,Average experience.,Neutral
13584,118486,5.0,4,4,,Positive
13585,111265,2.0,2,3,Food arrived cold and late.,Negative
13586,102273,2.0,3,1,Very disappointed with the service.,Negative
13587,108212,,2,1,Very disappointed with the service.,Negative
13588,114991,1.0,1,1,Food arrived cold and late.,Negative
13589,101397,2.0,2,1,Food arrived cold and late.,Negative
13590,113179,1.0,1,1,Delivery took way too long.,Negative
13591,104175,3.0,4,3,"Food was okay, nothing special.",Neutral
13592,102901,3.0,4,2,,Neutral
13593,113565,5.0,5,5,Delivery partner was very polite.,Positive
13594,105405,4.0,3,5,Amazing experience overall.,Positive
13595,118813,3.0,3,3,Delivery was on time but food was mediocre.,Neutral
13596,108307,3.0,3,4,,Neutral
13597,118378,2.0,3,1,Delivery took way too long.,Negative
13598,110557,1.0,1,1,Food arrived cold and late.,Negative
13599,117967,2.0,3,1,Very disappointed with the service.,Negative
13600,113827,2.0,2,1,Food arrived cold and late.,Negative
13601,115796,4.0,5,4,,Positive
13602,113248,3.0,3,3,Delivery was on time but food was mediocre.,Neutral
13603,105204,1.0,1,2,Delivery took way too long.,Negative
13604,102265,4.0,3,3,Packaging was excellent and food was hot.,Positive
13605,112577,5.0,4,5,Delivery partner was very polite.,Positive
13606,102867,3.0,4,2,Average experience.,Neutral
13607,106212,5.0,4,4,"Loved the taste, will order again.",Positive
13608,101227,2.0,3,3,Very disappointed with the service.,Negative
13609,114368,3.0,4,4,Delivery was on time but food was mediocre.,Neutral
13610,111680,5.0,5,4,Amazing experience overall.,Positive
13611,105574,1.0,2,2,Quality was not up to the mark.,Negative
13612,103009,4.0,3,4,Best biryani in town!,Positive
13613,114817,3.0,4,2,,Neutral
13614,108543,3.0,2,4,"Food was okay, nothing special.",Neutral
13615,119918,5.0,5,4,Best biryani in town!,Positive
13616,107139,2.0,3,2,Very disappointed with the service.,Negative
13617,107160,4.0,5,3,,Positive
13618,113127,5.0,4,4,Packaging was excellent and food was hot.,Positive
13619,117529,5.0,5,4,"Loved the taste, will order again.",Positive
13620,116785,2.0,2,2,Wrong item delivered.,Negative
13621,114192,2.0,1,1,Quality was not up to the mark.,Negative
13622,111876,,5,4,Packaging was excellent and food was hot.,Positive
13623,107467,4.0,4,4,Packaging was excellent and food was hot.,Positive
13624,120323,2.0,1,3,Quality was not up to the mark.,Negative
13625,115276,4.0,4,4,Great food and fast delivery!,Positive
13626,111207,2.0,1,2,Wrong item delivered.,Negative
13627,103343,5.0,4,5,Packaging was excellent and food was hot.,Positive
13628,104136,2.0,1,3,Order was incomplete.,Negative
13629,119373,3.0,4,3,"Food was okay, nothing special.",Neutral
13630,110380,2.0,2,1,Quality was not up to the mark.,Negative
13631,116946,1.0,1,2,Wrong item delivered.,Negative
13632,102084,5.0,5,5,Best biryani in town!,Positive
13633,116218,3.0,3,3,,Neutral
13634,108913,4.0,3,3,"Loved the taste, will order again.",Positive
13635,106398,4.0,5,5,Delivery partner was very polite.,Positive
13636,108155,2.0,2,2,Quality was not up to the mark.,Negative
13637,119322,2.0,2,3,Food arrived cold and late.,Negative
13638,119507,1.0,1,1,Delivery took way too long.,Negative
13639,114159,5.0,5,5,Packaging was excellent and food was hot.,Positive
13640,117687,4.0,5,3,Amazing experience overall.,Positive
13641,112341,5.0,5,4,"Loved the taste, will order again.",Positive
13642,118283,3.0,2,2,Delivery was on time but food was mediocre.,Neutral
13643,104256,3.0,3,3,,Neutral
13644,112902,3.0,3,3,Average experience.,Neutral
13645,103782,4.0,5,3,Great food and fast delivery!,Positive
13646,112409,3.0,3,4,Average experience.,Neutral
13647,115674,4.0,5,3,Amazing experience overall.,Positive
13648,101750,5.0,4,4,Best biryani in town!,Positive
13649,113818,3.0,2,3,Delivery was on time but food was mediocre.,Neutral
13650,100382,2.0,1,2,Quality was not up to the mark.,Negative
13651,102189,2.0,1,1,Food arrived cold and late.,Negative
13652,110189,2.0,1,3,Very disappointed with the service.,Negative
13653,111564,5.0,4,5,Great food and fast delivery!,Positive
13654,104365,4.0,5,3,Great food and fast delivery!,Positive
13655,106571,1.0,2,1,Quality was not up to the mark.,Negative
13656,104306,5.0,4,5,"Loved the taste, will order again.",Positive
13657,118636,2.0,1,1,Delivery took way too long.,Negative
13658,120447,5.0,4,5,Best biryani in town!,Positive
13659,102442,3.0,4,4,Average experience.,Neutral
13660,116127,3.0,3,4,Delivery was on time but food was mediocre.,Neutral
13661,115314,4.0,4,4,Packaging was excellent and food was hot.,Positive
13662,108628,3.0,4,3,Delivery was on time but food was mediocre.,Neutral
13663,103449,2.0,1,1,Very disappointed with the service.,Negative
13664,114536,,4,5,Best biryani in town!,Positive
13665,103477,3.0,2,3,Delivery was on time but food was mediocre.,Neutral
13666,104347,3.0,3,2,Average experience.,Neutral
13667,118549,5.0,4,4,Best biryani in town!,Positive
13668,106752,5.0,4,5,Delivery partner was very polite.,Positive
13669,105363,3.0,4,2,,Neutral
13670,119328,4.0,4,5,Delivery partner was very polite.,Positive
13671,118239,4.0,4,5,Great food and fast delivery!,Positive
13672,117157,3.0,3,3,,Neutral
13673,120238,1.0,2,2,Quality was not up to the mark.,Negative
13674,114169,3.0,4,2,,Neutral
13675,114135,2.0,3,2,Wrong item delivered.,Negative
13676,104806,2.0,1,2,Delivery took way too long.,Negative
13677,106734,3.0,3,3,Average experience.,Neutral
13678,108764,5.0,5,5,Best biryani in town!,Positive
13679,109490,1.0,1,2,Wrong item delivered.,Negative
13680,105094,4.0,3,5,Amazing experience overall.,Positive
13681,113262,4.0,3,5,Amazing experience overall.,Positive
13682,110559,4.0,4,5,Delivery partner was very polite.,Positive
13683,106569,,4,3,Great food and fast delivery!,Positive
13684,106129,1.0,1,1,Food arrived cold and late.,Negative
13685,113675,3.0,2,4,Delivery was on time but food was mediocre.,Neutral
13686,100180,3.0,2,2,Delivery was on time but food was mediocre.,Neutral
13687,105935,1.0,2,2,Very disappointed with the service.,Negative
13688,101046,2.0,2,2,Quality was not up to the mark.,Negative
13689,102652,1.0,1,2,Quality was not up to the mark.,Negative
13690,101420,1.0,1,2,Wrong item delivered.,Negative
13691,100315,4.0,3,5,"Loved the taste, will order again.",Positive
13692,100380,3.0,3,4,Average experience.,Neutral
13693,112264,4.0,3,4,Amazing experience overall.,Positive
13694,115243,5.0,4,5,"Loved the taste, will order again.",Positive
13695,118288,1.0,2,1,Delivery took way too long.,Negative
13696,119794,2.0,3,3,Quality was not up to the mark.,Negative
13697,108372,5.0,4,5,Amazing experience overall.,Positive
13698,101302,3.0,3,3,Delivery was on time but food was mediocre.,Neutral
13699,106849,1.0,1,1,Quality was not up to the mark.,Negative
13700,110012,4.0,3,4,,Positive
13701,103507,5.0,5,4,Best biryani in town!,Positive
13702,107690,4.0,3,4,Packaging was excellent and food was hot.,Positive
13703,106612,3.0,4,2,Delivery was on time but food was mediocre.,Neutral
13704,102992,5.0,5,5,"Loved the taste, will order again.",Positive
13705,120021,3.0,3,3,Average experience.,Neutral
13706,115340,2.0,1,2,Quality was not up to the mark.,Negative
13707,112018,3.0,2,4,,Neutral
13708,113586,,1,3,Delivery took way too long.,Negative
13709,118444,1.0,1,1,Very disappointed with the service.,Negative
13710,107470,3.0,3,4,,Neutral
13711,116556,5.0,4,4,Packaging was excellent and food was hot.,Positive
13712,114236,2.0,3,1,Delivery took way too long.,Negative
13713,112778,3.0,2,4,Delivery was on time but food was mediocre.,Neutral
13714,100473,5.0,4,5,Packaging was excellent and food was hot.,Positive
13715,101955,3.0,3,3,Average experience.,Neutral
13716,113060,5.0,4,5,"Loved the taste, will order again.",Positive
13717,116198,5.0,5,5,"Loved the taste, will order again.",Positive
13718,101592,3.0,2,2,"Food was okay, nothing special.",Neutral
13719,102896,4.0,5,5,Delivery partner was very polite.,Positive
13720,119289,5.0,5,5,Amazing experience overall.,Positive
13721,101846,5.0,5,5,Great food and fast delivery!,Positive
13722,103147,5.0,5,5,Great food and fast delivery!,Positive
13723,107465,4.0,4,5,Best biryani in town!,Positive
13724,104333,4.0,3,5,Packaging was excellent and food was hot.,Positive
13725,103823,2.0,3,1,Delivery took way too long.,Negative
13726,104335,1.0,1,2,Quality was not up to the mark.,Negative
13727,115636,1.0,1,1,Wrong item delivered.,Negative
13728,116156,4.0,4,5,Delivery partner was very polite.,Positive
13729,104795,2.0,2,1,Wrong item delivered.,Negative
13730,111723,2.0,2,2,Very disappointed with the service.,Negative
13731,114427,3.0,3,4,Average experience.,Neutral
13732,112656,4.0,3,5,"Loved the taste, will order again.",Positive
13733,107787,3.0,4,4,"Food was okay, nothing special.",Neutral
13734,106834,2.0,1,2,Quality was not up to the mark.,Negative
13735,111445,4.0,5,3,Great food and fast delivery!,Positive
13736,112611,2.0,3,1,Wrong item delivered.,Negative
13737,119186,1.0,1,2,Delivery took way too long.,Negative
13738,115370,5.0,5,5,Best biryani in town!,Positive
13739,111437,3.0,2,2,Delivery was on time but food was mediocre.,Neutral
13740,106125,4.0,3,4,Amazing experience overall.,Positive
13741,113512,4.0,4,3,Amazing experience overall.,Positive
13742,114939,4.0,3,5,"Loved the taste, will order again.",Positive
13743,114062,4.0,5,3,Great food and fast delivery!,Positive
13744,104131,3.0,4,2,Average experience.,Neutral
13745,113289,4.0,5,3,Delivery partner was very polite.,Positive
13746,110212,3.0,2,4,Delivery was on time but food was mediocre.,Neutral
13747,105833,4.0,5,3,Packaging was excellent and food was hot.,Positive
13748,105590,3.0,3,3,Average experience.,Neutral
13749,113065,4.0,4,4,Packaging was excellent and food was hot.,Positive
13750,108608,4.0,4,4,Packaging was excellent and food was hot.,Positive
13751,100042,4.0,3,3,Packaging was excellent and food was hot.,Positive
13752,108293,5.0,5,5,Amazing experience overall.,Positive
13753,104320,5.0,5,4,"Loved the taste, will order again.",Positive
13754,112267,5.0,4,5,Best biryani in town!,Positive
13755,116268,3.0,4,3,Delivery was on time but food was mediocre.,Neutral
13756,116504,2.0,3,1,Order was incomplete.,Negative
13757,108971,2.0,3,1,Quality was not up to the mark.,Negative
13758,108098,3.0,3,2,"Food was okay, nothing special.",Neutral
13759,106651,4.0,4,4,"Loved the taste, will order again.",Positive
13760,118697,5.0,4,5,Packaging was excellent and food was hot.,Positive
13761,110309,5.0,4,5,Delivery partner was very polite.,Positive
13762,101350,2.0,3,3,Order was incomplete.,Negative
13763,116577,4.0,3,4,Great food and fast delivery!,Positive
13764,105991,3.0,3,3,,Neutral
13765,101415,2.0,2,1,Very disappointed with the service.,Negative
13766,118955,3.0,2,3,Average experience.,Neutral
13767,118248,5.0,4,5,Great food and fast delivery!,Positive
13768,102304,4.0,4,5,Great food and fast delivery!,Positive
13769,102658,3.0,3,3,Average experience.,Neutral
13770,102467,5.0,4,5,"Loved the taste, will order again.",Positive
13771,108838,1.0,2,2,Food arrived cold and late.,Negative
13772,100076,3.0,2,4,Delivery was on time but food was mediocre.,Neutral
13773,105850,5.0,4,5,Packaging was excellent and food was hot.,Positive
13774,106884,1.0,1,1,,Negative
13775,104570,3.0,3,2,,Neutral
13776,110887,2.0,1,2,Delivery took way too long.,Negative
13777,111635,3.0,4,4,,Neutral
13778,110059,5.0,4,5,Great food and fast delivery!,Positive
13779,113889,5.0,5,5,Packaging was excellent and food was hot.,Positive
13780,116142,2.0,1,2,Food arrived cold and late.,Negative
13781,119552,5.0,4,5,Packaging was excellent and food was hot.,Positive
13782,100551,5.0,5,4,"Loved the taste, will order again.",Positive
13783,119622,5.0,5,4,Best biryani in town!,Positive
13784,115532,3.0,4,3,"Food was okay, nothing special.",Neutral
13785,116426,4.0,3,3,Best biryani in town!,Positive
13786,108186,5.0,5,4,Best biryani in town!,Positive
13787,113148,5.0,5,4,Great food and fast delivery!,Positive
13788,113287,5.0,5,4,Best biryani in town!,Positive
13789,103295,2.0,2,1,Food arrived cold and late.,Negative
13790,116488,5.0,5,5,Packaging was excellent and food was hot.,Positive
13791,113864,4.0,3,5,Great food and fast delivery!,Positive
13792,108485,5.0,5,5,Packaging was excellent and food was hot.,Positive
13793,106048,5.0,5,4,Best biryani in town!,Positive
13794,115115,3.0,4,4,,Neutral
13795,104580,3.0,2,3,"Food was okay, nothing special.",Neutral
13796,111246,2.0,3,2,Order was incomplete.,Negative
13797,110797,1.0,1,1,Delivery took way too long.,Negative
13798,111064,2.0,1,3,Quality was not up to the mark.,Negative
13799,118943,5.0,4,5,Amazing experience overall.,Positive
13800,108969,2.0,3,3,Food arrived cold and late.,Negative
13801,116950,4.0,4,3,"Loved the taste, will order again.",Positive
13802,103038,5.0,5,5,"Loved the taste, will order again.",Positive
13803,114090,2.0,3,3,Quality was not up to the mark.,Negative
13804,105860,5.0,4,4,Amazing experience overall.,Positive
13805,116877,4.0,3,4,Great food and fast delivery!,Positive
13806,106781,5.0,4,4,Delivery partner was very polite.,Positive
13807,114959,5.0,5,5,Packaging was excellent and food was hot.,Positive
13808,105289,5.0,5,5,Great food and fast delivery!,Positive
13809,119973,5.0,4,5,Best biryani in town!,Positive
13810,102263,5.0,4,4,Packaging was excellent and food was hot.,Positive
13811,107374,2.0,1,3,Delivery took way too long.,Negative
13812,101239,5.0,5,5,Amazing experience overall.,Positive
13813,114813,5.0,5,5,Delivery partner was very polite.,Positive
13814,109623,5.0,4,5,Amazing experience overall.,Positive
13815,119699,1.0,2,1,Wrong item delivered.,Negative
13816,105575,5.0,5,4,Great food and fast delivery!,Positive
13817,105026,4.0,5,5,Packaging was excellent and food was hot.,Positive
13818,117413,5.0,5,4,Delivery partner was very polite.,Positive
13819,102895,4.0,3,4,"Loved the taste, will order again.",Positive
13820,115528,4.0,3,5,Packaging was excellent and food was hot.,Positive
13821,109147,2.0,2,2,Very disappointed with the service.,Negative
13822,110980,3.0,4,3,"Food was okay, nothing special.",Neutral
13823,101610,3.0,2,3,Delivery was on time but food was mediocre.,Neutral
13824,113739,5.0,5,5,Amazing experience overall.,Positive
13825,114581,,5,5,Packaging was excellent and food was hot.,Positive
13826,101423,3.0,3,2,"Food was okay, nothing special.",Neutral
13827,113602,1.0,1,1,Delivery took way too long.,Negative
13828,108367,2.0,2,3,Wrong item delivered.,Negative
13829,111075,5.0,4,4,Packaging was excellent and food was hot.,Positive
13830,106259,1.0,1,1,Very disappointed with the service.,Negative
13831,104079,5.0,4,4,Delivery partner was very polite.,Positive
13832,102580,,5,5,Amazing experience overall.,Positive
13833,107601,3.0,4,3,Average experience.,Neutral
13834,101337,4.0,5,3,Delivery partner was very polite.,Positive
13835,118733,5.0,4,4,"Loved the taste, will order again.",Positive
13836,101162,2.0,3,1,Food arrived cold and late.,Negative
13837,110991,4.0,4,5,"Loved the taste, will order again.",Positive
13838,106813,5.0,5,5,Best biryani in town!,Positive
13839,109721,1.0,1,1,Delivery took way too long.,Negative
13840,119763,1.0,1,1,Wrong item delivered.,Negative
13841,115497,5.0,5,5,Great food and fast delivery!,Positive
13842,105010,5.0,5,5,Delivery partner was very polite.,Positive
13843,114654,5.0,5,4,Best biryani in town!,Positive
13844,100307,1.0,1,2,Order was incomplete.,Negative
13845,118018,5.0,5,5,Amazing experience overall.,Positive
13846,108379,5.0,4,5,Amazing experience overall.,Positive
13847,113633,5.0,4,4,Packaging was excellent and food was hot.,Positive
13848,113829,2.0,1,3,Very disappointed with the service.,Negative
13849,112755,4.0,3,3,Great food and fast delivery!,Positive
13850,104551,2.0,7,3,Delivery took way too long.,Negative
13851,104705,2.0,1,2,Order was incomplete.,Negative
13852,118056,5.0,5,5,Delivery partner was very polite.,Positive
13853,118727,3.0,4,2,Average experience.,Neutral
13854,117476,3.0,3,2,Delivery was on time but food was mediocre.,Neutral
13855,106661,5.0,5,5,Great food and fast delivery!,Positive
13856,111058,3.0,4,4,"Food was okay, nothing special.",Neutral
13857,116144,5.0,5,5,Great food and fast delivery!,Positive
13858,113963,2.0,1,2,Order was incomplete.,Negative
13859,102881,2.0,1,1,Very disappointed with the service.,Negative
13860,116493,4.0,5,5,Best biryani in town!,Positive
13861,105031,3.0,4,2,"Food was okay, nothing special.",Neutral
13862,115133,3.0,4,2,Delivery was on time but food was mediocre.,Neutral
13863,100127,4.0,4,5,"Loved the taste, will order again.",Positive
13864,103166,5.0,5,5,,Positive
13865,104014,,4,4,Delivery was on time but food was mediocre.,Neutral
13866,103883,5.0,5,5,Best biryani in town!,Positive
13867,106713,2.0,3,2,Delivery took way too long.,Negative
13868,119738,5.0,4,5,Best biryani in town!,Positive
13869,118996,4.0,3,4,Best biryani in town!,Positive
13870,112303,1.0,2,1,Order was incomplete.,Negative
13871,105901,5.0,5,5,Best biryani in town!,Positive
13872,116453,5.0,5,5,Packaging was excellent and food was hot.,Positive
13873,117661,2.0,1,3,Delivery took way too long.,Negative
13874,119989,5.0,5,4,Amazing experience overall.,Positive
13875,108377,5.0,5,5,Best biryani in town!,Positive
13876,114045,3.0,4,4,"Food was okay, nothing special.",Neutral
13877,105336,3.0,3,2,"Food was okay, nothing special.",Neutral
13878,110711,5.0,4,5,Delivery partner was very polite.,Positive
13879,102262,5.0,5,5,"Loved the taste, will order again.",Positive
13880,112037,2.0,3,1,Very disappointed with the service.,Negative
13881,100543,2.0,1,2,Wrong item delivered.,Negative
13882,114777,1.0,1,1,Very disappointed with the service.,Negative
13883,112244,4.0,5,5,Great food and fast delivery!,Positive
13884,119868,4.0,5,4,"Loved the taste, will order again.",Positive
13885,103715,4.0,4,4,Delivery partner was very polite.,Positive
13886,118246,3.0,2,3,,Neutral
13887,113376,5.0,5,4,"Loved the taste, will order again.",Positive
13888,116376,3.0,2,2,Delivery was on time but food was mediocre.,Neutral
13889,117105,5.0,5,4,Delivery partner was very polite.,Positive
13890,101200,1.0,2,1,Food arrived cold and late.,Negative
13891,112516,3.0,4,4,,Neutral
13892,119370,5.0,4,4,Best biryani in town!,Positive
13893,115386,5.0,4,5,"Loved the taste, will order again.",Positive
13894,119295,2.0,3,2,Order was incomplete.,Negative
13895,106394,1.0,2,2,Food arrived cold and late.,Negative
13896,117653,1.0,1,1,Very disappointed with the service.,Negative
13897,113775,1.0,1,2,Delivery took way too long.,Negative
13898,107935,4.0,4,4,Great food and fast delivery!,Positive
13899,112982,5.0,5,5,"Loved the taste, will order again.",Positive
13900,102852,5.0,4,5,Amazing experience overall.,Positive
13901,105409,2.0,2,2,Food arrived cold and late.,Negative
13902,114980,3.0,4,3,"Food was okay, nothing special.",Neutral
13903,101088,2.0,1,2,Food arrived cold and late.,Negative
13904,119837,3.0,3,2,Average experience.,Neutral
13905,102929,2.0,3,3,Food arrived cold and late.,Negative
13906,101622,5.0,4,5,Packaging was excellent and food was hot.,Positive
13907,115711,3.0,2,2,"Food was okay, nothing special.",Neutral
13908,116314,2.0,2,3,Wrong item delivered.,Negative
13909,111969,2.0,3,3,Wrong item delivered.,Negative
13910,107887,2.0,3,2,Quality was not up to the mark.,Negative
13911,106415,4.0,4,5,"Loved the taste, will order again.",Positive
13912,112262,4.0,5,4,Best biryani in town!,Positive
13913,118609,5.0,4,4,Delivery partner was very polite.,Positive
13914,103751,4.0,5,4,Delivery partner was very polite.,Positive
13915,104360,1.0,1,1,Wrong item delivered.,Negative
13916,119976,1.0,1,1,Very disappointed with the service.,Negative
13917,116708,1.0,2,2,Delivery took way too long.,Negative
13918,101711,3.0,2,2,"Food was okay, nothing special.",Neutral
13919,118728,4.0,4,5,Amazing experience overall.,Positive
13920,109673,5.0,4,5,Packaging was excellent and food was hot.,Positive
13921,106391,3.0,4,4,Delivery was on time but food was mediocre.,Neutral
13922,103646,5.0,4,4,Packaging was excellent and food was hot.,Positive
13923,103934,5.0,5,5,Great food and fast delivery!,Positive
13924,105700,2.0,2,2,Quality was not up to the mark.,Negative
13925,119824,5.0,5,4,Delivery partner was very polite.,Positive
13926,106588,2.0,2,1,Very disappointed with the service.,Negative
13927,109590,3.0,4,3,"Food was okay, nothing special.",Neutral
13928,101900,,1,2,Wrong item delivered.,Negative
13929,109253,3.0,3,3,"Food was okay, nothing special.",Neutral
13930,101791,5.0,5,5,Delivery partner was very polite.,Positive
13931,113069,5.0,5,5,Great food and fast delivery!,Positive
13932,119408,2.0,1,2,Quality was not up to the mark.,Negative
13933,112424,5.0,5,4,Packaging was excellent and food was hot.,Positive
13934,120120,5.0,4,5,Delivery partner was very polite.,Positive
13935,102082,5.0,5,5,Best biryani in town!,Positive
13936,102462,1.0,1,1,Order was incomplete.,Negative
13937,100446,4.0,4,4,Great food and fast delivery!,Positive
13938,108010,5.0,5,5,Packaging was excellent and food was hot.,Positive
13939,116886,3.0,3,2,Delivery was on time but food was mediocre.,Neutral
13940,108213,4.0,5,5,"Loved the taste, will order again.",Positive
13941,110755,5.0,4,4,"Loved the taste, will order again.",Positive
13942,116823,5.0,5,5,Packaging was excellent and food was hot.,Positive
13943,108371,5.0,4,4,Packaging was excellent and food was hot.,Positive
13944,107965,3.0,2,3,Delivery was on time but food was mediocre.,Neutral
13945,113555,1.0,2,1,Wrong item delivered.,Negative
13946,115157,4.0,4,3,Packaging was excellent and food was hot.,Positive
13947,105321,4.0,3,5,Delivery partner was very polite.,Positive
13948,102098,5.0,5,5,Best biryani in town!,Positive
13949,106205,2.0,1,1,Quality was not up to the mark.,Negative
13950,103202,5.0,4,4,Delivery partner was very polite.,Positive
13951,108582,4.0,3,3,Great food and fast delivery!,Positive
13952,108619,2.0,2,2,Wrong item delivered.,Negative
13953,104094,2.0,3,2,Wrong item delivered.,Negative
13954,115207,2.0,1,2,Wrong item delivered.,Negative
13955,117494,2.0,3,2,Very disappointed with the service.,Negative
13956,116932,2.0,1,2,Order was incomplete.,Negative
13957,109612,3.0,2,4,,Neutral
13958,113104,5.0,4,5,Packaging was excellent and food was hot.,Positive
13959,116981,3.0,4,3,Delivery was on time but food was mediocre.,Neutral
13960,104342,5.0,5,5,Packaging was excellent and food was hot.,Positive
13961,100879,5.0,5,5,Best biryani in town!,Positive
13962,100990,5.0,5,5,"Loved the taste, will order again.",Positive
13963,114461,3.0,2,2,Delivery was on time but food was mediocre.,Neutral
13964,111649,5.0,5,4,"Loved the taste, will order again.",Positive
13965,117485,5.0,4,4,Packaging was excellent and food was hot.,Positive
13966,102755,4.0,4,3,Packaging was excellent and food was hot.,Positive
13967,105676,4.0,5,3,Amazing experience overall.,Positive
13968,106801,5.0,4,5,,Positive
13969,115878,5.0,5,5,Delivery partner was very polite.,Positive
13970,104992,5.0,4,5,Amazing experience overall.,Positive
13971,106768,3.0,4,2,,Neutral
13972,119404,5.0,5,5,Packaging was excellent and food was hot.,Positive
13973,100999,3.0,4,3,,Neutral
13974,118374,5.0,4,4,Great food and fast delivery!,Positive
13975,108604,4.0,3,3,"Loved the taste, will order again.",Positive
13976,114567,2.0,1,3,Wrong item delivered.,Negative
13977,109161,5.0,5,5,"Loved the taste, will order again.",Positive
13978,110386,5.0,4,5,Delivery partner was very polite.,Positive
13979,100573,5.0,4,5,Best biryani in town!,Positive
13980,117753,5.0,4,5,Delivery partner was very polite.,Positive
13981,100121,4.0,4,4,Packaging was excellent and food was hot.,Positive
13982,116295,4.0,4,3,Delivery partner was very polite.,Positive
13983,119307,1.0,2,1,Quality was not up to the mark.,Negative
13984,109513,2.0,3,3,Very disappointed with the service.,Negative
13985,108836,3.0,2,2,Delivery was on time but food was mediocre.,Neutral
13986,115599,3.0,2,3,Delivery was on time but food was mediocre.,Neutral
13987,108817,1.0,2,1,Food arrived cold and late.,Negative
13988,102142,5.0,5,4,Delivery partner was very polite.,Positive
13989,119079,2.0,3,3,Quality was not up to the mark.,Negative
13990,111721,5.0,5,4,Great food and fast delivery!,Positive
13991,114691,3.0,2,4,Delivery was on time but food was mediocre.,Neutral
13992,117501,2.0,7,3,Quality was not up to the mark.,Negative
13993,116320,5.0,4,4,"Loved the taste, will order again.",Positive
13994,100654,2.0,3,1,Delivery took way too long.,Negative
13995,114454,5.0,5,4,,Positive
13996,102569,5.0,4,5,Best biryani in town!,Positive
13997,107798,3.0,3,4,,Neutral
13998,100827,3.0,4,2,"Food was okay, nothing special.",Neutral
13999,118956,5.0,5,5,Packaging was excellent and food was hot.,Positive
14000,105609,5.0,4,4,"Loved the taste, will order again.",Positive
14001,112281,5.0,5,4,Delivery partner was very polite.,Positive
14002,107510,5.0,4,5,Best biryani in town!,Positive
14003,118001,5.0,5,4,"Loved the taste, will order again.",Positive
14004,107016,4.0,4,5,Delivery partner was very polite.,Positive
14005,113230,3.0,2,4,"Food was okay, nothing special.",Neutral
14006,110408,5.0,4,5,Great food and fast delivery!,Positive
14007,115298,5.0,5,5,Amazing experience overall.,Positive
14008,114556,2.0,3,1,Food arrived cold and late.,Negative
14009,103494,4.0,3,5,Delivery partner was very polite.,Positive
14010,110065,5.0,5,4,Best biryani in town!,Positive
14011,119343,4.0,4,4,Best biryani in town!,Positive
14012,101381,2.0,3,1,Order was incomplete.,Negative
14013,108410,4.0,4,4,Great food and fast delivery!,Positive
14014,113404,3.0,4,3,"Food was okay, nothing special.",Neutral
14015,107432,5.0,4,5,Delivery partner was very polite.,Positive
14016,106684,5.0,4,4,Delivery partner was very polite.,Positive
14017,118207,4.0,3,3,Great food and fast delivery!,Positive
14018,116694,5.0,5,5,Delivery partner was very polite.,Positive
14019,105282,5.0,5,5,Delivery partner was very polite.,Positive
14020,115278,5.0,5,4,"Loved the taste, will order again.",Positive
14021,120226,1.0,2,2,Wrong item delivered.,Negative
14022,106972,2.0,1,1,Very disappointed with the service.,Negative
14023,108159,3.0,4,3,,Neutral
14024,108953,5.0,5,5,Amazing experience overall.,Positive
14025,109463,5.0,5,5,Packaging was excellent and food was hot.,Positive
14026,112041,4.0,4,4,,Positive
14027,109467,5.0,5,5,Amazing experience overall.,Positive
14028,102931,5.0,5,4,"Loved the taste, will order again.",Positive
14029,104411,5.0,5,5,Packaging was excellent and food was hot.,Positive
14030,112876,4.0,5,3,Best biryani in town!,Positive
14031,117663,4.0,4,3,"Loved the taste, will order again.",Positive
14032,100854,3.0,4,2,Delivery was on time but food was mediocre.,Neutral
14033,118603,5.0,4,5,"Loved the taste, will order again.",Positive
14034,117907,1.0,1,1,Order was incomplete.,Negative
14035,115047,3.0,4,2,,Neutral
14036,105245,2.0,2,2,Wrong item delivered.,Negative
14037,101157,2.0,2,2,Wrong item delivered.,Negative
14038,101526,4.0,3,5,"Loved the taste, will order again.",Positive
14039,100159,2.0,2,3,Delivery took way too long.,Negative
14040,114105,5.0,4,4,Great food and fast delivery!,Positive
14041,112703,5.0,4,5,"Loved the taste, will order again.",Positive
14042,106360,3.0,2,4,Delivery was on time but food was mediocre.,Neutral
14043,110130,4.0,5,4,Great food and fast delivery!,Positive
14044,104972,3.0,2,3,Average experience.,Neutral
14045,103412,5.0,5,4,Amazing experience overall.,Positive
14046,107742,2.0,3,1,Wrong item delivered.,Negative
14047,110890,5.0,5,5,Amazing experience overall.,Positive
14048,109779,2.0,1,1,Food arrived cold and late.,Negative
14049,101112,4.0,5,4,Amazing experience overall.,Positive
14050,103073,3.0,2,2,Delivery was on time but food was mediocre.,Neutral
14051,112058,,5,5,Great food and fast delivery!,Positive
14052,110453,5.0,5,5,Great food and fast delivery!,Positive
14053,114363,3.0,3,3,Delivery was on time but food was mediocre.,Neutral
14054,114349,4.0,4,4,Best biryani in town!,Positive
14055,119197,5.0,4,4,Best biryani in town!,Positive
14056,100428,2.0,2,2,,Negative
14057,112991,3.0,4,3,"Food was okay, nothing special.",Neutral
14058,108363,3.0,3,3,"Food was okay, nothing special.",Neutral
14059,110264,5.0,5,5,Packaging was excellent and food was hot.,Positive
14060,106241,5.0,4,5,Packaging was excellent and food was hot.,Positive
14061,101495,5.0,5,4,"Loved the taste, will order again.",Positive
14062,116957,5.0,5,5,Packaging was excellent and food was hot.,Positive
14063,111854,1.0,2,2,Quality was not up to the mark.,Negative
14064,110497,1.0,1,2,Order was incomplete.,Negative
14065,118915,3.0,4,3,Average experience.,Neutral
14066,109236,4.0,8,4,Great food and fast delivery!,Positive
14067,104144,3.0,3,4,"Food was okay, nothing special.",Neutral
14068,119414,3.0,2,3,Average experience.,Neutral
14069,113020,2.0,3,2,,Negative
14070,101095,5.0,5,5,,Positive
14071,112494,2.0,1,3,Order was incomplete.,Negative
14072,117401,1.0,1,1,Food arrived cold and late.,Negative
14073,113242,4.0,5,5,Best biryani in town!,Positive
14074,101297,2.0,1,3,Wrong item delivered.,Negative
14075,107124,3.0,4,3,,Neutral
14076,117505,5.0,4,4,Delivery partner was very polite.,Positive
14077,119994,4.0,3,4,,Positive
14078,118937,5.0,5,5,"Loved the taste, will order again.",Positive
14079,105227,,6,3,"Food was okay, nothing special.",Neutral
14080,119535,2.0,3,3,Delivery took way too long.,Negative
14081,106748,4.0,4,5,Packaging was excellent and food was hot.,Positive
14082,105846,3.0,4,2,Average experience.,Neutral
14083,111339,3.0,4,4,,Neutral
14084,114523,5.0,4,5,Delivery partner was very polite.,Positive
14085,117311,4.0,3,3,Great food and fast delivery!,Positive
14086,107666,3.0,3,4,Average experience.,Neutral
14087,116249,3.0,2,2,Delivery was on time but food was mediocre.,Neutral
14088,107570,3.0,4,4,Delivery was on time but food was mediocre.,Neutral
14089,100512,4.0,4,3,Delivery partner was very polite.,Positive
14090,114366,,5,4,Amazing experience overall.,Positive
14091,108459,3.0,4,3,"Food was okay, nothing special.",Neutral
14092,101289,2.0,1,1,Order was incomplete.,Negative
14093,109687,3.0,2,4,,Neutral
14094,115195,3.0,2,4,Delivery was on time but food was mediocre.,Neutral
14095,119670,2.0,2,2,Food arrived cold and late.,Negative
14096,119229,2.0,3,1,Food arrived cold and late.,Negative
14097,106927,3.0,3,3,,Neutral
14098,100520,5.0,5,5,"Loved the taste, will order again.",Positive
14099,112302,5.0,4,5,Great food and fast delivery!,Positive
14100,106982,4.0,5,5,Best biryani in town!,Positive
14101,118684,4.0,5,4,"Loved the taste, will order again.",Positive
14102,114725,3.0,4,4,,Neutral
14103,117665,4.0,8,3,Packaging was excellent and food was hot.,Positive
14104,115585,3.0,4,2,"Food was okay, nothing special.",Neutral
14105,110841,4.0,5,5,Best biryani in town!,Positive
14106,118358,4.0,5,4,Best biryani in town!,Positive
14107,118862,5.0,5,5,Best biryani in town!,Positive
14108,117758,2.0,3,2,Delivery took way too long.,Negative
14109,101440,4.0,4,3,Delivery partner was very polite.,Positive
14110,111763,5.0,4,5,Delivery partner was very polite.,Positive
14111,109809,4.0,5,4,"Loved the taste, will order again.",Positive
14112,112452,5.0,4,4,Great food and fast delivery!,Positive
14113,117158,3.0,3,4,Delivery was on time but food was mediocre.,Neutral
14114,116972,5.0,4,4,Delivery partner was very polite.,Positive
14115,106431,3.0,3,3,,Neutral
14116,107982,4.0,3,3,Great food and fast delivery!,Positive
14117,108333,5.0,5,5,Great food and fast delivery!,Positive
14118,118314,5.0,5,5,Packaging was excellent and food was hot.,Positive
14119,115027,5.0,4,5,"Loved the taste, will order again.",Positive
14120,102126,5.0,4,5,Packaging was excellent and food was hot.,Positive
14121,117952,5.0,5,5,Delivery partner was very polite.,Positive
14122,114063,4.0,4,3,"Loved the taste, will order again.",Positive
14123,108951,5.0,4,5,Delivery partner was very polite.,Positive
14124,114137,3.0,4,2,Delivery was on time but food was mediocre.,Neutral
14125,107103,5.0,5,5,Great food and fast delivery!,Positive
14126,120110,4.0,4,4,Amazing experience overall.,Positive
14127,100183,2.0,1,1,Very disappointed with the service.,Negative
14128,104386,4.0,5,4,Packaging was excellent and food was hot.,Positive
14129,114576,2.0,3,1,Food arrived cold and late.,Negative
14130,103938,5.0,4,5,Amazing experience overall.,Positive
14131,108089,4.0,4,5,Packaging was excellent and food was hot.,Positive
14132,103384,4.0,5,4,Delivery partner was very polite.,Positive
14133,115166,3.0,3,4,,Neutral
14134,112708,5.0,4,5,Amazing experience overall.,Positive
14135,100746,3.0,4,3,"Food was okay, nothing special.",Neutral
14136,109037,2.0,1,3,Very disappointed with the service.,Negative
14137,114290,1.0,1,1,Order was incomplete.,Negative
14138,119447,1.0,1,2,Order was incomplete.,Negative
14139,113623,4.0,3,5,Best biryani in town!,Positive
14140,109008,1.0,2,1,Quality was not up to the mark.,Negative
14141,112673,3.0,4,4,Delivery was on time but food was mediocre.,Neutral
14142,112544,5.0,4,4,Delivery partner was very polite.,Positive
14143,109723,2.0,2,2,Very disappointed with the service.,Negative
14144,113685,3.0,3,3,"Food was okay, nothing special.",Neutral
14145,102448,5.0,5,5,Delivery partner was very polite.,Positive
14146,103337,5.0,5,5,Best biryani in town!,Positive
14147,117414,5.0,5,5,Best biryani in town!,Positive
14148,100574,4.0,4,5,Delivery partner was very polite.,Positive
14149,101209,2.0,3,2,Quality was not up to the mark.,Negative
14150,117706,5.0,4,5,Amazing experience overall.,Positive
14151,108102,5.0,5,5,Great food and fast delivery!,Positive
14152,108497,5.0,5,4,"Loved the taste, will order again.",Positive
14153,120146,3.0,4,3,Average experience.,Neutral
14154,102630,4.0,3,4,Amazing experience overall.,Positive
14155,109604,4.0,3,4,Amazing experience overall.,Positive
14156,111120,5.0,5,5,Best biryani in town!,Positive
14157,119613,4.0,5,3,Best biryani in town!,Positive
14158,118743,,2,4,Delivery was on time but food was mediocre.,Neutral
14159,111607,3.0,2,2,Average experience.,Neutral
14160,113813,2.0,2,3,Order was incomplete.,Negative
14161,106504,3.0,2,3,Average experience.,Neutral
14162,105925,5.0,5,4,Amazing experience overall.,Positive
14163,119123,4.0,4,4,Amazing experience overall.,Positive
14164,102489,4.0,5,4,Amazing experience overall.,Positive
14165,112636,5.0,5,4,Best biryani in town!,Positive
14166,103431,1.0,1,2,Order was incomplete.,Negative
14167,109924,2.0,1,1,Very disappointed with the service.,Negative
14168,100814,3.0,2,4,"Food was okay, nothing special.",Neutral
14169,109217,3.0,4,3,Average experience.,Neutral
14170,112634,5.0,4,5,Delivery partner was very polite.,Positive
14171,105241,5.0,4,5,Packaging was excellent and food was hot.,Positive
14172,103648,2.0,3,2,Order was incomplete.,Negative
14173,100720,4.0,3,3,"Loved the taste, will order again.",Positive
14174,105546,3.0,3,2,Delivery was on time but food was mediocre.,Neutral
14175,103596,5.0,4,4,Best biryani in town!,Positive
14176,113429,5.0,4,5,Delivery partner was very polite.,Positive
14177,109638,2.0,2,3,Delivery took way too long.,Negative
14178,106759,5.0,5,4,"Loved the taste, will order again.",Positive
14179,100736,3.0,4,3,Average experience.,Neutral
14180,113489,3.0,2,2,Average experience.,Neutral
14181,106549,2.0,2,3,Quality was not up to the mark.,Negative
14182,104244,5.0,5,4,Delivery partner was very polite.,Positive
14183,102284,4.0,4,3,,Positive
14184,112384,,2,1,Very disappointed with the service.,Negative
14185,105236,4.0,3,4,"Loved the taste, will order again.",Positive
14186,111779,4.0,4,3,,Positive
14187,119691,5.0,5,5,Great food and fast delivery!,Positive
14188,114874,2.0,1,2,Quality was not up to the mark.,Negative
14189,104894,2.0,3,3,Order was incomplete.,Negative
14190,113017,3.0,2,3,,Neutral
14191,103455,5.0,4,5,Best biryani in town!,Positive
14192,118500,4.0,3,3,Great food and fast delivery!,Positive
14193,117552,5.0,5,4,Best biryani in town!,Positive
14194,100623,5.0,5,5,Best biryani in town!,Positive
14195,119950,5.0,4,5,"Loved the taste, will order again.",Positive
14196,109186,5.0,5,4,Great food and fast delivery!,Positive
14197,118149,,2,1,Food arrived cold and late.,Negative
14198,120405,1.0,1,1,Food arrived cold and late.,Negative
14199,114624,5.0,5,4,Great food and fast delivery!,Positive
14200,101078,3.0,3,4,Delivery was on time but food was mediocre.,Neutral
