TrafficID,City,Date,Time,TrafficLevel,AverageSpeed
1,Mumbai,2023.01.07,20:45,High,8.7
2,Mumbai,01/09/2023,18:45,Moderate,26.2
3,Mumbai,18-11-2023,12:45,Moderate,26.0
4,Mumbai,21-05-2024,20:45,Low,34.0
5,Mumbai,2024-12-29,06:30,Moderate,95.7
6,Mumbai,2024-07-31,07:45,Low,28.0
7,Mumbai,11/07/2024,19:15,Severe,11.2
8,Mumbai,21/03/2024,08:45,Severe,3.0
9,Mumbai,2023.05.20,08:45,High,15.3
10,Mumbai,01/01/2024,11:15,Low,47.7
11,Mumbai,2023.03.08,09:00,High,20.9
12,Mumbai,31/12/2023,22:00,High,14.7
13,Mumbai,2024-11-28,20:45,High,10.0
14,Mumbai,2024.02.29,19:45,High,7.5
15,Mumbai,12-05-2023,18:00,High,23.5
16,Mumbai,04/03/2023,19:15,Moderate,20.7
17,Mumbai,28/07/2023,17:30,High,18.6
18,Mumbai,10-07-2023,06:15,Moderate,24.7
19,Mumbai,05/03/2024,11:30,High,14.9
20,Mumbai,2024-09-23,12:00,High,18.1
21,Mumbai,2024-11-23,09:45,Moderate,19.9
22,Mumbai,2023-02-01,17:15,High,19.1
23,Mumbai,06/03/2024,02:00,Low,32.0
24,Mumbai,04/07/2023,12:00,Low,36.7
25,Mumbai,2024-08-29,18:45,High,19.7
26,Mumbai,12/22/2023,15:30,Moderate,26.6
27,Mumbai,24/12/2024,08:45,High,17.6
28,Mumbai,2023-05-20,09:30,Moderate,27.2
29,Mumbai,09/02/2023,17:45,Low,29.7
30,Mumbai,2023-08-12,08:15,High,20.8
31,Mumbai,10-02-2023,18:30,High,20.6
32,Mumbai,10-09-2024,21:30,Low,38.8
33,Mumbai,06/10/2024,09:00,High,11.1
34,Mumbai,22-09-2024,08:15,High,15.0
35,Mumbai,05/01/2024,19:00,High,12.9
36,Mumbai,05/19/2024,14:45,Low,33.3
37,Mumbai,09/21/2023,13:45,Moderate,21.1
38,Mumbai,12/05/2024,03:45,Low,39.4
39,Mumbai,2024-02-19,18:00,Moderate,30.2
40,Mumbai,2024.03.20,16:45,Severe,10.6
41,Mumbai,2024.03.15,19:45,High,13.1
42,Mumbai,11-03-2024,05:45,Low,37.1
43,Mumbai,2023.05.03,12:00,Moderate,31.1
44,Mumbai,26/07/2024,22:45,Moderate,37.1
45,Mumbai,2024-10-21,17:45,Moderate,23.3
46,Mumbai,2024.03.22,19:30,High,21.1
47,Mumbai,2023-05-06,17:45,Severe,11.9
48,Mumbai,2023.02.02,08:00,Severe,7.7
49,Mumbai,14/05/2024,08:00,High,14.3
50,Mumbai,2023-03-06,08:15,Severe,4.6
51,Mumbai,02/12/2023,17:15,Moderate,31.6
52,Mumbai,15/09/2023,18:00,Severe,3.0
53,Mumbai,14-09-2023,21:45,Moderate,31.2
54,Mumbai,02-12-2024,15:15,Severe,8.4
55,Mumbai,03/03/2023,06:00,Moderate,26.5
56,Mumbai,03/03/2024,10:15,High,20.2
57,Mumbai,03-03-2023,06:15,Moderate,19.8
58,Mumbai,02/01/2023,01:15,Low,29.8
59,Mumbai,08/12/2023,20:30,Severe,3.0
60,Mumbai,19/02/2024,20:15,High,14.5
61,Mumbai,20/10/2023,18:45,High,14.4
62,Mumbai,10/04/2023,09:45,Severe,109.5
63,Mumbai,15-11-2024,16:15,Low,36.4
64,Mumbai,17/11/2024,09:00,Severe,3.0
65,Mumbai,17-03-2024,11:15,Moderate,27.3
66,Mumbai,29/11/2023,18:00,High,17.4
67,Mumbai,01-05-2024,11:15,Moderate,32.1
68,Mumbai,28-05-2023,11:45,Moderate,32.5
69,Mumbai,2023.04.30,04:00,Low,40.0
70,Mumbai,2024.01.02,22:15,Moderate,19.9
71,Mumbai,2024-12-06,09:30,Severe,11.1
72,Mumbai,2023-02-17,14:45,Moderate,26.5
73,Mumbai,2024-02-06,15:45,Low,31.4
74,Mumbai,2024.10.26,18:15,High,3.9
75,Mumbai,2023.07.06,18:30,Severe,10.4
76,Mumbai,2023-09-25,21:30,Moderate,21.4
77,Mumbai,06-04-2024,17:45,Moderate,25.5
78,Mumbai,02-10-2024,19:45,Severe,10.6
79,Mumbai,03/29/2024,10:30,Moderate,31.4
80,Mumbai,13-03-2023,07:30,High,15.3
81,Mumbai,2023-06-17,07:30,High,25.7
82,Mumbai,2023.10.12,12:45,Low,38.7
83,Mumbai,19-11-2024,08:15,High,9.5
84,Mumbai,2024-12-30,16:15,Moderate,26.4
85,Mumbai,2024.03.24,19:30,High,17.0
86,Mumbai,30-07-2024,00:30,Low,37.9
87,Mumbai,2024.02.27,09:00,Severe,10.6
88,Mumbai,2024-05-19,08:00,Low,-36.2
89,Mumbai,21-04-2024,08:30,High,15.0
90,Mumbai,06-10-2024,09:15,High,20.6
91,Mumbai,2024-08-01,14:15,Moderate,29.6
92,Mumbai,22-08-2023,13:30,Low,39.7
93,Mumbai,03/14/2024,08:15,Low,34.0
94,Mumbai,2024-05-11,19:45,Moderate,30.6
95,Mumbai,11/01/2024,18:45,High,23.0
96,Mumbai,2023-04-21,17:45,Low,34.0
97,Mumbai,2024-12-17,20:30,High,20.5
98,Mumbai,01/25/2023,08:00,Severe,3.6
99,Mumbai,30-11-2024,09:15,High,23.3
100,Mumbai,2024-05-27,13:15,Low,39.1
101,Mumbai,2024.10.02,10:00,Low,42.9
102,Mumbai,2024-08-28,17:30,Low,41.9
103,Mumbai,13-10-2024,18:15,High,21.2
104,Mumbai,23/08/2024,11:45,Moderate,27.5
105,Mumbai,26/12/2024,18:30,Low,34.8
106,Mumbai,08/08/2023,17:30,Moderate,23.7
107,Mumbai,23-04-2023,07:30,High,19.5
108,Mumbai,2024-01-26,18:30,High,9.3
109,Mumbai,29-08-2024,06:30,,20.8
110,Mumbai,11-11-2023,16:30,High,14.2
111,Mumbai,06/20/2023,10:30,Moderate,19.7
112,Mumbai,2023-10-07,09:15,Moderate,27.2
113,Mumbai,01/11/2024,01:45,Low,42.7
114,Mumbai,2023.05.28,04:45,Low,45.4
115,Mumbai,06/10/2024,18:15,Severe,6.6
116,Mumbai,2023-02-08,12:30,Moderate,21.3
117,Mumbai,03/06/2023,18:30,Severe,15.8
118,Mumbai,28-05-2024,19:30,High,4.4
119,Mumbai,02/16/2024,10:15,Low,39.2
120,Mumbai,04-03-2024,20:15,High,18.8
121,Mumbai,24/06/2024,07:00,Moderate,30.5
122,Mumbai,2024.01.04,18:45,Moderate,29.3
123,Mumbai,12/06/2023,11:15,Moderate,29.4
124,Mumbai,30-12-2024,11:30,Severe,3.3
125,Mumbai,02/12/2024,21:00,High,23.6
126,Mumbai,2024.06.17,21:45,Moderate,25.7
127,Mumbai,18/09/2024,13:00,Moderate,17.7
128,Mumbai,2023.04.04,22:30,Low,32.0
129,Mumbai,2024-06-27,20:15,High,14.7
130,Mumbai,2023.06.04,08:15,Severe,20.4
131,Mumbai,30/01/2024,07:15,Severe,6.7
132,Mumbai,2023.02.13,11:00,Moderate,24.5
133,Mumbai,09/07/2024,07:45,Moderate,22.9
134,Mumbai,2024.03.29,08:00,High,100.4
135,Mumbai,23-09-2024,19:00,High,7.3
136,Mumbai,2024.11.11,12:15,Moderate,22.6
137,Mumbai,2023.10.01,07:15,Moderate,35.2
138,Mumbai,2024-06-20,18:45,,16.5
139,Mumbai,2024.02.19,21:00,Low,42.5
140,Mumbai,01/16/2023,02:30,Moderate,28.6
141,Mumbai,2023.01.29,17:00,Moderate,28.7
142,Mumbai,29-09-2024,12:00,High,15.7
143,Mumbai,16-08-2024,21:30,Severe,6.1
144,Mumbai,2024.07.17,10:30,High,12.7
145,Mumbai,2023.05.12,04:45,Low,29.3
146,Mumbai,09/08/2024,08:30,Low,41.7
147,Mumbai,05/30/2023,15:00,Low,36.9
148,Mumbai,29-07-2024,21:45,Moderate,32.4
149,Mumbai,12/11/2023,03:15,Moderate,22.1
150,Mumbai,2023.02.09,19:45,Low,36.4
151,Mumbai,07-08-2024,07:45,Low,43.4
152,Mumbai,03/15/2024,13:30,Moderate,27.5
153,Mumbai,05/03/2023,05:00,Low,39.9
154,Mumbai,12/05/2024,07:45,Moderate,22.9
155,Mumbai,30/10/2023,17:00,High,17.2
156,Mumbai,05-07-2023,10:15,Moderate,22.8
157,Mumbai,03/26/2023,05:00,Low,45.0
158,Mumbai,03/10/2024,20:00,Severe,88.1
159,Mumbai,03/17/2024,09:00,Moderate,28.2
160,Mumbai,01/27/2023,18:30,High,-18.1
161,Mumbai,2024.09.08,18:15,High,19.6
162,Mumbai,18-04-2024,15:00,High,24.8
163,Mumbai,2024.07.13,08:00,High,12.5
164,Mumbai,2023-08-20,10:15,Moderate,34.9
165,Mumbai,26/11/2024,19:15,High,12.4
166,Mumbai,12/06/2024,15:00,Moderate,18.2
167,Mumbai,07-06-2023,20:45,Low,31.8
168,Mumbai,2024-01-05,19:30,Severe,3.0
169,Mumbai,05/20/2023,17:45,Moderate,30.4
170,Mumbai,02/01/2023,13:00,Low,42.0
171,Mumbai,2024-01-28,19:30,Severe,3.8
172,Mumbai,2023.03.02,07:30,High,21.7
173,Mumbai,2023-07-02,22:45,Moderate,29.3
174,Mumbai,2024-01-03,06:15,High,18.8
175,Mumbai,2024.01.24,16:00,High,12.5
176,Mumbai,10/03/2024,16:15,Low,38.5
177,Mumbai,09-05-2023,16:45,Low,29.6
178,Mumbai,2024-12-11,20:00,Moderate,20.7
179,Mumbai,2024-08-21,16:45,Severe,8.4
180,Mumbai,24-02-2024,20:30,High,10.1
181,Mumbai,2023.07.07,06:45,High,21.3
182,Mumbai,18/06/2024,13:45,Moderate,21.5
183,Mumbai,25/06/2024,12:45,High,21.1
184,Mumbai,10/24/2023,20:30,High,10.5
185,Mumbai,27-12-2023,13:15,Moderate,23.9
186,Mumbai,2024-09-16,19:45,High,17.4
187,Mumbai,09/01/2023,17:00,Low,29.2
188,Mumbai,08/06/2024,09:45,High,11.7
189,Mumbai,08/11/2024,22:00,High,20.3
190,Mumbai,2023.08.29,13:00,High,15.4
191,Mumbai,2023.08.25,10:00,Low,35.4
192,Mumbai,12/23/2023,16:30,Low,35.5
193,Mumbai,21-05-2023,10:30,Severe,9.1
194,Mumbai,02-04-2023,21:45,Moderate,24.3
195,Mumbai,28/02/2024,14:15,Severe,7.5
196,Mumbai,09/13/2023,21:15,Moderate,28.0
197,Mumbai,2023-10-13,14:30,Moderate,16.8
198,Mumbai,2023-09-10,18:45,Severe,6.9
199,Mumbai,23-07-2023,07:00,Moderate,20.0
200,Mumbai,2023-09-06,06:15,High,-16.2
201,Mumbai,2023-08-18,09:30,Severe,17.1
202,Mumbai,11/30/2023,07:15,Low,32.4
203,Mumbai,2024-10-17,20:45,High,21.2
204,Mumbai,10/28/2023,12:00,High,21.0
205,Mumbai,2023.08.14,15:00,Moderate,27.6
206,Mumbai,2023-07-03,17:30,Moderate,28.0
207,Mumbai,2023.08.04,19:45,Severe,3.0
208,Mumbai,12/03/2023,11:45,Low,39.0
209,Mumbai,06/17/2023,07:15,Moderate,33.7
210,Mumbai,09-09-2023,09:15,High,18.6
211,Mumbai,31-05-2023,16:15,Low,45.3
212,Mumbai,2024.06.15,14:00,Low,36.1
213,Mumbai,29/06/2023,10:30,Severe,-11.3
214,Mumbai,2024-09-27,12:15,Low,32.7
215,Mumbai,03/02/2024,18:15,High,13.5
216,Mumbai,2024-07-23,12:00,High,18.2
217,Mumbai,2024-10-27,09:45,Severe,9.8
218,Mumbai,18/06/2023,09:00,High,5.8
219,Mumbai,2024.06.07,18:00,High,18.1
220,Mumbai,11-05-2023,19:00,Low,34.4
221,Mumbai,2024-06-25,09:15,Moderate,22.4
222,Mumbai,04/02/2023,10:30,Moderate,24.3
223,Mumbai,28-10-2023,13:45,Severe,11.4
224,Mumbai,31-12-2024,12:45,Moderate,24.7
225,Mumbai,27/02/2023,14:00,Low,34.4
226,Mumbai,02/01/2023,19:15,High,20.4
227,Mumbai,09/27/2024,06:30,Moderate,24.9
228,Mumbai,2023-10-17,15:15,High,21.1
229,Mumbai,03-06-2023,17:30,Low,44.0
230,Mumbai,07/11/2024,13:15,Moderate,24.7
231,Mumbai,10/03/2024,02:45,High,12.4
232,Mumbai,02/17/2023,20:30,Severe,11.7
233,Mumbai,08/08/2023,18:15,Moderate,26.4
234,Mumbai,2023-09-13,11:45,Low,44.7
235,Mumbai,2024.09.28,16:15,Moderate,27.9
236,Mumbai,08/04/2023,09:00,Moderate,17.7
237,Mumbai,08-10-2023,13:15,Moderate,20.6
238,Mumbai,2024.01.04,17:30,High,18.5
239,Mumbai,23-11-2023,08:45,High,14.1
240,Mumbai,01-07-2023,18:45,High,23.2
241,Mumbai,21/06/2023,11:30,Low,37.2
242,Mumbai,06/18/2023,11:45,High,17.6
243,Mumbai,2024.01.14,11:15,Low,32.4
244,Mumbai,31-12-2024,08:15,Severe,6.1
245,Mumbai,2023.05.25,12:30,Moderate,28.0
246,Mumbai,2024-03-27,14:00,Low,39.8
247,Mumbai,14/12/2024,09:15,High,20.2
248,Mumbai,2023-05-23,01:30,Low,49.8
249,Mumbai,2023-10-15,08:00,Severe,5.0
250,Mumbai,2023-05-28,09:15,High,10.1
251,Mumbai,08-10-2023,09:15,Severe,20.7
252,Mumbai,2023.10.17,13:15,Low,32.5
253,Mumbai,2024.03.02,10:00,Moderate,28.4
254,Mumbai,07/31/2024,07:30,Moderate,31.7
255,Mumbai,20-03-2024,19:15,Moderate,12.7
256,Mumbai,03/12/2023,17:00,High,12.0
257,Mumbai,22-06-2024,12:15,Low,35.7
258,Mumbai,2023-12-05,18:30,High,12.3
259,Mumbai,07/01/2023,17:30,Moderate,30.6
260,Mumbai,2024.05.16,10:00,Severe,3.0
261,Mumbai,04/09/2023,13:00,Moderate,31.0
262,Mumbai,2024.05.24,12:45,High,19.9
263,Mumbai,11-11-2024,13:00,Moderate,28.4
264,Mumbai,04/12/2023,13:15,Low,37.3
265,Mumbai,27/01/2023,08:15,Moderate,27.8
266,Mumbai,03/10/2024,17:15,Low,38.2
267,Mumbai,13-12-2024,09:30,High,-12.5
268,Mumbai,21-03-2024,14:00,Moderate,24.8
269,Mumbai,12/05/2023,12:15,Moderate,14.9
270,Mumbai,12/02/2023,10:45,Severe,12.0
271,Mumbai,09-02-2024,10:45,Low,46.9
272,Mumbai,17-02-2023,10:30,Moderate,21.1
273,Mumbai,08/12/2024,10:45,Moderate,25.2
274,Mumbai,12/17/2023,13:45,High,22.5
275,Mumbai,2024.07.14,10:45,Moderate,30.5
276,Mumbai,23/09/2023,19:45,High,14.3
277,Mumbai,26-11-2024,08:45,Severe,6.1
278,Mumbai,29-02-2024,18:15,Severe,3.0
279,Mumbai,01-02-2024,17:30,Moderate,28.9
280,Mumbai,10-06-2024,08:30,,15.6
281,Mumbai,28-09-2023,15:00,Moderate,33.9
282,Mumbai,10/19/2023,20:15,Severe,3.0
283,Mumbai,01/27/2023,09:45,Severe,18.5
284,Mumbai,2023.03.07,08:45,Severe,3.0
285,Mumbai,2023-07-30,08:45,High,15.8
286,Mumbai,2024-12-01,20:30,High,9.0
287,Mumbai,2024.05.22,23:45,Moderate,15.2
288,Mumbai,19-06-2023,17:30,Low,41.6
289,Mumbai,11/01/2024,10:45,Low,44.5
290,Mumbai,27/08/2024,19:15,High,12.2
291,Mumbai,2024.11.09,05:45,Low,43.1
292,Mumbai,2024-06-01,07:00,Low,44.9
293,Mumbai,2023-09-05,20:30,Moderate,23.4
294,Mumbai,23-02-2024,11:00,Low,40.1
295,Mumbai,19-08-2023,15:15,Low,41.9
296,Mumbai,2024-02-22,19:15,Moderate,25.3
297,Mumbai,2024.06.13,20:00,Severe,16.2
298,Mumbai,26/08/2023,19:15,Severe,10.9
299,Mumbai,12-11-2024,13:15,High,20.5
300,Mumbai,04/21/2024,08:00,High,25.1
301,Mumbai,2024-07-24,07:15,Moderate,26.0
302,Mumbai,2023-07-02,13:00,High,15.9
303,Mumbai,12-03-2023,19:30,Moderate,33.8
304,Mumbai,2023.08.24,09:45,Moderate,36.3
305,Mumbai,25/09/2023,14:00,Moderate,19.8
306,Mumbai,12/24/2023,18:00,High,6.9
307,Mumbai,01/29/2023,09:15,Severe,3.0
308,Mumbai,2023-01-15,08:30,Severe,11.3
309,Mumbai,18-09-2023,16:00,Low,42.2
310,Mumbai,2023-11-27,18:00,High,21.5
311,Mumbai,08-11-2023,09:30,High,19.9
312,Mumbai,01/01/2023,17:45,Low,41.5
313,Mumbai,2023.04.27,19:45,High,17.8
314,Mumbai,28/06/2023,01:45,Low,-43.6
315,Mumbai,08/17/2024,08:30,High,23.8
316,Mumbai,31/08/2024,07:45,High,17.3
317,Mumbai,2023.12.17,14:30,Low,32.3
318,Mumbai,2024-06-18,11:30,Severe,19.1
319,Mumbai,2023.06.24,12:45,High,18.0
320,Mumbai,2024-12-05,16:00,Low,36.1
321,Mumbai,07-01-2023,06:45,High,17.9
322,Mumbai,2023-02-21,19:45,,24.6
323,Mumbai,04-06-2023,21:00,Moderate,29.6
324,Mumbai,25-03-2023,18:30,High,18.8
325,Mumbai,02/09/2023,19:45,Severe,14.2
326,Mumbai,2024-11-02,13:45,Moderate,25.1
327,Mumbai,2023.06.27,14:00,Low,39.4
328,Mumbai,29/06/2023,19:15,Severe,5.1
329,Mumbai,02/12/2024,14:15,Moderate,34.1
330,Mumbai,08/02/2024,10:30,High,22.9
331,Mumbai,16/03/2024,20:00,High,6.1
332,Mumbai,04/16/2023,07:30,Moderate,26.9
333,Mumbai,04/05/2024,15:00,Moderate,23.3
334,Mumbai,2024.02.24,13:30,Low,38.3
335,Mumbai,23/08/2023,08:30,,4.8
336,Mumbai,08/12/2024,19:15,High,17.9
337,Mumbai,10/03/2024,13:30,Low,48.9
338,Mumbai,15-04-2024,18:30,High,14.2
339,Mumbai,2024-04-06,19:00,Severe,8.2
340,Mumbai,2023-03-14,16:00,Severe,13.4
341,Mumbai,2023-01-05,17:15,Moderate,26.5
342,Mumbai,23/02/2024,23:00,Low,40.9
343,Mumbai,29-03-2024,17:15,Moderate,30.6
344,Mumbai,02/01/2023,21:30,Moderate,18.4
345,Mumbai,2023.04.28,17:45,Moderate,29.4
346,Mumbai,04/12/2024,18:15,High,8.2
347,Mumbai,13-11-2023,13:45,Low,32.5
348,Mumbai,05/02/2024,07:15,High,14.4
349,Mumbai,09/02/2024,18:45,Severe,3.0
350,Mumbai,01/20/2024,00:00,Low,35.4
351,Mumbai,2023-12-01,13:30,Severe,5.5
352,Mumbai,23-10-2023,08:00,High,14.1
353,Mumbai,10/19/2024,11:00,Moderate,19.4
354,Mumbai,2023-08-31,10:15,Low,28.9
355,Mumbai,05/13/2024,10:30,Moderate,23.7
356,Mumbai,2024.10.22,08:45,High,13.6
357,Mumbai,20/02/2023,12:30,Low,31.4
358,Mumbai,22/04/2023,18:00,Moderate,24.3
359,Mumbai,2024-07-01,13:00,Moderate,29.3
360,Mumbai,2023.04.25,19:45,Severe,6.9
361,Mumbai,25/11/2024,07:00,Moderate,28.9
362,Mumbai,01/23/2023,00:15,Low,37.4
363,Mumbai,2024-08-05,18:00,Severe,5.8
364,Mumbai,06/10/2024,06:30,Low,34.2
365,Mumbai,06-07-2023,18:15,Severe,6.1
366,Mumbai,21-08-2023,23:15,Moderate,34.5
367,Mumbai,2023-03-26,21:30,Moderate,19.8
368,Mumbai,01/09/2023,16:00,High,14.0
369,Mumbai,24-11-2024,18:00,Severe,6.5
370,Mumbai,24/05/2024,20:00,High,11.0
371,Mumbai,16/10/2024,20:30,Severe,5.9
372,Mumbai,2023.06.03,12:00,Moderate,22.6
373,Mumbai,16-10-2024,12:15,Moderate,26.5
374,Mumbai,11/17/2023,19:45,Severe,3.0
375,Mumbai,05/17/2023,07:30,Severe,12.3
376,Mumbai,08/18/2024,15:30,High,24.9
377,Mumbai,07/13/2024,17:15,Moderate,118.8
378,Mumbai,19-04-2024,19:15,High,14.3
379,Mumbai,22-11-2023,19:00,Low,29.4
380,Mumbai,2023-08-11,16:15,Moderate,27.6
381,Mumbai,21/08/2024,07:45,Moderate,26.5
382,Mumbai,30/10/2024,18:00,Severe,3.2
383,Mumbai,28-11-2023,11:00,Low,44.1
384,Mumbai,20/03/2024,19:45,High,11.2
385,Mumbai,2024-03-02,20:30,Severe,13.8
386,Mumbai,12/23/2023,12:15,Low,36.7
387,Mumbai,18-11-2024,19:15,Severe,9.3
388,Mumbai,03/09/2023,06:45,Low,38.9
389,Mumbai,18-06-2023,09:45,Moderate,30.0
390,Mumbai,09/26/2024,19:00,Severe,6.9
391,Mumbai,2023.11.12,22:00,High,12.6
392,Mumbai,2023.08.14,12:15,Moderate,32.0
393,Mumbai,07/17/2024,04:00,Moderate,35.7
394,Mumbai,25/01/2024,21:00,Moderate,23.5
395,Mumbai,07/01/2023,08:15,Moderate,27.9
396,Mumbai,2024.05.18,09:00,High,12.2
397,Mumbai,07/23/2024,21:00,Low,48.7
398,Mumbai,2024.06.26,12:00,High,21.3
399,Mumbai,21/01/2023,23:00,High,16.5
400,Mumbai,03/11/2024,03:15,Low,39.6
401,Mumbai,2023.08.04,23:15,High,19.5
402,Mumbai,2024-09-26,13:30,Low,36.6
403,Mumbai,02/02/2024,17:30,Low,44.3
404,Mumbai,2023.06.13,17:45,Low,32.6
405,Mumbai,2024.10.26,18:45,Severe,7.3
406,Mumbai,03/25/2023,15:00,Moderate,29.4
407,Mumbai,2024.08.15,20:15,High,24.1
408,Mumbai,17/02/2023,19:30,High,15.9
409,Mumbai,2023.09.06,07:15,Low,37.6
410,Mumbai,15-07-2023,11:00,High,14.1
411,Mumbai,19/07/2023,15:15,Moderate,27.7
412,Mumbai,31-10-2023,16:30,Moderate,28.6
413,Mumbai,03/26/2023,18:00,,21.0
414,Mumbai,28-03-2023,00:00,Moderate,22.8
415,Mumbai,07/19/2023,17:45,Severe,7.6
416,Mumbai,02-01-2023,12:15,Severe,8.3
417,Mumbai,06/03/2024,11:30,Moderate,29.1
418,Mumbai,06/23/2023,10:00,Low,38.3
419,Mumbai,2023-05-04,17:00,Low,42.3
420,Mumbai,10/13/2024,18:45,High,8.4
421,Mumbai,2024.08.29,06:00,High,25.2
422,Mumbai,2024-08-04,17:45,Moderate,32.6
423,Mumbai,01/06/2024,08:45,High,14.4
424,Mumbai,2023-10-02,07:45,High,20.1
425,Mumbai,07/03/2023,06:15,Low,34.4
426,Mumbai,15/03/2024,18:30,Moderate,27.5
427,Mumbai,05/04/2024,14:00,Low,36.5
428,Mumbai,26-04-2023,09:30,Severe,5.4
429,Mumbai,02/09/2024,09:00,High,21.4
430,Mumbai,2024-05-31,16:45,Moderate,23.5
431,Mumbai,2024.07.23,07:15,Moderate,36.0
432,Mumbai,05/17/2024,18:45,High,3.3
433,Mumbai,26-07-2023,13:15,Severe,13.8
434,Mumbai,25/07/2023,21:30,Moderate,30.3
435,Mumbai,13/03/2024,16:30,High,20.0
436,Mumbai,12/06/2023,22:15,Low,39.2
437,Mumbai,2024-08-19,10:45,Low,33.0
438,Mumbai,09/15/2024,20:15,High,9.6
439,Mumbai,02-06-2024,19:00,Severe,11.6
440,Mumbai,2024.12.17,10:15,High,11.1
441,Mumbai,2024-04-28,19:00,Moderate,22.6
442,Mumbai,2023.11.24,10:45,Low,37.2
443,Mumbai,11/17/2024,23:30,Moderate,34.2
444,Mumbai,2023.05.02,17:45,Severe,7.1
445,Mumbai,2024.11.12,15:00,Low,28.2
446,Mumbai,2024.11.28,20:30,High,12.8
447,Mumbai,22-05-2024,12:45,,13.6
448,Mumbai,05/07/2023,12:00,Low,47.4
449,Mumbai,12/05/2023,15:15,Moderate,88.7
450,Mumbai,09/30/2023,11:15,Moderate,22.5
451,Mumbai,2024.12.17,07:30,Moderate,20.1
452,Mumbai,2024-02-13,19:15,High,21.5
453,Mumbai,03/29/2024,03:15,Low,25.3
454,Mumbai,12/11/2024,17:45,Low,36.0
455,Mumbai,06/04/2023,15:45,Moderate,24.6
456,Mumbai,2023.07.22,08:00,Moderate,25.3
457,Mumbai,09/24/2023,13:45,Moderate,22.5
458,Mumbai,06/23/2023,16:45,Low,45.7
459,Mumbai,2023.09.02,10:00,Low,31.1
460,Mumbai,02/26/2024,15:30,Low,28.6
461,Mumbai,2024.10.16,02:45,Low,41.2
462,Mumbai,2023-08-19,23:15,Severe,9.0
463,Mumbai,22/04/2023,10:45,Moderate,29.1
464,Mumbai,08-11-2023,08:45,High,23.5
465,Mumbai,06-06-2023,11:00,Moderate,27.6
466,Mumbai,2023.12.01,16:45,Moderate,36.6
467,Mumbai,2023.10.30,16:15,High,18.4
468,Mumbai,2023.01.05,07:15,Low,32.5
469,Mumbai,07-01-2024,12:30,Severe,7.9
470,Mumbai,09/04/2024,18:45,,15.4
471,Mumbai,16/04/2024,17:30,Moderate,24.6
472,Mumbai,24/02/2023,08:45,Severe,6.5
473,Mumbai,04-11-2024,08:15,High,12.9
474,Mumbai,2023-10-23,06:15,High,11.2
475,Mumbai,02/19/2023,08:15,Moderate,36.0
476,Mumbai,2023-04-04,08:00,High,22.7
477,Mumbai,2023.05.24,23:45,Low,33.2
478,Mumbai,18-12-2023,05:00,Low,45.7
479,Mumbai,18/10/2024,01:30,Low,38.1
480,Mumbai,2023-01-23,06:45,High,3.1
481,Mumbai,2023-10-08,09:15,High,21.6
482,Mumbai,2023.10.20,11:45,High,19.5
483,Mumbai,2024-09-22,06:15,Moderate,23.6
484,Mumbai,2024.08.12,18:15,Severe,7.6
485,Mumbai,17/07/2024,08:15,Severe,8.9
486,Mumbai,05/20/2023,21:15,Moderate,37.8
487,Mumbai,05/05/2024,19:45,Low,40.7
488,Mumbai,2024-03-25,16:45,Moderate,25.6
489,Mumbai,11-07-2024,20:15,High,20.4
490,Mumbai,2023.01.06,08:45,Severe,8.9
491,Mumbai,03/03/2023,16:00,Moderate,27.2
492,Mumbai,03/07/2023,11:30,Low,42.0
493,Mumbai,12-08-2024,11:15,Moderate,28.3
494,Mumbai,2024-07-07,19:45,Moderate,25.4
495,Mumbai,2023-01-14,13:45,Low,39.3
496,Mumbai,07-11-2024,14:30,Moderate,28.1
497,Mumbai,2023-03-26,18:15,Severe,3.0
498,Mumbai,07-11-2023,23:45,Low,33.7
499,Mumbai,2023.12.07,17:30,High,16.4
500,Mumbai,28-01-2024,20:15,Severe,3.0
501,Mumbai,2023-06-05,18:30,Severe,5.6
502,Mumbai,03-10-2024,08:00,Severe,5.4
503,Mumbai,2024-02-17,09:00,Moderate,23.5
504,Mumbai,2024-08-30,16:15,Low,45.5
505,Mumbai,2023.02.06,18:30,Severe,9.6
506,Mumbai,09-04-2023,12:15,High,18.7
507,Mumbai,2024-02-25,09:00,High,20.4
508,Mumbai,21/03/2023,21:15,Moderate,30.7
509,Mumbai,2024-11-08,07:00,High,23.3
510,Mumbai,09/22/2024,14:45,Moderate,22.0
511,Mumbai,2023.02.11,18:45,Moderate,26.6
512,Mumbai,10/22/2024,03:00,Low,34.0
513,Mumbai,2023-02-23,11:00,Moderate,33.8
514,Mumbai,03/29/2023,22:30,Moderate,23.2
515,Mumbai,19-03-2024,07:15,Moderate,25.9
516,Mumbai,01/28/2023,06:15,Moderate,25.9
517,Mumbai,09-12-2023,00:00,Low,33.7
518,Mumbai,2024.12.27,18:30,Severe,20.4
519,Mumbai,14-03-2024,02:15,High,25.4
520,Mumbai,21-01-2024,04:30,Low,31.2
521,Mumbai,2024-08-09,18:00,High,15.9
522,Mumbai,2023.12.25,17:15,High,21.6
523,Mumbai,10/03/2023,17:15,Low,43.2
524,Mumbai,2023-08-14,17:15,Severe,12.2
525,Mumbai,2023-09-03,07:00,Moderate,30.9
526,Mumbai,13/09/2024,17:45,Moderate,34.2
527,Mumbai,18/12/2024,15:30,Moderate,34.8
528,Mumbai,2024.05.04,07:00,Moderate,27.4
529,Mumbai,22/08/2023,18:30,High,20.8
530,Mumbai,04/30/2023,07:45,Moderate,28.9
531,Mumbai,2023-02-06,18:45,Low,44.4
532,Mumbai,08-03-2023,18:30,High,12.4
533,Mumbai,03/07/2023,10:15,Severe,11.6
534,Mumbai,2023.09.26,18:00,Low,37.2
535,Mumbai,12/10/2023,20:15,Severe,6.3
536,Mumbai,2024.03.24,17:15,,24.5
537,Mumbai,11/01/2024,19:15,Low,114.7
538,Mumbai,05/15/2024,01:45,Low,34.9
539,Mumbai,11/25/2024,11:45,Moderate,32.2
540,Mumbai,2024.04.23,19:45,Severe,16.2
541,Mumbai,2023.03.19,17:00,Low,37.3
542,Mumbai,27-04-2023,11:00,Moderate,30.2
543,Mumbai,24/01/2023,14:00,Moderate,29.3
544,Mumbai,06/04/2023,07:00,Low,46.6
545,Mumbai,09/08/2023,20:00,High,3.7
546,Mumbai,2023.03.03,11:00,High,22.1
547,Mumbai,2024-02-05,19:30,High,29.5
548,Mumbai,04/13/2023,07:15,Low,34.9
549,Mumbai,06/11/2023,21:30,Moderate,19.3
550,Mumbai,2023-10-21,21:30,Low,36.0
551,Mumbai,24-08-2023,12:15,Moderate,37.4
552,Mumbai,09/05/2023,08:00,High,17.8
553,Mumbai,08/09/2024,08:00,Severe,3.0
554,Mumbai,17-02-2023,17:30,High,17.7
555,Mumbai,11/02/2023,10:30,Severe,9.1
556,Mumbai,05/20/2023,11:15,Moderate,24.7
557,Mumbai,2023.02.07,13:00,Low,52.1
558,Mumbai,2023-12-31,19:45,Severe,3.0
559,Mumbai,2023.01.06,14:30,Moderate,25.9
560,Mumbai,2024-10-26,14:30,Low,42.2
561,Mumbai,13/05/2023,18:15,Severe,10.8
562,Mumbai,22-03-2024,20:15,Severe,10.2
563,Mumbai,31-10-2023,15:15,Moderate,28.8
564,Mumbai,2024-06-16,09:15,High,17.1
565,Mumbai,05/23/2024,00:30,Low,38.2
566,Mumbai,04/23/2024,10:00,Low,40.3
567,Mumbai,2023-06-19,10:15,Moderate,29.3
568,Mumbai,2023-04-15,00:45,Moderate,30.4
569,Mumbai,08/07/2024,22:45,Moderate,34.9
570,Mumbai,12/04/2024,21:45,Moderate,24.2
571,Mumbai,2024-05-07,12:15,Low,37.7
572,Mumbai,29/06/2023,17:30,High,24.3
573,Mumbai,05/18/2024,13:15,High,12.9
574,Mumbai,2023.08.29,19:15,High,12.2
575,Mumbai,2023.04.17,10:00,Severe,7.4
576,Mumbai,04/20/2023,13:15,Moderate,27.7
577,Mumbai,28-01-2023,20:30,High,-9.0
578,Mumbai,03/15/2023,21:30,Low,35.1
579,Mumbai,20/07/2023,22:45,Severe,4.4
580,Mumbai,2023.05.01,22:15,Low,39.7
581,Mumbai,08-03-2024,13:15,Moderate,32.0
582,Mumbai,2024.01.23,16:45,Moderate,16.9
583,Mumbai,2024-10-18,08:15,Severe,3.0
584,Mumbai,27/12/2023,07:15,Severe,14.0
585,Mumbai,2023.03.29,00:15,Low,32.2
586,Mumbai,01/06/2023,11:30,Low,37.8
587,Mumbai,05/01/2024,06:45,High,10.1
588,Mumbai,03/12/2023,18:45,High,18.1
589,Mumbai,06/07/2023,22:00,Low,34.8
590,Mumbai,07/18/2024,17:15,Moderate,26.9
591,Mumbai,2024-04-26,09:30,Severe,10.6
592,Mumbai,17-04-2024,13:45,High,12.8
593,Mumbai,2023.03.01,16:30,High,18.4
594,Mumbai,10/08/2024,12:30,Low,35.5
595,Mumbai,09-09-2023,07:15,High,20.6
596,Mumbai,2023-05-02,08:00,Low,42.9
597,Mumbai,03/01/2024,08:30,High,8.9
598,Mumbai,27/10/2023,01:15,Low,42.5
599,Mumbai,2024.10.16,19:00,High,5.4
600,Mumbai,06-12-2024,18:15,High,7.7
601,Mumbai,25-10-2024,14:45,Severe,5.7
602,Mumbai,2023-03-14,11:00,Moderate,38.3
603,Mumbai,04/29/2024,12:45,Low,28.0
604,Mumbai,16-08-2023,18:45,High,17.8
605,Mumbai,27/05/2024,18:15,High,12.9
606,Mumbai,07/25/2024,19:15,High,12.7
607,Mumbai,15-01-2024,18:30,Severe,11.4
608,Mumbai,04-08-2023,10:15,Moderate,-41.9
609,Mumbai,15-11-2024,09:45,High,13.0
610,Mumbai,02/18/2023,11:15,Moderate,23.9
611,Mumbai,11/25/2024,09:15,Moderate,35.0
612,Mumbai,11/23/2023,18:00,High,15.3
613,Mumbai,2024-03-29,08:30,High,8.0
614,Mumbai,31-05-2023,20:15,Severe,8.7
615,Mumbai,2024-09-12,08:00,Severe,3.0
616,Mumbai,30-08-2024,16:15,High,20.7
617,Mumbai,2024-01-17,19:45,Severe,8.1
618,Mumbai,21/08/2023,18:15,Severe,13.5
619,Mumbai,12/09/2023,17:30,Moderate,25.0
620,Mumbai,07-08-2024,12:45,Severe,3.0
621,Mumbai,15/09/2024,07:45,Low,41.7
622,Mumbai,01/14/2024,12:45,Low,45.0
623,Mumbai,2023-09-30,20:45,High,12.5
624,Mumbai,2024-05-16,21:45,Severe,11.7
625,Mumbai,2023.05.08,08:00,High,14.1
626,Mumbai,15-02-2024,14:15,Severe,3.0
627,Mumbai,07-09-2023,10:15,Moderate,27.8
628,Mumbai,21-10-2024,02:30,Low,44.1
629,Mumbai,11/26/2023,07:45,Moderate,25.2
630,Mumbai,2024-03-09,17:45,Low,46.9
631,Mumbai,20-10-2024,08:00,Severe,3.9
632,Mumbai,2024.11.18,19:00,High,17.5
633,Mumbai,10/13/2023,15:45,High,16.4
634,Mumbai,10/12/2023,08:30,Severe,3.0
635,Mumbai,2024.07.19,09:30,High,18.8
636,Mumbai,04/17/2024,07:00,High,21.4
637,Mumbai,2023-11-06,22:45,High,16.6
638,Mumbai,07/25/2023,18:15,High,13.1
639,Mumbai,2024.09.15,19:00,Moderate,28.4
640,Mumbai,2023.05.16,08:00,Severe,11.7
641,Mumbai,27/12/2023,08:45,High,11.6
642,Mumbai,2023-06-06,13:00,Low,31.9
643,Mumbai,2024.02.19,19:15,High,16.6
644,Mumbai,08-09-2023,15:30,Moderate,29.7
645,Mumbai,01/23/2023,16:00,Severe,3.4
646,Mumbai,2024.11.04,07:00,High,11.1
647,Mumbai,2023.07.27,18:45,High,20.3
648,Mumbai,02/27/2023,17:00,Moderate,31.6
649,Mumbai,29/09/2024,07:00,Moderate,26.2
650,Mumbai,27/10/2023,16:45,Low,36.2
651,Mumbai,08/05/2023,16:15,Low,25.6
652,Mumbai,2023.06.22,09:30,High,17.5
653,Mumbai,2024-12-17,16:00,Moderate,33.0
654,Mumbai,19/10/2023,12:45,Moderate,37.6
655,Mumbai,20/12/2023,11:00,High,10.7
656,Mumbai,08/12/2024,21:30,Low,41.8
657,Mumbai,09/03/2024,07:30,High,22.7
658,Mumbai,12/05/2023,07:00,High,22.2
659,Mumbai,21-06-2023,18:00,Severe,3.4
660,Mumbai,2024.08.30,21:30,High,12.0
661,Mumbai,03/01/2024,18:45,High,25.2
662,Mumbai,21/07/2023,07:30,Moderate,19.7
663,Mumbai,19/03/2023,16:45,Moderate,29.7
664,Mumbai,05/01/2023,13:15,Moderate,25.8
665,Mumbai,2023.11.28,18:45,Severe,12.2
666,Mumbai,2024-04-23,07:45,Low,38.1
667,Mumbai,2023-07-28,22:45,Moderate,34.2
668,Mumbai,09/29/2023,00:15,Low,36.3
669,Mumbai,2023-09-29,18:45,Moderate,17.9
670,Mumbai,10/07/2024,10:00,Low,32.0
671,Mumbai,30-10-2024,21:30,Low,39.8
672,Mumbai,12/24/2024,19:00,High,9.5
673,Mumbai,2024.07.14,09:30,High,16.9
674,Mumbai,2024.05.16,06:15,Low,35.8
675,Mumbai,2024.12.27,22:00,Moderate,27.0
676,Mumbai,05/10/2024,10:30,Moderate,26.5
677,Mumbai,2024-05-16,18:00,High,11.0
678,Mumbai,04/04/2024,14:45,Moderate,31.5
679,Mumbai,2024.10.05,17:45,Severe,6.8
680,Mumbai,08/01/2023,17:45,Low,28.8
681,Mumbai,07/03/2024,05:45,Low,39.9
682,Mumbai,03/09/2024,19:45,Low,41.7
683,Mumbai,11/18/2023,10:15,,9.9
684,Mumbai,30/08/2023,14:45,Low,35.4
685,Mumbai,04/06/2024,17:00,Moderate,22.4
686,Mumbai,31-10-2023,09:45,Moderate,27.8
687,Mumbai,11-09-2023,12:45,Moderate,-22.5
688,Mumbai,04/04/2024,06:15,Moderate,33.2
689,Mumbai,2023-03-10,09:00,Low,42.3
690,Mumbai,2024.09.12,17:00,Moderate,23.3
691,Mumbai,2024-05-02,07:30,High,18.5
692,Mumbai,2024-11-23,17:15,Moderate,29.7
693,Mumbai,2024-01-08,22:15,Moderate,29.6
694,Mumbai,11/15/2023,10:45,Moderate,29.7
695,Mumbai,02/12/2024,22:45,Low,39.3
696,Mumbai,18-04-2024,18:45,Moderate,26.9
697,Mumbai,2024.07.01,18:15,Low,44.0
698,Mumbai,10/06/2024,06:00,High,18.3
699,Mumbai,29-08-2024,12:45,Moderate,26.8
700,Mumbai,27/04/2023,19:30,Moderate,21.4
701,Mumbai,01/27/2024,07:15,Moderate,37.7
702,Mumbai,07/15/2023,16:15,Low,41.9
703,Mumbai,2023.03.07,18:00,Moderate,31.2
704,Mumbai,08/11/2023,19:00,Moderate,27.7
705,Mumbai,2024.10.12,19:00,High,14.5
706,Mumbai,04/05/2024,18:00,High,16.5
707,Mumbai,2024-01-17,17:15,Moderate,27.9
708,Mumbai,27-03-2024,18:30,High,13.7
709,Mumbai,05/13/2024,11:30,Low,43.0
710,Mumbai,15/10/2023,19:30,Severe,12.6
711,Mumbai,2024.01.25,06:30,Moderate,24.0
712,Mumbai,03/09/2024,06:45,Severe,4.4
713,Mumbai,14/11/2023,16:00,Moderate,33.3
714,Mumbai,2023.05.14,21:00,Moderate,26.6
715,Mumbai,22/07/2023,13:45,Moderate,27.8
716,Mumbai,11/11/2024,15:15,Low,35.8
717,Mumbai,2024-02-04,07:30,High,12.0
718,Mumbai,25/02/2023,16:00,Low,42.7
719,Mumbai,02/02/2023,10:15,High,14.2
720,Mumbai,09/06/2023,18:15,Severe,10.1
721,Mumbai,2023-08-01,16:30,Moderate,32.3
722,Mumbai,2024-03-27,10:45,Moderate,18.9
723,Mumbai,18/02/2024,17:15,Moderate,30.1
724,Mumbai,14-11-2023,08:00,High,19.8
725,Mumbai,03/09/2024,09:00,High,18.3
726,Mumbai,03/09/2023,16:30,Low,29.8
727,Mumbai,04/28/2024,15:45,Low,40.5
728,Mumbai,2023.06.24,19:15,Moderate,29.1
729,Mumbai,2024.02.13,18:45,High,21.4
730,Mumbai,2023-08-12,07:15,Moderate,31.2
731,Mumbai,2023.01.08,17:15,Moderate,26.1
732,Mumbai,2023-03-24,15:30,Low,41.0
733,Mumbai,2023-09-27,20:30,High,8.2
734,Mumbai,06/26/2023,22:15,Low,39.9
735,Mumbai,24-03-2023,07:00,High,24.6
736,Mumbai,14-08-2023,17:45,Moderate,28.4
737,Mumbai,01-03-2024,14:15,Severe,3.0
738,Mumbai,2023.11.21,21:00,High,13.9
739,Mumbai,2023-01-28,18:30,Moderate,28.2
740,Mumbai,06-08-2023,07:30,Moderate,25.9
741,Mumbai,2023-01-20,02:30,Low,33.2
742,Mumbai,2023.01.19,18:00,Moderate,24.8
743,Mumbai,20-02-2024,08:45,Moderate,23.9
744,Mumbai,06/19/2024,19:00,High,20.4
745,Mumbai,18-08-2024,12:00,High,18.6
746,Mumbai,2024.05.07,12:30,Low,33.6
747,Mumbai,2023.04.07,19:00,High,27.2
748,Mumbai,2024.09.06,14:45,Low,33.0
749,Mumbai,2023.07.11,13:45,Low,31.8
750,Mumbai,06/05/2023,17:15,High,12.3
751,Mumbai,2024.04.18,16:45,High,13.5
752,Mumbai,14-09-2024,12:45,Low,38.7
753,Mumbai,01/18/2024,07:30,Low,33.8
754,Mumbai,10/24/2023,07:15,High,16.3
755,Mumbai,10/04/2023,10:30,Low,42.0
756,Mumbai,2023.09.08,18:30,High,19.7
757,Mumbai,14-11-2024,11:45,Moderate,21.0
758,Mumbai,20/04/2024,18:00,Moderate,25.2
759,Mumbai,10-04-2023,14:45,Moderate,25.4
760,Delhi,2023.10.15,12:30,High,17.4
761,Delhi,01-03-2023,05:45,Low,47.5
762,Delhi,06/06/2024,11:15,High,14.2
763,Delhi,04-02-2023,23:00,Moderate,35.3
764,Delhi,24/10/2024,08:15,High,23.7
765,Delhi,21/05/2023,02:45,High,16.8
766,Delhi,06/13/2024,03:15,Low,36.6
767,Delhi,27/06/2024,08:15,High,27.0
768,Delhi,2023.04.16,04:15,Low,45.8
769,Delhi,15/10/2023,02:00,Low,41.7
770,Delhi,08/19/2023,18:30,Severe,3.0
771,Delhi,2023.01.20,11:45,Moderate,27.8
772,Delhi,01/01/2023,10:30,Low,36.7
773,Delhi,09/18/2023,19:45,Moderate,27.5
774,Delhi,12-06-2023,16:15,High,8.3
775,Delhi,2023.03.09,10:30,Moderate,26.8
776,Delhi,2024-09-01,07:30,Low,38.5
777,Delhi,2023-06-24,18:30,Low,47.3
778,Delhi,18-01-2023,15:15,Moderate,22.4
779,Delhi,2024-12-05,17:15,Low,35.5
780,Delhi,11-09-2023,18:15,Low,42.0
781,Delhi,2024.08.03,12:00,Low,33.8
782,Delhi,2024.09.04,09:30,Severe,6.9
783,Delhi,02/15/2024,16:15,Low,38.2
784,Delhi,2024.06.28,19:15,Severe,3.1
785,Delhi,13/10/2024,11:45,High,16.6
786,Delhi,01-06-2024,06:30,Low,33.5
787,Delhi,2023.12.27,07:30,Low,36.7
788,Delhi,12/01/2023,12:30,Moderate,21.4
789,Delhi,2023-12-24,16:15,High,3.1
790,Delhi,2024-01-15,06:00,Moderate,29.3
791,Delhi,17-10-2024,23:45,Severe,8.3
792,Delhi,2023.10.24,18:00,Severe,6.5
793,Delhi,03/15/2024,07:30,Moderate,29.9
794,Delhi,14-08-2024,16:15,Low,38.8
795,Delhi,10/01/2024,11:15,Moderate,27.6
796,Delhi,30-01-2023,21:45,Moderate,16.9
797,Delhi,2023-06-19,12:30,High,16.6
798,Delhi,03/12/2023,05:00,Low,37.8
799,Delhi,17/09/2023,15:00,Low,36.0
800,Delhi,25-04-2024,12:45,Moderate,35.5
801,Delhi,12/19/2024,15:00,High,25.3
802,Delhi,2024-10-12,18:45,Moderate,36.0
803,Delhi,25-10-2023,12:00,Moderate,28.2
804,Delhi,05/18/2024,08:45,High,15.3
805,Delhi,2024.11.01,15:45,Moderate,29.2
806,Delhi,2024-06-23,20:30,Severe,4.8
807,Delhi,2023.12.20,11:30,Moderate,26.4
808,Delhi,2023-10-29,01:15,Low,42.6
809,Delhi,15-04-2024,13:45,High,8.0
810,Delhi,2023-11-07,07:00,High,17.8
811,Delhi,23-02-2023,08:00,Low,49.5
812,Delhi,2024.11.28,18:30,Severe,3.0
813,Delhi,30/12/2024,17:00,Severe,10.5
814,Delhi,16/12/2023,07:45,Moderate,22.0
815,Delhi,15-12-2024,07:30,High,11.6
816,Delhi,2024.05.29,00:45,Low,34.0
817,Delhi,2023.02.13,12:45,Severe,3.0
818,Delhi,15-09-2024,15:00,High,18.8
819,Delhi,09-04-2024,17:15,Moderate,30.4
820,Delhi,24-03-2023,11:45,Moderate,23.7
821,Delhi,22/05/2023,00:15,Moderate,28.3
822,Delhi,21-12-2024,23:30,Severe,5.0
823,Delhi,2023.02.15,08:45,High,16.6
824,Delhi,04/12/2024,07:15,Low,49.6
825,Delhi,28/04/2024,11:30,Low,32.6
826,Delhi,18-09-2023,17:00,Moderate,21.8
827,Delhi,10-03-2024,09:15,High,107.4
828,Delhi,2024.10.28,09:45,High,20.4
829,Delhi,2024-09-26,10:30,Low,31.5
830,Delhi,02-04-2024,16:45,Moderate,23.8
831,Delhi,09/06/2024,18:45,Severe,3.0
832,Delhi,2024-07-15,17:00,Moderate,30.1
833,Delhi,2024.08.22,08:00,Low,37.7
834,Delhi,18/10/2023,17:45,Low,39.0
835,Delhi,2024.08.17,20:15,Moderate,23.3
836,Delhi,2024-07-19,06:00,Moderate,19.8
837,Delhi,07/04/2024,08:15,High,18.8
838,Delhi,2023.08.21,15:00,Low,38.1
839,Delhi,2024-12-07,12:00,Severe,3.5
840,Delhi,2024.03.08,18:00,Moderate,33.8
841,Delhi,14-02-2024,20:30,Severe,3.0
842,Delhi,11/16/2024,09:45,High,27.3
843,Delhi,02/06/2023,19:30,High,20.0
844,Delhi,02/09/2024,22:45,Moderate,35.9
845,Delhi,06/11/2024,18:30,High,19.1
846,Delhi,2023.09.12,08:00,,7.7
847,Delhi,07-08-2024,10:00,Low,33.4
848,Delhi,06-07-2023,08:45,Severe,15.8
849,Delhi,2023-07-12,07:15,Low,39.3
850,Delhi,04/02/2023,10:00,Moderate,27.5
851,Delhi,2023.09.02,18:30,High,21.0
852,Delhi,30-01-2023,18:45,High,12.2
853,Delhi,31-03-2023,02:45,High,17.1
854,Delhi,2024-01-14,07:00,High,14.3
855,Delhi,23-01-2024,07:30,Low,36.2
856,Delhi,2023-06-07,16:30,Moderate,36.4
857,Delhi,12/12/2023,08:30,High,16.6
858,Delhi,23/02/2024,08:15,High,15.8
859,Delhi,2024.11.29,20:15,High,13.2
860,Delhi,2024.11.20,17:00,Low,32.5
861,Delhi,2024.04.10,16:00,Low,42.5
862,Delhi,09-03-2023,00:00,Low,37.2
863,Delhi,07-06-2024,07:00,High,8.1
864,Delhi,2023.06.19,01:15,High,13.0
865,Delhi,24-11-2024,14:00,Low,32.9
866,Delhi,25/06/2023,14:45,Moderate,16.0
867,Delhi,2023.04.01,18:15,High,22.1
868,Delhi,24-12-2024,07:00,Moderate,33.2
869,Delhi,05-06-2024,19:15,High,23.5
870,Delhi,16/02/2024,12:15,High,21.2
871,Delhi,2023-07-21,16:45,Moderate,25.8
872,Delhi,29-12-2024,20:00,Severe,11.1
873,Delhi,18-05-2023,00:45,Moderate,19.1
874,Delhi,16/08/2024,10:00,High,15.6
875,Delhi,2023-09-25,19:45,Severe,4.5
876,Delhi,2024-10-09,19:00,Moderate,28.2
877,Delhi,03/13/2023,18:00,Severe,13.2
878,Delhi,27/01/2024,18:30,Moderate,34.7
879,Delhi,2023.10.27,17:45,Moderate,34.1
880,Delhi,13-03-2023,06:30,Moderate,28.1
881,Delhi,2023-01-10,07:30,Moderate,32.4
882,Delhi,05/06/2024,11:30,Moderate,25.4
883,Delhi,28/12/2023,15:30,High,8.0
884,Delhi,23/03/2024,20:30,High,9.5
885,Delhi,02-07-2024,19:30,Severe,7.5
886,Delhi,02/02/2023,11:45,Severe,5.7
887,Delhi,12/13/2023,18:30,High,17.2
888,Delhi,29-09-2023,08:00,Severe,12.3
889,Delhi,07/01/2024,19:15,Moderate,27.6
890,Delhi,2023.07.06,14:15,Low,37.5
891,Delhi,2023.03.04,12:30,Low,52.0
892,Delhi,28-10-2023,06:00,Severe,6.1
893,Delhi,10/19/2023,07:15,Low,36.3
894,Delhi,2023.10.19,05:30,High,7.9
895,Delhi,07/31/2023,16:45,High,14.7
896,Delhi,07/01/2023,09:45,Severe,5.9
897,Delhi,18/06/2023,14:30,Moderate,23.5
898,Delhi,14-07-2023,12:15,Moderate,28.9
899,Delhi,01/04/2024,17:00,Low,44.6
900,Delhi,2024.01.27,09:00,Severe,12.6
901,Delhi,2023.08.01,19:45,Severe,3.0
902,Delhi,2023-04-15,20:45,High,18.4
903,Delhi,08-05-2023,19:45,High,11.5
904,Delhi,01/10/2023,16:45,Moderate,28.3
905,Delhi,2023-08-26,18:00,Severe,4.7
906,Delhi,08/27/2023,09:45,Severe,14.2
907,Delhi,20/02/2024,17:15,High,22.2
908,Delhi,13-09-2023,15:15,Moderate,21.8
909,Delhi,02/08/2023,06:45,Moderate,28.9
910,Delhi,2024.05.21,04:00,Moderate,17.6
911,Delhi,2024-03-06,17:00,Moderate,22.4
912,Delhi,2023-03-29,10:30,Moderate,25.0
913,Delhi,2024-06-27,14:15,High,19.2
914,Delhi,2024-08-04,17:00,Severe,9.3
915,Delhi,03/19/2023,14:00,Low,31.6
916,Delhi,07/06/2023,07:45,Moderate,19.3
917,Delhi,22-11-2023,10:15,High,19.8
918,Delhi,08-02-2023,08:45,Moderate,26.0
919,Delhi,11/09/2023,07:15,Moderate,30.3
920,Delhi,27/02/2024,21:30,Moderate,22.3
921,Delhi,07/04/2023,21:15,High,15.9
922,Delhi,2024.10.13,15:45,Moderate,28.0
923,Delhi,23-06-2024,20:15,Low,38.8
924,Delhi,08/02/2023,16:30,High,15.0
925,Delhi,26/02/2023,09:30,High,16.1
926,Delhi,2023.08.06,10:15,Severe,3.0
927,Delhi,02-12-2024,15:30,Low,36.6
928,Delhi,2023.01.11,08:15,Low,34.9
929,Delhi,03/31/2023,19:15,Moderate,33.7
930,Delhi,05/08/2023,18:15,High,25.3
931,Delhi,2024.09.27,10:45,Moderate,25.6
932,Delhi,26-08-2024,13:45,Moderate,29.6
933,Delhi,2023-12-20,15:45,Low,37.8
934,Delhi,23/01/2023,08:30,High,23.6
935,Delhi,22-03-2023,08:00,High,30.0
936,Delhi,19-06-2023,19:45,High,10.0
937,Delhi,15-05-2024,14:15,Moderate,34.8
938,Delhi,2024-05-13,19:00,Severe,7.0
939,Delhi,09/15/2023,04:45,Low,41.7
940,Delhi,2023.08.25,20:00,Moderate,29.2
941,Delhi,14/11/2024,17:00,Moderate,25.5
942,Delhi,2023-05-13,16:45,Severe,9.8
943,Delhi,2023.03.11,13:15,High,17.7
944,Delhi,26/05/2023,14:00,Low,43.6
945,Delhi,01/02/2024,19:00,High,11.9
946,Delhi,17-10-2023,17:00,Severe,8.6
947,Delhi,12-03-2024,22:45,Low,42.7
948,Delhi,2024-04-06,10:45,Severe,7.1
949,Delhi,24-08-2024,19:30,High,23.4
950,Delhi,09/09/2024,04:15,Moderate,26.3
951,Delhi,10-03-2024,21:45,Moderate,24.6
952,Delhi,2024-12-23,17:15,Moderate,24.3
953,Delhi,04/01/2024,00:15,Moderate,24.6
954,Delhi,2023.10.23,11:45,Moderate,26.2
955,Delhi,2023.04.17,19:45,Severe,7.8
956,Delhi,22-06-2023,07:15,Low,35.4
957,Delhi,24-07-2023,08:15,Severe,6.4
958,Delhi,2024.02.06,11:45,Moderate,30.4
959,Delhi,26-04-2024,16:30,High,11.0
960,Delhi,2024.04.17,10:00,High,6.7
961,Delhi,02/11/2024,14:30,Moderate,32.4
962,Delhi,2024.07.08,11:15,Low,31.4
963,Delhi,24/11/2023,17:30,Low,37.7
964,Delhi,2024.12.01,11:30,Severe,3.6
965,Delhi,2023.12.06,13:00,Severe,10.3
966,Delhi,2024-05-09,10:15,Moderate,31.0
967,Delhi,03/12/2023,18:30,High,14.7
968,Delhi,2023-07-17,11:00,Low,36.7
969,Delhi,23/04/2023,07:15,Low,29.5
970,Delhi,03/22/2023,12:30,Low,41.7
971,Delhi,03/18/2023,13:00,High,14.6
972,Delhi,11/09/2024,07:00,Severe,3.4
973,Delhi,21/06/2024,20:30,Severe,3.0
974,Delhi,10/11/2024,08:00,High,18.6
975,Delhi,2023.03.05,17:15,Low,40.3
976,Delhi,14-12-2024,17:00,Moderate,33.3
977,Delhi,2023.08.23,18:00,High,15.7
978,Delhi,08-06-2024,12:30,Low,41.8
979,Delhi,04/27/2023,16:30,Low,45.0
980,Delhi,2024-08-03,15:45,Moderate,34.9
981,Delhi,16/02/2024,15:30,Low,40.5
982,Delhi,2023-02-09,09:00,High,18.4
983,Delhi,03-04-2023,15:30,High,20.5
984,Delhi,23/02/2023,15:00,Low,35.3
985,Delhi,02/10/2023,12:45,Low,44.4
986,Delhi,2023.10.29,16:00,Low,46.2
987,Delhi,10/27/2023,11:30,Low,34.7
988,Delhi,2023-06-10,03:45,Low,39.5
989,Delhi,2023-04-27,14:00,Moderate,35.3
990,Delhi,02/20/2023,11:00,Moderate,29.9
991,Delhi,12/02/2024,08:15,High,14.3
992,Delhi,2024-09-23,10:30,Severe,20.6
993,Delhi,01/07/2023,08:45,Severe,10.7
994,Delhi,2023.05.23,06:45,High,17.4
995,Delhi,2024-01-04,06:30,Low,28.5
996,Delhi,21-08-2023,09:00,High,12.0
997,Delhi,18/08/2024,07:15,Moderate,20.7
998,Delhi,21-07-2024,04:00,Low,33.6
999,Delhi,10/28/2023,15:30,High,15.5
1000,Delhi,09/09/2024,19:30,High,14.4
1001,Delhi,04/12/2024,09:00,High,19.3
1002,Delhi,25-12-2023,17:30,High,22.5
1003,Delhi,2024.12.01,08:00,Moderate,32.9
1004,Delhi,10/09/2024,17:00,Low,33.4
1005,Delhi,08/02/2023,21:30,Low,40.8
1006,Delhi,05/05/2023,01:30,Low,37.9
1007,Delhi,2024.02.27,12:15,Moderate,28.3
1008,Delhi,28/03/2023,21:45,Low,42.9
1009,Delhi,2023-10-03,08:45,High,15.9
1010,Delhi,09/08/2023,19:30,High,17.2
1011,Delhi,16-03-2023,17:30,Low,43.8
1012,Delhi,2024-11-27,09:00,High,21.2
1013,Delhi,05/11/2024,06:45,High,13.2
1014,Delhi,14-03-2023,18:00,Moderate,31.1
1015,Delhi,10/28/2024,10:45,Moderate,23.8
1016,Delhi,06-12-2023,18:45,High,22.8
1017,Delhi,05/12/2023,21:00,Moderate,23.8
1018,Delhi,21-12-2023,19:15,Low,37.7
1019,Delhi,2023-01-13,14:15,Moderate,21.7
1020,Delhi,08/04/2024,12:45,Moderate,25.7
1021,Delhi,11/06/2024,07:30,Low,-40.1
1022,Delhi,29/04/2024,17:00,Moderate,32.0
1023,Delhi,2024-12-22,11:15,Severe,19.4
1024,Delhi,2023-04-01,19:15,Moderate,26.3
1025,Delhi,2024.09.16,18:15,High,6.8
1026,Delhi,05/13/2023,15:15,Moderate,29.6
1027,Delhi,2024-10-31,20:45,High,15.7
1028,Delhi,25-12-2023,02:30,Low,40.3
1029,Delhi,30-08-2024,21:00,Low,35.0
1030,Delhi,2024.02.09,18:45,High,22.0
1031,Delhi,07/05/2023,20:00,High,17.3
1032,Delhi,03/16/2024,12:00,Low,39.5
1033,Delhi,2024-02-04,21:15,Low,31.6
1034,Delhi,2024-07-09,08:15,High,14.2
1035,Delhi,2023.08.13,09:45,High,20.6
1036,Delhi,09-06-2024,19:45,Moderate,-22.3
1037,Delhi,21-03-2024,08:30,High,6.4
1038,Delhi,21/08/2023,16:30,Moderate,105.4
1039,Delhi,2024-11-14,18:00,Severe,4.3
1040,Delhi,16/11/2024,18:45,Severe,3.0
1041,Delhi,01/12/2024,19:30,Moderate,26.9
1042,Delhi,04-08-2023,11:00,Severe,4.2
1043,Delhi,20-04-2024,06:45,High,11.8
1044,Delhi,20/11/2023,23:45,Moderate,22.2
1045,Delhi,2024.10.02,18:00,Severe,15.0
1046,Delhi,08-07-2023,11:30,Severe,18.7
1047,Delhi,03/16/2024,12:00,Moderate,28.0
1048,Delhi,27/11/2024,17:30,Low,40.5
1049,Delhi,2023.12.11,13:45,Moderate,25.7
1050,Delhi,01/02/2024,02:00,Low,32.3
1051,Delhi,2024-03-04,16:15,High,18.5
1052,Delhi,2023.01.21,16:45,Moderate,29.3
1053,Delhi,05/12/2024,12:00,Severe,8.9
1054,Delhi,06/20/2024,11:00,Moderate,17.8
1055,Delhi,10/17/2023,07:30,Low,37.4
1056,Delhi,2024.01.16,00:00,Low,39.5
1057,Delhi,2023-12-17,08:30,High,16.1
1058,Delhi,2024-07-18,06:30,Moderate,18.6
1059,Delhi,26/11/2023,16:00,Severe,8.3
1060,Delhi,2023.01.09,06:30,Moderate,17.0
1061,Delhi,2023-08-22,16:15,Moderate,27.6
1062,Delhi,09/09/2023,07:15,Low,37.8
1063,Delhi,04-11-2023,09:15,High,24.0
1064,Delhi,14-12-2024,06:45,Moderate,33.2
1065,Delhi,21-02-2024,21:00,Moderate,22.3
1066,Delhi,16/11/2023,17:45,Moderate,34.3
1067,Delhi,2023-08-07,19:15,High,22.3
1068,Delhi,06/25/2024,06:15,Moderate,28.5
1069,Delhi,02/17/2023,12:00,Low,33.9
1070,Delhi,06-01-2024,17:30,Low,35.6
1071,Delhi,2024.06.08,17:30,Low,28.3
1072,Delhi,2023.05.27,16:15,Low,45.3
1073,Delhi,2024.08.26,13:15,Moderate,28.7
1074,Delhi,11/13/2023,09:45,Severe,11.0
1075,Delhi,2023.05.25,18:30,Moderate,25.1
1076,Delhi,2023-08-19,23:15,Low,25.7
1077,Delhi,06/28/2023,08:45,High,21.9
1078,Delhi,2024.03.26,17:00,High,10.3
1079,Delhi,04/20/2024,10:15,Moderate,29.5
1080,Delhi,10/06/2023,16:30,,22.1
1081,Delhi,2024.03.21,08:15,Moderate,27.4
1082,Delhi,25-04-2024,06:00,Moderate,28.2
1083,Delhi,06/10/2024,08:45,Severe,8.5
1084,Delhi,2023-07-19,21:45,High,7.9
1085,Delhi,10/11/2023,09:00,Severe,9.1
1086,Delhi,12/15/2023,18:30,High,10.2
1087,Delhi,2023.06.11,13:30,Moderate,20.4
1088,Delhi,2023-05-15,05:00,Low,43.1
1089,Delhi,07/09/2023,11:15,Severe,8.4
1090,Delhi,11/13/2024,07:45,High,19.5
1091,Delhi,01/29/2024,15:15,Severe,6.0
1092,Delhi,12/01/2024,07:30,Moderate,-29.9
1093,Delhi,03/27/2024,07:00,Moderate,27.7
1094,Delhi,08/04/2024,01:00,Moderate,31.0
1095,Delhi,2024-01-12,19:45,High,16.6
1096,Delhi,26-03-2024,19:00,Severe,8.0
1097,Delhi,11/02/2024,08:15,Severe,11.7
1098,Delhi,2024.09.06,07:45,,32.2
1099,Delhi,09/03/2023,17:30,Moderate,80.1
1100,Delhi,2024-08-27,14:00,Low,30.4
1101,Delhi,2024-07-25,12:15,Low,39.2
1102,Delhi,2023-08-20,12:45,High,18.0
1103,Delhi,2024.11.18,18:30,High,17.7
1104,Delhi,08/02/2024,06:15,Moderate,26.3
1105,Delhi,2023-07-25,11:00,Low,35.1
1106,Delhi,2024.06.10,20:15,Severe,8.6
1107,Delhi,2024.07.31,13:45,High,16.5
1108,Delhi,2024-09-25,09:15,,27.6
1109,Delhi,2023.06.10,04:30,High,18.2
1110,Delhi,28/08/2023,16:45,High,16.4
1111,Delhi,05/09/2024,14:00,Moderate,20.5
1112,Delhi,19-05-2024,10:00,Moderate,32.7
1113,Delhi,15/10/2024,10:00,Moderate,33.3
1114,Delhi,08/27/2024,07:15,Moderate,30.3
1115,Delhi,2023.03.09,22:15,Low,52.2
1116,Delhi,23-08-2024,16:15,High,11.3
1117,Delhi,2024-12-05,18:45,Severe,3.9
1118,Delhi,12-01-2024,15:00,Severe,9.0
1119,Delhi,2023.11.15,09:00,High,12.4
1120,Delhi,06/29/2024,14:30,Low,105.8
1121,Delhi,2024-05-08,08:30,High,16.3
1122,Delhi,07/01/2023,19:00,High,9.1
1123,Delhi,2023.05.01,16:15,,42.2
1124,Delhi,13-12-2023,18:15,High,12.2
1125,Delhi,01/21/2023,09:30,High,6.1
1126,Delhi,2023.08.17,16:15,High,14.1
1127,Delhi,01/09/2023,13:45,Low,36.5
1128,Delhi,29-06-2023,17:00,Moderate,21.5
1129,Delhi,2023.03.28,15:30,High,17.0
1130,Delhi,03-11-2023,15:15,High,22.3
1131,Delhi,2023-03-06,10:15,Low,43.7
1132,Delhi,2024-04-12,15:45,Low,38.5
1133,Delhi,04/04/2024,17:15,High,14.7
1134,Delhi,14-11-2023,22:15,High,19.4
1135,Delhi,2024-04-04,20:45,High,16.7
1136,Delhi,08-02-2024,09:00,High,20.7
1137,Delhi,04/20/2024,05:00,Low,29.7
1138,Delhi,11/12/2023,11:00,Moderate,36.2
1139,Delhi,16-11-2023,20:15,Low,33.8
1140,Delhi,2023.11.07,08:45,High,11.6
1141,Delhi,25-01-2024,23:45,Low,31.0
1142,Delhi,03/17/2023,18:45,Moderate,25.7
1143,Delhi,2023.08.28,11:15,Severe,5.5
1144,Delhi,07/18/2023,16:15,Severe,10.0
1145,Delhi,19-05-2023,08:45,Severe,7.6
1146,Delhi,12-10-2023,00:15,High,12.4
1147,Delhi,07/31/2024,10:45,Moderate,36.3
1148,Delhi,2024.02.08,15:00,High,13.8
1149,Delhi,01/11/2023,19:00,High,10.5
1150,Delhi,2024.11.15,15:15,Moderate,23.8
1151,Delhi,16/11/2023,22:45,Moderate,19.5
1152,Delhi,05/27/2023,13:00,High,11.9
1153,Delhi,2024-06-14,17:15,Low,45.9
1154,Delhi,17-09-2024,08:15,High,10.4
1155,Delhi,06/03/2023,21:45,Severe,119.3
1156,Delhi,2024.10.04,02:00,Low,32.8
1157,Delhi,07-04-2024,20:30,Moderate,28.1
1158,Delhi,10/02/2024,17:15,Moderate,21.4
1159,Delhi,2024-09-18,21:00,High,6.9
1160,Delhi,2024-11-13,17:15,Low,46.4
1161,Delhi,2023.02.28,18:30,High,12.1
1162,Delhi,2024-07-19,16:15,Low,42.6
1163,Delhi,2023.11.04,13:30,Low,40.8
1164,Delhi,2024-06-05,09:15,High,19.7
1165,Delhi,2024.06.12,15:45,Moderate,25.9
1166,Delhi,2023.01.28,10:45,Severe,12.4
1167,Delhi,23/12/2023,10:15,Moderate,25.2
1168,Delhi,2024-10-14,14:45,Low,43.2
1169,Delhi,24/02/2024,19:45,Severe,8.9
1170,Delhi,18/04/2023,01:00,Low,40.9
1171,Delhi,2024.10.19,15:45,Severe,12.4
1172,Delhi,2024.02.20,07:00,Low,40.7
1173,Delhi,27-01-2024,20:45,High,23.0
1174,Delhi,17-04-2023,13:30,Low,39.9
1175,Delhi,2023.07.08,18:15,Moderate,26.8
1176,Delhi,03-11-2024,16:45,Low,39.6
1177,Delhi,2023-06-22,02:15,Low,37.9
1178,Delhi,2024.11.14,14:30,Moderate,30.7
1179,Delhi,03-10-2024,19:45,High,11.0
1180,Delhi,10/28/2024,04:00,Moderate,32.1
1181,Delhi,2024.03.20,04:30,Low,33.0
1182,Delhi,2024.08.05,16:15,Low,39.8
1183,Delhi,2024.05.01,19:00,High,12.1
1184,Delhi,04-09-2023,13:30,High,18.1
1185,Delhi,15-08-2024,12:45,High,8.8
1186,Delhi,2024.03.08,12:30,Moderate,27.1
1187,Delhi,16/07/2024,05:30,Moderate,29.4
1188,Delhi,2023.09.20,12:30,High,21.8
1189,Delhi,10/20/2023,08:15,High,13.4
1190,Delhi,02/14/2024,17:30,Moderate,26.5
1191,Delhi,28-11-2023,03:00,Low,41.3
1192,Delhi,2023-05-28,19:15,Low,41.6
1193,Delhi,2024.06.05,08:00,High,12.7
1194,Delhi,2023-03-28,16:15,Moderate,28.4
1195,Delhi,2023.09.25,08:00,Severe,9.4
1196,Delhi,07/04/2024,15:15,Low,35.4
1197,Delhi,22/04/2023,15:15,Low,47.9
1198,Delhi,04-07-2023,20:15,Severe,10.0
1199,Delhi,2024.04.07,17:15,Moderate,24.6
1200,Delhi,24/11/2023,15:00,Moderate,29.0
1201,Delhi,2024-07-02,18:45,Severe,3.0
1202,Delhi,06-08-2024,01:15,Low,45.3
1203,Delhi,11/19/2023,08:00,Moderate,35.1
1204,Delhi,2024-06-18,08:15,Severe,15.0
1205,Delhi,2023.05.23,17:00,Severe,10.4
1206,Delhi,25/12/2023,08:45,High,11.6
1207,Delhi,07/30/2024,13:30,Moderate,28.4
1208,Delhi,07/08/2023,10:15,High,15.7
1209,Delhi,02/02/2023,15:45,Low,39.2
1210,Delhi,03/05/2023,07:45,Low,37.2
1211,Delhi,16-10-2024,16:30,High,14.2
1212,Delhi,2024-04-28,08:00,Moderate,30.4
1213,Delhi,2023.11.01,16:00,Low,29.0
1214,Delhi,2024.06.04,03:00,Low,37.5
1215,Delhi,07/24/2024,07:00,Moderate,28.8
1216,Delhi,2023-05-05,16:45,Moderate,30.3
1217,Delhi,09/07/2023,10:30,Low,32.7
1218,Delhi,05/05/2024,09:30,Severe,14.6
1219,Delhi,07/31/2024,08:15,High,16.9
1220,Delhi,04/10/2023,10:00,Moderate,28.9
1221,Delhi,09-09-2023,13:00,Moderate,27.3
1222,Delhi,2023-04-03,01:45,Low,93.8
1223,Delhi,17-05-2024,08:15,Low,40.7
1224,Delhi,2023-07-09,21:30,Low,39.8
1225,Delhi,17-09-2024,17:00,Severe,10.8
1226,Delhi,2023-01-31,06:15,Moderate,41.2
1227,Delhi,18-06-2023,14:30,Moderate,21.8
1228,Delhi,12/17/2023,20:15,Moderate,16.8
1229,Delhi,2024.10.14,08:30,High,18.6
1230,Delhi,11/27/2023,08:00,High,12.9
1231,Delhi,2024-02-29,17:00,Moderate,36.7
1232,Delhi,2024-08-01,22:15,Moderate,35.6
1233,Delhi,10/18/2024,03:00,High,11.5
1234,Delhi,2024-04-17,17:45,Low,38.3
1235,Delhi,2023.05.27,18:15,Moderate,28.9
1236,Delhi,2024.02.02,16:45,Low,42.1
1237,Delhi,04/10/2024,14:30,Severe,13.1
1238,Delhi,2024.03.08,09:45,High,18.5
1239,Delhi,31/01/2023,22:30,Moderate,27.0
1240,Delhi,01/01/2024,14:00,Moderate,81.8
1241,Delhi,24/10/2024,07:30,Severe,7.2
1242,Delhi,2023-05-28,15:45,Low,31.7
1243,Delhi,04/12/2023,13:45,Moderate,28.5
1244,Delhi,05/30/2023,16:45,Moderate,28.6
1245,Delhi,2023-05-29,09:45,High,12.3
1246,Delhi,2024.07.27,18:45,High,19.5
1247,Delhi,2023.09.12,13:15,High,18.8
1248,Delhi,07-02-2024,07:30,Moderate,29.3
1249,Delhi,10/05/2024,16:15,Low,27.9
1250,Delhi,2023-03-02,09:00,Severe,13.4
1251,Delhi,2023.04.28,09:15,Severe,13.5
1252,Delhi,28-02-2023,05:15,Low,28.3
1253,Delhi,2024.11.11,18:45,Severe,8.0
1254,Delhi,31/12/2023,14:00,High,12.6
1255,Delhi,2024-07-03,16:45,Moderate,21.3
1256,Delhi,14/10/2023,00:15,Low,42.9
1257,Delhi,2023.02.06,11:15,Low,43.0
1258,Delhi,2024-08-11,21:45,Moderate,27.5
1259,Delhi,2024.12.08,10:15,Low,34.1
1260,Delhi,25/07/2023,18:45,High,9.5
1261,Delhi,07/30/2023,19:45,Moderate,16.9
1262,Delhi,2024-12-05,14:15,Moderate,27.7
1263,Delhi,21/04/2024,13:30,Low,40.3
1264,Delhi,12-02-2023,07:45,Low,35.2
1265,Delhi,01/04/2023,05:15,Severe,3.0
1266,Delhi,2024-02-28,16:45,Severe,3.0
1267,Delhi,10/06/2023,13:30,Low,39.6
1268,Delhi,2023-06-15,17:45,Moderate,30.2
1269,Delhi,12/12/2024,17:15,High,17.2
1270,Delhi,01/04/2024,12:30,Moderate,24.6
1271,Delhi,2024-09-29,21:15,Severe,3.0
1272,Delhi,27-03-2024,16:45,Low,45.8
1273,Delhi,15-07-2024,08:30,Low,31.7
1274,Delhi,2024.01.13,12:45,Moderate,24.9
1275,Delhi,2023-02-10,05:15,Low,37.5
1276,Delhi,2023-10-31,14:15,High,13.1
1277,Delhi,10/16/2023,02:30,Moderate,39.1
1278,Delhi,12-04-2023,14:15,High,8.9
1279,Delhi,04/13/2023,09:30,Severe,16.4
1280,Delhi,2023-03-05,20:45,Moderate,20.9
1281,Delhi,2024-03-04,04:15,Moderate,31.9
1282,Delhi,2024-04-18,19:30,High,20.4
1283,Delhi,11/02/2023,18:15,Moderate,28.2
1284,Delhi,08/01/2023,13:45,High,28.4
1285,Delhi,24-11-2024,17:00,High,8.8
1286,Delhi,25/03/2024,16:30,Moderate,26.2
1287,Delhi,2024-05-31,11:15,Moderate,23.8
1288,Delhi,16/12/2024,15:00,Low,43.7
1289,Delhi,08/04/2023,21:15,Severe,12.5
1290,Delhi,07/10/2023,06:30,Low,42.4
1291,Delhi,2024-04-05,10:45,High,19.0
1292,Delhi,2024-01-15,14:30,Moderate,25.6
1293,Delhi,2024-05-09,12:15,Moderate,32.8
1294,Delhi,28-08-2024,15:45,Moderate,27.1
1295,Delhi,27-04-2024,16:45,High,8.1
1296,Delhi,09/25/2024,14:00,Moderate,19.5
1297,Delhi,10-10-2024,11:45,Moderate,29.1
1298,Delhi,16/05/2024,22:45,Moderate,25.7
1299,Delhi,2023.01.29,18:15,High,16.1
1300,Delhi,2024-08-06,15:00,Moderate,18.5
1301,Delhi,2024.07.12,06:15,Moderate,21.9
1302,Delhi,12-06-2023,14:15,High,23.6
1303,Delhi,22-08-2024,08:30,Moderate,28.6
1304,Delhi,23-03-2023,17:30,Moderate,26.7
1305,Delhi,15/03/2024,15:30,Severe,3.2
1306,Delhi,17/02/2023,14:45,Low,41.3
1307,Delhi,02-02-2024,12:15,Moderate,32.9
1308,Delhi,09/01/2024,22:30,Low,42.4
1309,Delhi,14-01-2024,19:45,Severe,8.9
1310,Delhi,2024-03-20,16:15,,33.1
1311,Delhi,15-07-2023,13:00,Moderate,28.1
1312,Delhi,18/10/2024,11:30,Moderate,30.5
1313,Delhi,2023-05-27,05:45,Low,30.6
1314,Delhi,29-11-2024,14:45,Moderate,34.6
1315,Delhi,10/04/2024,12:45,Low,39.8
1316,Delhi,2024-11-23,18:15,Low,40.1
1317,Delhi,2023.01.04,22:45,Low,38.1
1318,Delhi,14-04-2023,16:15,Low,40.3
1319,Delhi,27-11-2023,06:45,Moderate,20.6
1320,Delhi,2023-10-13,19:45,High,-21.1
1321,Delhi,2023.10.03,15:15,Moderate,32.7
1322,Delhi,2024-06-12,16:30,Moderate,22.9
1323,Delhi,03/22/2024,18:00,Severe,7.6
1324,Delhi,04/23/2024,13:15,Moderate,27.5
1325,Delhi,21/09/2023,07:00,Moderate,27.5
1326,Delhi,2024.12.27,08:45,High,19.4
1327,Delhi,01/08/2023,23:00,Low,44.8
1328,Delhi,09/10/2024,06:45,Moderate,28.5
1329,Delhi,11/03/2023,08:45,Severe,3.3
1330,Delhi,05-12-2024,00:00,Low,39.7
1331,Delhi,2023-12-03,19:45,High,15.4
1332,Delhi,24-06-2023,20:15,High,22.8
1333,Delhi,08/27/2024,16:15,Moderate,21.6
1334,Delhi,2024-07-31,12:00,Moderate,25.7
1335,Delhi,03/11/2023,12:30,High,16.7
1336,Delhi,2024-09-10,15:30,Moderate,27.5
1337,Delhi,2023-05-21,22:30,Low,38.6
1338,Delhi,2024-07-23,06:00,Moderate,29.4
1339,Delhi,03/28/2024,19:45,High,11.7
1340,Delhi,2023-09-09,19:15,Moderate,27.5
1341,Delhi,02/05/2023,19:00,Moderate,22.9
1342,Delhi,08-04-2024,07:30,Low,41.9
1343,Delhi,2024.11.06,15:30,Moderate,27.5
1344,Delhi,2024.06.25,19:15,Severe,13.3
1345,Delhi,2024.04.21,17:00,Moderate,25.3
1346,Delhi,2024.09.12,04:00,Low,47.4
1347,Delhi,04/21/2024,18:00,Severe,3.0
1348,Delhi,04/24/2023,07:00,Moderate,24.8
1349,Delhi,13/11/2023,08:15,Moderate,26.4
1350,Delhi,2024.08.29,17:00,Moderate,22.6
1351,Delhi,01/25/2023,19:15,Severe,6.3
1352,Delhi,2023.08.09,12:30,Severe,4.2
1353,Delhi,12/21/2024,08:15,Moderate,34.4
1354,Delhi,2024.07.14,09:15,High,7.8
1355,Delhi,06/17/2024,19:45,High,12.6
1356,Delhi,22-01-2024,09:30,High,19.3
1357,Delhi,2023.02.04,11:45,Severe,4.3
1358,Delhi,25/09/2024,21:45,Low,28.7
1359,Delhi,2024-04-15,18:30,Severe,8.7
1360,Delhi,12/26/2024,12:00,High,9.4
1361,Delhi,09-03-2023,04:45,Moderate,29.8
1362,Delhi,01/05/2024,20:45,Severe,5.1
1363,Delhi,30/05/2023,16:30,Moderate,29.5
1364,Delhi,06/29/2023,11:30,Moderate,27.0
1365,Delhi,2023.05.08,10:00,Moderate,20.5
1366,Delhi,2023-12-17,20:15,High,23.6
1367,Delhi,2024.11.25,06:00,Low,35.6
1368,Delhi,2023.07.15,18:45,High,10.8
1369,Delhi,2024-12-06,17:45,Low,42.4
1370,Delhi,2023-08-05,08:00,Moderate,29.5
1371,Delhi,25/11/2024,11:45,Low,41.9
1372,Delhi,10/09/2024,09:15,Moderate,21.0
1373,Delhi,06/11/2023,17:30,Moderate,23.4
1374,Delhi,10/20/2024,23:45,Moderate,29.5
1375,Delhi,2023.04.18,11:45,High,13.4
1376,Delhi,2023.09.17,06:15,Moderate,20.8
1377,Delhi,22/05/2024,09:15,Moderate,33.8
1378,Delhi,11/09/2024,09:00,High,13.3
1379,Delhi,04/07/2023,17:00,Moderate,27.3
1380,Delhi,2023.04.10,09:15,Severe,19.8
1381,Delhi,30/04/2024,09:30,Low,36.7
1382,Delhi,14/06/2023,21:00,Low,30.5
1383,Delhi,03/27/2023,14:45,Moderate,17.8
1384,Delhi,2023.03.26,13:30,Moderate,27.5
1385,Delhi,06-02-2023,04:45,Moderate,25.4
1386,Delhi,2023-09-12,14:15,Moderate,32.5
1387,Delhi,01/08/2024,20:00,Moderate,21.1
1388,Delhi,2024.04.05,08:15,High,8.5
1389,Delhi,05/03/2024,04:45,Moderate,23.3
1390,Delhi,07/25/2024,21:15,Severe,13.9
1391,Delhi,05/07/2024,20:45,Severe,18.9
1392,Delhi,2023.04.08,21:00,Low,47.4
1393,Delhi,07-09-2024,16:15,Severe,13.3
1394,Delhi,2024.09.30,08:30,High,14.5
1395,Delhi,21/12/2023,17:45,High,18.3
1396,Delhi,04/29/2023,19:45,Severe,5.6
1397,Delhi,04-02-2024,13:30,Moderate,31.6
1398,Delhi,2023.03.06,12:30,Severe,3.5
1399,Delhi,2023.06.08,05:30,Low,43.2
1400,Delhi,2024-07-25,17:15,Moderate,22.4
1401,Delhi,2024.02.17,23:30,High,14.5
1402,Delhi,26-07-2023,13:45,Low,31.1
1403,Delhi,2024.12.09,19:45,Severe,4.2
1404,Delhi,2023.12.12,17:45,Low,40.2
1405,Delhi,2023.03.06,16:15,High,13.1
1406,Delhi,03/09/2024,12:00,Moderate,25.9
1407,Delhi,06/05/2023,10:00,Low,30.9
1408,Delhi,07-03-2024,18:00,High,7.3
1409,Delhi,03/22/2024,10:30,Severe,5.8
1410,Delhi,2024.04.25,15:15,Low,43.9
1411,Delhi,07/10/2024,20:15,Low,45.9
1412,Delhi,2023-06-27,11:00,Moderate,-27.7
1413,Delhi,09/02/2023,11:30,Moderate,26.1
1414,Delhi,2023-07-24,18:45,High,14.8
1415,Delhi,05-03-2024,01:15,Low,36.9
1416,Delhi,2024.09.27,14:30,Low,41.2
1417,Delhi,2023.10.23,08:30,Moderate,24.8
1418,Delhi,06/07/2024,11:15,Severe,7.5
1419,Delhi,2024-04-13,14:00,Moderate,27.0
1420,Delhi,07/30/2024,21:15,Moderate,23.4
1421,Delhi,14-06-2023,08:00,High,26.3
1422,Delhi,05/06/2024,21:00,Moderate,27.1
1423,Delhi,2024.04.28,15:30,Low,46.1
1424,Delhi,06/11/2023,20:45,High,18.9
1425,Delhi,2024.04.30,12:30,Severe,8.5
1426,Delhi,2023-02-26,06:45,Moderate,26.9
1427,Delhi,2023.07.08,15:30,Moderate,33.9
1428,Delhi,07/09/2024,15:30,Moderate,29.7
1429,Delhi,2023-11-08,12:00,Moderate,30.5
1430,Delhi,03/19/2024,12:30,Moderate,31.5
1431,Delhi,13-03-2023,19:45,High,19.4
1432,Delhi,10-04-2023,11:30,High,19.9
1433,Delhi,2024.02.15,21:00,Moderate,14.9
1434,Delhi,2023.12.23,23:45,Low,34.3
1435,Delhi,2023-09-21,19:15,Moderate,21.7
1436,Delhi,11/04/2023,06:15,Moderate,28.4
1437,Delhi,12-04-2024,00:00,Low,34.4
1438,Delhi,16/07/2023,10:15,Moderate,20.3
1439,Delhi,2024-08-30,14:30,High,19.7
1440,Delhi,06/22/2024,21:15,Moderate,14.7
1441,Delhi,2024.10.16,03:45,Low,34.9
1442,Delhi,09/12/2024,08:15,Moderate,32.9
1443,Delhi,2024-03-02,12:30,Low,35.2
1444,Delhi,09/20/2023,16:45,Moderate,32.5
1445,Delhi,2023-02-07,22:45,Moderate,26.8
1446,Delhi,03/09/2024,03:15,Low,43.7
1447,Delhi,2024-08-29,19:45,Moderate,21.0
1448,Delhi,03/09/2023,12:30,Moderate,29.6
1449,Delhi,27/07/2024,04:15,High,20.8
1450,Delhi,29-12-2024,21:30,High,20.8
1451,Delhi,2023.12.28,17:30,Low,28.3
1452,Delhi,2024-10-26,17:15,High,11.2
1453,Delhi,22-09-2024,12:00,Severe,4.2
1454,Delhi,11/09/2023,17:15,High,14.8
1455,Delhi,28-12-2023,14:45,Low,35.3
1456,Delhi,11/06/2023,08:45,Severe,3.7
1457,Delhi,05/06/2024,13:00,Moderate,31.1
1458,Delhi,28-10-2023,08:00,High,24.6
1459,Delhi,03/30/2023,10:30,Low,43.9
1460,Delhi,2024-02-28,22:15,Low,43.3
1461,Delhi,12/03/2023,09:45,Severe,5.2
1462,Delhi,05-01-2023,18:15,Severe,7.9
1463,Delhi,09-07-2024,08:15,Severe,16.5
1464,Delhi,11-05-2024,08:00,High,21.3
1465,Delhi,03/05/2024,15:15,Low,46.3
1466,Delhi,2023.02.28,13:30,Moderate,30.2
1467,Delhi,22/11/2023,17:00,,10.9
1468,Delhi,29-02-2024,17:30,Low,34.8
1469,Delhi,2023.01.25,12:15,High,15.2
1470,Delhi,2024-01-03,18:30,High,13.6
1471,Delhi,13-11-2023,15:45,Low,26.8
1472,Delhi,2023-07-18,07:00,Moderate,32.5
1473,Delhi,20-06-2023,11:30,Low,39.2
1474,Delhi,22-06-2023,20:15,High,20.1
1475,Delhi,20/08/2024,07:00,Severe,11.0
1476,Delhi,2024.01.20,18:15,Severe,11.9
1477,Delhi,14/06/2023,05:00,High,20.4
1478,Delhi,2024.11.02,16:00,Low,35.3
1479,Delhi,2023-04-19,17:30,Moderate,30.0
1480,Delhi,2024-09-18,17:30,Severe,6.7
1481,Delhi,2023-07-26,08:30,High,3.7
1482,Delhi,12-08-2023,06:30,Low,39.0
1483,Delhi,01/16/2023,14:30,Low,39.1
1484,Delhi,2023.12.16,18:30,High,15.3
1485,Delhi,06/22/2024,07:00,Moderate,30.7
1486,Delhi,2024-09-05,18:00,Severe,8.5
1487,Delhi,20-02-2023,17:00,,47.6
1488,Delhi,2024-09-06,06:30,Low,42.6
1489,Delhi,2024-02-16,08:15,Low,38.9
1490,Delhi,18/10/2023,16:30,Moderate,22.4
1491,Bengaluru,2024.02.23,22:00,Moderate,26.9
1492,Bengaluru,09/07/2024,17:45,Low,34.4
1493,Bengaluru,09/01/2024,18:30,Moderate,25.4
1494,Bengaluru,02/02/2023,10:45,Low,38.0
1495,Bengaluru,11-11-2023,09:30,Severe,5.8
1496,Bengaluru,07-09-2024,07:45,High,14.3
1497,Bengaluru,10/07/2024,12:45,Moderate,26.8
1498,Bengaluru,23/10/2024,03:45,Moderate,21.2
1499,Bengaluru,29-12-2023,21:00,Low,36.2
1500,Bengaluru,22/09/2023,01:30,Low,33.7
1501,Bengaluru,03/12/2023,05:00,Low,38.9
1502,Bengaluru,07/17/2023,16:45,Moderate,21.5
1503,Bengaluru,06/06/2024,14:30,Severe,8.3
1504,Bengaluru,05/02/2023,21:45,Low,44.8
1505,Bengaluru,10-11-2023,08:15,Severe,3.0
1506,Bengaluru,12-04-2024,17:00,Moderate,35.4
1507,Bengaluru,2024.05.14,06:30,Low,34.9
1508,Bengaluru,22/02/2023,18:45,High,14.4
1509,Bengaluru,2023-11-29,20:45,Low,-35.3
1510,Bengaluru,29/07/2024,10:30,Moderate,25.1
1511,Bengaluru,22-07-2023,19:45,Moderate,20.4
1512,Bengaluru,04/29/2024,06:00,High,22.3
1513,Bengaluru,2023.02.14,08:15,High,12.9
1514,Bengaluru,08/13/2023,01:15,Low,36.3
1515,Bengaluru,2023.06.19,08:30,High,13.8
1516,Bengaluru,06/11/2023,10:15,Moderate,21.6
1517,Bengaluru,2023-04-23,20:30,Moderate,28.8
1518,Bengaluru,29-08-2023,15:15,Low,33.0
1519,Bengaluru,2024-12-12,19:30,Low,46.2
1520,Bengaluru,2023.10.09,15:30,Moderate,22.8
1521,Bengaluru,2023-05-02,12:45,Low,35.0
1522,Bengaluru,12/21/2024,12:15,Low,43.3
1523,Bengaluru,07/04/2023,10:00,Moderate,22.7
1524,Bengaluru,2023-09-10,17:00,Moderate,34.6
1525,Bengaluru,10/31/2024,10:00,Severe,12.0
1526,Bengaluru,2024.12.09,00:00,Low,39.2
1527,Bengaluru,01/24/2023,13:00,Severe,17.6
1528,Bengaluru,09/01/2023,14:15,High,14.4
1529,Bengaluru,03/15/2024,22:30,High,15.3
1530,Bengaluru,17/02/2024,22:30,Moderate,26.0
1531,Bengaluru,07-11-2023,06:45,High,16.1
1532,Bengaluru,20-09-2024,07:45,High,19.3
1533,Bengaluru,2024.09.23,04:45,Low,40.0
1534,Bengaluru,04/07/2024,16:30,High,17.2
1535,Bengaluru,24-05-2024,19:00,Moderate,27.2
1536,Bengaluru,2024-03-21,12:45,Severe,6.6
1537,Bengaluru,25-05-2024,23:15,Low,40.5
1538,Bengaluru,11-09-2024,07:15,Low,33.9
1539,Bengaluru,2024.09.07,20:30,Moderate,25.2
1540,Bengaluru,2023-09-10,20:45,Severe,14.8
1541,Bengaluru,06-09-2023,20:30,High,9.7
1542,Bengaluru,05/21/2024,11:30,Low,45.7
1543,Bengaluru,11-04-2024,21:00,High,11.0
1544,Bengaluru,2023.10.15,10:30,Moderate,21.9
1545,Bengaluru,2024.04.22,17:30,Moderate,25.0
1546,Bengaluru,2024.03.02,12:00,Severe,5.4
1547,Bengaluru,2024.08.22,08:45,High,12.6
1548,Bengaluru,2024.01.16,17:45,Moderate,29.8
1549,Bengaluru,01/04/2024,15:00,High,11.9
1550,Bengaluru,17/11/2024,07:00,Moderate,26.6
1551,Bengaluru,2023.04.20,10:45,High,10.3
1552,Bengaluru,2024.10.21,21:15,High,11.1
1553,Bengaluru,17/08/2023,21:00,High,11.6
1554,Bengaluru,13/03/2024,13:00,High,13.1
1555,Bengaluru,2023-06-26,16:45,Severe,12.5
1556,Bengaluru,2023.05.02,09:00,High,18.9
1557,Bengaluru,26/12/2024,23:15,High,15.2
1558,Bengaluru,2024-07-20,10:00,Low,33.3
1559,Bengaluru,04/12/2024,19:45,High,7.7
1560,Bengaluru,09/11/2023,17:00,Moderate,25.0
1561,Bengaluru,2023-06-15,21:45,Low,29.1
1562,Bengaluru,08/12/2023,14:00,Moderate,26.8
1563,Bengaluru,2024-10-11,08:15,Severe,8.0
1564,Bengaluru,29-09-2024,14:15,Moderate,31.0
1565,Bengaluru,03/27/2024,05:45,Low,31.3
1566,Bengaluru,07/04/2023,14:15,Moderate,22.0
1567,Bengaluru,30-07-2024,08:45,High,19.6
1568,Bengaluru,19-02-2024,18:15,Severe,8.0
1569,Bengaluru,02/25/2024,02:15,Low,42.5
1570,Bengaluru,2024-04-09,09:15,Moderate,28.1
1571,Bengaluru,07-09-2023,02:30,Low,37.8
1572,Bengaluru,06/18/2023,19:15,High,11.3
1573,Bengaluru,2023-01-03,16:30,High,8.2
1574,Bengaluru,02/09/2023,19:45,Moderate,19.2
1575,Bengaluru,2024.04.03,22:45,High,14.1
1576,Bengaluru,2023.10.24,09:45,High,11.7
1577,Bengaluru,02/10/2024,19:00,Moderate,30.6
1578,Bengaluru,2023-07-08,23:30,Low,46.1
1579,Bengaluru,2024-11-14,13:30,High,15.9
1580,Bengaluru,27-03-2023,18:15,High,23.7
1581,Bengaluru,19/12/2024,10:30,Severe,11.4
1582,Bengaluru,15-11-2023,08:45,Severe,7.2
1583,Bengaluru,16/02/2024,13:30,Moderate,32.1
1584,Bengaluru,2023-12-10,20:15,Severe,11.8
1585,Bengaluru,05/29/2023,16:00,Low,34.6
1586,Bengaluru,2023.10.15,21:00,Moderate,14.5
1587,Bengaluru,2024-01-16,09:15,High,11.1
1588,Bengaluru,05/19/2024,07:00,Moderate,20.7
1589,Bengaluru,2023.09.17,13:15,Moderate,-13.1
1590,Bengaluru,09-02-2023,07:30,Low,38.1
1591,Bengaluru,2024.02.09,19:45,Severe,7.8
1592,Bengaluru,19-06-2024,19:45,Severe,3.0
1593,Bengaluru,19/10/2023,21:15,Moderate,24.4
1594,Bengaluru,2023.09.09,21:30,Moderate,19.3
1595,Bengaluru,03/11/2024,07:00,High,16.8
1596,Bengaluru,04/03/2024,19:45,Severe,7.8
1597,Bengaluru,2024-02-25,20:45,Moderate,20.8
1598,Bengaluru,2024.04.16,18:45,Low,29.9
1599,Bengaluru,21/01/2024,10:00,Severe,12.6
1600,Bengaluru,2024-04-01,23:15,Low,28.2
1601,Bengaluru,16/09/2023,08:00,High,15.3
1602,Bengaluru,10/19/2023,10:15,Low,31.9
1603,Bengaluru,17/11/2023,14:45,Moderate,23.1
1604,Bengaluru,19/08/2023,17:30,Moderate,30.4
1605,Bengaluru,01/01/2024,00:30,Low,36.6
1606,Bengaluru,08/19/2024,21:45,Moderate,29.7
1607,Bengaluru,2024-02-09,06:00,Moderate,27.7
1608,Bengaluru,14/11/2023,08:00,Moderate,20.9
1609,Bengaluru,04-03-2024,07:45,Low,34.9
1610,Bengaluru,2024-02-18,20:00,Severe,7.2
1611,Bengaluru,21/12/2023,10:00,High,23.6
1612,Bengaluru,2023.05.03,19:30,High,14.5
1613,Bengaluru,2024-11-13,12:15,High,15.3
1614,Bengaluru,2023.06.10,18:15,Low,40.7
1615,Bengaluru,2023.05.08,20:15,High,12.9
1616,Bengaluru,2024.05.23,07:15,Moderate,31.9
1617,Bengaluru,04/27/2024,19:45,Moderate,33.9
1618,Bengaluru,02/08/2024,17:30,High,19.5
1619,Bengaluru,05/13/2024,09:15,High,3.1
1620,Bengaluru,19-10-2023,18:30,High,10.6
1621,Bengaluru,16/01/2023,19:45,High,14.7
1622,Bengaluru,2024-11-15,09:15,Severe,8.9
1623,Bengaluru,11/06/2023,19:45,Moderate,28.8
1624,Bengaluru,2024.06.18,14:45,Moderate,26.1
1625,Bengaluru,2024.06.22,21:30,Moderate,30.2
1626,Bengaluru,09-05-2024,09:15,Low,43.9
1627,Bengaluru,2023-11-03,09:00,Moderate,25.6
1628,Bengaluru,2024.12.14,18:30,Moderate,17.4
1629,Bengaluru,2023.08.11,16:45,High,17.7
1630,Bengaluru,10/08/2023,15:45,Moderate,29.3
1631,Bengaluru,18/01/2023,23:00,High,14.1
1632,Bengaluru,2024-07-16,21:45,High,16.6
1633,Bengaluru,22-01-2024,10:15,Moderate,31.2
1634,Bengaluru,07/11/2023,15:15,Low,40.9
1635,Bengaluru,2023.01.28,20:00,High,12.0
1636,Bengaluru,2023.10.01,08:15,Severe,15.6
1637,Bengaluru,05/27/2024,21:15,Low,28.4
1638,Bengaluru,06/18/2024,10:00,High,23.9
1639,Bengaluru,2023-08-27,05:00,Low,25.0
1640,Bengaluru,07/15/2024,04:15,Low,37.0
1641,Bengaluru,10/22/2023,18:15,Low,38.9
1642,Bengaluru,10/07/2023,19:45,Moderate,24.8
1643,Bengaluru,2023-09-01,18:15,Severe,6.9
1644,Bengaluru,2023.08.03,17:00,High,10.3
1645,Bengaluru,2023-03-18,08:45,Severe,3.0
1646,Bengaluru,23/10/2024,22:00,Low,35.2
1647,Bengaluru,2024-07-08,10:45,High,23.0
1648,Bengaluru,24/09/2024,09:00,High,10.2
1649,Bengaluru,2023.10.01,10:00,High,6.6
1650,Bengaluru,07/11/2023,19:15,High,20.5
1651,Bengaluru,03/01/2024,08:00,Moderate,19.9
1652,Bengaluru,2024-08-21,08:15,Severe,5.1
1653,Bengaluru,2023.08.21,04:30,Low,40.3
1654,Bengaluru,05/13/2024,19:00,Moderate,31.2
1655,Bengaluru,2023-11-15,09:00,High,15.6
1656,Bengaluru,2024-01-08,20:00,Severe,-5.5
1657,Bengaluru,06/25/2024,16:45,Low,45.3
1658,Bengaluru,08/17/2024,18:00,High,22.3
1659,Bengaluru,11/26/2024,23:15,High,9.9
1660,Bengaluru,05/09/2024,18:00,Moderate,25.8
1661,Bengaluru,29/12/2024,08:00,High,24.4
1662,Bengaluru,2023.09.28,09:30,High,14.1
1663,Bengaluru,12-10-2023,06:00,High,10.6
1664,Bengaluru,30/11/2024,23:30,Moderate,29.4
1665,Bengaluru,16/04/2023,08:45,Low,37.0
1666,Bengaluru,10/07/2024,17:15,Low,47.1
1667,Bengaluru,15-06-2023,08:15,High,26.2
1668,Bengaluru,01/11/2023,08:00,Severe,9.6
1669,Bengaluru,2024.04.06,09:30,Severe,9.2
1670,Bengaluru,2024-09-04,08:00,Severe,7.6
1671,Bengaluru,2023-01-28,18:45,Moderate,37.3
1672,Bengaluru,02/24/2024,06:15,Low,36.4
1673,Bengaluru,2023-01-01,19:00,High,18.7
1674,Bengaluru,07-04-2023,08:45,High,14.9
1675,Bengaluru,2023.10.11,19:15,High,17.0
1676,Bengaluru,2023-06-16,07:30,,25.5
1677,Bengaluru,2024-11-09,01:30,Severe,9.4
1678,Bengaluru,06-07-2024,11:30,Moderate,38.7
1679,Bengaluru,26/01/2023,17:45,Moderate,29.9
1680,Bengaluru,08/11/2023,09:30,High,25.0
1681,Bengaluru,2023.08.31,12:00,High,5.2
1682,Bengaluru,2024.05.10,12:15,Moderate,21.1
1683,Bengaluru,22/11/2024,21:45,Moderate,24.7
1684,Bengaluru,25-02-2023,09:15,High,14.9
1685,Bengaluru,21/11/2024,21:30,Severe,14.0
1686,Bengaluru,05/24/2024,06:45,Low,43.3
1687,Bengaluru,22/09/2024,07:15,Low,37.1
1688,Bengaluru,23/05/2024,16:30,High,15.6
1689,Bengaluru,2024.10.26,19:15,Moderate,21.9
1690,Bengaluru,06/10/2024,12:00,Low,42.7
1691,Bengaluru,04/16/2023,01:00,Low,34.4
1692,Bengaluru,25-09-2023,10:15,Severe,13.5
1693,Bengaluru,02/08/2023,14:45,High,17.7
1694,Bengaluru,2023-08-27,08:30,Severe,10.7
1695,Bengaluru,2023.03.22,00:00,Low,37.3
1696,Bengaluru,2024.01.30,21:15,Moderate,33.7
1697,Bengaluru,2023.08.23,13:45,Moderate,29.3
1698,Bengaluru,22-01-2023,17:15,Moderate,25.7
1699,Bengaluru,2023-04-20,16:15,,25.5
1700,Bengaluru,06/04/2023,08:45,High,14.1
1701,Bengaluru,2024-03-12,19:30,High,9.7
1702,Bengaluru,2024-02-26,08:00,High,15.1
1703,Bengaluru,02/24/2024,19:45,High,14.6
1704,Bengaluru,19-09-2023,07:15,Moderate,35.9
1705,Bengaluru,2024-03-20,11:00,High,14.9
1706,Bengaluru,2024-11-09,16:15,Severe,8.0
1707,Bengaluru,2024.10.14,07:00,Low,-37.6
1708,Bengaluru,2023.07.21,11:30,Moderate,26.6
1709,Bengaluru,2023.01.17,10:15,High,15.2
1710,Bengaluru,21/01/2023,17:30,High,9.3
1711,Bengaluru,12/19/2024,09:45,Severe,14.2
1712,Bengaluru,22-06-2024,18:45,Low,40.8
1713,Bengaluru,2024-01-09,05:15,Moderate,21.8
1714,Bengaluru,04/11/2024,12:45,Low,41.2
1715,Bengaluru,2024.05.29,06:15,Moderate,32.1
1716,Bengaluru,07-03-2024,19:15,High,23.0
1717,Bengaluru,18/03/2023,08:15,High,11.4
1718,Bengaluru,09/28/2024,12:15,Moderate,19.8
1719,Bengaluru,15/09/2023,12:45,High,11.8
1720,Bengaluru,13/06/2023,12:15,Low,48.0
1721,Bengaluru,2023.08.31,19:00,Severe,4.0
1722,Bengaluru,06-06-2023,13:15,Moderate,-24.9
1723,Bengaluru,11/03/2024,21:45,Low,37.4
1724,Bengaluru,2023-01-19,18:00,Moderate,27.1
1725,Bengaluru,22/04/2024,12:15,Low,37.3
1726,Bengaluru,02-11-2023,01:15,Low,45.4
1727,Bengaluru,12-05-2024,13:00,Moderate,27.7
1728,Bengaluru,11/01/2024,12:30,,36.0
1729,Bengaluru,17-09-2023,12:45,Low,34.6
1730,Bengaluru,05/23/2024,11:00,Low,41.1
1731,Bengaluru,2023.05.16,10:30,Low,37.1
1732,Bengaluru,14/04/2024,21:00,High,12.2
1733,Bengaluru,31/08/2023,19:30,High,16.4
1734,Bengaluru,13-10-2023,11:00,Severe,8.3
1735,Bengaluru,23/09/2024,19:45,Moderate,38.9
1736,Bengaluru,08/24/2023,07:30,High,16.8
1737,Bengaluru,2023-06-06,11:00,High,21.1
1738,Bengaluru,2024-07-20,16:30,Moderate,22.7
1739,Bengaluru,2024-01-28,17:00,Moderate,23.4
1740,Bengaluru,2024-08-19,18:15,Severe,13.6
1741,Bengaluru,2024-01-30,18:00,Moderate,32.4
1742,Bengaluru,22-11-2024,07:00,Moderate,33.3
1743,Bengaluru,2024-05-31,08:30,Moderate,31.4
1744,Bengaluru,11-05-2023,17:45,Low,35.7
1745,Bengaluru,03/19/2024,19:45,Moderate,30.2
1746,Bengaluru,2024.08.05,16:30,Moderate,28.6
1747,Bengaluru,12/03/2023,14:15,Moderate,33.2
1748,Bengaluru,2024.12.04,19:00,High,14.7
1749,Bengaluru,2024-02-21,08:00,High,21.7
1750,Bengaluru,09-04-2024,12:30,Moderate,26.2
1751,Bengaluru,31/08/2024,14:00,High,16.3
1752,Bengaluru,2024-01-06,17:00,Moderate,27.1
1753,Bengaluru,2023.09.29,05:30,Low,35.6
1754,Bengaluru,08/01/2023,20:00,High,21.0
1755,Bengaluru,2023.12.24,16:45,Severe,5.0
1756,Bengaluru,09/14/2024,19:45,Moderate,33.8
1757,Bengaluru,2024-06-28,07:45,Moderate,22.5
1758,Bengaluru,08/13/2024,17:00,Moderate,22.1
1759,Bengaluru,04-10-2023,09:45,High,10.4
1760,Bengaluru,2023.03.03,04:30,Low,30.5
1761,Bengaluru,24-09-2024,22:00,Low,41.9
1762,Bengaluru,2024.04.29,16:15,Moderate,24.0
1763,Bengaluru,03/18/2023,21:00,Moderate,31.1
1764,Bengaluru,05/03/2024,05:00,Low,45.7
1765,Bengaluru,03/30/2023,07:45,Moderate,32.0
1766,Bengaluru,24/06/2024,01:45,Severe,3.0
1767,Bengaluru,2024.09.26,09:30,High,13.6
1768,Bengaluru,29-04-2023,12:30,Moderate,33.6
1769,Bengaluru,01/14/2024,10:45,High,100.9
1770,Bengaluru,2024-03-03,11:45,High,25.1
1771,Bengaluru,23-02-2023,15:15,High,19.7
1772,Bengaluru,02/09/2024,12:15,Moderate,21.8
1773,Bengaluru,10/27/2023,16:30,High,17.8
1774,Bengaluru,2023.03.12,08:30,High,13.6
1775,Bengaluru,11/10/2023,11:45,High,17.1
1776,Bengaluru,20-05-2024,15:00,Severe,8.8
1777,Bengaluru,2023.01.24,12:45,Low,32.4
1778,Bengaluru,04/06/2024,17:30,High,20.3
1779,Bengaluru,2023-04-22,08:00,High,18.5
1780,Bengaluru,07-09-2023,08:45,High,12.9
1781,Bengaluru,20-04-2023,06:45,Low,30.9
1782,Bengaluru,20/05/2024,10:15,Low,31.0
1783,Bengaluru,04/22/2024,07:00,Moderate,22.3
1784,Bengaluru,10/11/2024,08:00,Severe,3.0
1785,Bengaluru,05/18/2023,12:45,Moderate,35.4
1786,Bengaluru,2024.11.04,09:15,High,22.6
1787,Bengaluru,2023-08-03,11:00,Moderate,25.6
1788,Bengaluru,2024-03-15,07:45,Moderate,29.4
1789,Bengaluru,08/04/2024,19:00,Severe,7.3
1790,Bengaluru,2024.01.23,17:15,Moderate,29.7
1791,Bengaluru,15/03/2023,20:00,High,12.4
1792,Bengaluru,18-11-2024,18:45,Moderate,25.2
1793,Bengaluru,15-07-2024,08:15,High,17.3
1794,Bengaluru,2024.06.24,18:30,High,20.4
1795,Bengaluru,09/22/2023,10:00,Low,36.6
1796,Bengaluru,26/08/2024,11:00,High,18.8
1797,Bengaluru,2024.08.24,08:30,Severe,9.4
1798,Bengaluru,2023.04.18,02:15,High,15.8
1799,Bengaluru,2023.04.11,08:45,High,17.0
1800,Bengaluru,2024-04-19,17:30,Severe,-4.9
1801,Bengaluru,09/09/2023,06:30,Low,45.1
1802,Bengaluru,2023-09-10,14:30,Severe,9.0
1803,Bengaluru,2024.06.13,17:00,Moderate,35.0
1804,Bengaluru,2024-12-22,14:00,Moderate,27.0
1805,Bengaluru,2024.09.20,19:15,Severe,20.2
1806,Bengaluru,27-06-2023,17:15,Moderate,25.8
1807,Bengaluru,30/12/2024,20:30,Moderate,26.5
1808,Bengaluru,26-05-2024,10:45,Low,36.0
1809,Bengaluru,05/30/2023,08:00,High,23.3
1810,Bengaluru,26-12-2023,18:15,Severe,11.0
1811,Bengaluru,12/09/2024,09:45,Severe,10.9
1812,Bengaluru,05/04/2024,22:30,High,11.3
1813,Bengaluru,12/03/2024,18:15,Severe,3.0
1814,Bengaluru,2024-01-31,08:15,Severe,4.8
1815,Bengaluru,2023-11-25,01:30,Low,31.6
1816,Bengaluru,03/13/2023,18:30,High,21.0
1817,Bengaluru,2023-08-11,08:00,High,14.4
1818,Bengaluru,2024-10-30,18:00,High,18.7
1819,Bengaluru,2024.10.15,15:45,Low,25.1
1820,Bengaluru,2024-07-21,08:00,Severe,3.0
1821,Bengaluru,17/05/2023,17:00,High,14.9
1822,Bengaluru,2023.04.28,11:30,Moderate,22.0
1823,Bengaluru,2024.06.11,06:15,Moderate,21.2
1824,Bengaluru,09-08-2024,08:00,High,98.3
1825,Bengaluru,04/12/2024,15:30,Moderate,37.3
1826,Bengaluru,2024-02-27,18:45,Severe,8.3
1827,Bengaluru,2023-11-16,18:15,Severe,9.5
1828,Bengaluru,11-07-2023,08:45,Moderate,27.8
1829,Bengaluru,28/04/2024,20:30,High,24.1
1830,Bengaluru,05/01/2023,20:15,High,15.6
1831,Bengaluru,23/12/2023,15:30,Low,40.4
1832,Bengaluru,2023.03.31,19:00,High,25.3
1833,Bengaluru,2024.12.07,19:00,Severe,11.2
1834,Bengaluru,07-05-2024,02:00,Low,42.9
1835,Bengaluru,2023.12.28,00:45,Low,35.5
1836,Bengaluru,24/05/2023,17:30,Low,38.5
1837,Bengaluru,2023.09.14,19:15,High,25.3
1838,Bengaluru,2024-02-25,15:30,Low,31.8
1839,Bengaluru,2024-12-08,13:00,High,8.3
1840,Bengaluru,25/01/2024,21:30,Severe,4.1
1841,Bengaluru,05-04-2023,11:30,Low,40.6
1842,Bengaluru,2023-11-01,12:15,Low,42.0
1843,Bengaluru,17-06-2024,10:45,Moderate,20.6
1844,Bengaluru,12/23/2024,09:30,High,10.0
1845,Bengaluru,2023.11.29,19:45,Low,35.0
1846,Bengaluru,03/31/2023,20:00,Moderate,26.9
1847,Bengaluru,19-10-2023,00:00,Low,37.1
1848,Bengaluru,11/13/2024,11:30,Moderate,28.3
1849,Bengaluru,04/04/2023,15:00,Low,27.3
1850,Bengaluru,2024.01.05,06:45,Moderate,33.2
1851,Bengaluru,12/28/2023,16:30,Moderate,21.7
1852,Bengaluru,2024.10.23,09:45,Severe,-5.6
1853,Bengaluru,14-08-2023,13:30,Low,39.5
1854,Bengaluru,2023.01.31,08:15,Severe,10.4
1855,Bengaluru,16-09-2024,20:00,High,20.4
1856,Bengaluru,28/12/2024,10:00,High,19.2
1857,Bengaluru,01/02/2024,08:15,,26.7
1858,Bengaluru,2023-11-28,16:45,High,17.9
1859,Bengaluru,03/12/2024,09:30,Severe,11.9
1860,Bengaluru,01/13/2024,22:00,Moderate,37.2
1861,Bengaluru,11/02/2023,04:45,Low,41.3
1862,Bengaluru,2023-02-11,10:45,Low,37.3
1863,Bengaluru,2023.07.17,19:15,Severe,3.0
1864,Bengaluru,2023-01-18,07:30,Low,38.2
1865,Bengaluru,2023-08-21,14:45,Moderate,27.1
1866,Bengaluru,23/09/2023,17:45,Low,45.3
1867,Bengaluru,09/04/2023,15:15,Moderate,31.7
1868,Bengaluru,2023-08-14,07:30,High,19.3
1869,Bengaluru,06-08-2024,14:00,Low,32.4
1870,Bengaluru,2023-05-18,11:30,Low,35.7
1871,Bengaluru,2023.09.25,11:00,Low,41.5
1872,Bengaluru,2024-02-19,07:30,High,16.3
1873,Bengaluru,28/06/2024,08:00,Severe,15.1
1874,Bengaluru,2024-01-05,00:45,Moderate,26.7
1875,Bengaluru,12/05/2024,18:00,Severe,7.3
1876,Bengaluru,2023-03-23,07:30,Low,44.3
1877,Bengaluru,2023.11.25,07:15,Low,38.8
1878,Bengaluru,2023-09-06,18:30,Moderate,17.1
1879,Bengaluru,2023.08.04,18:15,Severe,10.5
1880,Bengaluru,07-04-2024,10:15,Moderate,31.9
1881,Bengaluru,2024-04-23,09:00,Moderate,15.8
1882,Bengaluru,2024.06.29,20:45,Moderate,25.1
1883,Bengaluru,2023-07-08,09:45,Moderate,26.6
1884,Bengaluru,2024.08.19,10:45,Moderate,42.3
1885,Bengaluru,11/01/2024,19:15,High,17.3
1886,Bengaluru,04/11/2024,06:45,Moderate,29.6
1887,Bengaluru,06-11-2024,19:30,Moderate,29.6
1888,Bengaluru,16/06/2024,14:15,Low,41.1
1889,Bengaluru,2024-05-13,10:30,High,18.5
1890,Bengaluru,01/04/2024,12:45,High,18.6
1891,Bengaluru,2024-02-27,11:45,Low,47.2
1892,Bengaluru,10/29/2023,23:30,High,16.2
1893,Bengaluru,08/04/2024,18:00,High,11.1
1894,Bengaluru,05/11/2023,16:15,High,21.7
1895,Bengaluru,24/09/2023,09:00,High,16.8
1896,Bengaluru,2023.06.27,07:30,Moderate,20.7
1897,Bengaluru,01/12/2024,15:15,Low,39.7
1898,Bengaluru,28-05-2024,09:00,High,-10.1
1899,Bengaluru,2024.12.11,10:30,Low,33.9
1900,Bengaluru,17-10-2023,07:15,Moderate,19.7
1901,Bengaluru,2023.02.04,19:00,Moderate,28.7
1902,Bengaluru,23/12/2023,09:30,High,16.4
1903,Bengaluru,16/07/2023,18:45,Severe,11.7
1904,Bengaluru,29/03/2023,07:30,Low,29.9
1905,Bengaluru,2023.03.26,23:00,Low,31.3
1906,Bengaluru,2024.12.04,09:45,High,23.7
1907,Bengaluru,23-06-2024,03:15,Low,44.9
1908,Bengaluru,2023.02.17,09:45,Moderate,22.2
1909,Bengaluru,2024-03-10,09:15,High,18.8
1910,Bengaluru,2024-06-08,19:45,High,15.2
1911,Bengaluru,2023.10.07,07:45,Moderate,25.0
1912,Bengaluru,2023-04-10,17:15,Moderate,22.9
1913,Bengaluru,2024-06-22,18:30,Moderate,25.4
1914,Bengaluru,2024-01-18,13:15,Moderate,20.0
1915,Bengaluru,17-12-2023,06:45,Low,24.4
1916,Bengaluru,2023.05.26,19:00,Severe,3.0
1917,Bengaluru,10/15/2024,16:45,Moderate,21.5
1918,Bengaluru,24-11-2024,06:15,Moderate,18.0
1919,Bengaluru,11/15/2023,18:45,High,12.1
1920,Bengaluru,08/22/2024,06:30,High,10.0
1921,Bengaluru,2023.11.10,08:15,Low,31.2
1922,Bengaluru,2024.06.28,16:00,High,11.4
1923,Bengaluru,01/06/2023,12:30,Moderate,26.7
1924,Bengaluru,31-10-2023,09:30,Severe,3.0
1925,Bengaluru,2024.11.26,18:00,High,24.6
1926,Bengaluru,2023.10.16,13:30,Low,29.9
1927,Bengaluru,08/02/2023,23:30,High,14.6
1928,Bengaluru,09/13/2024,12:45,Moderate,31.8
1929,Bengaluru,14/04/2024,18:45,High,12.1
1930,Bengaluru,2023.08.11,04:15,Low,42.4
1931,Bengaluru,24-08-2023,14:45,High,7.3
1932,Bengaluru,2024.05.02,15:00,Low,40.7
1933,Bengaluru,2023-09-02,08:45,Low,40.0
1934,Bengaluru,2024.08.30,17:30,Moderate,24.7
1935,Bengaluru,11/03/2024,16:30,Moderate,40.3
1936,Bengaluru,2024.01.12,11:45,Moderate,25.4
1937,Bengaluru,2024-01-30,04:15,Moderate,28.2
1938,Bengaluru,09/03/2023,12:00,High,17.5
1939,Bengaluru,2024-12-02,06:15,Low,38.0
1940,Bengaluru,2023-03-28,06:15,Low,41.5
1941,Bengaluru,2023.05.31,08:00,High,22.0
1942,Bengaluru,2023-07-30,16:30,Moderate,26.2
1943,Bengaluru,2023.11.02,18:30,High,11.1
1944,Bengaluru,06-08-2024,16:15,High,15.1
1945,Bengaluru,2023.07.21,14:45,Low,42.0
1946,Bengaluru,2024.05.05,19:15,High,12.2
1947,Bengaluru,30-08-2023,15:15,Low,35.6
1948,Bengaluru,04-10-2023,10:45,Moderate,30.6
1949,Bengaluru,08/06/2024,23:45,Low,39.8
1950,Bengaluru,2024-01-06,15:45,Moderate,21.7
1951,Bengaluru,04/11/2023,11:00,Severe,16.6
1952,Bengaluru,24/10/2023,18:45,Severe,3.2
1953,Bengaluru,10-09-2023,11:30,High,22.2
1954,Bengaluru,14-10-2023,13:45,Low,38.6
1955,Bengaluru,13-07-2024,09:30,Moderate,27.7
1956,Bengaluru,10/09/2024,08:45,Low,38.1
1957,Bengaluru,2023-11-06,08:00,High,17.3
1958,Bengaluru,22/08/2024,12:00,Moderate,33.3
1959,Bengaluru,27-11-2023,17:30,Moderate,28.6
1960,Bengaluru,08/24/2024,21:15,Severe,3.0
1961,Bengaluru,03/06/2024,08:45,High,13.9
1962,Bengaluru,02/03/2024,09:45,High,14.1
1963,Bengaluru,18/11/2023,04:15,Low,37.8
1964,Bengaluru,29-04-2024,17:45,Low,39.4
1965,Bengaluru,2023.12.19,10:30,Low,36.3
1966,Bengaluru,2023.06.14,10:00,Low,38.7
1967,Bengaluru,16-12-2023,20:45,Moderate,24.2
1968,Bengaluru,2024-09-30,14:00,Moderate,21.2
1969,Bengaluru,22/05/2023,11:30,Severe,3.0
1970,Bengaluru,2024.03.01,18:45,Severe,13.9
1971,Bengaluru,08/03/2023,10:00,High,16.9
1972,Bengaluru,23/05/2023,16:00,Low,47.5
1973,Bengaluru,12/04/2024,18:00,High,15.6
1974,Bengaluru,2023.11.11,08:45,High,27.4
1975,Bengaluru,02/11/2023,17:30,Moderate,18.7
1976,Bengaluru,09/27/2023,02:00,Low,43.0
1977,Bengaluru,2024.07.26,19:45,High,20.4
1978,Bengaluru,13-12-2023,20:45,Severe,12.0
1979,Bengaluru,2023-11-25,16:45,Moderate,26.2
1980,Bengaluru,17-07-2023,08:15,High,25.3
1981,Bengaluru,2023.03.28,21:45,Low,42.4
1982,Bengaluru,25/05/2023,17:15,Low,35.6
1983,Bengaluru,2023-06-30,21:15,High,18.8
1984,Bengaluru,02/16/2024,09:30,High,24.1
1985,Bengaluru,05/11/2024,16:45,Severe,12.4
1986,Bengaluru,15/11/2024,17:00,Low,38.6
1987,Bengaluru,02/21/2023,04:00,Low,38.0
1988,Bengaluru,01/17/2024,08:15,High,14.5
1989,Bengaluru,2024.11.06,06:15,Severe,9.3
1990,Bengaluru,2023-07-12,18:45,High,14.9
1991,Bengaluru,2023-06-23,16:30,Severe,9.1
1992,Bengaluru,2023-01-13,06:30,High,17.7
1993,Bengaluru,2023.08.21,12:30,Moderate,18.3
1994,Bengaluru,11/07/2023,10:45,Moderate,29.7
1995,Bengaluru,2024-10-24,12:15,Low,36.4
1996,Bengaluru,2024-05-12,12:45,High,13.8
1997,Bengaluru,08-08-2024,23:15,Moderate,30.1
1998,Bengaluru,2023-06-19,10:15,Moderate,34.9
1999,Bengaluru,05/03/2023,07:30,High,15.7
2000,Bengaluru,29-11-2024,05:00,Low,43.2
2001,Bengaluru,15/11/2023,12:45,Severe,7.0
2002,Bengaluru,19-03-2024,21:30,High,11.3
2003,Bengaluru,06/11/2024,18:00,Moderate,32.6
2004,Bengaluru,10/26/2024,17:30,Severe,3.0
2005,Bengaluru,2024-01-10,18:30,High,9.4
2006,Bengaluru,12/27/2024,02:00,Low,37.0
2007,Bengaluru,10-04-2024,08:00,Low,43.8
2008,Bengaluru,26-08-2024,08:00,Severe,13.5
2009,Bengaluru,25/04/2023,10:15,Moderate,30.1
2010,Bengaluru,07/09/2023,09:00,Moderate,33.7
2011,Bengaluru,03/11/2024,17:00,Low,31.6
2012,Bengaluru,2023-11-12,08:15,Moderate,22.2
2013,Bengaluru,2024-07-23,17:00,Moderate,24.6
2014,Bengaluru,2024-03-20,09:15,High,13.0
2015,Bengaluru,2023.03.10,22:30,Severe,18.4
2016,Bengaluru,14-04-2023,18:30,High,22.7
2017,Bengaluru,08/30/2024,19:45,Severe,10.6
2018,Bengaluru,05/21/2023,08:15,Moderate,30.6
2019,Bengaluru,2024.09.21,07:15,Severe,20.2
2020,Bengaluru,18-11-2024,08:45,,22.7
2021,Bengaluru,2024-07-07,13:45,Low,46.5
2022,Bengaluru,09/05/2023,17:00,Low,34.1
2023,Bengaluru,22/01/2023,19:00,High,7.1
2024,Bengaluru,09-01-2024,10:30,Moderate,27.6
2025,Bengaluru,04/16/2024,17:30,High,15.3
2026,Bengaluru,05/11/2024,03:15,Low,35.9
2027,Bengaluru,2024.04.18,15:15,High,16.9
2028,Bengaluru,27/08/2024,20:45,Severe,3.0
2029,Bengaluru,28/01/2024,00:15,Moderate,41.4
2030,Bengaluru,02/07/2024,21:00,Moderate,22.7
2031,Bengaluru,08-06-2023,18:15,High,10.9
2032,Bengaluru,08/22/2024,03:00,Low,29.9
2033,Bengaluru,07/10/2024,02:45,Low,41.1
2034,Bengaluru,27-04-2024,18:30,High,15.7
2035,Bengaluru,2023-04-06,12:30,Moderate,31.2
2036,Bengaluru,09/09/2024,18:30,Moderate,21.2
2037,Bengaluru,2023.06.14,08:15,High,13.4
2038,Bengaluru,28/06/2024,10:45,Moderate,22.8
2039,Bengaluru,19-12-2023,18:30,Severe,20.7
2040,Bengaluru,2023.05.28,14:00,Low,35.4
2041,Bengaluru,16/01/2024,11:45,Moderate,21.0
2042,Bengaluru,2024-01-29,10:00,Low,38.6
2043,Bengaluru,2024.09.26,14:15,Low,49.6
2044,Bengaluru,03/05/2024,19:00,Severe,12.7
2045,Bengaluru,28-01-2023,16:00,Moderate,26.8
2046,Bengaluru,22-01-2024,20:30,Severe,3.0
2047,Bengaluru,03/04/2023,09:45,High,88.1
2048,Bengaluru,2023.11.16,18:15,High,7.5
2049,Bengaluru,11/12/2023,15:00,High,9.7
2050,Bengaluru,2024.06.17,09:45,High,18.3
2051,Bengaluru,2024-04-21,17:00,Moderate,22.0
2052,Bengaluru,30-12-2023,20:30,Severe,6.6
2053,Bengaluru,2023.06.28,15:30,High,16.0
2054,Bengaluru,2024-03-13,10:30,Low,35.7
2055,Bengaluru,11/04/2024,17:30,Moderate,25.5
2056,Bengaluru,01/28/2023,19:45,High,28.9
2057,Bengaluru,24/04/2024,08:30,Severe,7.8
2058,Bengaluru,02/16/2023,10:00,Low,36.8
2059,Bengaluru,02/12/2023,09:00,Moderate,23.7
2060,Bengaluru,2024-09-21,19:15,High,21.4
2061,Bengaluru,17/06/2023,12:30,Moderate,23.4
2062,Bengaluru,06/02/2024,18:30,High,16.9
2063,Bengaluru,2024-07-17,08:00,Severe,11.5
2064,Bengaluru,10/21/2023,13:15,Moderate,24.9
2065,Bengaluru,2023-06-21,07:45,Low,39.8
2066,Bengaluru,27-08-2023,15:45,Moderate,29.2
2067,Bengaluru,2023-06-25,18:45,Moderate,29.2
2068,Bengaluru,01-09-2024,19:15,High,16.6
2069,Bengaluru,05-10-2024,08:15,High,13.1
2070,Bengaluru,2024.12.05,18:30,Severe,3.0
2071,Bengaluru,26/02/2023,08:00,,12.2
2072,Bengaluru,06-04-2024,18:00,Severe,4.7
2073,Bengaluru,11/04/2024,06:30,Moderate,19.8
2074,Bengaluru,11/14/2024,18:15,Severe,13.1
2075,Bengaluru,07/15/2024,07:45,Moderate,18.3
2076,Bengaluru,2024.08.28,06:15,High,7.8
2077,Bengaluru,2023-11-21,08:30,Moderate,19.8
2078,Bengaluru,2023-05-16,07:30,Severe,18.0
2079,Bengaluru,2024.11.16,20:15,Severe,11.3
2080,Bengaluru,04/23/2023,20:30,Low,36.9
2081,Bengaluru,2023-08-26,13:30,Moderate,27.9
2082,Bengaluru,14/06/2024,17:45,Low,39.3
2083,Bengaluru,2023-02-16,15:15,Moderate,31.2
2084,Bengaluru,2024.06.10,19:30,High,15.9
2085,Bengaluru,17-03-2023,08:30,High,18.4
2086,Bengaluru,28-11-2024,13:30,Low,36.5
2087,Bengaluru,2023-07-12,10:00,Moderate,26.9
2088,Bengaluru,2024.11.08,09:45,Severe,11.6
2089,Bengaluru,24-10-2023,22:45,Low,43.4
2090,Bengaluru,2023-10-30,19:45,Moderate,29.8
2091,Bengaluru,2024-12-23,22:00,Moderate,-16.3
2092,Bengaluru,01/21/2023,07:15,Moderate,23.9
2093,Bengaluru,2023-05-26,14:30,Moderate,33.8
2094,Bengaluru,2024.02.25,07:30,Low,52.1
2095,Bengaluru,07/12/2023,08:45,Moderate,28.5
2096,Bengaluru,2023-12-24,16:00,Low,37.0
2097,Bengaluru,28-01-2023,19:45,Moderate,29.6
2098,Bengaluru,01/26/2023,20:45,Severe,8.6
2099,Bengaluru,08/09/2023,08:15,High,10.9
2100,Bengaluru,2023-09-25,17:15,Low,36.6
2101,Bengaluru,2024-05-29,19:45,High,21.4
2102,Bengaluru,08/31/2024,10:45,Low,30.4
2103,Bengaluru,2024.12.17,07:45,Moderate,28.4
2104,Bengaluru,2023.11.05,21:45,Moderate,20.4
2105,Bengaluru,2024.07.24,19:30,Moderate,27.3
2106,Bengaluru,09/29/2023,07:45,Low,30.1
2107,Bengaluru,2023-02-22,17:00,Low,32.2
2108,Bengaluru,01/22/2024,10:00,Low,35.0
2109,Bengaluru,2023-04-07,11:00,Low,36.2
2110,Bengaluru,2024-10-03,12:00,Moderate,29.4
2111,Bengaluru,01/10/2024,17:00,Low,35.0
2112,Bengaluru,12/20/2024,11:30,High,18.1
2113,Bengaluru,31-12-2024,02:30,Low,33.2
2114,Bengaluru,05/08/2024,18:00,Severe,7.6
2115,Bengaluru,2023-08-10,22:30,Moderate,26.5
2116,Bengaluru,21-08-2024,16:00,Severe,3.3
2117,Bengaluru,19/02/2024,19:45,High,19.3
2118,Bengaluru,2023.03.18,08:15,Severe,10.5
2119,Bengaluru,2023-02-15,15:30,High,9.3
2120,Bengaluru,2023.01.05,18:15,High,23.2
2121,Bengaluru,06/06/2023,09:30,High,13.5
2122,Bengaluru,11/02/2024,10:30,Low,41.0
2123,Bengaluru,03/18/2024,18:45,Moderate,35.8
2124,Bengaluru,11/06/2023,16:00,Moderate,30.0
2125,Bengaluru,10/27/2023,07:15,Low,34.9
2126,Bengaluru,05/14/2023,07:45,Low,31.9
2127,Bengaluru,05/05/2024,11:00,Moderate,24.5
2128,Bengaluru,2024.11.12,08:30,High,26.0
2129,Bengaluru,2024-09-26,17:30,High,-20.1
2130,Bengaluru,19/11/2024,01:00,Moderate,18.9
2131,Bengaluru,27/12/2023,12:00,Moderate,26.7
2132,Bengaluru,2024.06.30,03:45,Low,35.2
2133,Bengaluru,09/05/2024,22:45,Moderate,16.9
2134,Bengaluru,05/13/2024,08:45,High,15.8
2135,Bengaluru,2024-02-06,14:00,Moderate,31.3
2136,Bengaluru,14/05/2024,17:00,High,10.4
2137,Bengaluru,2024.06.04,19:30,Moderate,21.4
2138,Bengaluru,04/06/2024,08:00,High,13.1
2139,Bengaluru,05/08/2023,17:30,Moderate,22.4
2140,Bengaluru,12/09/2023,11:15,Severe,7.4
2141,Bengaluru,05/17/2023,14:45,Low,39.2
2142,Bengaluru,28-11-2023,12:45,Severe,7.3
2143,Bengaluru,04/30/2023,08:30,Low,44.7
2144,Bengaluru,10/31/2024,17:15,Low,42.0
2145,Bengaluru,2024-03-23,20:00,High,13.7
2146,Bengaluru,2023.09.08,12:00,Moderate,21.2
2147,Bengaluru,2023.09.05,03:30,Low,37.6
2148,Bengaluru,30-11-2024,13:30,Low,34.8
2149,Bengaluru,2024-02-15,09:45,Severe,9.3
2150,Bengaluru,18-02-2024,07:30,Moderate,34.0
2151,Bengaluru,2023.02.02,22:45,Severe,9.0
2152,Bengaluru,02/19/2024,13:00,Moderate,27.7
2153,Bengaluru,28-10-2023,17:00,Moderate,30.7
2154,Bengaluru,2024-04-16,08:15,Severe,10.3
2155,Bengaluru,29/09/2023,07:00,Low,36.9
2156,Bengaluru,18/09/2023,11:30,High,10.1
2157,Bengaluru,01/03/2023,00:30,Low,41.7
2158,Bengaluru,2024-12-14,13:45,High,12.7
2159,Bengaluru,08/07/2023,22:30,Moderate,31.1
2160,Bengaluru,26/07/2024,13:30,Moderate,27.1
2161,Bengaluru,20/09/2023,17:30,Moderate,35.5
2162,Bengaluru,2024-07-05,19:30,Moderate,37.0
2163,Bengaluru,2023-02-28,16:45,Severe,10.4
2164,Bengaluru,04-10-2023,08:30,Severe,5.1
2165,Bengaluru,05/01/2024,01:15,Low,27.7
2166,Bengaluru,22/01/2023,08:30,High,16.0
2167,Bengaluru,17-01-2024,05:45,Low,41.1
2168,Bengaluru,2023-02-09,20:15,Severe,15.3
2169,Bengaluru,2023-04-04,06:30,Moderate,32.7
2170,Bengaluru,16/07/2024,18:15,High,18.2
2171,Bengaluru,2024.06.24,15:15,High,18.3
2172,Bengaluru,17/07/2023,12:00,High,17.7
2173,Bengaluru,08/03/2023,06:15,Severe,13.6
2174,Bengaluru,08/03/2023,17:15,Low,33.4
2175,Bengaluru,22-10-2024,03:15,Low,33.5
2176,Bengaluru,2023.12.08,14:00,Low,31.8
2177,Bengaluru,25/02/2024,17:30,High,25.8
2178,Bengaluru,2024.03.06,15:00,Low,50.1
2179,Bengaluru,2024.10.13,08:15,Severe,3.7
2180,Bengaluru,02/06/2023,16:30,Moderate,32.7
2181,Bengaluru,11/03/2023,15:15,Low,35.3
2182,Bengaluru,05/29/2023,12:00,Moderate,25.1
2183,Bengaluru,07/20/2023,08:00,High,13.8
2184,Bengaluru,2024.06.09,08:15,Moderate,25.4
2185,Bengaluru,06/24/2024,06:00,Low,41.7
2186,Bengaluru,2023.02.22,07:45,Moderate,31.6
2187,Bengaluru,11/02/2024,07:00,Moderate,26.6
2188,Bengaluru,2024-08-29,16:30,Moderate,114.3
2189,Bengaluru,03-09-2024,11:15,Moderate,33.3
2190,Bengaluru,19-04-2023,19:15,Severe,11.5
2191,Bengaluru,2024.07.24,22:30,High,12.6
2192,Bengaluru,14-08-2024,14:30,Low,42.8
2193,Bengaluru,2024-08-01,14:30,Low,37.0
2194,Bengaluru,07/21/2024,15:00,Severe,12.9
2195,Bengaluru,2024-12-16,13:30,Low,40.8
2196,Bengaluru,12/31/2023,10:15,Moderate,27.2
2197,Bengaluru,24-08-2023,23:30,High,13.8
2198,Bengaluru,13/09/2023,22:30,Low,22.1
2199,Bengaluru,17/04/2023,08:45,High,18.6
2200,Bengaluru,2024-04-03,13:30,Low,35.7
2201,Bengaluru,2024.08.31,08:30,High,15.8
2202,Bengaluru,2024.05.23,17:00,Moderate,24.9
2203,Bengaluru,15/11/2024,17:30,High,14.4
2204,Bengaluru,2024-04-09,08:30,Moderate,24.7
2205,Bengaluru,09/25/2023,14:00,Moderate,29.6
2206,Bengaluru,2024.11.27,21:15,High,20.2
2207,Bengaluru,02-11-2024,18:45,High,12.2
2208,Hyderabad,2023.12.07,02:00,Low,41.9
2209,Hyderabad,2024.11.14,08:00,High,16.1
2210,Hyderabad,03-05-2023,17:30,High,16.7
2211,Hyderabad,12/16/2023,17:30,Moderate,23.5
2212,Hyderabad,2023-05-22,13:30,,18.3
2213,Hyderabad,2024-02-28,09:30,High,13.2
2214,Hyderabad,11/27/2023,04:00,Low,32.5
2215,Hyderabad,2024-04-06,21:00,Moderate,30.6
2216,Hyderabad,26-09-2024,02:45,Low,27.9
2217,Hyderabad,04-04-2024,12:45,High,18.7
2218,Hyderabad,2023.03.14,12:00,Low,35.7
2219,Hyderabad,12/25/2023,13:15,Moderate,20.2
2220,Hyderabad,2024-01-24,15:45,Moderate,24.2
2221,Hyderabad,09-11-2024,03:30,Moderate,24.6
2222,Hyderabad,2023.02.10,14:30,Moderate,19.2
2223,Hyderabad,02-10-2023,20:30,Severe,5.3
2224,Hyderabad,2024.12.21,19:45,Severe,9.8
2225,Hyderabad,2024-08-26,08:45,Severe,5.6
2226,Hyderabad,05-01-2023,06:30,Moderate,19.0
2227,Hyderabad,2024.03.01,18:15,Moderate,24.2
2228,Hyderabad,01/03/2024,03:30,Low,28.8
2229,Hyderabad,2023.03.12,03:30,Low,40.7
2230,Hyderabad,2024.01.02,22:45,Severe,13.4
2231,Hyderabad,19/01/2024,19:15,High,18.7
2232,Hyderabad,11/01/2023,17:30,High,26.1
2233,Hyderabad,2023.09.06,19:30,Moderate,27.0
2234,Hyderabad,08/23/2023,11:30,Moderate,24.6
2235,Hyderabad,11/04/2023,16:00,High,27.5
2236,Hyderabad,2023.09.06,16:15,Moderate,20.7
2237,Hyderabad,12/06/2024,06:45,Low,37.0
2238,Hyderabad,22/03/2023,16:15,Moderate,28.0
2239,Hyderabad,03/04/2023,07:45,Moderate,33.9
2240,Hyderabad,2023.11.12,08:00,High,10.3
2241,Hyderabad,07-01-2023,11:30,High,17.1
2242,Hyderabad,05/08/2024,10:00,Low,36.0
2243,Hyderabad,2024-05-26,18:30,Moderate,27.5
2244,Hyderabad,2023.07.03,08:30,Moderate,24.4
2245,Hyderabad,03/27/2024,17:00,Moderate,33.8
2246,Hyderabad,03/11/2023,08:45,Severe,11.5
2247,Hyderabad,2023.03.29,12:45,Moderate,25.6
2248,Hyderabad,09/15/2024,19:45,Moderate,27.4
2249,Hyderabad,2024-12-21,06:45,Moderate,21.2
2250,Hyderabad,07-07-2023,11:15,Moderate,33.5
2251,Hyderabad,12/10/2023,07:00,Moderate,33.4
2252,Hyderabad,03/31/2023,17:45,Low,39.3
2253,Hyderabad,02/01/2024,07:30,High,20.5
2254,Hyderabad,2024-01-30,07:45,Moderate,27.7
2255,Hyderabad,2024.10.04,07:30,High,18.0
2256,Hyderabad,2024.01.03,22:15,Moderate,26.1
2257,Hyderabad,08/10/2023,15:15,Moderate,26.1
2258,Hyderabad,2024-02-25,09:45,Severe,3.1
2259,Hyderabad,13-12-2024,08:30,High,14.8
2260,Hyderabad,2024-02-09,23:45,High,13.9
2261,Hyderabad,15/02/2024,21:45,Low,40.5
2262,Hyderabad,2023.06.18,11:00,Low,41.7
2263,Hyderabad,10/12/2024,20:30,High,18.2
2264,Hyderabad,15-05-2023,00:15,Low,38.9
2265,Hyderabad,11/02/2023,19:00,High,18.8
2266,Hyderabad,14/10/2023,19:00,Severe,3.0
2267,Hyderabad,2024-12-24,11:00,Moderate,23.0
2268,Hyderabad,2023.11.25,13:45,Moderate,16.7
2269,Hyderabad,2024.07.08,12:00,High,13.3
2270,Hyderabad,09/08/2023,09:00,High,23.1
2271,Hyderabad,11/15/2023,17:15,High,3.0
2272,Hyderabad,2024.05.30,16:45,High,25.5
2273,Hyderabad,2023.09.01,21:30,Moderate,21.4
2274,Hyderabad,30-09-2024,08:00,High,14.9
2275,Hyderabad,14/03/2023,00:30,Low,35.6
2276,Hyderabad,03-03-2024,05:00,Low,29.0
2277,Hyderabad,2023.10.17,12:00,Low,28.3
2278,Hyderabad,02/05/2023,14:30,Moderate,33.1
2279,Hyderabad,01/23/2024,10:15,Moderate,36.0
2280,Hyderabad,07/05/2024,10:00,Moderate,23.3
2281,Hyderabad,03-05-2024,10:15,Low,-35.3
2282,Hyderabad,24-10-2024,23:15,Moderate,23.7
2283,Hyderabad,2024.11.20,07:15,Low,29.5
2284,Hyderabad,2023-06-02,12:45,Moderate,29.2
2285,Hyderabad,09/13/2024,21:00,Low,34.2
2286,Hyderabad,2024-10-17,06:30,Moderate,36.1
2287,Hyderabad,2024.08.22,11:00,Low,37.5
2288,Hyderabad,03/03/2023,10:15,Moderate,30.5
2289,Hyderabad,03/08/2023,20:15,Moderate,31.3
2290,Hyderabad,01/30/2024,09:15,Moderate,22.8
2291,Hyderabad,2024.06.24,10:45,Low,44.4
2292,Hyderabad,2024-02-20,16:30,Severe,9.8
2293,Hyderabad,2023-12-20,15:45,Moderate,23.5
2294,Hyderabad,2023.01.10,21:00,,37.4
2295,Hyderabad,26/01/2024,09:45,Severe,10.7
2296,Hyderabad,02/29/2024,07:00,Moderate,28.2
2297,Hyderabad,22/01/2023,15:30,Moderate,33.8
2298,Hyderabad,2023.02.19,12:30,Severe,3.0
2299,Hyderabad,2024-02-02,16:00,Low,33.1
2300,Hyderabad,17/08/2024,17:30,Low,34.0
2301,Hyderabad,2024-10-24,10:00,Moderate,31.4
2302,Hyderabad,22-01-2023,20:30,Moderate,26.3
2303,Hyderabad,2024.02.28,20:15,High,12.9
2304,Hyderabad,2024-07-26,08:30,High,8.6
2305,Hyderabad,2023.12.22,12:30,Moderate,21.1
2306,Hyderabad,06/25/2024,10:00,Severe,9.3
2307,Hyderabad,13-12-2024,18:45,High,13.4
2308,Hyderabad,09/15/2023,18:30,High,10.8
2309,Hyderabad,12/07/2024,20:00,High,27.4
2310,Hyderabad,2024.11.27,08:45,High,13.6
2311,Hyderabad,2024.04.12,09:45,High,25.0
2312,Hyderabad,2023.11.06,06:30,Severe,14.3
2313,Hyderabad,2023.02.23,15:00,Moderate,24.7
2314,Hyderabad,2023.01.14,18:45,Moderate,-24.2
2315,Hyderabad,11/07/2023,11:45,Low,32.8
2316,Hyderabad,10/30/2023,22:00,Severe,14.0
2317,Hyderabad,21/10/2024,18:30,High,21.2
2318,Hyderabad,19-01-2023,17:00,Low,36.4
2319,Hyderabad,2024-02-21,23:45,High,17.7
2320,Hyderabad,2023-10-22,20:45,Moderate,20.1
2321,Hyderabad,2023.04.20,18:15,High,20.3
2322,Hyderabad,2024.02.19,22:00,Moderate,25.2
2323,Hyderabad,2023.02.15,14:30,High,16.1
2324,Hyderabad,15-11-2023,09:45,Severe,6.5
2325,Hyderabad,2023.07.24,21:00,Moderate,30.7
2326,Hyderabad,2024.01.26,03:45,Moderate,29.1
2327,Hyderabad,02/23/2024,03:45,Low,33.2
2328,Hyderabad,09/17/2024,12:15,Moderate,27.0
2329,Hyderabad,04/02/2023,19:45,High,9.1
2330,Hyderabad,04-01-2023,23:30,Low,35.1
2331,Hyderabad,2023-09-11,09:00,Moderate,19.4
2332,Hyderabad,11/10/2023,08:15,High,18.6
2333,Hyderabad,07-03-2024,12:30,Moderate,83.5
2334,Hyderabad,11-09-2023,17:00,Moderate,25.3
2335,Hyderabad,11/07/2023,01:15,Low,37.9
2336,Hyderabad,03/02/2023,19:30,High,22.9
2337,Hyderabad,11/14/2024,12:00,Moderate,37.1
2338,Hyderabad,11/25/2024,09:45,High,15.3
2339,Hyderabad,02/11/2024,20:15,High,16.7
2340,Hyderabad,07/02/2023,08:45,Severe,8.5
2341,Hyderabad,24-07-2024,18:45,High,27.9
2342,Hyderabad,09/06/2024,12:00,High,19.8
2343,Hyderabad,02/03/2024,06:00,Low,37.3
2344,Hyderabad,2024-09-22,15:00,High,19.7
2345,Hyderabad,12/02/2024,01:15,Low,39.8
2346,Hyderabad,2023-03-21,12:45,Moderate,26.6
2347,Hyderabad,10/13/2024,19:00,High,6.7
2348,Hyderabad,2024-05-26,18:30,High,13.2
2349,Hyderabad,02/27/2024,04:30,High,14.1
2350,Hyderabad,08/05/2023,19:30,Severe,14.3
2351,Hyderabad,2023-05-25,16:45,Moderate,23.9
2352,Hyderabad,03/06/2024,08:00,High,23.6
2353,Hyderabad,21/04/2024,15:30,Moderate,34.1
2354,Hyderabad,2024-09-26,20:30,Low,39.8
2355,Hyderabad,2024.08.21,14:15,Moderate,30.1
2356,Hyderabad,01/10/2023,01:45,Low,26.3
2357,Hyderabad,2024.04.16,04:30,Low,36.9
2358,Hyderabad,2023.11.10,20:45,High,30.9
2359,Hyderabad,12/02/2024,10:00,Moderate,19.7
2360,Hyderabad,23-06-2024,18:15,High,20.5
2361,Hyderabad,11-12-2023,11:00,Moderate,22.3
2362,Hyderabad,20-03-2024,04:00,Low,37.6
2363,Hyderabad,31-12-2024,23:30,Severe,12.3
2364,Hyderabad,04-04-2024,20:45,Severe,9.9
2365,Hyderabad,2024.10.09,14:00,High,23.3
2366,Hyderabad,01/22/2023,05:30,Low,32.5
2367,Hyderabad,2023-11-14,21:15,Moderate,20.2
2368,Hyderabad,03-01-2023,14:00,Moderate,23.3
2369,Hyderabad,26-11-2023,09:15,High,19.7
2370,Hyderabad,2023-11-03,08:00,High,18.4
2371,Hyderabad,2023.06.03,15:15,Moderate,24.4
2372,Hyderabad,2023.12.23,18:15,High,16.2
2373,Hyderabad,2023.12.15,07:00,Moderate,25.0
2374,Hyderabad,12/07/2023,15:00,Low,-41.8
2375,Hyderabad,2023-02-28,19:15,Moderate,31.3
2376,Hyderabad,12/16/2024,21:30,Moderate,34.8
2377,Hyderabad,11/28/2024,18:00,Moderate,-20.7
2378,Hyderabad,29-07-2024,18:30,Moderate,35.5
2379,Hyderabad,02-05-2023,17:15,Low,46.5
2380,Hyderabad,04-10-2023,12:15,Severe,6.5
2381,Hyderabad,10/02/2023,12:15,Moderate,35.2
2382,Hyderabad,31-07-2024,14:45,Low,33.4
2383,Hyderabad,06/16/2024,09:45,High,8.9
2384,Hyderabad,2023.10.28,08:00,High,15.9
2385,Hyderabad,2024.06.13,07:15,Moderate,33.7
2386,Hyderabad,01/07/2023,18:00,High,17.4
2387,Hyderabad,2024.10.10,16:45,Severe,10.5
2388,Hyderabad,04/15/2024,14:15,Moderate,26.6
2389,Hyderabad,06/03/2023,03:15,Low,33.0
2390,Hyderabad,2024.05.06,14:00,Low,29.2
2391,Hyderabad,2023.06.25,09:30,Low,36.7
2392,Hyderabad,14/01/2023,07:00,High,23.5
2393,Hyderabad,2024-10-02,13:00,Moderate,29.6
2394,Hyderabad,2024.09.30,11:15,High,16.7
2395,Hyderabad,2023.09.03,18:45,Severe,11.9
2396,Hyderabad,07-09-2023,10:00,Low,47.3
2397,Hyderabad,30-01-2024,22:00,Moderate,29.8
2398,Hyderabad,28/08/2024,19:00,High,14.8
2399,Hyderabad,06-10-2024,21:15,Severe,11.1
2400,Hyderabad,07/12/2023,21:15,Moderate,23.7
2401,Hyderabad,2024-04-02,13:00,Moderate,20.3
2402,Hyderabad,04/09/2024,13:30,Low,33.3
2403,Hyderabad,2024.01.09,18:45,High,12.5
2404,Hyderabad,2023.01.11,18:00,Moderate,23.7
2405,Hyderabad,2023.10.06,09:30,Severe,11.4
2406,Hyderabad,15/12/2024,09:15,High,29.3
2407,Hyderabad,06/12/2023,23:45,Low,45.0
2408,Hyderabad,2023-07-01,08:15,High,21.4
2409,Hyderabad,19/04/2023,22:30,Severe,5.4
2410,Hyderabad,04/08/2024,21:00,High,19.6
2411,Hyderabad,09/23/2024,13:00,Severe,7.3
2412,Hyderabad,14/08/2024,18:15,High,8.5
2413,Hyderabad,04/19/2024,20:15,Severe,6.3
2414,Hyderabad,28/09/2024,22:00,Moderate,26.6
2415,Hyderabad,05/19/2023,13:15,Moderate,21.0
2416,Hyderabad,23/02/2023,16:15,High,17.4
2417,Hyderabad,2023.09.23,10:30,Moderate,30.8
2418,Hyderabad,09/03/2023,18:00,Severe,9.6
2419,Hyderabad,2024-12-07,06:45,Moderate,34.4
2420,Hyderabad,12/09/2023,18:30,Severe,10.2
2421,Hyderabad,2024-08-17,22:45,Low,44.0
2422,Hyderabad,22/12/2023,07:30,Moderate,34.1
2423,Hyderabad,12/10/2024,19:45,High,17.9
2424,Hyderabad,08/13/2024,08:15,Low,35.1
2425,Hyderabad,2023-08-27,18:15,High,10.8
2426,Hyderabad,01-11-2024,07:30,High,19.8
2427,Hyderabad,05/18/2023,18:15,Severe,3.0
2428,Hyderabad,04-12-2023,08:00,High,18.7
2429,Hyderabad,03-07-2024,08:15,High,11.3
2430,Hyderabad,12-11-2023,07:00,Low,39.3
2431,Hyderabad,06-11-2023,17:45,High,10.4
2432,Hyderabad,2024.01.27,06:30,Low,35.3
2433,Hyderabad,2024.01.01,18:30,High,13.1
2434,Hyderabad,2024.02.13,12:30,Low,44.5
2435,Hyderabad,03/03/2023,03:15,Low,32.9
2436,Hyderabad,2023.12.01,17:00,Low,46.0
2437,Hyderabad,2023-10-29,18:15,Low,49.7
2438,Hyderabad,22-02-2024,07:15,Moderate,16.8
2439,Hyderabad,11-08-2023,18:15,High,10.1
2440,Hyderabad,22/07/2023,08:45,High,11.1
2441,Hyderabad,2024-11-10,18:15,Severe,5.3
2442,Hyderabad,04/18/2024,21:45,Low,35.1
2443,Hyderabad,2024-05-01,08:15,Moderate,30.6
2444,Hyderabad,2024-11-01,10:15,,20.3
2445,Hyderabad,2023.12.06,14:15,Severe,7.7
2446,Hyderabad,05/31/2023,16:45,High,11.6
2447,Hyderabad,2024.09.18,18:15,Low,40.7
2448,Hyderabad,06-06-2023,22:00,Severe,9.4
2449,Hyderabad,2024.02.07,20:00,High,21.2
2450,Hyderabad,01/01/2023,08:15,High,18.3
2451,Hyderabad,2023.10.29,08:45,High,8.1
2452,Hyderabad,2023-08-15,20:45,High,22.0
2453,Hyderabad,17/12/2024,11:00,Moderate,23.2
2454,Hyderabad,2023-02-25,08:45,Low,35.4
2455,Hyderabad,24-02-2023,12:30,High,12.1
2456,Hyderabad,2023-03-22,07:15,Moderate,30.3
2457,Hyderabad,01/30/2024,16:30,Moderate,28.0
2458,Hyderabad,23-04-2024,14:30,Moderate,33.3
2459,Hyderabad,02/01/2024,16:15,Low,33.9
2460,Hyderabad,28/11/2024,09:15,Moderate,19.3
2461,Hyderabad,2023.07.24,01:45,High,18.4
2462,Hyderabad,2024.12.03,10:45,Low,24.5
2463,Hyderabad,2023-10-09,08:45,Low,42.4
2464,Hyderabad,2023.01.31,18:30,Severe,8.4
2465,Hyderabad,22-12-2024,16:00,Low,28.2
2466,Hyderabad,2023.05.05,16:30,High,16.2
2467,Hyderabad,21/05/2023,03:30,Low,31.9
2468,Hyderabad,05/20/2024,09:15,High,9.7
2469,Hyderabad,2023-01-29,09:45,High,16.8
2470,Hyderabad,08-12-2024,11:00,Low,29.6
2471,Hyderabad,2024-06-10,15:00,Moderate,28.8
2472,Hyderabad,2023.01.21,05:30,High,15.9
2473,Hyderabad,01-03-2023,07:45,Low,35.2
2474,Hyderabad,2023.02.16,20:00,Severe,10.3
2475,Hyderabad,09/06/2023,14:00,Low,42.5
2476,Hyderabad,2023-05-18,10:00,Moderate,30.4
2477,Hyderabad,2024-12-22,06:00,Low,40.8
2478,Hyderabad,19-08-2024,10:00,Severe,12.6
2479,Hyderabad,2024.04.09,09:15,High,21.8
2480,Hyderabad,06-02-2023,07:30,Low,106.0
2481,Hyderabad,21/12/2023,12:15,High,6.9
2482,Hyderabad,2024-12-26,22:30,Moderate,27.6
2483,Hyderabad,18-07-2023,17:45,High,19.6
2484,Hyderabad,19/01/2024,12:00,Moderate,34.1
2485,Hyderabad,01-09-2024,20:45,Low,45.6
2486,Hyderabad,2024.08.19,07:30,High,28.5
2487,Hyderabad,2023.09.05,11:45,Moderate,29.8
2488,Hyderabad,21/10/2023,06:45,Low,32.8
2489,Hyderabad,27-07-2023,06:00,Moderate,28.1
2490,Hyderabad,01/31/2023,16:30,High,17.7
2491,Hyderabad,06/28/2024,07:15,Low,42.6
2492,Hyderabad,2024-03-23,10:45,High,21.6
2493,Hyderabad,16-08-2024,18:45,High,12.6
2494,Hyderabad,03/02/2024,18:15,High,19.3
2495,Hyderabad,05-03-2024,05:30,Moderate,16.4
2496,Hyderabad,04/21/2024,17:00,Moderate,29.8
2497,Hyderabad,08-01-2023,18:30,High,11.8
2498,Hyderabad,2023-06-20,08:45,High,-22.7
2499,Hyderabad,27/09/2024,12:00,Low,39.3
2500,Hyderabad,06/29/2023,12:15,Moderate,23.9
2501,Hyderabad,2023.08.08,11:30,Moderate,27.6
2502,Hyderabad,14-01-2024,08:00,Severe,9.2
2503,Hyderabad,26-09-2023,18:45,High,13.2
2504,Hyderabad,22-07-2023,21:00,High,15.4
2505,Hyderabad,2024.07.03,08:45,Severe,3.0
2506,Hyderabad,30-10-2024,08:45,Severe,4.7
2507,Hyderabad,12/23/2023,10:00,Moderate,24.9
2508,Hyderabad,2024.04.03,07:45,Moderate,18.0
2509,Hyderabad,12-11-2023,17:00,Moderate,31.6
2510,Hyderabad,09-07-2024,19:00,High,12.2
2511,Hyderabad,07-11-2024,07:15,Moderate,25.7
2512,Hyderabad,27-06-2023,19:30,High,13.3
2513,Hyderabad,12/05/2023,20:45,Moderate,27.6
2514,Hyderabad,11-07-2024,17:45,Low,41.8
2515,Hyderabad,09/03/2024,13:00,Severe,6.8
2516,Hyderabad,2024.11.12,07:00,Low,40.7
2517,Hyderabad,19/06/2023,08:30,Low,37.1
2518,Hyderabad,2024-11-12,15:30,Moderate,36.2
2519,Hyderabad,04-06-2024,06:15,Low,42.0
2520,Hyderabad,28/07/2023,08:00,Severe,9.2
2521,Hyderabad,03/02/2023,17:30,Low,33.8
2522,Hyderabad,20/07/2024,18:00,Moderate,23.6
2523,Hyderabad,15/03/2024,12:45,High,15.2
2524,Hyderabad,02/25/2023,11:45,Low,27.7
2525,Hyderabad,07/20/2024,18:15,High,7.0
2526,Hyderabad,08/13/2024,07:45,Moderate,24.8
2527,Hyderabad,22-02-2023,07:45,Low,39.2
2528,Hyderabad,21-01-2024,12:00,Moderate,84.0
2529,Hyderabad,14-11-2023,13:00,Low,37.0
2530,Hyderabad,11/20/2024,18:45,Severe,5.4
2531,Hyderabad,03/13/2024,18:45,High,20.8
2532,Hyderabad,09/10/2023,15:30,Low,31.5
2533,Hyderabad,19/01/2024,17:15,High,15.5
2534,Hyderabad,2023-08-05,18:15,Severe,8.5
2535,Hyderabad,17/01/2023,21:45,High,17.6
2536,Hyderabad,11/12/2024,23:30,Low,47.4
2537,Hyderabad,05/28/2023,07:45,Low,42.7
2538,Hyderabad,04/02/2024,21:45,Low,32.6
2539,Hyderabad,01/10/2023,13:15,High,-8.0
2540,Hyderabad,31-01-2024,23:15,Low,31.6
2541,Hyderabad,2023-10-22,14:45,Low,37.7
2542,Hyderabad,10/04/2023,19:30,Severe,3.0
2543,Hyderabad,09/15/2024,03:15,Low,35.6
2544,Hyderabad,08-04-2024,11:00,Severe,3.0
2545,Hyderabad,2023.06.11,07:15,Severe,6.4
2546,Hyderabad,09/17/2023,15:30,Low,40.8
2547,Hyderabad,10/17/2023,11:15,Low,45.7
2548,Hyderabad,04-06-2023,03:15,Moderate,13.3
2549,Hyderabad,06/05/2024,12:15,Moderate,24.7
2550,Hyderabad,2023.02.02,15:45,Moderate,29.2
2551,Hyderabad,20/08/2023,07:45,Moderate,26.2
2552,Hyderabad,2024.01.17,09:00,Moderate,27.8
2553,Hyderabad,2024.07.30,11:00,Low,42.3
2554,Hyderabad,2024-02-04,19:15,High,15.9
2555,Hyderabad,2024.08.03,07:00,High,13.8
2556,Hyderabad,2023.07.26,18:45,High,8.6
2557,Hyderabad,2023-06-26,09:00,Moderate,29.1
2558,Hyderabad,08/02/2023,18:45,Moderate,19.5
2559,Hyderabad,18-01-2024,07:45,Moderate,18.5
2560,Hyderabad,12/06/2024,08:45,Severe,6.9
2561,Hyderabad,19-08-2023,09:30,Severe,5.0
2562,Hyderabad,04-07-2023,06:30,Moderate,15.3
2563,Hyderabad,12/14/2023,07:15,High,16.9
2564,Hyderabad,23/06/2023,18:15,Severe,16.5
2565,Hyderabad,2024.09.19,08:15,Low,36.9
2566,Hyderabad,30/04/2024,07:30,Moderate,24.5
2567,Hyderabad,16-12-2024,06:15,Moderate,32.3
2568,Hyderabad,01/10/2023,07:30,Moderate,25.9
2569,Hyderabad,03-07-2023,08:30,Severe,4.6
2570,Hyderabad,10/03/2023,14:30,Severe,7.7
2571,Hyderabad,2024.03.30,13:00,Moderate,29.7
2572,Hyderabad,03/20/2024,08:45,Moderate,32.3
2573,Hyderabad,07/17/2023,12:15,Moderate,34.0
2574,Hyderabad,2023.06.28,05:30,Low,39.7
2575,Hyderabad,08/11/2024,22:30,Moderate,32.2
2576,Hyderabad,02/07/2024,11:15,Severe,3.3
2577,Hyderabad,12/03/2024,11:45,Moderate,29.6
2578,Hyderabad,01/12/2024,16:30,Moderate,33.2
2579,Hyderabad,23-04-2023,08:15,High,19.0
2580,Hyderabad,2024-08-09,08:45,Severe,3.0
2581,Hyderabad,2024-08-26,02:15,,40.5
2582,Hyderabad,2023-07-24,17:30,Moderate,33.0
2583,Hyderabad,27/01/2023,05:30,Moderate,20.2
2584,Hyderabad,27-08-2024,18:45,High,14.7
2585,Hyderabad,2024.03.26,23:15,Moderate,30.3
2586,Hyderabad,23/05/2023,11:15,Low,41.4
2587,Hyderabad,11/03/2024,06:00,High,20.5
2588,Hyderabad,07/17/2024,08:00,Severe,15.8
2589,Hyderabad,2023-07-28,07:15,Moderate,30.4
2590,Hyderabad,30/06/2024,21:15,High,14.7
2591,Hyderabad,30/09/2023,09:00,Severe,6.8
2592,Hyderabad,06/12/2024,17:30,High,7.0
2593,Hyderabad,2023.02.01,05:15,Low,30.2
2594,Hyderabad,2023.10.25,21:15,Moderate,27.9
2595,Hyderabad,2024.10.07,18:30,Severe,17.9
2596,Hyderabad,11-03-2024,05:30,Low,49.7
2597,Hyderabad,06/25/2023,10:30,Severe,12.2
2598,Hyderabad,10-02-2023,16:15,Moderate,20.9
2599,Hyderabad,30-04-2024,05:30,Low,42.8
2600,Hyderabad,02/25/2024,15:15,High,20.9
2601,Hyderabad,2024.09.03,05:45,Low,33.4
2602,Hyderabad,12/05/2024,22:15,Moderate,20.9
2603,Hyderabad,2023.10.05,10:15,High,14.5
2604,Hyderabad,13-04-2023,13:45,Moderate,24.7
2605,Hyderabad,2023.05.09,08:00,High,23.6
2606,Hyderabad,28/03/2024,08:15,Severe,3.3
2607,Hyderabad,2023.04.17,11:00,High,9.5
2608,Hyderabad,2023-10-12,06:00,Low,26.1
2609,Hyderabad,29/02/2024,11:15,Moderate,28.2
2610,Hyderabad,29-07-2024,08:15,High,15.0
2611,Hyderabad,2024.02.01,14:45,Moderate,24.0
2612,Hyderabad,2024.10.19,20:45,High,16.3
2613,Hyderabad,19-08-2023,13:15,Low,36.9
2614,Hyderabad,02-06-2024,17:15,Severe,8.9
2615,Hyderabad,07-08-2024,18:30,High,13.1
2616,Hyderabad,10/04/2024,10:45,Moderate,-30.9
2617,Hyderabad,07/09/2024,18:15,High,25.6
2618,Hyderabad,2024.02.12,08:15,Moderate,29.6
2619,Hyderabad,2024.12.02,16:00,Low,38.1
2620,Hyderabad,21/10/2024,12:15,Low,30.3
2621,Hyderabad,04/11/2023,14:15,High,14.6
2622,Hyderabad,07/03/2023,09:00,Moderate,23.4
2623,Hyderabad,2023.06.19,17:15,Moderate,31.9
2624,Hyderabad,05/19/2024,20:45,High,5.7
2625,Hyderabad,29/12/2023,21:30,Low,43.1
2626,Hyderabad,21-11-2024,11:15,Low,29.0
2627,Hyderabad,2023-01-17,17:30,Moderate,17.5
2628,Hyderabad,16/03/2024,10:45,Low,36.5
2629,Hyderabad,2023.10.24,17:45,Moderate,21.8
2630,Hyderabad,2023-01-07,07:30,Low,36.7
2631,Hyderabad,14-12-2023,06:00,High,18.8
2632,Hyderabad,24-11-2023,14:15,High,17.1
2633,Hyderabad,2023-10-29,19:00,High,21.1
2634,Hyderabad,2024-07-29,07:30,Moderate,27.1
2635,Hyderabad,27/06/2024,06:45,Low,43.8
2636,Hyderabad,06/06/2023,13:00,Moderate,28.5
2637,Hyderabad,29/11/2023,13:00,High,19.6
2638,Hyderabad,05/09/2024,15:45,Low,36.5
2639,Hyderabad,05-01-2023,17:00,Low,33.4
2640,Hyderabad,02/01/2023,18:15,Moderate,27.7
2641,Hyderabad,2024.06.04,21:00,Moderate,27.6
2642,Hyderabad,2024-05-23,11:15,High,16.2
2643,Hyderabad,2023.12.13,17:30,Moderate,35.7
2644,Hyderabad,17/07/2024,07:00,Moderate,29.9
2645,Hyderabad,2024-12-09,18:45,Severe,12.9
2646,Hyderabad,2024.04.17,00:30,Moderate,30.6
2647,Hyderabad,07/26/2023,18:45,High,12.0
2648,Hyderabad,2024.08.14,09:15,High,16.4
2649,Hyderabad,2024-01-27,08:15,Low,45.4
2650,Hyderabad,07/05/2024,22:15,High,19.8
2651,Hyderabad,2024.06.05,13:30,Low,44.5
2652,Hyderabad,2023.08.21,08:15,High,20.4
2653,Hyderabad,09/01/2023,09:00,High,16.2
2654,Hyderabad,01/22/2024,14:30,Moderate,21.3
2655,Hyderabad,16-03-2024,00:45,Moderate,21.8
2656,Hyderabad,2024-02-25,18:00,Moderate,20.7
2657,Hyderabad,2024.09.12,12:00,Low,30.8
2658,Hyderabad,19/05/2024,07:15,Moderate,28.7
2659,Hyderabad,11/22/2023,19:30,High,18.1
2660,Hyderabad,2023-06-25,18:00,High,17.7
2661,Hyderabad,2023.11.10,20:45,Severe,14.9
2662,Hyderabad,13-01-2024,19:00,Severe,4.5
2663,Hyderabad,2024-01-22,18:30,Severe,9.6
2664,Hyderabad,2023.12.28,09:45,Severe,5.7
2665,Hyderabad,2023-05-05,17:00,High,16.0
2666,Hyderabad,2024.03.25,14:00,Low,34.7
2667,Hyderabad,2023.11.23,16:30,Severe,3.0
2668,Hyderabad,09-01-2024,18:00,Severe,3.4
2669,Hyderabad,10/31/2023,04:15,Moderate,16.0
2670,Hyderabad,14/05/2023,18:00,High,12.1
2671,Hyderabad,15-07-2024,15:00,High,-21.1
2672,Hyderabad,01/25/2024,13:00,Moderate,23.3
2673,Hyderabad,07/16/2023,19:15,High,10.6
2674,Hyderabad,27-09-2023,14:15,Low,42.4
2675,Hyderabad,21/03/2024,18:30,High,22.5
2676,Hyderabad,03/21/2024,11:45,Low,42.5
2677,Hyderabad,03-03-2024,12:30,Moderate,24.0
2678,Hyderabad,2023.04.22,05:15,Low,41.0
2679,Hyderabad,23/03/2024,19:30,Severe,14.4
2680,Hyderabad,11/30/2024,10:45,Moderate,25.9
2681,Hyderabad,23/09/2023,13:00,Moderate,24.2
2682,Hyderabad,2024.06.27,05:45,Severe,4.8
2683,Hyderabad,2023-03-21,15:30,Low,40.2
2684,Hyderabad,2023-05-25,18:45,High,16.9
2685,Hyderabad,2023-10-14,11:15,Moderate,16.3
2686,Hyderabad,02/24/2024,08:30,Moderate,33.1
2687,Hyderabad,2023.12.07,08:15,Severe,-16.1
2688,Hyderabad,2024-06-07,19:45,High,15.2
2689,Hyderabad,2023-09-10,12:45,High,13.1
2690,Hyderabad,28/03/2024,09:00,High,14.1
2691,Hyderabad,24-10-2023,17:00,Low,39.7
2692,Hyderabad,11/16/2023,17:45,High,7.3
2693,Hyderabad,2024-05-31,16:30,High,19.9
2694,Hyderabad,14-09-2023,14:45,Moderate,30.5
2695,Hyderabad,2023-10-15,18:00,Moderate,26.9
2696,Hyderabad,2023.06.03,08:45,Moderate,116.5
2697,Hyderabad,31/01/2024,18:45,High,18.0
2698,Hyderabad,2023.07.01,16:45,Moderate,19.9
2699,Hyderabad,2023-04-17,21:45,High,15.8
2700,Hyderabad,2024-09-09,00:45,Moderate,25.2
2701,Hyderabad,03/05/2024,11:15,High,18.7
2702,Hyderabad,2024-12-17,12:15,Severe,9.3
2703,Hyderabad,16-01-2023,08:15,High,17.7
2704,Hyderabad,03/27/2023,07:45,Moderate,23.0
2705,Hyderabad,2024.02.28,06:15,Low,34.4
2706,Hyderabad,24/12/2023,16:45,Moderate,23.6
2707,Hyderabad,12/31/2024,21:30,Moderate,24.5
2708,Hyderabad,2023-05-25,10:00,Low,42.2
2709,Hyderabad,02-12-2024,07:15,Moderate,30.3
2710,Hyderabad,27/12/2024,07:15,Moderate,34.5
2711,Hyderabad,26-12-2023,12:00,Severe,4.1
2712,Hyderabad,04/04/2024,09:45,Low,34.0
2713,Hyderabad,02/01/2024,18:00,High,19.5
2714,Hyderabad,2024-11-24,06:15,Low,36.6
2715,Hyderabad,2024-10-01,07:30,High,24.5
2716,Hyderabad,12/05/2023,07:00,Moderate,20.1
2717,Hyderabad,30/11/2023,20:30,High,12.9
2718,Hyderabad,28/02/2023,04:30,Low,42.3
2719,Hyderabad,2023-07-07,16:30,Low,36.7
2720,Hyderabad,15/05/2024,07:30,Moderate,22.4
2721,Hyderabad,2023-02-25,17:00,High,19.6
2722,Hyderabad,03/22/2023,01:45,Moderate,29.0
2723,Hyderabad,26/08/2024,04:45,Low,47.5
2724,Hyderabad,09-10-2024,22:00,Moderate,-24.6
2725,Hyderabad,2024-07-05,14:30,Moderate,28.1
2726,Hyderabad,01/09/2024,14:00,Moderate,26.0
2727,Hyderabad,13-04-2023,10:30,Low,44.9
2728,Hyderabad,16-06-2024,18:45,Severe,4.3
2729,Hyderabad,14/01/2023,16:15,Low,34.1
2730,Hyderabad,22/03/2024,07:15,High,17.7
2731,Hyderabad,23-07-2023,15:15,Low,34.7
2732,Hyderabad,17/09/2024,09:00,High,12.9
2733,Hyderabad,30/08/2023,23:15,Moderate,35.4
2734,Hyderabad,02/07/2024,18:30,Low,34.1
2735,Hyderabad,30-12-2023,10:00,High,9.0
2736,Hyderabad,2024.01.25,08:15,High,9.3
2737,Hyderabad,19/11/2024,18:15,High,17.3
2738,Hyderabad,2024-09-07,08:45,High,12.5
2739,Hyderabad,21-10-2023,07:45,Moderate,27.9
2740,Hyderabad,09/16/2023,17:45,Moderate,26.2
2741,Hyderabad,10/04/2024,19:30,High,13.2
2742,Hyderabad,09/12/2024,19:00,Moderate,27.9
2743,Hyderabad,2023-06-22,09:00,High,20.8
2744,Hyderabad,01/10/2023,05:30,Moderate,32.3
2745,Hyderabad,17/04/2024,19:15,High,15.5
2746,Hyderabad,2023-09-15,10:45,Moderate,27.0
2747,Hyderabad,20/06/2023,18:30,Severe,6.8
2748,Hyderabad,05-01-2024,12:30,Moderate,104.7
2749,Hyderabad,20/10/2023,06:15,Low,42.1
2750,Hyderabad,25/11/2023,16:30,Moderate,26.0
2751,Hyderabad,2023-08-21,15:45,Low,29.5
2752,Hyderabad,04/07/2024,20:30,High,12.2
2753,Hyderabad,2024.06.19,00:15,Moderate,29.1
2754,Hyderabad,2024-08-23,06:15,High,13.0
2755,Hyderabad,2023-04-20,09:45,Severe,11.1
2756,Hyderabad,2023.06.16,23:30,Moderate,22.9
2757,Hyderabad,2023-10-19,22:00,High,9.8
2758,Hyderabad,2024.11.19,08:30,Severe,10.3
2759,Hyderabad,06/17/2024,08:15,High,15.9
2760,Hyderabad,11/07/2023,09:30,Moderate,32.9
2761,Hyderabad,08/28/2024,07:30,High,14.5
2762,Hyderabad,2023-07-20,17:15,Moderate,27.3
2763,Hyderabad,11/21/2024,16:00,Moderate,28.4
2764,Hyderabad,11/17/2024,19:15,High,19.3
2765,Hyderabad,11/27/2023,13:30,Moderate,26.1
2766,Hyderabad,2023-03-16,11:45,Moderate,16.2
2767,Hyderabad,07-08-2023,11:00,Severe,8.0
2768,Hyderabad,15-02-2024,10:30,Moderate,20.8
2769,Hyderabad,02/02/2023,15:30,Severe,11.0
2770,Hyderabad,07/25/2023,19:00,Low,33.6
2771,Hyderabad,2023.03.05,15:00,Moderate,-23.5
2772,Hyderabad,17-07-2024,04:00,Low,-38.2
2773,Hyderabad,06/02/2023,19:45,Low,38.5
2774,Hyderabad,04-11-2023,17:30,High,21.0
2775,Hyderabad,2024-05-04,14:00,Low,38.2
2776,Hyderabad,20/06/2024,08:45,High,24.1
2777,Hyderabad,16/01/2024,02:00,Low,34.4
2778,Hyderabad,07-10-2023,20:00,High,20.9
2779,Hyderabad,03/05/2023,17:45,High,22.1
2780,Hyderabad,2023-08-15,16:15,Moderate,28.5
2781,Hyderabad,22-04-2023,19:30,High,10.3
2782,Hyderabad,2023.01.02,17:30,Moderate,27.3
2783,Hyderabad,11/02/2023,05:15,Low,36.7
2784,Hyderabad,07/06/2024,20:45,Low,38.7
2785,Hyderabad,2023-08-03,12:30,Moderate,21.2
2786,Hyderabad,16/01/2023,12:00,Low,40.4
2787,Hyderabad,15-04-2024,03:45,Low,35.2
2788,Hyderabad,19/03/2024,22:00,Moderate,24.5
2789,Hyderabad,2024-01-07,19:30,Low,38.6
2790,Hyderabad,2023-08-19,07:00,Severe,3.0
2791,Hyderabad,2023-03-12,16:15,Severe,5.3
2792,Hyderabad,09/21/2024,21:45,Low,35.1
2793,Hyderabad,12/21/2024,08:15,High,8.9
2794,Hyderabad,2023-03-10,17:45,Low,41.7
2795,Hyderabad,2023-01-13,09:15,Severe,10.3
2796,Hyderabad,2023-02-03,17:45,Moderate,21.4
2797,Hyderabad,2024.06.18,17:00,Low,46.1
2798,Hyderabad,28/04/2024,16:30,Moderate,29.0
2799,Hyderabad,2023.07.15,07:00,Severe,9.4
2800,Hyderabad,2024-06-27,16:15,Moderate,35.8
2801,Hyderabad,29-06-2023,08:00,Severe,6.7
2802,Hyderabad,2023.01.03,09:45,Moderate,26.2
2803,Hyderabad,30/01/2023,16:45,High,102.1
2804,Hyderabad,2023-10-18,17:00,Moderate,35.3
2805,Hyderabad,2024.06.24,18:45,Severe,4.6
2806,Hyderabad,23-10-2023,22:00,High,14.1
2807,Hyderabad,02-06-2024,20:15,Severe,8.2
2808,Hyderabad,2023.03.13,19:00,High,20.7
2809,Hyderabad,2024.11.07,21:45,,26.6
2810,Hyderabad,2023-06-19,06:15,High,21.0
2811,Hyderabad,11/28/2024,20:45,High,18.0
2812,Hyderabad,12/13/2023,09:15,High,18.5
2813,Hyderabad,13/01/2023,19:15,Low,33.2
2814,Hyderabad,03-01-2024,06:15,Moderate,24.6
2815,Hyderabad,21/05/2023,19:30,High,11.7
2816,Hyderabad,2023-12-13,19:00,Severe,11.9
2817,Hyderabad,12/09/2024,18:15,High,19.1
2818,Hyderabad,01/08/2024,19:00,High,24.1
2819,Hyderabad,2024.05.08,10:15,Low,44.1
2820,Hyderabad,2023-04-09,07:45,Severe,6.2
2821,Hyderabad,03/04/2023,11:30,Low,33.6
2822,Hyderabad,2024.10.26,10:30,High,14.2
2823,Hyderabad,03-03-2024,21:45,Moderate,29.2
2824,Hyderabad,09/25/2023,09:00,Severe,9.6
2825,Hyderabad,04/01/2024,20:15,High,15.5
2826,Hyderabad,28-08-2024,13:30,Low,40.9
2827,Hyderabad,20/05/2023,18:15,Severe,5.6
2828,Hyderabad,2023.10.01,18:00,Severe,18.3
2829,Hyderabad,03/08/2023,15:15,Moderate,29.9
2830,Hyderabad,2024.02.28,12:00,High,16.5
2831,Hyderabad,25-07-2024,07:45,High,13.3
2832,Hyderabad,2023.03.17,17:15,Low,36.1
2833,Hyderabad,08/01/2024,12:15,Severe,6.0
2834,Hyderabad,21/05/2023,13:45,Moderate,28.1
2835,Hyderabad,13-02-2024,17:30,Moderate,15.5
2836,Hyderabad,11-09-2023,21:00,Severe,17.7
2837,Hyderabad,2023-02-02,11:00,Low,45.5
2838,Hyderabad,2023.06.27,17:30,Moderate,18.4
2839,Hyderabad,2024-10-27,07:30,High,11.3
2840,Hyderabad,2023.08.25,09:30,Moderate,33.8
2841,Hyderabad,2023.05.10,09:30,High,15.1
2842,Hyderabad,2024.07.07,18:30,High,7.8
2843,Hyderabad,2024-04-06,18:30,Severe,12.1
2844,Hyderabad,11/08/2023,02:00,Low,39.1
2845,Hyderabad,10-03-2024,12:45,Low,43.0
2846,Hyderabad,2024-09-30,20:00,Severe,11.0
2847,Hyderabad,06/22/2023,19:30,Moderate,25.8
2848,Hyderabad,03-05-2024,12:45,Low,39.2
2849,Hyderabad,01-01-2023,09:00,Low,39.3
2850,Hyderabad,07/30/2023,23:00,Severe,8.0
2851,Hyderabad,31/07/2024,14:00,Moderate,21.7
2852,Hyderabad,2024-05-23,20:30,High,4.1
2853,Hyderabad,07/20/2024,10:15,Low,39.0
2854,Hyderabad,14-08-2024,18:15,Severe,12.2
2855,Hyderabad,20/02/2023,23:30,Moderate,30.9
2856,Hyderabad,10/07/2023,18:30,Low,43.8
2857,Hyderabad,11-03-2024,12:15,High,111.0
2858,Hyderabad,23-12-2023,17:30,Low,31.0
2859,Hyderabad,09/06/2024,17:15,Moderate,24.9
2860,Hyderabad,01/21/2024,16:15,Low,30.7
2861,Hyderabad,2024-01-06,08:30,High,24.0
2862,Hyderabad,02/15/2024,20:00,Severe,14.5
2863,Hyderabad,18/03/2024,18:30,High,10.5
2864,Hyderabad,19-11-2024,19:30,High,15.7
2865,Hyderabad,04/05/2023,05:45,Low,38.0
2866,Hyderabad,05/08/2023,19:00,Severe,3.0
2867,Hyderabad,11/09/2024,09:00,High,16.5
2868,Hyderabad,2024.06.29,08:45,Severe,3.6
2869,Hyderabad,2024-03-30,21:15,High,13.5
2870,Hyderabad,31-10-2023,00:45,Low,39.2
2871,Hyderabad,2024-09-24,16:30,Low,36.4
2872,Hyderabad,07/07/2024,16:15,Moderate,24.4
2873,Hyderabad,2024-09-04,11:30,Moderate,34.0
2874,Hyderabad,2024.03.24,07:15,Low,37.6
2875,Hyderabad,2024-07-19,08:30,High,14.8
2876,Hyderabad,18/02/2023,08:30,Severe,11.3
2877,Hyderabad,03/11/2023,17:45,Moderate,28.9
2878,Hyderabad,10/04/2024,13:30,Low,43.1
2879,Hyderabad,21-08-2024,11:15,Moderate,32.3
2880,Hyderabad,12-04-2024,09:00,High,16.4
2881,Hyderabad,2024.03.31,16:45,Low,30.5
2882,Hyderabad,2024.09.29,10:15,Moderate,24.4
2883,Hyderabad,2024-02-08,19:45,Severe,4.1
2884,Hyderabad,01/10/2024,11:15,Moderate,31.7
2885,Hyderabad,2024.10.22,12:15,High,7.1
2886,Hyderabad,2023-11-28,13:15,Low,35.6
2887,Hyderabad,2023-11-17,17:15,Moderate,32.9
2888,Hyderabad,19/09/2024,07:00,Moderate,28.1
2889,Hyderabad,2023-05-10,20:30,Severe,19.4
2890,Hyderabad,16-12-2023,16:15,High,16.3
2891,Hyderabad,07/27/2024,14:00,Low,39.9
2892,Hyderabad,08/08/2024,02:00,High,20.4
2893,Hyderabad,31-08-2024,01:00,Low,41.2
2894,Hyderabad,2024-12-09,08:45,High,18.5
2895,Hyderabad,07-04-2024,23:15,High,15.2
2896,Hyderabad,2024-06-19,18:15,High,13.5
2897,Hyderabad,2023-10-27,17:00,Moderate,25.4
2898,Hyderabad,2024-01-01,19:45,Moderate,16.7
2899,Hyderabad,2024-07-15,23:00,Moderate,27.7
2900,Hyderabad,2024-02-27,11:45,Moderate,30.8
2901,Hyderabad,09/09/2024,09:00,Moderate,26.6
2902,Hyderabad,2023-03-21,16:30,Moderate,25.4
2903,Hyderabad,20/10/2024,06:00,Low,30.2
2904,Hyderabad,2024.01.02,15:00,Low,37.2
2905,Hyderabad,15-05-2023,18:45,Moderate,37.1
2906,Hyderabad,25-07-2024,18:15,Moderate,27.6
2907,Hyderabad,03/21/2024,19:00,High,12.0
2908,Hyderabad,2024.05.04,05:45,Low,40.7
2909,Hyderabad,2024-06-11,19:15,Moderate,29.0
2910,Hyderabad,2023.02.18,18:30,Severe,9.3
2911,Hyderabad,2023-10-21,16:15,Moderate,25.2
2912,Hyderabad,28-08-2023,19:45,High,11.0
2913,Hyderabad,23/09/2023,23:00,Moderate,25.3
2914,Hyderabad,2023-04-28,21:30,Moderate,26.3
2915,Hyderabad,19-11-2023,19:15,Severe,14.4
2916,Hyderabad,21-06-2023,17:15,High,10.4
2917,Hyderabad,2023.01.15,16:00,Moderate,29.1
2918,Hyderabad,18-05-2023,20:45,High,24.1
2919,Chennai,2024-02-18,13:45,High,12.8
2920,Chennai,06/21/2024,01:30,Low,33.0
2921,Chennai,10/10/2023,06:15,Moderate,22.2
2922,Chennai,2024-11-07,17:45,Low,38.0
2923,Chennai,30/11/2023,21:30,Low,36.7
2924,Chennai,11/01/2023,01:00,Moderate,24.0
2925,Chennai,2024-02-22,14:15,Severe,6.2
2926,Chennai,2023.03.26,18:00,Moderate,28.5
2927,Chennai,15-09-2024,20:45,Severe,12.7
2928,Chennai,01/15/2024,15:15,Moderate,25.2
2929,Chennai,2024-07-30,04:15,Moderate,32.9
2930,Chennai,2024.09.12,23:45,Low,31.5
2931,Chennai,05-07-2024,19:15,High,16.5
2932,Chennai,07-11-2023,16:45,Moderate,25.0
2933,Chennai,2023-05-20,09:30,High,20.3
2934,Chennai,2024.04.03,08:15,Moderate,23.4
2935,Chennai,26/05/2023,08:00,Moderate,25.6
2936,Chennai,10-03-2023,12:45,Low,38.9
2937,Chennai,2024.11.20,16:45,Moderate,27.1
2938,Chennai,08-05-2023,09:45,High,21.4
2939,Chennai,2024.03.15,10:30,Moderate,25.8
2940,Chennai,12/22/2024,09:15,Severe,11.2
2941,Chennai,10/16/2024,12:00,Moderate,31.0
2942,Chennai,2023.02.21,08:15,High,7.7
2943,Chennai,2023-12-29,11:30,High,10.1
2944,Chennai,09-11-2023,07:15,Low,40.1
2945,Chennai,2024-07-25,12:15,Moderate,31.3
2946,Chennai,2023-03-19,08:30,High,24.2
2947,Chennai,2023-11-21,23:00,High,13.6
2948,Chennai,22-08-2023,13:15,Low,36.4
2949,Chennai,16/04/2024,08:00,Severe,8.2
2950,Chennai,2023-09-27,23:00,Low,31.8
2951,Chennai,01/09/2024,18:00,High,19.2
2952,Chennai,13-06-2024,18:30,High,24.0
2953,Chennai,22-12-2023,20:15,Severe,9.7
2954,Chennai,17-06-2023,09:15,Moderate,25.1
2955,Chennai,21/04/2024,19:45,Severe,13.0
2956,Chennai,20-06-2023,17:00,Low,38.1
2957,Chennai,06/20/2024,14:15,High,4.0
2958,Chennai,01/01/2024,10:00,Moderate,28.9
2959,Chennai,12/02/2023,20:45,Moderate,27.4
2960,Chennai,23-08-2024,09:00,High,17.7
2961,Chennai,23/09/2023,21:00,Low,37.5
2962,Chennai,2023.06.24,18:30,Severe,17.6
2963,Chennai,2023-11-10,12:45,High,30.5
2964,Chennai,27/01/2023,18:45,High,21.4
2965,Chennai,2023-02-27,19:15,High,15.8
2966,Chennai,19-09-2024,06:15,High,-23.4
2967,Chennai,04/14/2023,15:00,Moderate,40.2
2968,Chennai,04-03-2023,13:30,Moderate,22.7
2969,Chennai,01/20/2023,08:15,High,8.9
2970,Chennai,2024-10-03,20:45,Moderate,29.4
2971,Chennai,15/01/2023,19:15,Severe,6.8
2972,Chennai,2024.03.16,17:45,Low,35.3
2973,Chennai,2023-07-12,20:15,Moderate,26.1
2974,Chennai,2023-12-23,18:00,Moderate,30.3
2975,Chennai,25-09-2023,09:45,Moderate,28.0
2976,Chennai,2024.06.25,10:30,Moderate,30.8
2977,Chennai,2023-05-09,08:45,High,18.4
2978,Chennai,2024.03.28,19:00,Severe,9.3
2979,Chennai,2023-04-04,12:00,High,13.7
2980,Chennai,09/06/2023,08:15,High,21.2
2981,Chennai,26/12/2024,16:00,Low,38.3
2982,Chennai,10-01-2024,21:00,Low,39.2
2983,Chennai,01/19/2024,08:00,Severe,10.3
2984,Chennai,2023.12.21,20:15,Moderate,28.1
2985,Chennai,22-08-2023,09:15,High,14.7
2986,Chennai,25/11/2023,04:30,Low,34.3
2987,Chennai,2023.10.11,06:00,Moderate,28.4
2988,Chennai,12-05-2024,01:00,Low,33.9
2989,Chennai,01-04-2024,08:45,Moderate,27.5
2990,Chennai,11/11/2023,09:15,Low,35.6
2991,Chennai,2024.04.15,10:00,Moderate,18.7
2992,Chennai,2023-09-17,17:30,High,21.6
2993,Chennai,01/17/2023,10:30,Severe,4.9
2994,Chennai,12/25/2023,06:30,Severe,3.0
2995,Chennai,30/07/2024,13:30,Moderate,18.4
2996,Chennai,15/02/2024,20:15,Severe,3.8
2997,Chennai,03/30/2023,14:15,Severe,7.9
2998,Chennai,2024-03-21,17:45,Low,36.2
2999,Chennai,2023.09.18,14:45,Low,36.5
3000,Chennai,08/22/2023,08:15,Moderate,33.2
3001,Chennai,26-04-2024,07:30,Low,42.7
3002,Chennai,2024.10.23,20:15,High,10.0
3003,Chennai,2024.12.04,10:45,Moderate,32.3
3004,Chennai,11-05-2024,14:15,Low,34.3
3005,Chennai,18/08/2024,11:15,Moderate,26.0
3006,Chennai,2024-05-27,17:00,Low,33.7
3007,Chennai,2023-01-02,20:00,Moderate,24.4
3008,Chennai,11/04/2024,15:30,Moderate,29.8
3009,Chennai,2024.03.14,08:30,High,9.4
3010,Chennai,27/01/2023,13:15,Low,31.7
3011,Chennai,18-03-2023,19:45,Severe,14.4
3012,Chennai,14-08-2023,17:30,Moderate,30.0
3013,Chennai,2024-07-29,20:30,Moderate,15.7
3014,Chennai,26/02/2024,20:15,High,16.0
3015,Chennai,06/21/2023,10:30,Moderate,21.6
3016,Chennai,04/30/2024,07:30,Severe,5.9
3017,Chennai,27-01-2023,15:45,Moderate,25.0
3018,Chennai,07/05/2023,20:15,High,7.7
3019,Chennai,22-05-2024,08:00,Moderate,31.8
3020,Chennai,10-05-2024,14:30,Low,25.5
3021,Chennai,23/02/2024,19:45,High,17.1
3022,Chennai,05/14/2024,19:15,Moderate,20.8
3023,Chennai,19-06-2023,08:30,Moderate,24.9
3024,Chennai,2024-11-10,10:15,Severe,3.0
3025,Chennai,03-02-2024,19:00,Severe,9.8
3026,Chennai,18/07/2024,17:30,Moderate,30.6
3027,Chennai,03-12-2023,04:45,Low,44.6
3028,Chennai,08-05-2024,01:15,Low,34.2
3029,Chennai,26-02-2023,09:15,Severe,11.9
3030,Chennai,2024-05-02,08:00,High,20.6
3031,Chennai,2024-08-23,22:45,Moderate,26.4
3032,Chennai,2024.04.27,23:15,Moderate,25.7
3033,Chennai,21-04-2023,18:45,Moderate,26.7
3034,Chennai,05/01/2024,07:30,Severe,7.0
3035,Chennai,2024-12-10,15:00,Moderate,27.4
3036,Chennai,02/08/2024,06:15,,11.4
3037,Chennai,2024-06-12,08:30,High,10.2
3038,Chennai,05/14/2024,08:30,High,11.7
3039,Chennai,18/09/2024,18:30,Moderate,27.1
3040,Chennai,14-09-2024,19:45,Severe,5.9
3041,Chennai,09/10/2024,16:15,Moderate,29.9
3042,Chennai,2023-02-10,12:45,Low,30.8
3043,Chennai,04/14/2024,14:15,Low,42.0
3044,Chennai,2023-01-28,18:30,High,4.8
3045,Chennai,05/01/2024,15:45,Low,37.9
3046,Chennai,12/06/2024,09:00,Severe,12.8
3047,Chennai,12/24/2023,19:00,High,15.3
3048,Chennai,11-07-2024,09:30,Moderate,33.2
3049,Chennai,2024-08-14,16:00,Moderate,23.3
3050,Chennai,07/23/2024,18:15,Low,83.8
3051,Chennai,2023-06-22,14:45,Moderate,26.5
3052,Chennai,17/10/2023,12:30,Severe,8.4
3053,Chennai,21/12/2024,09:30,Severe,6.8
3054,Chennai,02/18/2024,19:00,Moderate,20.8
3055,Chennai,2024.10.20,22:15,Moderate,21.5
3056,Chennai,2023-01-29,06:45,Low,31.4
3057,Chennai,07/26/2024,20:30,High,18.0
3058,Chennai,2023-11-09,06:15,Low,30.3
3059,Chennai,10/22/2024,02:15,Low,44.9
3060,Chennai,31-01-2024,16:00,Moderate,28.6
3061,Chennai,2024-06-19,18:30,Severe,6.1
3062,Chennai,2024-08-06,08:00,High,18.7
3063,Chennai,2023.06.09,09:15,Moderate,-33.3
3064,Chennai,2023.10.09,10:00,Severe,6.9
3065,Chennai,07/09/2023,07:30,Moderate,28.8
3066,Chennai,11/14/2024,13:15,Low,38.3
3067,Chennai,18/02/2024,18:00,High,19.4
3068,Chennai,17-10-2024,18:45,Moderate,25.0
3069,Chennai,08/05/2024,07:00,Moderate,18.9
3070,Chennai,12/31/2024,22:45,Low,35.8
3071,Chennai,04/05/2024,20:00,High,13.7
3072,Chennai,19-06-2024,13:45,Moderate,27.7
3073,Chennai,18-09-2024,02:30,Low,29.6
3074,Chennai,2024.05.04,17:00,Low,40.5
3075,Chennai,20/12/2024,18:30,High,12.1
3076,Chennai,14/08/2024,17:00,Moderate,35.1
3077,Chennai,31-01-2024,18:30,Severe,11.9
3078,Chennai,05/12/2023,10:00,Severe,4.0
3079,Chennai,2023-12-04,17:30,Moderate,22.4
3080,Chennai,2023.06.15,20:45,High,12.8
3081,Chennai,05/08/2023,11:45,Low,32.6
3082,Chennai,2023-02-28,20:45,Moderate,25.3
3083,Chennai,18/05/2023,19:45,Moderate,22.3
3084,Chennai,13-08-2023,08:15,Moderate,28.3
3085,Chennai,2024.06.19,11:15,Low,33.8
3086,Chennai,08/12/2023,22:45,High,20.2
3087,Chennai,07/13/2023,18:45,Severe,6.7
3088,Chennai,22-02-2024,17:15,Low,33.1
3089,Chennai,09/19/2023,06:45,Moderate,27.1
3090,Chennai,2023.03.30,09:15,High,17.6
3091,Chennai,2024.12.22,16:30,High,18.0
3092,Chennai,2024.03.23,15:15,Severe,11.3
3093,Chennai,2024-05-24,20:15,Low,36.4
3094,Chennai,2024-05-22,09:15,Severe,15.9
3095,Chennai,10/08/2023,08:30,Severe,8.6
3096,Chennai,15/08/2023,16:30,Severe,5.0
3097,Chennai,01-09-2024,10:00,High,21.0
3098,Chennai,23/01/2023,12:45,Severe,7.8
3099,Chennai,07/26/2024,17:00,Moderate,30.5
3100,Chennai,2023-11-30,12:30,Severe,12.5
3101,Chennai,09-02-2023,20:45,Moderate,18.4
3102,Chennai,02/16/2024,07:00,Low,39.9
3103,Chennai,2024.06.12,17:00,Low,39.2
3104,Chennai,01-08-2023,09:45,Severe,8.2
3105,Chennai,28-09-2023,06:15,Low,44.6
3106,Chennai,10/01/2023,19:15,Moderate,32.7
3107,Chennai,07/06/2024,17:00,Moderate,22.0
3108,Chennai,12/09/2024,20:30,Severe,3.0
3109,Chennai,15/11/2024,10:30,Moderate,30.8
3110,Chennai,2023-02-04,13:30,Moderate,28.5
3111,Chennai,2024-01-04,07:00,High,14.3
3112,Chennai,08/18/2023,08:45,High,18.3
3113,Chennai,29/10/2023,17:00,High,21.4
3114,Chennai,2023-11-27,12:30,Moderate,19.9
3115,Chennai,2024-09-24,19:00,High,18.3
3116,Chennai,06/16/2023,08:45,High,23.3
3117,Chennai,2024-01-20,14:30,High,28.7
3118,Chennai,2023-04-15,19:15,High,18.5
3119,Chennai,2023.07.14,09:15,Moderate,29.0
3120,Chennai,07/31/2024,08:15,High,14.0
3121,Chennai,2024.04.19,01:45,Low,35.4
3122,Chennai,27-04-2023,08:00,Severe,12.8
3123,Chennai,06/01/2024,19:30,High,7.6
3124,Chennai,2024-04-13,17:00,Moderate,28.5
3125,Chennai,2023.03.15,08:00,Severe,3.0
3126,Chennai,19-03-2024,19:15,Moderate,23.2
3127,Chennai,16/02/2024,03:45,Moderate,29.5
3128,Chennai,07/07/2023,16:45,Low,36.8
3129,Chennai,2024-12-22,11:30,Low,38.5
3130,Chennai,2024.11.10,08:45,High,13.2
3131,Chennai,26-08-2024,08:30,High,16.2
3132,Chennai,12/22/2023,15:45,Severe,3.6
3133,Chennai,06-08-2024,13:15,Severe,3.0
3134,Chennai,06/04/2023,18:30,Severe,103.0
3135,Chennai,28/07/2024,19:30,Moderate,17.3
3136,Chennai,2024.02.21,23:30,High,16.3
3137,Chennai,17/11/2023,07:30,Moderate,25.1
3138,Chennai,20/10/2024,17:00,Low,34.7
3139,Chennai,2023.09.19,13:00,Moderate,24.9
3140,Chennai,12-01-2024,18:15,Severe,8.4
3141,Chennai,23-07-2023,13:00,High,19.8
3142,Chennai,2023.04.01,07:00,Moderate,26.7
3143,Chennai,2024-10-11,19:45,High,13.7
3144,Chennai,2024.10.10,12:30,High,13.1
3145,Chennai,10/07/2023,06:15,Moderate,28.3
3146,Chennai,2024.11.07,10:30,Severe,3.3
3147,Chennai,08/25/2023,13:15,High,18.4
3148,Chennai,08/11/2023,08:00,High,21.7
3149,Chennai,21/09/2024,19:45,Severe,7.7
3150,Chennai,25-09-2024,11:45,Low,32.4
3151,Chennai,17/01/2024,16:00,Severe,6.5
3152,Chennai,2023.08.26,10:00,Moderate,30.1
3153,Chennai,2023.09.11,07:45,Low,38.4
3154,Chennai,02/04/2024,14:45,High,11.3
3155,Chennai,2024.03.09,06:00,Low,35.8
3156,Chennai,10-12-2023,08:30,Severe,9.8
3157,Chennai,22-02-2023,08:30,Severe,7.2
3158,Chennai,24-04-2023,18:30,High,20.4
3159,Chennai,20/04/2023,20:15,Severe,14.8
3160,Chennai,27-10-2024,20:45,High,16.9
3161,Chennai,19/04/2024,12:30,High,16.5
3162,Chennai,2024-10-01,18:45,High,21.8
3163,Chennai,2024-07-24,19:00,Severe,6.6
3164,Chennai,2023.10.21,18:45,High,16.2
3165,Chennai,30-04-2023,09:30,High,12.5
3166,Chennai,2023-11-01,14:00,Moderate,27.5
3167,Chennai,2023-11-19,10:00,Low,35.2
3168,Chennai,01/10/2024,22:00,Moderate,19.6
3169,Chennai,13-07-2024,16:30,Moderate,28.3
3170,Chennai,28/05/2023,09:15,High,22.7
3171,Chennai,09-12-2023,19:00,High,26.3
3172,Chennai,29-12-2024,09:15,Moderate,28.9
3173,Chennai,2024-12-16,12:30,Low,34.1
3174,Chennai,06/07/2023,15:00,High,20.2
3175,Chennai,2023.03.27,14:45,Moderate,24.2
3176,Chennai,31-10-2023,16:30,Low,41.3
3177,Chennai,2023.06.09,15:15,Moderate,25.3
3178,Chennai,2023-01-30,06:00,Moderate,26.7
3179,Chennai,2023-06-01,20:15,Low,33.2
3180,Chennai,29/12/2023,23:15,Severe,12.4
3181,Chennai,2024.10.08,12:30,Low,41.4
3182,Chennai,05/13/2023,06:30,Moderate,26.0
3183,Chennai,20/03/2023,03:30,Low,36.8
3184,Chennai,2024.12.20,20:30,High,12.8
3185,Chennai,2023.10.24,08:15,Moderate,22.8
3186,Chennai,2023-06-25,10:00,Moderate,25.7
3187,Chennai,13/10/2023,00:45,Low,41.8
3188,Chennai,2024.10.20,13:45,Low,37.2
3189,Chennai,23-12-2024,17:00,High,18.5
3190,Chennai,26-04-2023,11:45,Severe,14.5
3191,Chennai,2024-03-12,08:15,Moderate,25.2
3192,Chennai,2023.08.29,14:00,Moderate,16.9
3193,Chennai,2023-11-02,08:00,High,13.0
3194,Chennai,18-05-2023,10:45,Low,36.0
3195,Chennai,2023.11.23,07:00,Moderate,30.7
3196,Chennai,2024.12.26,15:30,Low,35.9
3197,Chennai,15-08-2023,18:15,High,19.2
3198,Chennai,06/29/2023,15:30,Moderate,32.9
3199,Chennai,12/03/2024,18:15,Severe,4.6
3200,Chennai,2024-09-09,20:45,Severe,3.0
3201,Chennai,2023.09.03,19:00,High,19.4
3202,Chennai,2023.09.05,06:15,Moderate,24.8
3203,Chennai,2023-07-24,07:00,Moderate,96.0
3204,Chennai,07/19/2024,09:45,High,11.2
3205,Chennai,2024.07.07,20:30,Severe,3.0
3206,Chennai,29-06-2023,18:00,Severe,13.3
3207,Chennai,06-02-2024,16:15,High,15.7
3208,Chennai,25-01-2024,18:30,Severe,3.0
3209,Chennai,19/09/2024,18:45,Severe,10.4
3210,Chennai,12/07/2024,19:30,High,16.1
3211,Chennai,2024.07.07,19:30,Severe,3.0
3212,Chennai,10-12-2023,12:30,High,7.7
3213,Chennai,12/05/2023,17:45,Low,39.3
3214,Chennai,17/11/2023,16:30,Moderate,27.2
3215,Chennai,2024.10.29,20:00,High,22.8
3216,Chennai,19/06/2024,17:15,Moderate,19.9
3217,Chennai,2024-01-25,08:30,High,26.2
3218,Chennai,2023-10-21,10:30,Low,32.7
3219,Chennai,2023.01.16,16:45,Moderate,25.9
3220,Chennai,2024-05-16,01:00,High,12.0
3221,Chennai,02/03/2024,23:00,Moderate,18.6
3222,Chennai,18-12-2023,08:30,Severe,7.1
3223,Chennai,2023.06.23,02:45,Moderate,28.5
3224,Chennai,06/21/2024,13:15,Moderate,25.2
3225,Chennai,2024.11.11,01:45,High,20.2
3226,Chennai,2023-11-28,11:45,Low,42.9
3227,Chennai,10-12-2023,19:15,Severe,10.4
3228,Chennai,26-05-2023,08:30,High,12.9
3229,Chennai,2024-08-02,17:00,Low,36.3
3230,Chennai,2024.06.30,09:30,High,21.9
3231,Chennai,2023.05.02,15:45,Low,35.4
3232,Chennai,2024-06-19,17:15,High,17.5
3233,Chennai,12/28/2024,21:00,Moderate,33.3
3234,Chennai,2023.02.18,14:00,High,21.0
3235,Chennai,2024.10.29,13:00,Moderate,23.5
3236,Chennai,2023-08-26,22:15,Moderate,27.3
3237,Chennai,2023-11-03,17:00,Moderate,30.5
3238,Chennai,29/09/2023,11:15,Low,32.4
3239,Chennai,2024.05.04,17:30,High,17.5
3240,Chennai,05/26/2024,14:30,Low,37.4
3241,Chennai,2024-10-29,12:30,Moderate,28.7
3242,Chennai,2024-09-24,19:45,High,8.7
3243,Chennai,18-10-2024,12:30,High,15.7
3244,Chennai,04/22/2023,17:15,Low,31.5
3245,Chennai,2023.06.28,18:15,High,13.4
3246,Chennai,24/05/2023,09:45,High,15.6
3247,Chennai,17/03/2023,13:00,Low,42.1
3248,Chennai,18/12/2024,11:30,Moderate,28.7
3249,Chennai,2024.01.22,17:30,High,12.4
3250,Chennai,08/24/2024,17:30,Low,38.2
3251,Chennai,2023.10.15,15:15,High,18.7
3252,Chennai,2024.08.01,03:00,Moderate,25.5
3253,Chennai,16/03/2023,11:30,Moderate,23.7
3254,Chennai,2024-10-28,10:45,Moderate,-24.8
3255,Chennai,15/09/2023,07:30,High,20.5
3256,Chennai,13-03-2024,18:15,High,12.1
3257,Chennai,11/02/2023,21:30,Low,40.7
3258,Chennai,2024.05.18,14:45,Low,37.2
3259,Chennai,07/12/2023,13:15,Low,41.5
3260,Chennai,23/06/2023,11:00,Low,45.0
3261,Chennai,30/05/2024,19:15,Severe,11.2
3262,Chennai,25/04/2024,13:30,Low,42.2
3263,Chennai,03-05-2024,07:15,Moderate,31.2
3264,Chennai,2023.05.14,19:15,High,17.7
3265,Chennai,26-12-2023,09:00,Severe,14.4
3266,Chennai,2023.05.17,17:15,Moderate,15.9
3267,Chennai,12/06/2024,12:15,Low,38.5
3268,Chennai,08/10/2023,10:15,,35.4
3269,Chennai,03/12/2023,21:15,Low,37.3
3270,Chennai,24/02/2023,03:00,Moderate,26.1
3271,Chennai,25-10-2023,23:45,Low,38.0
3272,Chennai,25/05/2023,08:15,High,20.5
3273,Chennai,2024-10-15,19:00,Severe,4.8
3274,Chennai,2023.03.22,11:00,Moderate,19.0
3275,Chennai,2023.06.04,18:00,Severe,15.5
3276,Chennai,2024-02-23,07:15,Moderate,22.7
3277,Chennai,12/14/2024,11:15,Moderate,29.9
3278,Chennai,25/08/2023,21:45,Moderate,34.8
3279,Chennai,2023-05-16,16:00,Low,45.6
3280,Chennai,2023.03.23,14:00,High,22.3
3281,Chennai,2024.03.01,08:15,Moderate,23.1
3282,Chennai,21/03/2024,11:45,Low,38.9
3283,Chennai,2024-03-01,09:00,Moderate,27.0
3284,Chennai,2024-02-06,18:30,Moderate,21.8
3285,Chennai,2024-08-05,21:15,Moderate,28.2
3286,Chennai,04/04/2023,08:30,Moderate,34.3
3287,Chennai,18/04/2023,13:30,Moderate,33.8
3288,Chennai,17-04-2023,20:45,Severe,9.2
3289,Chennai,10/12/2023,19:00,High,26.1
3290,Chennai,22-05-2024,18:30,High,8.3
3291,Chennai,08/21/2023,13:45,High,26.3
3292,Chennai,11/20/2024,14:15,Low,33.5
3293,Chennai,2023.11.10,17:00,High,11.7
3294,Chennai,11/23/2023,12:45,Moderate,27.3
3295,Chennai,25/12/2023,22:15,Moderate,23.8
3296,Chennai,2024-01-01,03:00,Low,37.0
3297,Chennai,2023.09.27,07:15,Low,41.1
3298,Chennai,2024-04-30,19:45,Moderate,28.9
3299,Chennai,2024-03-12,11:30,High,11.4
3300,Chennai,2023-06-23,14:00,Moderate,31.6
3301,Chennai,05-03-2024,09:00,Moderate,29.2
3302,Chennai,12-07-2023,14:45,Low,34.7
3303,Chennai,27/12/2024,12:15,Moderate,22.2
3304,Chennai,2023-11-01,08:30,Severe,3.0
3305,Chennai,15-01-2023,17:15,High,12.9
3306,Chennai,22/08/2023,19:30,High,23.5
3307,Chennai,10/15/2024,19:00,Severe,3.0
3308,Chennai,27/11/2023,07:15,Low,-36.3
3309,Chennai,12/03/2023,11:15,High,22.2
3310,Chennai,2024-04-16,19:30,High,16.2
3311,Chennai,26-01-2024,07:00,Moderate,24.8
3312,Chennai,2024-11-26,08:45,Moderate,27.8
3313,Chennai,2024.05.19,20:00,High,19.7
3314,Chennai,02/28/2024,20:15,Moderate,30.4
3315,Chennai,04/25/2024,14:45,Severe,13.9
3316,Chennai,03/15/2024,10:45,High,13.5
3317,Chennai,2023.11.22,20:00,Severe,4.7
3318,Chennai,21/11/2023,10:00,Moderate,30.1
3319,Chennai,04-04-2023,08:30,Moderate,18.8
3320,Chennai,2023.08.16,11:00,Severe,12.9
3321,Chennai,2024-03-08,09:15,Severe,10.4
3322,Chennai,10-12-2023,18:00,Severe,16.9
3323,Chennai,2024.09.21,17:15,Moderate,31.0
3324,Chennai,11/23/2023,22:30,Low,29.1
3325,Chennai,2024-07-01,04:15,High,17.1
3326,Chennai,11/12/2024,19:00,Severe,3.0
3327,Chennai,06-05-2024,14:30,Moderate,35.9
3328,Chennai,19/09/2023,19:45,Severe,10.4
3329,Chennai,06-05-2024,19:00,Moderate,25.2
3330,Chennai,14/10/2024,19:00,Moderate,25.5
3331,Chennai,11-03-2023,08:30,High,15.3
3332,Chennai,09/28/2023,14:00,Moderate,35.3
3333,Chennai,26/08/2024,11:00,Low,36.2
3334,Chennai,2023-05-04,07:00,Low,36.7
3335,Chennai,23/04/2024,12:15,Moderate,26.5
3336,Chennai,28-10-2023,07:00,High,19.7
3337,Chennai,25-02-2023,13:30,Low,40.3
3338,Chennai,26/04/2023,21:30,High,11.1
3339,Chennai,27-11-2024,06:45,Severe,5.7
3340,Chennai,10/16/2024,19:30,High,15.0
3341,Chennai,02/22/2023,07:45,High,8.5
3342,Chennai,23/10/2023,20:00,High,18.6
3343,Chennai,2024.05.10,16:45,High,22.5
3344,Chennai,2024-05-28,13:45,Moderate,29.4
3345,Chennai,12/02/2024,14:45,Low,42.8
3346,Chennai,2024-06-30,19:45,Moderate,35.3
3347,Chennai,01/09/2024,16:30,Moderate,27.5
3348,Chennai,2023.06.25,19:00,Severe,11.0
3349,Chennai,2024-09-20,19:45,High,18.9
3350,Chennai,01-09-2024,17:45,Moderate,20.9
3351,Chennai,21/06/2024,20:15,High,14.2
3352,Chennai,2023-10-23,18:00,Severe,12.7
3353,Chennai,2024-04-08,12:15,Low,37.1
3354,Chennai,04/09/2023,18:30,Moderate,24.7
3355,Chennai,2024-05-23,09:30,Severe,3.0
3356,Chennai,18-09-2024,18:30,High,18.3
3357,Chennai,26-07-2023,20:00,High,8.4
3358,Chennai,01/21/2024,15:15,Severe,12.8
3359,Chennai,04-07-2024,16:45,Moderate,34.2
3360,Chennai,05-07-2024,19:15,Moderate,28.8
3361,Chennai,2024-08-22,06:15,Moderate,28.5
3362,Chennai,2023.06.25,09:00,High,19.3
3363,Chennai,2024-03-31,17:00,Moderate,30.4
3364,Chennai,02/06/2023,12:00,Moderate,23.7
3365,Chennai,02-02-2023,07:15,Low,41.1
3366,Chennai,04-09-2024,13:15,Moderate,20.9
3367,Chennai,2023.01.09,07:15,Severe,7.7
3368,Chennai,2023-09-22,23:00,Low,32.5
3369,Chennai,26-04-2023,08:15,High,4.4
3370,Chennai,2024-12-17,11:45,High,21.0
3371,Chennai,2024-11-03,10:30,Low,36.1
3372,Chennai,2023.09.26,09:00,Low,40.7
3373,Chennai,2024-01-05,23:00,Low,46.4
3374,Chennai,23-02-2024,19:45,High,18.1
3375,Chennai,01/19/2024,18:45,Severe,7.2
3376,Chennai,08/30/2023,02:15,Low,44.2
3377,Chennai,2023.07.25,08:00,High,17.1
3378,Chennai,10-10-2024,09:15,Moderate,28.1
3379,Chennai,2024.11.16,20:30,Moderate,20.1
3380,Chennai,12/05/2024,16:30,Low,37.2
3381,Chennai,11/02/2023,07:15,High,12.4
3382,Chennai,17/08/2024,15:00,Moderate,30.0
3383,Chennai,06/20/2023,23:15,Moderate,25.0
3384,Chennai,08/08/2024,15:45,Severe,3.0
3385,Chennai,19-05-2024,12:15,Moderate,23.0
3386,Chennai,06/02/2023,16:30,Moderate,34.0
3387,Chennai,2023-08-19,00:15,High,13.9
3388,Chennai,2023.05.17,23:00,,23.9
3389,Chennai,12/11/2024,07:30,High,82.4
3390,Chennai,2023.04.30,11:15,Low,36.0
3391,Chennai,11/01/2024,08:15,,20.0
3392,Chennai,12/01/2024,07:30,Low,30.5
3393,Chennai,20/05/2023,18:45,Moderate,30.4
3394,Chennai,22/09/2023,10:30,Moderate,31.1
3395,Chennai,04/06/2024,07:15,Severe,4.1
3396,Chennai,2024.06.07,19:00,Low,33.3
3397,Chennai,2023.10.22,18:00,Severe,5.7
3398,Chennai,01/22/2023,16:15,Low,30.9
3399,Chennai,2024.10.16,17:15,Moderate,20.7
3400,Chennai,26-01-2024,11:30,Moderate,15.9
3401,Chennai,02/01/2023,02:00,Moderate,28.7
3402,Chennai,2024-06-17,15:00,Moderate,34.2
3403,Chennai,2024-05-01,18:30,High,11.6
3404,Chennai,2024-10-10,20:00,High,29.1
3405,Chennai,2024.10.17,20:45,Severe,6.8
3406,Chennai,13-06-2024,19:45,Severe,11.8
3407,Chennai,09-06-2023,23:30,Severe,6.8
3408,Chennai,19/08/2023,19:15,Severe,3.3
3409,Chennai,30-06-2024,18:45,Low,27.4
3410,Chennai,31/12/2023,08:00,High,13.8
3411,Chennai,11/03/2023,17:00,High,19.1
3412,Chennai,04/10/2023,21:45,Moderate,23.4
3413,Chennai,03/06/2024,07:30,Moderate,28.8
3414,Chennai,18-10-2023,07:15,High,13.3
3415,Chennai,11/13/2024,16:00,Moderate,31.7
3416,Chennai,2023.07.01,10:30,High,19.7
3417,Chennai,2024-11-12,17:45,Moderate,28.5
3418,Chennai,01/16/2023,17:15,High,11.2
3419,Chennai,2024.08.14,10:30,Severe,9.5
3420,Chennai,19-11-2024,18:15,Severe,8.4
3421,Chennai,2023-03-11,21:30,Low,37.2
3422,Chennai,03/08/2024,17:30,Moderate,24.9
3423,Chennai,2024.02.25,15:30,High,13.0
3424,Chennai,2024.10.11,18:45,High,21.2
3425,Chennai,2023-04-06,16:45,High,16.9
3426,Chennai,2023.03.27,11:45,Moderate,29.2
3427,Chennai,31/05/2023,15:15,Moderate,27.7
3428,Chennai,09/07/2023,06:45,Moderate,30.0
3429,Chennai,04/01/2024,07:45,Low,43.3
3430,Chennai,2023-11-01,09:30,Moderate,24.7
3431,Chennai,2024.09.16,18:15,High,13.7
3432,Chennai,27/03/2023,09:00,Low,38.7
3433,Chennai,2024.12.18,01:15,Low,41.1
3434,Chennai,2024.02.22,15:15,Low,47.3
3435,Chennai,17/11/2023,10:15,High,12.2
3436,Chennai,23/10/2023,14:00,Low,39.9
3437,Chennai,2024-05-05,05:00,Low,39.8
3438,Chennai,29/05/2024,18:45,Severe,12.0
3439,Chennai,06/07/2023,17:45,Moderate,26.0
3440,Chennai,30/05/2024,20:30,Severe,5.8
3441,Chennai,2024-06-10,05:15,Moderate,28.8
3442,Chennai,2023-06-11,10:15,Moderate,-24.4
3443,Chennai,2024.03.26,10:00,Moderate,30.5
3444,Chennai,2023-12-06,09:45,Moderate,20.4
3445,Chennai,2024.08.05,17:30,High,19.9
3446,Chennai,18/08/2023,16:45,High,15.6
3447,Chennai,10/15/2023,22:45,Moderate,24.9
3448,Chennai,2024.08.03,07:45,Moderate,24.1
3449,Chennai,01/09/2023,13:15,Low,37.9
3450,Chennai,12/27/2023,13:45,Low,29.8
3451,Chennai,2023-08-20,19:30,High,16.6
3452,Chennai,11/26/2023,07:30,High,13.8
3453,Chennai,16-08-2024,17:30,Moderate,30.5
3454,Chennai,2024.03.17,16:15,Severe,9.0
3455,Chennai,15-12-2024,16:45,High,22.3
3456,Chennai,2024.12.23,21:00,Low,26.3
3457,Chennai,2024-03-18,17:00,Low,28.0
3458,Chennai,18/08/2024,08:45,High,23.2
3459,Chennai,2024-03-02,18:15,Low,42.4
3460,Chennai,05/09/2024,08:45,High,4.1
3461,Chennai,04-02-2024,18:30,High,14.0
3462,Chennai,07/04/2023,13:00,High,17.2
3463,Chennai,07/20/2024,12:45,Moderate,27.9
3464,Chennai,23-09-2023,10:30,High,14.9
3465,Chennai,07-09-2024,15:15,Moderate,22.3
3466,Chennai,09/13/2023,08:45,High,11.4
3467,Chennai,2023-03-21,09:15,Low,49.0
3468,Chennai,2024-05-20,22:30,Moderate,27.5
3469,Chennai,2024-11-29,05:15,Moderate,21.2
3470,Chennai,04-02-2024,12:30,Low,38.9
3471,Chennai,15-01-2024,10:30,Moderate,33.4
3472,Chennai,2024.07.08,17:15,Low,43.3
3473,Chennai,07/04/2024,13:45,High,10.4
3474,Chennai,07/05/2024,17:45,High,9.6
3475,Chennai,2024.05.30,17:30,Low,38.0
3476,Chennai,12/02/2023,18:00,Severe,6.9
3477,Chennai,2023.08.21,12:30,Moderate,33.7
3478,Chennai,05/03/2023,10:30,Severe,9.7
3479,Chennai,17-09-2023,20:30,High,96.5
3480,Chennai,05/10/2024,12:45,High,10.3
3481,Chennai,01/10/2024,19:15,Severe,8.0
3482,Chennai,18-03-2024,15:00,High,25.9
3483,Chennai,20-06-2023,07:00,High,10.1
3484,Chennai,03-05-2024,19:45,High,8.0
3485,Chennai,23-06-2023,19:15,Moderate,23.5
3486,Chennai,11/10/2024,17:15,Moderate,107.7
3487,Chennai,2024-10-23,18:15,Moderate,27.7
3488,Chennai,14-07-2024,07:30,Moderate,22.0
3489,Chennai,05/05/2024,04:15,Low,40.0
3490,Chennai,08/11/2024,18:45,High,12.0
3491,Chennai,14-06-2023,19:45,Severe,10.7
3492,Chennai,05-03-2023,15:15,Low,39.2
3493,Chennai,11/18/2023,12:15,Severe,5.4
3494,Chennai,2023.10.04,07:15,Low,37.0
3495,Chennai,04/01/2024,22:30,,36.4
3496,Chennai,05/02/2023,09:30,High,8.3
3497,Chennai,2024-01-12,17:00,Low,36.5
3498,Chennai,12/12/2023,08:30,High,92.5
3499,Chennai,04/17/2023,08:15,High,21.8
3500,Chennai,2024-10-03,07:15,Moderate,33.9
3501,Chennai,2023.04.07,12:45,Low,40.2
3502,Chennai,09/17/2023,08:15,High,13.7
3503,Chennai,06/18/2024,21:30,Moderate,33.1
3504,Chennai,29/05/2024,19:15,Severe,3.0
3505,Chennai,25-06-2024,15:00,Moderate,28.2
3506,Chennai,10/06/2023,18:30,Moderate,27.1
3507,Chennai,2024-09-06,18:45,Low,35.7
3508,Chennai,2024-05-18,19:30,Severe,8.1
3509,Chennai,26/02/2023,18:30,Severe,3.0
3510,Chennai,2023-02-20,15:15,Moderate,37.1
3511,Chennai,10/09/2024,06:15,Low,33.8
3512,Chennai,07/02/2024,20:00,Moderate,30.9
3513,Chennai,2024.06.11,09:15,High,11.9
3514,Chennai,2023-11-06,09:30,Severe,4.5
3515,Chennai,2024-09-02,18:30,High,21.7
3516,Chennai,10/04/2023,05:30,Low,31.3
3517,Chennai,08-05-2023,17:45,Moderate,25.5
3518,Chennai,30/08/2023,03:15,Low,41.2
3519,Chennai,2024-07-10,07:30,Low,37.6
3520,Chennai,07/26/2024,13:15,Moderate,31.5
3521,Chennai,09/11/2023,16:30,Moderate,27.6
3522,Chennai,20-03-2024,08:30,Severe,8.4
3523,Chennai,2023-12-03,09:15,Moderate,34.0
3524,Chennai,27/08/2023,19:45,High,11.0
3525,Chennai,10-06-2023,05:15,Moderate,24.7
3526,Chennai,02-08-2023,10:30,High,14.8
3527,Chennai,18-05-2024,06:30,Moderate,33.7
3528,Chennai,2024.06.18,03:00,Moderate,19.6
3529,Chennai,23/05/2024,18:15,Severe,16.6
3530,Chennai,12/04/2023,06:00,Moderate,27.3
3531,Chennai,08-07-2023,06:30,Severe,6.0
3532,Chennai,02/27/2023,23:30,Low,38.0
3533,Chennai,09/12/2024,18:15,Severe,9.3
3534,Chennai,2024-07-30,15:30,Moderate,34.0
3535,Chennai,06/10/2024,18:15,Severe,14.4
3536,Chennai,12-07-2024,08:15,High,11.6
3537,Chennai,21/02/2023,06:30,Moderate,32.0
3538,Chennai,2023.09.07,17:00,Low,42.7
3539,Chennai,03/31/2023,18:30,High,16.6
3540,Chennai,2024.09.27,10:45,Low,42.1
3541,Chennai,2024.01.16,08:30,High,23.7
3542,Chennai,2024-05-05,08:30,High,12.3
3543,Chennai,2024-07-29,18:15,Severe,11.8
3544,Chennai,2024-04-17,08:15,High,9.1
3545,Chennai,2024-01-27,11:15,Moderate,113.6
3546,Chennai,2023-02-13,18:15,High,17.7
3547,Chennai,01/03/2023,15:15,Low,36.0
3548,Chennai,2023-09-02,13:15,Low,39.1
3549,Chennai,03/08/2023,19:00,Severe,3.0
3550,Chennai,2024.03.29,19:45,High,17.0
3551,Chennai,06-03-2024,22:00,Low,87.9
3552,Chennai,06-10-2023,20:15,High,25.0
3553,Chennai,2024-01-22,05:00,Moderate,31.6
3554,Chennai,09/06/2023,08:00,Severe,5.5
3555,Chennai,31-05-2023,19:15,Severe,8.9
3556,Chennai,2024.05.12,10:45,Moderate,31.5
3557,Chennai,2024.08.22,10:45,Severe,12.4
3558,Chennai,25/03/2024,16:45,Low,32.9
3559,Chennai,2023-12-03,06:15,Moderate,27.0
3560,Chennai,2024-12-31,08:00,Severe,16.9
3561,Chennai,02/17/2024,10:00,Moderate,27.4
3562,Chennai,07/09/2024,09:15,Severe,14.1
3563,Chennai,17-04-2023,13:00,Moderate,29.2
3564,Chennai,16/02/2024,16:45,Moderate,25.3
3565,Chennai,2024-10-26,07:15,High,18.7
3566,Chennai,04/17/2024,14:45,High,11.8
3567,Chennai,2023-10-02,06:45,Severe,12.3
3568,Chennai,2023.05.23,14:45,Low,106.5
3569,Chennai,04/08/2023,08:45,Moderate,24.7
3570,Chennai,2023.07.20,12:45,Moderate,29.4
3571,Chennai,06/02/2023,04:15,Low,37.5
3572,Chennai,21/07/2023,09:45,High,5.9
3573,Chennai,25-05-2023,09:15,Severe,8.8
3574,Chennai,2023-07-16,16:15,Low,35.0
3575,Chennai,09-04-2024,17:00,High,23.9
3576,Chennai,2023.02.21,11:15,Moderate,27.3
3577,Chennai,05/01/2023,07:00,Moderate,35.6
3578,Chennai,2024.02.26,12:30,Moderate,22.9
3579,Chennai,2024-08-07,20:30,Severe,16.0
3580,Chennai,2024-07-28,08:45,Moderate,27.5
3581,Chennai,17/10/2024,18:30,Moderate,111.9
3582,Chennai,06-05-2024,07:00,High,16.5
3583,Chennai,2023.01.18,08:45,Severe,6.0
3584,Chennai,16/08/2023,09:30,High,19.7
3585,Chennai,2024-05-27,14:15,Moderate,27.6
3586,Chennai,2023.07.17,10:00,Moderate,28.3
3587,Chennai,08-01-2023,09:30,Moderate,25.6
3588,Chennai,12/08/2024,00:30,Low,34.7
3589,Chennai,2024-06-26,07:00,Low,33.5
3590,Chennai,14/11/2023,08:45,Severe,-5.3
3591,Chennai,2024.09.21,12:00,Severe,8.4
3592,Chennai,16/07/2023,05:30,Moderate,26.2
3593,Chennai,03/24/2024,20:45,High,12.6
3594,Chennai,05/26/2024,12:30,High,19.4
3595,Chennai,18/11/2023,13:45,Severe,101.1
3596,Chennai,2024-05-26,08:45,Moderate,28.7
3597,Chennai,2024.11.21,13:45,High,22.1
3598,Chennai,20-04-2023,17:15,Moderate,34.8
3599,Chennai,2023-05-26,09:15,High,7.3
3600,Chennai,16/09/2024,06:00,Low,32.8
3601,Chennai,2023-11-28,09:00,Low,29.8
3602,Chennai,26/07/2023,16:15,High,18.4
3603,Chennai,2024.01.08,15:00,Moderate,38.2
3604,Chennai,01/15/2024,17:45,Low,29.7
3605,Chennai,2024-04-04,23:30,Low,38.8
3606,Chennai,11/21/2024,11:15,Low,37.9
3607,Chennai,06/15/2023,09:00,High,19.5
3608,Chennai,19/06/2023,09:30,Severe,3.0
3609,Chennai,08/26/2023,21:30,High,20.1
3610,Chennai,02/02/2024,17:00,Low,30.7
3611,Chennai,22/09/2024,19:15,High,9.8
3612,Chennai,2024.09.16,07:15,Moderate,32.2
3613,Chennai,03/03/2023,13:15,Moderate,28.1
3614,Chennai,02/28/2023,10:30,Moderate,27.6
3615,Chennai,19-04-2023,20:15,High,16.9
3616,Chennai,07/24/2023,18:00,Moderate,25.4
3617,Chennai,2023.02.18,12:45,Low,36.4
3618,Chennai,29/10/2024,10:15,Moderate,25.6
3619,Chennai,02/28/2024,15:00,Moderate,30.8
3620,Chennai,2023.05.01,12:30,Severe,7.5
3621,Chennai,09/10/2024,18:15,High,13.1
3622,Chennai,05/13/2024,10:30,Low,36.5
3623,Chennai,04/28/2023,19:15,Severe,9.2
3624,Chennai,2024-05-11,10:00,Moderate,26.6
3625,Chennai,08-05-2024,20:15,Moderate,30.9
3626,Chennai,11/07/2024,10:45,Low,37.7
3627,Chennai,25-01-2024,07:15,Moderate,24.5
3628,Chennai,07/13/2024,17:00,Moderate,34.2
3629,Chennai,03/08/2023,15:00,Severe,13.2
3630,Chennai,12/01/2024,10:15,Moderate,28.3
3631,Chennai,11-11-2024,17:15,Moderate,28.4
3632,Chennai,16-02-2024,06:15,Low,28.6
3633,Chennai,05/01/2024,10:45,Moderate,25.7
3634,Chennai,20-06-2024,10:15,Low,32.7
3635,Chennai,08/09/2024,07:30,High,24.3
3636,Chennai,2024.06.24,14:00,Moderate,30.8
3637,Chennai,2024-07-24,17:15,Moderate,29.5
3638,Chennai,2024-09-17,17:15,Severe,5.7
3639,Chennai,2023-12-11,17:30,Moderate,29.1
3640,Chennai,06/21/2024,16:00,High,20.9
3641,Chennai,21-02-2024,10:00,Low,36.7
3642,Chennai,11/05/2023,16:15,Low,35.4
3643,Chennai,18-10-2024,08:00,Severe,13.9
3644,Chennai,11-10-2024,10:00,Low,37.7
3645,Chennai,2024.02.05,07:45,Low,43.2
3646,Chennai,21-06-2023,10:00,Moderate,26.2
3647,Chennai,28-07-2023,08:30,Moderate,23.2
3648,Chennai,2024.07.09,09:30,Moderate,22.7
3649,Chennai,2024-02-03,11:45,Moderate,26.4
3650,Chennai,18-05-2024,19:30,High,12.1
3651,Chennai,2024-07-21,19:30,Severe,14.2
3652,Chennai,2023-11-09,12:30,Severe,10.0
3653,Chennai,2024.11.11,20:15,Moderate,18.0
3654,Chennai,21/08/2024,07:45,Moderate,27.1
3655,Chennai,21/06/2023,12:00,High,17.4
3656,Chennai,10-02-2024,20:15,Severe,-9.9
3657,Chennai,2024-11-08,23:00,Low,30.2
3658,Chennai,24-06-2024,17:30,Moderate,25.2
3659,Chennai,08/28/2024,14:45,Moderate,27.0
3660,Chennai,2023-12-04,13:30,Moderate,26.4
3661,Chennai,08/26/2024,07:00,High,20.1
3662,Chennai,2023-08-28,04:45,Low,35.5
3663,Chennai,16/07/2023,09:45,Severe,13.3
3664,Chennai,10/05/2024,14:00,Low,35.5
3665,Chennai,01/05/2023,07:45,Severe,8.9
3666,Chennai,2024.01.18,08:30,Severe,8.8
3667,Chennai,07-03-2023,07:00,Severe,10.3
3668,Chennai,13/11/2024,12:45,Severe,13.2
3669,Chennai,23/05/2023,10:30,High,11.5
3670,Chennai,23-02-2023,12:15,Moderate,21.2
3671,Chennai,18-09-2024,19:30,Moderate,27.0
3672,Chennai,10/08/2024,12:45,Low,37.7
3673,Chennai,10-04-2024,18:15,Severe,15.2
3674,Chennai,2023-02-09,09:00,High,12.2
3675,Kolkata,01-02-2024,06:00,Severe,8.6
3676,Kolkata,31/05/2024,08:30,Severe,3.3
3677,Kolkata,04/09/2024,19:15,High,3.7
3678,Kolkata,28/09/2024,14:00,Moderate,20.3
3679,Kolkata,12/12/2024,16:45,Moderate,26.7
3680,Kolkata,09/19/2023,07:30,Moderate,35.1
3681,Kolkata,2024-04-04,13:45,Moderate,15.2
3682,Kolkata,2023-01-17,11:30,Low,88.2
3683,Kolkata,2023-06-03,08:30,High,18.8
3684,Kolkata,2023.09.27,10:30,High,29.8
3685,Kolkata,08/30/2024,07:00,High,91.3
3686,Kolkata,03-03-2024,18:30,Severe,11.5
3687,Kolkata,31-08-2024,16:45,,38.4
3688,Kolkata,09-08-2023,08:00,High,15.8
3689,Kolkata,2023.11.12,09:15,High,14.1
3690,Kolkata,02/10/2023,21:45,Moderate,29.4
3691,Kolkata,25/06/2024,20:15,Severe,13.2
3692,Kolkata,20/11/2024,08:15,High,22.8
3693,Kolkata,10/31/2023,17:15,High,3.0
3694,Kolkata,2024-09-12,18:30,Severe,4.8
3695,Kolkata,25-01-2023,10:45,Low,44.4
3696,Kolkata,2024-09-24,15:15,Low,42.0
3697,Kolkata,09/11/2023,18:15,High,14.9
3698,Kolkata,2024.05.03,21:30,Low,41.4
3699,Kolkata,05/22/2024,20:00,High,20.2
3700,Kolkata,12/02/2024,10:15,Low,33.3
3701,Kolkata,2024-07-08,10:00,Moderate,38.5
3702,Kolkata,12/18/2024,18:00,High,22.3
3703,Kolkata,11/07/2023,18:00,Moderate,30.5
3704,Kolkata,16/11/2023,15:15,High,17.3
3705,Kolkata,03/11/2023,19:30,High,14.5
3706,Kolkata,12-12-2023,15:45,High,17.1
3707,Kolkata,2023-03-04,00:30,Severe,8.8
3708,Kolkata,16-08-2024,18:30,Severe,3.0
3709,Kolkata,22/12/2024,18:15,Moderate,23.7
3710,Kolkata,11-01-2023,20:30,Low,37.2
3711,Kolkata,2024-12-31,08:45,High,16.9
3712,Kolkata,2024-07-08,12:30,High,15.4
3713,Kolkata,2023-09-15,10:30,Moderate,29.7
3714,Kolkata,21-02-2023,12:00,Moderate,37.2
3715,Kolkata,12/07/2024,08:00,Severe,9.1
3716,Kolkata,2024.09.27,17:00,Low,33.5
3717,Kolkata,07/20/2023,18:15,High,17.9
3718,Kolkata,2023-03-05,08:15,High,15.4
3719,Kolkata,18/01/2023,09:00,High,13.4
3720,Kolkata,2023-03-17,05:15,Low,44.5
3721,Kolkata,2024-09-22,02:45,Low,39.3
3722,Kolkata,2024.03.04,19:45,High,17.2
3723,Kolkata,2024.05.19,08:45,Moderate,39.3
3724,Kolkata,31/10/2024,07:15,Moderate,32.1
3725,Kolkata,02/09/2023,09:00,Severe,8.8
3726,Kolkata,2024.01.29,19:45,Moderate,28.6
3727,Kolkata,10/05/2023,13:15,Moderate,23.6
3728,Kolkata,2024.10.12,16:30,Severe,3.0
3729,Kolkata,2024.03.22,14:00,Moderate,20.5
3730,Kolkata,2023.11.15,19:45,Low,34.3
3731,Kolkata,2023.07.24,10:30,Low,38.3
3732,Kolkata,01/18/2024,15:45,Low,40.4
3733,Kolkata,01-11-2023,14:15,Moderate,13.4
3734,Kolkata,20-01-2024,19:45,Moderate,26.7
3735,Kolkata,18-08-2024,13:00,Severe,3.0
3736,Kolkata,2024-02-22,23:00,High,14.7
3737,Kolkata,30/01/2024,17:30,Low,39.7
3738,Kolkata,2023-09-02,14:45,Low,38.1
3739,Kolkata,06/05/2023,19:00,Moderate,33.5
3740,Kolkata,2023-10-26,09:45,Moderate,21.0
3741,Kolkata,2023-12-10,08:15,Severe,5.6
3742,Kolkata,2024.01.19,07:45,Moderate,31.8
3743,Kolkata,2024-12-17,11:45,Moderate,26.1
3744,Kolkata,2023.09.03,18:00,Severe,9.3
3745,Kolkata,2024-05-28,13:15,Low,40.8
3746,Kolkata,2024.11.03,18:30,High,22.8
3747,Kolkata,02-03-2023,19:30,High,8.9
3748,Kolkata,03/23/2024,16:30,Low,32.9
3749,Kolkata,06/25/2024,17:15,High,6.1
3750,Kolkata,29-05-2023,11:45,High,16.1
3751,Kolkata,2024.05.27,11:00,Moderate,25.1
3752,Kolkata,2023.05.28,06:30,Severe,3.8
3753,Kolkata,04/20/2024,13:45,Severe,10.7
3754,Kolkata,2024-01-07,07:00,Moderate,27.6
3755,Kolkata,2024.05.31,13:30,Moderate,33.1
3756,Kolkata,10-11-2024,09:00,High,13.8
3757,Kolkata,2023-11-05,00:30,High,9.3
3758,Kolkata,2024-11-23,20:30,High,21.3
3759,Kolkata,2024-07-06,11:00,Low,34.9
3760,Kolkata,2023-01-10,09:45,High,12.7
3761,Kolkata,28-12-2024,18:45,High,30.6
3762,Kolkata,15/10/2023,11:45,High,21.9
3763,Kolkata,2024.02.12,14:00,Severe,5.8
3764,Kolkata,2023.05.18,00:30,Low,43.7
3765,Kolkata,2023-08-11,13:30,High,20.0
3766,Kolkata,2023-11-19,17:00,Low,33.3
3767,Kolkata,24/04/2024,20:15,Severe,3.0
3768,Kolkata,2024-01-12,09:45,High,15.0
3769,Kolkata,2024-09-14,13:00,Low,39.7
3770,Kolkata,2023.12.30,17:45,Moderate,31.7
3771,Kolkata,2024.06.23,20:15,High,17.1
3772,Kolkata,28-04-2024,09:00,Moderate,32.9
3773,Kolkata,10/08/2023,20:00,Moderate,30.5
3774,Kolkata,10/08/2023,18:30,Severe,16.3
3775,Kolkata,2023-02-09,14:30,High,19.3
3776,Kolkata,07/16/2024,10:15,High,13.7
3777,Kolkata,2023.02.24,13:30,High,16.0
3778,Kolkata,2024.06.21,17:30,Moderate,24.6
3779,Kolkata,2023-06-13,17:00,Low,36.2
3780,Kolkata,04-11-2024,03:15,Low,30.6
3781,Kolkata,2023-08-21,17:45,Low,32.8
3782,Kolkata,05/12/2023,14:00,Severe,13.9
3783,Kolkata,02/08/2023,09:00,Severe,3.0
3784,Kolkata,05/16/2024,17:00,Moderate,27.3
3785,Kolkata,02-06-2024,18:00,High,24.3
3786,Kolkata,18-12-2023,17:45,High,7.9
3787,Kolkata,23/03/2023,11:45,Severe,3.0
3788,Kolkata,2024.04.21,11:15,Moderate,19.2
3789,Kolkata,2023.09.08,07:45,High,4.4
3790,Kolkata,10/05/2023,07:45,Moderate,17.4
3791,Kolkata,21/12/2023,19:45,Severe,3.0
3792,Kolkata,10/01/2023,10:30,Moderate,23.6
3793,Kolkata,2023-03-01,16:15,Low,31.0
3794,Kolkata,20-04-2024,18:15,Moderate,16.1
3795,Kolkata,04/10/2024,22:30,Moderate,35.0
3796,Kolkata,16/02/2023,08:30,Severe,5.6
3797,Kolkata,14/10/2024,12:00,Severe,-11.1
3798,Kolkata,2023.04.30,17:30,Moderate,28.4
3799,Kolkata,2024.08.26,12:45,Severe,3.7
3800,Kolkata,2023-07-12,12:15,Low,33.5
3801,Kolkata,06/06/2024,06:15,Low,44.1
3802,Kolkata,12/28/2023,20:30,Severe,3.4
3803,Kolkata,2023.07.26,03:00,Low,35.4
3804,Kolkata,2024-04-17,17:30,Moderate,23.9
3805,Kolkata,2023.06.29,12:30,Low,33.5
3806,Kolkata,01/27/2024,23:45,High,25.3
3807,Kolkata,2023.07.01,12:00,Low,37.2
3808,Kolkata,2023-10-18,19:45,Moderate,20.4
3809,Kolkata,05-02-2024,19:30,Severe,14.0
3810,Kolkata,2023.04.20,20:15,Moderate,24.0
3811,Kolkata,21-06-2023,16:45,High,5.3
3812,Kolkata,22/08/2024,08:00,High,13.2
3813,Kolkata,06/04/2024,21:15,Moderate,31.3
3814,Kolkata,2023-03-13,10:45,Low,33.3
3815,Kolkata,09/27/2023,18:15,High,24.9
3816,Kolkata,2023.03.27,18:15,Moderate,32.8
3817,Kolkata,2023.10.13,12:45,Moderate,18.5
3818,Kolkata,2023.03.07,11:45,Moderate,28.0
3819,Kolkata,2023-04-29,18:00,High,20.1
3820,Kolkata,02-11-2024,13:45,Low,35.9
3821,Kolkata,26/10/2023,08:15,High,19.0
3822,Kolkata,2023.10.26,08:30,High,10.9
3823,Kolkata,20-07-2024,17:45,Moderate,34.5
3824,Kolkata,2024-05-15,23:00,Severe,3.0
3825,Kolkata,07/09/2024,19:30,High,15.2
3826,Kolkata,11-06-2024,08:45,Severe,3.0
3827,Kolkata,07/26/2024,11:15,Moderate,21.7
3828,Kolkata,19-08-2024,23:30,Moderate,29.7
3829,Kolkata,18/01/2023,14:15,Moderate,28.1
3830,Kolkata,03/17/2024,15:15,Severe,3.0
3831,Kolkata,06/11/2023,06:00,High,15.5
3832,Kolkata,14-05-2024,11:15,Moderate,35.3
3833,Kolkata,2024.09.06,09:00,High,20.9
3834,Kolkata,2024-06-23,09:00,Severe,16.9
3835,Kolkata,01/12/2024,10:30,Moderate,24.3
3836,Kolkata,2023-12-03,20:00,High,22.0
3837,Kolkata,07-09-2023,07:00,Severe,3.0
3838,Kolkata,2024-05-29,18:30,Severe,3.1
3839,Kolkata,02-08-2024,19:15,High,12.7
3840,Kolkata,25-01-2023,18:30,Low,33.9
3841,Kolkata,2024-03-20,11:00,Severe,7.9
3842,Kolkata,29-08-2023,12:45,Severe,5.9
3843,Kolkata,10/23/2023,09:45,High,13.4
3844,Kolkata,03-02-2023,16:45,Severe,15.4
3845,Kolkata,31/07/2024,02:00,Low,29.8
3846,Kolkata,21/10/2023,09:15,High,15.1
3847,Kolkata,17/01/2023,17:45,High,16.2
3848,Kolkata,2024-05-21,07:15,Moderate,19.0
3849,Kolkata,2023-02-21,08:30,High,15.4
3850,Kolkata,11/01/2023,09:00,High,15.3
3851,Kolkata,2023.01.21,16:15,Moderate,22.0
3852,Kolkata,2023-10-17,18:15,High,21.0
3853,Kolkata,2024.10.22,17:00,Moderate,18.7
3854,Kolkata,03/22/2023,13:00,Moderate,19.7
3855,Kolkata,11/22/2024,08:30,Severe,8.1
3856,Kolkata,2023.07.16,09:00,High,9.1
3857,Kolkata,11-01-2024,00:45,Low,31.4
3858,Kolkata,08/24/2024,07:30,Low,44.3
3859,Kolkata,2023-09-20,17:00,Severe,16.1
3860,Kolkata,2024.07.30,09:45,Severe,8.1
3861,Kolkata,16/09/2024,13:00,Moderate,23.3
3862,Kolkata,01-11-2024,19:45,Severe,4.9
3863,Kolkata,2024-01-12,08:45,Severe,11.2
3864,Kolkata,04-02-2024,08:15,Moderate,32.2
3865,Kolkata,12/20/2024,09:15,High,9.7
3866,Kolkata,23-10-2023,21:30,Severe,14.1
3867,Kolkata,10-01-2023,07:00,High,20.6
3868,Kolkata,02/12/2024,18:00,Severe,3.9
3869,Kolkata,08-06-2023,09:15,Severe,7.9
3870,Kolkata,26-10-2024,19:00,Moderate,19.5
3871,Kolkata,09/08/2023,08:45,Severe,-11.1
3872,Kolkata,2023.08.21,06:30,High,11.0
3873,Kolkata,05/05/2023,11:00,Low,35.6
3874,Kolkata,2023.05.03,06:45,High,10.7
3875,Kolkata,2023.08.11,18:15,Moderate,33.6
3876,Kolkata,2023-11-10,23:30,Moderate,23.3
3877,Kolkata,30/01/2023,15:45,High,11.4
3878,Kolkata,11/30/2024,07:30,High,16.2
3879,Kolkata,22-10-2024,19:30,Severe,6.8
3880,Kolkata,17/07/2023,23:15,,34.8
3881,Kolkata,10/12/2024,17:30,High,19.1
3882,Kolkata,04/18/2023,18:45,Severe,101.8
3883,Kolkata,06/03/2023,05:00,Low,34.3
3884,Kolkata,07/06/2024,14:45,Severe,7.7
3885,Kolkata,09/04/2024,02:15,Low,42.2
3886,Kolkata,06/26/2023,16:30,Low,40.8
3887,Kolkata,15-08-2024,11:00,Moderate,38.1
3888,Kolkata,10/26/2024,22:00,High,17.7
3889,Kolkata,14-02-2024,14:30,Low,35.6
3890,Kolkata,2024.05.27,07:30,Moderate,29.9
3891,Kolkata,12/17/2024,07:45,Low,38.3
3892,Kolkata,11-07-2024,14:30,High,21.1
3893,Kolkata,14/01/2024,09:45,Severe,3.0
3894,Kolkata,10/04/2023,22:15,Moderate,28.0
3895,Kolkata,01-01-2024,19:15,High,14.4
3896,Kolkata,02/19/2023,16:45,High,14.9
3897,Kolkata,2023-08-17,20:45,Severe,3.0
3898,Kolkata,2023.11.13,15:00,Severe,9.0
3899,Kolkata,21-07-2023,18:00,High,11.4
3900,Kolkata,2023.02.25,12:00,Severe,4.8
3901,Kolkata,01/16/2024,20:00,High,11.0
3902,Kolkata,2024-12-05,06:00,Severe,3.0
3903,Kolkata,2024.11.17,17:15,Moderate,32.3
3904,Kolkata,12/29/2024,01:15,Moderate,23.1
3905,Kolkata,26/10/2024,15:15,Low,45.7
3906,Kolkata,08/27/2024,18:00,Low,35.1
3907,Kolkata,2023.07.19,21:00,Moderate,23.8
3908,Kolkata,13/11/2024,20:45,High,12.2
3909,Kolkata,02/07/2024,19:15,Severe,15.0
3910,Kolkata,2024-03-11,12:00,High,17.8
3911,Kolkata,30-11-2024,01:45,Low,47.0
3912,Kolkata,08/01/2024,09:15,Severe,16.7
3913,Kolkata,2023.10.27,09:00,High,8.7
3914,Kolkata,17-10-2023,08:15,High,15.3
3915,Kolkata,10/25/2024,09:00,Moderate,30.0
3916,Kolkata,2023.10.06,02:30,Moderate,21.9
3917,Kolkata,25-07-2023,17:00,Low,40.6
3918,Kolkata,04/27/2024,17:45,Low,33.3
3919,Kolkata,14-03-2024,13:30,Low,40.3
3920,Kolkata,2023.01.08,10:45,Moderate,25.1
3921,Kolkata,15-03-2024,18:45,High,9.7
3922,Kolkata,2024-11-07,08:30,,12.9
3923,Kolkata,2024.10.23,06:00,Moderate,27.9
3924,Kolkata,23-02-2024,02:30,Moderate,40.0
3925,Kolkata,2023-09-22,18:15,High,20.2
3926,Kolkata,10/08/2024,08:30,Moderate,-26.1
3927,Kolkata,17-02-2024,16:00,Moderate,34.4
3928,Kolkata,2023.09.09,13:45,Low,33.2
3929,Kolkata,2023-12-31,19:00,Severe,3.0
3930,Kolkata,14-11-2024,11:15,High,15.2
3931,Kolkata,10/03/2024,08:30,High,15.6
3932,Kolkata,28-04-2023,17:45,Moderate,24.7
3933,Kolkata,2024-06-27,11:30,Moderate,15.0
3934,Kolkata,23-05-2023,18:15,High,13.9
3935,Kolkata,28/06/2024,23:30,High,15.7
3936,Kolkata,11/12/2023,19:45,High,17.3
3937,Kolkata,05-03-2023,18:30,Severe,3.0
3938,Kolkata,05/06/2023,08:45,High,23.8
3939,Kolkata,2023.05.15,22:45,Low,37.9
3940,Kolkata,2024.01.30,10:00,Moderate,24.6
3941,Kolkata,2024.11.22,13:45,High,18.9
3942,Kolkata,2023-04-18,16:30,Severe,9.0
3943,Kolkata,2023-02-19,12:00,Moderate,27.9
3944,Kolkata,22-05-2024,05:15,Moderate,27.9
3945,Kolkata,2024.10.13,16:30,Low,42.3
3946,Kolkata,2024-11-25,07:15,High,11.0
3947,Kolkata,28/09/2023,15:45,High,10.9
3948,Kolkata,2024-07-04,09:00,Moderate,27.8
3949,Kolkata,18-01-2024,11:00,Low,41.6
3950,Kolkata,2023-05-18,12:45,Severe,11.7
3951,Kolkata,15/06/2023,14:15,High,16.0
3952,Kolkata,09/24/2024,18:15,Low,30.4
3953,Kolkata,2023.09.22,17:45,Moderate,33.1
3954,Kolkata,22-05-2024,14:00,High,22.4
3955,Kolkata,01/10/2024,15:00,Low,31.8
3956,Kolkata,2024-03-14,22:15,Moderate,25.0
3957,Kolkata,2024.06.10,11:30,Moderate,22.7
3958,Kolkata,02/01/2024,13:15,Moderate,24.1
3959,Kolkata,2023.09.05,21:15,High,16.1
3960,Kolkata,12/03/2024,18:00,Moderate,33.8
3961,Kolkata,18-08-2023,17:00,Moderate,20.7
3962,Kolkata,2023.02.26,13:00,Severe,17.8
3963,Kolkata,2023.03.20,14:30,Moderate,27.1
3964,Kolkata,2024-08-03,11:00,High,26.4
3965,Kolkata,09/07/2023,20:45,Severe,6.6
3966,Kolkata,10/29/2024,08:00,High,18.9
3967,Kolkata,09/28/2023,11:00,Low,36.8
3968,Kolkata,2023-08-15,15:30,High,5.2
3969,Kolkata,2023-08-16,20:15,High,19.6
3970,Kolkata,2024.11.05,15:30,High,19.0
3971,Kolkata,16-12-2024,06:30,Moderate,28.1
3972,Kolkata,02-12-2024,17:45,High,14.5
3973,Kolkata,2024-07-18,22:45,Severe,8.2
3974,Kolkata,2024.02.14,09:45,High,22.1
3975,Kolkata,2024-04-07,16:30,Low,44.6
3976,Kolkata,2023.09.24,18:15,Moderate,29.5
3977,Kolkata,24/02/2024,08:30,High,-11.3
3978,Kolkata,17-06-2024,09:45,High,25.6
3979,Kolkata,30/04/2024,19:00,Low,36.8
3980,Kolkata,04/17/2024,09:30,High,19.1
3981,Kolkata,02-12-2024,07:00,Low,36.6
3982,Kolkata,2023.06.20,05:00,Low,24.9
3983,Kolkata,01/03/2024,05:00,Low,37.5
3984,Kolkata,02-10-2024,20:45,Moderate,34.6
3985,Kolkata,2023-01-29,07:45,Low,39.7
3986,Kolkata,24-05-2023,12:00,Moderate,31.4
3987,Kolkata,06-02-2023,17:15,Low,41.3
3988,Kolkata,16-05-2024,22:15,Severe,3.0
3989,Kolkata,2024.05.09,20:30,High,18.2
3990,Kolkata,2024-11-13,02:15,Low,36.1
3991,Kolkata,2024.03.15,10:15,Moderate,23.9
3992,Kolkata,03/04/2024,08:00,Severe,3.2
3993,Kolkata,15/03/2023,13:00,Severe,13.3
3994,Kolkata,29/08/2024,16:15,Low,34.0
3995,Kolkata,2024.02.28,06:30,Low,37.1
3996,Kolkata,29-06-2024,22:45,Moderate,23.5
3997,Kolkata,09/14/2023,14:45,High,18.5
3998,Kolkata,2023.01.02,12:00,High,14.2
3999,Kolkata,23/12/2023,09:00,High,14.2
4000,Kolkata,2023-07-26,20:15,High,20.9
4001,Kolkata,2024.01.17,13:30,Moderate,19.8
4002,Kolkata,2024-08-31,07:15,Low,32.9
4003,Kolkata,2024-01-02,15:30,Moderate,31.4
4004,Kolkata,11-08-2023,08:00,High,19.3
4005,Kolkata,2023.04.11,17:00,Moderate,34.9
4006,Kolkata,11/10/2023,17:15,Low,27.6
4007,Kolkata,02/04/2023,18:00,High,14.8
4008,Kolkata,21-10-2024,07:30,Moderate,20.6
4009,Kolkata,08/27/2024,12:30,Severe,6.3
4010,Kolkata,2024.01.11,16:30,Low,44.1
4011,Kolkata,25-11-2023,18:30,High,11.5
4012,Kolkata,2023.10.09,06:30,Moderate,33.3
4013,Kolkata,2023.03.28,08:15,Severe,10.7
4014,Kolkata,2023.12.21,10:30,Moderate,20.5
4015,Kolkata,25/04/2024,16:30,Severe,10.8
4016,Kolkata,02-09-2024,09:00,High,13.8
4017,Kolkata,29-07-2024,17:15,Severe,9.7
4018,Kolkata,12/03/2023,22:00,Moderate,23.8
4019,Kolkata,2023-09-19,02:30,Low,35.7
4020,Kolkata,2024.08.22,01:30,Low,43.2
4021,Kolkata,07-06-2023,09:00,High,17.7
4022,Kolkata,2023.03.01,06:45,Low,31.3
4023,Kolkata,05/15/2023,13:45,Low,28.0
4024,Kolkata,21/03/2023,06:00,Low,40.1
4025,Kolkata,06/28/2024,16:00,Low,37.6
4026,Kolkata,2024.01.20,19:30,High,25.6
4027,Kolkata,2024.05.21,10:30,Low,34.5
4028,Kolkata,05/15/2024,12:15,Moderate,31.6
4029,Kolkata,31-01-2023,12:30,Moderate,25.4
4030,Kolkata,2023-02-03,17:30,Low,38.6
4031,Kolkata,10-07-2024,18:15,Moderate,28.9
4032,Kolkata,2023.09.16,16:15,Moderate,31.5
4033,Kolkata,2024.02.04,19:45,High,16.6
4034,Kolkata,10-01-2023,06:45,Moderate,22.5
4035,Kolkata,09/15/2024,03:00,Low,32.6
4036,Kolkata,21/09/2024,18:00,High,17.7
4037,Kolkata,17-04-2024,09:45,Severe,6.1
4038,Kolkata,01/06/2023,08:45,Moderate,22.7
4039,Kolkata,05/10/2024,13:15,Low,116.9
4040,Kolkata,10/14/2023,16:00,Severe,15.5
4041,Kolkata,2023-12-07,15:00,High,15.4
4042,Kolkata,16/04/2023,03:00,Low,49.5
4043,Kolkata,2023-05-26,20:00,Severe,4.5
4044,Kolkata,27-07-2023,18:15,Severe,10.7
4045,Kolkata,2023-07-22,17:45,Low,29.9
4046,Kolkata,14-05-2023,14:30,Moderate,33.1
4047,Kolkata,03/09/2023,08:15,Moderate,27.3
4048,Kolkata,07/22/2023,11:30,Moderate,32.5
4049,Kolkata,2023-05-05,11:45,High,14.3
4050,Kolkata,13/12/2024,21:15,Moderate,16.5
4051,Kolkata,2024.07.03,18:15,Severe,11.7
4052,Kolkata,09/22/2024,19:30,Moderate,24.2
4053,Kolkata,2024.10.28,20:30,High,13.1
4054,Kolkata,2024-04-20,07:00,Low,37.2
4055,Kolkata,2024.09.27,09:15,High,20.3
4056,Kolkata,02/28/2024,18:30,High,20.5
4057,Kolkata,01/01/2023,08:45,High,19.6
4058,Kolkata,2023-06-04,19:45,High,12.5
4059,Kolkata,04/12/2023,17:45,Low,33.7
4060,Kolkata,18/09/2024,19:15,Severe,3.0
4061,Kolkata,2023-11-18,09:45,Low,40.4
4062,Kolkata,08/09/2023,07:00,Moderate,20.6
4063,Kolkata,16/09/2024,04:15,Moderate,31.6
4064,Kolkata,2024-06-25,12:15,Low,33.5
4065,Kolkata,2023-09-08,18:00,Severe,7.3
4066,Kolkata,20/05/2023,11:00,High,19.5
4067,Kolkata,2024.06.16,18:00,Moderate,28.3
4068,Kolkata,02/10/2023,14:15,Moderate,25.4
4069,Kolkata,2024.05.23,07:15,Moderate,29.9
4070,Kolkata,2023-10-10,20:00,Severe,8.2
4071,Kolkata,03/06/2023,20:00,Moderate,25.0
4072,Kolkata,11/27/2024,20:45,High,18.5
4073,Kolkata,16-11-2024,06:15,Moderate,24.4
4074,Kolkata,04/02/2024,18:45,High,22.5
4075,Kolkata,03/04/2024,21:45,Moderate,30.2
4076,Kolkata,18/09/2023,13:00,Moderate,34.3
4077,Kolkata,2024.03.05,18:45,Moderate,30.4
4078,Kolkata,04/12/2023,20:00,High,13.7
4079,Kolkata,2024-06-27,10:00,Severe,3.0
4080,Kolkata,20-09-2023,12:15,Moderate,27.4
4081,Kolkata,17-09-2023,23:45,Moderate,22.2
4082,Kolkata,06/03/2024,17:15,Low,38.1
4083,Kolkata,03/05/2023,19:30,Severe,3.0
4084,Kolkata,2023-10-11,07:00,Moderate,25.8
4085,Kolkata,09/29/2024,18:30,Severe,3.0
4086,Kolkata,2024.05.20,20:45,High,13.5
4087,Kolkata,27-06-2024,13:30,High,18.6
4088,Kolkata,10/20/2024,07:15,Severe,11.4
4089,Kolkata,05/04/2023,18:15,High,20.1
4090,Kolkata,10/01/2023,17:00,Moderate,31.9
4091,Kolkata,05/16/2023,17:15,Severe,102.8
4092,Kolkata,09/21/2023,21:45,Severe,8.5
4093,Kolkata,03/09/2024,13:15,Moderate,27.8
4094,Kolkata,2024.11.05,17:15,Moderate,27.9
4095,Kolkata,23/12/2023,21:15,Low,31.9
4096,Kolkata,06/21/2024,16:00,Severe,10.5
4097,Kolkata,2023-01-08,20:45,Severe,19.9
4098,Kolkata,22-11-2023,18:15,High,20.7
4099,Kolkata,04-06-2023,18:45,High,14.1
4100,Kolkata,26/10/2023,18:15,Moderate,20.6
4101,Kolkata,2024.04.01,17:15,Moderate,32.2
4102,Kolkata,2023.10.14,08:15,High,18.8
4103,Kolkata,2024-07-02,16:15,Moderate,33.6
4104,Kolkata,28-02-2023,17:00,Low,37.4
4105,Kolkata,2024-01-22,13:30,Moderate,21.9
4106,Kolkata,09-10-2024,17:30,Low,44.9
4107,Kolkata,04/06/2024,08:45,High,11.1
4108,Kolkata,2023-07-11,18:30,Low,38.6
4109,Kolkata,2023.12.10,13:00,Low,35.4
4110,Kolkata,2024.06.26,09:00,Moderate,21.0
4111,Kolkata,24-08-2023,16:45,Moderate,33.1
4112,Kolkata,2023.09.29,00:30,Low,34.5
4113,Kolkata,06-12-2024,18:45,High,11.2
4114,Kolkata,2024.01.10,07:30,Moderate,27.6
4115,Kolkata,2023-08-01,19:00,High,111.3
4116,Kolkata,2023.05.23,05:45,Severe,11.7
4117,Kolkata,2024-05-08,19:30,High,29.8
4118,Kolkata,2023.03.15,07:30,Moderate,20.1
4119,Kolkata,2023-05-04,15:45,Low,36.5
4120,Kolkata,2023.11.26,21:30,Moderate,28.6
4121,Kolkata,04/01/2023,20:15,High,14.5
4122,Kolkata,30-01-2024,08:30,Severe,3.1
4123,Kolkata,2023-04-25,15:30,Moderate,26.5
4124,Kolkata,2024-12-15,18:30,Moderate,24.4
4125,Kolkata,2024-12-25,17:30,High,16.1
4126,Kolkata,07/31/2024,17:15,Moderate,19.1
4127,Kolkata,2023.07.04,03:15,Low,29.9
4128,Kolkata,17-11-2024,18:45,Moderate,91.3
4129,Kolkata,30-05-2024,21:15,Moderate,25.2
4130,Kolkata,2024.11.07,15:15,Moderate,35.8
4131,Kolkata,2023.04.27,17:30,High,11.8
4132,Kolkata,2023.05.21,07:30,Moderate,29.8
4133,Kolkata,2024-04-02,15:45,Low,40.3
4134,Kolkata,11/06/2024,19:30,Severe,9.7
4135,Kolkata,2024.04.27,07:15,Low,27.0
4136,Kolkata,05/08/2024,06:00,High,14.3
4137,Kolkata,2023-11-01,14:30,Moderate,27.3
4138,Kolkata,01/04/2024,18:30,Severe,12.7
4139,Kolkata,05/07/2023,09:45,Severe,8.0
4140,Kolkata,01/27/2023,17:30,High,13.2
4141,Kolkata,23/01/2024,15:30,High,21.8
4142,Kolkata,04-02-2023,13:00,Low,39.0
4143,Kolkata,2023-10-29,01:00,Low,38.4
4144,Kolkata,2023-04-04,20:45,Severe,12.5
4145,Kolkata,2024.02.27,07:45,Moderate,25.3
4146,Kolkata,18/04/2023,07:45,Low,41.3
4147,Kolkata,2024.08.21,10:45,High,16.4
4148,Kolkata,2024.02.05,00:00,Low,34.5
4149,Kolkata,14-04-2023,18:15,Severe,15.2
4150,Kolkata,2024.05.04,16:15,Severe,7.3
4151,Kolkata,12/08/2024,06:30,Moderate,23.0
4152,Kolkata,2024.09.01,09:00,High,22.4
4153,Kolkata,06/07/2024,10:00,Low,38.4
4154,Kolkata,18/09/2023,14:00,Moderate,26.9
4155,Kolkata,07/09/2023,16:15,Low,30.6
4156,Kolkata,10-02-2023,06:15,High,19.1
4157,Kolkata,2023.04.30,07:30,Severe,6.8
4158,Kolkata,2023-06-19,09:15,High,12.9
4159,Kolkata,2024-12-10,07:00,Moderate,24.0
4160,Kolkata,2024.01.19,19:30,High,20.3
4161,Kolkata,2023.06.10,17:30,Low,34.7
4162,Kolkata,10/08/2023,15:30,High,14.8
4163,Kolkata,02/01/2023,06:45,Moderate,33.3
4164,Kolkata,21/09/2024,20:30,Moderate,20.8
4165,Kolkata,11/09/2024,18:00,Low,40.3
4166,Kolkata,13-10-2024,21:30,Severe,9.6
4167,Kolkata,27/01/2024,12:00,Moderate,23.8
4168,Kolkata,2024-08-24,17:00,Moderate,33.0
4169,Kolkata,2023-07-05,19:45,Severe,3.1
4170,Kolkata,2023.09.01,12:45,Severe,8.7
4171,Kolkata,08/07/2023,14:15,Moderate,24.0
4172,Kolkata,04-05-2024,19:00,Severe,6.0
4173,Kolkata,04/07/2023,00:15,Low,42.1
4174,Kolkata,06/02/2024,00:45,Low,29.8
4175,Kolkata,09/01/2024,12:30,Moderate,33.2
4176,Kolkata,04/12/2024,12:30,Moderate,26.2
4177,Kolkata,05/21/2024,09:00,High,8.2
4178,Kolkata,2023.08.27,06:45,Moderate,20.1
4179,Kolkata,2023-10-10,18:45,High,14.1
4180,Kolkata,05-09-2024,01:00,High,19.1
4181,Kolkata,2024.01.10,07:45,Low,41.6
4182,Kolkata,12-12-2023,16:30,Moderate,22.4
4183,Kolkata,06-03-2024,20:15,Moderate,29.0
4184,Kolkata,06/29/2024,07:15,Severe,4.1
4185,Kolkata,2024.02.10,17:45,Severe,10.2
4186,Kolkata,2023-12-31,10:00,Severe,3.0
4187,Kolkata,12/16/2023,09:15,Severe,3.0
4188,Kolkata,2023.09.09,12:45,High,14.8
4189,Kolkata,2024.08.02,18:30,High,17.4
4190,Kolkata,2024.05.24,15:45,Severe,8.4
4191,Kolkata,06/04/2024,19:15,High,13.8
4192,Kolkata,10/04/2023,18:30,Moderate,19.7
4193,Kolkata,30-09-2023,16:00,Moderate,32.6
4194,Kolkata,2024.02.04,11:45,Low,40.4
4195,Kolkata,22-05-2024,07:15,Moderate,32.0
4196,Kolkata,22-08-2023,16:00,High,16.6
4197,Kolkata,07/26/2023,18:45,Moderate,21.7
4198,Kolkata,08/05/2023,13:30,Moderate,22.7
4199,Kolkata,2024.07.07,20:30,Moderate,18.6
4200,Kolkata,2023-08-18,15:45,Moderate,80.9
4201,Kolkata,2024-05-09,12:00,Severe,3.3
4202,Kolkata,2024-09-23,06:45,High,15.4
4203,Kolkata,2024-09-25,03:30,Low,36.5
4204,Kolkata,05/30/2023,16:15,Low,48.2
4205,Kolkata,2024-06-12,20:30,Moderate,28.6
4206,Kolkata,09/30/2023,08:15,High,12.3
4207,Kolkata,2024-11-11,07:30,Low,34.0
4208,Kolkata,2024-10-08,20:00,Low,43.0
4209,Kolkata,2024.12.09,19:00,Low,51.1
4210,Kolkata,30/10/2024,17:45,Moderate,17.7
4211,Kolkata,05-06-2024,02:45,Low,37.6
4212,Kolkata,2024-01-14,08:15,High,20.2
4213,Kolkata,19-07-2023,21:15,Low,44.0
4214,Kolkata,08-09-2023,08:15,High,14.8
4215,Kolkata,19/01/2023,18:00,High,15.1
4216,Kolkata,06/21/2023,01:45,Low,41.5
4217,Kolkata,2023-06-09,13:15,Moderate,27.7
4218,Kolkata,2023.10.27,17:45,Moderate,32.0
4219,Kolkata,01-02-2023,19:45,High,20.4
4220,Kolkata,31-08-2024,18:00,High,13.1
4221,Kolkata,2024.06.11,18:45,Moderate,29.8
4222,Kolkata,2024.10.18,12:45,Moderate,31.2
4223,Kolkata,2023.02.09,19:45,High,8.1
4224,Kolkata,2023-05-19,00:15,Low,41.6
4225,Kolkata,03-07-2023,18:15,Moderate,26.3
4226,Kolkata,03-02-2024,17:45,High,83.7
4227,Kolkata,21-06-2023,18:45,High,13.7
4228,Kolkata,2023-11-05,16:45,Low,46.9
4229,Kolkata,10/19/2024,21:45,Severe,13.1
4230,Kolkata,2024.07.30,18:00,Moderate,35.7
4231,Kolkata,24-01-2023,18:30,Severe,10.3
4232,Kolkata,2023.05.30,08:45,Moderate,28.0
4233,Kolkata,2024-02-12,17:15,Moderate,28.3
4234,Kolkata,2024-10-19,07:45,Moderate,26.8
4235,Kolkata,02/18/2023,05:30,Moderate,29.4
4236,Kolkata,2023-01-22,09:15,High,18.7
4237,Kolkata,24-08-2024,20:15,High,11.7
4238,Kolkata,2023-03-01,20:30,High,15.4
4239,Kolkata,04/22/2024,07:00,Low,38.8
4240,Kolkata,2023-12-31,14:30,Severe,9.9
4241,Kolkata,17-02-2024,18:00,High,19.8
4242,Kolkata,2023-06-25,06:30,Severe,5.7
4243,Kolkata,29-11-2024,10:00,Moderate,31.7
4244,Kolkata,2024-09-03,19:15,High,21.5
4245,Kolkata,04/09/2024,14:45,Low,41.9
4246,Kolkata,15-03-2024,09:45,High,16.6
4247,Kolkata,2023-05-17,08:15,Moderate,24.6
4248,Kolkata,01/05/2024,18:00,High,10.9
4249,Kolkata,15-04-2024,14:30,Moderate,27.2
4250,Kolkata,04/12/2023,19:45,Severe,8.1
4251,Kolkata,2023.07.13,20:45,High,21.4
4252,Kolkata,09-05-2024,19:45,High,18.4
4253,Kolkata,2023-04-16,07:15,Low,38.5
4254,Kolkata,11/02/2024,15:00,High,21.3
4255,Kolkata,06/12/2023,08:45,High,18.2
4256,Kolkata,22/04/2023,15:45,,18.4
4257,Kolkata,07/11/2023,19:45,High,22.9
4258,Kolkata,2023-03-25,15:45,Low,35.7
4259,Kolkata,2024.01.17,08:45,High,18.4
4260,Kolkata,2023-11-23,19:15,Moderate,27.0
4261,Kolkata,2023-05-09,17:30,Moderate,23.1
4262,Kolkata,2023-09-14,08:45,Low,41.7
4263,Kolkata,2024-01-12,12:00,Moderate,25.2
4264,Kolkata,22-02-2024,17:30,Moderate,23.6
4265,Kolkata,05/20/2024,20:00,High,21.1
4266,Kolkata,04/16/2023,18:00,Severe,5.6
4267,Kolkata,2024.04.13,08:45,Severe,15.4
4268,Kolkata,11/10/2024,10:00,Low,25.2
4269,Kolkata,01/20/2023,15:45,Moderate,24.0
4270,Kolkata,2024.05.17,19:00,Moderate,29.4
4271,Kolkata,2023.06.26,16:30,Moderate,25.7
4272,Kolkata,2023.07.09,16:45,Severe,6.8
4273,Kolkata,06/29/2023,19:00,Low,39.0
4274,Kolkata,04-04-2023,19:15,High,17.6
4275,Kolkata,03/01/2024,18:30,Severe,8.2
4276,Kolkata,30/04/2023,08:45,Severe,4.3
4277,Kolkata,2024-04-18,10:30,Low,30.6
4278,Kolkata,01/29/2024,07:00,Low,40.2
4279,Kolkata,03/06/2024,13:45,Moderate,35.3
4280,Kolkata,14/06/2024,09:00,Moderate,27.3
4281,Kolkata,02-12-2023,09:45,High,23.1
4282,Kolkata,03/02/2023,07:15,Low,40.6
4283,Kolkata,30-11-2023,10:30,Moderate,35.7
4284,Kolkata,10/19/2024,08:15,Moderate,30.8
4285,Kolkata,30-05-2024,13:45,Moderate,21.8
4286,Kolkata,08-06-2023,17:15,Moderate,32.6
4287,Kolkata,18-01-2023,04:00,Low,33.7
4288,Kolkata,2023.07.01,08:45,Moderate,29.8
4289,Kolkata,2023-09-15,17:45,Low,37.4
4290,Kolkata,2024-04-08,08:00,Severe,3.0
4291,Kolkata,10/20/2024,18:45,Severe,3.0
4292,Kolkata,03-02-2024,09:30,Severe,5.8
4293,Kolkata,2024-06-30,18:45,High,26.8
4294,Kolkata,03-02-2023,02:15,Moderate,36.6
4295,Kolkata,10-05-2023,07:15,Low,37.0
4296,Kolkata,21/01/2024,11:00,High,14.5
4297,Kolkata,2023.03.05,10:30,Moderate,32.8
4298,Kolkata,04/12/2023,01:45,High,15.0
4299,Kolkata,2023.09.19,18:00,High,15.8
4300,Kolkata,16-11-2024,08:00,High,-19.2
4301,Kolkata,01/24/2024,16:00,Moderate,29.7
4302,Kolkata,2024.04.12,18:15,Severe,3.0
4303,Kolkata,2024-10-29,17:45,High,12.8
4304,Kolkata,12/05/2024,12:15,Low,36.6
4305,Kolkata,24/09/2023,10:00,High,17.7
4306,Kolkata,31-05-2023,14:45,Severe,6.9
4307,Kolkata,10/01/2024,11:15,High,9.4
4308,Kolkata,2023-09-15,10:00,High,22.7
4309,Kolkata,2023-08-06,17:15,High,18.1
4310,Kolkata,2024-10-29,22:30,Moderate,21.0
4311,Kolkata,11/21/2024,08:00,Moderate,30.6
4312,Kolkata,24/02/2023,15:45,Moderate,29.9
4313,Kolkata,2023.09.10,21:45,Severe,16.2
4314,Kolkata,2023.08.21,08:45,Severe,6.8
4315,Kolkata,29/04/2024,19:30,High,12.6
4316,Kolkata,12/02/2023,16:00,Moderate,23.8
4317,Kolkata,2024-08-02,14:30,Moderate,28.1
4318,Kolkata,09-06-2023,10:00,Moderate,38.3
4319,Kolkata,20/11/2023,10:15,High,23.6
4320,Kolkata,05-03-2023,07:15,Moderate,30.5
4321,Kolkata,03/14/2023,14:30,Severe,3.0
4322,Kolkata,2023-09-08,10:30,Moderate,35.1
4323,Kolkata,11/06/2023,01:15,Moderate,30.4
4324,Kolkata,07/01/2023,14:00,High,13.6
4325,Kolkata,28-01-2024,15:00,Moderate,18.9
4326,Kolkata,2024.04.03,10:00,Low,38.7
4327,Kolkata,16-03-2024,06:15,Moderate,28.8
4328,Kolkata,07/30/2023,07:00,High,12.5
4329,Kolkata,2024-12-25,16:30,Moderate,29.0
4330,Kolkata,09-12-2024,08:45,High,17.6
4331,Kolkata,05-10-2023,17:30,Moderate,33.7
4332,Kolkata,2023.04.13,15:15,Moderate,20.7
4333,Kolkata,2023.08.19,12:45,Moderate,25.2
4334,Kolkata,2024-12-22,15:45,Low,46.0
4335,Kolkata,07/21/2024,20:15,Low,39.4
4336,Kolkata,13-07-2023,18:15,High,17.3
4337,Kolkata,09/27/2024,07:30,Moderate,36.4
4338,Kolkata,10/25/2023,07:45,Low,36.5
4339,Kolkata,07/18/2023,08:00,Moderate,18.2
4340,Kolkata,14-12-2024,09:00,Severe,16.8
4341,Kolkata,07-05-2023,08:00,High,15.7
4342,Kolkata,02-11-2024,17:00,Moderate,21.8
4343,Kolkata,28/02/2023,16:00,Low,45.3
4344,Kolkata,02-07-2023,07:00,Severe,7.3
4345,Kolkata,28/07/2024,22:30,Severe,7.3
4346,Kolkata,15-05-2023,08:30,Severe,5.2
4347,Kolkata,2023.04.26,06:45,High,14.0
4348,Kolkata,2023-07-23,17:00,Low,45.0
4349,Kolkata,25/04/2023,23:30,Severe,5.5
4350,Kolkata,2024.05.14,18:45,High,9.9
4351,Kolkata,2023-12-04,06:00,High,19.1
4352,Kolkata,01-03-2023,00:15,Low,34.7
4353,Kolkata,2024-12-05,17:15,Severe,10.3
4354,Kolkata,2023-08-02,12:00,Moderate,26.4
4355,Kolkata,02-10-2023,07:00,Moderate,23.3
4356,Kolkata,2024.06.30,09:30,High,11.7
4357,Kolkata,2023.05.11,12:45,Moderate,24.9
4358,Kolkata,10/19/2024,00:30,Low,36.7
4359,Kolkata,10/19/2023,13:30,Low,32.9
4360,Kolkata,2023-05-13,17:00,Low,35.0
4361,Kolkata,2024.10.03,14:45,Moderate,35.0
4362,Kolkata,2023.05.05,16:00,High,12.1
4363,Kolkata,2023-08-10,13:00,Moderate,41.2
4364,Kolkata,08/09/2024,16:00,Moderate,25.5
4365,Kolkata,2023.09.10,22:00,Moderate,22.8
4366,Kolkata,03/17/2024,16:15,Moderate,34.6
4367,Kolkata,02/17/2023,19:30,High,18.3
4368,Kolkata,31-07-2024,18:15,High,18.5
4369,Kolkata,2024-01-20,07:00,Moderate,28.6
4370,Kolkata,2024-03-15,10:45,Severe,12.2
4371,Kolkata,10/07/2023,15:45,Low,40.2
4372,Kolkata,07/01/2023,02:15,Moderate,21.9
4373,Kolkata,06-06-2023,09:30,Moderate,33.9
4374,Kolkata,09/05/2024,18:00,High,14.5
4375,Kolkata,2023.03.12,18:15,Severe,14.7
4376,Kolkata,2023.07.21,15:00,Moderate,24.6
4377,Kolkata,04/04/2023,07:00,Moderate,34.4
4378,Kolkata,2024-11-18,19:15,Moderate,30.4
4379,Kolkata,22/02/2024,20:45,Moderate,23.4
4380,Kolkata,06-02-2024,10:15,Severe,14.5
4381,Kolkata,2024.01.16,08:30,High,19.1
4382,Kolkata,11/30/2024,09:30,High,14.1
4383,Kolkata,17/07/2023,19:15,Moderate,32.3
4384,Kolkata,18-07-2024,19:45,High,15.6
4385,Kolkata,02/07/2024,15:30,High,19.5
4386,Kolkata,2023-07-29,21:15,High,16.0
4387,Kolkata,14-12-2024,08:00,Low,38.1
4388,Kolkata,31/10/2023,14:30,High,18.8
4389,Kolkata,07/12/2024,12:15,Low,38.7
4390,Kolkata,05/07/2024,06:15,Moderate,25.2
4391,Kolkata,10-07-2024,09:00,High,21.7
4392,Kolkata,15/02/2024,17:00,Low,44.5
4393,Kolkata,2023-09-10,20:45,High,20.1
4394,Kolkata,12-11-2024,22:15,Moderate,23.5
4395,Kolkata,09/15/2024,14:45,Moderate,36.1
4396,Kolkata,2023-02-25,18:15,High,11.3
4397,Kolkata,16-07-2024,12:45,Low,54.0
4398,Kolkata,19/04/2024,19:30,High,20.1
4399,Kolkata,2023.09.25,10:30,Moderate,31.7
4400,Kolkata,2024-05-21,02:00,Low,33.1
4401,Kolkata,24/10/2023,16:30,Low,30.9
4402,Kolkata,25/09/2024,17:45,Low,38.5
4403,Kolkata,2023.05.19,15:30,Moderate,25.3
4404,Kolkata,12/29/2023,11:15,Low,32.7
4405,Kolkata,10/05/2023,18:45,High,11.5
4406,Kolkata,30/10/2023,18:00,High,28.1
4407,Kolkata,2024-03-12,10:45,Moderate,32.5
4408,Kolkata,2023-11-13,22:15,Moderate,28.9
4409,Kolkata,06/03/2023,18:00,Moderate,25.2
4410,Kolkata,2024.11.02,15:00,Low,33.9
4411,Kolkata,2024.03.08,18:30,Severe,4.5
4412,Kolkata,2023-11-15,18:30,Moderate,22.2
4413,Kolkata,14-12-2023,17:45,High,12.3
4414,Kolkata,12/06/2024,09:00,High,13.1
4415,Kolkata,05/11/2024,18:15,Severe,7.3
4416,Kolkata,25-02-2023,18:15,Low,37.1
4417,Kolkata,10/09/2024,18:00,High,16.8
4418,Kolkata,11-03-2024,21:15,Low,39.1
4419,Kolkata,2023.11.11,15:00,High,18.3
4420,Pune,2023-10-04,14:00,Moderate,30.6
4421,Pune,28/10/2024,16:30,Low,36.4
4422,Pune,09/04/2024,15:45,High,17.4
4423,Pune,19/07/2023,15:45,Low,38.0
4424,Pune,04/08/2024,19:45,High,12.6
4425,Pune,07-01-2023,10:30,Moderate,30.9
4426,Pune,24/10/2024,10:15,Moderate,31.5
4427,Pune,23/06/2024,18:15,Severe,14.5
4428,Pune,05/19/2023,21:00,Moderate,22.1
4429,Pune,02-01-2023,08:45,High,21.0
4430,Pune,2024.03.31,08:30,Severe,6.3
4431,Pune,2023.03.03,19:00,High,9.5
4432,Pune,2023-05-25,17:15,Moderate,25.8
4433,Pune,01/14/2024,17:30,Moderate,22.4
4434,Pune,2023.11.11,11:15,Moderate,22.7
4435,Pune,2023.10.14,08:45,High,13.2
4436,Pune,2023.10.24,13:45,Low,34.5
4437,Pune,05/29/2024,08:30,High,3.5
4438,Pune,11/06/2023,14:00,Moderate,33.0
4439,Pune,2024.11.09,23:30,Moderate,30.9
4440,Pune,2024.11.12,02:15,High,18.9
4441,Pune,28/05/2023,11:30,Low,38.4
4442,Pune,2024.08.17,17:15,Low,39.0
4443,Pune,14/12/2023,19:30,Moderate,35.9
4444,Pune,05-08-2023,08:00,High,24.5
4445,Pune,03-05-2023,17:30,Low,44.0
4446,Pune,2024.05.07,15:30,Moderate,28.9
4447,Pune,23/11/2023,15:45,Low,40.5
4448,Pune,2024.05.30,08:00,High,9.5
4449,Pune,02/13/2024,12:45,Moderate,28.0
4450,Pune,07/24/2023,10:00,Low,33.3
4451,Pune,21-09-2024,09:30,Severe,6.2
4452,Pune,01/04/2024,20:45,Severe,10.5
4453,Pune,26/11/2024,04:45,Moderate,17.3
4454,Pune,11/18/2023,02:30,Low,47.7
4455,Pune,2024.09.18,13:15,Moderate,33.5
4456,Pune,30-04-2023,18:45,High,17.7
4457,Pune,30/01/2024,09:15,Moderate,26.0
4458,Pune,2024-03-14,18:30,Severe,3.0
4459,Pune,2023-08-11,12:15,Moderate,31.0
4460,Pune,08/29/2023,18:15,High,8.0
4461,Pune,2023-01-21,17:45,Low,38.6
4462,Pune,11/22/2023,10:00,Moderate,26.0
4463,Pune,27-04-2023,18:45,High,16.1
4464,Pune,02/08/2023,07:15,Low,35.8
4465,Pune,2023-02-11,12:15,High,10.8
4466,Pune,2023-01-17,19:45,High,8.9
4467,Pune,2023-11-04,10:45,Severe,5.8
4468,Pune,2023.04.06,04:15,Low,47.5
4469,Pune,06-09-2023,11:45,Moderate,25.7
4470,Pune,19/06/2024,10:45,Moderate,27.2
4471,Pune,2024.07.09,12:00,Low,41.4
4472,Pune,2023-09-21,16:45,Low,35.4
4473,Pune,2023-02-04,21:00,Low,31.5
4474,Pune,10-02-2023,16:15,Low,39.2
4475,Pune,02/15/2023,10:30,High,17.9
4476,Pune,07-03-2023,11:30,Low,39.2
4477,Pune,2024-04-12,21:15,Low,44.1
4478,Pune,16/01/2023,12:15,High,15.0
4479,Pune,04-10-2024,09:15,High,18.6
4480,Pune,2023.12.26,15:00,Moderate,25.7
4481,Pune,2024.03.01,04:15,Low,41.0
4482,Pune,2024.01.09,15:00,Moderate,35.8
4483,Pune,04/17/2024,15:45,Severe,4.4
4484,Pune,23/12/2024,15:30,Low,42.1
4485,Pune,03/07/2023,20:45,High,13.5
4486,Pune,12-09-2024,18:00,High,9.3
4487,Pune,02/20/2023,17:30,High,21.0
4488,Pune,2024.09.09,08:15,Severe,3.3
4489,Pune,31/03/2024,15:15,Moderate,18.2
4490,Pune,2023-11-03,11:30,Moderate,18.8
4491,Pune,2024-05-14,20:15,High,18.3
4492,Pune,08/13/2024,15:15,Moderate,-13.5
4493,Pune,12-12-2024,09:15,High,18.2
4494,Pune,10/31/2023,16:15,Low,33.7
4495,Pune,2024.10.08,19:15,Severe,3.0
4496,Pune,11/02/2023,12:00,Moderate,30.4
4497,Pune,2023.08.22,18:45,Severe,9.7
4498,Pune,2024-02-08,11:00,Low,38.5
4499,Pune,2024-01-27,14:00,Moderate,25.1
4500,Pune,13/11/2023,18:30,High,5.9
4501,Pune,10/16/2024,08:30,Moderate,32.5
4502,Pune,2024-03-08,13:00,High,24.2
4503,Pune,2023.01.27,07:45,Low,36.0
4504,Pune,2023-11-04,08:00,High,11.1
4505,Pune,12/15/2024,19:15,Severe,4.4
4506,Pune,12/05/2024,16:00,Low,38.8
4507,Pune,2023-01-25,21:15,Moderate,21.7
4508,Pune,30-03-2023,14:45,Moderate,26.3
4509,Pune,05/11/2023,07:15,Moderate,31.1
4510,Pune,2024-06-02,19:00,High,6.1
4511,Pune,16-09-2024,19:30,Moderate,17.2
4512,Pune,05/06/2023,07:30,Moderate,31.6
4513,Pune,10/03/2024,22:00,Moderate,28.4
4514,Pune,2023-10-01,07:30,Low,35.6
4515,Pune,06/06/2024,07:30,Moderate,21.9
4516,Pune,2023-05-26,12:45,Low,36.2
4517,Pune,08-05-2024,23:15,High,23.7
4518,Pune,2024-06-10,07:45,Low,35.5
4519,Pune,30-05-2024,13:30,Severe,5.2
4520,Pune,10/01/2024,12:45,Moderate,28.5
4521,Pune,2024.12.16,06:15,Moderate,40.0
4522,Pune,2023-06-16,20:30,High,9.8
4523,Pune,01/02/2023,08:30,High,23.4
4524,Pune,09/05/2024,10:30,Moderate,31.4
4525,Pune,2024.03.07,15:00,Moderate,30.2
4526,Pune,16-04-2023,18:00,High,13.8
4527,Pune,06/04/2024,15:30,Low,33.2
4528,Pune,26/07/2023,12:00,Moderate,28.3
4529,Pune,2023-01-20,10:30,High,19.4
4530,Pune,24/09/2023,08:00,High,15.4
4531,Pune,15-08-2023,12:45,Moderate,30.8
4532,Pune,2023.04.01,16:15,High,26.7
4533,Pune,09/16/2024,09:45,High,5.5
4534,Pune,20/09/2024,11:00,Low,31.2
4535,Pune,2024.02.11,05:00,Moderate,27.2
4536,Pune,25-10-2024,16:15,Moderate,26.5
4537,Pune,02/03/2024,06:00,Severe,3.0
4538,Pune,19/06/2023,09:45,Severe,8.6
4539,Pune,2023.09.12,19:15,High,-10.6
4540,Pune,12-05-2024,07:45,High,19.2
4541,Pune,2024.11.07,07:15,High,9.5
4542,Pune,2023.10.24,08:45,Moderate,17.0
4543,Pune,16/05/2024,17:45,Low,39.1
4544,Pune,07/07/2024,18:45,High,26.3
4545,Pune,2023-01-04,08:00,High,10.3
4546,Pune,2024.07.08,16:00,Moderate,19.5
4547,Pune,03/28/2023,19:15,High,3.0
4548,Pune,10/29/2024,13:30,High,21.5
4549,Pune,2023.12.16,18:00,High,11.1
4550,Pune,2024-08-03,08:45,High,18.8
4551,Pune,07/18/2024,19:00,High,9.7
4552,Pune,2023-03-19,07:00,Low,40.8
4553,Pune,2023.12.26,15:15,Low,29.1
4554,Pune,2024-03-06,07:45,High,17.2
4555,Pune,14/01/2024,07:30,Moderate,28.2
4556,Pune,2024-05-03,16:45,Low,38.3
4557,Pune,2023-03-18,18:00,Low,36.0
4558,Pune,30/03/2024,16:45,Moderate,21.0
4559,Pune,2024-09-29,20:00,High,12.8
4560,Pune,02/06/2024,01:00,Low,35.6
4561,Pune,11-11-2023,19:30,Severe,13.7
4562,Pune,20/11/2023,21:45,Severe,6.9
4563,Pune,2024-10-24,07:00,Low,26.7
4564,Pune,05/30/2023,19:15,Severe,6.7
4565,Pune,19/10/2024,04:45,High,20.7
4566,Pune,11/10/2024,18:00,High,22.5
4567,Pune,2024-03-31,05:45,Low,39.8
4568,Pune,23-04-2024,04:15,Low,42.3
4569,Pune,30-01-2023,18:00,High,17.0
4570,Pune,23/07/2024,19:30,Low,46.0
4571,Pune,2024-01-30,06:30,Severe,15.2
4572,Pune,17/10/2023,08:15,Severe,8.3
4573,Pune,21-04-2024,21:15,Moderate,28.7
4574,Pune,04/17/2023,08:45,High,16.2
4575,Pune,20/07/2023,20:30,High,21.0
4576,Pune,11-03-2024,06:15,Moderate,21.7
4577,Pune,10-06-2024,13:45,Low,39.5
4578,Pune,2024-03-05,14:45,High,15.4
4579,Pune,08-03-2023,15:15,Low,37.8
4580,Pune,23-07-2023,09:45,Severe,13.9
4581,Pune,2023.07.17,06:15,Moderate,28.2
4582,Pune,30-06-2024,09:45,Moderate,23.8
4583,Pune,2024.02.29,02:45,Low,39.3
4584,Pune,07/23/2023,10:45,High,24.0
4585,Pune,2024-06-09,14:15,Moderate,18.0
4586,Pune,2024-06-29,20:45,High,15.6
4587,Pune,03/23/2024,18:30,Severe,5.3
4588,Pune,12/08/2024,18:15,High,17.8
4589,Pune,05/09/2024,19:15,Moderate,27.7
4590,Pune,17/06/2024,09:45,High,16.9
4591,Pune,05/02/2024,14:45,Low,43.2
4592,Pune,06/05/2023,08:30,Moderate,26.7
4593,Pune,2024-09-25,11:45,Moderate,25.4
4594,Pune,12/14/2024,09:15,Low,39.2
4595,Pune,2024.07.18,21:45,Low,35.0
4596,Pune,2024.04.13,21:15,High,18.9
4597,Pune,2023-10-08,12:45,,27.2
4598,Pune,13-11-2023,09:45,Severe,10.8
4599,Pune,06/29/2024,09:15,Low,31.6
4600,Pune,15-10-2024,08:00,High,18.1
4601,Pune,13/09/2023,19:45,High,19.9
4602,Pune,31/07/2024,16:00,Severe,8.8
4603,Pune,14/08/2023,21:15,Low,42.6
4604,Pune,2023.08.24,19:45,Low,36.9
4605,Pune,03/15/2023,09:30,Severe,6.6
4606,Pune,2024-10-14,18:30,Low,40.6
4607,Pune,2024.01.27,20:00,High,16.5
4608,Pune,02/20/2023,12:30,Severe,3.8
4609,Pune,30/05/2024,08:15,Moderate,23.3
4610,Pune,05/28/2023,14:15,Severe,7.5
4611,Pune,2023.09.06,14:30,Low,41.0
4612,Pune,15-12-2023,09:00,Moderate,28.8
4613,Pune,03/12/2023,18:45,High,19.0
4614,Pune,2023.05.07,12:15,Low,34.6
4615,Pune,19/02/2024,06:15,Moderate,27.1
4616,Pune,12/01/2024,10:30,Moderate,22.4
4617,Pune,02/08/2023,18:00,High,17.1
4618,Pune,2023-01-16,16:30,Moderate,29.2
4619,Pune,29/06/2023,08:45,High,9.9
4620,Pune,03/14/2023,20:00,High,13.8
4621,Pune,12/02/2023,13:45,High,12.0
4622,Pune,2024-06-29,16:00,Low,34.3
4623,Pune,13/04/2023,13:45,Moderate,30.4
4624,Pune,23-04-2023,10:15,Moderate,23.3
4625,Pune,2024-08-22,08:45,Severe,9.0
4626,Pune,08-08-2023,18:15,High,17.9
4627,Pune,09/17/2023,07:15,Moderate,23.8
4628,Pune,23-02-2023,10:00,Low,45.0
4629,Pune,31/07/2024,17:15,Moderate,34.0
4630,Pune,03/08/2024,18:00,Moderate,23.7
4631,Pune,10/04/2023,11:30,Moderate,29.9
4632,Pune,2024-10-06,08:45,High,14.2
4633,Pune,05/12/2023,18:45,High,14.5
4634,Pune,06/22/2023,09:30,High,22.3
4635,Pune,2023-05-01,08:15,Severe,12.7
4636,Pune,24/05/2024,09:45,High,17.8
4637,Pune,2024.02.26,08:15,High,4.5
4638,Pune,10/04/2023,20:15,Severe,3.0
4639,Pune,2023-06-23,13:45,Moderate,26.8
4640,Pune,03/30/2023,10:45,Moderate,27.9
4641,Pune,24-03-2023,07:00,Moderate,28.2
4642,Pune,2023-09-02,07:00,Low,42.0
4643,Pune,2024-07-21,11:15,Low,46.9
4644,Pune,2023-02-04,16:30,Moderate,18.8
4645,Pune,2024-12-22,19:15,High,13.2
4646,Pune,12/02/2024,10:45,Moderate,32.1
4647,Pune,21-07-2023,20:30,Severe,9.3
4648,Pune,2024.10.15,06:45,Moderate,24.4
4649,Pune,2023-08-18,11:15,Low,42.9
4650,Pune,21/11/2023,15:15,High,17.8
4651,Pune,10/23/2024,08:45,Severe,10.2
4652,Pune,2023-06-11,21:00,Low,34.4
4653,Pune,2023.02.21,07:15,Moderate,22.3
4654,Pune,2024.04.04,18:30,Moderate,26.2
4655,Pune,10/17/2024,09:30,Severe,3.0
4656,Pune,22-04-2023,20:00,High,16.7
4657,Pune,09/08/2024,22:30,High,84.6
4658,Pune,07/08/2023,01:45,Low,37.1
4659,Pune,2024-04-05,14:00,Severe,8.5
4660,Pune,24-10-2024,20:45,Moderate,18.9
4661,Pune,09/11/2023,22:30,Moderate,24.5
4662,Pune,06/05/2023,08:00,Severe,4.4
4663,Pune,03-01-2024,20:45,High,17.7
4664,Pune,02/06/2024,18:00,High,15.0
4665,Pune,19-08-2023,19:30,High,13.2
4666,Pune,2023-10-25,18:45,Severe,3.0
4667,Pune,26/02/2024,17:15,High,17.1
4668,Pune,27-03-2024,11:15,Moderate,29.5
4669,Pune,18/09/2023,18:15,Severe,10.4
4670,Pune,11/13/2024,20:30,Severe,7.1
4671,Pune,2023-03-24,18:45,High,13.1
4672,Pune,2024-07-13,08:30,Moderate,22.8
4673,Pune,06/17/2023,22:30,Moderate,20.5
4674,Pune,10/05/2024,20:30,Severe,6.2
4675,Pune,2024.03.16,19:15,High,-24.3
4676,Pune,2023.10.09,08:45,High,16.5
4677,Pune,2023-10-09,09:30,Severe,3.0
4678,Pune,10/03/2023,17:15,High,23.4
4679,Pune,15/02/2024,22:00,Moderate,13.7
4680,Pune,28/05/2024,16:45,Low,35.7
4681,Pune,2024.02.19,11:00,Low,43.2
4682,Pune,08/08/2023,16:45,Low,40.5
4683,Pune,05/01/2023,03:45,Low,32.2
4684,Pune,2024.11.20,08:30,High,21.2
4685,Pune,02-11-2024,05:45,Low,27.4
4686,Pune,2023.10.12,09:15,Severe,11.1
4687,Pune,2023-08-22,09:45,High,12.6
4688,Pune,11/18/2024,00:00,Low,36.4
4689,Pune,2023-08-25,15:30,Moderate,31.9
4690,Pune,2024.12.09,07:45,Severe,7.5
4691,Pune,2024.11.11,12:45,Moderate,31.8
4692,Pune,10/24/2024,06:45,High,20.1
4693,Pune,23-10-2024,16:15,Moderate,29.6
4694,Pune,2024-07-23,15:30,Severe,5.4
4695,Pune,12/01/2024,22:00,Moderate,28.8
4696,Pune,2024.12.13,17:30,Moderate,35.8
4697,Pune,29/01/2024,09:15,Severe,9.9
4698,Pune,2023-05-02,08:45,High,15.8
4699,Pune,2023.10.28,07:30,Moderate,25.4
4700,Pune,12-09-2023,18:45,Moderate,29.7
4701,Pune,26-02-2024,19:00,Severe,12.7
4702,Pune,2024.04.06,03:15,Low,44.6
4703,Pune,2023.08.15,10:00,Moderate,24.7
4704,Pune,2024.01.02,16:00,Moderate,28.4
4705,Pune,2023.04.13,19:00,Severe,10.0
4706,Pune,2024.03.21,15:45,Low,33.2
4707,Pune,10/03/2023,15:30,Moderate,41.9
4708,Pune,2023-06-21,08:45,High,26.2
4709,Pune,2023-07-03,18:30,High,13.6
4710,Pune,2023-10-01,08:30,High,11.5
4711,Pune,10/22/2023,12:30,High,10.9
4712,Pune,27-08-2023,11:45,Low,30.5
4713,Pune,2023.06.07,04:15,Low,30.6
4714,Pune,03/11/2023,23:15,Moderate,30.9
4715,Pune,2024-01-23,16:45,Moderate,-29.6
4716,Pune,25-06-2023,21:30,Moderate,26.8
4717,Pune,2023-08-16,09:00,High,7.6
4718,Pune,16-02-2023,22:00,Moderate,33.7
4719,Pune,01/26/2023,13:15,Moderate,27.4
4720,Pune,02-03-2023,08:30,High,24.1
4721,Pune,06/20/2023,14:15,Low,40.6
4722,Pune,2024-11-08,19:00,Severe,16.0
4723,Pune,31-12-2024,11:30,Moderate,28.8
4724,Pune,07/10/2023,22:45,Moderate,34.2
4725,Pune,2023.10.03,21:00,High,16.4
4726,Pune,26-11-2024,19:15,High,20.1
4727,Pune,2023.10.25,08:00,High,10.3
4728,Pune,2024-06-16,12:45,Severe,3.0
4729,Pune,11-07-2024,13:30,Moderate,28.4
4730,Pune,08/03/2024,02:30,Low,41.9
4731,Pune,2024.03.30,18:30,High,11.6
4732,Pune,10-09-2024,00:30,Low,35.7
4733,Pune,22/10/2023,06:00,Moderate,31.9
4734,Pune,2024-04-19,07:15,,36.4
4735,Pune,2023-03-06,16:15,Moderate,19.1
4736,Pune,24-08-2024,07:45,Low,36.7
4737,Pune,2024-02-07,13:15,Low,41.3
4738,Pune,2024.02.06,16:30,High,20.6
4739,Pune,11-07-2024,19:45,Severe,5.4
4740,Pune,07-12-2024,00:00,Moderate,22.4
4741,Pune,2023-08-06,07:15,Low,-46.4
4742,Pune,2023-04-20,17:45,High,14.5
4743,Pune,25/12/2023,09:00,High,15.8
4744,Pune,05/12/2023,09:45,High,18.6
4745,Pune,12-02-2023,12:30,Moderate,31.6
4746,Pune,2023-03-28,11:30,Moderate,25.0
4747,Pune,2024-02-24,03:30,Moderate,23.2
4748,Pune,15/06/2024,10:15,Severe,9.6
4749,Pune,13-04-2024,19:15,High,15.4
4750,Pune,01/01/2023,15:45,High,6.7
4751,Pune,12-11-2023,16:30,Moderate,21.7
4752,Pune,2023.06.24,14:45,Low,32.6
4753,Pune,18/10/2024,11:30,Moderate,23.8
4754,Pune,21/02/2023,12:45,High,9.5
4755,Pune,2024-05-03,10:00,High,21.6
4756,Pune,28-11-2023,16:45,Moderate,29.1
4757,Pune,12/08/2024,14:00,Moderate,20.1
4758,Pune,08/12/2023,07:00,Moderate,19.2
4759,Pune,05-05-2023,12:15,,21.3
4760,Pune,2024.10.10,15:30,Low,37.2
4761,Pune,2023-11-17,20:30,Severe,6.8
4762,Pune,02/06/2024,15:45,Low,44.1
4763,Pune,02/15/2023,17:00,Severe,18.8
4764,Pune,04/21/2024,08:45,Severe,14.0
4765,Pune,04/05/2024,08:15,High,10.8
4766,Pune,2023-11-03,11:15,Low,40.7
4767,Pune,07/11/2024,13:30,Moderate,27.0
4768,Pune,2023.07.28,20:30,High,21.0
4769,Pune,01-11-2023,12:45,High,20.6
4770,Pune,10/18/2024,04:45,Moderate,28.7
4771,Pune,04/02/2023,13:45,Moderate,18.9
4772,Pune,05/11/2024,00:45,Moderate,31.5
4773,Pune,2024.05.24,08:30,Moderate,28.4
4774,Pune,09-10-2023,20:30,Moderate,26.8
4775,Pune,2023-11-23,20:45,High,16.3
4776,Pune,22/01/2023,20:30,High,19.2
4777,Pune,2024-05-30,20:45,High,20.1
4778,Pune,2023-10-03,15:30,Low,-47.6
4779,Pune,01/14/2023,13:15,Low,35.9
4780,Pune,2024-04-24,11:15,Low,39.9
4781,Pune,12/12/2024,18:45,Severe,13.8
4782,Pune,03-01-2024,11:45,High,8.1
4783,Pune,2024.09.29,02:00,Low,34.4
4784,Pune,2024-07-25,17:00,Low,36.1
4785,Pune,03/01/2023,08:15,Severe,4.2
4786,Pune,06/19/2024,18:00,High,13.7
4787,Pune,21/06/2023,13:45,Low,29.7
4788,Pune,11/03/2023,22:30,High,18.7
4789,Pune,2024-01-31,17:45,Moderate,28.4
4790,Pune,2023.09.09,21:00,Severe,6.4
4791,Pune,01/11/2023,17:00,Low,40.2
4792,Pune,2024-12-30,11:15,Moderate,22.9
4793,Pune,2023-09-02,17:30,Low,46.5
4794,Pune,10/29/2023,19:45,Severe,6.9
4795,Pune,01/02/2024,08:30,High,24.5
4796,Pune,02/12/2024,09:30,High,13.4
4797,Pune,2024.05.26,15:45,Low,43.1
4798,Pune,2024-10-09,14:00,Low,44.5
4799,Pune,2024-02-22,12:30,Moderate,21.0
4800,Pune,18-07-2024,18:15,Severe,15.7
4801,Pune,2024.12.02,13:30,Moderate,32.2
4802,Pune,06-05-2023,01:00,Moderate,23.9
4803,Pune,2023-02-22,15:00,Severe,8.1
4804,Pune,29-05-2023,11:30,High,18.7
4805,Pune,14-11-2023,10:00,Moderate,16.5
4806,Pune,12/08/2024,17:00,Low,39.2
4807,Pune,04-04-2024,17:15,High,10.5
4808,Pune,2023-07-30,07:30,Low,41.7
4809,Pune,24/03/2023,07:45,High,19.5
4810,Pune,04/11/2024,16:45,High,20.6
4811,Pune,24/11/2024,19:15,High,17.5
4812,Pune,2023.03.28,19:15,High,9.2
4813,Pune,2024.10.21,18:30,Severe,9.9
4814,Pune,10-02-2024,10:45,Moderate,33.1
4815,Pune,2023.12.14,21:15,Severe,8.6
4816,Pune,07-12-2024,21:00,Low,41.1
4817,Pune,2023.11.27,09:15,Low,28.7
4818,Pune,14-03-2023,19:30,Severe,7.5
4819,Pune,2023-04-18,04:15,Low,40.5
4820,Pune,16-09-2023,00:45,Low,37.4
4821,Pune,12/03/2024,14:45,Severe,3.5
4822,Pune,09-05-2023,10:30,High,17.2
4823,Pune,19/08/2023,04:45,Moderate,29.9
4824,Pune,23-10-2023,10:30,Moderate,30.8
4825,Pune,2024.11.30,03:15,Low,42.6
4826,Pune,03-05-2024,16:30,Low,32.7
4827,Pune,2023-03-13,08:30,High,16.1
4828,Pune,22/01/2023,20:30,High,20.0
4829,Pune,2023.08.24,10:15,Low,31.3
4830,Pune,13-06-2024,13:15,High,14.7
4831,Pune,2024.10.23,17:00,Low,42.3
4832,Pune,2024.05.23,07:15,Moderate,24.0
4833,Pune,2023.10.02,22:30,Moderate,19.7
4834,Pune,2024-08-14,12:30,Moderate,23.0
4835,Pune,09/30/2023,07:30,Severe,9.1
4836,Pune,31-10-2023,10:30,Low,43.5
4837,Pune,2024.09.09,18:45,High,16.1
4838,Pune,30/08/2023,07:15,Low,37.0
4839,Pune,02/07/2023,10:00,Low,40.1
4840,Pune,23/07/2023,17:30,High,15.0
4841,Pune,2024-10-03,12:00,Low,27.1
4842,Pune,2024.06.19,18:15,Moderate,32.5
4843,Pune,18-12-2023,19:00,High,19.1
4844,Pune,2023.04.29,11:45,Low,42.9
4845,Pune,06-02-2023,14:30,Moderate,17.0
4846,Pune,2023-03-16,09:30,Moderate,24.3
4847,Pune,08/13/2024,20:00,Moderate,29.6
4848,Pune,09/22/2023,06:45,Low,42.4
4849,Pune,02/09/2023,18:00,High,17.5
4850,Pune,2024-12-18,18:00,High,20.1
4851,Pune,13-01-2023,09:30,Severe,7.3
4852,Pune,02-05-2023,19:00,Severe,11.5
4853,Pune,10/11/2024,16:45,Moderate,31.3
4854,Pune,2024.12.31,17:15,Low,40.5
4855,Pune,09/02/2023,18:00,Severe,9.7
4856,Pune,01/22/2024,17:00,Moderate,24.1
4857,Pune,2024.04.06,05:45,Low,36.2
4858,Pune,2024.02.12,12:00,Low,45.5
4859,Pune,2024.05.25,07:45,Low,41.7
4860,Pune,28/12/2024,01:45,Moderate,33.2
4861,Pune,10/04/2023,20:30,Moderate,25.5
4862,Pune,30/08/2024,08:00,High,20.1
4863,Pune,06/03/2024,13:15,Moderate,37.3
4864,Pune,10-07-2023,09:45,Severe,4.0
4865,Pune,18-03-2023,17:45,Low,33.9
4866,Pune,10/11/2024,08:00,Moderate,-31.7
4867,Pune,03-01-2023,09:30,High,24.6
4868,Pune,2024.09.15,19:45,Severe,3.0
4869,Pune,10-02-2024,17:15,Moderate,31.4
4870,Pune,2024.12.09,10:30,Low,32.4
4871,Pune,24/12/2023,20:00,High,23.9
4872,Pune,29-02-2024,07:45,High,21.5
4873,Pune,11/16/2024,19:45,High,10.2
4874,Pune,21-11-2024,18:30,Severe,14.3
4875,Pune,04/01/2023,18:00,High,12.7
4876,Pune,2023-03-02,09:45,High,17.4
4877,Pune,09/11/2024,09:00,High,22.7
4878,Pune,14-03-2023,11:15,High,10.3
4879,Pune,22-09-2023,14:15,Severe,5.9
4880,Pune,02/16/2024,05:15,High,11.9
4881,Pune,04/10/2023,09:30,Moderate,19.0
4882,Pune,09/08/2023,06:30,Moderate,29.9
4883,Pune,2024.04.18,14:30,Low,40.1
4884,Pune,20/04/2023,08:00,High,17.3
4885,Pune,2024.01.28,16:45,Low,44.1
4886,Pune,01/23/2023,16:00,High,26.0
4887,Pune,25/06/2023,16:30,Moderate,30.7
4888,Pune,14-10-2023,14:15,Low,38.8
4889,Pune,04/07/2023,12:15,Low,37.4
4890,Pune,01/22/2023,17:00,Moderate,24.0
4891,Pune,03-07-2024,03:30,Low,38.1
4892,Pune,14/07/2024,09:15,High,13.1
4893,Pune,08/20/2024,07:15,High,13.6
4894,Pune,2023-04-22,12:45,Low,44.1
4895,Pune,29/06/2023,18:15,Moderate,27.9
4896,Pune,2023.08.16,10:45,Low,39.8
4897,Pune,2024-10-07,08:15,Severe,14.9
4898,Pune,2023-04-03,09:15,Severe,5.4
4899,Pune,07/16/2024,17:15,Low,26.2
4900,Pune,04/04/2023,10:30,Moderate,25.8
4901,Pune,2024-12-28,17:00,High,11.4
4902,Pune,2024.11.27,09:45,Moderate,31.6
4903,Pune,02-11-2024,19:00,High,14.6
4904,Pune,07/07/2024,20:00,Low,33.9
4905,Pune,03/11/2024,19:15,High,17.9
4906,Pune,2023.07.14,15:45,Low,37.0
4907,Pune,01/24/2024,06:30,High,19.8
4908,Pune,29/06/2023,21:15,Low,34.5
4909,Pune,15-10-2023,19:15,High,16.8
4910,Pune,12/08/2023,22:00,Moderate,25.4
4911,Pune,02/04/2024,20:30,High,20.4
4912,Pune,09/20/2024,18:00,High,11.9
4913,Pune,21/01/2023,09:45,High,10.1
4914,Pune,30/09/2024,19:30,High,22.1
4915,Pune,2023-12-17,16:00,Low,34.8
4916,Pune,19/11/2024,10:30,Low,50.0
4917,Pune,2024.06.04,08:15,High,18.1
4918,Pune,12/29/2024,19:30,Severe,7.9
4919,Pune,2024.05.30,11:45,Severe,6.8
4920,Pune,13-05-2024,18:45,Low,37.9
4921,Pune,2023-12-21,09:30,Severe,12.5
4922,Pune,27/12/2023,02:00,Low,41.2
4923,Pune,05/17/2023,15:00,Low,44.8
4924,Pune,2024.09.16,17:15,Moderate,30.9
4925,Pune,2024-07-22,22:15,Low,27.9
4926,Pune,05/07/2023,08:00,Severe,7.8
4927,Pune,2024.02.12,18:45,Severe,3.0
4928,Pune,02/29/2024,09:15,Severe,11.3
4929,Pune,2024-07-11,19:15,High,23.5
4930,Pune,2023-07-05,19:15,High,21.2
4931,Pune,2023.03.08,12:00,Moderate,24.6
4932,Pune,05-04-2023,06:30,Low,38.2
4933,Pune,17/08/2024,17:15,Moderate,29.1
4934,Pune,23/05/2024,07:45,Low,31.3
4935,Pune,2024-08-23,08:30,Severe,3.5
4936,Pune,01/22/2024,00:30,Moderate,22.3
4937,Pune,17-01-2024,19:30,Low,41.5
4938,Pune,02/05/2024,13:00,Moderate,28.7
4939,Pune,2024.05.18,22:00,Moderate,20.8
4940,Pune,03-05-2023,18:45,Severe,11.3
4941,Pune,28/09/2023,21:45,High,15.2
4942,Pune,11-02-2023,08:15,Severe,10.0
4943,Pune,20-06-2024,01:15,Low,36.9
4944,Pune,11/21/2024,10:30,Low,28.6
4945,Pune,02/12/2024,07:00,Moderate,30.7
4946,Pune,09/08/2024,18:30,Severe,11.7
4947,Pune,2024.02.16,07:45,Low,38.1
4948,Pune,2024-09-12,20:30,Moderate,31.8
4949,Pune,04/28/2024,08:45,High,16.1
4950,Pune,03/29/2023,09:30,Moderate,22.7
4951,Pune,06/04/2024,17:30,High,12.2
4952,Pune,27/09/2023,10:45,Moderate,28.0
4953,Pune,01/08/2023,13:00,Severe,3.8
4954,Pune,07/31/2023,19:45,High,22.8
4955,Pune,02/16/2024,16:45,High,6.8
4956,Pune,24-05-2024,16:00,Low,41.6
4957,Pune,27-02-2024,07:15,Low,34.3
4958,Pune,2024.04.07,12:00,Moderate,29.5
4959,Pune,11/06/2023,18:00,Moderate,24.7
4960,Pune,06/11/2024,10:15,Low,38.5
4961,Pune,05/17/2023,14:30,Severe,7.1
4962,Pune,2023-12-09,15:45,High,8.3
4963,Pune,2024-03-15,14:15,Low,36.1
4964,Pune,12/17/2024,10:30,Moderate,31.6
4965,Pune,01-08-2023,20:30,High,22.7
4966,Pune,2024.10.10,08:30,High,14.7
4967,Pune,2024-01-31,13:45,Low,40.4
4968,Pune,2023.10.14,03:45,Moderate,20.8
4969,Pune,13/03/2023,00:00,High,23.2
4970,Pune,2023.10.30,23:45,Low,32.3
4971,Pune,04/11/2023,00:00,Moderate,31.5
4972,Pune,2024.11.21,18:45,Moderate,23.0
4973,Pune,01-02-2023,19:30,Severe,7.4
4974,Pune,2023-02-19,17:45,Moderate,31.9
4975,Pune,03/22/2023,10:00,High,8.2
4976,Pune,2024.10.13,06:45,Low,35.6
4977,Pune,2023.03.29,16:00,Low,35.8
4978,Pune,30-03-2024,12:45,Moderate,21.2
4979,Pune,17-10-2023,07:45,Moderate,31.7
4980,Pune,28/03/2023,20:45,Severe,8.9
4981,Pune,02/17/2024,23:45,Severe,13.7
4982,Pune,12/06/2023,08:00,Severe,16.0
4983,Pune,27-02-2024,12:15,High,8.7
4984,Pune,08/19/2024,10:45,Moderate,24.1
4985,Pune,11/02/2023,18:00,Moderate,26.9
4986,Pune,2023-11-08,16:15,Low,32.2
4987,Pune,11/15/2023,08:15,High,27.1
4988,Pune,2024.08.27,06:15,Moderate,23.3
4989,Pune,17-01-2024,16:45,Low,46.2
4990,Pune,02/03/2024,09:00,Severe,3.0
4991,Pune,2023-01-19,18:30,Severe,15.2
4992,Pune,2023.06.21,14:45,Moderate,29.9
4993,Pune,2024-01-07,01:15,Low,35.7
4994,Pune,2023-09-28,09:30,Severe,4.6
4995,Pune,2023.11.17,14:15,High,15.6
4996,Pune,03-10-2023,07:00,Low,36.9
4997,Pune,05/19/2023,21:15,Low,41.2
4998,Pune,19/02/2024,08:15,Moderate,25.4
4999,Pune,11/07/2024,14:45,Low,33.6
5000,Pune,2024-04-05,18:00,High,15.6
5001,Pune,2023.09.21,08:15,High,19.2
5002,Pune,24-09-2024,11:30,Moderate,29.5
5003,Pune,2024-02-23,02:30,Low,38.2
5004,Pune,2023-07-15,17:15,Moderate,31.3
5005,Pune,2023-12-29,01:30,High,10.4
5006,Pune,2024-08-28,17:00,Low,46.8
5007,Pune,21-09-2024,09:30,High,16.2
5008,Pune,06/12/2024,17:15,Low,42.2
5009,Pune,2023-11-19,08:15,High,12.3
5010,Pune,10/22/2024,01:30,Low,39.8
5011,Pune,2023-07-23,21:45,Low,35.6
5012,Pune,27/12/2023,15:45,Low,36.7
5013,Pune,04/29/2024,18:45,High,6.2
5014,Pune,07/21/2023,17:45,Moderate,22.3
5015,Pune,2023-02-26,10:00,High,23.5
5016,Pune,2024.12.22,12:15,Low,38.0
5017,Pune,19/04/2023,09:15,High,21.7
5018,Pune,07-09-2024,06:45,High,12.9
5019,Pune,2023-10-30,08:30,Moderate,19.4
5020,Pune,29-08-2023,07:15,Low,39.3
5021,Pune,12/10/2023,17:00,Severe,4.3
5022,Pune,2023.03.24,11:00,Low,40.4
5023,Pune,2024.12.28,21:00,Moderate,29.6
5024,Pune,03/19/2023,08:45,Severe,6.8
5025,Pune,2023.10.03,10:15,Low,30.7
5026,Pune,29/07/2023,14:15,Moderate,29.1
5027,Pune,2024.10.23,08:45,Severe,6.9
5028,Pune,01/02/2023,12:00,Low,36.2
5029,Pune,07/08/2024,08:45,Severe,16.8
5030,Pune,2024.08.26,12:15,Moderate,42.4
5031,Pune,09-06-2023,04:30,Low,34.6
5032,Pune,2023.12.13,07:00,Low,41.9
5033,Pune,05/02/2024,07:30,Moderate,23.1
5034,Pune,2023.05.19,06:45,Low,50.1
5035,Pune,10/12/2024,16:15,High,19.8
5036,Pune,11/10/2023,18:45,High,10.0
5037,Pune,2023.07.10,08:30,Moderate,29.9
5038,Pune,2023-03-09,15:15,Moderate,29.8
5039,Pune,28/04/2023,20:45,Severe,9.4
5040,Pune,2024.04.03,19:45,High,14.3
5041,Pune,2023.08.24,14:15,Moderate,24.8
5042,Pune,08/29/2024,10:00,Low,39.4
5043,Pune,2023.01.19,02:15,Low,34.5
5044,Pune,2023.11.10,12:00,Moderate,20.7
5045,Pune,2023.08.02,20:45,High,21.3
5046,Pune,2023.03.31,04:30,High,18.6
5047,Pune,07/09/2024,14:00,Moderate,20.1
5048,Pune,2024-08-29,08:30,Low,24.8
5049,Pune,04/07/2024,10:15,Moderate,32.7
5050,Pune,02/14/2023,20:15,Severe,4.0
5051,Pune,2024-12-28,05:30,Low,35.1
5052,Pune,05/28/2023,16:45,Moderate,26.2
5053,Pune,2023.09.04,20:00,High,15.0
5054,Pune,12/10/2024,11:00,Low,31.7
5055,Pune,01/29/2024,09:45,High,12.4
5056,Pune,10-06-2023,23:00,High,25.2
5057,Pune,2023-10-31,09:30,Moderate,19.2
5058,Pune,04-05-2024,16:00,Moderate,16.0
5059,Pune,23-12-2023,18:45,Severe,7.4
5060,Pune,03/06/2024,13:45,Moderate,22.1
5061,Pune,08-08-2023,18:15,High,23.4
5062,Pune,01/07/2023,19:30,Severe,7.7
5063,Pune,04/25/2024,11:30,Moderate,22.9
5064,Pune,18-09-2023,19:45,High,19.5
5065,Pune,2024-06-13,18:00,High,27.2
5066,Pune,2023.10.13,06:00,Moderate,16.2
5067,Pune,06/01/2024,12:30,Severe,7.2
5068,Pune,2024.07.14,23:30,High,15.4
5069,Pune,2023.12.08,14:00,Low,40.4
5070,Pune,11/27/2023,07:30,Low,40.2
5071,Pune,23/02/2023,16:15,Low,35.5
5072,Pune,12/03/2024,18:45,High,14.1
5073,Pune,02/04/2023,21:15,Low,43.0
5074,Pune,12/12/2023,16:45,Moderate,25.3
5075,Pune,30/07/2023,19:30,High,16.1
5076,Pune,10-06-2024,08:15,High,11.2
5077,Pune,2024.08.11,22:00,High,24.5
5078,Pune,08/26/2024,03:45,,37.1
5079,Pune,04/15/2023,09:45,Severe,4.6
5080,Pune,06/06/2024,12:30,Low,41.0
5081,Pune,2024.02.10,19:45,High,10.9
5082,Pune,03/29/2024,22:15,Low,37.7
5083,Pune,2024.03.16,04:45,Low,40.5
5084,Pune,2023.05.07,17:15,High,17.4
5085,Pune,2024-12-17,18:45,High,19.3
5086,Pune,28/01/2023,08:30,High,22.3
5087,Pune,01/07/2024,19:30,High,16.1
5088,Pune,2023.08.30,18:30,Low,29.8
5089,Pune,31-08-2023,08:45,Severe,4.3
5090,Pune,12/08/2024,19:00,High,20.1
5091,Pune,04/23/2024,19:00,High,17.6
5092,Pune,16-12-2024,17:45,Low,38.4
5093,Pune,2023.08.04,17:15,Severe,9.4
5094,Pune,2024-04-07,19:30,Severe,6.9
5095,Pune,22-09-2023,16:45,Low,36.9
5096,Pune,03/21/2023,13:00,Low,30.7
5097,Pune,12/25/2024,01:00,Low,48.8
5098,Pune,2024-07-29,18:45,Moderate,21.3
5099,Pune,2024.07.19,11:45,High,21.6
5100,Pune,2024-11-09,19:00,Moderate,19.1
5101,Pune,2024.04.25,18:15,High,15.8
5102,Pune,2024.02.03,16:30,Moderate,85.9
5103,Pune,2023-07-19,00:30,Low,32.6
5104,Pune,26-07-2024,12:30,Moderate,22.6
5105,Pune,2024-12-15,18:15,High,22.0
5106,Pune,2023-06-14,20:15,High,16.8
5107,Pune,2023-11-18,20:45,Moderate,35.2
5108,Pune,06/04/2024,12:30,Moderate,26.3
5109,Pune,27/07/2023,07:15,Moderate,23.6
5110,Pune,12-07-2024,19:15,High,21.9
5111,Pune,20/06/2024,09:45,High,21.9
5112,Pune,27-02-2024,07:45,High,11.3
5113,Pune,2024-02-18,00:30,Moderate,24.8
5114,Pune,19-03-2023,13:45,Moderate,34.1
5115,Pune,2024.05.06,19:15,High,14.7
5116,Pune,16/01/2024,16:15,High,12.8
5117,Pune,2024-05-03,09:15,Moderate,21.9
5118,Pune,2024-07-14,18:45,High,21.7
5119,Pune,2023.08.22,08:30,High,16.2
5120,Pune,01-08-2023,07:30,Low,45.6
5121,Pune,08/23/2023,15:45,Low,36.3
5122,Pune,13-04-2024,14:00,Severe,3.3
5123,Ahmedabad,19/07/2024,14:15,Moderate,29.6
5124,Ahmedabad,10/17/2023,04:15,Moderate,23.2
5125,Ahmedabad,2024-05-09,09:30,Moderate,28.7
5126,Ahmedabad,25/07/2024,07:00,Moderate,30.9
5127,Ahmedabad,10/03/2024,08:15,High,7.3
5128,Ahmedabad,2024-10-17,06:30,Low,41.7
5129,Ahmedabad,2024.06.05,08:00,Low,41.3
5130,Ahmedabad,30/08/2024,19:45,Severe,3.0
5131,Ahmedabad,05/04/2024,08:15,Moderate,29.9
5132,Ahmedabad,18-03-2023,15:30,Low,43.9
5133,Ahmedabad,28-10-2024,16:30,Moderate,32.6
5134,Ahmedabad,29/05/2024,08:30,High,-16.3
5135,Ahmedabad,19-11-2024,08:00,High,14.8
5136,Ahmedabad,2023-12-21,18:45,High,21.3
5137,Ahmedabad,05/23/2023,10:30,Moderate,30.0
5138,Ahmedabad,08/05/2024,09:30,High,11.1
5139,Ahmedabad,2023-03-23,15:45,Low,42.2
5140,Ahmedabad,10/02/2023,07:00,Low,34.1
5141,Ahmedabad,2023-01-26,11:00,Moderate,17.0
5142,Ahmedabad,23/06/2024,09:00,High,7.2
5143,Ahmedabad,2023.05.19,06:30,Moderate,28.5
5144,Ahmedabad,2024-08-30,22:45,Low,34.4
5145,Ahmedabad,2024.11.10,19:00,High,12.0
5146,Ahmedabad,23/03/2024,12:15,Moderate,29.4
5147,Ahmedabad,2024-03-21,04:30,Low,45.6
5148,Ahmedabad,06/19/2023,08:45,High,23.8
5149,Ahmedabad,2024.04.03,08:15,High,18.2
5150,Ahmedabad,2023-12-04,17:15,Severe,7.4
5151,Ahmedabad,2023-02-01,07:15,Moderate,20.0
5152,Ahmedabad,2024.06.25,10:30,Moderate,31.5
5153,Ahmedabad,06-11-2024,07:30,Low,34.7
5154,Ahmedabad,19-02-2023,08:30,High,20.5
5155,Ahmedabad,30-09-2023,19:30,High,16.7
5156,Ahmedabad,12/04/2023,16:00,Low,33.0
5157,Ahmedabad,2023.01.17,18:30,Severe,8.9
5158,Ahmedabad,2024-02-09,10:15,Moderate,28.7
5159,Ahmedabad,2024-03-27,19:45,High,16.9
5160,Ahmedabad,2024-11-02,14:15,Moderate,-29.8
5161,Ahmedabad,2023-04-14,09:30,High,15.2
5162,Ahmedabad,07/03/2024,05:30,High,17.8
5163,Ahmedabad,07/13/2024,05:30,Moderate,30.0
5164,Ahmedabad,06/06/2023,22:45,Severe,3.6
5165,Ahmedabad,17-07-2023,08:00,High,16.6
5166,Ahmedabad,03-05-2024,09:30,Severe,3.0
5167,Ahmedabad,10/26/2023,18:30,Low,49.2
5168,Ahmedabad,08/15/2023,08:15,High,20.6
5169,Ahmedabad,15/02/2023,19:45,High,6.9
5170,Ahmedabad,08-09-2023,13:15,Severe,12.3
5171,Ahmedabad,10/07/2023,12:00,Moderate,19.3
5172,Ahmedabad,10/16/2024,07:15,Low,45.7
5173,Ahmedabad,25-04-2024,06:00,Moderate,27.7
5174,Ahmedabad,04/22/2023,08:00,Severe,8.6
5175,Ahmedabad,08/30/2024,11:00,Moderate,34.1
5176,Ahmedabad,22-08-2024,12:15,Moderate,28.4
5177,Ahmedabad,2024.11.08,09:45,Severe,9.1
5178,Ahmedabad,2024-03-20,01:15,Low,38.1
5179,Ahmedabad,2023.07.16,10:30,High,19.3
5180,Ahmedabad,07/07/2024,09:15,High,17.4
5181,Ahmedabad,2024-11-02,21:15,Moderate,28.3
5182,Ahmedabad,06/21/2023,08:15,Moderate,27.0
5183,Ahmedabad,22/02/2024,16:00,High,11.3
5184,Ahmedabad,11/14/2023,17:15,Moderate,31.2
5185,Ahmedabad,2024-04-02,08:30,High,17.2
5186,Ahmedabad,19/09/2023,07:15,Severe,6.4
5187,Ahmedabad,13-09-2024,14:30,High,8.9
5188,Ahmedabad,2024-03-11,14:45,Severe,10.8
5189,Ahmedabad,2023.07.12,16:15,High,18.8
5190,Ahmedabad,2023-01-12,12:15,Moderate,40.0
5191,Ahmedabad,2023.10.31,17:45,Low,36.5
5192,Ahmedabad,2023-05-18,10:15,Moderate,24.0
5193,Ahmedabad,2024.12.16,12:15,Low,30.8
5194,Ahmedabad,14-01-2024,17:15,Severe,14.0
5195,Ahmedabad,07/19/2023,17:15,Moderate,37.2
5196,Ahmedabad,22-10-2023,16:15,Moderate,26.3
5197,Ahmedabad,01-01-2024,20:45,High,23.7
5198,Ahmedabad,21/01/2024,18:45,Severe,8.8
5199,Ahmedabad,2023-01-15,00:15,Low,42.7
5200,Ahmedabad,2023.08.24,08:15,Severe,20.2
5201,Ahmedabad,2023-09-23,12:00,Low,41.2
5202,Ahmedabad,2023.09.23,07:45,Moderate,30.1
5203,Ahmedabad,05/01/2023,15:15,Moderate,21.1
5204,Ahmedabad,2023.07.23,12:30,Severe,4.0
5205,Ahmedabad,2023-07-01,12:00,Moderate,24.5
5206,Ahmedabad,2024-09-08,19:15,Moderate,20.8
5207,Ahmedabad,2023.07.24,09:15,Moderate,23.1
5208,Ahmedabad,11/11/2023,20:00,Low,36.0
5209,Ahmedabad,2024.10.07,18:00,Low,37.0
5210,Ahmedabad,17-02-2023,19:45,High,13.4
5211,Ahmedabad,02/09/2023,18:15,High,24.0
5212,Ahmedabad,10/27/2023,20:45,High,23.0
5213,Ahmedabad,11/07/2024,08:15,Moderate,33.7
5214,Ahmedabad,02-08-2024,07:45,Low,39.2
5215,Ahmedabad,02/03/2024,08:45,High,18.8
5216,Ahmedabad,2023.05.02,22:00,Severe,3.0
5217,Ahmedabad,14-10-2023,08:30,High,17.3
5218,Ahmedabad,20-12-2024,19:15,Low,35.0
5219,Ahmedabad,04/08/2024,07:00,Low,42.8
5220,Ahmedabad,2024.05.17,09:45,High,16.5
5221,Ahmedabad,18-07-2024,08:15,High,12.3
5222,Ahmedabad,2023.02.12,18:00,High,16.3
5223,Ahmedabad,2023.11.15,08:00,Moderate,26.4
5224,Ahmedabad,2023.11.01,11:45,High,-18.2
5225,Ahmedabad,2023-06-22,07:00,High,6.4
5226,Ahmedabad,02/03/2024,12:45,Moderate,22.7
5227,Ahmedabad,2023.12.11,03:15,High,19.5
5228,Ahmedabad,10/03/2024,19:45,Severe,6.8
5229,Ahmedabad,02/04/2024,06:30,Low,39.2
5230,Ahmedabad,05/07/2024,07:30,Moderate,30.2
5231,Ahmedabad,2024-03-23,17:00,Low,29.8
5232,Ahmedabad,04-11-2023,07:30,High,19.4
5233,Ahmedabad,22/03/2023,16:45,Low,44.2
5234,Ahmedabad,2023.08.08,06:00,Moderate,24.7
5235,Ahmedabad,2024.06.21,13:45,Low,31.9
5236,Ahmedabad,2023.11.11,01:15,Low,36.0
5237,Ahmedabad,19-08-2024,06:15,High,8.0
5238,Ahmedabad,09/11/2023,12:15,Severe,11.8
5239,Ahmedabad,04/14/2023,08:30,Severe,3.0
5240,Ahmedabad,2024-04-21,19:15,Severe,11.0
5241,Ahmedabad,2023.10.20,06:30,Moderate,33.1
5242,Ahmedabad,27-09-2023,20:00,Severe,8.1
5243,Ahmedabad,19/10/2024,19:45,Severe,4.9
5244,Ahmedabad,05/09/2024,15:15,High,15.2
5245,Ahmedabad,2023.02.06,14:30,Low,35.7
5246,Ahmedabad,11/07/2023,16:15,Moderate,31.6
5247,Ahmedabad,02-12-2024,22:45,High,20.7
5248,Ahmedabad,05/11/2024,20:30,High,13.0
5249,Ahmedabad,2024.12.11,17:15,Moderate,31.3
5250,Ahmedabad,08/20/2024,20:15,Severe,13.5
5251,Ahmedabad,08/01/2023,19:00,Low,42.8
5252,Ahmedabad,2023.05.27,07:00,Low,28.9
5253,Ahmedabad,2023-03-05,10:30,Low,32.5
5254,Ahmedabad,02/10/2023,17:45,Moderate,23.6
5255,Ahmedabad,10/19/2023,06:45,Moderate,34.9
5256,Ahmedabad,08/26/2024,05:45,Low,39.2
5257,Ahmedabad,2024-03-18,11:00,Low,31.1
5258,Ahmedabad,17-10-2024,09:00,Severe,-7.0
5259,Ahmedabad,08-09-2023,08:15,Severe,9.0
5260,Ahmedabad,2024.03.04,19:15,High,11.3
5261,Ahmedabad,25/04/2023,06:15,Moderate,29.7
5262,Ahmedabad,10/11/2024,08:45,Severe,7.6
5263,Ahmedabad,27/03/2024,17:15,Low,-37.6
5264,Ahmedabad,03/12/2024,06:30,Low,38.0
5265,Ahmedabad,05/08/2023,03:45,Low,39.5
5266,Ahmedabad,20/07/2023,20:30,High,9.8
5267,Ahmedabad,2023.05.12,18:45,High,11.7
5268,Ahmedabad,03-03-2024,14:45,Moderate,26.6
5269,Ahmedabad,07/02/2023,18:45,Moderate,22.5
5270,Ahmedabad,04/06/2023,11:00,Moderate,27.7
5271,Ahmedabad,05/05/2024,14:30,Low,36.9
5272,Ahmedabad,02/18/2023,19:30,Low,38.2
5273,Ahmedabad,15/11/2024,18:15,Moderate,24.0
5274,Ahmedabad,08/14/2024,14:30,Moderate,89.2
5275,Ahmedabad,28-08-2024,02:15,Low,37.4
5276,Ahmedabad,07/16/2024,10:30,Moderate,34.8
5277,Ahmedabad,2023-01-17,19:30,High,6.3
5278,Ahmedabad,02/23/2023,16:45,Moderate,18.3
5279,Ahmedabad,17-04-2023,07:30,Moderate,29.7
5280,Ahmedabad,22/03/2024,20:45,Severe,3.0
5281,Ahmedabad,2024-07-01,20:00,High,19.7
5282,Ahmedabad,2024.11.23,09:15,Severe,11.6
5283,Ahmedabad,16/07/2024,12:45,Moderate,-29.6
5284,Ahmedabad,09/09/2023,09:00,High,28.4
5285,Ahmedabad,02/08/2024,08:00,Moderate,17.6
5286,Ahmedabad,2023.12.11,10:00,Low,40.8
5287,Ahmedabad,2024-07-15,17:30,Moderate,24.0
5288,Ahmedabad,24-07-2023,11:15,Low,47.8
5289,Ahmedabad,2023.01.25,16:30,Low,38.4
5290,Ahmedabad,2024.06.09,14:00,Low,36.1
5291,Ahmedabad,2024.08.19,06:00,Moderate,36.6
5292,Ahmedabad,01/28/2024,17:45,Severe,3.0
5293,Ahmedabad,21-11-2024,23:45,Severe,3.4
5294,Ahmedabad,12/11/2024,18:15,Severe,3.0
5295,Ahmedabad,2024.01.26,14:45,Low,32.7
5296,Ahmedabad,10-11-2023,08:30,High,17.6
5297,Ahmedabad,2024.03.21,15:00,Moderate,36.9
5298,Ahmedabad,13/05/2024,18:00,Severe,7.4
5299,Ahmedabad,08-12-2024,00:45,High,25.5
5300,Ahmedabad,01-05-2023,09:15,High,27.0
5301,Ahmedabad,23-02-2024,16:15,Severe,12.9
5302,Ahmedabad,07/14/2024,16:30,Moderate,25.7
5303,Ahmedabad,01/08/2024,22:30,High,22.1
5304,Ahmedabad,24-10-2023,08:15,High,22.0
5305,Ahmedabad,10/01/2023,13:00,High,3.0
5306,Ahmedabad,24/09/2024,09:00,High,28.3
5307,Ahmedabad,10/15/2023,08:00,High,13.9
5308,Ahmedabad,2023.01.21,09:00,High,16.1
5309,Ahmedabad,2024.10.03,12:15,Moderate,23.4
5310,Ahmedabad,04/10/2023,07:15,Moderate,20.1
5311,Ahmedabad,2024-08-05,20:15,High,16.3
5312,Ahmedabad,2024.03.08,03:00,High,25.8
5313,Ahmedabad,12-11-2023,20:00,Severe,16.5
5314,Ahmedabad,2024.12.03,19:15,High,24.3
5315,Ahmedabad,2023.01.04,11:30,Low,44.7
5316,Ahmedabad,14/05/2024,08:15,High,21.1
5317,Ahmedabad,2024.06.06,16:30,High,21.4
5318,Ahmedabad,11/11/2023,21:45,Low,36.9
5319,Ahmedabad,22-10-2023,08:00,High,16.5
5320,Ahmedabad,2023.05.25,11:30,Moderate,23.5
5321,Ahmedabad,2024-03-21,13:45,Moderate,24.7
5322,Ahmedabad,03-04-2024,08:30,High,19.3
5323,Ahmedabad,06/15/2023,14:45,Low,35.5
5324,Ahmedabad,2024-06-20,03:45,Low,42.5
5325,Ahmedabad,2024.10.03,06:45,,16.2
5326,Ahmedabad,11/09/2024,16:30,Moderate,20.8
5327,Ahmedabad,04/08/2024,16:45,Moderate,28.7
5328,Ahmedabad,2023.10.05,01:45,Moderate,19.0
5329,Ahmedabad,25/08/2024,17:30,Low,41.4
5330,Ahmedabad,2023.06.17,03:30,Low,37.2
5331,Ahmedabad,05/23/2024,16:45,Moderate,29.6
5332,Ahmedabad,12/10/2023,11:15,High,10.3
5333,Ahmedabad,31-10-2023,20:45,High,12.3
5334,Ahmedabad,06/22/2023,06:30,Low,-41.6
5335,Ahmedabad,2023-02-13,08:00,Moderate,31.5
5336,Ahmedabad,13/03/2024,08:15,High,19.2
5337,Ahmedabad,22-07-2023,07:30,Moderate,29.5
5338,Ahmedabad,2023.09.26,10:30,Moderate,25.8
5339,Ahmedabad,2023-12-20,19:15,High,6.9
5340,Ahmedabad,21-02-2023,08:00,High,22.9
5341,Ahmedabad,2024.09.07,18:45,Severe,4.4
5342,Ahmedabad,09-06-2023,14:00,Low,35.6
5343,Ahmedabad,2023.12.25,17:45,Low,42.8
5344,Ahmedabad,07/12/2023,20:15,High,19.6
5345,Ahmedabad,28-08-2024,14:15,Moderate,25.4
5346,Ahmedabad,09-01-2023,02:45,Low,35.8
5347,Ahmedabad,2024.02.28,22:15,Moderate,28.1
5348,Ahmedabad,13/07/2023,11:30,Low,39.7
5349,Ahmedabad,29-06-2024,11:00,Low,38.7
5350,Ahmedabad,02/23/2023,07:15,Moderate,27.7
5351,Ahmedabad,2024.05.07,18:15,Severe,-5.0
5352,Ahmedabad,23/02/2023,17:00,Low,40.0
5353,Ahmedabad,09/03/2024,18:30,Moderate,22.5
5354,Ahmedabad,25-06-2023,06:30,Moderate,30.8
5355,Ahmedabad,2024-03-06,18:15,Severe,3.0
5356,Ahmedabad,03/16/2024,00:00,Low,39.1
5357,Ahmedabad,24-05-2024,18:30,Moderate,25.9
5358,Ahmedabad,2023.01.19,14:15,Moderate,23.0
5359,Ahmedabad,09/19/2024,07:45,Severe,3.0
5360,Ahmedabad,2024-09-15,21:30,Moderate,115.4
5361,Ahmedabad,16-09-2024,09:30,Moderate,22.1
5362,Ahmedabad,06-10-2023,14:30,High,14.2
5363,Ahmedabad,01/28/2023,06:30,High,20.7
5364,Ahmedabad,2023-03-21,06:00,Moderate,22.6
5365,Ahmedabad,06/02/2024,14:30,Low,36.5
5366,Ahmedabad,07/05/2024,08:45,Severe,16.3
5367,Ahmedabad,04/05/2023,17:45,High,17.9
5368,Ahmedabad,07/30/2023,15:30,High,9.0
5369,Ahmedabad,08/07/2023,09:45,High,14.1
5370,Ahmedabad,2024.01.29,18:45,Severe,17.8
5371,Ahmedabad,2023-04-07,19:45,Severe,18.2
5372,Ahmedabad,11-12-2023,00:30,Low,39.2
5373,Ahmedabad,02/24/2024,16:15,High,19.6
5374,Ahmedabad,2023.02.28,16:45,Low,43.4
5375,Ahmedabad,2023.07.18,10:45,Low,39.8
5376,Ahmedabad,06/01/2024,16:30,Low,45.9
5377,Ahmedabad,2023-08-15,17:15,Severe,17.7
5378,Ahmedabad,04/10/2023,12:15,High,13.4
5379,Ahmedabad,2023.01.19,17:30,Low,42.0
5380,Ahmedabad,2024-08-20,19:00,Low,39.8
5381,Ahmedabad,30-11-2023,11:15,Severe,11.4
5382,Ahmedabad,12/10/2023,09:15,Moderate,27.3
5383,Ahmedabad,2024-10-04,13:15,Moderate,23.5
5384,Ahmedabad,2023-01-31,06:15,Low,30.5
5385,Ahmedabad,2023-01-23,21:45,Severe,11.6
5386,Ahmedabad,24/09/2023,20:30,Severe,9.2
5387,Ahmedabad,2023-03-28,12:15,Moderate,31.9
5388,Ahmedabad,21-03-2023,19:15,Moderate,23.2
5389,Ahmedabad,12-04-2024,11:00,Severe,3.0
5390,Ahmedabad,28/10/2023,02:15,Low,41.3
5391,Ahmedabad,03/12/2023,16:15,Low,36.4
5392,Ahmedabad,2024-09-19,12:00,High,16.3
5393,Ahmedabad,22/04/2023,21:45,Moderate,31.8
5394,Ahmedabad,2023.10.01,20:15,Severe,5.8
5395,Ahmedabad,2023-12-29,18:00,High,19.1
5396,Ahmedabad,2024.07.11,08:00,Severe,12.2
5397,Ahmedabad,24-07-2023,08:30,Severe,18.0
5398,Ahmedabad,2023.12.18,14:15,Moderate,15.1
5399,Ahmedabad,10/29/2024,17:15,Moderate,26.9
5400,Ahmedabad,26-05-2024,19:15,Severe,3.0
5401,Ahmedabad,08/29/2024,07:00,Moderate,39.5
5402,Ahmedabad,18/05/2023,15:45,High,9.6
5403,Ahmedabad,05/09/2023,09:30,Severe,7.6
5404,Ahmedabad,2023-02-06,14:15,Low,41.9
5405,Ahmedabad,08/11/2024,11:15,Severe,7.2
5406,Ahmedabad,04/05/2024,08:15,Severe,9.7
5407,Ahmedabad,27-01-2023,09:15,High,16.3
5408,Ahmedabad,2023.05.19,17:45,Low,43.4
5409,Ahmedabad,2023-04-16,21:30,High,9.6
5410,Ahmedabad,2024.05.04,07:15,Moderate,31.7
5411,Ahmedabad,06-06-2024,15:00,Moderate,20.5
5412,Ahmedabad,2023-04-16,19:30,Severe,3.0
5413,Ahmedabad,01-09-2024,07:00,Moderate,27.7
5414,Ahmedabad,2024.11.26,19:30,Severe,8.8
5415,Ahmedabad,01/04/2023,10:30,High,17.2
5416,Ahmedabad,22/03/2024,10:45,Moderate,23.0
5417,Ahmedabad,2023-06-20,07:00,Moderate,32.5
5418,Ahmedabad,2024.01.05,08:15,High,13.6
5419,Ahmedabad,06/09/2023,20:15,Moderate,29.5
5420,Ahmedabad,11/21/2023,18:00,High,9.0
5421,Ahmedabad,21/07/2023,09:15,High,23.5
5422,Ahmedabad,2024.10.06,17:30,Severe,5.2
5423,Ahmedabad,24/11/2023,13:45,Moderate,29.4
5424,Ahmedabad,26/07/2023,14:45,High,15.2
5425,Ahmedabad,2023-05-19,21:15,Moderate,28.9
5426,Ahmedabad,30/06/2023,07:00,Moderate,25.3
5427,Ahmedabad,2024-06-06,11:45,Moderate,28.8
5428,Ahmedabad,21/08/2023,18:45,Moderate,30.7
5429,Ahmedabad,2023.04.14,12:15,Moderate,28.8
5430,Ahmedabad,04/22/2023,08:00,Moderate,34.5
5431,Ahmedabad,2023.12.16,23:15,Low,41.8
5432,Ahmedabad,26-02-2023,07:15,High,23.1
5433,Ahmedabad,2023.05.07,11:00,Low,41.3
5434,Ahmedabad,24/05/2024,10:45,Severe,3.0
5435,Ahmedabad,05/09/2023,06:30,Moderate,19.1
5436,Ahmedabad,05/12/2024,21:45,High,17.8
5437,Ahmedabad,2024.02.17,12:45,Moderate,34.8
5438,Ahmedabad,2023.02.17,19:15,Severe,10.1
5439,Ahmedabad,2023-12-03,19:15,High,12.1
5440,Ahmedabad,2023-06-21,10:30,Low,41.0
5441,Ahmedabad,2024-07-03,16:15,High,19.4
5442,Ahmedabad,2024.02.12,21:30,Severe,12.5
5443,Ahmedabad,26/05/2024,17:30,Moderate,29.0
5444,Ahmedabad,05/06/2023,14:15,Moderate,35.8
5445,Ahmedabad,2024.03.06,23:00,Low,29.7
5446,Ahmedabad,2023.07.30,09:45,Low,29.2
5447,Ahmedabad,16-12-2023,21:45,Moderate,30.4
5448,Ahmedabad,10-03-2023,11:30,High,18.8
5449,Ahmedabad,2023-06-11,15:15,High,15.0
5450,Ahmedabad,30/08/2023,13:00,Low,31.5
5451,Ahmedabad,2023-09-07,10:00,High,8.0
5452,Ahmedabad,2024-10-03,09:45,Severe,3.0
5453,Ahmedabad,02/17/2023,14:15,Moderate,27.8
5454,Ahmedabad,25/11/2023,19:30,Moderate,36.8
5455,Ahmedabad,22/01/2024,16:45,Moderate,31.4
5456,Ahmedabad,2023-06-28,16:00,Moderate,27.8
5457,Ahmedabad,2024-12-01,18:15,Moderate,29.7
5458,Ahmedabad,20/01/2024,11:15,Low,33.2
5459,Ahmedabad,06-12-2024,16:00,Low,30.0
5460,Ahmedabad,2023-06-05,18:00,High,22.1
5461,Ahmedabad,23/11/2023,21:30,Severe,5.1
5462,Ahmedabad,23-07-2024,20:00,High,14.4
5463,Ahmedabad,27-11-2024,08:15,High,15.6
5464,Ahmedabad,19/05/2024,21:45,Low,42.3
5465,Ahmedabad,2023.01.26,06:30,Moderate,26.2
5466,Ahmedabad,2024.06.06,18:45,Severe,10.1
5467,Ahmedabad,2024-02-14,03:00,Low,43.9
5468,Ahmedabad,2024-09-03,21:45,Low,43.3
5469,Ahmedabad,05/09/2023,18:45,Severe,16.3
5470,Ahmedabad,09/18/2024,18:45,Moderate,27.0
5471,Ahmedabad,2023-01-20,18:00,High,-11.3
5472,Ahmedabad,2023.01.17,19:30,High,21.8
5473,Ahmedabad,07-10-2023,17:45,Severe,18.8
5474,Ahmedabad,13-02-2024,06:00,Moderate,27.9
5475,Ahmedabad,18-01-2024,14:15,Low,46.3
5476,Ahmedabad,2023-10-08,08:00,Moderate,29.4
5477,Ahmedabad,2023.12.19,18:30,Moderate,20.9
5478,Ahmedabad,01/02/2024,16:30,Severe,8.0
5479,Ahmedabad,27-10-2023,08:00,High,15.6
5480,Ahmedabad,2023.05.04,08:30,Moderate,22.5
5481,Ahmedabad,2024.03.31,19:30,High,11.0
5482,Ahmedabad,27/10/2023,05:45,Low,38.2
5483,Ahmedabad,11-03-2023,10:45,Moderate,29.6
5484,Ahmedabad,2023.09.15,12:30,High,15.2
5485,Ahmedabad,03-03-2023,04:45,Low,48.3
5486,Ahmedabad,2023.04.12,14:45,Low,35.4
5487,Ahmedabad,07/07/2024,09:15,High,20.9
5488,Ahmedabad,2023-12-27,14:30,High,22.4
5489,Ahmedabad,2024.02.07,15:45,Moderate,27.5
5490,Ahmedabad,2024.02.08,12:15,Moderate,17.6
5491,Ahmedabad,08-09-2024,11:45,Moderate,31.8
5492,Ahmedabad,2024-05-29,17:45,Low,36.7
5493,Ahmedabad,2024-05-30,18:45,Severe,6.0
5494,Ahmedabad,31-01-2023,17:45,Moderate,24.6
5495,Ahmedabad,2023-07-16,19:00,Severe,8.6
5496,Ahmedabad,2024-12-25,19:45,Moderate,22.2
5497,Ahmedabad,2024-07-01,01:45,Severe,10.8
5498,Ahmedabad,02/11/2024,19:00,Moderate,32.6
5499,Ahmedabad,17/06/2024,12:30,Low,38.9
5500,Ahmedabad,06/20/2023,21:45,Low,44.2
5501,Ahmedabad,02/05/2024,22:15,High,15.8
5502,Ahmedabad,28-10-2023,17:00,High,11.3
5503,Ahmedabad,17-08-2024,19:30,High,7.4
5504,Ahmedabad,22-10-2023,05:00,Moderate,24.9
5505,Ahmedabad,2023.09.05,07:30,Moderate,29.0
5506,Ahmedabad,17-02-2024,23:45,Low,33.5
5507,Ahmedabad,2023.04.07,11:45,High,12.0
5508,Ahmedabad,2024.02.29,10:00,Moderate,28.2
5509,Ahmedabad,23/01/2023,07:30,Moderate,24.5
5510,Ahmedabad,2023.01.04,17:45,Low,34.9
5511,Ahmedabad,06/19/2023,05:15,Low,39.2
5512,Ahmedabad,2024-02-24,12:30,Moderate,22.9
5513,Ahmedabad,2023.02.04,13:15,Moderate,14.4
5514,Ahmedabad,07/12/2024,02:15,Low,43.3
5515,Ahmedabad,05/13/2023,17:15,Low,38.8
5516,Ahmedabad,14-12-2024,06:15,Severe,4.2
5517,Ahmedabad,08/03/2023,06:00,High,17.2
5518,Ahmedabad,29-02-2024,20:30,Low,37.6
5519,Ahmedabad,2024.07.18,11:45,High,20.2
5520,Ahmedabad,05/11/2024,06:00,Severe,8.0
5521,Ahmedabad,2023.01.28,22:30,Moderate,21.8
5522,Ahmedabad,03/29/2024,12:00,Moderate,23.8
5523,Ahmedabad,21/11/2024,18:15,Severe,3.0
5524,Ahmedabad,12/26/2024,18:45,Low,41.9
5525,Ahmedabad,08/16/2023,05:30,Low,34.3
5526,Ahmedabad,10/04/2023,13:00,Moderate,26.6
5527,Ahmedabad,05/04/2023,11:15,Low,94.6
5528,Ahmedabad,30/10/2024,07:45,Moderate,27.5
5529,Ahmedabad,24/12/2023,14:15,High,20.6
5530,Ahmedabad,2023.11.07,11:45,Moderate,29.3
5531,Ahmedabad,29/07/2024,05:30,Low,39.3
5532,Ahmedabad,2023-07-14,08:30,Moderate,29.5
5533,Ahmedabad,12/08/2024,17:45,High,21.6
5534,Ahmedabad,10-12-2024,17:30,Low,42.8
5535,Ahmedabad,2024-12-15,15:45,Low,37.2
5536,Ahmedabad,11/05/2023,19:45,Severe,9.4
5537,Ahmedabad,2023-07-09,07:45,Moderate,22.4
5538,Ahmedabad,2023-04-08,17:00,Moderate,32.3
5539,Ahmedabad,04/05/2024,23:45,Moderate,15.9
5540,Ahmedabad,2023-07-12,17:15,High,12.6
5541,Ahmedabad,2024-08-21,19:15,Moderate,27.8
5542,Ahmedabad,11-02-2023,18:00,Severe,4.6
5543,Ahmedabad,27-11-2023,14:45,High,18.0
5544,Ahmedabad,2023.01.10,12:15,Low,37.4
5545,Ahmedabad,16-04-2023,10:15,High,13.2
5546,Ahmedabad,27-08-2024,09:15,Severe,11.8
5547,Ahmedabad,30-04-2024,11:15,High,26.9
5548,Ahmedabad,2023.10.31,07:30,Low,32.4
5549,Ahmedabad,29-08-2023,17:00,High,20.7
5550,Ahmedabad,08-01-2024,13:30,High,23.2
5551,Ahmedabad,19/04/2024,20:45,High,11.5
5552,Ahmedabad,24-06-2023,17:45,Severe,18.3
5553,Ahmedabad,2024-07-31,17:30,Moderate,17.6
5554,Ahmedabad,2024-03-14,15:45,Low,38.8
5555,Ahmedabad,2024-09-06,06:15,High,11.2
5556,Ahmedabad,06/25/2024,22:45,Moderate,23.2
5557,Ahmedabad,2024.08.18,09:00,Moderate,31.3
5558,Ahmedabad,2024.04.16,09:00,High,7.8
5559,Ahmedabad,2024.06.29,15:15,High,12.0
5560,Ahmedabad,2023-09-12,08:00,Moderate,30.4
5561,Ahmedabad,2024-05-15,15:45,Low,41.0
5562,Ahmedabad,27/03/2024,16:15,Severe,11.8
5563,Ahmedabad,21/01/2023,06:15,Low,33.8
5564,Ahmedabad,03/16/2023,12:30,Moderate,20.5
5565,Ahmedabad,17/04/2024,09:00,Severe,6.6
5566,Ahmedabad,2023.05.26,18:15,Severe,15.8
5567,Ahmedabad,06/08/2024,18:30,High,16.3
5568,Ahmedabad,10-07-2023,19:15,Low,37.1
5569,Ahmedabad,01/01/2024,10:15,Moderate,27.6
5570,Ahmedabad,28/05/2023,11:30,High,20.9
5571,Ahmedabad,2023.06.14,06:30,Low,38.8
5572,Ahmedabad,09/01/2023,15:00,Moderate,22.9
5573,Ahmedabad,03/29/2023,15:15,Low,39.3
5574,Ahmedabad,2024.09.27,06:30,Moderate,32.2
5575,Ahmedabad,18-09-2024,10:15,Moderate,26.1
5576,Ahmedabad,08/13/2023,08:30,High,14.0
5577,Ahmedabad,2024-02-29,17:45,Moderate,25.1
5578,Ahmedabad,26-04-2023,18:30,Severe,5.1
5579,Ahmedabad,2023.01.08,09:00,High,17.1
5580,Ahmedabad,2023-04-12,14:30,High,10.7
5581,Ahmedabad,10/07/2024,22:30,Low,27.1
5582,Ahmedabad,10-06-2023,22:15,Moderate,37.3
5583,Ahmedabad,2024-08-28,18:15,Moderate,32.6
5584,Ahmedabad,21-08-2024,22:00,Low,38.0
5585,Ahmedabad,2023-08-21,17:15,Low,36.5
5586,Ahmedabad,02-10-2024,18:00,Severe,3.0
5587,Ahmedabad,26-11-2024,20:15,High,21.8
5588,Ahmedabad,18/12/2023,12:30,Moderate,34.3
5589,Ahmedabad,30/09/2024,21:00,High,12.8
5590,Ahmedabad,30/12/2024,03:15,Low,31.3
5591,Ahmedabad,07/26/2024,22:45,Moderate,26.0
5592,Ahmedabad,2024.03.24,03:30,Low,41.7
5593,Ahmedabad,05/02/2023,17:15,Low,41.7
5594,Ahmedabad,16/11/2023,17:00,Moderate,20.1
5595,Ahmedabad,2023.02.01,09:15,Moderate,26.8
5596,Ahmedabad,30/11/2023,10:45,Moderate,27.6
5597,Ahmedabad,2024.02.01,06:45,Moderate,28.9
5598,Ahmedabad,03-06-2024,06:15,Low,37.2
5599,Ahmedabad,03-03-2024,20:30,High,17.9
5600,Ahmedabad,30/09/2023,09:15,Moderate,23.2
5601,Ahmedabad,2024.05.11,08:45,Severe,5.4
5602,Ahmedabad,2023.09.23,23:00,Moderate,27.9
5603,Ahmedabad,2023.02.28,18:00,Severe,11.4
5604,Ahmedabad,01/17/2023,16:45,High,24.1
5605,Ahmedabad,04/27/2024,14:30,Moderate,24.3
5606,Ahmedabad,31/05/2024,08:00,High,26.9
5607,Ahmedabad,2023.10.27,17:30,Moderate,22.2
5608,Ahmedabad,07/02/2023,17:00,Moderate,21.6
5609,Ahmedabad,2023.04.02,07:15,Moderate,23.3
5610,Ahmedabad,10-04-2024,11:00,High,19.5
5611,Ahmedabad,14/09/2023,18:45,High,-23.3
5612,Ahmedabad,07/01/2024,16:15,Severe,8.9
5613,Ahmedabad,11/03/2023,10:15,Moderate,31.2
5614,Ahmedabad,2023-07-16,17:45,Moderate,21.7
5615,Ahmedabad,12-01-2023,07:15,High,19.9
5616,Ahmedabad,28-11-2024,12:15,Low,43.1
5617,Ahmedabad,2024-11-04,03:00,Moderate,21.5
5618,Ahmedabad,04/06/2023,17:30,Moderate,20.3
5619,Ahmedabad,2024-05-27,19:30,Moderate,25.7
5620,Ahmedabad,2023.10.04,04:15,Low,35.1
5621,Ahmedabad,2024.07.19,15:30,High,13.2
5622,Ahmedabad,03/18/2024,04:30,Low,35.7
5623,Ahmedabad,06/17/2024,11:45,Low,42.5
5624,Ahmedabad,2024-03-05,09:30,High,16.9
5625,Ahmedabad,24/09/2023,09:15,Severe,14.2
5626,Ahmedabad,01-06-2023,06:15,Moderate,17.1
5627,Ahmedabad,23-11-2024,18:45,High,19.2
5628,Ahmedabad,2024.11.09,15:15,High,20.1
5629,Ahmedabad,28-07-2024,13:15,High,23.4
5630,Ahmedabad,10-07-2024,09:00,Low,34.3
5631,Ahmedabad,02/10/2023,22:30,High,14.5
5632,Ahmedabad,08/05/2024,13:00,Low,42.0
5633,Ahmedabad,23-10-2023,18:00,High,14.5
5634,Ahmedabad,15/05/2024,13:15,Moderate,17.4
5635,Ahmedabad,21/11/2024,14:45,Low,30.9
5636,Ahmedabad,22-04-2023,16:45,Moderate,26.0
5637,Ahmedabad,08/10/2023,16:00,Moderate,27.9
5638,Ahmedabad,2023.02.13,07:45,Low,44.1
5639,Ahmedabad,28-06-2023,15:00,Low,34.2
5640,Ahmedabad,21-06-2023,10:15,Moderate,28.4
5641,Ahmedabad,2023.12.14,18:15,Moderate,28.9
5642,Ahmedabad,2024-06-22,16:30,Moderate,26.5
5643,Ahmedabad,16-07-2024,12:30,Moderate,112.1
5644,Ahmedabad,2024-06-16,19:00,High,9.3
5645,Ahmedabad,2024.02.27,18:45,High,14.9
5646,Ahmedabad,2023-02-25,18:00,Severe,10.7
5647,Ahmedabad,2023-11-19,17:45,High,17.4
5648,Ahmedabad,29/04/2023,17:15,Low,29.1
5649,Ahmedabad,2024-03-01,18:30,High,17.7
5650,Ahmedabad,08/11/2024,18:15,High,15.2
5651,Ahmedabad,2024.03.19,17:15,High,14.9
5652,Ahmedabad,2023-02-07,07:45,Moderate,28.5
5653,Ahmedabad,08-10-2024,08:15,Severe,4.9
5654,Ahmedabad,02-02-2023,20:30,High,13.4
5655,Ahmedabad,27-01-2023,19:00,Severe,3.0
5656,Ahmedabad,26-09-2023,18:30,Moderate,16.3
5657,Ahmedabad,03/27/2024,20:30,Severe,12.4
5658,Ahmedabad,29/08/2024,07:30,Moderate,34.9
5659,Ahmedabad,2023-06-04,07:30,Moderate,35.0
5660,Ahmedabad,30/06/2024,09:45,High,17.6
5661,Ahmedabad,10-09-2024,08:00,Low,34.4
5662,Ahmedabad,2024.03.22,14:15,Low,35.5
5663,Ahmedabad,2024-05-16,19:30,High,13.9
5664,Ahmedabad,07/23/2023,11:45,Low,39.6
5665,Ahmedabad,23-08-2023,06:15,Moderate,24.3
5666,Ahmedabad,19-05-2023,17:00,Moderate,30.9
5667,Ahmedabad,17/08/2024,14:45,Low,37.7
5668,Ahmedabad,12/22/2024,22:15,Low,35.0
5669,Ahmedabad,2023-02-23,20:00,High,14.9
5670,Ahmedabad,28-04-2024,17:45,High,13.6
5671,Ahmedabad,17-05-2024,02:45,Low,40.4
5672,Ahmedabad,04/24/2024,12:30,High,18.2
5673,Ahmedabad,15-10-2024,13:15,Moderate,29.8
5674,Ahmedabad,2023.03.03,11:45,Low,33.1
5675,Ahmedabad,18-07-2023,10:15,Moderate,22.5
5676,Ahmedabad,01/15/2024,04:15,Low,35.2
5677,Ahmedabad,2023-12-21,08:45,High,13.9
5678,Ahmedabad,02-01-2023,16:00,Moderate,24.3
5679,Ahmedabad,2024.02.15,12:45,Moderate,30.6
5680,Ahmedabad,09/23/2024,06:30,Moderate,29.5
5681,Ahmedabad,2023-03-19,22:15,Low,39.6
5682,Ahmedabad,06/26/2024,07:30,Low,36.8
5683,Ahmedabad,09/03/2024,18:15,High,14.1
5684,Ahmedabad,2023.01.26,09:15,High,10.8
5685,Ahmedabad,2023-05-21,00:00,Low,41.0
5686,Ahmedabad,2024-06-04,15:30,Severe,3.0
5687,Ahmedabad,2024.08.29,18:45,High,12.7
5688,Ahmedabad,2023-07-27,03:00,Low,38.3
5689,Ahmedabad,10/17/2023,07:30,High,14.8
5690,Ahmedabad,03/18/2023,12:45,Low,34.9
5691,Ahmedabad,12-12-2023,08:00,High,17.2
5692,Ahmedabad,08/25/2024,21:15,Low,40.2
5693,Ahmedabad,2024.01.24,14:15,Severe,16.5
5694,Ahmedabad,08/29/2024,07:45,Moderate,25.2
5695,Ahmedabad,21/10/2024,17:15,Moderate,28.9
5696,Ahmedabad,04-01-2024,18:00,Severe,5.1
5697,Ahmedabad,2023.10.23,01:30,Moderate,30.5
5698,Ahmedabad,16-11-2023,09:30,High,26.9
5699,Ahmedabad,10-04-2024,13:45,Low,40.9
5700,Ahmedabad,06/07/2024,15:45,Moderate,21.7
5701,Ahmedabad,12/11/2024,04:15,Low,39.1
5702,Ahmedabad,07/18/2023,16:30,Low,41.4
5703,Ahmedabad,03/22/2024,05:45,Low,32.8
5704,Ahmedabad,09/02/2024,03:00,Low,40.2
5705,Ahmedabad,04-09-2024,16:45,Moderate,24.1
5706,Ahmedabad,10/13/2024,10:45,Moderate,22.8
5707,Ahmedabad,08/17/2024,12:30,Moderate,27.1
5708,Ahmedabad,20/02/2024,14:30,Low,35.2
5709,Ahmedabad,03-12-2024,08:45,High,22.2
5710,Ahmedabad,12/27/2023,18:30,Moderate,26.2
5711,Ahmedabad,2023.10.14,15:45,Low,35.2
5712,Ahmedabad,16/01/2024,15:30,Moderate,28.1
5713,Ahmedabad,2024-10-15,01:45,Low,39.4
5714,Ahmedabad,09/17/2023,11:30,Severe,6.4
5715,Ahmedabad,2024.05.20,08:15,High,16.9
5716,Ahmedabad,2023-03-02,14:15,Low,35.9
5717,Ahmedabad,09/22/2024,13:15,Moderate,18.9
5718,Ahmedabad,2023-04-23,07:00,Moderate,25.5
5719,Ahmedabad,15/12/2024,09:15,High,10.0
5720,Ahmedabad,2024.09.10,09:15,Moderate,29.7
5721,Ahmedabad,2024.02.01,08:15,Severe,4.0
5722,Ahmedabad,2023-11-01,06:00,Low,37.7
5723,Ahmedabad,28/05/2023,15:30,Low,38.3
5724,Ahmedabad,23-05-2024,19:30,High,18.4
5725,Ahmedabad,12/03/2024,11:30,Low,42.2
5726,Ahmedabad,04/04/2023,09:30,Severe,4.9
5727,Ahmedabad,2023.06.19,17:30,Moderate,26.7
5728,Ahmedabad,2023.04.06,05:00,Low,29.9
5729,Ahmedabad,11/19/2023,17:30,High,16.2
5730,Ahmedabad,2023-10-14,18:30,High,9.3
5731,Ahmedabad,2023-10-16,08:45,Severe,13.3
5732,Ahmedabad,2023.07.20,18:45,Severe,9.9
5733,Ahmedabad,20/07/2023,06:15,Severe,13.4
5734,Ahmedabad,08-04-2023,17:15,Moderate,36.4
5735,Ahmedabad,25-06-2023,12:45,High,15.9
5736,Ahmedabad,26/04/2024,13:45,High,20.7
5737,Ahmedabad,2023-12-31,20:45,High,17.4
5738,Ahmedabad,22/11/2024,17:15,Low,38.1
5739,Ahmedabad,07/07/2023,02:30,Low,42.3
5740,Ahmedabad,24-10-2024,12:15,Moderate,28.5
5741,Ahmedabad,26-01-2024,19:15,High,13.3
5742,Ahmedabad,09-11-2023,18:30,Low,41.4
5743,Ahmedabad,16-10-2024,06:30,Low,32.4
5744,Ahmedabad,15/11/2024,15:00,High,16.5
5745,Ahmedabad,2024.12.26,17:15,Moderate,26.3
5746,Ahmedabad,2023-05-16,13:00,Low,45.2
5747,Ahmedabad,09/21/2023,04:30,Low,37.0
5748,Ahmedabad,05/26/2023,13:30,Moderate,21.6
5749,Ahmedabad,29-01-2024,19:15,Moderate,31.9
5750,Ahmedabad,27-01-2023,20:30,High,19.7
5751,Ahmedabad,2023.06.10,13:15,High,15.2
5752,Ahmedabad,24-05-2024,19:15,High,24.9
5753,Ahmedabad,28-08-2023,12:30,High,9.7
5754,Ahmedabad,12/01/2023,19:15,Moderate,22.5
5755,Ahmedabad,2024.07.04,20:00,High,26.9
5756,Ahmedabad,03/03/2024,13:00,Moderate,41.5
5757,Ahmedabad,12/03/2023,08:15,Moderate,28.2
5758,Ahmedabad,2024-03-27,08:00,High,11.8
5759,Ahmedabad,2024.05.04,07:15,High,13.5
5760,Ahmedabad,09/20/2023,21:00,Moderate,19.9
5761,Ahmedabad,2023-01-04,11:30,Moderate,30.0
5762,Ahmedabad,2024-09-21,08:15,High,10.1
5763,Ahmedabad,01/12/2024,13:30,High,14.8
5764,Ahmedabad,08-04-2023,21:00,Moderate,18.7
5765,Ahmedabad,10/06/2024,18:15,Severe,3.0
5766,Ahmedabad,09/06/2023,07:15,Moderate,25.5
5767,Ahmedabad,19/09/2024,08:30,Moderate,36.0
5768,Ahmedabad,13/04/2023,04:45,Low,29.1
5769,Ahmedabad,2024-02-07,10:45,Low,35.5
5770,Ahmedabad,2023-05-20,11:15,Severe,9.1
5771,Ahmedabad,2023.01.09,17:00,High,14.9
5772,Ahmedabad,2024.03.03,15:15,High,21.4
5773,Ahmedabad,23-10-2023,06:45,Moderate,23.2
5774,Ahmedabad,12/01/2023,12:30,High,21.4
5775,Ahmedabad,26/05/2024,18:15,High,7.1
5776,Ahmedabad,2023-07-25,14:45,Moderate,29.2
5777,Ahmedabad,2024.01.25,07:30,Moderate,21.4
5778,Ahmedabad,2024.09.16,04:15,Low,32.2
5779,Ahmedabad,25-12-2024,20:00,High,15.3
5780,Ahmedabad,07-12-2023,18:00,Moderate,28.0
5781,Ahmedabad,2023.12.05,19:45,Severe,3.0
5782,Ahmedabad,2023.06.20,22:15,Severe,3.0
5783,Ahmedabad,21-08-2024,07:00,Low,52.1
5784,Ahmedabad,22/05/2023,23:15,Low,42.4
5785,Ahmedabad,13-03-2023,23:15,Moderate,13.9
5786,Ahmedabad,2023.06.14,06:00,Low,44.2
5787,Ahmedabad,16/02/2023,14:15,Moderate,38.9
5788,Ahmedabad,2023.12.29,01:15,Low,43.0
5789,Ahmedabad,2023-05-14,03:15,High,15.7
5790,Ahmedabad,28/11/2023,19:00,Severe,8.6
5791,Ahmedabad,2023-07-16,08:45,Severe,3.0
5792,Ahmedabad,21/07/2023,09:45,Moderate,14.7
5793,Ahmedabad,2023.09.15,19:45,Severe,8.1
5794,Ahmedabad,2023-05-26,19:00,Moderate,28.3
5795,Ahmedabad,10/14/2024,04:45,Low,38.7
5796,Ahmedabad,19/03/2023,19:30,Severe,6.5
5797,Ahmedabad,27/03/2024,08:00,High,18.0
5798,Ahmedabad,30-04-2024,19:00,High,15.1
5799,Ahmedabad,2024.09.15,18:15,High,11.9
5800,Ahmedabad,30/07/2023,08:45,Severe,4.5
5801,Ahmedabad,11/12/2024,10:00,Moderate,30.4
5802,Ahmedabad,2024.02.21,16:30,Severe,5.4
5803,Ahmedabad,11/03/2023,12:30,Moderate,30.3
5804,Ahmedabad,2023.05.23,09:15,Moderate,24.6
5805,Ahmedabad,2023.04.26,18:00,Moderate,32.1
5806,Ahmedabad,19-04-2023,17:15,Low,32.8
5807,Ahmedabad,01-11-2023,06:30,Moderate,26.0
5808,Ahmedabad,08-03-2024,23:30,Low,44.4
5809,Ahmedabad,03/28/2024,08:15,High,20.1
5810,Ahmedabad,2024.06.06,12:15,Moderate,33.9
5811,Ahmedabad,2023-09-03,17:45,Low,37.4
5812,Ahmedabad,30-03-2023,15:15,Severe,4.6
5813,Ahmedabad,10/20/2024,13:45,Severe,6.5
5814,Ahmedabad,21/05/2024,17:00,High,16.9
5815,Ahmedabad,03-11-2023,09:45,Moderate,21.2
5816,Ahmedabad,16/07/2023,08:30,Moderate,109.3
5817,Ahmedabad,05/03/2023,21:45,Low,42.1
5818,Ahmedabad,2023.01.04,09:15,High,24.4
5819,Ahmedabad,11/17/2024,22:30,Low,40.0
5820,Ahmedabad,07/01/2023,14:45,Low,38.4
5821,Ahmedabad,2023.08.24,11:45,Moderate,26.1
5822,Ahmedabad,06-07-2023,07:45,High,11.8
5823,Ahmedabad,2024-11-03,18:30,High,13.1
5824,Ahmedabad,2023-11-23,17:15,High,17.9
5825,Ahmedabad,05/07/2024,20:00,High,15.7
5826,Ahmedabad,2023-01-26,00:45,Low,45.8
5827,Ahmedabad,28-01-2024,21:30,Severe,3.0
5828,Ahmedabad,11/23/2024,19:00,High,16.0
5829,Ahmedabad,12-04-2023,20:15,Low,42.7
5830,Ahmedabad,2024.07.07,20:15,High,14.3
5831,Ahmedabad,2024.11.11,13:00,Moderate,26.8
5832,Ahmedabad,2024.12.08,04:15,Low,36.2
5833,Ahmedabad,15-01-2024,21:15,Low,42.7
5834,Ahmedabad,30/10/2023,15:45,Moderate,27.1
5835,Ahmedabad,01/19/2023,19:45,High,16.9
5836,Ahmedabad,2024-12-19,18:00,High,19.1
5837,Ahmedabad,2024.08.01,08:00,High,16.3
5838,Ahmedabad,2023.09.19,18:15,High,14.3
5839,Ahmedabad,12/11/2024,06:15,Low,28.9
5840,Ahmedabad,21/01/2024,19:00,High,22.0
5841,Ahmedabad,2024.10.07,08:15,High,9.9
5842,Ahmedabad,13/04/2024,10:15,Moderate,19.8
5843,Ahmedabad,10/16/2023,07:15,High,16.6
5844,Ahmedabad,02/02/2024,08:45,High,18.7
5845,Ahmedabad,2024-12-03,12:30,Moderate,25.8
5846,Ahmedabad,03/08/2024,16:15,Moderate,27.8
5847,Ahmedabad,2024-09-09,10:15,Severe,13.2
5848,Ahmedabad,27/06/2024,16:15,High,19.1
5849,Ahmedabad,06-08-2024,19:00,High,14.3
5850,Ahmedabad,13/04/2024,18:30,Severe,3.0
5851,Ahmedabad,14/02/2024,17:30,Moderate,114.9
5852,Ahmedabad,2024.12.04,20:30,High,9.8
5853,Ahmedabad,01/12/2023,16:45,Moderate,40.2
5854,Ahmedabad,25-06-2024,19:00,Severe,3.0
5855,Ahmedabad,2024.12.27,19:00,Moderate,33.0
5856,Ahmedabad,05/10/2023,13:45,Moderate,23.4
5857,Ahmedabad,06-02-2024,11:15,Low,42.3
5858,Ahmedabad,03/03/2023,19:30,Severe,6.2
5859,Ahmedabad,12/06/2023,07:45,Low,41.9
5860,Ahmedabad,2023.03.09,20:15,High,16.1
5861,Ahmedabad,2024-05-07,06:30,Severe,8.1
5862,Ahmedabad,2024-08-23,05:30,Low,38.9
5863,Ahmedabad,2023-01-02,16:15,Low,31.8
5864,Ahmedabad,08/13/2024,10:30,Severe,14.0
5865,Ahmedabad,21-05-2023,04:30,Moderate,28.1
5866,Ahmedabad,13/09/2023,08:30,High,21.3
5867,Ahmedabad,08-05-2024,13:00,High,20.8
5868,Ahmedabad,20/07/2024,08:15,High,14.6
5869,Ahmedabad,2024-03-16,10:15,Severe,6.7
5870,Ahmedabad,28/10/2024,12:00,Moderate,-24.3
5871,Ahmedabad,12/11/2023,10:30,Moderate,26.7
5872,Ahmedabad,08/02/2024,07:30,Low,42.2
5873,Ahmedabad,04/04/2024,19:15,High,19.7
5874,Ahmedabad,2023.10.15,11:00,Severe,7.3
5875,Ahmedabad,11/26/2024,07:30,Moderate,31.7
5876,Ahmedabad,12/08/2023,06:30,Low,35.3
5877,Jaipur,2023.01.26,08:30,Moderate,30.0
5878,Jaipur,08/03/2024,08:15,Severe,8.8
5879,Jaipur,2024.08.13,18:30,Moderate,27.9
5880,Jaipur,03/24/2024,05:30,Low,42.7
5881,Jaipur,2023.06.16,20:45,Severe,3.0
5882,Jaipur,11/06/2024,06:15,High,15.3
5883,Jaipur,04-08-2024,20:15,High,10.4
5884,Jaipur,28/11/2024,12:00,Moderate,29.8
5885,Jaipur,15-03-2023,22:45,Moderate,20.9
5886,Jaipur,2023.07.30,18:15,High,4.3
5887,Jaipur,24-01-2023,18:30,Severe,15.6
5888,Jaipur,2024-07-15,20:00,Severe,10.7
5889,Jaipur,16/08/2024,13:30,Moderate,33.3
5890,Jaipur,03/09/2024,15:00,Moderate,25.8
5891,Jaipur,05/24/2023,12:00,High,16.6
5892,Jaipur,11/05/2024,20:30,High,16.7
5893,Jaipur,2023-06-24,07:15,Low,36.9
5894,Jaipur,2023.10.16,09:45,Moderate,16.6
5895,Jaipur,2024.06.16,06:30,Moderate,25.1
5896,Jaipur,01/07/2023,11:45,High,10.6
5897,Jaipur,25/07/2023,08:45,Severe,8.7
5898,Jaipur,2024.01.23,08:15,High,26.9
5899,Jaipur,01/07/2023,18:30,Low,44.0
5900,Jaipur,10/12/2024,20:15,Severe,4.3
5901,Jaipur,30/01/2024,12:00,Moderate,28.1
5902,Jaipur,23-01-2023,14:30,Low,36.8
5903,Jaipur,2023.05.10,18:00,High,15.4
5904,Jaipur,12-05-2023,06:00,Low,42.6
5905,Jaipur,2024.06.24,18:00,High,26.1
5906,Jaipur,2023.02.27,22:15,,27.5
5907,Jaipur,02-11-2023,18:15,Severe,15.5
5908,Jaipur,01/06/2023,10:00,Low,29.8
5909,Jaipur,2023-07-08,15:15,High,12.9
5910,Jaipur,2024-11-05,11:30,Severe,3.0
5911,Jaipur,2024.07.04,14:30,Low,45.2
5912,Jaipur,24-03-2023,13:15,Low,33.7
5913,Jaipur,2023.03.30,08:30,High,20.2
5914,Jaipur,12-11-2024,17:00,Low,30.0
5915,Jaipur,05/21/2024,06:30,Severe,8.9
5916,Jaipur,28/01/2024,20:30,Moderate,24.4
5917,Jaipur,2024-09-20,18:30,Moderate,17.9
5918,Jaipur,2023-08-29,18:15,Moderate,26.6
5919,Jaipur,11/11/2024,07:30,Low,42.9
5920,Jaipur,2023-09-29,09:15,High,27.6
5921,Jaipur,2024.08.21,19:30,Low,34.4
5922,Jaipur,2024.12.22,10:00,Moderate,17.2
5923,Jaipur,07/17/2023,19:00,High,25.1
5924,Jaipur,2024-08-03,08:00,High,10.7
5925,Jaipur,2024.05.03,21:45,Moderate,28.8
5926,Jaipur,2024.07.13,13:00,High,17.1
5927,Jaipur,2023-06-26,18:45,Moderate,21.8
5928,Jaipur,27-05-2023,09:30,Severe,13.7
5929,Jaipur,2024.05.29,18:00,High,20.5
5930,Jaipur,2023-10-30,14:00,Moderate,27.0
5931,Jaipur,13/03/2023,08:45,High,16.4
5932,Jaipur,12/12/2023,06:15,Low,42.9
5933,Jaipur,04/04/2023,19:00,Severe,8.1
5934,Jaipur,05/09/2023,22:00,Moderate,28.0
5935,Jaipur,06/09/2024,14:15,Low,42.1
5936,Jaipur,09/11/2023,08:00,High,12.2
5937,Jaipur,21-07-2023,13:15,Low,38.2
5938,Jaipur,08/07/2024,19:15,Severe,6.2
5939,Jaipur,2024-03-23,11:00,Moderate,31.9
5940,Jaipur,24/06/2024,10:30,Moderate,26.9
5941,Jaipur,19-02-2024,09:30,Severe,9.9
5942,Jaipur,2023.01.11,13:00,Severe,5.0
5943,Jaipur,19/08/2024,19:45,Severe,6.6
5944,Jaipur,24-11-2024,20:00,Severe,14.0
5945,Jaipur,13/12/2023,10:45,Moderate,27.5
5946,Jaipur,22/08/2024,08:30,High,112.6
5947,Jaipur,01/09/2023,09:15,High,21.4
5948,Jaipur,2023.02.05,18:45,High,18.5
5949,Jaipur,2023-04-27,11:30,Moderate,18.7
5950,Jaipur,2023.01.18,17:45,Moderate,30.3
5951,Jaipur,2024-01-21,09:45,High,24.5
5952,Jaipur,2024.06.30,08:30,,18.7
5953,Jaipur,2024-08-19,17:15,High,-22.0
5954,Jaipur,26-08-2024,19:30,Severe,6.5
5955,Jaipur,11/08/2024,08:30,High,22.2
5956,Jaipur,2024-07-06,14:45,Moderate,36.7
5957,Jaipur,08/07/2024,10:15,Moderate,26.8
5958,Jaipur,02/08/2023,16:45,Low,-40.1
5959,Jaipur,03/03/2024,13:30,High,15.5
5960,Jaipur,18-04-2023,08:30,Low,33.9
5961,Jaipur,03/07/2024,03:00,Moderate,21.8
5962,Jaipur,14-08-2024,09:00,Severe,3.0
5963,Jaipur,05/16/2024,08:30,Moderate,30.8
5964,Jaipur,01-08-2023,10:15,Moderate,21.5
5965,Jaipur,14-10-2024,18:15,Moderate,26.0
5966,Jaipur,08-03-2024,18:00,Moderate,24.1
5967,Jaipur,11/11/2024,07:15,High,14.8
5968,Jaipur,09-04-2024,17:00,Moderate,22.8
5969,Jaipur,10/26/2023,17:30,Low,29.4
5970,Jaipur,25-02-2024,08:15,Moderate,33.8
5971,Jaipur,2024.09.07,09:45,Moderate,22.8
5972,Jaipur,24/07/2024,08:30,Low,29.2
5973,Jaipur,31/03/2024,04:15,Low,35.7
5974,Jaipur,22/07/2023,10:15,High,16.7
5975,Jaipur,10-03-2024,20:30,Severe,10.3
5976,Jaipur,2023.07.17,07:00,Low,36.1
5977,Jaipur,30/08/2024,09:45,High,11.7
5978,Jaipur,2024.05.10,18:15,High,19.9
5979,Jaipur,11/08/2023,10:45,Moderate,27.0
5980,Jaipur,08/11/2023,15:15,High,8.2
5981,Jaipur,16/01/2024,17:45,High,19.5
5982,Jaipur,2023.07.10,02:45,Low,33.5
5983,Jaipur,2024-08-24,16:30,High,21.6
5984,Jaipur,05/12/2024,13:00,High,17.9
5985,Jaipur,2024.09.08,06:45,Moderate,31.3
5986,Jaipur,2023.08.06,17:30,Moderate,26.5
5987,Jaipur,02/08/2024,20:45,High,22.0
5988,Jaipur,05/06/2023,19:15,Severe,9.3
5989,Jaipur,2024.04.29,10:30,Low,34.1
5990,Jaipur,13/07/2023,09:30,Low,45.2
5991,Jaipur,06/30/2023,01:45,High,20.7
5992,Jaipur,2024.09.09,19:45,High,16.5
5993,Jaipur,2023.09.06,08:00,Severe,3.0
5994,Jaipur,04-03-2024,19:15,High,11.2
5995,Jaipur,2023.02.24,16:45,Low,41.6
5996,Jaipur,20/12/2023,18:15,High,10.3
5997,Jaipur,08/07/2024,17:00,High,15.0
5998,Jaipur,05/09/2024,16:00,Moderate,30.8
5999,Jaipur,08/01/2024,22:45,High,9.0
6000,Jaipur,02/11/2024,08:15,High,8.6
6001,Jaipur,2024.09.12,18:30,High,18.4
6002,Jaipur,09/12/2023,13:45,Low,33.6
6003,Jaipur,08/29/2023,18:30,High,17.2
6004,Jaipur,2024.12.17,22:45,Moderate,29.4
6005,Jaipur,2024-09-10,11:30,Low,32.1
6006,Jaipur,2023-12-10,18:45,High,17.8
6007,Jaipur,01/11/2024,08:00,Severe,15.3
6008,Jaipur,2023.07.02,04:00,Moderate,29.0
6009,Jaipur,15-01-2023,09:00,High,11.7
6010,Jaipur,2023-02-09,04:15,Moderate,20.1
6011,Jaipur,12/25/2024,17:30,Low,42.1
6012,Jaipur,07/05/2023,11:45,Moderate,31.7
6013,Jaipur,09/10/2023,17:45,Low,38.8
6014,Jaipur,2023.03.09,17:00,Moderate,31.6
6015,Jaipur,2024-12-12,06:30,Low,41.7
6016,Jaipur,2023.06.22,15:00,Low,46.7
6017,Jaipur,2024-04-05,18:30,High,8.2
6018,Jaipur,2024.03.26,08:00,High,16.1
6019,Jaipur,2024.04.13,05:00,Severe,7.0
6020,Jaipur,2023-10-18,15:45,Low,44.7
6021,Jaipur,2024.11.14,18:15,High,14.5
6022,Jaipur,2024-09-06,12:30,Moderate,38.3
6023,Jaipur,16-10-2024,16:45,Low,36.3
6024,Jaipur,2024.12.14,19:00,High,14.4
6025,Jaipur,20-03-2023,02:30,Low,37.3
6026,Jaipur,03/18/2023,15:45,Moderate,30.9
6027,Jaipur,2023.09.19,19:45,High,16.6
6028,Jaipur,24/12/2023,16:15,Moderate,19.4
6029,Jaipur,23-02-2023,18:45,Severe,15.1
6030,Jaipur,23/06/2024,07:00,High,12.4
6031,Jaipur,2023-11-01,23:15,Low,43.2
6032,Jaipur,18/03/2023,16:15,Moderate,24.2
6033,Jaipur,09/06/2024,17:15,Low,28.6
6034,Jaipur,01/22/2024,21:45,High,13.0
6035,Jaipur,16/02/2024,18:45,Severe,14.2
6036,Jaipur,08/08/2024,08:00,Moderate,24.0
6037,Jaipur,2024.10.25,06:45,Moderate,29.5
6038,Jaipur,2023.08.06,15:30,Low,35.8
6039,Jaipur,06/13/2023,03:45,Moderate,32.7
6040,Jaipur,08-05-2023,11:30,Moderate,30.1
6041,Jaipur,06/13/2023,15:15,Moderate,-29.0
6042,Jaipur,14/08/2023,18:15,Severe,6.4
6043,Jaipur,2024-02-09,01:00,Low,46.5
6044,Jaipur,2024.02.25,19:15,High,18.3
6045,Jaipur,2024-06-25,08:00,Severe,13.3
6046,Jaipur,11/30/2023,12:30,Low,44.9
6047,Jaipur,22-05-2023,17:30,Low,41.6
6048,Jaipur,11-07-2024,15:45,High,7.8
6049,Jaipur,07/20/2024,17:15,High,15.0
6050,Jaipur,04/01/2024,10:00,Moderate,28.3
6051,Jaipur,09/10/2023,18:00,Severe,10.2
6052,Jaipur,03-10-2024,09:15,Moderate,28.4
6053,Jaipur,11/08/2023,04:00,Low,35.2
6054,Jaipur,05-11-2023,18:00,Moderate,33.0
6055,Jaipur,2024.08.01,18:45,Moderate,22.9
6056,Jaipur,05/19/2023,11:00,High,22.5
6057,Jaipur,22-05-2024,22:00,Moderate,25.4
6058,Jaipur,09/24/2024,23:45,Severe,10.6
6059,Jaipur,18/01/2024,11:00,Moderate,22.7
6060,Jaipur,18/06/2024,14:00,High,18.3
6061,Jaipur,09-07-2024,14:45,High,14.9
6062,Jaipur,28/01/2023,08:00,Severe,13.5
6063,Jaipur,2023.04.17,09:30,High,22.9
6064,Jaipur,29/04/2023,08:00,Low,44.2
6065,Jaipur,2023.11.03,02:15,Low,34.9
6066,Jaipur,08/12/2024,21:30,Moderate,30.2
6067,Jaipur,11/19/2024,10:00,Moderate,25.4
6068,Jaipur,2024.06.18,22:30,Low,39.8
6069,Jaipur,08/18/2024,19:45,High,20.2
6070,Jaipur,21/08/2024,12:45,Moderate,33.2
6071,Jaipur,01/06/2024,14:30,Severe,6.2
6072,Jaipur,02/02/2024,13:30,Low,40.1
6073,Jaipur,07-12-2024,20:15,High,15.9
6074,Jaipur,2024-03-20,04:00,,39.4
6075,Jaipur,07/26/2024,19:30,Severe,8.3
6076,Jaipur,2023-12-04,22:15,Moderate,30.3
6077,Jaipur,2024-01-12,20:30,Severe,15.2
6078,Jaipur,21-11-2023,04:00,Low,42.5
6079,Jaipur,2023-08-24,08:45,High,15.0
6080,Jaipur,2023.10.24,07:00,Moderate,31.1
6081,Jaipur,06-10-2023,20:00,Moderate,29.4
6082,Jaipur,12/30/2023,17:30,Low,38.7
6083,Jaipur,2024-02-06,11:45,High,8.5
6084,Jaipur,18-09-2023,17:30,Moderate,34.5
6085,Jaipur,31/05/2024,09:15,Severe,14.3
6086,Jaipur,18-12-2023,21:00,Low,35.6
6087,Jaipur,2023-11-18,10:15,Low,39.3
6088,Jaipur,2023.03.25,00:45,Low,37.6
6089,Jaipur,2024-07-20,08:30,Moderate,22.5
6090,Jaipur,09/04/2023,06:00,Moderate,33.1
6091,Jaipur,07-07-2024,07:45,High,17.7
6092,Jaipur,2024-11-29,04:15,Moderate,29.3
6093,Jaipur,2023-10-29,18:30,,27.5
6094,Jaipur,17-12-2024,08:30,Low,40.6
6095,Jaipur,2023.02.07,13:15,High,23.6
6096,Jaipur,25/03/2024,20:45,High,19.1
6097,Jaipur,13/03/2024,08:00,Severe,14.5
6098,Jaipur,31-01-2023,19:45,High,21.6
6099,Jaipur,2023-08-25,19:45,High,11.8
6100,Jaipur,03/18/2024,18:30,Severe,3.0
6101,Jaipur,13/08/2024,09:15,Severe,3.0
6102,Jaipur,11/05/2024,10:15,Low,33.8
6103,Jaipur,14-10-2024,03:15,Low,38.0
6104,Jaipur,2023.01.08,10:30,High,8.1
6105,Jaipur,13/07/2024,07:00,High,16.9
6106,Jaipur,30/11/2024,01:00,Low,42.1
6107,Jaipur,2024-08-05,17:45,Moderate,31.0
6108,Jaipur,2024-12-02,09:15,Severe,17.2
6109,Jaipur,2024.09.27,17:00,Severe,11.0
6110,Jaipur,25/07/2024,10:15,Severe,9.6
6111,Jaipur,2023-01-21,19:30,Severe,5.6
6112,Jaipur,09/10/2024,19:45,Severe,4.0
6113,Jaipur,2024-10-19,16:15,Moderate,33.2
6114,Jaipur,31-01-2024,13:30,Low,46.1
6115,Jaipur,2023.07.19,08:30,Moderate,27.4
6116,Jaipur,2023.05.08,15:30,Severe,11.9
6117,Jaipur,01/18/2023,18:15,High,19.1
6118,Jaipur,23/06/2024,15:00,Severe,3.0
6119,Jaipur,2024.10.25,10:15,High,20.7
6120,Jaipur,16-10-2023,08:45,Moderate,21.4
6121,Jaipur,19/12/2023,13:30,Moderate,28.6
6122,Jaipur,07/17/2023,21:15,Severe,3.0
6123,Jaipur,03/09/2024,20:45,Severe,6.1
6124,Jaipur,2024.03.15,16:15,High,27.3
6125,Jaipur,02/21/2023,14:45,Low,32.7
6126,Jaipur,12-07-2023,12:15,High,97.8
6127,Jaipur,2023.06.11,09:00,High,17.9
6128,Jaipur,2023.07.06,13:45,Moderate,90.4
6129,Jaipur,12/10/2024,08:45,Moderate,31.1
6130,Jaipur,2023.12.24,21:45,Moderate,19.1
6131,Jaipur,2024-05-14,11:30,High,19.1
6132,Jaipur,10/24/2023,19:00,Severe,6.8
6133,Jaipur,2024.08.29,12:30,High,11.5
6134,Jaipur,03/03/2024,07:45,Moderate,24.5
6135,Jaipur,2023-07-13,19:30,High,15.0
6136,Jaipur,2023.04.08,17:15,Low,38.6
6137,Jaipur,2024-08-25,15:00,High,12.0
6138,Jaipur,28-02-2023,07:00,High,16.0
6139,Jaipur,12/12/2023,15:15,Moderate,13.8
6140,Jaipur,28-04-2024,11:15,Low,42.0
6141,Jaipur,09-03-2023,15:15,Moderate,22.3
6142,Jaipur,11/04/2023,15:45,Low,40.8
6143,Jaipur,2024-07-07,18:00,Moderate,27.3
6144,Jaipur,2023.02.08,12:00,Moderate,34.5
6145,Jaipur,02/12/2023,19:15,High,13.4
6146,Jaipur,08-10-2023,20:00,High,13.8
6147,Jaipur,2023-01-03,18:15,High,25.3
6148,Jaipur,06/02/2023,18:45,High,15.5
6149,Jaipur,22/02/2024,15:00,Moderate,22.5
6150,Jaipur,10/15/2023,21:15,Low,29.3
6151,Jaipur,2023.01.09,19:45,High,18.1
6152,Jaipur,2024-07-29,18:30,Moderate,14.4
6153,Jaipur,06/04/2023,19:00,High,14.4
6154,Jaipur,31-03-2023,16:00,Moderate,26.2
6155,Jaipur,2024-07-15,09:15,High,23.9
6156,Jaipur,2024-11-16,13:15,Low,45.7
6157,Jaipur,24/06/2024,16:30,Low,35.0
6158,Jaipur,07/18/2023,21:15,Severe,3.0
6159,Jaipur,02/08/2024,18:15,High,18.8
6160,Jaipur,24-05-2023,19:30,High,17.0
6161,Jaipur,17-05-2023,17:00,Severe,4.2
6162,Jaipur,31/10/2024,14:30,High,10.6
6163,Jaipur,03/08/2023,14:00,Moderate,36.5
6164,Jaipur,28/10/2023,08:15,Moderate,30.1
6165,Jaipur,28-06-2023,02:15,,15.1
6166,Jaipur,2023.03.31,07:45,Moderate,27.3
6167,Jaipur,05-12-2023,18:00,Severe,5.5
6168,Jaipur,10/10/2023,20:15,Moderate,19.6
6169,Jaipur,03/07/2024,21:45,Low,37.4
6170,Jaipur,06-03-2024,12:15,Low,36.4
6171,Jaipur,2024-12-29,10:45,High,21.3
6172,Jaipur,02/05/2023,16:15,High,16.3
6173,Jaipur,07/26/2023,16:30,High,15.7
6174,Jaipur,2024.03.05,20:00,High,15.0
6175,Jaipur,11/30/2024,20:15,High,23.0
6176,Jaipur,03/02/2024,07:30,Low,36.1
6177,Jaipur,2023-07-14,19:30,Low,37.5
6178,Jaipur,06/19/2024,07:00,Moderate,26.1
6179,Jaipur,2024.02.25,22:30,Moderate,27.5
6180,Jaipur,2024-10-31,22:30,Low,39.9
6181,Jaipur,07/27/2024,09:15,Severe,5.8
6182,Jaipur,2024-10-29,09:15,High,14.3
6183,Jaipur,31-05-2023,17:30,High,16.5
6184,Jaipur,23-01-2024,21:00,Moderate,26.6
6185,Jaipur,03/27/2023,22:15,Moderate,26.8
6186,Jaipur,2023-06-30,17:30,Moderate,22.6
6187,Jaipur,2023-11-06,19:30,High,17.5
6188,Jaipur,04/06/2024,08:15,Moderate,23.7
6189,Jaipur,18-08-2023,19:00,High,17.9
6190,Jaipur,2023.12.08,05:15,Low,33.6
6191,Jaipur,01/09/2024,20:15,High,12.9
6192,Jaipur,04/01/2024,18:30,High,16.2
6193,Jaipur,05/24/2024,11:45,Severe,3.4
6194,Jaipur,2024-11-13,08:00,High,16.8
6195,Jaipur,2023.11.06,12:00,Moderate,34.9
6196,Jaipur,2024.04.17,05:30,Moderate,26.4
6197,Jaipur,2024-02-20,13:30,Moderate,24.3
6198,Jaipur,06/18/2023,17:00,Severe,11.6
6199,Jaipur,2023.10.25,07:45,High,14.1
6200,Jaipur,2023-04-19,02:15,Low,36.5
6201,Jaipur,2024.05.25,12:15,Moderate,31.5
6202,Jaipur,2024.08.14,03:45,Moderate,23.8
6203,Jaipur,2023-03-29,15:15,Moderate,32.4
6204,Jaipur,2023-01-22,19:15,Severe,12.0
6205,Jaipur,26-05-2023,23:45,Moderate,21.0
6206,Jaipur,25-08-2024,11:45,Low,114.7
6207,Jaipur,2023.09.19,05:15,Low,36.7
6208,Jaipur,07/02/2024,07:45,Low,33.8
6209,Jaipur,2023-03-20,18:00,Severe,6.6
6210,Jaipur,11/24/2023,10:00,Low,38.2
6211,Jaipur,19-11-2024,08:30,High,14.2
6212,Jaipur,2024-06-30,23:45,High,20.8
6213,Jaipur,05/21/2023,19:30,High,7.9
6214,Jaipur,04/21/2024,18:15,High,4.1
6215,Jaipur,08-08-2024,13:30,Low,32.2
6216,Jaipur,07/18/2023,08:30,High,17.9
6217,Jaipur,2023.02.16,12:00,Moderate,22.8
6218,Jaipur,2023-12-21,21:15,Moderate,32.5
6219,Jaipur,2024-01-07,09:30,Moderate,25.9
6220,Jaipur,27/03/2023,07:30,High,19.0
6221,Jaipur,2023.01.20,13:00,High,17.2
6222,Jaipur,2024.05.06,11:45,High,9.4
6223,Jaipur,22/05/2024,12:30,Moderate,19.7
6224,Jaipur,2023.02.14,18:00,High,14.9
6225,Jaipur,2023.07.26,16:15,Low,38.2
6226,Jaipur,02/10/2024,19:45,Severe,13.2
6227,Jaipur,03/27/2023,15:45,Low,39.5
6228,Jaipur,2023.03.09,08:45,High,19.6
6229,Jaipur,27-05-2023,18:45,Moderate,17.6
6230,Jaipur,2024.06.30,15:00,Moderate,22.9
6231,Jaipur,2023-10-02,21:45,Low,44.6
6232,Jaipur,27-01-2023,19:45,High,18.7
6233,Jaipur,19/08/2024,13:00,Moderate,22.4
6234,Jaipur,07/19/2024,20:45,Severe,3.0
6235,Jaipur,10/26/2024,11:15,Moderate,29.8
6236,Jaipur,12-12-2024,06:00,Moderate,33.6
6237,Jaipur,2023.05.13,22:15,Moderate,24.1
6238,Jaipur,2023.07.08,16:45,High,21.6
6239,Jaipur,2024-07-04,19:15,High,17.2
6240,Jaipur,2023.09.22,21:45,Low,46.1
6241,Jaipur,2024.07.11,20:00,High,16.2
6242,Jaipur,2023-05-09,06:00,Moderate,32.4
6243,Jaipur,2024.07.26,07:30,Low,36.1
6244,Jaipur,12/25/2024,10:45,Moderate,23.0
6245,Jaipur,17-03-2024,17:00,Low,33.8
6246,Jaipur,2024.04.04,19:15,High,11.0
6247,Jaipur,29/01/2024,09:00,Moderate,20.4
6248,Jaipur,09-05-2024,12:15,Low,30.3
6249,Jaipur,02/12/2024,17:00,Low,37.7
6250,Jaipur,2024-03-01,15:45,Moderate,32.7
6251,Jaipur,12/11/2023,14:00,Moderate,92.6
6252,Jaipur,12/10/2023,15:15,Moderate,17.6
6253,Jaipur,25/11/2024,06:45,High,17.4
6254,Jaipur,2024.10.19,18:30,Severe,6.1
6255,Jaipur,12/06/2023,18:00,Severe,23.0
6256,Jaipur,19-04-2024,14:15,Moderate,20.2
6257,Jaipur,07/05/2023,07:15,Low,42.0
6258,Jaipur,28/08/2024,13:00,Severe,3.0
6259,Jaipur,2024.02.16,11:30,Moderate,24.0
6260,Jaipur,2024-07-17,23:15,Moderate,30.6
6261,Jaipur,2023.09.06,22:15,Moderate,24.0
6262,Jaipur,12/08/2024,15:00,High,21.0
6263,Jaipur,30-10-2024,07:45,Moderate,29.3
6264,Jaipur,13-02-2024,20:45,Severe,11.9
6265,Jaipur,01/18/2023,15:30,Low,80.1
6266,Jaipur,04/06/2024,15:15,Low,43.6
6267,Jaipur,10/20/2023,19:30,Moderate,26.6
6268,Jaipur,05/01/2024,13:15,Moderate,93.3
6269,Jaipur,08/25/2024,17:30,Moderate,37.5
6270,Jaipur,05-09-2024,10:00,Low,42.7
6271,Jaipur,2023-06-29,08:00,Moderate,25.5
6272,Jaipur,19-12-2023,22:15,Low,24.9
6273,Jaipur,2023-08-26,10:15,Low,36.6
6274,Jaipur,17/08/2024,08:00,Severe,3.0
6275,Jaipur,06/05/2024,20:30,High,17.2
6276,Jaipur,2023-03-05,17:30,Low,41.3
6277,Jaipur,11/18/2024,18:15,High,14.9
6278,Jaipur,2024-11-24,06:45,Severe,15.1
6279,Jaipur,2024-07-13,18:45,Moderate,29.8
6280,Jaipur,08/06/2023,11:15,Low,-39.5
6281,Jaipur,2023-05-15,09:15,High,22.4
6282,Jaipur,2024.04.30,13:45,Low,35.5
6283,Jaipur,06/13/2023,12:45,Moderate,35.1
6284,Jaipur,03/06/2024,19:45,Moderate,28.2
6285,Jaipur,2024-08-12,17:45,Moderate,33.8
6286,Jaipur,08/01/2024,19:15,Severe,17.6
6287,Jaipur,2024.10.01,17:45,Moderate,28.0
6288,Jaipur,2023-08-22,09:00,High,8.7
6289,Jaipur,22-06-2024,13:45,High,22.5
6290,Jaipur,13/02/2024,14:45,Moderate,27.3
6291,Jaipur,07/15/2023,17:00,High,24.4
6292,Jaipur,17/01/2023,22:45,Low,37.6
6293,Jaipur,2023.07.11,19:15,High,17.3
6294,Jaipur,06/05/2023,07:00,Moderate,31.3
6295,Jaipur,2023-08-07,19:45,,6.6
6296,Jaipur,18/11/2023,16:30,Moderate,31.6
6297,Jaipur,18-11-2023,08:30,Moderate,22.6
6298,Jaipur,01-11-2024,22:45,Moderate,22.2
6299,Jaipur,2023-03-29,12:45,Severe,8.1
6300,Jaipur,10/03/2023,18:00,High,20.0
6301,Jaipur,14-05-2023,20:30,Moderate,20.1
6302,Jaipur,10/18/2023,13:15,High,19.2
6303,Jaipur,2023.08.21,09:45,Moderate,22.0
6304,Jaipur,30/09/2024,17:45,Severe,7.0
6305,Jaipur,19/10/2023,17:45,High,19.4
6306,Jaipur,12/02/2024,19:45,High,19.5
6307,Jaipur,09-09-2023,12:30,Severe,5.0
6308,Jaipur,19/11/2024,16:30,High,9.0
6309,Jaipur,2023-12-01,12:00,Low,32.4
6310,Jaipur,10/10/2024,21:15,Moderate,26.8
6311,Jaipur,05/29/2023,20:45,Severe,-6.6
6312,Jaipur,2024.07.25,12:00,Moderate,26.0
6313,Jaipur,24/04/2023,20:15,Severe,5.7
6314,Jaipur,16-09-2023,17:00,Moderate,31.7
6315,Jaipur,2023.06.14,06:15,Severe,8.7
6316,Jaipur,25/11/2024,16:45,Moderate,19.7
6317,Jaipur,2024.04.28,16:00,Low,34.4
6318,Jaipur,26-07-2023,06:30,,-37.0
6319,Jaipur,01-03-2024,14:00,Low,32.5
6320,Jaipur,12/27/2023,21:30,Moderate,29.3
6321,Jaipur,09/24/2024,10:30,High,8.0
6322,Jaipur,31-10-2024,09:45,Moderate,33.2
6323,Jaipur,2024-12-23,06:45,Moderate,117.2
6324,Jaipur,2024-06-06,07:15,Moderate,33.5
6325,Jaipur,01-05-2023,07:45,Moderate,23.6
6326,Jaipur,2024.10.15,17:45,Moderate,31.7
6327,Jaipur,2024-05-06,20:00,High,23.8
6328,Jaipur,2023.12.12,11:00,High,19.6
6329,Jaipur,13/11/2024,17:00,Moderate,21.9
6330,Jaipur,02/26/2024,15:45,Moderate,23.2
6331,Jaipur,2023-02-26,19:15,High,21.9
6332,Jaipur,11/03/2023,12:15,Low,37.7
6333,Jaipur,05/18/2023,06:45,High,8.5
6334,Jaipur,2024.07.10,18:45,Severe,7.4
6335,Jaipur,09/05/2023,20:30,High,11.8
6336,Jaipur,01-06-2024,19:30,High,12.7
6337,Jaipur,14-09-2023,09:00,High,11.4
6338,Jaipur,11/03/2024,18:00,High,18.2
6339,Jaipur,2024.04.11,16:45,Moderate,26.3
6340,Jaipur,03/24/2024,11:45,High,18.8
6341,Jaipur,2024-06-30,18:00,High,22.5
6342,Jaipur,2023-10-02,06:30,High,13.1
6343,Jaipur,14-06-2024,08:15,High,18.9
6344,Jaipur,2024-04-14,13:15,Moderate,27.1
6345,Jaipur,2024.11.03,09:30,High,19.7
6346,Jaipur,01-09-2024,15:45,Moderate,32.1
6347,Jaipur,06-09-2023,21:00,Moderate,17.1
6348,Jaipur,12-05-2023,14:45,High,19.9
6349,Jaipur,04/22/2024,07:15,Low,45.2
6350,Jaipur,2024.12.22,12:00,Severe,10.7
6351,Jaipur,2024-05-03,10:15,Moderate,31.1
6352,Jaipur,2023-06-01,23:45,Moderate,26.3
6353,Jaipur,2023.08.15,08:45,High,16.5
6354,Jaipur,11/27/2023,19:45,High,13.3
6355,Jaipur,22-12-2023,00:45,Low,42.9
6356,Jaipur,09/08/2024,08:30,High,9.8
6357,Jaipur,10/10/2024,15:30,High,18.6
6358,Jaipur,18-12-2024,07:30,Moderate,38.3
6359,Jaipur,09/27/2024,20:15,High,20.5
6360,Jaipur,09/24/2024,15:30,Moderate,31.6
6361,Jaipur,2023-01-24,08:45,High,17.6
6362,Jaipur,2023.05.24,16:15,Low,31.5
6363,Jaipur,23-09-2024,15:15,Low,35.5
6364,Jaipur,03/05/2023,07:15,Severe,14.9
6365,Jaipur,2023.07.15,10:00,Moderate,32.6
6366,Jaipur,26-11-2023,18:00,Moderate,28.1
6367,Jaipur,11-01-2024,19:45,Severe,5.8
6368,Jaipur,21/07/2024,13:00,High,16.4
6369,Jaipur,2023-11-23,19:00,Severe,3.0
6370,Jaipur,04/13/2024,07:30,Low,44.2
6371,Jaipur,11/04/2024,12:30,High,13.5
6372,Jaipur,2023-07-07,15:00,Low,33.8
6373,Jaipur,2023.11.08,08:00,High,17.6
6374,Jaipur,2023-11-20,10:15,Low,40.6
6375,Jaipur,02/27/2023,14:45,Low,36.4
6376,Jaipur,06/04/2024,08:30,High,6.4
6377,Jaipur,14-01-2023,11:30,Low,38.6
6378,Jaipur,2024.02.23,12:45,Moderate,30.5
6379,Jaipur,2024.10.19,05:00,Moderate,28.7
6380,Jaipur,08-04-2023,17:45,Moderate,26.5
6381,Jaipur,2023-12-23,06:15,Moderate,23.8
6382,Jaipur,02-06-2023,21:30,Moderate,28.8
6383,Jaipur,2024-11-03,17:15,Moderate,31.4
6384,Jaipur,23-08-2024,21:45,Low,40.2
6385,Jaipur,07/12/2024,11:45,Severe,7.3
6386,Jaipur,2024-04-18,20:30,High,15.5
6387,Jaipur,05/20/2024,12:45,High,20.6
6388,Jaipur,20/07/2024,16:00,High,11.7
6389,Jaipur,08/03/2024,18:15,High,14.3
6390,Jaipur,2023-12-05,04:15,Low,46.5
6391,Jaipur,2024-01-01,16:30,Moderate,34.7
6392,Jaipur,11/02/2023,16:00,Moderate,23.0
6393,Jaipur,18/04/2024,15:00,Moderate,30.0
6394,Jaipur,2023.07.09,09:45,Moderate,27.1
6395,Jaipur,23-11-2024,18:15,High,15.6
6396,Jaipur,09/07/2023,18:15,Moderate,28.4
6397,Jaipur,05-04-2024,10:15,High,18.0
6398,Jaipur,09/09/2023,08:00,Severe,6.5
6399,Jaipur,26-09-2024,18:00,High,15.1
6400,Jaipur,24/06/2023,04:45,Low,38.3
6401,Jaipur,16/06/2024,09:30,Moderate,22.1
6402,Jaipur,04/29/2023,18:45,Severe,16.4
6403,Jaipur,22/04/2024,12:30,High,11.4
6404,Jaipur,10/16/2024,18:15,Severe,9.2
6405,Jaipur,11-11-2024,07:15,Low,40.8
6406,Jaipur,31-12-2023,12:45,High,18.7
6407,Jaipur,12/07/2024,07:00,Severe,3.0
6408,Jaipur,2024.03.19,18:45,High,12.5
6409,Jaipur,26-03-2024,08:45,Moderate,26.1
6410,Jaipur,2023-09-19,15:30,Low,40.4
6411,Jaipur,27/10/2023,21:15,Low,31.6
6412,Jaipur,2024-11-26,18:15,Moderate,25.4
6413,Jaipur,03-01-2023,19:45,High,15.6
6414,Jaipur,28-02-2024,18:30,High,13.9
6415,Jaipur,17-05-2024,17:30,Severe,12.8
6416,Jaipur,16-06-2024,14:15,High,19.1
6417,Jaipur,2024-05-17,09:00,Severe,6.8
6418,Jaipur,01/06/2024,17:30,Low,47.4
6419,Jaipur,02-12-2023,17:45,Moderate,35.5
6420,Jaipur,15-07-2023,20:00,High,19.0
6421,Jaipur,24-10-2024,04:00,Moderate,23.0
6422,Jaipur,2024.05.30,09:15,High,19.5
6423,Jaipur,20-05-2024,10:45,Low,36.1
6424,Jaipur,26-02-2023,10:30,Moderate,16.2
6425,Jaipur,2024.07.30,09:00,High,16.1
6426,Jaipur,2023.08.12,18:15,Severe,3.0
6427,Jaipur,23-06-2023,18:00,Moderate,35.4
6428,Jaipur,2024.03.06,13:15,Low,38.6
6429,Jaipur,18-12-2024,14:30,High,13.7
6430,Jaipur,12/22/2024,18:00,Severe,3.8
6431,Jaipur,20/01/2023,20:45,,17.3
6432,Jaipur,05/02/2024,19:15,Severe,7.2
6433,Jaipur,2023.06.15,12:00,High,21.7
6434,Jaipur,10-01-2024,15:30,Severe,9.5
6435,Jaipur,2023.04.25,19:45,Severe,11.1
6436,Jaipur,10/24/2024,09:30,High,17.0
6437,Jaipur,01/12/2023,19:45,High,7.6
6438,Jaipur,19-04-2023,07:30,Moderate,16.7
6439,Jaipur,2024-11-22,08:15,Moderate,30.5
6440,Jaipur,02/07/2023,15:00,Moderate,26.9
6441,Jaipur,2024-04-27,18:15,Severe,3.7
6442,Jaipur,02/16/2024,17:15,High,13.5
6443,Jaipur,2023.12.26,06:45,Low,41.1
6444,Jaipur,2024.01.29,18:45,Severe,15.0
6445,Jaipur,01/07/2023,04:00,High,13.5
6446,Jaipur,06/11/2023,08:30,High,10.3
6447,Jaipur,01/19/2023,07:15,Moderate,23.7
6448,Jaipur,2024-10-20,07:00,Moderate,27.2
6449,Jaipur,01/03/2023,10:30,Severe,14.4
6450,Jaipur,2024.01.05,08:00,Severe,3.6
6451,Jaipur,20-03-2023,14:15,Low,42.8
6452,Jaipur,10/11/2024,18:00,High,14.1
6453,Jaipur,2024.06.19,19:00,Moderate,33.1
6454,Jaipur,20/10/2023,22:45,Moderate,35.8
6455,Jaipur,10/03/2023,03:45,Low,37.5
6456,Jaipur,2024.10.17,17:15,Severe,13.3
6457,Jaipur,2024.11.04,12:15,Severe,6.2
6458,Jaipur,23/04/2023,20:30,High,27.7
6459,Jaipur,19-11-2023,16:00,Low,35.6
6460,Jaipur,2023-08-04,11:00,High,9.3
6461,Jaipur,27-04-2024,23:45,High,6.7
6462,Jaipur,2023-03-30,20:15,High,22.2
6463,Jaipur,2023-09-28,10:15,Moderate,32.3
6464,Jaipur,08/08/2023,10:30,Moderate,32.8
6465,Jaipur,2023.03.01,19:30,Moderate,27.1
6466,Jaipur,15-02-2024,09:45,Moderate,27.7
6467,Jaipur,01/28/2024,21:45,Severe,6.3
6468,Jaipur,10/16/2024,22:30,Low,38.4
6469,Jaipur,17/11/2024,15:15,Low,39.3
6470,Jaipur,27/04/2023,04:45,Moderate,27.1
6471,Jaipur,2023.01.14,19:45,High,22.7
6472,Jaipur,06-03-2024,07:00,Moderate,29.7
6473,Jaipur,2023-03-03,21:15,High,12.9
6474,Jaipur,2023.07.06,08:00,Moderate,14.3
6475,Jaipur,09/14/2023,09:30,High,19.3
6476,Jaipur,01/01/2023,10:15,High,17.8
6477,Jaipur,2024.05.20,17:30,Low,37.8
6478,Jaipur,01/08/2023,03:45,Low,35.7
6479,Jaipur,2024-03-27,04:15,Moderate,30.2
6480,Jaipur,2024-11-30,08:00,Moderate,32.9
6481,Jaipur,01/03/2023,04:00,Low,38.9
6482,Jaipur,18/10/2023,19:30,Severe,12.4
6483,Jaipur,08/30/2024,12:00,Low,40.7
6484,Jaipur,23-01-2024,08:45,Moderate,30.1
6485,Jaipur,18/02/2024,18:45,Severe,3.0
6486,Jaipur,15-06-2024,10:30,Moderate,32.4
6487,Jaipur,21-06-2023,18:00,Moderate,30.2
6488,Jaipur,2023.07.31,19:30,Severe,3.0
6489,Jaipur,2024.07.22,19:45,High,10.8
6490,Jaipur,2024.08.05,17:30,,13.5
6491,Jaipur,03/02/2023,22:00,High,26.3
6492,Jaipur,2023.02.28,19:15,High,19.5
6493,Jaipur,08/10/2024,12:15,Moderate,23.1
6494,Jaipur,2023.07.07,20:30,Severe,13.7
6495,Jaipur,02/07/2023,15:00,Moderate,33.4
6496,Jaipur,21/02/2024,07:30,Low,44.0
6497,Jaipur,06/28/2023,07:45,Moderate,27.8
6498,Jaipur,2024.07.13,10:00,Low,34.0
6499,Jaipur,2024.04.25,03:00,Low,35.1
6500,Jaipur,2023-07-22,11:30,High,14.6
6501,Jaipur,21/02/2023,06:15,Low,36.8
6502,Jaipur,27/07/2024,12:00,Severe,3.0
6503,Jaipur,02/04/2023,20:00,Severe,19.2
6504,Jaipur,2024-06-18,06:30,Moderate,17.2
6505,Jaipur,02-04-2024,08:45,High,16.2
6506,Jaipur,2024-11-14,15:00,Moderate,35.6
6507,Jaipur,2023.07.15,09:00,High,23.6
6508,Jaipur,27/08/2023,19:15,High,14.7
6509,Jaipur,19-02-2023,08:00,Moderate,22.3
6510,Jaipur,10/06/2023,21:00,Low,44.1
6511,Jaipur,2024-06-18,21:45,Low,37.8
6512,Jaipur,16-05-2023,07:00,High,10.4
6513,Jaipur,08-11-2024,12:00,High,17.7
6514,Jaipur,2024.11.21,16:45,Severe,18.9
6515,Jaipur,01/03/2023,11:15,Moderate,30.0
6516,Jaipur,2023.09.03,07:00,Severe,9.4
6517,Jaipur,2024-12-04,19:30,High,14.6
6518,Jaipur,2024.06.13,08:15,High,11.4
6519,Jaipur,2024-05-02,11:00,Low,35.7
6520,Jaipur,19-08-2024,13:30,Low,44.7
6521,Jaipur,2024-09-11,07:15,Low,34.4
6522,Jaipur,16/04/2023,21:45,Low,41.9
6523,Jaipur,14-07-2024,15:45,Moderate,25.8
6524,Jaipur,11-08-2023,19:45,Severe,11.7
6525,Jaipur,01-04-2024,03:45,Low,-30.2
6526,Jaipur,09-11-2023,17:30,Low,36.2
6527,Jaipur,2023-01-05,18:45,Severe,3.9
6528,Jaipur,29-09-2023,14:00,Moderate,22.6
6529,Jaipur,2023.05.01,14:30,High,21.1
6530,Jaipur,14-10-2024,18:30,Severe,7.0
6531,Jaipur,2023.09.18,09:15,High,13.5
6532,Jaipur,03-09-2024,08:15,High,17.6
6533,Jaipur,08/06/2024,14:30,Moderate,36.7
6534,Jaipur,04/02/2023,11:00,Low,39.0
6535,Jaipur,2024.03.31,23:00,Low,37.3
6536,Jaipur,2024-11-06,19:00,High,22.5
6537,Jaipur,27/06/2024,14:45,High,19.2
6538,Jaipur,25/06/2024,16:30,Low,38.9
6539,Jaipur,2023.01.18,19:15,Severe,4.6
6540,Jaipur,24-02-2024,23:15,Low,40.7
6541,Jaipur,2024.08.18,18:00,Low,34.6
6542,Jaipur,12/16/2024,20:00,High,17.4
6543,Jaipur,10/12/2024,07:15,Low,30.6
6544,Jaipur,2024.05.16,16:45,Low,28.1
6545,Jaipur,15/07/2023,20:30,High,14.4
6546,Jaipur,31-07-2024,18:00,High,18.2
6547,Jaipur,2024.10.04,17:30,Moderate,20.8
6548,Jaipur,10/16/2023,08:45,High,13.9
6549,Jaipur,2023-03-20,20:45,Moderate,26.9
6550,Jaipur,2023-03-03,08:30,Severe,5.8
6551,Jaipur,2023.04.27,10:15,Moderate,33.8
6552,Jaipur,2023.05.22,16:45,Moderate,28.4
6553,Jaipur,04/16/2024,08:15,Severe,16.4
6554,Jaipur,04/11/2023,11:30,Moderate,39.2
6555,Jaipur,12/27/2024,16:30,Severe,7.1
6556,Jaipur,2024.11.27,16:30,Moderate,24.0
6557,Jaipur,03/20/2023,23:15,Low,37.1
6558,Jaipur,2024-04-16,20:45,High,25.4
6559,Jaipur,03/06/2024,22:30,High,80.7
6560,Jaipur,2024-02-22,15:45,Low,37.2
6561,Jaipur,2024.04.01,20:45,High,11.4
6562,Jaipur,2024-07-30,17:45,Moderate,26.8
6563,Jaipur,22-10-2023,07:30,Moderate,28.7
6564,Jaipur,2024-07-17,07:30,Low,35.9
6565,Jaipur,28/07/2024,10:15,Severe,12.9
6566,Jaipur,02-04-2023,00:45,Moderate,22.6
6567,Jaipur,08/12/2024,13:15,High,24.7
6568,Jaipur,05/24/2023,08:00,High,18.8
6569,Jaipur,15-03-2024,20:30,Severe,8.5
6570,Jaipur,2023-12-18,18:15,Severe,10.1
6571,Jaipur,30/06/2023,08:30,Severe,8.1
6572,Jaipur,01/10/2023,06:45,Moderate,28.7
6573,Jaipur,29-06-2024,10:15,Moderate,26.2
6574,Jaipur,19/06/2024,11:00,Low,37.0
6575,Jaipur,2023-02-27,19:30,Severe,8.0
6576,Jaipur,2023.03.28,16:45,High,11.8
6577,Jaipur,27/12/2024,08:00,High,18.9
6578,Jaipur,2024.02.11,18:15,High,18.5
6579,Jaipur,2023.10.06,19:30,Moderate,20.8
6580,Jaipur,26/06/2024,08:45,Low,27.5
6581,Jaipur,19-05-2023,02:30,Low,45.9
6582,Jaipur,08-02-2023,21:15,Moderate,28.1
6583,Jaipur,2024-05-20,19:45,High,19.2
6584,Jaipur,03/02/2024,23:15,High,6.2
6585,Jaipur,25-10-2023,18:15,High,20.5
6586,Jaipur,04/13/2023,10:45,High,28.0
6587,Jaipur,2023-11-27,08:00,Moderate,26.9
6588,Jaipur,2023.09.06,19:45,High,3.0
6589,Jaipur,07/22/2024,18:30,Moderate,31.2
6590,Jaipur,13-11-2023,16:15,Low,41.6
6591,Jaipur,2024-02-06,08:15,Severe,3.5
6592,Jaipur,2024-10-01,19:00,Severe,7.6
6593,Jaipur,27/08/2023,18:00,High,6.6
6594,Jaipur,2023.06.08,11:30,Low,34.4
6595,Jaipur,06/26/2023,16:15,Severe,3.0
6596,Jaipur,2024-07-21,16:15,Moderate,25.1
6597,Jaipur,18/03/2023,08:45,Moderate,31.9
6598,Jaipur,01-01-2023,03:15,,43.9
6599,Jaipur,14/08/2024,19:00,Severe,10.0
6600,Jaipur,2024.04.11,15:15,High,16.3
6601,Jaipur,2023.08.10,18:45,Moderate,18.7
6602,Jaipur,06/08/2024,18:00,Severe,14.7
6603,Jaipur,2024.01.29,18:30,Severe,16.5
6604,Jaipur,2023.11.08,10:30,Moderate,23.2
6605,Jaipur,06/16/2024,11:15,Moderate,26.7
6606,Jaipur,04/09/2023,10:30,Moderate,29.5
6607,Jaipur,2023.11.21,08:00,Moderate,37.2
6608,Jaipur,2023.01.04,08:45,High,21.8
6609,Jaipur,2023-05-20,20:30,Moderate,24.0
6610,Jaipur,01/19/2024,10:30,Low,40.9
6611,Jaipur,14-03-2023,10:30,Moderate,28.0
6612,Jaipur,2024.12.19,19:15,Severe,7.8
6613,Jaipur,2024-09-14,17:00,Low,34.9
6614,Jaipur,2024.06.27,07:00,Moderate,35.6
6615,Jaipur,28-12-2024,15:30,Low,36.1
6616,Jaipur,2023.01.23,13:15,Moderate,26.2
6617,Jaipur,30/09/2023,07:45,Moderate,19.2
6618,Jaipur,2024-01-22,19:30,Severe,14.1
6619,Jaipur,2024-04-07,11:15,High,18.1
6620,Jaipur,09/02/2024,19:15,Severe,3.0
6621,Jaipur,08-11-2023,14:00,Low,41.7
6622,Jaipur,09/04/2024,13:30,Moderate,28.3
6623,Jaipur,2023-07-15,10:30,Moderate,22.5
6624,Jaipur,14/04/2024,09:15,Moderate,28.0
6625,Jaipur,2023.09.03,18:00,Severe,3.0
6626,Jaipur,23-03-2023,01:15,Moderate,25.0
6627,Jaipur,13-11-2024,18:00,Moderate,27.4
6628,Jaipur,05-11-2024,10:30,Low,39.1
6629,Jaipur,2023-01-05,13:15,High,19.2
6630,Jaipur,2023-01-03,08:00,High,16.2
6631,Jaipur,11-04-2024,08:45,Severe,-9.5
6632,Jaipur,2024-05-10,16:00,Severe,13.1
6633,Jaipur,29-11-2023,17:30,High,24.0
6634,Lucknow,07/17/2024,13:15,Moderate,36.1
6635,Lucknow,2023.12.02,08:15,Severe,3.9
6636,Lucknow,2024-04-20,08:00,High,12.8
6637,Lucknow,2023-04-04,08:00,Severe,3.0
6638,Lucknow,2024-08-14,08:00,High,20.6
6639,Lucknow,30-04-2023,07:15,High,22.9
6640,Lucknow,2024-11-11,18:30,High,14.3
6641,Lucknow,2023-02-13,19:30,Low,40.0
6642,Lucknow,30/08/2024,08:45,High,14.4
6643,Lucknow,11-05-2023,14:30,Low,36.2
6644,Lucknow,03/28/2024,19:00,Severe,4.0
6645,Lucknow,17/06/2023,18:00,Low,36.1
6646,Lucknow,2024-08-09,12:00,Low,35.7
6647,Lucknow,01/01/2024,21:00,Moderate,25.9
6648,Lucknow,10-01-2023,12:15,High,13.3
6649,Lucknow,2023.06.26,13:30,Severe,3.0
6650,Lucknow,2023.05.10,17:00,High,14.8
6651,Lucknow,10/12/2023,06:45,Moderate,24.2
6652,Lucknow,26/05/2023,17:45,Moderate,27.6
6653,Lucknow,2024.08.05,10:45,High,11.9
6654,Lucknow,31-07-2024,11:30,High,21.4
6655,Lucknow,2023.06.03,17:45,Low,40.4
6656,Lucknow,2024-07-09,11:30,High,16.1
6657,Lucknow,28/11/2023,09:15,High,17.4
6658,Lucknow,10/04/2023,20:30,Severe,8.2
6659,Lucknow,2024.10.06,15:30,Severe,3.0
6660,Lucknow,22/01/2024,17:00,Moderate,24.6
6661,Lucknow,20/01/2024,16:15,Severe,3.0
6662,Lucknow,11/09/2024,07:30,Low,36.1
6663,Lucknow,14-08-2023,13:15,Low,39.3
6664,Lucknow,2023.09.08,18:45,Severe,4.3
6665,Lucknow,27/04/2023,07:00,High,16.1
6666,Lucknow,13-12-2024,06:15,Moderate,26.9
6667,Lucknow,04-11-2024,12:15,Moderate,23.7
6668,Lucknow,30/05/2023,19:15,Low,38.0
6669,Lucknow,2023-12-19,18:00,High,14.0
6670,Lucknow,2023-08-02,10:30,High,13.9
6671,Lucknow,2023-10-12,16:30,Low,38.5
6672,Lucknow,04/12/2024,06:00,Moderate,24.1
6673,Lucknow,12/11/2023,10:45,Moderate,25.9
6674,Lucknow,2023-12-27,17:00,High,17.0
6675,Lucknow,2024.04.08,08:15,High,15.5
6676,Lucknow,08/20/2023,13:00,Low,30.1
6677,Lucknow,16/03/2023,19:00,High,11.2
6678,Lucknow,01/02/2023,07:45,Moderate,35.2
6679,Lucknow,02/23/2023,20:00,Moderate,36.0
6680,Lucknow,22-08-2024,04:45,High,11.0
6681,Lucknow,2023-06-29,13:30,Moderate,34.7
6682,Lucknow,11-04-2023,17:15,Low,35.6
6683,Lucknow,02/26/2024,09:15,Moderate,27.6
6684,Lucknow,2024.01.08,09:45,High,18.2
6685,Lucknow,01/10/2024,17:00,Severe,9.1
6686,Lucknow,04/22/2024,01:45,Low,50.6
6687,Lucknow,11-08-2023,17:15,High,93.9
6688,Lucknow,2024.07.30,09:15,Severe,3.5
6689,Lucknow,06-12-2024,18:15,Moderate,25.9
6690,Lucknow,04/16/2023,17:00,High,18.1
6691,Lucknow,2023.04.01,16:15,Low,42.6
6692,Lucknow,2023.08.15,15:00,High,12.0
6693,Lucknow,2024-01-31,08:00,Moderate,19.2
6694,Lucknow,01-04-2023,10:15,Low,37.7
6695,Lucknow,29-06-2023,19:45,High,21.4
6696,Lucknow,29-09-2024,22:15,Moderate,29.4
6697,Lucknow,12/03/2023,17:00,High,12.5
6698,Lucknow,16-12-2023,14:30,High,10.8
6699,Lucknow,11/03/2023,09:45,Low,36.1
6700,Lucknow,2024.01.21,19:15,Moderate,32.2
6701,Lucknow,23-11-2024,21:00,Low,36.5
6702,Lucknow,2024.03.14,10:30,Severe,6.4
6703,Lucknow,12-01-2023,14:15,Severe,9.6
6704,Lucknow,2023.11.26,09:45,Severe,3.8
6705,Lucknow,09/05/2023,11:30,High,18.8
6706,Lucknow,04/25/2023,12:00,Moderate,31.1
6707,Lucknow,31-07-2023,09:00,High,11.9
6708,Lucknow,2023-11-09,19:45,High,15.1
6709,Lucknow,01/11/2024,08:30,High,23.6
6710,Lucknow,21/05/2024,17:00,Moderate,23.0
6711,Lucknow,12-03-2023,15:45,Low,36.5
6712,Lucknow,19/06/2023,08:15,Low,42.6
6713,Lucknow,2024.11.25,18:45,Severe,3.0
6714,Lucknow,2024-11-30,02:15,Low,29.7
6715,Lucknow,03/06/2024,08:00,High,12.4
6716,Lucknow,09-07-2024,15:00,Low,31.2
6717,Lucknow,01-09-2023,16:15,Low,40.5
6718,Lucknow,25-01-2024,09:00,Severe,6.6
6719,Lucknow,06/25/2023,11:15,Moderate,26.6
6720,Lucknow,2024-10-23,06:30,Moderate,23.6
6721,Lucknow,2024.02.05,19:00,Moderate,35.1
6722,Lucknow,04/29/2024,10:15,High,11.7
6723,Lucknow,05/26/2024,08:45,High,25.5
6724,Lucknow,21/07/2023,16:15,Low,42.5
6725,Lucknow,25-11-2024,09:30,High,14.4
6726,Lucknow,2023.12.08,21:00,Moderate,25.9
6727,Lucknow,2024.01.22,22:15,Low,37.3
6728,Lucknow,21/03/2024,18:15,High,12.4
6729,Lucknow,10/06/2024,12:30,Moderate,38.4
6730,Lucknow,2023-07-17,08:45,High,22.7
6731,Lucknow,11/15/2024,11:00,Low,39.4
6732,Lucknow,02/12/2024,19:30,Severe,13.7
6733,Lucknow,01/18/2024,11:30,Moderate,22.8
6734,Lucknow,2024-06-21,10:30,Moderate,22.1
6735,Lucknow,22-02-2023,20:45,High,11.2
6736,Lucknow,26/10/2024,09:45,Severe,9.2
6737,Lucknow,22/10/2024,23:15,Moderate,24.2
6738,Lucknow,10/30/2023,08:30,Moderate,28.2
6739,Lucknow,2023-10-22,07:45,Moderate,25.8
6740,Lucknow,12/07/2023,18:00,Moderate,20.1
6741,Lucknow,01/24/2023,10:15,Moderate,27.0
6742,Lucknow,09/08/2024,20:45,Moderate,30.9
6743,Lucknow,19/07/2023,21:30,High,16.3
6744,Lucknow,30-04-2023,08:15,Moderate,-23.8
6745,Lucknow,14/05/2023,12:45,Low,48.4
6746,Lucknow,2023.10.12,21:45,Moderate,21.7
6747,Lucknow,06/18/2023,10:45,High,14.7
6748,Lucknow,2024-09-03,07:45,High,17.7
6749,Lucknow,16-08-2024,08:45,Severe,5.3
6750,Lucknow,2023.06.26,11:45,High,-18.9
6751,Lucknow,09-10-2024,00:45,Low,34.2
6752,Lucknow,01/19/2024,18:45,Severe,6.1
6753,Lucknow,24-01-2023,07:00,Severe,8.2
6754,Lucknow,2023.09.21,08:30,Severe,3.0
6755,Lucknow,2023.06.12,11:15,Low,41.0
6756,Lucknow,04/30/2023,03:45,Low,40.0
6757,Lucknow,10/09/2023,14:30,Low,36.3
6758,Lucknow,22/02/2024,03:00,Moderate,21.8
6759,Lucknow,31/05/2024,08:00,Moderate,30.0
6760,Lucknow,2024.02.07,08:30,High,20.6
6761,Lucknow,2023.06.06,06:15,Low,38.4
6762,Lucknow,2024.09.06,12:45,Moderate,27.9
6763,Lucknow,30-01-2023,09:45,High,10.5
6764,Lucknow,08/31/2024,06:45,High,19.3
6765,Lucknow,2023-07-24,16:00,Moderate,36.5
6766,Lucknow,2023.09.05,09:30,Severe,11.1
6767,Lucknow,27-11-2024,09:45,High,14.0
6768,Lucknow,2023-11-16,13:00,Low,44.4
6769,Lucknow,2023-11-20,17:15,Moderate,20.1
6770,Lucknow,05/29/2024,12:00,High,21.4
6771,Lucknow,10/23/2023,18:45,High,15.7
6772,Lucknow,12-05-2023,16:45,High,16.6
6773,Lucknow,26/10/2024,21:00,Severe,3.0
6774,Lucknow,14/04/2024,15:00,High,13.7
6775,Lucknow,2023-10-18,18:45,Severe,10.6
6776,Lucknow,16/09/2024,18:00,,16.5
6777,Lucknow,02/29/2024,19:45,Moderate,29.7
6778,Lucknow,2024.12.31,12:30,Moderate,16.1
6779,Lucknow,09/24/2023,13:45,Moderate,27.1
6780,Lucknow,10-08-2023,05:30,Low,36.5
6781,Lucknow,2024.11.24,03:30,,36.4
6782,Lucknow,01/23/2024,15:30,Moderate,27.7
6783,Lucknow,2024-12-07,09:45,High,17.8
6784,Lucknow,10/30/2023,19:00,Severe,7.8
6785,Lucknow,12-07-2024,16:30,Moderate,29.9
6786,Lucknow,2024-09-15,17:00,High,15.6
6787,Lucknow,13-06-2024,18:00,High,22.5
6788,Lucknow,2024.05.14,22:30,Low,37.5
6789,Lucknow,2024-04-07,01:45,Low,31.2
6790,Lucknow,2024.09.23,18:15,High,20.6
6791,Lucknow,03/18/2023,19:00,Severe,3.0
6792,Lucknow,2024-12-29,19:00,Severe,7.8
6793,Lucknow,24/02/2023,09:30,Moderate,112.8
6794,Lucknow,07-07-2024,12:00,Moderate,33.8
6795,Lucknow,01/04/2024,23:45,Moderate,34.5
6796,Lucknow,14-05-2023,19:30,High,8.7
6797,Lucknow,02/03/2023,13:00,Low,46.8
6798,Lucknow,2023.07.10,14:30,Low,44.5
6799,Lucknow,12-05-2024,14:15,Low,32.1
6800,Lucknow,2024.06.12,17:00,Moderate,37.2
6801,Lucknow,2023-01-23,12:15,Severe,11.8
6802,Lucknow,2024.06.11,07:30,Low,31.1
6803,Lucknow,10/15/2024,23:15,Moderate,-21.0
6804,Lucknow,06-10-2023,06:30,High,23.0
6805,Lucknow,2024.09.16,13:45,Moderate,21.5
6806,Lucknow,28/05/2024,19:30,Severe,17.5
6807,Lucknow,12-02-2023,08:30,High,13.2
6808,Lucknow,2023.04.20,16:00,Severe,5.2
6809,Lucknow,28/11/2024,09:15,Severe,3.0
6810,Lucknow,20/07/2023,06:15,Low,34.2
6811,Lucknow,19/06/2023,07:00,Moderate,26.1
6812,Lucknow,08/09/2024,15:15,Moderate,24.1
6813,Lucknow,28-05-2023,04:30,Low,40.8
6814,Lucknow,06/09/2024,17:30,High,21.1
6815,Lucknow,2023-07-26,10:15,Low,42.1
6816,Lucknow,02/21/2023,15:15,Moderate,22.4
6817,Lucknow,2024.01.26,14:00,Moderate,34.1
6818,Lucknow,11-04-2023,11:00,Moderate,32.9
6819,Lucknow,29-01-2023,01:45,High,24.4
6820,Lucknow,12/16/2023,19:00,High,6.2
6821,Lucknow,07/11/2023,13:45,High,16.4
6822,Lucknow,02/09/2024,15:30,Moderate,25.7
6823,Lucknow,2024-10-07,07:15,Moderate,33.9
6824,Lucknow,05/19/2023,12:30,Low,44.2
6825,Lucknow,11/22/2024,18:45,High,17.4
6826,Lucknow,28-07-2023,19:15,Moderate,31.3
6827,Lucknow,05/10/2023,07:00,Moderate,27.1
6828,Lucknow,28-10-2023,17:15,Moderate,21.0
6829,Lucknow,2024-01-31,08:15,Severe,11.2
6830,Lucknow,2024-09-05,20:00,High,9.3
6831,Lucknow,02/11/2023,19:15,High,20.0
6832,Lucknow,30/05/2024,21:00,High,10.8
6833,Lucknow,25/05/2023,11:00,Low,40.7
6834,Lucknow,2023-04-03,17:15,Low,34.1
6835,Lucknow,2023.05.30,07:00,High,21.2
6836,Lucknow,01/12/2023,21:00,Moderate,31.7
6837,Lucknow,19/05/2024,14:15,Moderate,34.5
6838,Lucknow,04/14/2023,17:45,Moderate,23.5
6839,Lucknow,12-11-2024,16:45,Moderate,25.2
6840,Lucknow,23-05-2023,18:00,Severe,14.6
6841,Lucknow,2023.07.10,18:30,High,14.2
6842,Lucknow,05/07/2023,19:15,High,6.8
6843,Lucknow,2024-06-28,17:00,Low,38.7
6844,Lucknow,2023.09.02,09:00,Severe,3.0
6845,Lucknow,23-12-2023,01:30,Low,38.3
6846,Lucknow,2024.10.05,08:30,High,11.6
6847,Lucknow,26-03-2023,11:45,Moderate,22.0
6848,Lucknow,17/10/2024,16:30,Low,33.1
6849,Lucknow,2024.10.10,05:30,Low,35.0
6850,Lucknow,03/02/2023,10:00,Moderate,33.5
6851,Lucknow,2023-09-11,20:00,Moderate,22.0
6852,Lucknow,02/20/2023,02:30,Low,31.0
6853,Lucknow,21-08-2023,20:45,Moderate,28.3
6854,Lucknow,08-01-2023,19:00,Severe,10.5
6855,Lucknow,2024-09-04,18:45,Moderate,32.9
6856,Lucknow,2023.07.31,09:00,High,22.9
6857,Lucknow,13/05/2024,18:30,Severe,12.0
6858,Lucknow,2024.11.01,11:45,High,9.9
6859,Lucknow,29-03-2023,07:15,Severe,7.5
6860,Lucknow,2023.08.29,14:30,Moderate,31.9
6861,Lucknow,03/05/2023,18:15,High,11.6
6862,Lucknow,2024-02-19,20:00,Severe,3.0
6863,Lucknow,18/02/2023,19:00,Moderate,27.3
6864,Lucknow,25-07-2023,12:00,Moderate,27.4
6865,Lucknow,2024-08-30,00:00,High,22.2
6866,Lucknow,2023.01.21,14:45,Moderate,32.3
6867,Lucknow,14-09-2024,15:15,Low,37.1
6868,Lucknow,26-08-2023,01:00,Low,43.8
6869,Lucknow,23/12/2024,17:45,High,11.6
6870,Lucknow,03/07/2023,08:00,High,22.3
6871,Lucknow,2023-09-20,15:45,High,11.4
6872,Lucknow,04/04/2023,17:00,Moderate,29.2
6873,Lucknow,2024.06.19,17:15,Severe,5.1
6874,Lucknow,10/18/2023,13:15,Severe,12.1
6875,Lucknow,24/11/2023,11:45,Moderate,23.0
6876,Lucknow,08/07/2024,18:30,High,18.5
6877,Lucknow,10/14/2023,18:30,Severe,16.7
6878,Lucknow,04-03-2024,12:45,Severe,3.0
6879,Lucknow,03/11/2023,13:00,Low,35.0
6880,Lucknow,01/27/2023,12:30,Moderate,25.1
6881,Lucknow,2024-08-23,15:15,Low,41.3
6882,Lucknow,2023-09-13,15:00,Moderate,31.0
6883,Lucknow,01/27/2024,01:15,Low,31.6
6884,Lucknow,2023-05-04,14:30,Low,39.1
6885,Lucknow,13-10-2023,07:15,Moderate,26.1
6886,Lucknow,22/04/2023,19:45,Severe,114.8
6887,Lucknow,2023-01-24,01:15,Low,36.9
6888,Lucknow,2023.07.07,21:30,High,18.6
6889,Lucknow,2023.12.05,08:45,Moderate,32.9
6890,Lucknow,06/14/2024,08:00,Moderate,24.4
6891,Lucknow,10/12/2024,21:45,Low,49.0
6892,Lucknow,2023.09.09,18:15,Severe,14.1
6893,Lucknow,23-01-2023,17:00,Moderate,22.5
6894,Lucknow,18/01/2024,15:15,High,24.8
6895,Lucknow,09/10/2023,09:30,Moderate,28.3
6896,Lucknow,2024.02.10,04:30,Low,41.4
6897,Lucknow,2024.06.02,19:30,Severe,13.5
6898,Lucknow,2023-12-05,18:00,Moderate,29.1
6899,Lucknow,08/18/2024,20:00,Moderate,20.6
6900,Lucknow,01-08-2023,19:45,High,16.3
6901,Lucknow,06/08/2024,20:15,High,22.1
6902,Lucknow,08/11/2023,17:15,High,21.2
6903,Lucknow,2023-09-10,18:15,Moderate,26.6
6904,Lucknow,14/12/2024,18:45,Moderate,35.8
6905,Lucknow,2023-05-26,09:30,Moderate,23.9
6906,Lucknow,2024-09-30,06:45,High,21.7
6907,Lucknow,2024.11.27,19:15,Severe,6.9
6908,Lucknow,24/08/2023,08:15,Severe,4.9
6909,Lucknow,09/18/2024,17:30,High,17.5
6910,Lucknow,2024.04.01,11:30,High,6.2
6911,Lucknow,2024.08.06,15:15,Moderate,22.6
6912,Lucknow,01-11-2024,14:00,Moderate,24.4
6913,Lucknow,2023-10-22,19:45,High,16.8
6914,Lucknow,2024.11.21,09:00,High,19.7
6915,Lucknow,2024-02-29,17:30,Low,45.6
6916,Lucknow,14/04/2023,09:00,High,22.8
6917,Lucknow,2023-01-13,03:30,Low,39.5
6918,Lucknow,2023-03-06,16:00,Moderate,28.4
6919,Lucknow,2024-04-07,14:30,Low,36.6
6920,Lucknow,2024.09.13,18:30,High,21.9
6921,Lucknow,2023.07.13,14:30,Low,31.7
6922,Lucknow,2023.03.17,02:15,Low,33.2
6923,Lucknow,23/09/2023,18:45,Moderate,32.3
6924,Lucknow,2023-03-14,17:30,High,13.8
6925,Lucknow,08/01/2024,19:30,Severe,3.0
6926,Lucknow,2023.09.28,09:00,Low,38.6
6927,Lucknow,2023-03-25,09:30,High,21.5
6928,Lucknow,06/08/2023,14:00,Moderate,34.0
6929,Lucknow,25/11/2024,07:15,Low,30.8
6930,Lucknow,2024-01-21,06:00,Low,36.4
6931,Lucknow,11/01/2024,09:30,Moderate,27.8
6932,Lucknow,03-06-2024,16:00,Moderate,26.3
6933,Lucknow,04/26/2023,19:15,Moderate,34.5
6934,Lucknow,2023.02.15,21:45,High,17.4
6935,Lucknow,2024.01.31,22:00,Low,45.1
6936,Lucknow,11/03/2024,10:00,Severe,3.3
6937,Lucknow,2023-08-11,03:30,Low,87.6
6938,Lucknow,11/20/2024,09:15,High,19.0
6939,Lucknow,06/03/2023,04:30,Low,30.4
6940,Lucknow,07/03/2024,19:45,Severe,9.1
6941,Lucknow,10/15/2024,20:30,Severe,11.1
6942,Lucknow,22-10-2024,09:15,Moderate,-25.6
6943,Lucknow,03/22/2024,07:30,Moderate,30.2
6944,Lucknow,10-10-2023,11:45,Severe,12.2
6945,Lucknow,29/04/2023,08:30,Moderate,25.4
6946,Lucknow,12/24/2024,20:00,Moderate,34.7
6947,Lucknow,19-01-2024,06:45,Low,42.4
6948,Lucknow,15/08/2023,06:30,Low,84.7
6949,Lucknow,2024-04-10,13:45,High,9.2
6950,Lucknow,19/02/2023,06:45,Low,41.1
6951,Lucknow,2023.06.12,14:00,Moderate,16.9
6952,Lucknow,17-12-2024,12:00,High,6.4
6953,Lucknow,2024.11.26,11:00,Moderate,34.1
6954,Lucknow,12/07/2023,02:30,Low,37.0
6955,Lucknow,2024-01-17,07:45,Severe,7.8
6956,Lucknow,2023-07-04,07:45,Moderate,18.9
6957,Lucknow,14/01/2024,11:30,Low,31.4
6958,Lucknow,2024.12.07,12:00,Moderate,27.7
6959,Lucknow,2024-05-31,09:45,High,8.0
6960,Lucknow,2023-08-08,09:45,High,17.8
6961,Lucknow,29/08/2024,18:30,Moderate,33.7
6962,Lucknow,01-04-2024,12:30,Low,39.3
6963,Lucknow,04/03/2023,16:00,High,8.5
6964,Lucknow,2024-10-08,18:45,Severe,12.2
6965,Lucknow,2023.01.26,22:45,Moderate,32.9
6966,Lucknow,23/05/2024,19:30,Severe,8.7
6967,Lucknow,2023.12.03,14:30,Moderate,27.4
6968,Lucknow,07/07/2024,07:45,Moderate,34.3
6969,Lucknow,03-01-2023,17:45,Moderate,30.9
6970,Lucknow,22/12/2024,18:30,Moderate,31.8
6971,Lucknow,2024.09.01,08:45,Moderate,25.5
6972,Lucknow,07-08-2024,08:15,High,22.3
6973,Lucknow,06/08/2023,10:15,Low,37.6
6974,Lucknow,11/07/2024,19:15,High,10.0
6975,Lucknow,10-01-2024,19:00,Moderate,20.4
6976,Lucknow,28-05-2023,20:30,High,26.3
6977,Lucknow,02/08/2023,06:45,Low,38.7
6978,Lucknow,10/16/2024,12:30,Severe,15.0
6979,Lucknow,2023-01-26,18:45,Severe,14.5
6980,Lucknow,02/02/2024,19:15,Moderate,25.7
6981,Lucknow,03/10/2023,07:30,High,8.8
6982,Lucknow,25/01/2023,08:45,High,14.8
6983,Lucknow,2023.05.08,00:00,Low,46.3
6984,Lucknow,2024.05.20,14:30,High,20.5
6985,Lucknow,12/29/2024,07:45,Moderate,37.1
6986,Lucknow,26/12/2023,04:30,Low,39.3
6987,Lucknow,29/11/2023,06:15,Moderate,23.2
6988,Lucknow,01/06/2024,07:00,Low,37.3
6989,Lucknow,11/12/2024,18:15,Moderate,35.9
6990,Lucknow,2023-07-23,10:15,Moderate,29.1
6991,Lucknow,11-12-2024,11:45,Low,40.6
6992,Lucknow,2023-01-18,16:15,Moderate,26.5
6993,Lucknow,12/12/2023,11:30,High,23.7
6994,Lucknow,07/05/2023,21:45,Severe,6.1
6995,Lucknow,08/09/2023,21:45,Moderate,33.8
6996,Lucknow,28/06/2023,15:15,Moderate,27.9
6997,Lucknow,2024-11-15,20:45,High,16.9
6998,Lucknow,20-05-2024,08:00,High,12.7
6999,Lucknow,23/01/2024,08:00,High,15.7
7000,Lucknow,24-12-2023,07:15,Moderate,27.5
7001,Lucknow,11/09/2024,07:00,Moderate,33.0
7002,Lucknow,01/07/2024,08:15,Moderate,27.1
7003,Lucknow,08/23/2024,17:00,Low,36.4
7004,Lucknow,2023-11-20,15:30,High,21.1
7005,Lucknow,09/29/2023,18:30,Moderate,28.7
7006,Lucknow,2023-12-03,15:15,High,15.8
7007,Lucknow,2024.01.31,08:00,Moderate,32.3
7008,Lucknow,13-08-2023,08:45,Severe,3.2
7009,Lucknow,05-05-2023,09:00,Severe,15.0
7010,Lucknow,23/05/2024,17:45,Moderate,28.5
7011,Lucknow,11/26/2023,07:45,High,4.8
7012,Lucknow,24/06/2024,03:15,High,22.0
7013,Lucknow,20/06/2024,17:15,High,14.0
7014,Lucknow,20-03-2023,08:15,High,23.2
7015,Lucknow,28-01-2024,14:30,Moderate,36.4
7016,Lucknow,18-06-2023,15:30,High,10.2
7017,Lucknow,05-07-2023,01:15,Moderate,25.4
7018,Lucknow,2023-03-14,18:00,High,11.9
7019,Lucknow,2023.11.27,17:00,High,18.0
7020,Lucknow,2024.12.12,20:45,High,20.5
7021,Lucknow,03/25/2024,15:00,Severe,9.4
7022,Lucknow,2024-06-28,17:00,Moderate,23.7
7023,Lucknow,03/11/2023,09:00,Severe,7.7
7024,Lucknow,2023.10.14,11:00,Low,34.9
7025,Lucknow,09/29/2023,12:45,High,18.8
7026,Lucknow,09/01/2023,10:45,Moderate,28.8
7027,Lucknow,27/04/2023,07:15,Low,40.1
7028,Lucknow,12/21/2024,06:30,Moderate,28.8
7029,Lucknow,2024-06-26,09:30,High,13.5
7030,Lucknow,18-07-2023,08:30,Severe,3.7
7031,Lucknow,05-09-2023,17:15,Moderate,15.1
7032,Lucknow,09-08-2024,18:15,Moderate,20.3
7033,Lucknow,2024-06-08,12:45,High,12.0
7034,Lucknow,29-06-2024,06:45,Moderate,23.3
7035,Lucknow,2023-01-03,07:45,Moderate,28.6
7036,Lucknow,2024-03-21,17:00,Low,52.0
7037,Lucknow,2024-08-11,04:45,Low,34.6
7038,Lucknow,18/04/2024,08:15,High,13.4
7039,Lucknow,19/09/2023,18:30,High,4.5
7040,Lucknow,2024.07.24,21:30,Moderate,25.5
7041,Lucknow,06/25/2024,20:00,Moderate,24.4
7042,Lucknow,2023-11-27,16:45,Moderate,23.6
7043,Lucknow,04/05/2024,08:30,Low,38.6
7044,Lucknow,12/17/2024,03:45,Low,34.0
7045,Lucknow,07/13/2023,04:30,Moderate,27.5
7046,Lucknow,2023.12.10,14:45,Moderate,32.8
7047,Lucknow,02/16/2023,12:15,Low,35.0
7048,Lucknow,05/02/2023,19:30,Moderate,19.2
7049,Lucknow,09/18/2023,19:45,High,12.4
7050,Lucknow,26/08/2024,17:00,Low,40.5
7051,Lucknow,2024.07.01,12:00,Moderate,28.1
7052,Lucknow,08/01/2023,11:00,Low,30.1
7053,Lucknow,29-06-2023,08:15,Severe,3.0
7054,Lucknow,13/05/2023,11:15,Moderate,29.2
7055,Lucknow,2023.05.22,18:15,Severe,3.0
7056,Lucknow,17-02-2024,16:15,High,17.7
7057,Lucknow,18/07/2024,04:30,Moderate,29.6
7058,Lucknow,2023.10.14,02:00,Low,38.1
7059,Lucknow,05/10/2023,21:30,Low,40.2
7060,Lucknow,15/11/2024,08:30,Severe,11.8
7061,Lucknow,2024.11.14,12:15,High,19.5
7062,Lucknow,2024.04.30,18:00,High,14.5
7063,Lucknow,08/19/2024,04:45,Low,35.7
7064,Lucknow,07/26/2024,02:15,High,21.4
7065,Lucknow,06/06/2024,09:15,Severe,3.4
7066,Lucknow,2024.07.07,09:00,Moderate,22.2
7067,Lucknow,2023-06-04,07:15,Low,30.9
7068,Lucknow,12-06-2024,06:45,Moderate,19.7
7069,Lucknow,2024.10.30,08:15,High,19.5
7070,Lucknow,22/04/2023,07:00,Moderate,26.9
7071,Lucknow,22/02/2023,09:30,High,16.6
7072,Lucknow,2024.06.17,17:30,High,21.0
7073,Lucknow,11/06/2024,12:30,Low,37.9
7074,Lucknow,03-08-2024,05:45,Moderate,20.7
7075,Lucknow,2023-07-07,04:00,Low,44.9
7076,Lucknow,08/12/2024,07:30,Severe,5.5
7077,Lucknow,01/15/2024,07:45,Moderate,20.7
7078,Lucknow,03/10/2023,20:15,High,12.3
7079,Lucknow,12/07/2023,20:15,Moderate,28.0
7080,Lucknow,21/09/2023,08:15,Moderate,19.2
7081,Lucknow,10/21/2023,07:30,Low,30.5
7082,Lucknow,2023-07-10,20:15,High,24.2
7083,Lucknow,18-10-2023,21:45,High,4.4
7084,Lucknow,2024.12.17,18:45,Severe,9.3
7085,Lucknow,2024.10.16,13:15,High,16.4
7086,Lucknow,2024-10-23,17:00,Moderate,24.1
7087,Lucknow,2024.12.17,08:00,Severe,3.0
7088,Lucknow,09/03/2024,17:30,Moderate,28.1
7089,Lucknow,04/02/2023,18:15,Severe,3.0
7090,Lucknow,2024-06-07,07:00,High,8.8
7091,Lucknow,10/09/2024,08:15,Severe,16.4
7092,Lucknow,2023-01-21,17:15,Severe,13.9
7093,Lucknow,2024.01.05,18:45,High,12.4
7094,Lucknow,02-02-2024,11:45,High,11.5
7095,Lucknow,03-04-2023,19:30,Moderate,18.2
7096,Lucknow,10-05-2024,18:30,Moderate,29.4
7097,Lucknow,2023.01.06,12:30,Low,40.5
7098,Lucknow,2024.03.29,16:30,Moderate,26.9
7099,Lucknow,2024.12.16,13:00,Moderate,25.4
7100,Lucknow,13/05/2024,18:45,High,7.6
7101,Lucknow,06-11-2024,04:45,Moderate,23.5
7102,Lucknow,06-04-2024,08:30,High,16.6
7103,Lucknow,13/09/2023,14:45,Moderate,23.9
7104,Lucknow,2023-02-12,07:30,Moderate,26.8
7105,Lucknow,09/11/2023,15:00,Moderate,29.6
7106,Lucknow,2024-06-23,20:00,Severe,4.0
7107,Lucknow,13/12/2023,19:45,High,16.3
7108,Lucknow,2024-08-27,14:30,Low,40.4
7109,Lucknow,2024-05-17,13:45,Low,39.6
7110,Lucknow,16-07-2024,16:00,Low,34.7
7111,Lucknow,2024.09.20,07:45,Moderate,26.3
7112,Lucknow,05/07/2023,07:00,Severe,10.3
7113,Lucknow,12/13/2024,18:30,Moderate,27.9
7114,Lucknow,02/17/2024,20:30,High,12.4
7115,Lucknow,10-01-2023,07:45,Low,35.2
7116,Lucknow,01/24/2023,15:00,Moderate,29.2
7117,Lucknow,2024.09.21,10:30,Low,38.7
7118,Lucknow,10/24/2023,08:00,High,15.0
7119,Lucknow,2023-01-13,10:30,Low,31.5
7120,Lucknow,08/17/2024,16:15,Moderate,29.4
7121,Lucknow,04/11/2024,07:15,Moderate,26.4
7122,Lucknow,30-01-2024,19:30,Severe,12.5
7123,Lucknow,08/11/2024,20:30,Moderate,29.0
7124,Lucknow,2023-07-05,04:45,Low,35.5
7125,Lucknow,2023-03-20,12:30,Low,42.7
7126,Lucknow,2024.02.14,07:15,High,10.9
7127,Lucknow,02/11/2023,10:45,Low,43.9
7128,Lucknow,2024-11-28,19:30,High,7.7
7129,Lucknow,21-10-2023,08:15,High,8.6
7130,Lucknow,2024-09-17,14:00,Low,31.6
7131,Lucknow,24-11-2023,08:15,Severe,81.4
7132,Lucknow,2024-09-04,07:15,High,18.5
7133,Lucknow,19/12/2024,19:45,Severe,3.2
7134,Lucknow,04-07-2024,09:30,Severe,3.0
7135,Lucknow,2024-07-30,03:00,Severe,8.7
7136,Lucknow,10-12-2023,20:15,Severe,4.0
7137,Lucknow,2024-09-18,11:30,Moderate,31.3
7138,Lucknow,2023-08-21,03:15,Low,38.5
7139,Lucknow,2023-02-04,21:45,Low,42.3
7140,Lucknow,2024-06-22,22:15,Low,41.9
7141,Lucknow,2024.04.14,12:30,High,15.2
7142,Lucknow,09/05/2024,10:45,Severe,4.8
7143,Lucknow,01-07-2024,14:00,Moderate,28.6
7144,Lucknow,26-08-2023,11:30,High,30.0
7145,Lucknow,23-01-2024,09:00,Low,35.0
7146,Lucknow,2024-03-16,15:45,Moderate,27.2
7147,Lucknow,2024.01.28,13:15,Low,33.2
7148,Lucknow,02/05/2024,14:30,Moderate,25.4
7149,Lucknow,21-12-2024,13:45,High,11.0
7150,Lucknow,2023-03-18,17:30,Moderate,30.3
7151,Lucknow,12/02/2023,18:00,Severe,3.0
7152,Lucknow,06-05-2024,04:15,Low,34.6
7153,Lucknow,17-06-2024,19:45,Severe,13.4
7154,Lucknow,12/10/2024,16:15,Low,27.7
7155,Lucknow,2024.08.03,11:30,Severe,13.4
7156,Lucknow,2023-11-14,16:00,Moderate,26.9
7157,Lucknow,05-05-2023,10:30,High,16.6
7158,Lucknow,2023.12.19,12:45,Severe,7.9
7159,Lucknow,30/10/2023,22:00,Moderate,29.6
7160,Lucknow,10/17/2024,15:15,High,20.4
7161,Lucknow,2023.04.06,08:45,Severe,3.0
7162,Lucknow,2024.04.04,10:00,Moderate,20.1
7163,Lucknow,15/09/2023,13:30,Low,33.8
7164,Lucknow,2024-06-14,08:15,Moderate,18.8
7165,Lucknow,2024.01.25,06:00,Low,34.7
7166,Lucknow,05/07/2024,09:15,High,26.5
7167,Lucknow,07-03-2023,19:15,Severe,12.4
7168,Lucknow,08/12/2023,21:30,Low,40.5
7169,Lucknow,13/11/2024,19:30,Low,34.8
7170,Lucknow,14/08/2024,20:15,Moderate,23.3
7171,Lucknow,24-12-2023,09:45,High,13.4
7172,Lucknow,06-11-2023,13:15,Moderate,27.2
7173,Lucknow,2024.12.24,07:45,Low,40.4
7174,Lucknow,04/04/2023,09:45,Severe,3.0
7175,Lucknow,13-05-2023,15:30,Low,41.0
7176,Lucknow,2024-12-11,18:00,Severe,7.0
7177,Lucknow,2023.04.21,11:45,,20.6
7178,Lucknow,2023-05-30,03:15,Low,41.9
7179,Lucknow,03/16/2023,22:45,High,-14.3
7180,Lucknow,2023-07-23,07:45,Severe,3.0
7181,Lucknow,08-08-2024,18:45,Severe,10.6
7182,Lucknow,2023-01-31,08:15,Severe,11.6
7183,Lucknow,2024.10.21,01:00,Low,32.9
7184,Lucknow,10-09-2023,07:15,Low,37.4
7185,Lucknow,2024.03.23,19:30,High,14.7
7186,Lucknow,2024.02.07,09:45,Moderate,-25.2
7187,Lucknow,19/09/2023,19:15,Severe,13.8
7188,Lucknow,2024.02.08,19:00,High,26.0
7189,Lucknow,2023-05-21,21:30,Moderate,16.4
7190,Lucknow,07/14/2024,12:15,Moderate,33.4
7191,Lucknow,2024-01-18,18:15,Severe,4.2
7192,Lucknow,2024.09.21,06:00,Low,42.9
7193,Lucknow,2023-12-15,08:30,High,17.1
7194,Lucknow,11/26/2023,08:00,High,17.6
7195,Lucknow,02/12/2024,11:45,Low,32.0
7196,Lucknow,16/03/2024,16:30,Low,41.7
7197,Lucknow,2024-04-07,12:45,Low,41.7
7198,Lucknow,2023-02-09,18:30,Moderate,28.4
7199,Lucknow,01/25/2023,08:15,High,10.5
7200,Lucknow,2023.02.09,09:45,Severe,10.1
7201,Lucknow,07/07/2023,17:15,High,20.9
7202,Lucknow,17-12-2024,07:30,Moderate,29.4
7203,Lucknow,17/02/2024,18:45,High,12.5
7204,Lucknow,23-11-2023,09:00,Severe,6.5
7205,Lucknow,2024-12-12,17:15,Moderate,22.0
7206,Lucknow,03/04/2024,09:00,High,21.5
7207,Lucknow,2023.10.30,01:30,Severe,7.0
7208,Lucknow,2024.07.16,17:00,Severe,4.5
7209,Lucknow,13/01/2024,18:00,High,18.8
7210,Lucknow,29-03-2024,07:00,High,9.9
7211,Lucknow,2024.04.16,09:30,High,15.3
7212,Lucknow,27/12/2023,19:00,High,16.1
7213,Lucknow,07/30/2023,10:45,High,17.1
7214,Lucknow,16/01/2023,13:30,High,16.7
7215,Lucknow,2023-12-03,17:30,Low,38.3
7216,Lucknow,23/04/2024,14:30,Low,33.8
7217,Lucknow,12/01/2024,09:15,Moderate,24.2
7218,Lucknow,23-04-2023,16:45,Moderate,18.3
7219,Lucknow,25/04/2024,07:00,Low,42.1
7220,Lucknow,09/06/2024,04:00,Low,36.7
7221,Lucknow,04/18/2023,18:45,Severe,3.3
7222,Lucknow,2024-12-26,15:15,,46.9
7223,Lucknow,27-01-2024,09:00,Severe,5.3
7224,Lucknow,09/07/2024,16:45,Severe,10.5
7225,Lucknow,03/16/2024,09:30,Moderate,21.8
7226,Lucknow,2023-07-28,21:15,Low,42.3
7227,Lucknow,2023.09.15,09:30,Severe,8.5
7228,Lucknow,09/05/2023,15:30,High,13.1
7229,Lucknow,09-11-2024,08:00,Moderate,21.0
7230,Lucknow,2024-06-05,21:45,Low,40.4
7231,Lucknow,28-03-2024,16:15,Moderate,32.6
7232,Lucknow,2024-12-13,14:30,Moderate,38.7
7233,Lucknow,2024-11-27,11:15,Low,40.7
7234,Lucknow,25-08-2024,21:30,Moderate,27.0
7235,Lucknow,13-04-2024,14:45,Low,42.8
7236,Lucknow,04/02/2024,18:30,Severe,6.4
7237,Lucknow,2024-04-04,12:00,Low,33.9
7238,Lucknow,14-01-2024,09:45,High,17.7
7239,Lucknow,08/09/2024,03:30,Low,41.2
7240,Lucknow,03/13/2024,07:30,Low,37.5
7241,Lucknow,2023-11-02,13:00,Severe,4.0
7242,Lucknow,03/08/2024,18:30,High,22.5
7243,Lucknow,05/04/2024,11:45,High,13.6
7244,Lucknow,16/01/2023,22:45,Moderate,26.8
7245,Lucknow,2023-08-07,10:30,Moderate,32.1
7246,Lucknow,26/07/2023,07:15,High,-19.3
7247,Lucknow,2023.07.15,22:45,Low,37.7
7248,Lucknow,14/12/2023,12:45,Moderate,16.0
7249,Lucknow,2024.11.25,22:30,High,15.8
7250,Lucknow,2024.02.07,20:00,Severe,13.1
7251,Lucknow,2024-03-13,03:15,Moderate,24.0
7252,Lucknow,27/06/2023,10:45,High,17.2
7253,Lucknow,28/04/2023,20:15,Low,37.6
7254,Lucknow,08-10-2023,09:15,Severe,10.3
7255,Lucknow,2024.11.23,18:15,Moderate,30.6
7256,Lucknow,2024-08-18,07:30,Moderate,28.1
7257,Lucknow,25-01-2023,12:30,Moderate,98.6
7258,Lucknow,2023.06.08,07:30,Low,32.2
7259,Lucknow,2024.12.05,08:00,High,13.3
7260,Lucknow,02/08/2024,09:00,High,15.7
7261,Lucknow,15/08/2023,18:30,Moderate,28.6
7262,Lucknow,26-05-2024,23:15,Low,29.1
7263,Lucknow,2023-10-20,21:00,Moderate,25.6
7264,Lucknow,08-04-2023,15:45,Low,34.2
7265,Lucknow,2024-07-26,14:30,Low,47.3
7266,Lucknow,12/24/2023,12:15,High,15.8
7267,Lucknow,17-02-2024,14:00,Moderate,26.6
7268,Lucknow,03/19/2023,10:45,Low,36.1
7269,Lucknow,2024-06-25,21:15,Low,37.3
7270,Lucknow,25-03-2023,10:45,Moderate,21.8
7271,Lucknow,2024.07.03,21:15,Moderate,20.9
7272,Lucknow,2024-10-02,06:15,Moderate,31.0
7273,Lucknow,13-02-2023,13:00,Moderate,35.7
7274,Lucknow,11-09-2024,14:00,Low,38.7
7275,Lucknow,2024.07.07,17:15,Severe,11.3
7276,Lucknow,15-01-2024,11:30,High,13.8
7277,Lucknow,28-11-2023,08:45,Low,39.2
7278,Lucknow,2023-08-10,15:45,Low,43.6
7279,Lucknow,2023.01.24,07:30,Moderate,25.7
7280,Lucknow,2023.05.22,19:00,Severe,13.2
7281,Lucknow,29/05/2023,20:45,Severe,12.6
7282,Lucknow,2023.03.21,16:00,Moderate,23.3
7283,Lucknow,02/04/2024,12:45,Low,46.9
7284,Lucknow,13-07-2023,19:30,Severe,6.1
7285,Lucknow,11/10/2023,13:15,High,20.4
7286,Lucknow,11/27/2023,08:30,Moderate,24.1
7287,Lucknow,11/09/2023,12:45,Severe,8.7
7288,Lucknow,10/17/2024,11:00,Moderate,27.4
7289,Lucknow,2023.09.15,09:00,Severe,11.6
7290,Lucknow,21/09/2023,09:15,High,13.1
7291,Lucknow,20-10-2024,08:00,Severe,10.3
7292,Lucknow,2023-03-20,19:15,Moderate,26.8
7293,Lucknow,02/28/2024,20:45,Moderate,33.5
7294,Lucknow,2023-03-27,14:45,Low,37.3
7295,Lucknow,03-02-2024,17:45,High,15.8
7296,Lucknow,05/06/2024,09:30,Severe,12.6
7297,Lucknow,11/21/2023,03:45,Low,42.8
7298,Lucknow,2023-07-31,14:30,Severe,3.0
7299,Lucknow,11/12/2023,23:45,Moderate,24.4
7300,Lucknow,2024-05-07,07:00,Low,40.7
7301,Lucknow,12-05-2024,11:15,Low,44.4
7302,Lucknow,2023-05-04,08:45,High,20.8
7303,Lucknow,09/11/2023,18:45,Moderate,24.7
7304,Lucknow,2023.01.01,04:15,Low,39.5
7305,Lucknow,2023-09-30,13:30,Moderate,21.5
7306,Lucknow,08/09/2023,09:15,High,14.0
7307,Lucknow,2024.02.03,18:00,Severe,8.5
7308,Lucknow,29-10-2024,07:30,High,13.5
7309,Lucknow,2024-07-26,08:00,High,21.7
7310,Lucknow,2024-08-16,08:30,High,11.0
7311,Lucknow,2024-11-30,00:30,Low,30.4
7312,Lucknow,02-06-2023,14:15,High,11.9
7313,Lucknow,05/10/2024,21:30,High,23.6
7314,Lucknow,01-12-2024,07:30,Moderate,34.3
7315,Lucknow,06/12/2024,15:00,High,18.7
7316,Lucknow,03/26/2023,19:15,High,20.6
7317,Lucknow,2024.02.18,10:30,Moderate,29.6
7318,Lucknow,09/09/2024,16:15,Severe,3.0
7319,Lucknow,2024.11.07,12:15,Moderate,26.6
7320,Lucknow,13-12-2023,07:15,Low,28.2
7321,Lucknow,2023.07.30,17:15,Moderate,27.0
7322,Lucknow,05-10-2024,19:15,High,12.1
7323,Lucknow,24/03/2024,03:45,Low,39.7
7324,Lucknow,2024.03.23,17:00,Low,41.6
7325,Lucknow,2024.03.11,03:45,Low,37.6
7326,Lucknow,2023.06.11,16:00,High,21.4
7327,Lucknow,2024.09.19,06:15,Moderate,23.1
7328,Lucknow,2023-04-10,21:15,High,17.2
7329,Lucknow,2024.04.01,13:15,Low,47.7
7330,Lucknow,12/11/2023,08:00,Severe,3.0
7331,Lucknow,08/19/2024,11:00,Moderate,40.5
7332,Lucknow,2023.09.11,20:30,High,13.5
7333,Lucknow,21-02-2023,17:45,Low,27.1
7334,Lucknow,24-05-2023,19:00,Severe,4.5
7335,Lucknow,01-02-2024,20:30,Severe,11.4
7336,Lucknow,2024-04-19,11:30,Low,45.0
7337,Lucknow,2023.03.10,18:15,High,17.7
7338,Lucknow,01-08-2024,20:30,Moderate,30.8
7339,Lucknow,26-11-2024,04:15,Low,38.7
7340,Lucknow,01/05/2023,18:45,High,3.0
7341,Lucknow,18-08-2024,10:15,Moderate,25.1
7342,Lucknow,2023.12.23,10:45,Low,32.5
7343,Lucknow,2023.03.28,07:45,Severe,11.3
7344,Lucknow,02/05/2023,09:15,Severe,3.0
7345,Lucknow,2023-05-17,18:15,High,21.1
7346,Lucknow,2024-10-26,21:15,High,13.7
7347,Lucknow,2023.10.14,15:00,Moderate,30.2
7348,Lucknow,2023.09.06,06:15,High,14.8
7349,Lucknow,2023-05-01,22:30,Severe,3.0
7350,Lucknow,2024-10-20,09:15,Severe,16.5
7351,Lucknow,2023-11-09,17:45,Moderate,31.2
7352,Lucknow,2023.10.08,21:00,Low,35.7
7353,Lucknow,15-07-2024,19:15,High,9.5
7354,Lucknow,2024.12.16,11:30,Low,34.0
7355,Lucknow,2023.02.19,17:30,Moderate,21.7
7356,Lucknow,2023.03.08,17:00,Low,32.9
7357,Lucknow,2023.12.16,08:00,High,11.1
7358,Lucknow,25-03-2024,16:00,Moderate,26.2
7359,Lucknow,2023.11.26,19:00,High,18.6
7360,Lucknow,2023.02.15,15:15,Low,35.8
7361,Lucknow,11/03/2024,07:15,Severe,3.0
7362,Lucknow,2024-09-01,19:30,High,9.3
7363,Lucknow,09/07/2023,07:45,Severe,9.2
7364,Lucknow,05-10-2024,16:15,Moderate,21.3
7365,Lucknow,10-04-2023,15:30,Low,36.8
7366,Lucknow,2023.10.16,06:00,Low,33.3
7367,Lucknow,09/29/2023,03:30,Moderate,31.0
7368,Chandigarh,06/13/2024,21:00,Severe,7.3
7369,Chandigarh,01/01/2023,12:30,High,11.2
7370,Chandigarh,10/15/2024,11:15,Moderate,20.9
7371,Chandigarh,04/07/2023,15:30,Moderate,24.9
7372,Chandigarh,06/04/2023,08:15,,9.7
7373,Chandigarh,2024.11.26,19:15,Severe,3.0
7374,Chandigarh,22/02/2024,09:15,Severe,11.2
7375,Chandigarh,2024.06.27,07:00,Severe,3.0
7376,Chandigarh,10/17/2023,07:15,Moderate,32.0
7377,Chandigarh,2024.06.27,12:15,High,15.2
7378,Chandigarh,06/14/2024,01:15,Moderate,30.5
7379,Chandigarh,2024.10.17,18:15,High,10.6
7380,Chandigarh,10-05-2024,04:00,Low,43.0
7381,Chandigarh,02/08/2024,09:00,High,19.5
7382,Chandigarh,2023.10.23,22:30,Severe,3.3
7383,Chandigarh,2024-04-14,18:45,Severe,6.4
7384,Chandigarh,2023.03.21,08:45,Severe,4.8
7385,Chandigarh,2024.08.05,16:45,Low,36.6
7386,Chandigarh,10-02-2024,15:15,Moderate,22.7
7387,Chandigarh,2024-09-30,06:30,Low,39.9
7388,Chandigarh,04-03-2024,16:45,High,18.1
7389,Chandigarh,07/05/2023,08:00,Moderate,28.9
7390,Chandigarh,11/01/2023,18:30,Severe,15.1
7391,Chandigarh,2024.10.10,08:00,High,17.9
7392,Chandigarh,2024.11.06,17:30,Moderate,28.9
7393,Chandigarh,12/05/2023,18:15,High,3.0
7394,Chandigarh,26/05/2024,07:30,Severe,3.0
7395,Chandigarh,2023.11.02,02:45,Low,33.4
7396,Chandigarh,01-03-2024,18:30,Severe,3.3
7397,Chandigarh,02-10-2024,08:45,High,28.5
7398,Chandigarh,21/06/2023,09:30,High,13.2
7399,Chandigarh,08/28/2024,07:45,Moderate,27.6
7400,Chandigarh,2024-11-20,14:15,Low,102.8
7401,Chandigarh,2023.03.05,20:45,High,-24.8
7402,Chandigarh,18-12-2024,03:00,Low,41.1
7403,Chandigarh,19/06/2023,13:00,Moderate,23.4
7404,Chandigarh,07-05-2023,19:45,High,11.0
7405,Chandigarh,2023.06.23,18:45,High,20.6
7406,Chandigarh,30-01-2024,17:15,High,16.5
7407,Chandigarh,08/14/2023,16:45,Moderate,29.0
7408,Chandigarh,2023-12-14,16:15,Low,36.0
7409,Chandigarh,10-04-2024,06:45,High,20.4
7410,Chandigarh,04/29/2023,04:45,Low,39.9
7411,Chandigarh,13/03/2023,16:15,Low,29.6
7412,Chandigarh,28-05-2024,10:15,Severe,3.0
7413,Chandigarh,21/12/2024,19:45,Moderate,24.2
7414,Chandigarh,08/13/2023,16:45,High,6.8
7415,Chandigarh,2024.07.25,07:30,Moderate,28.7
7416,Chandigarh,02/05/2023,10:45,Moderate,34.0
7417,Chandigarh,2024-12-07,12:15,Low,31.1
7418,Chandigarh,23/07/2024,17:45,Moderate,21.7
7419,Chandigarh,14-11-2023,12:00,Moderate,15.9
7420,Chandigarh,08/26/2023,19:15,Severe,15.8
7421,Chandigarh,15/10/2024,19:00,High,22.4
7422,Chandigarh,2023.01.24,04:15,Low,33.6
7423,Chandigarh,20-06-2023,18:00,High,15.0
7424,Chandigarh,03-10-2023,15:45,Moderate,25.5
7425,Chandigarh,2024-03-26,19:30,Low,34.6
7426,Chandigarh,2023-05-30,11:15,High,7.2
7427,Chandigarh,22/06/2024,18:00,High,19.0
7428,Chandigarh,2023.03.07,17:00,Severe,6.1
7429,Chandigarh,10/29/2023,13:15,Moderate,30.2
7430,Chandigarh,2023.07.07,09:30,High,17.9
7431,Chandigarh,12-11-2023,00:15,Moderate,26.2
7432,Chandigarh,18-01-2024,15:00,High,25.9
7433,Chandigarh,11/17/2024,21:45,Moderate,28.4
7434,Chandigarh,23-03-2023,21:45,Low,37.3
7435,Chandigarh,06-12-2024,17:00,Low,40.3
7436,Chandigarh,06/04/2024,21:30,Moderate,19.1
7437,Chandigarh,27/04/2023,17:45,Low,27.5
7438,Chandigarh,09/09/2023,09:00,Severe,6.8
7439,Chandigarh,17/04/2023,09:45,High,21.5
7440,Chandigarh,07/12/2024,09:30,Moderate,24.1
7441,Chandigarh,19/03/2023,19:30,High,16.6
7442,Chandigarh,2024.07.13,07:00,Moderate,31.0
7443,Chandigarh,2024.01.23,16:15,High,10.5
7444,Chandigarh,02/02/2023,12:00,High,24.6
7445,Chandigarh,2024.05.05,18:15,High,20.0
7446,Chandigarh,2024-04-08,08:00,High,-18.1
7447,Chandigarh,11/17/2023,14:45,High,107.8
7448,Chandigarh,2023.02.08,12:45,Moderate,29.7
7449,Chandigarh,2024-02-23,12:15,Severe,4.8
7450,Chandigarh,2023.05.25,21:15,High,19.5
7451,Chandigarh,11/03/2023,08:45,High,26.0
7452,Chandigarh,17-08-2024,00:15,Moderate,27.2
7453,Chandigarh,2024.04.14,10:00,Severe,4.1
7454,Chandigarh,06/02/2023,10:00,Severe,10.0
7455,Chandigarh,2023-04-25,08:00,Low,32.0
7456,Chandigarh,24-01-2024,06:45,Moderate,28.5
7457,Chandigarh,2024-07-21,09:00,High,19.2
7458,Chandigarh,21/06/2024,13:00,Low,43.5
7459,Chandigarh,2023-11-04,11:00,Moderate,29.4
7460,Chandigarh,2024-01-18,06:15,Severe,8.9
7461,Chandigarh,14/11/2024,18:30,High,-16.2
7462,Chandigarh,2023.06.05,07:15,Moderate,24.1
7463,Chandigarh,08/17/2023,17:45,Severe,7.5
7464,Chandigarh,04/21/2024,07:00,Low,36.9
7465,Chandigarh,19/05/2024,21:00,Low,31.8
7466,Chandigarh,2023.10.26,17:15,Moderate,29.5
7467,Chandigarh,26/12/2024,18:30,Severe,8.9
7468,Chandigarh,09/17/2023,17:30,Low,34.2
7469,Chandigarh,24/08/2024,09:45,High,10.5
7470,Chandigarh,2024-11-27,17:00,Low,37.8
7471,Chandigarh,03-06-2024,17:30,Moderate,22.8
7472,Chandigarh,2023-11-04,22:00,Moderate,29.8
7473,Chandigarh,2024.06.24,13:00,High,13.8
7474,Chandigarh,2023.12.30,06:30,Moderate,37.9
7475,Chandigarh,01/08/2024,13:15,Moderate,27.6
7476,Chandigarh,30/05/2024,16:00,High,14.4
7477,Chandigarh,2023.01.18,18:45,High,14.7
7478,Chandigarh,2023.05.27,16:00,Severe,17.2
7479,Chandigarh,2024-07-08,07:00,Moderate,18.2
7480,Chandigarh,20/04/2023,06:45,High,12.2
7481,Chandigarh,2024.03.17,16:45,Moderate,25.6
7482,Chandigarh,27/06/2024,20:15,Severe,7.5
7483,Chandigarh,09/21/2023,08:15,High,11.0
7484,Chandigarh,2024.05.27,17:00,Low,39.5
7485,Chandigarh,2023-09-23,17:15,Moderate,32.6
7486,Chandigarh,10-08-2024,08:45,Severe,9.7
7487,Chandigarh,05/26/2024,19:30,High,23.3
7488,Chandigarh,2024-01-16,09:15,Severe,5.2
7489,Chandigarh,2023.08.26,07:30,High,19.4
7490,Chandigarh,19-12-2023,16:15,Moderate,36.2
7491,Chandigarh,2023-07-15,06:15,Moderate,23.8
7492,Chandigarh,2023-05-09,15:00,High,12.0
7493,Chandigarh,2023-08-07,03:00,High,14.3
7494,Chandigarh,28-11-2024,04:00,Low,35.0
7495,Chandigarh,07/13/2024,16:45,Severe,3.5
7496,Chandigarh,2024.04.01,18:45,Moderate,23.9
7497,Chandigarh,08/12/2024,14:15,High,9.1
7498,Chandigarh,10-08-2023,00:45,Moderate,24.2
7499,Chandigarh,17/12/2023,15:45,High,101.1
7500,Chandigarh,02/26/2024,21:45,High,11.9
7501,Chandigarh,2023.05.06,08:15,Moderate,25.0
7502,Chandigarh,2024.09.25,19:15,High,10.9
7503,Chandigarh,2024-09-18,07:30,Moderate,23.5
7504,Chandigarh,2024.04.12,17:30,High,15.8
7505,Chandigarh,12/08/2024,19:30,Severe,13.1
7506,Chandigarh,22/06/2023,09:30,Moderate,39.4
7507,Chandigarh,2024.11.25,07:15,High,18.3
7508,Chandigarh,2024.04.30,19:15,High,17.9
7509,Chandigarh,2024.07.21,12:15,Moderate,36.3
7510,Chandigarh,13-05-2023,15:30,High,23.9
7511,Chandigarh,2024-05-03,08:45,Low,42.0
7512,Chandigarh,2023-01-11,18:45,Moderate,22.9
7513,Chandigarh,2023-05-14,18:15,Severe,3.0
7514,Chandigarh,22-01-2024,13:00,Low,38.5
7515,Chandigarh,05/22/2024,18:30,Moderate,33.1
7516,Chandigarh,2023-02-05,18:45,High,23.9
7517,Chandigarh,2023.01.11,19:15,Moderate,34.7
7518,Chandigarh,2023.07.31,13:45,Moderate,33.0
7519,Chandigarh,2024-06-13,11:00,Severe,7.4
7520,Chandigarh,2024.03.13,07:00,Low,39.0
7521,Chandigarh,2023-02-07,06:15,Low,39.2
7522,Chandigarh,2023.12.07,18:45,Severe,11.5
7523,Chandigarh,10/25/2024,09:15,High,11.3
7524,Chandigarh,2023.04.22,18:45,Severe,18.2
7525,Chandigarh,01/04/2024,09:00,High,23.1
7526,Chandigarh,01/11/2023,07:30,Moderate,16.2
7527,Chandigarh,2024.08.21,07:30,High,18.3
7528,Chandigarh,2023.11.16,08:30,High,21.4
7529,Chandigarh,08/15/2024,07:00,Moderate,24.5
7530,Chandigarh,29-07-2023,18:30,High,20.9
7531,Chandigarh,21-11-2023,10:45,Severe,5.1
7532,Chandigarh,05/07/2023,11:45,Moderate,24.8
7533,Chandigarh,2024-03-19,14:45,Moderate,24.2
7534,Chandigarh,2024-08-23,08:45,Moderate,26.5
7535,Chandigarh,2023-06-24,13:30,Severe,12.5
7536,Chandigarh,24/01/2023,13:30,Moderate,26.3
7537,Chandigarh,02/24/2024,12:45,High,9.5
7538,Chandigarh,02-05-2023,18:45,Severe,5.0
7539,Chandigarh,2024.06.18,16:45,Moderate,18.4
7540,Chandigarh,2024.07.21,10:45,Moderate,23.0
7541,Chandigarh,01/08/2023,07:15,Low,37.5
7542,Chandigarh,2024-03-07,18:00,High,13.7
7543,Chandigarh,2023-03-02,06:30,Moderate,29.0
7544,Chandigarh,08/20/2024,23:45,Moderate,35.9
7545,Chandigarh,2024.09.24,21:45,Low,33.3
7546,Chandigarh,25/06/2024,19:45,Severe,3.4
7547,Chandigarh,08/08/2024,08:00,High,13.3
7548,Chandigarh,12/30/2023,19:15,Moderate,20.5
7549,Chandigarh,2024-04-19,11:45,Low,45.8
7550,Chandigarh,2023.12.09,23:30,High,15.5
7551,Chandigarh,18-06-2024,19:30,High,16.1
7552,Chandigarh,2024-10-09,14:00,Moderate,28.0
7553,Chandigarh,05/17/2023,07:45,Low,45.1
7554,Chandigarh,2024-07-01,15:45,Low,40.7
7555,Chandigarh,08/21/2024,19:15,High,16.3
7556,Chandigarh,2024-06-03,10:45,Low,38.9
7557,Chandigarh,2023-01-17,07:30,Moderate,26.3
7558,Chandigarh,2024-08-02,16:30,Moderate,17.0
7559,Chandigarh,2023.08.07,09:00,Severe,3.0
7560,Chandigarh,03/29/2024,22:15,Moderate,25.0
7561,Chandigarh,2023.02.28,11:45,Moderate,28.2
7562,Chandigarh,2023.02.22,08:45,Moderate,24.4
7563,Chandigarh,2023-05-26,08:45,High,12.1
7564,Chandigarh,27-04-2023,12:45,Severe,113.8
7565,Chandigarh,01-12-2024,18:00,Severe,9.1
7566,Chandigarh,2023.05.20,05:30,Low,28.1
7567,Chandigarh,05/29/2024,17:15,High,20.2
7568,Chandigarh,2023-07-17,11:30,Low,30.2
7569,Chandigarh,2023.11.10,20:15,Moderate,30.5
7570,Chandigarh,19-02-2024,12:30,Moderate,34.1
7571,Chandigarh,2024-08-15,17:00,Severe,8.3
7572,Chandigarh,2023.09.06,09:00,High,16.4
7573,Chandigarh,29/07/2023,09:15,Severe,14.3
7574,Chandigarh,08/17/2024,00:00,Low,36.7
7575,Chandigarh,23-09-2023,21:15,Low,43.1
7576,Chandigarh,2023.05.24,07:00,Moderate,22.9
7577,Chandigarh,08-12-2023,19:00,Severe,3.4
7578,Chandigarh,03/21/2023,11:15,Low,30.0
7579,Chandigarh,2024.02.12,15:15,Low,32.3
7580,Chandigarh,2024.11.02,11:45,Severe,14.3
7581,Chandigarh,05/25/2023,02:30,Low,33.2
7582,Chandigarh,2023-06-06,20:30,Severe,8.8
7583,Chandigarh,2023.08.19,06:15,Low,28.7
7584,Chandigarh,2024-08-17,17:30,Moderate,30.3
7585,Chandigarh,2023.03.04,20:45,High,26.5
7586,Chandigarh,11/30/2023,18:00,High,11.8
7587,Chandigarh,11/10/2024,20:00,Moderate,29.3
7588,Chandigarh,09/13/2023,10:30,Low,41.9
7589,Chandigarh,29-10-2023,18:15,High,27.8
7590,Chandigarh,11-03-2024,18:15,Severe,11.3
7591,Chandigarh,2023-07-20,14:15,Moderate,30.4
7592,Chandigarh,05/15/2024,07:00,Severe,11.7
7593,Chandigarh,18/01/2023,12:00,Moderate,26.5
7594,Chandigarh,2024-03-24,16:15,High,16.2
7595,Chandigarh,08/01/2023,23:00,High,18.4
7596,Chandigarh,2023.09.22,16:00,High,25.5
7597,Chandigarh,12/24/2023,18:45,Moderate,27.7
7598,Chandigarh,2024.08.19,14:00,High,6.4
7599,Chandigarh,2024-09-10,20:15,Severe,5.2
7600,Chandigarh,2023-09-18,21:15,Moderate,29.1
7601,Chandigarh,2023.09.17,19:00,Moderate,26.0
7602,Chandigarh,2024-08-16,20:00,Severe,9.9
7603,Chandigarh,26/08/2023,18:45,High,19.7
7604,Chandigarh,29/08/2024,12:30,Moderate,21.8
7605,Chandigarh,2024.08.29,21:45,Moderate,21.7
7606,Chandigarh,10/10/2023,18:45,High,17.5
7607,Chandigarh,07/16/2024,09:30,Moderate,21.3
7608,Chandigarh,2023.10.23,16:30,Low,37.2
7609,Chandigarh,11/05/2023,00:30,Low,36.5
7610,Chandigarh,2024-03-22,14:00,Moderate,105.3
7611,Chandigarh,2024.08.05,09:15,Moderate,19.6
7612,Chandigarh,09-11-2024,16:15,Severe,6.2
7613,Chandigarh,28-05-2024,10:15,Low,34.1
7614,Chandigarh,2023.01.19,10:45,High,13.4
7615,Chandigarh,15-07-2023,22:00,Severe,5.8
7616,Chandigarh,2024-01-11,04:00,Low,33.0
7617,Chandigarh,2024-02-23,17:00,Low,42.5
7618,Chandigarh,23-10-2024,07:00,Moderate,25.0
7619,Chandigarh,03/22/2023,18:30,Severe,4.1
7620,Chandigarh,2024-07-25,12:15,Moderate,29.2
7621,Chandigarh,2024-04-04,08:45,Severe,3.0
7622,Chandigarh,17/12/2023,08:00,Moderate,29.4
7623,Chandigarh,15/01/2023,20:45,Moderate,32.6
7624,Chandigarh,2023.10.20,18:15,High,19.8
7625,Chandigarh,10/25/2024,01:15,Low,43.9
7626,Chandigarh,11/12/2023,21:45,Severe,3.0
7627,Chandigarh,2024.08.15,19:15,Severe,4.3
7628,Chandigarh,19-08-2023,11:45,Moderate,30.6
7629,Chandigarh,04/20/2023,17:30,Moderate,20.1
7630,Chandigarh,2023-12-30,21:00,Moderate,25.4
7631,Chandigarh,2024-08-03,13:30,Moderate,38.3
7632,Chandigarh,17-06-2024,19:00,Severe,12.5
7633,Chandigarh,03/14/2023,07:00,High,10.5
7634,Chandigarh,2023.02.27,06:45,Low,45.0
7635,Chandigarh,2024.02.24,06:15,High,13.2
7636,Chandigarh,06/24/2024,14:45,Moderate,26.1
7637,Chandigarh,27/12/2024,07:45,Moderate,24.2
7638,Chandigarh,2023-06-04,22:00,Severe,3.0
7639,Chandigarh,14/02/2023,19:30,Low,33.8
7640,Chandigarh,07-11-2023,20:00,High,23.3
7641,Chandigarh,2023-06-20,07:15,Severe,5.0
7642,Chandigarh,03/09/2023,18:15,High,21.0
7643,Chandigarh,22/01/2024,12:00,Moderate,28.9
7644,Chandigarh,2024-08-29,17:00,Severe,11.4
7645,Chandigarh,2024-08-20,21:30,Moderate,28.6
7646,Chandigarh,30-09-2023,09:45,High,19.7
7647,Chandigarh,01/08/2024,08:00,Severe,6.9
7648,Chandigarh,2023.10.16,17:45,High,23.4
7649,Chandigarh,01/26/2024,08:30,High,20.3
7650,Chandigarh,2024-07-25,17:00,High,16.2
7651,Chandigarh,20/01/2023,21:00,Severe,13.4
7652,Chandigarh,01/28/2024,08:00,Severe,7.4
7653,Chandigarh,16-06-2023,07:30,High,25.2
7654,Chandigarh,04-01-2024,11:15,Severe,3.0
7655,Chandigarh,2023-09-22,18:00,Severe,7.9
7656,Chandigarh,2023-06-17,05:30,Moderate,30.6
7657,Chandigarh,19-06-2024,08:15,High,17.4
7658,Chandigarh,30-01-2023,14:15,Low,39.1
7659,Chandigarh,2024-09-27,16:30,Moderate,32.1
7660,Chandigarh,17-05-2024,06:15,Moderate,28.6
7661,Chandigarh,05/12/2024,18:15,High,10.9
7662,Chandigarh,2024.03.21,20:15,High,17.4
7663,Chandigarh,11/18/2024,08:30,Moderate,25.8
7664,Chandigarh,2023-09-09,13:00,High,28.4
7665,Chandigarh,05/18/2024,14:00,Low,42.7
7666,Chandigarh,2024.08.17,17:15,Moderate,21.1
7667,Chandigarh,2023.08.08,08:45,High,15.6
7668,Chandigarh,07/19/2023,16:15,Low,22.9
7669,Chandigarh,2024.03.21,14:00,Low,40.5
7670,Chandigarh,04-04-2024,11:15,Moderate,21.6
7671,Chandigarh,01/28/2023,18:15,High,106.4
7672,Chandigarh,27/10/2024,09:15,High,10.6
7673,Chandigarh,2023-09-16,08:45,Severe,16.4
7674,Chandigarh,2024.10.07,16:45,Low,41.1
7675,Chandigarh,2024-11-25,10:30,Low,30.6
7676,Chandigarh,30/05/2024,17:15,Severe,14.1
7677,Chandigarh,15-01-2024,08:30,Moderate,33.9
7678,Chandigarh,02/19/2023,18:45,Moderate,22.8
7679,Chandigarh,12/08/2023,09:00,Moderate,-32.1
7680,Chandigarh,09/09/2024,19:00,High,19.6
7681,Chandigarh,2024.06.26,14:30,Low,41.3
7682,Chandigarh,08/02/2024,08:15,High,22.0
7683,Chandigarh,2023.02.25,14:15,Moderate,28.2
7684,Chandigarh,2024-04-13,06:45,Moderate,31.5
7685,Chandigarh,2023.08.12,10:30,High,10.7
7686,Chandigarh,2023.04.01,20:30,High,21.5
7687,Chandigarh,2023.08.29,09:00,Low,39.6
7688,Chandigarh,08/05/2024,02:15,Low,36.0
7689,Chandigarh,2024-06-16,17:30,Moderate,33.4
7690,Chandigarh,17/09/2023,17:30,Moderate,31.5
7691,Chandigarh,13-09-2024,07:45,Moderate,18.5
7692,Chandigarh,2024.12.09,08:45,Severe,6.9
7693,Chandigarh,2023.04.02,03:30,Low,44.8
7694,Chandigarh,28-01-2024,14:15,Moderate,27.2
7695,Chandigarh,2023.06.03,16:45,Severe,13.1
7696,Chandigarh,03/01/2023,11:15,High,10.0
7697,Chandigarh,16-12-2024,06:15,Moderate,25.1
7698,Chandigarh,2023.07.27,21:45,High,118.8
7699,Chandigarh,2023-04-26,09:30,High,22.0
7700,Chandigarh,12-12-2024,18:45,High,9.2
7701,Chandigarh,05/27/2023,21:30,High,20.0
7702,Chandigarh,19-07-2023,18:00,High,17.2
7703,Chandigarh,23-05-2024,09:45,High,104.5
7704,Chandigarh,2024.09.10,06:30,Low,35.2
7705,Chandigarh,28-10-2024,18:00,High,7.4
7706,Chandigarh,05/12/2023,18:45,High,15.7
7707,Chandigarh,19/04/2023,08:15,High,14.3
7708,Chandigarh,09/08/2023,10:15,Low,34.1
7709,Chandigarh,23-01-2024,11:15,Low,38.2
7710,Chandigarh,2024-07-19,09:30,High,10.7
7711,Chandigarh,07/08/2023,14:30,Low,28.3
7712,Chandigarh,2023.05.12,23:45,High,13.3
7713,Chandigarh,10/07/2024,18:00,Moderate,24.5
7714,Chandigarh,26-06-2024,16:30,Moderate,32.7
7715,Chandigarh,14/04/2023,21:30,Moderate,26.4
7716,Chandigarh,2024-11-05,13:45,Low,36.1
7717,Chandigarh,2023-05-19,07:30,Low,47.3
7718,Chandigarh,2023.01.21,08:30,Severe,4.4
7719,Chandigarh,02-06-2024,06:15,Low,39.2
7720,Chandigarh,27/12/2023,15:00,Low,42.4
7721,Chandigarh,16-06-2024,18:30,High,11.3
7722,Chandigarh,2023-01-14,17:00,Low,36.1
7723,Chandigarh,04/09/2024,21:30,Moderate,25.4
7724,Chandigarh,07-05-2024,18:00,Low,37.9
7725,Chandigarh,23-07-2024,19:15,High,16.1
7726,Chandigarh,12/17/2024,10:00,Low,43.9
7727,Chandigarh,2023-10-20,09:45,Low,33.8
7728,Chandigarh,11/03/2024,08:15,High,19.8
7729,Chandigarh,12/01/2024,08:00,High,12.2
7730,Chandigarh,2024.05.12,13:15,Moderate,39.1
7731,Chandigarh,05/26/2023,09:45,Moderate,25.2
7732,Chandigarh,08-07-2024,08:00,Moderate,26.6
7733,Chandigarh,22-06-2024,18:30,Severe,3.0
7734,Chandigarh,31/10/2024,17:15,Moderate,29.0
7735,Chandigarh,02-08-2024,17:30,Low,25.9
7736,Chandigarh,05/22/2024,17:00,Moderate,25.4
7737,Chandigarh,2023.06.30,18:00,Moderate,-32.4
7738,Chandigarh,25/01/2023,14:15,Severe,10.7
7739,Chandigarh,12/22/2023,02:15,Low,37.6
7740,Chandigarh,01/08/2024,12:30,Severe,-3.5
7741,Chandigarh,02/12/2024,17:45,Severe,8.1
7742,Chandigarh,2023-07-05,08:15,High,-8.6
7743,Chandigarh,02/03/2024,16:15,Moderate,27.4
7744,Chandigarh,2024.01.13,08:45,High,19.9
7745,Chandigarh,17/09/2023,17:45,Low,44.7
7746,Chandigarh,05/06/2024,14:00,High,13.1
7747,Chandigarh,12/05/2023,13:15,Moderate,27.3
7748,Chandigarh,10/20/2023,17:00,,16.2
7749,Chandigarh,14-09-2023,10:15,Moderate,23.4
7750,Chandigarh,19-05-2023,04:00,Severe,3.0
7751,Chandigarh,12-08-2024,19:30,Low,37.0
7752,Chandigarh,17-03-2023,21:00,High,9.7
7753,Chandigarh,2024.04.17,08:45,High,15.6
7754,Chandigarh,23-08-2024,08:00,Moderate,23.4
7755,Chandigarh,2023.05.24,13:00,Moderate,16.9
7756,Chandigarh,14-05-2024,06:30,High,17.0
7757,Chandigarh,17/10/2023,14:45,High,18.5
7758,Chandigarh,04/09/2024,08:15,Severe,3.1
7759,Chandigarh,11/17/2023,18:30,High,6.4
7760,Chandigarh,06-03-2024,00:00,Low,34.7
7761,Chandigarh,2023.10.29,08:00,Severe,13.7
7762,Chandigarh,2023.02.16,13:15,High,21.3
7763,Chandigarh,11-09-2023,20:15,High,18.6
7764,Chandigarh,01/12/2024,07:15,Severe,5.7
7765,Chandigarh,2023-09-08,18:45,High,9.6
7766,Chandigarh,2024-12-21,08:15,Severe,7.4
7767,Chandigarh,2023.07.17,03:15,Low,34.6
7768,Chandigarh,11/17/2024,17:45,Moderate,29.8
7769,Chandigarh,08/28/2023,07:00,Low,35.5
7770,Chandigarh,09/30/2023,18:30,Severe,8.5
7771,Chandigarh,2023-10-14,19:30,Moderate,24.6
7772,Chandigarh,2024.02.09,09:45,High,8.7
7773,Chandigarh,17/12/2023,09:00,Severe,4.5
7774,Chandigarh,2024-09-21,09:15,High,17.5
7775,Chandigarh,2024-07-03,08:45,Severe,18.6
7776,Chandigarh,23-12-2023,13:30,Moderate,36.7
7777,Chandigarh,05-05-2023,17:15,Moderate,26.2
7778,Chandigarh,2023.09.11,11:15,Moderate,35.5
7779,Chandigarh,2024-11-26,18:15,Moderate,20.9
7780,Chandigarh,2023.09.19,12:30,Moderate,27.8
7781,Chandigarh,2023-06-24,14:45,Low,33.9
7782,Chandigarh,11/12/2023,15:30,High,16.0
7783,Chandigarh,2024.07.23,10:00,Moderate,18.3
7784,Chandigarh,01/02/2023,08:15,Moderate,28.3
7785,Chandigarh,04/23/2023,11:00,Low,46.2
7786,Chandigarh,2023-12-05,08:00,High,20.8
7787,Chandigarh,22-12-2023,14:30,Moderate,31.3
7788,Chandigarh,02/03/2024,07:15,Moderate,24.0
7789,Chandigarh,2024-03-07,07:30,Low,41.2
7790,Chandigarh,10/05/2023,16:30,,17.5
7791,Chandigarh,16-05-2024,11:45,Moderate,27.4
7792,Chandigarh,01-12-2024,01:00,Low,37.0
7793,Chandigarh,30-08-2023,16:30,Moderate,27.1
7794,Chandigarh,11/15/2024,15:30,High,12.5
7795,Chandigarh,18/06/2024,08:30,Moderate,26.6
7796,Chandigarh,2024-09-01,15:15,Moderate,27.7
7797,Chandigarh,2023-03-22,11:00,High,19.6
7798,Chandigarh,2023-07-18,19:00,High,15.5
7799,Chandigarh,07-08-2023,01:45,Low,37.3
7800,Chandigarh,31/03/2024,07:30,Severe,15.6
7801,Chandigarh,2023.10.05,16:15,Low,36.9
7802,Chandigarh,2024.02.24,19:00,High,14.5
7803,Chandigarh,04-04-2023,19:00,Severe,6.4
7804,Chandigarh,2023-12-04,18:30,High,11.1
7805,Chandigarh,07-02-2023,17:30,High,5.9
7806,Chandigarh,2024-12-13,18:45,High,22.0
7807,Chandigarh,21/01/2024,08:30,High,15.7
7808,Chandigarh,25-07-2023,18:45,Moderate,28.6
7809,Chandigarh,22/08/2023,15:45,Moderate,23.4
7810,Chandigarh,2024.10.01,03:30,Moderate,33.7
7811,Chandigarh,2023-07-12,17:00,Moderate,33.6
7812,Chandigarh,05/24/2023,10:30,Moderate,25.2
7813,Chandigarh,19-12-2023,18:15,Severe,6.6
7814,Chandigarh,2024.02.21,20:45,Low,38.0
7815,Chandigarh,09/09/2024,18:30,Moderate,24.7
7816,Chandigarh,2024.11.09,11:00,High,14.8
7817,Chandigarh,22-02-2024,13:00,Low,39.0
7818,Chandigarh,27/04/2024,06:00,Moderate,28.7
7819,Chandigarh,31-08-2023,10:30,High,12.7
7820,Chandigarh,09/19/2023,15:30,Moderate,18.3
7821,Chandigarh,11/08/2024,14:15,Moderate,28.5
7822,Chandigarh,2023-03-17,08:00,High,16.4
7823,Chandigarh,2023.08.29,19:30,Severe,3.0
7824,Chandigarh,2024-11-25,23:30,High,8.5
7825,Chandigarh,2023.03.13,08:45,High,22.1
7826,Chandigarh,05/08/2023,20:30,High,19.0
7827,Chandigarh,2023-04-09,16:15,Low,35.5
7828,Chandigarh,02/08/2024,17:00,Low,38.1
7829,Chandigarh,2023.10.04,06:45,Severe,7.4
7830,Chandigarh,06/11/2023,08:15,High,17.5
7831,Chandigarh,06/14/2023,11:45,Low,28.7
7832,Chandigarh,2024.07.02,08:15,Severe,3.6
7833,Chandigarh,25-02-2023,09:45,Severe,3.0
7834,Chandigarh,09/03/2024,07:45,Moderate,29.7
7835,Chandigarh,2024.01.18,00:00,High,24.6
7836,Chandigarh,03/06/2023,20:00,Low,44.0
7837,Chandigarh,2024-04-22,09:45,Moderate,29.5
7838,Chandigarh,05/01/2023,19:45,High,13.2
7839,Chandigarh,30/12/2024,09:30,Moderate,21.0
7840,Chandigarh,31-05-2023,16:00,High,12.2
7841,Chandigarh,17/08/2023,19:15,Moderate,22.6
7842,Chandigarh,2024.07.27,17:00,High,13.8
7843,Chandigarh,18-04-2024,19:00,High,26.3
7844,Chandigarh,06-12-2024,11:15,Moderate,23.9
7845,Chandigarh,03/26/2023,10:45,Moderate,27.4
7846,Chandigarh,2023-09-24,16:30,Moderate,23.8
7847,Chandigarh,2024-05-12,20:45,High,15.2
7848,Chandigarh,2023-06-27,08:15,High,17.1
7849,Chandigarh,2023.11.18,14:00,Moderate,31.0
7850,Chandigarh,28-12-2023,09:45,Moderate,-27.7
7851,Chandigarh,21/12/2023,22:00,Moderate,34.9
7852,Chandigarh,19/07/2024,19:00,High,15.6
7853,Chandigarh,12/18/2024,09:00,Severe,3.3
7854,Chandigarh,2023-11-16,05:15,Severe,15.3
7855,Chandigarh,18/04/2024,07:00,Moderate,18.9
7856,Chandigarh,27-02-2023,07:45,Moderate,25.5
7857,Chandigarh,2023-02-14,16:45,Moderate,24.9
7858,Chandigarh,2024-02-10,04:00,Low,40.0
7859,Chandigarh,12-03-2024,10:30,Moderate,30.9
7860,Chandigarh,04-02-2023,07:45,Low,29.8
7861,Chandigarh,2023.03.19,07:30,Low,37.1
7862,Chandigarh,2023-08-24,10:15,Low,45.4
7863,Chandigarh,04-11-2024,12:45,Moderate,20.2
7864,Chandigarh,2023.12.03,17:15,Moderate,28.3
7865,Chandigarh,23-04-2024,13:30,Low,40.5
7866,Chandigarh,2024-07-05,08:00,Severe,5.4
7867,Chandigarh,2024-03-09,18:15,Severe,11.6
7868,Chandigarh,2023-12-28,09:15,Severe,7.7
7869,Chandigarh,29/11/2023,18:15,Low,46.5
7870,Chandigarh,2023-05-29,10:30,Moderate,32.4
7871,Chandigarh,06/29/2023,18:00,Moderate,34.3
7872,Chandigarh,07/01/2023,17:00,Moderate,20.2
7873,Chandigarh,14-08-2023,17:30,High,17.2
7874,Chandigarh,18-04-2023,16:15,High,14.7
7875,Chandigarh,02/04/2023,16:00,Low,39.4
7876,Chandigarh,10/31/2023,17:30,Low,40.8
7877,Chandigarh,2024.11.30,07:15,High,16.8
7878,Chandigarh,2023.06.12,13:00,Severe,7.3
7879,Chandigarh,2023.07.16,18:45,Severe,3.0
7880,Chandigarh,2024.05.06,00:00,Moderate,23.7
7881,Chandigarh,10/09/2024,14:00,Moderate,29.1
7882,Chandigarh,28-03-2023,01:45,Low,34.1
7883,Chandigarh,21-08-2024,20:30,Severe,4.7
7884,Chandigarh,2024.04.25,08:15,Severe,3.0
7885,Chandigarh,20/08/2023,09:30,High,16.9
7886,Chandigarh,12-08-2023,10:15,Moderate,30.4
7887,Chandigarh,10/11/2024,08:30,High,9.2
7888,Chandigarh,09/26/2024,17:30,Low,44.2
7889,Chandigarh,19-04-2024,11:45,Moderate,26.9
7890,Chandigarh,07-12-2023,17:00,Moderate,27.6
7891,Chandigarh,03-11-2024,19:30,Moderate,32.8
7892,Chandigarh,2023.04.18,07:45,Moderate,31.3
7893,Chandigarh,07/25/2024,13:30,Low,34.8
7894,Chandigarh,10/05/2023,17:45,Severe,10.0
7895,Chandigarh,31-08-2023,18:15,High,20.6
7896,Chandigarh,2024.03.08,22:30,Low,39.4
7897,Chandigarh,22/07/2024,20:00,Severe,5.9
7898,Chandigarh,03-11-2024,19:30,Severe,6.3
7899,Chandigarh,2024.06.21,12:00,Moderate,30.0
7900,Chandigarh,14/02/2023,11:45,Moderate,24.0
7901,Chandigarh,2023-03-14,09:30,Moderate,24.9
7902,Chandigarh,2023-11-07,07:00,Moderate,22.7
7903,Chandigarh,06/15/2023,06:00,Moderate,21.6
7904,Chandigarh,10-09-2024,08:15,High,8.4
7905,Chandigarh,2023.04.05,22:45,Moderate,34.3
7906,Chandigarh,08/01/2024,18:45,High,19.3
7907,Chandigarh,26-06-2024,15:00,Moderate,33.9
7908,Chandigarh,2023.03.21,13:15,High,24.3
7909,Chandigarh,2024.08.14,10:30,Moderate,25.5
7910,Chandigarh,20-08-2024,07:15,Low,42.6
7911,Chandigarh,2024-01-28,17:15,Moderate,26.6
7912,Chandigarh,2023.05.18,14:30,Moderate,28.7
7913,Chandigarh,22-07-2024,21:15,Moderate,28.9
7914,Chandigarh,2023.10.01,00:45,Low,36.0
7915,Chandigarh,04/22/2024,06:15,Low,38.2
7916,Chandigarh,22/10/2024,08:15,High,10.8
7917,Chandigarh,2023.04.27,08:30,Severe,14.0
7918,Chandigarh,01-08-2024,08:45,Severe,17.7
7919,Chandigarh,26-05-2023,08:45,Severe,6.0
7920,Chandigarh,21-01-2024,09:45,Severe,8.5
7921,Chandigarh,14-12-2023,08:00,Severe,3.0
7922,Chandigarh,13-04-2024,19:15,,23.5
7923,Chandigarh,11/29/2024,18:45,High,16.8
7924,Chandigarh,2023.02.13,18:45,Moderate,31.4
7925,Chandigarh,23-08-2024,08:30,Severe,9.8
7926,Chandigarh,2024.08.19,16:45,High,20.4
7927,Chandigarh,2023-08-23,15:15,Moderate,24.6
7928,Chandigarh,10/08/2023,15:30,Low,37.8
7929,Chandigarh,30-05-2024,22:45,High,8.8
7930,Chandigarh,23-03-2024,07:30,Moderate,20.5
7931,Chandigarh,18-12-2023,10:30,,13.4
7932,Chandigarh,2023.12.11,12:45,Moderate,20.8
7933,Chandigarh,09/12/2023,12:00,Moderate,34.4
7934,Chandigarh,2024-02-21,05:15,Low,34.3
7935,Chandigarh,2023-08-14,18:15,Severe,7.5
7936,Chandigarh,05-12-2023,12:30,Moderate,30.7
7937,Chandigarh,2024-10-02,07:15,High,10.4
7938,Chandigarh,29/07/2024,10:30,Low,32.2
7939,Chandigarh,2024.09.17,19:30,Severe,3.9
7940,Chandigarh,2023.10.06,02:30,Low,40.6
7941,Chandigarh,2023.02.07,19:00,Severe,9.2
7942,Chandigarh,2023-11-01,17:15,Severe,5.6
7943,Chandigarh,2024.09.06,19:45,Moderate,23.3
7944,Chandigarh,29/10/2023,19:30,High,8.4
7945,Chandigarh,11/08/2024,15:00,High,15.6
7946,Chandigarh,06-10-2024,18:30,High,9.4
7947,Chandigarh,2023.12.14,09:15,Moderate,31.2
7948,Chandigarh,2024.03.23,22:45,Moderate,22.0
7949,Chandigarh,01/06/2024,21:45,Low,34.9
7950,Chandigarh,02/06/2023,10:00,High,15.9
7951,Chandigarh,2023.09.27,16:45,Severe,5.7
7952,Chandigarh,17-12-2023,11:15,High,23.7
7953,Chandigarh,06/11/2023,18:45,Moderate,21.6
7954,Chandigarh,05/01/2023,03:00,Moderate,23.1
7955,Chandigarh,13-05-2023,07:00,Moderate,27.8
7956,Chandigarh,07/15/2024,13:15,Low,44.7
7957,Chandigarh,2024.04.16,15:45,Low,34.4
7958,Chandigarh,2023-04-09,12:45,Moderate,26.7
7959,Chandigarh,08/05/2024,21:45,Moderate,24.8
7960,Chandigarh,08-03-2024,19:00,Moderate,28.6
7961,Chandigarh,27/02/2024,18:00,High,16.9
7962,Chandigarh,25/09/2024,15:00,Severe,15.9
7963,Chandigarh,2023.01.30,19:30,High,16.1
7964,Chandigarh,03/18/2023,07:00,Moderate,20.5
7965,Chandigarh,25-12-2023,13:15,Moderate,26.5
7966,Chandigarh,2023.01.27,17:45,High,11.6
7967,Chandigarh,01/10/2024,10:15,Low,31.9
7968,Chandigarh,28/11/2023,17:45,Low,36.9
7969,Chandigarh,2024.09.09,16:00,Severe,3.0
7970,Chandigarh,09/11/2023,12:30,Moderate,26.2
7971,Chandigarh,2024-07-11,01:45,Moderate,24.9
7972,Chandigarh,2024.08.24,08:00,Low,40.5
7973,Chandigarh,2024.04.19,08:00,Severe,6.5
7974,Chandigarh,2023.11.19,13:15,Moderate,25.3
7975,Chandigarh,2024.05.16,21:00,Low,-43.3
7976,Chandigarh,27/09/2024,18:00,High,27.1
7977,Chandigarh,08/12/2024,13:00,Low,37.1
7978,Chandigarh,2024-12-04,19:30,High,10.0
7979,Chandigarh,06/06/2023,20:15,Severe,15.8
7980,Chandigarh,14-05-2023,17:15,High,21.0
7981,Chandigarh,23-03-2023,11:45,Moderate,28.6
7982,Chandigarh,2024.08.20,19:30,Severe,13.8
7983,Chandigarh,2023-10-07,05:45,Low,42.6
7984,Chandigarh,14-01-2024,09:15,High,19.2
7985,Chandigarh,2023.10.08,01:00,Low,36.2
7986,Chandigarh,2023.11.04,11:30,Severe,4.2
7987,Chandigarh,13/09/2024,07:15,High,16.3
7988,Chandigarh,12/05/2023,20:15,Moderate,28.9
7989,Chandigarh,2024.12.10,15:45,High,14.4
7990,Chandigarh,03/22/2023,11:15,Moderate,30.9
7991,Chandigarh,01/15/2024,07:45,High,13.8
7992,Chandigarh,2024-06-26,15:15,Low,35.1
7993,Chandigarh,2023.06.15,17:45,Low,38.2
7994,Chandigarh,2024-06-16,07:00,Moderate,32.1
7995,Chandigarh,2023.05.04,18:00,High,22.0
7996,Chandigarh,2024.11.13,18:45,Severe,13.6
7997,Chandigarh,17-11-2023,19:45,High,12.3
7998,Chandigarh,27-10-2024,08:45,Severe,108.3
7999,Chandigarh,26/05/2024,21:00,High,24.9
8000,Chandigarh,2024-08-17,14:30,Low,35.3
8001,Chandigarh,02/13/2024,20:45,Severe,4.7
8002,Chandigarh,08/22/2024,09:30,High,12.1
8003,Chandigarh,2023.12.10,18:45,High,10.5
8004,Chandigarh,02-08-2023,12:30,High,15.6
8005,Chandigarh,2023-08-21,16:00,Severe,9.0
8006,Chandigarh,01/12/2024,16:30,High,16.8
8007,Chandigarh,2023.04.10,03:00,Low,42.3
8008,Chandigarh,08/02/2023,14:00,High,17.3
8009,Chandigarh,02/10/2023,10:15,Moderate,25.4
8010,Chandigarh,02/02/2024,11:00,Moderate,27.6
8011,Chandigarh,2023-02-23,17:15,High,15.8
8012,Chandigarh,20-02-2024,21:15,High,11.8
8013,Chandigarh,27/11/2023,19:30,High,12.6
8014,Chandigarh,06-03-2024,08:00,High,31.5
8015,Chandigarh,2023.01.17,07:45,High,11.0
8016,Chandigarh,30-11-2023,11:00,Low,29.2
8017,Chandigarh,2023-08-27,07:30,Moderate,20.6
8018,Chandigarh,2023.03.12,07:30,Low,41.7
8019,Chandigarh,2023-08-12,11:30,Severe,9.9
8020,Chandigarh,2024.11.25,15:15,Low,38.5
8021,Chandigarh,25-07-2023,09:30,High,19.8
8022,Chandigarh,09-02-2024,16:45,Low,28.8
8023,Chandigarh,06/03/2023,16:00,Moderate,22.9
8024,Chandigarh,2023.02.06,17:00,High,13.9
8025,Chandigarh,12-12-2023,09:15,Severe,12.8
8026,Chandigarh,2024.09.25,00:30,Low,38.2
8027,Chandigarh,11-02-2023,12:30,High,17.1
8028,Chandigarh,08/05/2023,08:15,Severe,11.3
8029,Chandigarh,01-12-2024,10:30,Low,37.0
8030,Chandigarh,04/24/2023,16:30,Moderate,31.6
8031,Chandigarh,2024.12.19,06:30,Moderate,25.0
8032,Chandigarh,01/14/2023,09:30,Severe,19.8
8033,Chandigarh,11-09-2023,19:15,Severe,9.1
8034,Chandigarh,11-11-2024,12:15,Moderate,26.5
8035,Chandigarh,05/23/2024,08:15,Low,33.5
8036,Chandigarh,15-02-2023,19:15,High,26.7
8037,Chandigarh,2024-02-29,19:45,Severe,20.0
8038,Chandigarh,2023.09.01,12:15,Low,32.7
8039,Chandigarh,2023-09-25,03:15,Low,23.9
8040,Chandigarh,18/11/2024,14:00,Moderate,32.9
8041,Chandigarh,2023-12-13,19:00,High,6.4
8042,Chandigarh,2023.11.02,15:15,Low,37.7
8043,Chandigarh,09/07/2024,18:00,Moderate,25.8
8044,Chandigarh,2023-11-16,11:15,Moderate,24.8
8045,Chandigarh,2023-09-16,06:15,Moderate,25.7
8046,Chandigarh,02/27/2024,14:00,High,17.2
8047,Chandigarh,05/08/2024,14:30,High,11.5
8048,Chandigarh,01/01/2023,16:00,Low,42.8
8049,Chandigarh,03/12/2024,16:15,Low,39.9
8050,Chandigarh,2024-01-02,16:30,Moderate,23.9
8051,Chandigarh,27/11/2023,05:30,Low,39.0
8052,Chandigarh,2023-05-04,15:30,Severe,11.4
8053,Chandigarh,2023-09-12,19:30,Severe,13.0
8054,Chandigarh,2023.09.07,15:00,Moderate,17.9
8055,Chandigarh,21-06-2024,10:45,Low,39.9
8056,Chandigarh,02/08/2024,08:30,Moderate,34.1
8057,Chandigarh,14-03-2024,07:45,Low,33.1
8058,Chandigarh,04/12/2023,09:15,High,9.5
8059,Chandigarh,15-05-2023,17:45,Moderate,24.9
8060,Chandigarh,2024-10-12,09:00,High,14.9
8061,Chandigarh,05/28/2024,14:00,Low,30.8
8062,Chandigarh,15/11/2024,18:45,Severe,6.3
8063,Chandigarh,2023.11.28,22:30,Low,41.7
8064,Chandigarh,12-04-2023,07:30,Severe,11.2
8065,Chandigarh,2023-06-24,13:15,Moderate,25.0
8066,Chandigarh,25/09/2023,12:45,High,22.1
8067,Chandigarh,18/10/2023,18:15,High,-14.6
8068,Chandigarh,2023-11-28,17:15,Low,34.8
8069,Chandigarh,01/06/2023,19:15,Severe,3.0
8070,Chandigarh,2024.12.16,17:30,Low,42.3
8071,Chandigarh,24/08/2024,15:45,Moderate,25.0
8072,Surat,02/03/2024,08:15,High,6.3
8073,Surat,2023.02.18,18:30,High,20.5
8074,Surat,21/07/2023,03:45,Low,40.5
8075,Surat,2023.02.28,18:45,Severe,13.2
8076,Surat,08/02/2023,20:00,Moderate,101.5
8077,Surat,04-12-2023,18:45,Severe,7.5
8078,Surat,13-02-2023,13:30,Moderate,35.6
8079,Surat,28/05/2023,14:00,High,7.2
8080,Surat,2024.10.04,09:00,Moderate,27.6
8081,Surat,07/26/2023,11:30,Moderate,20.1
8082,Surat,2023-03-15,08:00,Severe,11.2
8083,Surat,04/06/2023,06:45,Low,41.9
8084,Surat,12-08-2024,07:15,Severe,3.0
8085,Surat,09-07-2023,18:15,Moderate,21.1
8086,Surat,13/10/2023,22:30,Severe,11.7
8087,Surat,2023-06-01,21:45,Moderate,28.6
8088,Surat,2023.04.16,18:15,Severe,3.1
8089,Surat,05/04/2023,08:00,High,14.9
8090,Surat,23-03-2024,19:30,Severe,3.0
8091,Surat,21-05-2023,10:45,Low,32.2
8092,Surat,07-11-2024,08:45,High,17.3
8093,Surat,07-06-2023,00:30,Low,35.4
8094,Surat,2024-11-14,14:30,Moderate,29.1
8095,Surat,2023-07-27,17:00,Low,41.6
8096,Surat,2024-08-18,20:15,Severe,8.0
8097,Surat,2024-01-13,15:45,Moderate,35.4
8098,Surat,07/18/2024,19:15,High,15.7
8099,Surat,2024-08-09,13:30,High,21.6
8100,Surat,16-11-2023,21:15,Moderate,20.6
8101,Surat,12/27/2024,19:30,Severe,4.9
8102,Surat,2024.08.17,17:30,Moderate,26.2
8103,Surat,2024.08.15,09:00,Severe,3.0
8104,Surat,10/26/2024,06:45,High,9.6
8105,Surat,2024-01-26,12:45,Moderate,20.8
8106,Surat,12/22/2023,14:45,Low,41.1
8107,Surat,30/05/2023,08:15,Moderate,28.1
8108,Surat,10/10/2024,07:30,Low,34.8
8109,Surat,11/22/2023,06:15,,43.5
8110,Surat,10/14/2024,20:15,High,11.2
8111,Surat,03-05-2023,17:30,High,17.6
8112,Surat,2023.07.26,16:15,High,19.1
8113,Surat,2023.07.16,09:30,High,19.5
8114,Surat,25/02/2023,17:45,Low,43.1
8115,Surat,10-02-2024,08:45,High,15.2
8116,Surat,11/07/2023,17:15,Low,36.4
8117,Surat,11/23/2023,08:15,Severe,12.0
8118,Surat,2023-09-09,23:15,High,18.5
8119,Surat,12-05-2024,14:15,Low,32.3
8120,Surat,2023.10.16,07:15,Moderate,29.0
8121,Surat,2023.10.21,17:45,Low,33.8
8122,Surat,06/26/2024,09:30,Severe,3.9
8123,Surat,07/05/2023,18:00,Severe,6.2
8124,Surat,2023-09-04,08:45,Moderate,28.3
8125,Surat,2024.09.15,21:30,Low,38.9
8126,Surat,2024.10.13,16:00,Low,40.7
8127,Surat,03/31/2024,12:45,Moderate,32.1
8128,Surat,01/08/2024,15:15,Moderate,30.1
8129,Surat,08/06/2024,13:30,Moderate,29.8
8130,Surat,09/11/2024,09:15,High,17.3
8131,Surat,05/03/2024,19:00,Low,39.1
8132,Surat,19/02/2023,00:15,Low,36.9
8133,Surat,07/16/2023,19:45,Moderate,29.8
8134,Surat,12/30/2023,10:45,Moderate,20.6
8135,Surat,2023-08-08,07:45,Low,39.9
8136,Surat,15-08-2024,10:15,Moderate,27.6
8137,Surat,03/09/2023,08:15,High,20.6
8138,Surat,2024.03.20,16:30,Low,28.8
8139,Surat,2023.04.05,21:45,Low,43.1
8140,Surat,2023-07-16,19:00,High,19.2
8141,Surat,2023-04-01,20:00,High,15.4
8142,Surat,01-12-2024,19:15,High,22.2
8143,Surat,12/04/2023,06:45,Moderate,28.6
8144,Surat,05/09/2024,12:45,High,18.0
8145,Surat,2024-03-11,16:15,Low,41.5
8146,Surat,2023.11.16,18:30,Severe,17.2
8147,Surat,20/04/2024,07:00,Low,38.6
8148,Surat,2023-01-23,12:15,Low,45.6
8149,Surat,2024.04.25,15:45,High,15.6
8150,Surat,06/08/2024,22:45,Moderate,32.3
8151,Surat,30-09-2023,13:45,Severe,-6.7
8152,Surat,11/09/2024,22:15,Low,34.2
8153,Surat,10-10-2023,16:45,High,33.5
8154,Surat,20-06-2024,20:15,Severe,4.0
8155,Surat,2023-08-09,17:30,Severe,4.2
8156,Surat,09-12-2024,06:30,Moderate,35.5
8157,Surat,20-09-2023,19:15,Severe,5.4
8158,Surat,14/05/2023,19:30,Severe,9.1
8159,Surat,16-08-2023,08:15,High,18.5
8160,Surat,03/05/2024,08:30,High,23.9
8161,Surat,30-05-2024,09:00,Severe,13.2
8162,Surat,2024.11.08,05:45,Moderate,26.3
8163,Surat,2023-07-01,12:45,,20.2
8164,Surat,12-07-2024,12:30,Moderate,20.7
8165,Surat,11/06/2024,12:00,Low,47.3
8166,Surat,2024.08.16,07:30,Moderate,29.1
8167,Surat,16-08-2024,11:30,Low,30.9
8168,Surat,12/02/2023,19:45,Moderate,30.8
8169,Surat,15-10-2023,09:15,High,15.9
8170,Surat,04/02/2024,16:00,High,14.8
8171,Surat,2023-08-31,18:00,Severe,115.9
8172,Surat,2023.06.10,20:15,Severe,7.9
8173,Surat,26/03/2024,03:00,Moderate,36.4
8174,Surat,2024.02.07,22:45,Moderate,27.7
8175,Surat,2024.04.01,04:15,Moderate,26.5
8176,Surat,13/11/2023,03:00,Low,40.8
8177,Surat,2024.01.19,13:15,Moderate,23.9
8178,Surat,10/09/2023,14:00,High,15.8
8179,Surat,2023.06.05,14:30,High,17.6
8180,Surat,2023.09.24,09:45,Severe,15.9
8181,Surat,2023-09-11,08:00,High,13.7
8182,Surat,2024-03-27,16:00,High,16.0
8183,Surat,18-11-2024,13:15,Moderate,25.2
8184,Surat,17/11/2024,13:30,High,27.3
8185,Surat,2024.03.23,19:45,Severe,4.6
8186,Surat,13-11-2024,09:45,High,17.8
8187,Surat,2023.12.16,16:15,Moderate,32.4
8188,Surat,2024.01.09,14:45,High,14.8
8189,Surat,2024-12-08,07:45,Moderate,31.4
8190,Surat,2024-09-28,17:30,Moderate,27.5
8191,Surat,30/03/2023,04:30,Low,35.1
8192,Surat,2024-03-24,17:00,Moderate,30.0
8193,Surat,02/11/2023,20:30,Low,42.7
8194,Surat,2024.02.07,08:15,Severe,7.5
8195,Surat,06/10/2023,13:00,Low,40.8
8196,Surat,2023.08.09,20:15,High,9.7
8197,Surat,08/10/2024,17:45,Severe,7.8
8198,Surat,2023-07-12,22:00,High,18.7
8199,Surat,08/18/2024,10:45,Moderate,26.2
8200,Surat,2024.02.11,14:45,Moderate,26.7
8201,Surat,03/29/2024,15:00,Severe,3.0
8202,Surat,11/29/2023,08:15,Low,29.2
8203,Surat,2024.04.02,18:30,Moderate,26.0
8204,Surat,2024-02-03,18:15,Severe,12.0
8205,Surat,2023-05-29,05:45,Low,41.9
8206,Surat,2023.05.31,11:00,Moderate,21.4
8207,Surat,03-12-2024,17:45,High,11.6
8208,Surat,01/08/2023,07:30,Severe,3.0
8209,Surat,19/08/2023,10:00,Low,39.0
8210,Surat,2023-01-13,08:30,Moderate,23.4
8211,Surat,17-09-2024,17:30,Moderate,21.4
8212,Surat,2024-09-14,16:15,Low,35.9
8213,Surat,07-05-2023,19:30,High,14.0
8214,Surat,2024-04-27,07:15,High,9.1
8215,Surat,20-07-2023,17:45,Low,35.5
8216,Surat,2023.08.14,06:30,Low,36.7
8217,Surat,27/07/2024,18:00,High,9.5
8218,Surat,2024-05-18,07:30,Moderate,32.1
8219,Surat,29/10/2023,08:45,Severe,10.6
8220,Surat,2024.07.31,19:15,Severe,13.8
8221,Surat,21-07-2023,20:00,Low,34.4
8222,Surat,05/16/2024,21:15,Moderate,28.2
8223,Surat,18-09-2024,16:30,Moderate,37.4
8224,Surat,04/06/2023,19:30,High,19.7
8225,Surat,18/09/2024,17:45,Moderate,41.2
8226,Surat,2024-11-09,16:15,Moderate,82.9
8227,Surat,03/07/2024,21:30,Moderate,32.8
8228,Surat,2023-12-12,00:15,Low,34.5
8229,Surat,10-03-2024,01:30,Low,37.2
8230,Surat,2024.03.04,08:00,High,8.5
8231,Surat,2023.10.20,19:30,Severe,8.0
8232,Surat,2023.04.09,18:15,Moderate,21.0
8233,Surat,20/05/2024,19:00,Moderate,16.4
8234,Surat,06/08/2024,12:30,Low,32.5
8235,Surat,2024.10.12,14:00,Severe,6.4
8236,Surat,2023.10.08,18:30,Moderate,32.8
8237,Surat,2024.02.06,18:45,Low,33.4
8238,Surat,2024.06.23,08:00,Severe,11.0
8239,Surat,04/04/2023,18:15,High,10.9
8240,Surat,07-07-2024,18:00,High,8.9
8241,Surat,2024.01.27,12:00,Moderate,31.4
8242,Surat,2023.02.02,08:15,Severe,13.2
8243,Surat,2024.11.06,16:15,Moderate,22.7
8244,Surat,2023-05-14,15:30,High,10.6
8245,Surat,2023-12-24,14:15,,31.7
8246,Surat,23-04-2023,11:00,High,6.4
8247,Surat,08/28/2024,15:30,Moderate,34.9
8248,Surat,04/01/2023,17:15,Moderate,32.2
8249,Surat,08-06-2024,20:45,High,21.2
8250,Surat,2024-04-22,14:30,Severe,7.4
8251,Surat,11/27/2023,06:00,Moderate,27.1
8252,Surat,21/08/2023,08:00,Severe,7.7
8253,Surat,12/13/2024,15:30,Moderate,21.9
8254,Surat,2023-04-23,18:15,High,15.7
8255,Surat,22/12/2023,16:45,High,24.2
8256,Surat,2023.07.28,21:45,Moderate,27.9
8257,Surat,26-08-2024,09:00,Severe,8.0
8258,Surat,2023-02-17,02:00,Low,41.6
8259,Surat,2023.04.26,19:45,Severe,9.1
8260,Surat,2023.09.06,20:30,High,19.9
8261,Surat,2023.04.23,09:45,High,11.1
8262,Surat,09/26/2024,18:15,High,8.2
8263,Surat,03/31/2024,15:15,Moderate,32.1
8264,Surat,2024.06.17,08:00,High,14.2
8265,Surat,06/24/2023,09:45,Severe,-11.5
8266,Surat,2024-02-22,19:45,High,19.9
8267,Surat,2023.02.06,15:45,Moderate,26.6
8268,Surat,2023.03.18,12:15,Moderate,30.4
8269,Surat,2024-01-06,12:45,Severe,13.1
8270,Surat,27/12/2024,23:45,Low,38.8
8271,Surat,05/29/2023,21:15,High,10.8
8272,Surat,2024.10.10,13:45,Moderate,18.3
8273,Surat,2024-09-06,20:30,High,26.8
8274,Surat,2023-08-11,21:15,High,15.4
8275,Surat,2023-09-07,17:15,Low,37.2
8276,Surat,2023.06.11,18:30,Moderate,28.9
8277,Surat,2023.10.26,10:00,High,17.9
8278,Surat,31-03-2023,19:30,Moderate,35.4
8279,Surat,2024.06.29,18:45,Moderate,26.9
8280,Surat,26/07/2024,16:30,Severe,17.8
8281,Surat,12/14/2024,13:45,Low,38.3
8282,Surat,14/03/2024,09:45,Moderate,21.0
8283,Surat,25/06/2024,16:15,High,5.9
8284,Surat,26-07-2023,14:15,Moderate,29.8
8285,Surat,06/27/2024,00:00,Low,38.4
8286,Surat,10/03/2023,19:45,High,12.5
8287,Surat,2023-03-23,12:15,Moderate,37.0
8288,Surat,01/13/2024,20:45,High,12.7
8289,Surat,2023.05.07,18:00,Severe,12.1
8290,Surat,2023.05.14,07:00,High,20.6
8291,Surat,02-05-2023,14:15,High,14.1
8292,Surat,18-07-2023,12:30,Low,40.0
8293,Surat,2023.10.25,08:45,Severe,15.0
8294,Surat,2024-03-08,13:15,High,13.1
8295,Surat,2023.07.16,08:30,Severe,7.4
8296,Surat,2024.02.09,10:45,Severe,5.2
8297,Surat,11/29/2024,19:15,Severe,8.5
8298,Surat,12/03/2024,09:15,High,14.6
8299,Surat,2024-04-05,17:00,Moderate,28.2
8300,Surat,06/20/2024,09:00,Severe,3.0
8301,Surat,24-08-2023,07:30,High,13.7
8302,Surat,01/10/2024,12:45,High,24.9
8303,Surat,2024-05-22,10:30,Low,35.5
8304,Surat,22/05/2024,15:45,Moderate,26.4
8305,Surat,2024-03-09,19:00,Low,42.9
8306,Surat,04-11-2024,08:45,High,5.4
8307,Surat,11/10/2024,15:45,Moderate,22.6
8308,Surat,06/28/2024,14:15,Severe,3.0
8309,Surat,2023.07.09,12:30,Moderate,23.2
8310,Surat,2023-07-14,17:15,High,16.8
8311,Surat,06/29/2024,17:00,High,11.2
8312,Surat,28/11/2024,17:45,Moderate,25.1
8313,Surat,26/02/2024,01:45,Low,49.3
8314,Surat,06/09/2024,19:15,High,20.1
8315,Surat,2023-12-02,19:00,Low,41.9
8316,Surat,27-04-2023,19:00,High,13.7
8317,Surat,2023.09.06,20:45,Moderate,28.8
8318,Surat,2023.10.06,11:30,Severe,7.1
8319,Surat,2024-04-12,17:45,Severe,8.8
8320,Surat,25-04-2023,17:00,Low,45.6
8321,Surat,10/08/2023,20:00,High,14.9
8322,Surat,17/11/2023,07:00,Severe,3.0
8323,Surat,03/08/2023,21:15,Low,36.1
8324,Surat,2023-04-27,18:45,High,5.1
8325,Surat,29/12/2023,03:00,Low,36.4
8326,Surat,06/26/2023,19:00,Moderate,31.5
8327,Surat,2024-08-26,17:45,Moderate,30.3
8328,Surat,04-07-2023,08:45,High,10.3
8329,Surat,31/01/2024,17:30,Moderate,22.1
8330,Surat,2023.04.30,08:45,High,14.4
8331,Surat,2024-10-27,23:45,Moderate,23.4
8332,Surat,09/25/2024,16:00,Moderate,19.0
8333,Surat,30-05-2024,15:15,Moderate,27.2
8334,Surat,27/02/2023,23:45,Severe,3.0
8335,Surat,2024-07-03,17:00,High,23.8
8336,Surat,2023-12-27,17:45,Severe,9.5
8337,Surat,17-05-2023,10:00,Moderate,23.6
8338,Surat,2023.09.02,20:45,High,12.2
8339,Surat,08/02/2023,08:30,High,23.1
8340,Surat,2024.11.12,18:30,Severe,7.2
8341,Surat,05/10/2024,18:45,Severe,11.9
8342,Surat,12/10/2024,00:30,Low,32.9
8343,Surat,17/09/2023,06:15,Moderate,23.6
8344,Surat,2023-07-02,07:00,Moderate,18.4
8345,Surat,2024-12-25,13:30,Moderate,26.4
8346,Surat,2024.08.06,15:45,Low,38.8
8347,Surat,2024.09.22,19:30,Severe,3.0
8348,Surat,04/02/2024,16:00,Low,42.8
8349,Surat,06-01-2023,13:45,High,21.9
8350,Surat,29-09-2023,09:00,Moderate,20.0
8351,Surat,02/29/2024,06:15,High,12.1
8352,Surat,04/09/2023,18:00,Severe,6.8
8353,Surat,13/09/2024,18:00,High,16.6
8354,Surat,08/14/2023,09:45,High,20.2
8355,Surat,2023-01-28,13:30,High,25.3
8356,Surat,24/12/2024,13:15,Moderate,28.1
8357,Surat,27/07/2024,14:30,Moderate,34.4
8358,Surat,11/23/2023,08:15,Severe,15.5
8359,Surat,23/08/2023,10:15,Severe,3.0
8360,Surat,07/08/2023,07:45,Low,37.5
8361,Surat,2023.03.03,19:30,Severe,16.4
8362,Surat,04/13/2024,04:30,Low,41.5
8363,Surat,2023-09-22,12:30,Moderate,27.5
8364,Surat,17-05-2023,14:30,Severe,6.0
8365,Surat,2024-08-16,22:30,Low,42.4
8366,Surat,2023-03-19,15:30,Low,38.0
8367,Surat,18-11-2024,07:15,High,16.0
8368,Surat,2024-01-24,17:30,Moderate,24.8
8369,Surat,12/10/2023,20:45,Severe,6.1
8370,Surat,21-02-2024,07:15,Moderate,25.5
8371,Surat,2024-12-28,10:30,Moderate,27.7
8372,Surat,2024.10.25,01:45,Low,42.4
8373,Surat,2023-08-31,17:15,Moderate,30.5
8374,Surat,2024.01.19,17:30,Low,41.2
8375,Surat,2023-09-11,08:30,High,22.0
8376,Surat,23-12-2024,12:45,High,4.4
8377,Surat,02-10-2023,16:45,High,12.7
8378,Surat,06/09/2023,17:30,Moderate,21.0
8379,Surat,30-01-2023,20:00,Low,31.8
8380,Surat,07/19/2024,09:30,High,21.0
8381,Surat,07/12/2024,18:45,Moderate,27.2
8382,Surat,2024-01-06,19:30,Severe,7.6
8383,Surat,20-06-2024,13:30,Moderate,25.7
8384,Surat,15/09/2024,16:00,Moderate,23.2
8385,Surat,02-01-2024,16:45,Low,27.2
8386,Surat,28/12/2024,05:45,Low,48.5
8387,Surat,06/14/2024,21:00,Low,44.0
8388,Surat,07/07/2024,21:15,Moderate,37.7
8389,Surat,2023.06.04,02:45,Low,31.0
8390,Surat,2023.06.15,12:45,Low,41.5
8391,Surat,2023.03.18,02:15,Low,35.9
8392,Surat,10/22/2023,09:00,Severe,7.0
8393,Surat,02/04/2024,18:15,High,10.6
8394,Surat,04/07/2023,18:30,Moderate,24.2
8395,Surat,2024.06.27,08:45,High,3.6
8396,Surat,2023.09.20,12:15,Low,41.4
8397,Surat,2024-01-28,12:00,High,21.0
8398,Surat,31/01/2024,09:00,High,14.3
8399,Surat,17/05/2023,19:00,High,9.1
8400,Surat,12/02/2023,08:00,High,101.7
8401,Surat,2024-01-10,14:15,High,13.5
8402,Surat,2024-04-16,14:15,Severe,13.3
8403,Surat,28-10-2024,22:45,Moderate,34.3
8404,Surat,17-03-2023,01:30,Low,33.5
8405,Surat,05/19/2023,11:00,Moderate,111.2
8406,Surat,2024.12.14,08:45,High,13.1
8407,Surat,07/03/2023,10:45,High,8.2
8408,Surat,11/11/2024,09:15,High,24.3
8409,Surat,01/01/2023,11:45,Moderate,31.0
8410,Surat,02-10-2024,17:45,Severe,15.2
8411,Surat,2024-04-07,08:15,Severe,4.5
8412,Surat,18/09/2024,08:30,Severe,9.0
8413,Surat,10/05/2024,08:30,Severe,11.7
8414,Surat,27-04-2023,08:00,Severe,12.3
8415,Surat,2023-07-22,18:30,Moderate,35.2
8416,Surat,2024.10.14,09:15,High,6.9
8417,Surat,07/18/2024,01:00,Low,41.8
8418,Surat,2023-01-08,10:30,Moderate,34.1
8419,Surat,12-07-2023,08:30,High,14.6
8420,Surat,07/28/2024,12:30,Low,35.1
8421,Surat,2023-02-02,01:00,Low,32.4
8422,Surat,04-03-2023,21:30,Moderate,21.3
8423,Surat,2023-03-26,16:30,Moderate,24.2
8424,Surat,2024-11-04,15:15,Low,31.5
8425,Surat,10/09/2024,09:00,Low,35.9
8426,Surat,2023.04.16,09:30,High,14.4
8427,Surat,18/06/2024,22:30,High,8.7
8428,Surat,02/14/2024,19:15,Severe,3.0
8429,Surat,2024-10-02,11:30,High,20.5
8430,Surat,07/04/2023,01:15,Low,31.6
8431,Surat,2023-06-14,12:30,Low,36.5
8432,Surat,05-01-2023,20:00,High,18.0
8433,Surat,18-04-2023,09:45,Moderate,18.3
8434,Surat,23-01-2023,12:15,High,19.4
8435,Surat,20/04/2023,09:45,High,13.7
8436,Surat,2023-11-17,15:45,Low,34.1
8437,Surat,2024.07.08,21:45,Moderate,23.1
8438,Surat,2023-04-18,15:15,Moderate,27.4
8439,Surat,2024.02.06,10:45,High,12.3
8440,Surat,09/08/2023,11:30,Low,35.4
8441,Surat,2024.06.11,18:45,Moderate,24.6
8442,Surat,06/16/2024,04:45,Low,42.0
8443,Surat,21/10/2023,19:00,Moderate,24.2
8444,Surat,03-03-2024,11:45,High,13.2
8445,Surat,2024.09.11,13:15,Severe,18.0
8446,Surat,19-02-2024,19:15,High,10.2
8447,Surat,26/01/2024,12:30,Low,30.6
8448,Surat,2024-09-03,11:00,Severe,17.4
8449,Surat,2024-06-14,19:15,High,11.6
8450,Surat,05/20/2024,20:00,Severe,3.5
8451,Surat,2024-10-16,22:45,High,16.4
8452,Surat,13/06/2024,08:45,High,12.6
8453,Surat,01-06-2024,09:30,Severe,5.1
8454,Surat,2024-02-16,10:15,Moderate,31.8
8455,Surat,04/16/2023,19:15,High,20.1
8456,Surat,02/17/2023,16:45,Low,43.5
8457,Surat,24/10/2024,02:15,Low,41.3
8458,Surat,12/09/2023,07:00,Severe,3.5
8459,Surat,2024-04-23,08:30,Severe,12.8
8460,Surat,18/08/2023,23:30,Moderate,31.3
8461,Surat,2024.01.09,10:00,Low,38.5
8462,Surat,03/08/2023,16:15,High,21.5
8463,Surat,2023-02-23,10:45,Severe,13.8
8464,Surat,03-08-2023,15:15,Moderate,24.9
8465,Surat,31-07-2024,14:00,High,22.5
8466,Surat,2023-12-24,17:00,Low,38.7
8467,Surat,2024.04.03,08:00,High,12.2
8468,Surat,01/10/2023,09:30,Severe,8.6
8469,Surat,2023-09-01,08:15,High,83.8
8470,Surat,09-05-2024,17:15,Moderate,22.7
8471,Surat,2024-03-11,15:00,Low,34.1
8472,Surat,17-06-2023,07:15,Moderate,28.1
8473,Surat,2023-12-08,11:45,Low,41.6
8474,Surat,05/29/2024,13:15,Moderate,25.8
8475,Surat,02/04/2023,17:15,Severe,11.0
8476,Surat,2024-06-20,15:00,High,12.2
8477,Surat,15/11/2024,09:45,High,31.7
8478,Surat,2024-12-19,17:00,High,14.7
8479,Surat,03/11/2024,22:15,High,19.7
8480,Surat,2024.11.04,12:30,Moderate,23.2
8481,Surat,29/06/2023,12:45,Low,33.8
8482,Surat,2023-03-14,20:45,Moderate,23.6
8483,Surat,22/12/2023,17:00,High,16.1
8484,Surat,2024.03.07,09:00,Low,35.5
8485,Surat,2023-03-15,17:30,Moderate,32.2
8486,Surat,2024-01-03,14:00,Severe,6.7
8487,Surat,29/04/2024,17:45,High,10.6
8488,Surat,07/01/2024,03:00,Low,23.5
8489,Surat,2023-01-10,10:30,Low,40.9
8490,Surat,2024-01-31,11:15,Low,37.9
8491,Surat,2024-07-24,18:15,High,24.5
8492,Surat,2023.08.21,10:30,Low,47.1
8493,Surat,12/09/2023,21:30,Low,38.2
8494,Surat,10/12/2023,11:15,Moderate,25.9
8495,Surat,2024.02.05,20:45,High,16.0
8496,Surat,2024.11.14,18:15,Severe,6.5
8497,Surat,07/16/2023,13:45,High,10.7
8498,Surat,23-11-2024,11:45,Low,44.3
8499,Surat,07/24/2024,14:00,High,12.9
8500,Surat,03-03-2024,17:30,Severe,3.2
8501,Surat,2023-01-11,15:00,Moderate,23.3
8502,Surat,05/30/2024,10:15,High,27.8
8503,Surat,10-08-2023,08:45,Severe,7.3
8504,Surat,11/23/2023,14:30,High,20.1
8505,Surat,02/06/2023,07:15,Moderate,-30.1
8506,Surat,13-10-2023,18:00,Moderate,29.1
8507,Surat,2024.02.17,21:45,Moderate,21.2
8508,Surat,2024.08.01,16:30,High,19.2
8509,Surat,2024.09.05,18:30,High,20.8
8510,Surat,09/17/2024,06:15,High,21.4
8511,Surat,18/03/2024,15:00,Low,44.6
8512,Surat,2023.11.29,17:30,Low,37.3
8513,Surat,06/08/2023,11:30,Moderate,24.4
8514,Surat,25/01/2023,21:30,Moderate,23.8
8515,Surat,03/02/2024,18:30,Low,33.0
8516,Surat,04/23/2023,20:00,Severe,3.0
8517,Surat,09/04/2023,04:30,Low,37.6
8518,Surat,22/01/2023,16:00,Moderate,26.1
8519,Surat,02/28/2024,11:45,Moderate,29.0
8520,Surat,2024.12.27,11:30,Moderate,23.5
8521,Surat,05-07-2023,21:15,Moderate,34.9
8522,Surat,2024-08-03,10:30,Moderate,30.3
8523,Surat,27-01-2023,16:00,High,18.8
8524,Surat,2023-07-15,20:00,Moderate,23.0
8525,Surat,2024.06.16,15:45,Moderate,30.6
8526,Surat,2023.10.27,18:00,High,22.9
8527,Surat,07/31/2023,18:00,High,19.6
8528,Surat,14/01/2024,20:00,Severe,3.0
8529,Surat,2023-10-13,04:15,Moderate,28.6
8530,Surat,24-05-2023,18:15,High,16.5
8531,Surat,04/10/2023,07:00,Moderate,30.3
8532,Surat,2024-09-16,18:15,High,8.7
8533,Surat,2024.03.11,18:45,High,12.9
8534,Surat,25-12-2024,07:00,Moderate,20.1
8535,Surat,10/28/2024,19:30,High,9.3
8536,Surat,09/01/2023,19:00,High,17.0
8537,Surat,12-07-2023,13:30,High,23.0
8538,Surat,2023.06.15,19:15,High,18.8
8539,Surat,28-04-2024,07:30,Low,41.1
8540,Surat,2024.08.26,17:00,Low,37.9
8541,Surat,2024-12-08,17:15,Low,37.0
8542,Surat,2023.05.03,02:45,High,12.1
8543,Surat,22-06-2024,19:30,Moderate,27.1
8544,Surat,2023-08-16,13:30,High,14.2
8545,Surat,12/27/2024,08:30,High,17.4
8546,Surat,04/02/2024,08:00,High,20.1
8547,Surat,15/06/2024,18:00,Low,32.0
8548,Surat,2024-03-30,17:00,Severe,3.0
8549,Surat,22-01-2023,21:45,Moderate,28.0
8550,Surat,05/27/2023,07:15,High,19.2
8551,Surat,12/31/2024,10:15,Moderate,32.8
8552,Surat,03/18/2023,19:30,Moderate,81.4
8553,Surat,21-07-2024,17:15,High,12.9
8554,Surat,05/21/2023,08:45,High,17.2
8555,Surat,03/10/2024,23:45,Low,98.0
8556,Surat,06/16/2024,06:15,Low,32.4
8557,Surat,02-06-2024,18:15,High,16.7
8558,Surat,2023.02.20,19:45,High,10.8
8559,Surat,13/09/2024,00:45,Severe,4.3
8560,Surat,03/01/2023,11:45,Low,33.8
8561,Surat,2023-10-23,18:15,Severe,15.0
8562,Surat,26/09/2024,17:30,Low,42.8
8563,Surat,2024-02-27,11:30,High,19.2
8564,Surat,2024.06.06,21:00,High,17.0
8565,Surat,2023.02.09,16:15,Low,35.2
8566,Surat,2024.03.22,12:45,High,9.4
8567,Surat,17/03/2023,07:45,Moderate,26.1
8568,Surat,2024-09-08,11:00,Moderate,21.1
8569,Surat,2023-10-28,09:15,Moderate,23.0
8570,Surat,18-10-2023,09:45,High,16.3
8571,Surat,2023.11.23,12:30,Low,41.4
8572,Surat,23/08/2023,06:00,Low,44.9
8573,Surat,2024-02-20,09:30,High,17.1
8574,Surat,2024-12-13,07:45,Moderate,22.1
8575,Surat,17-10-2024,19:00,High,16.7
8576,Surat,22/07/2023,08:15,High,13.2
8577,Surat,10/10/2023,07:45,Moderate,31.4
8578,Surat,2024-08-28,14:15,Severe,15.8
8579,Surat,05/08/2023,08:00,High,14.4
8580,Surat,02/04/2024,08:15,High,18.8
8581,Surat,2023-10-26,01:30,Low,43.4
8582,Surat,06/11/2024,18:45,High,12.6
8583,Surat,01-09-2024,13:30,High,10.2
8584,Surat,13/02/2023,13:45,High,3.0
8585,Surat,2023.03.24,13:45,High,20.0
8586,Surat,2023-04-15,18:45,High,15.8
8587,Surat,26/07/2023,13:45,Moderate,23.4
8588,Surat,04/09/2023,12:45,High,11.4
8589,Surat,20-03-2024,10:00,Low,36.8
8590,Surat,02/29/2024,07:00,Low,36.4
8591,Surat,28-05-2024,13:45,Low,36.2
8592,Surat,05/09/2024,14:15,Moderate,36.0
8593,Surat,2023.10.13,19:45,Severe,5.8
8594,Surat,2024.05.23,11:00,Moderate,32.4
8595,Surat,2023.01.10,18:30,High,18.5
8596,Surat,08/20/2024,06:15,Low,45.9
8597,Surat,11/13/2024,08:15,High,15.6
8598,Surat,2024.06.18,09:00,Severe,12.9
8599,Surat,2024.02.28,19:45,High,23.1
8600,Surat,07/01/2023,23:30,High,22.5
8601,Surat,2024-12-07,19:45,High,14.5
8602,Surat,2023.12.20,19:45,Severe,8.0
8603,Surat,13-01-2024,10:45,High,14.0
8604,Surat,09/10/2023,14:00,Low,36.7
8605,Surat,2023-02-23,18:30,Severe,5.1
8606,Surat,10/06/2024,16:45,High,11.5
8607,Surat,10-07-2023,10:45,High,16.6
8608,Surat,29-09-2023,18:00,Severe,14.8
8609,Surat,2024-03-17,09:45,High,17.9
8610,Surat,11/17/2023,12:45,Severe,4.1
8611,Surat,24-12-2023,07:00,High,17.3
8612,Surat,2023.06.14,19:30,High,21.0
8613,Surat,15-05-2023,15:45,Low,36.7
8614,Surat,2024.08.26,23:45,Low,31.3
8615,Surat,07-06-2024,10:00,Severe,13.1
8616,Surat,11/07/2024,17:45,Moderate,34.8
8617,Surat,21/05/2023,18:45,Low,42.5
8618,Surat,2024.09.07,19:00,Moderate,28.6
8619,Surat,10/02/2024,17:15,Moderate,37.9
8620,Surat,16/01/2024,19:30,Severe,8.5
8621,Surat,2023.10.29,23:30,Severe,9.5
8622,Surat,2023.02.12,09:00,High,19.6
8623,Surat,08-02-2023,15:00,Low,38.8
8624,Surat,2024.12.06,10:30,Moderate,-30.3
8625,Surat,16/01/2023,18:45,High,11.1
8626,Surat,2024.05.31,18:00,,17.6
8627,Surat,2023.10.03,19:45,High,20.2
8628,Surat,10/13/2023,18:45,High,16.2
8629,Surat,22-10-2024,13:30,Moderate,35.9
8630,Surat,01/01/2023,04:45,Low,41.8
8631,Surat,2023-11-17,20:00,High,16.2
8632,Surat,09/16/2024,08:45,High,26.0
8633,Surat,29/10/2024,10:00,Moderate,27.2
8634,Surat,06-12-2023,08:15,Moderate,27.7
8635,Surat,24/05/2024,08:45,Severe,3.0
8636,Surat,01/30/2023,10:15,Low,36.4
8637,Surat,2024.05.07,08:15,Severe,5.0
8638,Surat,2024.10.25,23:00,High,22.5
8639,Surat,07/09/2023,13:00,Low,39.9
8640,Surat,04/23/2024,19:00,Moderate,26.3
8641,Surat,2023.11.25,16:30,Low,42.4
8642,Surat,23/11/2024,08:45,High,16.4
8643,Surat,06/03/2024,06:45,Moderate,28.6
8644,Surat,2024.10.05,17:45,Moderate,27.1
8645,Surat,18-03-2024,16:00,High,21.1
8646,Surat,08/07/2023,07:00,Moderate,10.9
8647,Surat,11/03/2024,07:00,Moderate,17.3
8648,Surat,09/10/2023,11:00,High,13.6
8649,Surat,08/04/2023,21:00,Low,38.1
8650,Surat,2024.04.13,18:15,High,23.3
8651,Surat,2023-04-11,18:00,Severe,20.8
8652,Surat,2024.10.03,14:30,Moderate,22.6
8653,Surat,23/10/2024,13:45,Moderate,28.8
8654,Surat,17/12/2023,08:45,High,18.6
8655,Surat,2024.08.18,12:00,Moderate,20.1
8656,Surat,11/05/2023,08:30,High,20.0
8657,Surat,06/12/2023,13:45,Moderate,34.2
8658,Surat,25-01-2023,19:00,Moderate,23.4
8659,Surat,30-05-2024,04:15,Low,36.6
8660,Surat,2023-12-03,15:00,Moderate,26.5
8661,Surat,01/18/2024,06:30,Low,37.9
8662,Surat,2024.07.09,14:45,Moderate,20.9
8663,Surat,02/06/2023,14:45,Low,41.9
8664,Surat,23/03/2023,12:15,Low,39.3
8665,Surat,01/15/2024,01:45,Low,45.3
8666,Surat,2023.03.16,08:30,High,26.9
8667,Surat,03-04-2023,08:00,High,21.8
8668,Surat,11/24/2023,07:15,Low,30.6
8669,Surat,2024.04.03,13:00,Severe,7.3
8670,Surat,18-04-2023,18:00,Severe,11.2
8671,Surat,07-10-2023,18:15,High,15.0
8672,Surat,2023-05-11,03:00,Moderate,30.5
8673,Surat,2023-11-05,17:30,Moderate,30.0
8674,Surat,10/12/2024,16:15,High,19.4
8675,Surat,05/05/2023,14:30,Moderate,32.8
8676,Surat,2023.09.21,08:15,Severe,6.4
8677,Surat,2024.06.10,06:45,Moderate,27.0
8678,Surat,15-08-2023,17:00,Low,45.2
8679,Surat,15/05/2024,15:45,Moderate,25.4
8680,Surat,2023.12.26,12:45,Low,38.1
8681,Surat,27/05/2024,19:45,High,18.1
8682,Surat,27-07-2023,10:15,Severe,8.3
8683,Surat,2023.12.13,08:45,High,16.8
8684,Surat,2024.07.29,08:15,Severe,11.3
8685,Surat,21-02-2024,14:45,Moderate,21.2
8686,Surat,26-07-2023,08:30,Severe,5.5
8687,Surat,02-07-2024,08:30,Low,47.9
8688,Surat,2023.03.01,09:00,Severe,3.0
8689,Surat,19-03-2024,19:30,,25.3
8690,Surat,01/19/2023,07:30,High,14.8
8691,Surat,2024-08-14,18:30,High,6.1
8692,Surat,2023-04-02,04:45,Low,36.5
8693,Surat,18-01-2024,16:15,Low,41.8
8694,Surat,04-03-2023,16:45,Severe,8.4
8695,Surat,05/30/2024,09:00,Low,38.4
8696,Surat,02/01/2024,08:45,Severe,6.8
8697,Surat,2024-12-08,15:30,Low,41.5
8698,Surat,2023-01-29,18:30,Moderate,35.3
8699,Surat,07-10-2024,17:15,Severe,16.1
8700,Surat,14-02-2023,14:00,Moderate,18.2
8701,Surat,27-05-2024,22:00,Low,32.1
8702,Surat,2023-09-26,04:30,Moderate,21.3
8703,Surat,2024-05-21,20:15,High,21.5
8704,Surat,2024-08-13,07:30,High,13.8
8705,Surat,01/05/2024,12:30,High,23.5
8706,Surat,05/29/2024,18:15,High,24.9
8707,Surat,01/01/2023,12:45,Moderate,26.8
8708,Surat,05/29/2023,19:15,Moderate,24.0
8709,Surat,31-10-2023,13:30,Moderate,29.2
8710,Surat,08-03-2023,18:00,High,12.2
8711,Surat,03/22/2023,18:00,Low,38.6
8712,Surat,05/26/2024,05:00,Low,43.3
8713,Surat,24-09-2024,17:45,Low,33.9
8714,Surat,04/25/2024,09:00,Moderate,22.0
8715,Surat,20/11/2024,11:00,High,11.6
8716,Surat,27/02/2023,14:45,Moderate,26.7
8717,Surat,04/01/2024,19:45,High,15.4
8718,Surat,24-04-2023,08:00,Moderate,24.6
8719,Surat,10-03-2024,04:30,Moderate,32.4
8720,Surat,03/09/2024,07:00,Low,42.5
8721,Surat,26-02-2024,12:45,Low,32.1
8722,Surat,03/01/2023,08:45,Severe,9.5
8723,Surat,2024-09-08,12:30,Severe,8.9
8724,Surat,24/10/2023,19:15,High,13.4
8725,Surat,15/02/2024,20:45,High,7.5
8726,Surat,31/10/2023,20:30,High,21.7
8727,Surat,11/11/2023,06:30,Severe,4.7
8728,Surat,2024-10-15,17:30,High,13.5
8729,Surat,2023-12-04,16:15,Low,39.2
8730,Surat,2024.11.28,06:45,High,12.1
8731,Surat,21-06-2023,19:45,High,16.3
8732,Surat,02/29/2024,19:15,Severe,8.7
8733,Surat,2023-10-21,16:00,Low,36.8
8734,Surat,04/26/2023,16:15,High,15.5
8735,Surat,2024.02.09,17:30,Moderate,24.9
8736,Surat,2024.01.11,08:00,Low,37.4
8737,Surat,2024.08.26,19:00,Moderate,24.8
8738,Surat,2024.11.17,07:15,Severe,15.0
8739,Surat,2023-09-05,05:45,Low,37.1
8740,Surat,25-10-2023,18:45,High,12.6
8741,Surat,25/02/2024,23:00,Low,32.4
8742,Surat,04/10/2024,13:30,Low,32.4
8743,Surat,2024.03.14,14:45,High,13.1
8744,Surat,04/05/2024,11:15,Moderate,16.9
8745,Surat,2023-07-31,02:45,Low,30.7
8746,Surat,23/05/2023,16:30,High,12.2
8747,Surat,2023.12.16,05:15,High,11.1
8748,Surat,2023.01.21,09:15,High,18.3
8749,Surat,09/27/2024,17:30,Moderate,23.9
8750,Surat,2023.01.25,18:15,High,25.1
8751,Surat,18-07-2023,01:45,Moderate,26.0
8752,Surat,04/05/2023,21:00,High,13.9
8753,Surat,2023.09.26,14:00,Moderate,24.7
8754,Surat,02/01/2023,10:15,Low,39.4
8755,Surat,2024.08.28,08:15,High,16.9
8756,Surat,2024-08-05,06:30,,43.9
8757,Surat,11-01-2023,19:45,High,13.9
8758,Surat,2024-01-03,21:00,Moderate,30.3
8759,Surat,30-11-2024,14:15,Moderate,26.6
8760,Surat,29/06/2024,19:00,Severe,3.2
8761,Surat,23-09-2024,18:30,,16.5
8762,Surat,2023-10-03,11:45,Moderate,34.4
8763,Surat,2024-03-03,06:00,Low,42.4
8764,Surat,2024.10.26,17:30,Low,51.6
8765,Surat,2024.03.16,16:45,Low,47.0
8766,Surat,2024.11.14,08:15,Moderate,30.5
8767,Surat,2023-02-22,14:15,Severe,11.0
8768,Surat,04/10/2024,16:15,High,3.9
8769,Surat,06/05/2024,18:30,Severe,10.3
8770,Surat,16/11/2023,19:15,High,23.6
8771,Surat,23/09/2024,08:45,Severe,10.8
8772,Surat,2023.02.10,18:30,High,20.8
8773,Surat,08/09/2023,20:45,Low,33.7
8774,Surat,16-05-2024,17:45,Moderate,25.5
8775,Nagpur,2024-12-10,15:15,Low,43.7
8776,Nagpur,2023-07-30,11:00,High,17.0
8777,Nagpur,10-10-2023,15:00,Low,42.6
8778,Nagpur,2024-11-12,05:45,Low,36.2
8779,Nagpur,10/26/2024,07:00,Moderate,36.6
8780,Nagpur,26-07-2023,20:30,Moderate,-32.4
8781,Nagpur,2024-08-31,18:15,High,16.7
8782,Nagpur,2023.05.13,08:00,High,8.4
8783,Nagpur,2024-12-09,23:00,Moderate,29.0
8784,Nagpur,2024.08.11,18:30,High,25.3
8785,Nagpur,10/17/2023,20:45,High,23.2
8786,Nagpur,03/05/2024,17:45,Severe,3.0
8787,Nagpur,2023.11.10,17:15,Low,39.7
8788,Nagpur,2023.07.02,09:45,Moderate,26.2
8789,Nagpur,2024-05-10,06:00,High,15.9
8790,Nagpur,16-08-2023,07:15,Moderate,18.6
8791,Nagpur,27/02/2023,17:30,Moderate,27.3
8792,Nagpur,2023.02.25,07:00,Low,31.0
8793,Nagpur,06/21/2024,22:00,Moderate,23.6
8794,Nagpur,06/06/2024,15:15,Low,38.2
8795,Nagpur,2024-01-28,18:30,Moderate,25.5
8796,Nagpur,2023.03.09,18:30,High,15.7
8797,Nagpur,21-02-2024,16:00,High,14.9
8798,Nagpur,07/14/2024,16:30,Low,39.1
8799,Nagpur,2023.10.11,15:15,High,26.7
8800,Nagpur,05/03/2023,12:15,High,19.6
8801,Nagpur,15/12/2023,18:30,Moderate,28.2
8802,Nagpur,09/03/2023,08:30,High,12.5
8803,Nagpur,2024.02.10,18:00,High,8.9
8804,Nagpur,19-10-2024,19:00,High,20.2
8805,Nagpur,31/08/2024,05:30,Moderate,26.8
8806,Nagpur,10/01/2024,18:00,High,12.8
8807,Nagpur,01/02/2024,23:15,Moderate,30.5
8808,Nagpur,14-02-2024,12:30,Moderate,24.7
8809,Nagpur,25-11-2024,12:15,Severe,10.6
8810,Nagpur,10/14/2024,19:15,,14.3
8811,Nagpur,2024-06-28,19:45,Severe,13.4
8812,Nagpur,24/10/2023,09:00,High,20.1
8813,Nagpur,2024.04.28,15:15,Moderate,25.1
8814,Nagpur,2024.10.08,19:00,Severe,3.8
8815,Nagpur,01/13/2024,18:15,High,14.0
8816,Nagpur,08/01/2024,16:45,Low,30.9
8817,Nagpur,01-07-2024,12:00,Moderate,28.0
8818,Nagpur,17/01/2024,19:15,Low,40.4
8819,Nagpur,06/01/2023,17:30,Low,35.3
8820,Nagpur,2024-05-24,17:00,Severe,10.9
8821,Nagpur,03/06/2023,10:00,Low,38.7
8822,Nagpur,05-07-2023,16:45,Severe,12.2
8823,Nagpur,2023.11.21,12:00,Moderate,31.1
8824,Nagpur,2024.04.10,17:00,Moderate,29.1
8825,Nagpur,05/28/2024,07:30,Low,37.9
8826,Nagpur,2024-06-07,20:45,High,15.4
8827,Nagpur,04/08/2024,16:30,Severe,6.0
8828,Nagpur,11-01-2024,18:30,High,10.9
8829,Nagpur,05/14/2023,18:00,Severe,8.9
8830,Nagpur,11-01-2023,17:30,High,20.5
8831,Nagpur,2023-01-11,18:45,High,22.3
8832,Nagpur,08/02/2023,00:15,Moderate,21.9
8833,Nagpur,06/02/2023,16:30,Moderate,23.9
8834,Nagpur,2024.10.25,09:00,Severe,8.5
8835,Nagpur,11/12/2023,07:00,Low,40.0
8836,Nagpur,05/03/2024,10:45,Low,32.0
8837,Nagpur,31-10-2024,18:45,High,20.9
8838,Nagpur,03/10/2023,14:15,Moderate,18.3
8839,Nagpur,12/07/2024,19:00,Severe,15.1
8840,Nagpur,2023-03-14,20:00,Moderate,25.3
8841,Nagpur,27/02/2023,07:45,High,20.5
8842,Nagpur,07/06/2023,18:45,Severe,4.7
8843,Nagpur,2024.10.24,19:15,Severe,13.7
8844,Nagpur,12/01/2024,09:45,High,101.3
8845,Nagpur,2023-11-13,20:45,Severe,3.0
8846,Nagpur,2024.01.16,20:00,High,8.2
8847,Nagpur,01-12-2023,11:00,Moderate,25.5
8848,Nagpur,2023.11.06,11:00,Moderate,26.7
8849,Nagpur,17/09/2023,15:45,Low,-47.7
8850,Nagpur,10/14/2024,14:15,Low,42.1
8851,Nagpur,2023-11-11,11:00,Moderate,23.6
8852,Nagpur,16-04-2024,09:45,High,13.8
8853,Nagpur,2023.06.21,15:45,Severe,17.0
8854,Nagpur,15/11/2024,19:15,High,12.8
8855,Nagpur,2023.05.01,17:15,Moderate,27.4
8856,Nagpur,12/23/2024,12:45,Low,37.0
8857,Nagpur,26/07/2023,13:15,Severe,8.3
8858,Nagpur,05/20/2023,11:00,Low,29.6
8859,Nagpur,02-05-2024,09:45,High,12.0
8860,Nagpur,10/11/2023,03:30,High,12.3
8861,Nagpur,13/03/2024,08:15,High,11.9
8862,Nagpur,2023-07-14,16:15,Severe,12.2
8863,Nagpur,2024.01.22,08:00,High,19.8
8864,Nagpur,04/25/2023,20:15,High,17.3
8865,Nagpur,2024-12-05,21:45,Moderate,26.6
8866,Nagpur,22-03-2023,08:00,Moderate,29.2
8867,Nagpur,2023-03-04,08:45,High,14.9
8868,Nagpur,2023.02.11,19:45,Severe,8.6
8869,Nagpur,09-11-2023,09:45,High,27.8
8870,Nagpur,08/08/2024,12:45,High,13.6
8871,Nagpur,2024.07.02,20:00,Low,37.6
8872,Nagpur,06/25/2024,18:45,Moderate,27.2
8873,Nagpur,07-12-2024,06:30,Moderate,29.1
8874,Nagpur,15/09/2024,11:30,Moderate,28.7
8875,Nagpur,2023-07-29,10:30,Low,38.8
8876,Nagpur,2023.09.04,16:15,Severe,18.1
8877,Nagpur,2024-09-16,08:15,High,3.0
8878,Nagpur,2023.10.07,07:15,Low,109.4
8879,Nagpur,15-09-2024,04:30,Low,34.1
8880,Nagpur,07/11/2023,08:15,Severe,3.0
8881,Nagpur,2024-08-09,07:15,Moderate,39.2
8882,Nagpur,2024.11.18,12:30,Severe,3.4
8883,Nagpur,02/27/2024,09:15,High,23.5
8884,Nagpur,09/22/2023,08:30,High,14.7
8885,Nagpur,15/11/2024,19:15,High,12.2
8886,Nagpur,17/09/2023,14:15,Low,46.7
8887,Nagpur,02/01/2024,08:15,High,13.6
8888,Nagpur,2024.11.08,17:15,Low,38.6
8889,Nagpur,05/08/2024,16:45,Moderate,24.5
8890,Nagpur,11-09-2023,17:15,High,11.3
8891,Nagpur,13/03/2023,14:45,Moderate,40.9
8892,Nagpur,01/07/2023,18:00,Moderate,31.5
8893,Nagpur,2024.03.24,09:30,High,9.2
8894,Nagpur,2024-08-06,11:00,Low,42.3
8895,Nagpur,2024-04-26,19:30,High,12.3
8896,Nagpur,13-02-2024,18:00,Severe,15.0
8897,Nagpur,10/11/2023,08:45,High,9.6
8898,Nagpur,2023.07.03,17:15,Moderate,30.6
8899,Nagpur,12/01/2024,10:00,Low,28.5
8900,Nagpur,08/15/2024,10:00,Low,38.2
8901,Nagpur,2024-02-22,18:00,High,20.9
8902,Nagpur,2024-12-16,21:15,Moderate,21.1
8903,Nagpur,2024.03.12,10:00,Severe,3.0
8904,Nagpur,05/16/2023,07:00,High,13.3
8905,Nagpur,2024-05-09,18:15,High,16.7
8906,Nagpur,2024-04-04,08:15,Moderate,24.5
8907,Nagpur,2024-09-26,12:00,Low,44.9
8908,Nagpur,2024-07-31,12:30,Moderate,25.5
8909,Nagpur,14/08/2023,18:00,Severe,7.1
8910,Nagpur,12/06/2023,06:00,High,16.0
8911,Nagpur,14/05/2023,03:00,Low,47.1
8912,Nagpur,2023-07-06,17:15,Severe,100.8
8913,Nagpur,13-09-2024,06:00,Low,39.0
8914,Nagpur,2024-01-30,17:00,Moderate,34.6
8915,Nagpur,12/23/2023,19:00,High,14.8
8916,Nagpur,2023-04-25,11:45,High,12.6
8917,Nagpur,07-03-2023,18:15,High,9.3
8918,Nagpur,2024.12.04,18:00,High,13.0
8919,Nagpur,2023-04-26,09:45,Moderate,15.9
8920,Nagpur,12-06-2023,12:30,Low,27.1
8921,Nagpur,12/27/2023,08:00,Severe,12.6
8922,Nagpur,2023-08-02,11:45,Moderate,29.3
8923,Nagpur,10/07/2024,21:30,Moderate,24.5
8924,Nagpur,28/09/2024,11:45,Moderate,19.2
8925,Nagpur,23/12/2023,17:45,Severe,5.9
8926,Nagpur,2023-03-17,14:45,Low,44.6
8927,Nagpur,05/05/2024,16:30,High,20.0
8928,Nagpur,26-12-2023,08:45,Moderate,24.9
8929,Nagpur,2023.10.12,16:00,High,18.6
8930,Nagpur,06-02-2023,18:00,Severe,7.3
8931,Nagpur,03/07/2023,18:15,High,19.5
8932,Nagpur,10/18/2023,16:45,Severe,9.8
8933,Nagpur,02/09/2023,06:00,Low,45.5
8934,Nagpur,2024.02.26,13:45,Low,35.5
8935,Nagpur,2023-10-19,18:00,Severe,5.3
8936,Nagpur,23/04/2024,08:00,High,20.4
8937,Nagpur,2023-03-12,16:15,High,12.7
8938,Nagpur,19-01-2023,16:45,Low,31.3
8939,Nagpur,19/08/2023,09:30,Severe,11.1
8940,Nagpur,2023.07.19,15:30,Severe,3.0
8941,Nagpur,2024-03-21,20:00,Moderate,31.1
8942,Nagpur,13/09/2023,12:45,High,16.0
8943,Nagpur,08/08/2023,09:00,High,17.0
8944,Nagpur,05/14/2024,07:00,High,7.0
8945,Nagpur,2024.10.29,00:30,Low,46.1
8946,Nagpur,2023-08-19,21:00,Low,40.6
8947,Nagpur,06/27/2023,12:15,Moderate,97.6
8948,Nagpur,28/04/2023,16:00,Low,40.7
8949,Nagpur,03/07/2023,18:30,High,14.5
8950,Nagpur,21-10-2024,02:15,Low,32.1
8951,Nagpur,11/30/2023,08:30,Severe,3.4
8952,Nagpur,2023-12-06,09:30,Severe,3.0
8953,Nagpur,01/08/2023,12:15,Moderate,35.1
8954,Nagpur,11/06/2023,12:45,High,13.8
8955,Nagpur,2024-07-21,10:00,High,18.7
8956,Nagpur,31/05/2023,19:15,High,13.9
8957,Nagpur,2023.04.20,23:45,Moderate,32.6
8958,Nagpur,2023-10-13,12:45,High,8.8
8959,Nagpur,2023.04.26,18:30,Severe,10.3
8960,Nagpur,04/06/2023,07:30,Low,31.3
8961,Nagpur,2024.05.09,01:45,,27.9
8962,Nagpur,29/11/2024,20:15,High,15.8
8963,Nagpur,21/12/2023,07:45,High,17.8
8964,Nagpur,31-05-2024,13:15,Moderate,40.4
8965,Nagpur,03-07-2024,18:30,High,21.4
8966,Nagpur,01/02/2024,10:30,Low,31.7
8967,Nagpur,2023.09.15,06:45,Moderate,32.2
8968,Nagpur,17/01/2024,18:45,High,15.1
8969,Nagpur,2023-01-31,08:00,Moderate,33.8
8970,Nagpur,01/07/2023,21:30,Moderate,29.7
8971,Nagpur,2024-03-01,13:15,Moderate,-23.5
8972,Nagpur,19-11-2024,12:15,Moderate,24.9
8973,Nagpur,2023-11-27,09:45,Moderate,23.9
8974,Nagpur,06/29/2023,19:00,High,11.1
8975,Nagpur,2024.04.15,16:30,Moderate,28.4
8976,Nagpur,26/04/2023,20:30,High,21.8
8977,Nagpur,04/22/2024,04:30,High,16.6
8978,Nagpur,2023.12.01,20:30,Moderate,25.5
8979,Nagpur,2024-09-12,12:45,Low,38.7
8980,Nagpur,09/01/2024,06:15,Severe,6.2
8981,Nagpur,2024.05.26,18:45,Severe,5.2
8982,Nagpur,2023-05-21,08:15,Moderate,31.8
8983,Nagpur,04/03/2024,08:45,Severe,6.5
8984,Nagpur,2024.03.28,17:00,Low,37.7
8985,Nagpur,2024.07.20,12:15,Severe,8.5
8986,Nagpur,29-03-2023,17:30,Moderate,28.8
8987,Nagpur,2024-12-02,15:15,Moderate,30.4
8988,Nagpur,2024-06-18,11:45,Low,43.1
8989,Nagpur,01-05-2024,08:00,Moderate,21.3
8990,Nagpur,2023.06.22,18:15,Severe,8.0
8991,Nagpur,11/09/2023,07:45,High,16.4
8992,Nagpur,2024-03-03,18:30,Low,35.4
8993,Nagpur,11/14/2023,18:45,Severe,3.0
8994,Nagpur,2023-06-07,21:45,Moderate,41.9
8995,Nagpur,01/08/2023,04:30,Low,27.8
8996,Nagpur,04-11-2023,07:15,Moderate,31.2
8997,Nagpur,2024.12.19,19:15,Severe,8.7
8998,Nagpur,08-01-2024,17:00,High,15.1
8999,Nagpur,03-03-2024,09:15,High,16.3
9000,Nagpur,15-02-2023,07:00,Moderate,30.2
9001,Nagpur,2024-07-04,13:00,Severe,8.7
9002,Nagpur,10-11-2023,11:30,Moderate,28.8
9003,Nagpur,2023-02-08,19:00,,21.2
9004,Nagpur,22-06-2023,11:00,Moderate,25.7
9005,Nagpur,2023-08-19,21:15,Moderate,27.8
9006,Nagpur,2023.04.25,20:15,High,21.4
9007,Nagpur,2023.12.07,08:15,High,21.4
9008,Nagpur,2023-08-25,19:30,High,12.3
9009,Nagpur,08/14/2023,14:30,Moderate,34.2
9010,Nagpur,07/20/2024,13:15,High,14.0
9011,Nagpur,2024.08.22,10:15,Moderate,22.3
9012,Nagpur,03/19/2024,19:30,High,10.4
9013,Nagpur,02-01-2024,13:15,Low,38.3
9014,Nagpur,22-09-2024,20:45,Severe,3.6
9015,Nagpur,2024.03.29,17:45,Low,40.4
9016,Nagpur,21/11/2023,17:45,Moderate,25.0
9017,Nagpur,2023-04-25,04:45,Moderate,24.9
9018,Nagpur,29-09-2023,05:15,Moderate,37.2
9019,Nagpur,11/02/2023,18:45,High,16.7
9020,Nagpur,2023-04-13,11:15,Low,43.0
9021,Nagpur,2023-07-29,10:30,Low,28.0
9022,Nagpur,02-02-2024,17:00,Low,30.6
9023,Nagpur,01/05/2023,09:30,Moderate,33.2
9024,Nagpur,2024-01-14,12:30,Moderate,32.8
9025,Nagpur,2023.05.21,19:15,Severe,6.1
9026,Nagpur,23/03/2024,02:15,Low,42.9
9027,Nagpur,2023-05-20,17:15,High,15.0
9028,Nagpur,27-09-2023,06:30,Moderate,32.9
9029,Nagpur,2023.11.12,03:45,High,17.5
9030,Nagpur,2024-10-05,07:45,Low,34.5
9031,Nagpur,2024.06.19,15:00,High,10.6
9032,Nagpur,31/08/2023,21:00,Severe,5.2
9033,Nagpur,2024.11.25,19:15,Severe,3.0
9034,Nagpur,2024.05.21,21:45,,12.9
9035,Nagpur,2024-11-07,08:00,High,16.9
9036,Nagpur,29-03-2023,15:15,Low,33.3
9037,Nagpur,11/28/2024,19:15,Moderate,20.5
9038,Nagpur,2024.12.24,09:45,Low,28.4
9039,Nagpur,2024.12.29,20:15,Severe,17.8
9040,Nagpur,09/07/2023,16:45,Low,41.8
9041,Nagpur,05-01-2024,16:00,,45.5
9042,Nagpur,2024-08-22,02:45,Low,38.4
9043,Nagpur,2023-10-30,12:30,Moderate,23.6
9044,Nagpur,2024.11.09,08:30,High,24.6
9045,Nagpur,27/01/2024,09:45,Moderate,30.9
9046,Nagpur,03/24/2024,04:15,Moderate,27.7
9047,Nagpur,2023-07-02,18:00,Moderate,23.5
9048,Nagpur,05/12/2024,08:15,High,16.5
9049,Nagpur,2023-02-05,17:45,Low,27.9
9050,Nagpur,07/10/2024,13:15,Low,29.8
9051,Nagpur,22-11-2024,17:30,Low,35.5
9052,Nagpur,23-01-2023,14:30,Severe,4.8
9053,Nagpur,2023.05.20,07:45,Severe,5.1
9054,Nagpur,2024.07.08,10:30,Low,35.0
9055,Nagpur,03/04/2024,08:45,High,9.9
9056,Nagpur,2023-06-07,15:45,Low,41.6
9057,Nagpur,10/08/2024,17:45,Severe,8.7
9058,Nagpur,2023.05.12,21:15,Moderate,24.3
9059,Nagpur,2023-12-15,13:45,Moderate,19.6
9060,Nagpur,09/23/2024,08:30,High,11.8
9061,Nagpur,13/03/2023,18:15,Severe,4.1
9062,Nagpur,05/02/2024,08:45,Severe,11.1
9063,Nagpur,02/13/2023,19:15,Severe,3.0
9064,Nagpur,2023-08-11,10:30,Low,33.2
9065,Nagpur,13/07/2023,12:15,Severe,15.3
9066,Nagpur,01/02/2023,10:30,Moderate,27.3
9067,Nagpur,05/06/2024,15:45,Low,44.4
9068,Nagpur,2024.08.20,11:45,Moderate,20.2
9069,Nagpur,09-03-2024,09:00,High,13.3
9070,Nagpur,2024-11-17,01:15,Low,28.4
9071,Nagpur,2024.05.23,23:45,Low,36.6
9072,Nagpur,2023.01.17,02:15,Moderate,24.4
9073,Nagpur,29/11/2024,09:45,High,7.6
9074,Nagpur,2023-10-23,08:45,Severe,4.0
9075,Nagpur,05-11-2023,19:15,Severe,13.0
9076,Nagpur,21/12/2024,17:30,Moderate,21.5
9077,Nagpur,14/10/2024,16:45,Low,41.5
9078,Nagpur,04-11-2024,22:15,Moderate,92.1
9079,Nagpur,2023-01-04,21:45,High,12.8
9080,Nagpur,15-04-2024,17:00,Moderate,24.5
9081,Nagpur,2023-01-12,10:45,High,22.0
9082,Nagpur,2023-03-29,21:30,High,13.6
9083,Nagpur,16/06/2023,12:30,Moderate,23.0
9084,Nagpur,09/20/2024,07:15,Moderate,30.3
9085,Nagpur,09/30/2023,15:45,Moderate,21.0
9086,Nagpur,04/19/2024,13:30,Moderate,31.6
9087,Nagpur,2024.06.22,08:00,Severe,8.0
9088,Nagpur,08-04-2024,21:30,Moderate,25.0
9089,Nagpur,17-06-2023,02:45,Low,42.0
9090,Nagpur,2023.06.07,19:15,High,33.7
9091,Nagpur,05/27/2024,07:30,High,17.1
9092,Nagpur,2024.10.22,11:00,Moderate,25.9
9093,Nagpur,20/10/2023,10:00,High,24.6
9094,Nagpur,14-01-2024,03:45,Low,42.1
9095,Nagpur,02/10/2024,13:45,Low,44.4
9096,Nagpur,2023-02-09,08:30,Low,44.2
9097,Nagpur,2024-03-10,14:00,Moderate,24.5
9098,Nagpur,02-12-2024,19:45,Severe,-3.0
9099,Nagpur,09/25/2023,18:00,Severe,10.0
9100,Nagpur,2023-07-12,21:30,Moderate,27.4
9101,Nagpur,2023-10-21,07:30,Moderate,30.6
9102,Nagpur,16/04/2023,04:15,Moderate,39.1
9103,Nagpur,06/30/2023,22:00,Moderate,25.2
9104,Nagpur,06/03/2024,18:45,Severe,15.2
9105,Nagpur,27/08/2024,18:00,High,21.1
9106,Nagpur,2023.10.14,09:15,High,11.3
9107,Nagpur,03/24/2023,21:30,High,18.5
9108,Nagpur,08-06-2023,09:30,High,13.8
9109,Nagpur,2023.05.16,06:00,Low,35.8
9110,Nagpur,09/01/2024,12:15,Moderate,35.7
9111,Nagpur,27-02-2023,08:00,High,14.6
9112,Nagpur,02/01/2023,22:45,High,18.3
9113,Nagpur,10/09/2023,20:30,Moderate,20.4
9114,Nagpur,13-04-2024,18:30,Severe,9.5
9115,Nagpur,2024-01-28,17:45,Severe,9.6
9116,Nagpur,2024.07.01,19:30,Low,37.2
9117,Nagpur,21/01/2023,13:30,Low,39.0
9118,Nagpur,2023.04.25,09:30,Severe,4.6
9119,Nagpur,2024.08.15,06:00,High,13.8
9120,Nagpur,2024-04-03,08:30,High,21.4
9121,Nagpur,03/09/2024,11:30,High,18.6
9122,Nagpur,02/16/2023,19:15,High,16.4
9123,Nagpur,19/01/2024,20:15,High,23.0
9124,Nagpur,2023-03-25,08:45,,110.5
9125,Nagpur,04/08/2024,18:30,Low,33.3
9126,Nagpur,09-10-2024,21:45,High,14.4
9127,Nagpur,2024-11-17,20:45,High,15.0
9128,Nagpur,2024.01.25,13:15,Low,33.8
9129,Nagpur,2023-07-08,12:45,High,18.3
9130,Nagpur,2023-04-29,20:00,Severe,3.0
9131,Nagpur,2023.10.07,17:00,Low,42.4
9132,Nagpur,28-02-2024,16:30,High,25.5
9133,Nagpur,01/16/2023,10:30,Low,43.9
9134,Nagpur,22/05/2023,10:30,Severe,9.7
9135,Nagpur,10/07/2024,18:45,High,9.9
9136,Nagpur,2024.06.01,06:15,High,8.8
9137,Nagpur,2024.12.29,12:30,Low,43.4
9138,Nagpur,02/10/2024,16:15,Low,26.5
9139,Nagpur,2024.03.13,07:45,,11.0
9140,Nagpur,2024.09.01,12:00,Moderate,30.4
9141,Nagpur,10/20/2023,18:30,High,13.6
9142,Nagpur,24/01/2024,16:00,Low,32.3
9143,Nagpur,2023.05.03,17:45,High,4.7
9144,Nagpur,2024-04-07,22:00,High,19.6
9145,Nagpur,26-03-2024,14:15,Low,32.9
9146,Nagpur,2023-02-14,08:30,Moderate,27.4
9147,Nagpur,2023.06.10,15:45,Low,34.4
9148,Nagpur,20/01/2024,07:30,Moderate,25.9
9149,Nagpur,22/01/2023,10:30,Moderate,36.9
9150,Nagpur,16-08-2023,17:30,Moderate,27.7
9151,Nagpur,22/07/2024,19:00,Moderate,33.3
9152,Nagpur,2023-12-07,07:45,Low,114.2
9153,Nagpur,2023-06-24,08:30,Moderate,22.0
9154,Nagpur,05/20/2023,13:30,High,27.5
9155,Nagpur,10/12/2023,07:00,Moderate,23.7
9156,Nagpur,2024-01-06,08:45,High,7.3
9157,Nagpur,02/02/2023,14:15,High,17.7
9158,Nagpur,31-05-2024,18:15,Severe,3.0
9159,Nagpur,2024-02-14,17:00,Moderate,29.9
9160,Nagpur,10/03/2023,13:45,Moderate,29.0
9161,Nagpur,25-10-2023,07:15,Low,35.8
9162,Nagpur,24/08/2023,22:45,Moderate,25.6
9163,Nagpur,2024-07-08,17:45,Low,35.7
9164,Nagpur,28/05/2024,16:30,Moderate,25.5
9165,Nagpur,08/06/2024,19:00,High,106.4
9166,Nagpur,12/29/2023,17:15,Low,43.6
9167,Nagpur,01/07/2023,16:15,Low,36.6
9168,Nagpur,18-10-2023,13:30,Low,45.7
9169,Nagpur,26-11-2023,08:30,Moderate,28.5
9170,Nagpur,11/11/2023,17:45,Moderate,24.2
9171,Nagpur,2024-01-04,17:00,Low,38.3
9172,Nagpur,23/02/2024,20:15,Moderate,27.3
9173,Nagpur,05-07-2023,17:15,Moderate,18.4
9174,Nagpur,26-03-2024,08:15,Severe,3.0
9175,Nagpur,08/10/2024,08:00,Low,49.5
9176,Nagpur,10/16/2023,10:45,Low,31.7
9177,Nagpur,09/06/2024,18:45,High,9.5
9178,Nagpur,15-08-2023,18:45,Low,38.4
9179,Nagpur,10/13/2024,14:30,Low,36.1
9180,Nagpur,20-09-2024,09:45,Severe,3.8
9181,Nagpur,10/13/2024,09:30,Moderate,22.2
9182,Nagpur,2024-01-17,19:00,Severe,9.2
9183,Nagpur,2023-10-03,17:15,Low,41.3
9184,Nagpur,19/11/2024,10:15,High,10.5
9185,Nagpur,10-11-2024,09:45,High,11.9
9186,Nagpur,2023.02.03,06:30,,27.7
9187,Nagpur,2023-07-20,12:30,Low,37.7
9188,Nagpur,06/01/2023,08:00,High,17.7
9189,Nagpur,21/12/2023,14:30,Low,31.9
9190,Nagpur,04-04-2023,12:30,High,18.1
9191,Nagpur,10/10/2023,19:30,Severe,8.9
9192,Nagpur,06/14/2024,11:30,Moderate,18.1
9193,Nagpur,01/19/2023,12:30,Moderate,28.7
9194,Nagpur,21/04/2023,09:00,High,15.0
9195,Nagpur,2023-12-29,11:15,Low,37.6
9196,Nagpur,2024-10-29,17:00,Low,39.5
9197,Nagpur,09/17/2023,09:15,Moderate,22.2
9198,Nagpur,21/09/2024,08:45,Moderate,33.4
9199,Nagpur,24/04/2023,10:45,Moderate,22.4
9200,Nagpur,05/14/2023,14:30,High,31.0
9201,Nagpur,2024.04.20,16:15,Low,34.7
9202,Nagpur,31-07-2024,02:15,Low,41.5
9203,Nagpur,2023-05-18,12:30,Moderate,21.8
9204,Nagpur,2024-06-25,17:30,Low,27.4
9205,Nagpur,2024.01.09,14:00,High,13.3
9206,Nagpur,07/13/2023,18:30,Moderate,24.2
9207,Nagpur,2023-04-23,11:30,Moderate,28.4
9208,Nagpur,2024.11.06,19:45,High,16.2
9209,Nagpur,05/20/2023,17:15,Severe,6.9
9210,Nagpur,2023.07.28,20:30,Severe,8.6
9211,Nagpur,2023-11-14,18:00,Severe,14.1
9212,Nagpur,2024.08.13,09:45,High,25.3
9213,Nagpur,2024-04-01,12:00,Moderate,28.9
9214,Nagpur,26/05/2023,19:15,High,18.7
9215,Nagpur,2024.03.10,16:30,Low,29.3
9216,Nagpur,14-02-2023,13:30,Low,27.2
9217,Nagpur,2024.12.30,14:45,Moderate,26.0
9218,Nagpur,06/10/2023,18:30,High,18.2
9219,Nagpur,2023.09.13,18:00,Severe,3.0
9220,Nagpur,2024-06-17,19:45,Moderate,33.1
9221,Nagpur,2024.11.18,10:00,Moderate,31.7
9222,Nagpur,2023.10.05,15:15,Moderate,33.1
9223,Nagpur,2024-05-14,07:15,Low,33.0
9224,Nagpur,27-11-2023,04:30,Low,39.0
9225,Nagpur,05-05-2023,17:45,High,19.2
9226,Nagpur,2023-04-25,15:00,Moderate,29.1
9227,Nagpur,09/03/2024,10:15,High,14.4
9228,Nagpur,06/09/2023,06:15,High,5.8
9229,Nagpur,20/12/2023,01:45,Low,42.3
9230,Nagpur,22/09/2024,19:30,Moderate,27.8
9231,Nagpur,22-12-2024,20:30,Severe,8.4
9232,Nagpur,11/01/2024,21:15,Moderate,30.8
9233,Nagpur,11-02-2024,22:45,Low,35.5
9234,Nagpur,06/11/2023,16:00,Severe,3.0
9235,Nagpur,2024-06-03,07:00,Low,43.1
9236,Nagpur,20-08-2023,02:00,Severe,4.3
9237,Nagpur,23/02/2024,08:45,Severe,7.9
9238,Nagpur,2024.01.13,06:45,Severe,8.6
9239,Nagpur,09/23/2024,10:30,Moderate,29.6
9240,Nagpur,24/11/2023,15:15,Low,38.9
9241,Nagpur,08/05/2023,08:00,Severe,5.7
9242,Nagpur,2023-05-01,21:30,Severe,15.7
9243,Nagpur,07-06-2023,15:30,Moderate,84.4
9244,Nagpur,2023.02.14,07:15,Moderate,21.2
9245,Nagpur,2024-04-07,09:45,High,7.3
9246,Nagpur,29/08/2023,17:00,High,14.3
9247,Nagpur,04/19/2023,20:00,Severe,7.3
9248,Nagpur,2023-05-21,15:30,Moderate,24.6
9249,Nagpur,07/08/2023,16:15,Moderate,25.9
9250,Nagpur,2024-09-12,08:15,Severe,11.9
9251,Nagpur,02-02-2024,09:00,High,4.6
9252,Nagpur,2023-09-13,20:30,High,24.3
9253,Nagpur,06/04/2023,22:30,Low,48.2
9254,Nagpur,10-10-2023,19:00,Severe,3.0
9255,Nagpur,16/09/2024,12:00,Moderate,22.7
9256,Nagpur,2023.06.23,08:30,Severe,3.0
9257,Nagpur,2023-03-05,17:15,High,6.6
9258,Nagpur,2023.09.04,18:00,Moderate,22.5
9259,Nagpur,2024-05-30,18:30,Severe,14.3
9260,Nagpur,10/09/2023,14:15,Low,37.2
9261,Nagpur,26-03-2024,16:30,Low,28.3
9262,Nagpur,12/21/2023,08:00,High,13.7
9263,Nagpur,10-11-2024,23:15,Moderate,27.9
9264,Nagpur,03/16/2023,06:30,Low,33.3
9265,Nagpur,03/05/2023,08:30,High,11.2
9266,Nagpur,14-02-2023,14:45,Severe,7.4
9267,Nagpur,07/22/2024,09:30,Moderate,24.0
9268,Nagpur,17/10/2023,18:45,Severe,15.0
9269,Nagpur,12/02/2023,06:30,Low,39.3
9270,Nagpur,07-12-2023,18:30,Severe,4.9
9271,Nagpur,30/06/2023,22:45,Moderate,20.7
9272,Nagpur,04/08/2024,19:45,High,18.0
9273,Nagpur,10/09/2024,19:00,Severe,16.8
9274,Nagpur,25-04-2023,09:15,Severe,7.9
9275,Nagpur,2024.03.04,09:15,Severe,3.6
9276,Nagpur,09/03/2024,13:45,Low,44.1
9277,Nagpur,10/16/2024,08:45,Severe,10.7
9278,Nagpur,10-06-2024,17:15,Moderate,29.4
9279,Nagpur,12-03-2024,09:15,Severe,3.0
9280,Nagpur,31/10/2023,14:45,Moderate,29.8
9281,Nagpur,19-07-2023,14:30,Low,37.1
9282,Nagpur,10/26/2024,08:45,Low,37.7
9283,Nagpur,17-09-2023,18:00,Severe,13.2
9284,Nagpur,07/11/2023,08:45,Severe,5.1
9285,Nagpur,11/20/2024,10:15,High,32.7
9286,Nagpur,26-04-2024,18:45,Severe,3.0
9287,Nagpur,05/01/2024,19:30,Severe,3.0
9288,Nagpur,2024.08.10,07:45,Severe,7.8
9289,Nagpur,2024-08-09,09:15,Moderate,28.3
9290,Nagpur,24-05-2023,08:45,High,13.1
9291,Nagpur,08/27/2024,12:00,Moderate,24.0
9292,Nagpur,2023-02-09,12:45,Moderate,32.2
9293,Nagpur,06/18/2023,19:00,High,23.9
9294,Nagpur,2023.12.17,01:15,Low,31.1
9295,Nagpur,2023.01.31,09:15,Severe,11.1
9296,Nagpur,31/05/2024,17:30,Low,37.6
9297,Nagpur,2023.01.22,21:00,Moderate,33.0
9298,Nagpur,05/09/2024,20:30,Severe,3.0
9299,Nagpur,2023.03.30,16:30,Low,39.7
9300,Nagpur,2023.01.11,16:30,Low,34.4
9301,Nagpur,31/10/2024,23:15,High,15.5
9302,Nagpur,21/07/2024,11:45,Low,37.8
9303,Nagpur,2023-02-03,08:30,Moderate,40.4
9304,Nagpur,10/24/2023,19:15,High,18.7
9305,Nagpur,2024-07-31,18:15,High,15.6
9306,Nagpur,29/09/2023,17:45,Severe,3.0
9307,Nagpur,2024-07-17,19:00,High,17.2
9308,Nagpur,2024-12-06,17:45,Low,39.3
9309,Nagpur,05/18/2024,13:45,Moderate,28.3
9310,Nagpur,2024-01-28,16:45,Low,39.6
9311,Nagpur,19/12/2024,04:15,Low,38.8
9312,Nagpur,2023.09.10,17:30,Low,32.8
9313,Nagpur,2023.01.04,13:15,Low,34.6
9314,Nagpur,07/19/2023,14:30,High,16.8
9315,Nagpur,25/09/2023,10:15,Low,36.7
9316,Nagpur,08-05-2024,19:30,High,15.1
9317,Nagpur,12-08-2024,17:15,Moderate,15.0
9318,Nagpur,11/03/2024,08:45,Severe,11.8
9319,Nagpur,01-09-2023,22:00,Severe,11.2
9320,Nagpur,2023-01-30,10:15,Severe,4.0
9321,Nagpur,2023-01-24,06:45,Moderate,23.8
9322,Nagpur,2023-03-31,10:00,Low,41.2
9323,Nagpur,2023.08.02,21:15,Low,33.8
9324,Nagpur,17-11-2024,10:15,Moderate,30.8
9325,Nagpur,2024-08-20,17:15,Low,36.4
9326,Nagpur,2024.05.21,17:30,Moderate,23.1
9327,Nagpur,2023-02-20,17:15,Moderate,23.2
9328,Nagpur,06/18/2023,17:00,Moderate,25.4
9329,Nagpur,2023-09-24,01:15,Low,32.9
9330,Nagpur,2024-08-09,08:45,Severe,10.1
9331,Nagpur,09/13/2023,18:00,Moderate,27.6
9332,Nagpur,11/12/2024,19:30,High,5.7
9333,Nagpur,04-03-2023,21:15,Moderate,31.8
9334,Nagpur,2024.08.30,17:30,Moderate,23.2
9335,Nagpur,01/10/2023,13:30,Severe,11.2
9336,Nagpur,04/01/2024,18:15,Low,29.5
9337,Nagpur,27/11/2023,08:30,Severe,3.0
9338,Nagpur,06-03-2024,03:30,Low,39.0
9339,Nagpur,31/05/2024,11:45,Moderate,26.1
9340,Nagpur,01/10/2023,15:00,Severe,23.4
9341,Nagpur,17-07-2023,15:30,Low,45.2
9342,Nagpur,15-07-2024,12:15,High,14.8
9343,Nagpur,2024.08.26,18:45,High,23.0
9344,Nagpur,2024.08.06,11:30,Low,46.0
9345,Nagpur,21-11-2024,07:45,Moderate,30.5
9346,Nagpur,26-04-2023,12:45,Moderate,27.0
9347,Nagpur,2024.03.01,13:45,Moderate,22.6
9348,Nagpur,08/21/2024,08:45,Low,40.9
9349,Nagpur,2024-08-22,10:15,Moderate,24.0
9350,Nagpur,25/12/2023,16:45,High,20.3
9351,Nagpur,2024-08-05,19:15,High,18.8
9352,Nagpur,04/03/2023,11:45,Moderate,17.0
9353,Nagpur,08/21/2023,16:30,Low,39.5
9354,Nagpur,14/04/2023,09:30,High,3.0
9355,Nagpur,2023.08.29,15:00,Moderate,30.5
9356,Nagpur,10/09/2024,11:15,High,30.1
9357,Nagpur,24-11-2024,09:00,Moderate,20.1
9358,Nagpur,06-06-2024,16:15,Low,-39.3
9359,Nagpur,2024.02.17,14:15,Low,43.6
9360,Nagpur,10/25/2023,04:15,Moderate,26.2
9361,Nagpur,16/06/2023,19:45,Moderate,33.6
9362,Nagpur,2023.08.06,12:30,Low,41.3
9363,Nagpur,02/13/2023,19:30,High,18.3
9364,Nagpur,07/29/2024,14:00,Severe,6.1
9365,Nagpur,30/08/2024,18:00,Severe,3.0
9366,Nagpur,2024.01.10,20:00,High,18.0
9367,Nagpur,16-01-2023,10:45,Low,37.3
9368,Nagpur,2024.02.28,07:30,Moderate,25.4
9369,Nagpur,2023.04.01,02:00,Moderate,29.5
9370,Nagpur,2023.12.02,18:15,Moderate,22.0
9371,Nagpur,2024-07-21,18:15,Moderate,24.7
9372,Nagpur,08/14/2024,23:30,High,19.6
9373,Nagpur,2024-06-26,19:00,High,12.9
9374,Nagpur,08/10/2024,18:15,High,3.7
9375,Nagpur,2024-02-26,09:00,Low,40.4
9376,Nagpur,16-10-2023,11:30,Moderate,22.5
9377,Nagpur,2024.01.16,19:00,High,8.7
9378,Nagpur,07/23/2024,15:15,Low,36.0
9379,Nagpur,06/14/2024,04:30,Low,37.6
9380,Nagpur,2023.06.30,10:45,Low,33.8
9381,Nagpur,2023.09.12,13:45,Moderate,31.6
9382,Nagpur,2024-09-16,07:30,High,14.0
9383,Nagpur,2024-05-04,16:15,Moderate,28.9
9384,Nagpur,2023.08.12,03:15,Low,48.9
9385,Nagpur,05/04/2024,07:15,High,3.6
9386,Nagpur,2023.10.12,17:30,Moderate,24.9
9387,Nagpur,2023.03.31,12:45,Moderate,25.4
9388,Nagpur,18/04/2023,16:15,Moderate,28.4
9389,Nagpur,01/19/2023,18:30,Severe,8.4
9390,Nagpur,12/03/2023,08:00,Severe,4.8
9391,Nagpur,2023.04.05,17:30,Moderate,23.2
9392,Nagpur,01/20/2024,07:30,Low,44.7
9393,Nagpur,11/01/2024,12:15,Moderate,29.6
9394,Nagpur,09/11/2023,08:00,High,20.3
9395,Nagpur,2023.01.12,07:45,Severe,3.9
9396,Nagpur,05/22/2024,11:15,Severe,3.0
9397,Nagpur,2023.02.25,23:00,Low,36.1
9398,Nagpur,02-05-2024,15:30,High,16.0
9399,Nagpur,2023-12-06,09:45,High,25.7
9400,Nagpur,2024.03.23,19:45,High,10.1
9401,Nagpur,06-07-2023,21:45,Moderate,26.9
9402,Nagpur,2024.06.18,09:00,Moderate,35.3
9403,Nagpur,04/19/2023,18:30,High,24.4
9404,Nagpur,2023.07.25,10:15,Low,33.2
9405,Nagpur,14/07/2023,07:15,Low,45.9
9406,Nagpur,04-03-2023,18:00,Moderate,30.2
9407,Nagpur,2024.04.13,20:15,Low,43.5
9408,Nagpur,18-07-2023,23:00,Moderate,21.1
9409,Nagpur,03/18/2023,17:45,Low,34.3
9410,Nagpur,2024-11-13,19:45,High,12.3
9411,Nagpur,01/14/2023,20:00,Moderate,28.6
9412,Nagpur,2024.11.16,03:00,Low,34.5
9413,Nagpur,21-03-2024,11:45,Moderate,30.4
9414,Nagpur,18/01/2024,11:00,Moderate,30.1
9415,Nagpur,21-06-2023,11:15,Low,36.9
9416,Nagpur,2024.09.17,08:45,High,12.0
9417,Nagpur,2023.02.12,20:30,Severe,14.1
9418,Nagpur,26-01-2024,13:45,Low,35.5
9419,Nagpur,2023.08.14,16:15,Low,42.2
9420,Nagpur,04/03/2023,10:45,Moderate,30.3
9421,Nagpur,29-11-2024,20:00,Low,38.7
9422,Nagpur,2023-05-28,15:00,Moderate,25.0
9423,Nagpur,2023-05-03,16:15,High,19.7
9424,Nagpur,2024.10.06,11:00,High,11.1
9425,Nagpur,20-07-2024,15:00,Moderate,-23.4
9426,Nagpur,10/05/2024,18:45,High,11.0
9427,Nagpur,2023.02.08,17:15,Low,31.3
9428,Nagpur,22-09-2024,18:45,Severe,7.6
9429,Nagpur,2024.08.01,17:00,Low,32.1
9430,Nagpur,07/19/2023,06:30,Low,28.8
9431,Nagpur,01/19/2024,19:00,Severe,7.7
9432,Nagpur,2024-10-28,08:45,High,15.4
9433,Nagpur,18-09-2024,18:45,Severe,3.0
9434,Nagpur,09/26/2023,09:00,High,14.5
9435,Nagpur,14/02/2023,21:00,Low,41.6
9436,Nagpur,2024-07-13,14:00,Moderate,20.8
9437,Nagpur,02/01/2023,01:15,Low,39.1
9438,Nagpur,11/12/2024,08:15,High,6.0
9439,Nagpur,05-10-2024,18:30,High,15.8
9440,Nagpur,18/01/2024,06:15,Severe,3.0
9441,Nagpur,11/22/2023,22:30,High,8.7
9442,Nagpur,2023.04.17,23:00,Low,38.2
9443,Nagpur,15/04/2024,09:00,High,17.9
9444,Nagpur,14/11/2024,19:45,,5.4
9445,Nagpur,2024.09.12,12:30,High,13.4
9446,Nagpur,2024-10-24,15:15,,17.2
9447,Nagpur,2023-01-17,08:15,High,23.1
9448,Nagpur,14/09/2024,18:00,Severe,10.6
9449,Nagpur,11/05/2023,16:30,High,17.0
9450,Nagpur,08/11/2024,23:45,Low,34.1
9451,Nagpur,23/01/2024,19:45,High,5.6
9452,Nagpur,29/08/2023,16:45,Moderate,23.5
9453,Nagpur,15/02/2024,01:30,Low,37.0
9454,Nagpur,02/16/2024,14:45,Low,31.9
9455,Nagpur,20-06-2023,08:00,Severe,5.4
9456,Nagpur,10/13/2024,08:00,High,15.2
9457,Nagpur,12/09/2024,14:00,Moderate,33.1
9458,Nagpur,2023-10-15,16:00,Moderate,31.2
9459,Nagpur,2024-10-19,17:00,Low,34.7
9460,Nagpur,24/01/2023,22:15,Moderate,29.2
9461,Nagpur,01/03/2024,17:45,Moderate,28.2
9462,Nagpur,2023.07.16,07:15,Moderate,21.8
9463,Nagpur,24/02/2023,05:00,Moderate,27.4
9464,Nagpur,13-04-2023,08:00,High,6.0
9465,Nagpur,20-06-2023,07:00,Moderate,21.5
9466,Nagpur,11-12-2023,20:15,High,18.2
9467,Nagpur,10/08/2024,16:00,High,14.7
9468,Nagpur,2023-01-23,01:00,Low,32.9
9469,Nagpur,2024-09-03,08:45,Severe,6.4
9470,Nagpur,2024-10-05,19:15,High,17.7
9471,Nagpur,2024.04.07,14:15,Severe,5.2
9472,Nagpur,30-11-2023,16:15,Severe,6.1
9473,Nagpur,17-12-2023,11:30,Low,40.7
9474,Nagpur,2024-08-14,07:15,High,22.2
9475,Nagpur,2023-03-28,19:00,High,23.2
9476,Nagpur,22/05/2024,19:15,Severe,11.9
9477,Nagpur,05-11-2023,19:30,Moderate,32.3
9478,Nagpur,2024-12-01,06:15,High,14.6
9479,Nagpur,08-08-2024,15:30,Low,43.5
9480,Nagpur,10/03/2024,09:30,High,20.9
9481,Nagpur,07/01/2023,18:00,Severe,7.2
9482,Nagpur,2023-10-25,19:15,Severe,12.1
9483,Nagpur,01/08/2023,21:00,Moderate,22.3
9484,Nagpur,2023-06-17,22:30,Moderate,26.9
9485,Nagpur,21-02-2024,06:45,Low,30.4
9486,Nagpur,07/11/2023,14:30,Moderate,23.5
9487,Nagpur,2024.11.23,12:00,Moderate,27.9
9488,Nagpur,06/08/2024,08:45,Moderate,30.1
9489,Nagpur,27-10-2024,09:15,Severe,15.0
9490,Nagpur,2023-02-10,16:15,Severe,4.9
9491,Nagpur,28/01/2023,10:00,Moderate,26.5
9492,Nagpur,06/01/2023,12:30,Severe,12.1
9493,Nagpur,23-03-2024,17:15,Low,42.3
9494,Nagpur,23/05/2023,09:00,Moderate,27.8
9495,Nagpur,2024-04-24,06:30,Low,34.9
9496,Nagpur,26/04/2023,19:00,High,9.4
9497,Nagpur,2024.12.15,12:30,Moderate,22.9
9498,Nagpur,09/29/2023,07:00,Moderate,27.2
9499,Nagpur,12/12/2024,22:45,Low,39.6
9500,Nagpur,29-03-2023,01:15,Low,38.0
9501,Nagpur,2024-08-24,16:00,Low,36.7
9502,Nagpur,20-06-2023,20:00,Moderate,24.2
9503,Nagpur,2024.10.31,18:00,Severe,13.3
9504,Nagpur,2023.10.13,04:45,Moderate,29.6
9505,Nagpur,2023.01.30,01:30,Low,30.1
9506,Nagpur,05/02/2024,12:00,High,8.6
9507,Nagpur,01/23/2024,09:30,Moderate,19.1
9508,Nagpur,30/07/2024,08:45,High,13.6
9509,Nagpur,2023.08.15,16:30,High,15.6
9510,Nagpur,2023.02.15,01:30,Low,37.0
9511,Nagpur,07-09-2024,23:30,Severe,3.0
9512,Nagpur,2024-03-29,18:00,High,17.6
9513,Nagpur,05-01-2023,17:45,Low,34.1
9514,Nagpur,2023-04-08,08:15,Moderate,16.0
9515,Nagpur,28/03/2023,07:15,Low,38.2
9516,Nagpur,03/15/2024,18:15,Moderate,22.6
9517,Nagpur,07-12-2024,07:45,High,13.6
9518,Nagpur,2023.02.18,07:15,Severe,3.0
9519,Nagpur,04/12/2024,17:30,Moderate,27.6
9520,Nagpur,2023.01.23,13:30,High,9.5
9521,Nagpur,2024.02.21,21:15,Moderate,33.0
9522,Nagpur,2024-05-01,01:45,Low,29.8
9523,Indore,01/22/2024,11:45,Low,34.5
9524,Indore,02/11/2023,22:45,Low,30.9
9525,Indore,2024-07-29,19:00,Severe,3.8
9526,Indore,2024.08.25,17:45,Low,39.7
9527,Indore,2024-06-16,18:45,Severe,10.5
9528,Indore,02/11/2023,20:00,Moderate,19.1
9529,Indore,2024-12-05,19:00,High,8.9
9530,Indore,08/16/2023,17:00,Moderate,38.4
9531,Indore,2023.06.18,19:45,High,22.5
9532,Indore,01/05/2024,11:30,High,15.4
9533,Indore,01/27/2023,19:15,Severe,7.2
9534,Indore,05/15/2024,10:45,Severe,3.0
9535,Indore,2024.06.02,19:30,Severe,11.4
9536,Indore,09/27/2023,00:45,Low,37.7
9537,Indore,2023-11-07,20:00,High,8.0
9538,Indore,11/26/2023,17:00,Low,36.1
9539,Indore,26/07/2024,09:00,Moderate,24.3
9540,Indore,2024-06-21,16:30,Low,35.9
9541,Indore,2024.08.29,08:00,High,13.7
9542,Indore,03/28/2023,18:15,Severe,3.0
9543,Indore,2023.02.15,15:30,Moderate,31.0
9544,Indore,12-03-2023,19:15,High,9.5
9545,Indore,2023.02.15,22:45,Moderate,23.9
9546,Indore,2024.03.17,05:00,Low,39.6
9547,Indore,2024.04.02,08:15,High,19.6
9548,Indore,15/07/2023,06:15,Severe,10.7
9549,Indore,2024-03-16,15:30,High,14.7
9550,Indore,2024-06-28,21:00,Severe,13.3
9551,Indore,2023-08-16,04:30,Moderate,27.9
9552,Indore,15/11/2024,09:30,High,13.2
9553,Indore,2024-04-26,17:15,Severe,13.8
9554,Indore,27-12-2024,16:00,Moderate,33.1
9555,Indore,2023.06.23,13:00,Moderate,24.0
9556,Indore,10/10/2023,12:15,Low,47.8
9557,Indore,08/19/2023,08:30,High,8.9
9558,Indore,05/06/2024,12:00,High,17.6
9559,Indore,2023.05.27,18:00,High,21.0
9560,Indore,02/14/2024,04:00,Low,37.7
9561,Indore,04/24/2023,06:00,Low,36.9
9562,Indore,02/13/2023,08:30,Severe,3.0
9563,Indore,21/01/2024,09:00,High,19.8
9564,Indore,19-04-2024,10:15,Low,39.1
9565,Indore,03/05/2023,08:00,High,3.8
9566,Indore,2024-11-10,08:30,High,9.6
9567,Indore,2024.08.19,17:15,High,15.4
9568,Indore,10/23/2023,08:15,Moderate,25.0
9569,Indore,10-05-2023,09:45,High,18.4
9570,Indore,2024-07-17,20:00,High,19.7
9571,Indore,05/22/2024,17:00,Low,39.2
9572,Indore,17-08-2024,08:00,Severe,3.0
9573,Indore,2023.10.07,07:00,High,22.7
9574,Indore,30-10-2024,08:45,Severe,13.0
9575,Indore,2024-06-02,09:00,Severe,9.3
9576,Indore,23-08-2024,16:15,Moderate,24.5
9577,Indore,2024.04.01,17:15,High,7.7
9578,Indore,2024.12.27,18:00,Low,30.7
9579,Indore,21/02/2024,06:30,Low,34.9
9580,Indore,23/07/2023,20:45,High,19.6
9581,Indore,30-07-2023,07:15,Low,35.2
9582,Indore,2023.05.29,09:30,High,16.5
9583,Indore,2024-02-26,07:15,Moderate,32.4
9584,Indore,20-12-2024,09:00,High,20.7
9585,Indore,11/01/2023,05:15,Low,36.4
9586,Indore,2024.09.14,06:15,Moderate,20.1
9587,Indore,25-08-2024,11:45,Moderate,24.8
9588,Indore,02/17/2024,17:30,High,7.3
9589,Indore,04/10/2023,21:00,Moderate,33.9
9590,Indore,07-12-2024,19:15,Severe,7.6
9591,Indore,11-09-2023,04:45,Moderate,26.2
9592,Indore,2023-06-01,16:15,Low,42.1
9593,Indore,05/29/2024,22:30,Moderate,35.8
9594,Indore,2023.12.06,21:30,Moderate,24.6
9595,Indore,26/02/2024,18:00,High,19.8
9596,Indore,08-06-2023,18:45,High,13.2
9597,Indore,09/08/2023,16:30,Low,37.3
9598,Indore,27-06-2024,17:15,High,19.3
9599,Indore,2023.03.30,20:15,High,12.4
9600,Indore,18-11-2024,15:45,Severe,8.2
9601,Indore,2024-02-06,16:45,Low,47.6
9602,Indore,2024-09-11,17:30,Moderate,27.3
9603,Indore,08/27/2024,11:00,Low,38.8
9604,Indore,2023.11.07,18:15,Low,34.4
9605,Indore,30/12/2023,20:45,High,10.9
9606,Indore,01-02-2024,08:30,High,11.0
9607,Indore,13-07-2024,09:45,High,17.5
9608,Indore,15/11/2023,05:45,Moderate,20.1
9609,Indore,17/01/2024,20:30,Severe,15.0
9610,Indore,19-11-2024,13:30,Low,33.5
9611,Indore,05-01-2023,06:00,High,10.8
9612,Indore,2024-10-10,11:45,Severe,3.7
9613,Indore,02/16/2023,13:15,Low,33.2
9614,Indore,19/05/2024,06:15,Low,41.1
9615,Indore,26-04-2024,12:00,Moderate,29.5
9616,Indore,2024.03.10,13:15,,13.0
9617,Indore,2023-01-17,08:00,High,9.4
9618,Indore,09/17/2023,07:00,Severe,10.0
9619,Indore,30/04/2023,06:15,High,21.7
9620,Indore,2024.06.22,15:00,Moderate,30.5
9621,Indore,04-05-2023,21:00,High,17.6
9622,Indore,14/01/2024,14:45,High,12.0
9623,Indore,2024-01-21,14:45,Moderate,100.1
9624,Indore,2023.03.09,10:00,High,7.9
9625,Indore,08/13/2023,14:15,High,20.2
9626,Indore,2024.05.05,10:30,Moderate,25.6
9627,Indore,2023.08.01,15:45,Moderate,23.3
9628,Indore,12/14/2023,22:30,Moderate,24.1
9629,Indore,16/06/2023,04:45,Low,39.5
9630,Indore,2024-10-02,18:45,Moderate,27.4
9631,Indore,2024.01.28,20:45,Moderate,26.7
9632,Indore,2023.11.13,07:30,Moderate,32.6
9633,Indore,2024.05.08,09:15,Moderate,26.4
9634,Indore,24-03-2024,11:15,Moderate,32.8
9635,Indore,2024-02-26,21:30,High,5.8
9636,Indore,11-05-2023,16:30,Low,40.0
9637,Indore,03/23/2024,15:30,High,17.7
9638,Indore,2023-08-03,08:30,High,18.4
9639,Indore,17-04-2023,19:30,Severe,13.1
9640,Indore,2024.01.24,06:00,Moderate,29.2
9641,Indore,18/09/2024,16:45,Low,38.2
9642,Indore,08/29/2024,18:00,Moderate,25.0
9643,Indore,2023.01.27,17:30,High,16.5
9644,Indore,04/07/2023,13:30,High,22.4
9645,Indore,2023.02.05,20:00,High,11.2
9646,Indore,09/15/2023,07:45,Low,35.8
9647,Indore,24/12/2024,08:45,Moderate,27.6
9648,Indore,2023.01.22,08:00,Low,31.9
9649,Indore,08/12/2023,11:45,Low,40.0
9650,Indore,12/26/2024,20:30,High,10.2
9651,Indore,2024-03-21,14:15,High,27.3
9652,Indore,30-11-2023,09:00,Moderate,25.7
9653,Indore,04/29/2023,16:00,Low,-41.6
9654,Indore,2023.12.28,19:45,Moderate,22.9
9655,Indore,24/12/2023,06:00,Moderate,30.4
9656,Indore,2024.09.17,18:15,High,23.9
9657,Indore,2024.01.04,20:00,Low,38.5
9658,Indore,06-10-2024,12:45,Moderate,21.7
9659,Indore,24/12/2024,15:30,High,17.8
9660,Indore,2023.04.09,11:45,Severe,16.4
9661,Indore,2023.01.18,09:45,High,18.9
9662,Indore,2024.10.26,08:00,Low,31.4
9663,Indore,20-01-2023,08:45,High,16.1
9664,Indore,2024-02-14,07:00,Severe,15.0
9665,Indore,2023-11-14,12:45,Moderate,24.8
9666,Indore,04-06-2024,16:45,Moderate,26.1
9667,Indore,09/02/2024,11:45,Severe,13.2
9668,Indore,2023.04.09,08:00,High,23.9
9669,Indore,24/03/2023,09:00,Severe,14.7
9670,Indore,2024-06-29,18:15,High,9.4
9671,Indore,2023.08.26,11:00,Low,41.6
9672,Indore,2023.02.04,06:00,Moderate,21.0
9673,Indore,03/26/2024,23:30,High,23.8
9674,Indore,24-10-2023,13:45,Moderate,30.4
9675,Indore,23/12/2024,04:15,Low,37.2
9676,Indore,03-09-2023,17:30,Severe,17.8
9677,Indore,07/03/2024,07:30,High,14.0
9678,Indore,03/27/2023,20:30,Moderate,31.6
9679,Indore,2023.11.21,19:00,Severe,10.5
9680,Indore,24-03-2024,08:30,High,17.8
9681,Indore,06/09/2024,10:45,Low,40.0
9682,Indore,23/04/2023,22:15,Low,40.8
9683,Indore,06/18/2024,13:45,Low,40.6
9684,Indore,16/12/2024,08:00,Moderate,24.5
9685,Indore,2024.11.10,19:30,High,13.9
9686,Indore,24-10-2023,20:15,Severe,6.3
9687,Indore,21/03/2024,08:45,Severe,3.0
9688,Indore,20/02/2024,11:15,Moderate,22.3
9689,Indore,2024.08.26,06:00,High,15.0
9690,Indore,08/08/2023,08:30,Severe,4.2
9691,Indore,15-11-2024,12:45,High,20.4
9692,Indore,2024-03-14,19:30,Severe,14.5
9693,Indore,2023-07-05,15:15,Moderate,29.2
9694,Indore,07-01-2024,09:00,High,23.6
9695,Indore,27/12/2024,17:00,Severe,11.3
9696,Indore,17-09-2024,14:30,High,10.9
9697,Indore,11/07/2024,13:00,Low,35.1
9698,Indore,12/24/2024,18:00,Moderate,26.6
9699,Indore,2023.03.21,14:30,High,22.7
9700,Indore,2024-04-27,00:15,Low,34.5
9701,Indore,2023-05-22,09:30,Severe,9.2
9702,Indore,08/28/2023,04:30,Low,35.7
9703,Indore,2024-09-06,13:30,Severe,3.0
9704,Indore,01/18/2024,20:15,Severe,12.2
9705,Indore,11-09-2024,11:00,Moderate,31.4
9706,Indore,08/24/2024,10:30,High,21.8
9707,Indore,2023-02-08,18:00,Severe,5.6
9708,Indore,2023.08.29,07:00,High,15.6
9709,Indore,02/25/2023,18:00,High,23.0
9710,Indore,05-07-2023,01:45,Low,40.6
9711,Indore,13/04/2024,15:15,Low,34.8
9712,Indore,11/30/2024,18:00,High,12.9
9713,Indore,2024-11-11,09:45,Moderate,21.1
9714,Indore,23/08/2023,03:30,Moderate,33.2
9715,Indore,15-02-2023,17:15,High,18.5
9716,Indore,03/02/2023,08:00,Severe,5.2
9717,Indore,2024-11-30,14:45,Low,30.2
9718,Indore,12/05/2024,18:45,High,14.2
9719,Indore,05-08-2023,19:30,Moderate,28.5
9720,Indore,2023.06.24,18:15,High,10.1
9721,Indore,2024.10.07,21:15,Low,42.5
9722,Indore,30/08/2024,17:15,Moderate,27.0
9723,Indore,10/11/2023,04:30,Low,32.4
9724,Indore,12/06/2023,17:15,Moderate,30.5
9725,Indore,2024.09.15,01:00,Low,36.4
9726,Indore,08/07/2023,19:45,Moderate,26.9
9727,Indore,22-02-2024,17:00,Moderate,26.1
9728,Indore,06/21/2024,17:00,Moderate,22.2
9729,Indore,2023-04-04,08:30,Moderate,25.8
9730,Indore,28-12-2024,18:45,Moderate,19.8
9731,Indore,2024-01-08,15:15,High,13.6
9732,Indore,04/17/2024,08:15,High,16.9
9733,Indore,31-05-2024,20:00,High,11.0
9734,Indore,2024.06.24,17:15,Severe,10.0
9735,Indore,2024-03-23,21:15,Moderate,30.4
9736,Indore,06/14/2023,00:45,Low,40.5
9737,Indore,2023.01.08,07:15,Moderate,32.8
9738,Indore,2023.05.30,19:15,High,18.9
9739,Indore,29-05-2023,10:00,Moderate,-31.9
9740,Indore,2023-04-07,22:00,High,13.0
9741,Indore,03/15/2023,09:15,High,14.0
9742,Indore,2024.11.04,09:00,Moderate,23.6
9743,Indore,27/10/2024,06:30,Severe,3.0
9744,Indore,2023-12-29,08:15,High,18.4
9745,Indore,29-06-2024,21:15,Low,31.3
9746,Indore,03/29/2024,08:00,High,19.4
9747,Indore,2024-05-08,10:30,Moderate,31.5
9748,Indore,2024-01-20,18:45,Low,34.0
9749,Indore,10-07-2023,13:30,High,18.2
9750,Indore,01/11/2024,02:15,Low,40.5
9751,Indore,05/30/2023,07:30,Moderate,19.2
9752,Indore,17-08-2023,00:00,Low,35.2
9753,Indore,2023-10-23,21:45,High,27.8
9754,Indore,12-06-2023,00:15,High,10.6
9755,Indore,2023-12-06,21:45,Low,40.3
9756,Indore,18-08-2024,16:15,Moderate,27.0
9757,Indore,2023-09-17,13:00,,11.9
9758,Indore,06/12/2024,02:00,Low,33.3
9759,Indore,16/05/2023,19:45,High,8.1
9760,Indore,17/04/2024,12:45,Low,30.6
9761,Indore,08/11/2024,18:30,Severe,13.9
9762,Indore,2024.06.26,16:00,High,23.1
9763,Indore,2024.10.29,09:45,Moderate,31.2
9764,Indore,24-09-2023,11:45,Moderate,27.3
9765,Indore,2023-03-21,16:45,High,14.7
9766,Indore,10-02-2023,04:45,Low,30.2
9767,Indore,24-04-2024,06:30,Moderate,29.0
9768,Indore,31-01-2024,09:45,Severe,3.0
9769,Indore,06-10-2024,10:15,High,6.0
9770,Indore,2023-06-27,09:45,Severe,15.1
9771,Indore,07/21/2024,09:15,Severe,9.3
9772,Indore,2023-10-18,23:15,Moderate,28.1
9773,Indore,14-11-2023,10:45,Low,38.2
9774,Indore,07/25/2024,10:00,Moderate,20.6
9775,Indore,10-03-2024,07:00,Moderate,22.3
9776,Indore,03/03/2024,18:15,High,19.2
9777,Indore,12/10/2023,19:15,Severe,5.3
9778,Indore,2023.02.03,08:45,Severe,3.0
9779,Indore,17-11-2023,10:15,Moderate,31.0
9780,Indore,2023.02.07,18:00,Moderate,24.8
9781,Indore,2023.09.07,13:00,Low,37.3
9782,Indore,18-04-2024,16:45,Moderate,24.3
9783,Indore,11/26/2023,07:15,Moderate,28.9
9784,Indore,2024.08.03,18:15,High,16.5
9785,Indore,2024.01.16,08:00,Moderate,31.4
9786,Indore,25-10-2024,18:15,Severe,4.4
9787,Indore,2024.08.11,19:45,Moderate,25.1
9788,Indore,01/29/2024,07:15,Low,40.3
9789,Indore,2024.03.31,09:45,High,12.1
9790,Indore,2024-10-22,07:15,Moderate,30.4
9791,Indore,2024-04-16,19:30,High,12.0
9792,Indore,06/11/2024,21:00,Severe,9.5
9793,Indore,2024.03.14,18:00,High,23.9
9794,Indore,15-07-2024,08:00,Severe,14.6
9795,Indore,04/11/2024,07:15,High,13.6
9796,Indore,27/02/2024,16:30,Moderate,32.2
9797,Indore,02/18/2023,08:45,Severe,8.3
9798,Indore,07/25/2023,08:45,Severe,18.2
9799,Indore,07/05/2023,18:30,High,21.1
9800,Indore,06/25/2024,16:45,Moderate,26.7
9801,Indore,10/12/2023,17:15,Moderate,25.7
9802,Indore,2023.10.21,18:45,High,17.3
9803,Indore,18-02-2024,17:30,Moderate,29.3
9804,Indore,01/09/2024,19:45,Severe,20.2
9805,Indore,2024-12-18,14:30,Moderate,27.1
9806,Indore,06/16/2024,13:15,Moderate,20.2
9807,Indore,2024-04-04,17:30,High,25.4
9808,Indore,03/07/2023,06:45,Low,36.2
9809,Indore,25-09-2024,15:15,Severe,7.5
9810,Indore,03/26/2023,17:30,Moderate,25.8
9811,Indore,12/30/2024,18:15,Moderate,30.6
9812,Indore,2023.03.09,19:45,Moderate,32.6
9813,Indore,2024.04.21,15:00,Severe,11.0
9814,Indore,2023.05.04,17:45,Low,40.5
9815,Indore,27/04/2023,11:30,Low,41.2
9816,Indore,2023.12.02,09:30,Severe,4.6
9817,Indore,2023.05.25,15:00,Moderate,26.8
9818,Indore,2024.02.24,09:30,Severe,6.9
9819,Indore,2024.08.25,09:30,Moderate,29.2
9820,Indore,2024-01-04,16:30,Moderate,32.1
9821,Indore,2024.02.17,07:00,Low,52.3
9822,Indore,07-07-2024,03:45,Low,33.8
9823,Indore,04-12-2024,19:15,High,17.4
9824,Indore,07/13/2023,14:30,Moderate,26.6
9825,Indore,08/24/2023,13:15,Moderate,15.3
9826,Indore,04/05/2024,09:30,High,-9.1
9827,Indore,03/25/2024,17:45,Low,26.6
9828,Indore,2023-09-01,11:45,Moderate,29.0
9829,Indore,2023-03-11,07:30,Low,36.8
9830,Indore,03/05/2023,14:30,Moderate,28.1
9831,Indore,01/25/2024,18:15,High,18.2
9832,Indore,24-02-2024,12:15,Moderate,27.3
9833,Indore,2023-01-05,19:30,Moderate,25.0
9834,Indore,2024.05.18,23:15,High,9.3
9835,Indore,29/03/2024,11:15,Severe,8.8
9836,Indore,2023.12.25,14:45,Severe,7.6
9837,Indore,2024-01-30,07:45,Moderate,33.8
9838,Indore,01/19/2023,08:30,Severe,4.4
9839,Indore,2023-09-27,19:00,High,14.5
9840,Indore,2024-10-05,01:15,Low,32.2
9841,Indore,2023.10.01,09:45,High,22.3
9842,Indore,03/08/2024,06:45,Moderate,25.3
9843,Indore,15-02-2024,20:45,Moderate,33.0
9844,Indore,14/07/2024,13:15,Moderate,32.0
9845,Indore,2024.03.06,12:45,Moderate,15.8
9846,Indore,07/10/2024,10:00,Low,43.3
9847,Indore,12/25/2024,12:30,Low,39.5
9848,Indore,2024-04-08,18:00,High,24.6
9849,Indore,14/08/2023,06:45,Moderate,28.8
9850,Indore,04/12/2024,06:15,Moderate,38.8
9851,Indore,03/06/2024,16:15,Low,49.8
9852,Indore,2024.08.07,11:45,Moderate,26.2
9853,Indore,2024.04.20,12:15,Low,35.0
9854,Indore,03/18/2024,01:15,Low,44.2
9855,Indore,2023.08.15,19:00,Severe,4.2
9856,Indore,2023.12.04,20:00,High,23.5
9857,Indore,14/03/2024,15:00,Moderate,33.4
9858,Indore,2023.02.19,19:30,Severe,15.7
9859,Indore,08/03/2024,17:45,Moderate,24.8
9860,Indore,07/04/2024,13:15,Moderate,26.8
9861,Indore,2023.10.07,18:45,Severe,3.0
9862,Indore,2023-05-01,05:45,Low,50.8
9863,Indore,25-07-2023,19:00,Low,37.6
9864,Indore,2024.07.23,18:00,High,15.6
9865,Indore,01/23/2023,06:45,Low,37.6
9866,Indore,22/10/2024,14:15,Low,30.4
9867,Indore,19/11/2024,08:30,Severe,3.0
9868,Indore,2024-04-15,19:15,High,19.4
9869,Indore,2024-03-15,14:15,Moderate,28.2
9870,Indore,19/02/2024,12:45,Low,41.7
9871,Indore,19-07-2023,01:30,Low,29.8
9872,Indore,2023.02.22,16:15,Low,28.9
9873,Indore,17-01-2023,18:15,Severe,10.4
9874,Indore,17/08/2023,18:00,Moderate,30.8
9875,Indore,2024.02.26,11:30,Moderate,25.9
9876,Indore,05-12-2024,20:00,Moderate,28.8
9877,Indore,06/26/2023,20:30,High,11.1
9878,Indore,2023-11-04,13:00,Low,34.1
9879,Indore,2024-12-19,17:15,Low,42.2
9880,Indore,04/29/2023,12:45,Low,41.4
9881,Indore,02-10-2023,17:15,Low,31.5
9882,Indore,07-10-2023,11:15,Moderate,22.9
9883,Indore,24-11-2024,08:45,High,20.8
9884,Indore,03/08/2023,13:45,Low,38.6
9885,Indore,2024.10.20,13:30,Low,33.4
9886,Indore,01/06/2023,16:30,Moderate,20.2
9887,Indore,12/02/2023,15:00,Moderate,23.1
9888,Indore,03/28/2023,11:15,Severe,10.9
9889,Indore,2023.06.23,22:00,Severe,10.9
9890,Indore,2024-12-16,13:15,Moderate,28.4
9891,Indore,30/12/2024,08:00,Severe,5.6
9892,Indore,2024-11-15,14:15,Low,32.0
9893,Indore,2023-07-10,09:15,High,25.3
9894,Indore,2024.05.23,12:30,Moderate,26.8
9895,Indore,2024.09.07,19:00,Severe,3.0
9896,Indore,18/07/2024,08:45,High,19.0
9897,Indore,04-09-2024,18:30,Low,38.1
9898,Indore,11/01/2024,12:30,Moderate,28.7
9899,Indore,2024-08-08,06:15,Moderate,32.2
9900,Indore,2023.02.09,12:15,High,18.8
9901,Indore,2023-08-07,07:45,High,16.0
9902,Indore,08/07/2024,08:30,Low,36.0
9903,Indore,2023.04.04,01:30,Moderate,18.5
9904,Indore,2023-05-24,21:15,High,14.3
9905,Indore,2024-06-13,17:15,Severe,3.0
9906,Indore,12/03/2023,07:00,Low,40.2
9907,Indore,2024-09-20,22:45,Moderate,26.7
9908,Indore,2023.04.19,16:30,High,16.9
9909,Indore,2023-12-28,19:30,High,26.1
9910,Indore,2023.10.03,17:00,High,11.3
9911,Indore,14-02-2024,20:15,High,17.3
9912,Indore,2024.08.03,18:00,High,21.4
9913,Indore,2023-07-27,04:30,Low,33.8
9914,Indore,2023.12.13,08:15,High,9.5
9915,Indore,2023-02-11,21:15,Severe,12.0
9916,Indore,2023-12-13,20:45,High,10.2
9917,Indore,20/05/2023,09:45,Moderate,27.9
9918,Indore,09/21/2023,10:00,Low,36.6
9919,Indore,07/10/2024,20:15,Severe,7.6
9920,Indore,2024.02.03,12:30,Moderate,15.1
9921,Indore,29/12/2023,09:00,Moderate,29.1
9922,Indore,06/11/2024,18:00,Moderate,27.0
9923,Indore,10/01/2024,17:45,High,6.8
9924,Indore,06/17/2024,07:30,High,17.0
9925,Indore,09/04/2023,06:15,Moderate,27.6
9926,Indore,2023-08-17,18:45,Severe,7.3
9927,Indore,01/11/2024,15:30,Low,36.5
9928,Indore,12/22/2024,09:45,Moderate,25.1
9929,Indore,2024-07-18,08:00,Severe,14.9
9930,Indore,26-10-2023,18:45,Low,39.6
9931,Indore,15-02-2024,19:15,High,19.2
9932,Indore,2023.06.03,17:15,Moderate,31.4
9933,Indore,2023.08.23,07:45,Severe,6.1
9934,Indore,28-08-2023,20:00,Low,45.6
9935,Indore,19/01/2024,14:15,Low,36.2
9936,Indore,09/06/2024,09:30,High,13.7
9937,Indore,2024-02-12,16:15,High,9.7
9938,Indore,2024.11.04,16:00,Severe,17.6
9939,Indore,2024-10-17,13:45,High,27.2
9940,Indore,2024-12-06,19:00,,18.1
9941,Indore,2024-03-23,22:45,Low,46.4
9942,Indore,04/11/2024,10:45,Moderate,31.2
9943,Indore,18/10/2024,19:45,Moderate,36.1
9944,Indore,01-02-2024,07:15,Moderate,23.5
9945,Indore,2023-04-02,20:15,Severe,11.0
9946,Indore,2023-08-09,00:00,Low,40.1
9947,Indore,25-01-2024,13:15,Moderate,32.1
9948,Indore,27-10-2024,08:00,High,12.4
9949,Indore,2024-06-21,02:00,Moderate,22.6
9950,Indore,2024-04-29,19:00,High,12.1
9951,Indore,20/05/2024,16:00,Low,39.2
9952,Indore,23/05/2023,09:15,High,9.6
9953,Indore,2023-07-31,22:00,Low,37.1
9954,Indore,10-09-2023,14:45,High,21.5
9955,Indore,2023.01.26,14:15,Moderate,25.4
9956,Indore,27-12-2023,18:45,High,20.7
9957,Indore,13-09-2024,09:15,Severe,9.2
9958,Indore,21/01/2023,22:45,Moderate,29.5
9959,Indore,2023-08-13,19:30,Low,32.6
9960,Indore,2023.03.11,17:00,Low,45.7
9961,Indore,08/25/2024,17:30,Severe,19.0
9962,Indore,2023.10.30,09:15,Severe,6.5
9963,Indore,09-06-2024,21:15,Low,37.7
9964,Indore,03-04-2024,17:45,High,22.4
9965,Indore,29-02-2024,07:15,Low,43.0
9966,Indore,13/05/2023,09:00,High,7.6
9967,Indore,04/09/2024,07:30,Severe,7.9
9968,Indore,06-08-2024,08:15,High,11.4
9969,Indore,2024-03-03,13:30,Moderate,33.1
9970,Indore,23-10-2024,12:45,Low,34.9
9971,Indore,2023-05-09,19:45,High,10.6
9972,Indore,16-04-2024,12:15,Moderate,22.3
9973,Indore,03/12/2023,17:15,Low,39.4
9974,Indore,13/05/2024,21:15,High,16.7
9975,Indore,06/26/2024,08:00,Severe,10.8
9976,Indore,2024.01.05,17:30,High,17.2
9977,Indore,2023.06.20,22:00,Moderate,23.1
9978,Indore,2024-01-19,07:30,High,16.7
9979,Indore,2023-01-29,15:45,Severe,6.3
9980,Indore,19/05/2024,18:00,Moderate,30.9
9981,Indore,22/12/2024,07:30,Low,42.5
9982,Indore,2024.07.08,14:00,Low,34.4
9983,Indore,2024.12.21,09:00,High,15.0
9984,Indore,18-09-2024,13:45,Low,36.6
9985,Indore,06/23/2024,12:30,Severe,11.9
9986,Indore,19-01-2023,08:30,High,15.5
9987,Indore,03/13/2024,08:30,Severe,3.0
9988,Indore,08-10-2024,13:00,Moderate,26.1
9989,Indore,2024.10.28,08:15,High,11.4
9990,Indore,2024-07-14,07:45,High,14.7
9991,Indore,12-01-2023,12:45,Severe,5.9
9992,Indore,2023.12.06,12:30,Low,107.2
9993,Indore,26/06/2024,14:30,Severe,8.1
9994,Indore,01/11/2024,19:30,High,17.6
9995,Indore,2024.10.03,17:00,Low,40.3
9996,Indore,2023-09-27,19:45,High,11.7
9997,Indore,2023.02.23,16:00,Moderate,35.5
9998,Indore,19/07/2023,19:15,Low,31.6
9999,Indore,13-01-2024,16:00,Moderate,28.5
10000,Indore,22-06-2023,14:00,Low,35.5
10001,Indore,19-08-2023,20:30,Severe,11.7
10002,Indore,28-11-2024,16:30,Moderate,27.0
10003,Indore,09-09-2023,08:15,Moderate,29.7
10004,Indore,02/24/2023,12:15,Severe,7.3
10005,Indore,23/04/2023,22:30,Severe,3.0
10006,Indore,2024.02.25,07:30,Moderate,28.6
10007,Indore,2024-04-30,23:15,Moderate,28.1
10008,Indore,15/06/2024,20:45,Severe,11.8
10009,Indore,05-01-2024,08:45,Moderate,37.5
10010,Indore,06/29/2023,12:45,Severe,12.8
10011,Indore,11-12-2023,09:15,Severe,8.2
10012,Indore,03/09/2024,18:15,Moderate,29.7
10013,Indore,2024.04.20,14:00,Severe,11.3
10014,Indore,18/12/2024,08:45,Severe,5.9
10015,Indore,09/24/2024,16:45,Low,38.1
10016,Indore,08/01/2023,15:00,High,19.1
10017,Indore,2024-07-29,19:30,Severe,3.0
10018,Indore,05/04/2023,20:15,Moderate,28.5
10019,Indore,2023-07-01,19:30,High,13.2
10020,Indore,2023-06-15,18:00,Moderate,24.1
10021,Indore,2023-06-08,03:30,Low,32.8
10022,Indore,03/22/2023,09:00,High,17.2
10023,Indore,28/04/2024,21:30,Moderate,22.9
10024,Indore,2023.11.05,20:15,High,14.8
10025,Indore,17/01/2024,18:15,Severe,12.4
10026,Indore,06-07-2024,08:00,Moderate,29.3
10027,Indore,14/04/2023,12:00,Moderate,27.9
10028,Indore,01/22/2023,16:30,Moderate,82.5
10029,Indore,05/01/2024,19:30,High,5.2
10030,Indore,05-04-2023,03:00,Moderate,28.7
10031,Indore,11-12-2024,16:15,Moderate,25.8
10032,Indore,21-07-2024,12:15,Moderate,15.7
10033,Indore,22/11/2023,18:15,High,8.5
10034,Indore,2024-05-23,17:45,Moderate,26.7
10035,Indore,2023.10.25,11:00,High,10.5
10036,Indore,16-06-2023,18:00,High,17.1
10037,Indore,03/06/2024,19:00,Severe,13.7
10038,Indore,2024.05.04,14:00,Low,42.0
10039,Indore,2023-12-29,08:30,High,8.7
10040,Indore,2023.08.04,14:00,Moderate,19.0
10041,Indore,11/04/2023,04:30,Low,52.4
10042,Indore,2023.03.13,16:00,High,18.6
10043,Indore,08/12/2023,16:45,Low,35.4
10044,Indore,2024-10-23,07:30,Moderate,19.4
10045,Indore,31-01-2023,07:45,Severe,16.9
10046,Indore,2023.04.29,05:00,Low,37.4
10047,Indore,2023.03.15,22:00,Moderate,23.4
10048,Indore,24-11-2024,21:45,Moderate,29.8
10049,Indore,12-09-2023,21:15,Moderate,28.8
10050,Indore,03/15/2024,22:00,Low,36.7
10051,Indore,18/07/2023,07:00,Moderate,36.3
10052,Indore,2023.01.09,18:00,Severe,16.5
10053,Indore,23-02-2024,08:30,High,24.2
10054,Indore,08-10-2023,15:00,Severe,11.0
10055,Indore,16-02-2023,17:45,High,19.5
10056,Indore,2024.08.01,13:15,High,15.9
10057,Indore,16-03-2024,12:45,Moderate,23.2
10058,Indore,07/12/2023,07:45,High,20.8
10059,Indore,26-09-2024,14:15,Low,42.3
10060,Indore,2023-02-27,15:15,Moderate,28.1
10061,Indore,17-02-2023,20:00,Moderate,36.8
10062,Indore,09/05/2023,14:15,Moderate,25.9
10063,Indore,2023-03-02,23:30,Low,39.9
10064,Indore,2024.02.21,07:30,Low,36.6
10065,Indore,11/07/2024,11:15,Low,45.3
10066,Indore,09/11/2024,17:30,High,20.0
10067,Indore,2023-04-30,18:30,High,20.7
10068,Indore,2023.12.05,19:30,Severe,5.7
10069,Indore,2023.08.27,18:15,High,13.7
10070,Indore,10/29/2023,13:45,High,13.4
10071,Indore,21-12-2024,13:15,Moderate,29.6
10072,Indore,2023.11.25,08:00,Severe,7.3
10073,Indore,2023-02-11,00:15,Moderate,22.7
10074,Indore,2023-08-12,07:45,Moderate,33.8
10075,Indore,2024-09-04,10:45,High,16.7
10076,Indore,2024-02-22,18:45,Severe,5.7
10077,Indore,2023-03-28,12:45,Severe,4.8
10078,Indore,2024.12.20,17:45,Moderate,23.1
10079,Indore,2024.04.30,07:00,Low,39.0
10080,Indore,2023.08.24,08:15,High,12.2
10081,Indore,09/25/2024,14:45,Moderate,31.4
10082,Indore,2023-02-02,15:15,Severe,-11.0
10083,Indore,03/25/2023,10:30,Moderate,33.2
10084,Indore,2023.01.16,10:15,Low,32.0
10085,Indore,2024.12.19,10:15,Low,38.3
10086,Indore,30-04-2023,16:30,High,16.5
10087,Indore,10-08-2024,19:45,High,18.5
10088,Indore,09/27/2023,07:45,Severe,5.2
10089,Indore,04/07/2024,16:15,High,19.9
10090,Indore,22-05-2024,19:45,High,26.1
10091,Indore,2023.06.14,07:45,Moderate,33.0
10092,Indore,2024-01-15,13:45,Severe,14.6
10093,Indore,2023.12.17,11:45,High,18.3
10094,Indore,14-09-2024,19:00,Moderate,28.9
10095,Indore,25-05-2023,18:30,High,18.2
10096,Indore,01-05-2023,15:15,High,10.0
10097,Indore,11/07/2024,13:15,High,17.5
10098,Indore,09/06/2024,19:00,High,17.5
10099,Indore,2024.12.03,14:15,High,8.4
10100,Indore,2023-05-24,10:45,Moderate,23.5
10101,Indore,07/05/2023,16:00,Low,36.2
10102,Indore,2023-07-05,18:15,High,28.2
10103,Indore,24-06-2024,07:15,Moderate,24.7
10104,Indore,13-07-2024,07:00,Low,47.4
10105,Indore,2023-11-20,11:30,High,8.7
10106,Indore,09/30/2024,19:30,High,102.2
10107,Indore,04/08/2024,08:00,Low,35.9
10108,Indore,03/26/2023,13:15,Low,39.2
10109,Indore,2023-05-13,07:00,High,12.5
10110,Indore,2023.03.13,08:00,Severe,8.5
10111,Indore,01/05/2023,22:15,High,11.6
10112,Indore,23/10/2024,06:00,Low,31.7
10113,Indore,12/30/2023,09:00,Moderate,32.2
10114,Indore,12/03/2023,22:15,Low,37.6
10115,Indore,2023.11.11,20:45,High,12.8
10116,Indore,15-02-2023,21:00,Low,42.7
10117,Indore,07/09/2024,07:30,Moderate,30.5
10118,Indore,24/12/2023,13:00,High,15.3
10119,Indore,24-02-2023,00:30,Low,47.7
10120,Indore,2023-04-24,20:30,High,15.3
10121,Indore,06/08/2023,17:15,,25.9
10122,Indore,2023.03.07,22:30,Moderate,23.5
10123,Indore,2023-12-02,12:30,Severe,4.4
10124,Indore,05/08/2024,01:30,Low,40.6
10125,Indore,2023-12-30,12:00,High,17.0
10126,Indore,2024.05.02,16:15,Moderate,25.5
10127,Indore,2024-11-20,06:30,High,16.0
10128,Indore,12/07/2024,23:30,Moderate,34.2
10129,Indore,01/08/2024,22:30,Moderate,26.2
10130,Indore,18-11-2024,00:30,Low,42.7
10131,Indore,10-09-2024,17:15,Low,28.4
10132,Indore,07/06/2024,19:30,Severe,8.6
10133,Indore,12/09/2023,08:15,High,12.7
10134,Indore,2024-05-08,14:00,Moderate,19.4
10135,Indore,2023-12-23,00:30,Moderate,26.6
10136,Indore,2023-10-13,14:45,High,25.8
10137,Indore,01-11-2024,12:30,Severe,5.9
10138,Indore,24-04-2024,13:00,Moderate,22.2
10139,Indore,12/19/2023,19:15,Severe,4.2
10140,Indore,2023-01-11,08:30,Severe,8.0
10141,Indore,21/07/2024,17:00,Severe,3.0
10142,Indore,27-02-2023,08:45,High,16.9
10143,Indore,2024.05.13,16:45,Severe,6.2
10144,Indore,2023.10.07,15:15,,31.3
10145,Indore,11/09/2023,16:45,High,21.6
10146,Indore,2024-12-16,17:45,Low,45.7
10147,Indore,24-05-2023,01:00,Moderate,32.2
10148,Indore,2024-07-10,13:30,Low,32.9
10149,Indore,02-03-2023,19:00,Moderate,31.3
10150,Indore,19/01/2024,12:30,Low,43.0
10151,Indore,31-05-2024,08:15,Severe,3.0
10152,Indore,2023.11.14,12:45,Moderate,31.4
10153,Indore,24-04-2024,19:00,Severe,3.7
10154,Indore,05/03/2023,12:15,Severe,7.7
10155,Indore,2023.04.15,09:45,High,13.2
10156,Indore,13/09/2023,16:15,Low,44.4
10157,Indore,2023.08.28,13:30,Moderate,25.8
10158,Indore,12/21/2023,19:45,High,18.6
10159,Indore,11/19/2024,19:45,High,25.4
10160,Indore,06/21/2023,04:30,Low,33.4
10161,Indore,10/30/2023,17:45,Low,45.0
10162,Indore,12/15/2023,06:00,Low,44.9
10163,Indore,28-02-2024,14:45,Moderate,31.6
10164,Indore,2024-02-15,08:30,Moderate,24.4
10165,Indore,27/10/2024,22:30,Severe,12.1
10166,Indore,27/10/2024,16:30,Low,41.3
10167,Indore,12/24/2024,08:45,High,13.5
10168,Indore,2023-10-07,19:15,High,17.5
10169,Indore,2023.06.20,20:15,High,14.4
10170,Indore,21-06-2023,16:30,High,12.3
10171,Indore,2023.08.22,07:45,Moderate,24.5
10172,Indore,04/26/2023,21:45,High,13.1
10173,Indore,31-01-2024,15:45,Low,34.1
10174,Indore,2023-04-23,17:45,High,15.1
10175,Indore,2023.12.26,14:45,Moderate,22.8
10176,Indore,01/06/2023,09:45,High,18.8
10177,Indore,03/14/2024,00:15,High,21.1
10178,Indore,28-02-2023,21:15,Severe,6.7
10179,Indore,03-08-2024,16:30,Low,31.2
10180,Indore,2023-09-28,08:45,Moderate,31.9
10181,Indore,2023.01.16,08:15,Low,41.3
10182,Indore,09/08/2024,10:15,Moderate,20.7
10183,Indore,2023.04.04,05:45,Low,36.5
10184,Indore,30/05/2023,17:30,Severe,7.9
10185,Indore,23/10/2024,06:30,Moderate,23.7
10186,Indore,05/06/2024,13:15,Severe,3.7
10187,Indore,21/01/2023,20:30,High,5.3
10188,Indore,06/04/2024,19:15,,6.1
10189,Indore,2024.06.26,02:00,Low,33.0
10190,Indore,29-07-2024,09:45,High,15.1
10191,Indore,2024.12.18,19:00,High,15.8
10192,Indore,02/07/2024,09:45,Moderate,30.9
10193,Indore,06/15/2023,16:30,High,18.6
10194,Indore,06/06/2023,08:45,High,31.5
10195,Indore,12/31/2023,08:45,High,12.3
10196,Indore,06/11/2024,18:30,Moderate,36.3
10197,Indore,2023-01-22,18:15,Moderate,27.5
10198,Indore,24-11-2024,15:15,Moderate,21.8
10199,Indore,21-09-2023,23:45,Moderate,24.6
10200,Indore,2024.05.28,18:00,Severe,10.6
10201,Indore,2023.08.29,12:00,Severe,9.0
10202,Indore,10-10-2023,09:15,Moderate,25.5
10203,Indore,2024-02-17,14:30,High,6.9
10204,Indore,2023.05.04,18:00,High,16.3
10205,Indore,2024.10.21,10:45,High,14.3
10206,Indore,27/05/2024,07:30,High,13.3
10207,Indore,06/12/2024,01:45,Low,32.2
10208,Indore,02/25/2024,08:00,Severe,9.7
10209,Indore,12/18/2024,20:30,High,15.0
10210,Indore,03/08/2024,03:30,Low,37.6
10211,Indore,07/11/2023,11:45,High,11.2
10212,Indore,2023.08.03,10:30,Moderate,29.3
10213,Indore,05/02/2023,09:45,Moderate,22.4
10214,Indore,07/21/2023,22:30,Low,36.5
10215,Indore,07/31/2023,07:30,Low,40.5
10216,Indore,02/03/2023,00:45,High,16.3
10217,Indore,26-06-2024,16:00,Moderate,37.5
10218,Indore,28/03/2024,06:30,Moderate,30.3
10219,Indore,01/11/2024,07:00,High,19.0
10220,Indore,03/09/2023,03:15,High,-7.3
10221,Indore,2024-08-17,19:45,Moderate,30.3
10222,Indore,26-06-2024,17:15,Moderate,35.9
10223,Indore,06-12-2024,07:45,High,18.8
10224,Indore,05/02/2024,01:00,Low,39.7
10225,Indore,01-06-2023,19:45,Moderate,31.4
10226,Indore,2024.10.22,14:30,Moderate,18.0
10227,Indore,06/04/2023,18:00,High,7.4
10228,Indore,07-10-2023,16:30,Low,36.2
10229,Indore,07/01/2023,08:15,Moderate,27.3
10230,Indore,2024-02-10,21:45,Moderate,23.9
10231,Indore,2023.08.05,17:15,High,20.8
10232,Indore,2023-06-24,12:45,Moderate,29.8
10233,Indore,2024-09-06,08:15,Moderate,27.6
10234,Indore,24-07-2024,20:30,High,17.3
10235,Indore,2024-05-11,08:30,Moderate,29.9
10236,Indore,2024.06.05,07:30,High,14.0
10237,Indore,01-10-2023,08:00,Severe,10.5
10238,Indore,13-11-2023,07:45,Low,45.1
10239,Indore,10/20/2024,10:30,Low,37.5
10240,Indore,20-01-2024,20:30,High,14.0
10241,Indore,12/09/2024,08:30,High,31.3
10242,Indore,30/06/2024,07:30,Moderate,22.4
10243,Indore,06-06-2023,10:30,High,16.7
10244,Indore,08/01/2023,15:45,Low,29.4
10245,Indore,18/05/2024,15:15,Moderate,19.1
10246,Indore,2023.01.31,19:30,High,16.7
10247,Indore,20/07/2024,06:00,Moderate,22.8
10248,Indore,14-12-2023,11:15,Moderate,17.8
10249,Indore,2023-09-17,18:45,Moderate,23.1
10250,Indore,04/12/2024,19:45,Severe,3.0
10251,Indore,10/21/2023,08:30,Severe,16.5
10252,Indore,2023.10.28,16:30,Moderate,20.1
10253,Indore,06/09/2023,17:30,Low,29.2
10254,Indore,04-08-2023,09:00,High,3.0
10255,Indore,29/09/2024,09:45,Severe,5.6
10256,Indore,21-03-2024,17:30,Moderate,20.2
10257,Indore,16/03/2024,02:00,Low,48.5
10258,Indore,2023.12.16,17:15,Moderate,31.9
10259,Indore,2023.11.02,04:15,Low,39.0
10260,Indore,23-09-2024,08:00,Moderate,30.8
10261,Indore,2023.12.02,19:30,Moderate,26.9
10262,Indore,08/24/2023,09:00,Moderate,36.0
10263,Indore,29-11-2023,17:30,High,19.9
10264,Bhopal,02/06/2024,07:30,Moderate,18.4
10265,Bhopal,2024-09-02,05:45,Moderate,19.8
10266,Bhopal,2023.06.12,17:45,Low,28.5
10267,Bhopal,2024.08.03,10:30,High,16.5
10268,Bhopal,2023-01-10,16:45,Low,24.7
10269,Bhopal,17/05/2024,07:15,Low,42.1
10270,Bhopal,2023.07.23,06:45,Low,37.6
10271,Bhopal,2023-05-17,18:15,High,10.6
10272,Bhopal,04/23/2023,11:30,High,18.3
10273,Bhopal,2024.08.26,22:15,High,9.2
10274,Bhopal,07-12-2023,17:00,Low,47.1
10275,Bhopal,10/10/2024,05:15,Low,37.6
10276,Bhopal,2024.08.12,23:15,Moderate,33.9
10277,Bhopal,18/11/2024,13:30,Low,31.8
10278,Bhopal,2024.08.19,06:15,Severe,10.0
10279,Bhopal,30-07-2024,08:00,High,13.9
10280,Bhopal,2024-07-22,13:45,High,20.0
10281,Bhopal,02/23/2023,19:30,Moderate,28.5
10282,Bhopal,11/04/2023,11:00,Moderate,27.6
10283,Bhopal,2024-10-14,03:45,Moderate,22.3
10284,Bhopal,2024-04-08,15:45,High,20.4
10285,Bhopal,06/11/2023,05:30,High,18.4
10286,Bhopal,18-07-2023,09:00,High,22.3
10287,Bhopal,05/04/2024,15:00,Low,43.1
10288,Bhopal,2024.08.08,11:30,Low,42.9
10289,Bhopal,12/23/2024,05:00,Moderate,37.0
10290,Bhopal,06-02-2024,13:30,Moderate,19.9
10291,Bhopal,19/01/2024,08:30,Low,42.7
10292,Bhopal,2023.12.20,19:15,Moderate,29.6
10293,Bhopal,2023.05.20,20:15,Low,31.4
10294,Bhopal,2023.05.26,14:15,Moderate,33.5
10295,Bhopal,2024-07-27,15:30,High,21.1
10296,Bhopal,2024.12.05,07:30,Low,46.3
10297,Bhopal,2023-08-03,12:45,Severe,5.6
10298,Bhopal,01/29/2024,14:30,High,11.6
10299,Bhopal,06/13/2023,15:45,Severe,3.0
10300,Bhopal,09/19/2024,11:30,Low,39.5
10301,Bhopal,29/02/2024,19:00,High,28.6
10302,Bhopal,12/08/2024,18:45,Severe,3.0
10303,Bhopal,2024.04.15,11:45,High,18.7
10304,Bhopal,2024-01-26,20:45,Severe,8.7
10305,Bhopal,07/04/2023,17:00,Low,46.3
10306,Bhopal,2024-09-09,19:15,Moderate,23.1
10307,Bhopal,05/20/2024,16:00,High,14.9
10308,Bhopal,2023.07.28,06:45,Moderate,26.0
10309,Bhopal,02/05/2023,18:15,High,9.5
10310,Bhopal,2024-03-02,17:00,Moderate,23.2
10311,Bhopal,02/11/2024,18:15,High,10.3
10312,Bhopal,08/21/2023,08:15,Severe,3.0
10313,Bhopal,2024-05-21,15:00,Low,32.5
10314,Bhopal,02-04-2024,14:00,Low,40.0
10315,Bhopal,11/11/2023,08:30,Severe,8.6
10316,Bhopal,23-11-2024,08:45,Severe,6.6
10317,Bhopal,02/29/2024,18:30,Moderate,24.8
10318,Bhopal,2024.04.12,17:30,Low,39.6
10319,Bhopal,2024.09.30,18:30,High,19.2
10320,Bhopal,06-01-2024,21:30,High,26.8
10321,Bhopal,2023-02-10,08:30,High,14.3
10322,Bhopal,29-12-2024,03:15,Low,33.1
10323,Bhopal,04/24/2024,13:00,Moderate,21.9
10324,Bhopal,29-08-2023,14:15,Moderate,26.0
10325,Bhopal,11/04/2023,22:30,Moderate,26.5
10326,Bhopal,11/07/2024,22:00,Low,24.3
10327,Bhopal,15/05/2023,10:00,Moderate,30.6
10328,Bhopal,03/04/2023,22:00,Moderate,26.1
10329,Bhopal,01-03-2024,09:30,Severe,4.2
10330,Bhopal,11/13/2024,18:30,Severe,12.5
10331,Bhopal,07-09-2023,14:30,Moderate,27.9
10332,Bhopal,12/22/2024,08:45,Moderate,18.6
10333,Bhopal,2023-04-29,06:45,Moderate,20.0
10334,Bhopal,30-04-2024,16:00,Low,40.9
10335,Bhopal,2024.08.27,18:00,Severe,8.4
10336,Bhopal,10/05/2024,04:00,Low,43.4
10337,Bhopal,2023.04.08,22:15,Moderate,35.0
10338,Bhopal,2024-06-22,13:15,Low,44.4
10339,Bhopal,2023-02-24,01:45,Low,41.5
10340,Bhopal,2023-03-06,09:45,High,17.4
10341,Bhopal,2024-06-12,18:00,High,23.5
10342,Bhopal,12/15/2024,05:15,Low,34.7
10343,Bhopal,2024.08.24,08:45,High,12.7
10344,Bhopal,11/12/2024,08:45,High,19.6
10345,Bhopal,15-03-2023,09:30,High,11.4
10346,Bhopal,02-04-2024,08:15,High,26.1
10347,Bhopal,07-08-2023,19:30,High,22.6
10348,Bhopal,10/02/2024,20:45,Severe,12.6
10349,Bhopal,01-03-2023,08:15,Moderate,22.2
10350,Bhopal,01/22/2024,01:30,Moderate,32.5
10351,Bhopal,06-12-2023,13:45,Moderate,30.2
10352,Bhopal,08/22/2024,07:15,Low,33.7
10353,Bhopal,12-05-2024,13:45,Moderate,25.5
10354,Bhopal,2023-03-06,07:00,Moderate,27.0
10355,Bhopal,22-04-2024,14:15,Moderate,31.9
10356,Bhopal,2024-01-01,11:30,Low,34.2
10357,Bhopal,13-03-2024,01:15,Low,32.1
10358,Bhopal,2023.08.05,11:00,High,16.0
10359,Bhopal,19/05/2024,02:15,High,13.2
10360,Bhopal,14/03/2023,07:15,Moderate,29.6
10361,Bhopal,06/24/2023,08:15,High,12.3
10362,Bhopal,04-01-2024,11:45,Moderate,24.3
10363,Bhopal,09/09/2023,08:15,Severe,11.2
10364,Bhopal,2024-08-30,14:00,Severe,8.7
10365,Bhopal,2023-07-16,18:15,High,24.6
10366,Bhopal,2024-11-11,18:45,Moderate,14.8
10367,Bhopal,2024.12.29,06:30,Moderate,26.3
10368,Bhopal,2023-03-19,08:45,High,10.0
10369,Bhopal,24-06-2024,12:45,High,5.5
10370,Bhopal,11/11/2024,18:30,Severe,5.1
10371,Bhopal,2023-03-21,12:30,Low,40.9
10372,Bhopal,2023-02-03,08:30,High,9.1
10373,Bhopal,2024-11-11,19:30,High,13.1
10374,Bhopal,2024-01-04,20:30,Severe,8.6
10375,Bhopal,2024-06-28,06:00,Severe,3.0
10376,Bhopal,18/08/2023,16:30,Moderate,22.7
10377,Bhopal,03/05/2024,22:45,Moderate,32.5
10378,Bhopal,2024.07.14,17:00,Low,38.3
10379,Bhopal,09/05/2023,16:15,Moderate,24.3
10380,Bhopal,2023-07-16,17:45,High,20.4
10381,Bhopal,01/24/2023,12:00,Low,42.3
10382,Bhopal,2023.11.29,15:45,Low,42.0
10383,Bhopal,2024-08-20,19:30,High,8.6
10384,Bhopal,10/26/2023,01:45,Moderate,30.5
10385,Bhopal,01/31/2024,20:15,High,14.0
10386,Bhopal,2024-04-01,08:15,Moderate,21.7
10387,Bhopal,03-02-2023,13:45,Moderate,26.0
10388,Bhopal,2024.08.03,13:00,Moderate,26.2
10389,Bhopal,2023.10.14,11:30,Low,37.1
10390,Bhopal,2023-09-21,17:45,Low,47.2
10391,Bhopal,2023.09.18,09:15,Severe,3.2
10392,Bhopal,01/14/2024,08:15,High,9.2
10393,Bhopal,2024-07-05,12:15,Moderate,25.8
10394,Bhopal,14/05/2023,22:15,Severe,8.2
10395,Bhopal,11/08/2024,18:30,Severe,12.4
10396,Bhopal,2024.01.01,18:45,High,7.6
10397,Bhopal,02/09/2024,18:30,Severe,6.9
10398,Bhopal,2024.05.09,15:00,High,19.3
10399,Bhopal,22-12-2024,18:45,High,7.8
10400,Bhopal,27-10-2024,16:15,Low,44.5
10401,Bhopal,08/30/2023,08:00,Moderate,31.1
10402,Bhopal,09/09/2024,15:45,Low,41.6
10403,Bhopal,07/17/2024,18:00,Severe,9.9
10404,Bhopal,24/09/2024,10:00,Severe,14.9
10405,Bhopal,02-03-2023,15:00,Moderate,33.0
10406,Bhopal,10/30/2024,17:15,High,16.5
10407,Bhopal,2024-09-13,08:15,High,23.0
10408,Bhopal,05/01/2024,03:30,Severe,9.1
10409,Bhopal,2023-11-16,04:30,Low,54.8
10410,Bhopal,2024-08-17,17:45,Low,39.4
10411,Bhopal,2023-08-24,14:30,Moderate,31.9
10412,Bhopal,2023-04-06,17:00,High,15.4
10413,Bhopal,06/13/2023,02:45,Low,42.5
10414,Bhopal,15/11/2024,20:45,Severe,6.2
10415,Bhopal,07/04/2023,08:15,High,16.3
10416,Bhopal,2024-09-20,15:15,Low,38.9
10417,Bhopal,2023-11-24,04:15,Moderate,31.2
10418,Bhopal,2023-12-20,19:15,Severe,17.1
10419,Bhopal,2024.06.29,18:15,High,27.3
10420,Bhopal,2024-08-03,20:15,,27.3
10421,Bhopal,2024-10-18,12:45,Low,37.2
10422,Bhopal,23/10/2023,03:30,Low,43.5
10423,Bhopal,06-08-2024,13:15,High,8.9
10424,Bhopal,2023-02-02,18:30,Low,30.7
10425,Bhopal,30/04/2024,16:45,Moderate,26.6
10426,Bhopal,07/11/2024,23:45,Low,44.3
10427,Bhopal,13-07-2023,13:30,High,8.5
10428,Bhopal,15-04-2023,10:15,High,21.4
10429,Bhopal,2024.11.10,18:00,High,16.3
10430,Bhopal,03/03/2023,17:30,Severe,7.0
10431,Bhopal,03/02/2024,17:15,Moderate,31.5
10432,Bhopal,2023-03-04,16:15,Moderate,22.5
10433,Bhopal,2023-12-11,13:30,High,12.5
10434,Bhopal,2024.05.17,19:30,High,3.0
10435,Bhopal,12/28/2024,10:30,Moderate,27.4
10436,Bhopal,25-08-2023,18:00,Low,45.0
10437,Bhopal,02/08/2024,09:30,Severe,7.0
10438,Bhopal,2024.11.07,16:30,Moderate,25.4
10439,Bhopal,05/19/2024,20:00,Moderate,27.4
10440,Bhopal,14/09/2024,07:00,Moderate,28.7
10441,Bhopal,2024-07-25,08:15,High,18.7
10442,Bhopal,04-09-2024,14:45,Moderate,15.6
10443,Bhopal,27/10/2024,08:00,High,15.4
10444,Bhopal,18-04-2024,05:30,Severe,6.1
10445,Bhopal,07/06/2023,18:45,Severe,14.9
10446,Bhopal,07/24/2024,08:45,Severe,12.3
10447,Bhopal,27/03/2024,12:15,Moderate,23.7
10448,Bhopal,2024-02-07,17:15,Moderate,27.2
10449,Bhopal,01/21/2023,10:00,High,15.3
10450,Bhopal,2024-02-22,19:00,Severe,5.3
10451,Bhopal,23-09-2024,19:00,Severe,10.5
10452,Bhopal,11/26/2023,17:00,Severe,-3.0
10453,Bhopal,2024.07.26,19:15,High,21.9
10454,Bhopal,29-08-2023,18:30,Severe,7.2
10455,Bhopal,26/09/2023,06:30,Severe,6.0
10456,Bhopal,2023.10.13,19:30,Severe,14.2
10457,Bhopal,22/01/2023,19:00,Moderate,38.1
10458,Bhopal,2023-09-30,21:15,Moderate,32.7
10459,Bhopal,2024.06.14,16:45,High,13.2
10460,Bhopal,2023-01-19,09:30,Severe,3.0
10461,Bhopal,05/14/2023,11:45,Moderate,26.8
10462,Bhopal,2023.09.30,17:00,Moderate,32.3
10463,Bhopal,2024-10-21,12:15,Moderate,16.3
10464,Bhopal,02/09/2024,20:00,High,21.2
10465,Bhopal,13-08-2024,09:15,High,12.8
10466,Bhopal,2023-06-04,16:00,Severe,3.0
10467,Bhopal,2023-03-29,07:00,Low,40.2
10468,Bhopal,29/10/2023,18:15,Severe,7.9
10469,Bhopal,03-12-2023,10:45,Low,34.4
10470,Bhopal,18/03/2024,16:30,Moderate,26.8
10471,Bhopal,17-11-2023,18:15,Severe,16.4
10472,Bhopal,24/08/2024,04:00,Low,39.8
10473,Bhopal,11/14/2023,03:45,Moderate,26.7
10474,Bhopal,05/08/2023,20:30,High,25.4
10475,Bhopal,10-04-2024,05:30,Low,30.8
10476,Bhopal,21/12/2024,08:15,Moderate,29.1
10477,Bhopal,2024-02-27,05:45,Low,48.4
10478,Bhopal,22/01/2023,12:30,Moderate,30.2
10479,Bhopal,09-07-2024,15:15,Moderate,26.7
10480,Bhopal,20/11/2023,19:45,High,13.9
10481,Bhopal,2024-03-07,17:00,Low,38.8
10482,Bhopal,06/15/2023,09:45,High,22.2
10483,Bhopal,08/07/2024,07:45,Severe,5.0
10484,Bhopal,2023.02.07,15:15,High,9.2
10485,Bhopal,2024-08-28,07:30,Moderate,30.4
10486,Bhopal,2024.11.10,08:30,High,23.8
10487,Bhopal,05-02-2023,09:30,Moderate,14.4
10488,Bhopal,2024.11.07,14:00,Low,39.8
10489,Bhopal,06/02/2023,12:45,High,-20.9
10490,Bhopal,18/10/2023,07:00,Low,37.3
10491,Bhopal,2023.06.13,18:15,High,25.5
10492,Bhopal,10/30/2024,08:00,Severe,15.7
10493,Bhopal,05/09/2023,06:45,Severe,4.2
10494,Bhopal,08-04-2023,21:30,Severe,14.5
10495,Bhopal,2024.08.09,17:45,Low,41.8
10496,Bhopal,10/02/2023,13:30,Moderate,24.3
10497,Bhopal,04/20/2023,13:15,Moderate,28.9
10498,Bhopal,02/15/2023,18:45,High,23.6
10499,Bhopal,25-03-2024,12:30,Moderate,25.4
10500,Bhopal,20/07/2024,18:15,Moderate,26.5
10501,Bhopal,06/02/2024,21:30,Low,34.7
10502,Bhopal,10/30/2023,08:45,Severe,3.0
10503,Bhopal,2024-12-07,11:15,Low,32.1
10504,Bhopal,2024-01-30,08:15,Severe,20.0
10505,Bhopal,17/05/2023,19:45,Severe,8.5
10506,Bhopal,04-02-2024,16:15,Moderate,32.7
10507,Bhopal,01/12/2024,17:45,High,20.7
10508,Bhopal,11/23/2023,18:30,Severe,7.6
10509,Bhopal,07/25/2024,06:00,Moderate,33.2
10510,Bhopal,15-01-2023,07:45,Moderate,27.4
10511,Bhopal,2023.03.15,14:15,Moderate,35.4
10512,Bhopal,07-07-2023,18:45,High,16.5
10513,Bhopal,18-04-2023,17:45,Low,37.9
10514,Bhopal,29-11-2023,08:00,Low,48.3
10515,Bhopal,13-03-2023,08:15,High,9.0
10516,Bhopal,2023-03-18,18:00,Severe,3.0
10517,Bhopal,12/10/2023,07:30,Moderate,-35.6
10518,Bhopal,2023-08-04,13:45,High,21.4
10519,Bhopal,2024-04-06,09:00,High,22.8
10520,Bhopal,06-05-2024,11:00,Moderate,30.1
10521,Bhopal,06-01-2024,16:00,Moderate,35.1
10522,Bhopal,18-10-2024,09:45,High,15.8
10523,Bhopal,17-10-2024,21:15,,8.6
10524,Bhopal,2023.09.10,18:15,Severe,11.0
10525,Bhopal,2024.12.24,16:00,High,14.9
10526,Bhopal,16/08/2024,03:00,Low,31.8
10527,Bhopal,2023.07.02,22:15,Low,32.9
10528,Bhopal,10/12/2023,00:45,Low,40.8
10529,Bhopal,2023.08.11,09:00,Severe,7.2
10530,Bhopal,24-01-2023,08:45,High,18.6
10531,Bhopal,2024.07.07,08:30,High,23.1
10532,Bhopal,2024-07-08,12:30,High,11.1
10533,Bhopal,2023.11.04,12:00,Low,34.3
10534,Bhopal,2023-10-16,15:45,Severe,3.0
10535,Bhopal,15/11/2024,19:45,Moderate,24.8
10536,Bhopal,2024-04-25,17:15,Low,41.4
10537,Bhopal,10/04/2023,08:45,Moderate,-28.5
10538,Bhopal,07/04/2024,14:45,Moderate,29.7
10539,Bhopal,2024.02.23,10:15,Moderate,25.1
10540,Bhopal,11/23/2023,08:15,High,5.9
10541,Bhopal,03/06/2024,17:45,High,24.4
10542,Bhopal,11-12-2024,11:45,High,15.3
10543,Bhopal,30/04/2024,20:45,Severe,15.5
10544,Bhopal,19/07/2024,22:15,High,10.7
10545,Bhopal,27/12/2024,11:15,Moderate,31.7
10546,Bhopal,18/03/2024,11:15,Severe,3.0
10547,Bhopal,03/05/2024,19:30,Low,42.7
10548,Bhopal,2024.07.28,17:30,Low,44.1
10549,Bhopal,2024.12.08,23:00,High,18.6
10550,Bhopal,11/03/2024,19:45,High,9.6
10551,Bhopal,2023-01-28,18:15,High,17.3
10552,Bhopal,17-07-2024,06:15,Moderate,29.7
10553,Bhopal,2024-03-10,08:30,Low,39.1
10554,Bhopal,18-01-2023,14:30,High,18.4
10555,Bhopal,2024-02-14,17:30,High,18.1
10556,Bhopal,02/26/2023,10:45,Low,43.2
10557,Bhopal,18/03/2024,22:15,Moderate,26.1
10558,Bhopal,29/01/2024,09:30,Severe,14.5
10559,Bhopal,05/05/2024,19:15,Moderate,22.7
10560,Bhopal,2024.03.03,14:00,Moderate,35.6
10561,Bhopal,2023-08-24,12:45,High,13.9
10562,Bhopal,10/03/2024,16:30,Low,37.8
10563,Bhopal,2023-09-16,07:45,Low,35.1
10564,Bhopal,2024.12.25,11:00,High,22.3
10565,Bhopal,12/01/2024,14:30,Low,42.9
10566,Bhopal,05/27/2024,17:15,High,14.4
10567,Bhopal,03-04-2024,19:15,High,20.0
10568,Bhopal,2023.06.06,06:00,Severe,9.6
10569,Bhopal,09/08/2024,19:45,Moderate,24.5
10570,Bhopal,12-07-2023,18:45,Moderate,26.3
10571,Bhopal,2023.03.08,20:30,Severe,10.6
10572,Bhopal,08-01-2023,10:30,High,14.8
10573,Bhopal,29-07-2024,09:30,High,10.5
10574,Bhopal,02/01/2023,08:00,Severe,4.7
10575,Bhopal,2024-01-17,18:00,Severe,11.6
10576,Bhopal,2024.12.25,06:30,Moderate,26.5
10577,Bhopal,12/21/2023,18:00,High,19.4
10578,Bhopal,24/06/2023,08:00,Severe,9.8
10579,Bhopal,2023-12-22,14:45,Low,42.5
10580,Bhopal,07/30/2023,19:00,Severe,10.9
10581,Bhopal,06/12/2023,18:15,Severe,3.3
10582,Bhopal,01-04-2023,17:45,Moderate,32.0
10583,Bhopal,24-08-2024,05:15,Low,31.3
10584,Bhopal,2023.10.20,16:15,Low,46.6
10585,Bhopal,2023-08-02,16:30,Moderate,29.5
10586,Bhopal,14/08/2024,07:00,High,18.8
10587,Bhopal,2024-01-24,12:45,High,22.7
10588,Bhopal,2023.04.09,20:15,Severe,12.6
10589,Bhopal,2023.03.17,17:30,Moderate,23.8
10590,Bhopal,07/28/2024,18:00,Moderate,16.4
10591,Bhopal,2023-01-19,09:30,High,-15.6
10592,Bhopal,14-12-2024,02:00,Severe,11.4
10593,Bhopal,2023.09.22,14:45,Low,38.2
10594,Bhopal,07-01-2024,19:00,Severe,-14.0
10595,Bhopal,2024.04.30,08:00,High,13.8
10596,Bhopal,16-08-2023,08:00,High,7.2
10597,Bhopal,10-05-2024,19:15,Moderate,21.0
10598,Bhopal,2024-10-19,19:30,High,22.4
10599,Bhopal,06/11/2024,11:00,Moderate,22.4
10600,Bhopal,31/10/2024,18:30,Severe,7.2
10601,Bhopal,07/14/2023,17:00,Moderate,30.8
10602,Bhopal,2023.12.03,21:30,Moderate,27.8
10603,Bhopal,29/07/2024,11:15,Moderate,20.0
10604,Bhopal,20-07-2024,10:00,High,18.1
10605,Bhopal,2023.02.14,11:45,Low,33.1
10606,Bhopal,09/14/2023,18:00,High,12.1
10607,Bhopal,2023-11-23,09:00,Low,38.8
10608,Bhopal,2023.10.03,06:00,Moderate,34.6
10609,Bhopal,2023.10.04,21:15,Low,38.5
10610,Bhopal,20/03/2023,14:45,Severe,13.0
10611,Bhopal,28/09/2024,08:15,High,16.4
10612,Bhopal,2023-11-03,20:00,Severe,3.0
10613,Bhopal,2023.10.04,08:15,High,108.5
10614,Bhopal,06-04-2024,05:45,Low,35.9
10615,Bhopal,17-01-2023,10:15,Low,38.3
10616,Bhopal,2023.12.25,11:30,High,24.1
10617,Bhopal,25/04/2023,07:15,Severe,9.9
10618,Bhopal,24/11/2024,23:30,Low,40.5
10619,Bhopal,22/03/2023,19:45,Severe,9.2
10620,Bhopal,11/01/2023,03:15,Low,38.0
10621,Bhopal,2024-09-15,05:30,Low,41.8
10622,Bhopal,2024-06-12,18:30,High,20.1
10623,Bhopal,11/24/2024,21:00,High,19.0
10624,Bhopal,05/05/2023,08:15,High,12.9
10625,Bhopal,2023-06-27,09:30,High,25.5
10626,Bhopal,12/12/2024,06:00,Moderate,18.4
10627,Bhopal,31/12/2023,19:00,High,17.7
10628,Bhopal,03/08/2024,12:15,Moderate,26.5
10629,Bhopal,30/01/2023,10:30,High,11.0
10630,Bhopal,2023-10-28,16:00,Low,38.2
10631,Bhopal,04/19/2024,09:45,Severe,7.2
10632,Bhopal,06/24/2023,17:15,Severe,3.0
10633,Bhopal,2024.02.07,16:30,Moderate,33.4
10634,Bhopal,24-12-2023,05:45,Low,38.8
10635,Bhopal,2023-10-04,17:15,Moderate,28.0
10636,Bhopal,29/10/2024,14:00,Moderate,22.3
10637,Bhopal,2024.08.30,08:15,Severe,4.8
10638,Bhopal,2024.02.18,15:30,Low,37.8
10639,Bhopal,20/07/2024,17:00,Moderate,25.8
10640,Bhopal,03-08-2023,18:15,Moderate,24.3
10641,Bhopal,2023.04.11,09:30,Severe,6.6
10642,Bhopal,2024-12-30,07:00,Moderate,22.4
10643,Bhopal,03/02/2024,04:45,High,10.4
10644,Bhopal,2023.12.14,16:00,Low,26.2
10645,Bhopal,10/22/2024,19:30,Moderate,22.3
10646,Bhopal,2024.10.04,09:00,Severe,3.0
10647,Bhopal,25-04-2023,20:15,Severe,12.8
10648,Bhopal,22-03-2024,18:30,High,20.8
10649,Bhopal,2023-02-05,18:30,Low,39.2
10650,Bhopal,2024.04.19,17:15,Moderate,25.6
10651,Bhopal,2023.05.03,20:15,Severe,19.6
10652,Bhopal,16/12/2023,20:00,Severe,12.1
10653,Bhopal,2023-11-09,18:30,Severe,3.0
10654,Bhopal,2024.10.23,21:00,Moderate,25.3
10655,Bhopal,03/10/2024,02:00,Low,36.9
10656,Bhopal,17-04-2024,09:15,Severe,15.1
10657,Bhopal,2024.05.03,16:15,Low,37.7
10658,Bhopal,03/04/2024,19:30,Moderate,15.9
10659,Bhopal,01/06/2023,17:00,Moderate,24.3
10660,Bhopal,06-01-2024,10:45,High,16.5
10661,Bhopal,06/17/2023,18:45,High,6.7
10662,Bhopal,2024.11.19,17:30,High,9.2
10663,Bhopal,2023-03-19,16:00,Severe,11.3
10664,Bhopal,12/07/2023,14:00,High,6.0
10665,Bhopal,02/07/2024,08:30,High,12.1
10666,Bhopal,2024-09-28,19:45,Moderate,22.2
10667,Bhopal,2024-05-11,09:15,Severe,3.0
10668,Bhopal,2024.07.28,18:30,High,16.3
10669,Bhopal,2023-04-24,23:45,Low,41.9
10670,Bhopal,31/03/2024,16:30,Moderate,30.2
10671,Bhopal,2023.07.22,18:00,High,-13.6
10672,Bhopal,2024.02.04,17:00,Low,32.0
10673,Bhopal,01/23/2023,08:45,High,24.6
10674,Bhopal,07/08/2024,20:30,Severe,4.8
10675,Bhopal,2024.10.12,12:00,Low,39.0
10676,Bhopal,02/19/2024,17:45,Moderate,32.5
10677,Bhopal,13-07-2023,18:30,High,16.4
10678,Bhopal,2023-09-28,00:30,Moderate,32.1
10679,Bhopal,06/17/2024,12:30,High,18.4
10680,Bhopal,06/03/2024,17:45,High,14.2
10681,Bhopal,2024-03-29,09:45,High,7.9
10682,Bhopal,2024.04.02,16:15,Moderate,31.7
10683,Bhopal,01-10-2024,12:45,Moderate,23.1
10684,Bhopal,08/21/2024,09:45,Moderate,22.3
10685,Bhopal,14-08-2024,08:15,Low,33.5
10686,Bhopal,2024.10.09,00:15,Moderate,90.8
10687,Bhopal,09/06/2024,16:15,Low,37.8
10688,Bhopal,24-01-2023,08:00,High,14.4
10689,Bhopal,11/01/2023,11:15,Severe,6.0
10690,Bhopal,2023.01.28,14:45,Moderate,15.2
10691,Bhopal,27-09-2024,16:30,Severe,4.7
10692,Bhopal,2024-11-17,16:30,High,18.9
10693,Bhopal,2023.03.03,11:15,High,6.5
10694,Bhopal,2023-07-19,19:45,Moderate,24.5
10695,Bhopal,09/11/2023,10:15,High,15.2
10696,Bhopal,12-08-2023,17:45,High,15.2
10697,Bhopal,27-03-2023,02:15,Low,36.6
10698,Bhopal,08/08/2024,14:45,Low,35.8
10699,Bhopal,09/01/2024,08:30,Severe,13.4
10700,Bhopal,21-10-2024,20:45,High,17.0
10701,Bhopal,2024-04-15,18:00,Severe,9.4
10702,Bhopal,2024.12.17,20:00,High,18.9
10703,Bhopal,04-02-2023,06:45,Severe,4.6
10704,Bhopal,08/19/2023,15:00,Moderate,28.2
10705,Bhopal,2023.08.28,21:15,Moderate,32.6
10706,Bhopal,2023-08-27,12:15,Low,39.1
10707,Bhopal,2023-10-22,19:00,High,22.2
10708,Bhopal,24-06-2023,08:30,High,16.9
10709,Bhopal,2024-11-16,08:00,High,11.5
10710,Bhopal,09/29/2023,07:30,Moderate,31.9
10711,Bhopal,2023-12-29,11:45,Moderate,21.6
10712,Bhopal,08-04-2023,03:45,Low,29.4
10713,Bhopal,21/12/2023,18:45,Moderate,24.5
10714,Bhopal,2023-02-14,21:00,Low,31.7
10715,Bhopal,30-01-2023,13:15,Low,37.7
10716,Bhopal,2023.03.14,12:00,Moderate,32.7
10717,Bhopal,2024.02.09,19:00,High,12.7
10718,Bhopal,05/03/2024,22:45,Low,33.7
10719,Bhopal,2023-05-24,18:15,Severe,12.9
10720,Bhopal,13/01/2024,08:00,Moderate,31.5
10721,Bhopal,2023-12-12,16:30,Low,38.1
10722,Bhopal,2024.08.17,16:45,Moderate,26.6
10723,Bhopal,10/21/2023,19:30,Moderate,32.8
10724,Bhopal,12-10-2023,05:45,Low,39.8
10725,Bhopal,28-12-2024,12:30,Moderate,28.3
10726,Bhopal,04/27/2023,15:00,Low,36.6
10727,Bhopal,07-09-2023,08:45,Severe,16.4
10728,Bhopal,2024.09.02,13:00,Low,37.5
10729,Bhopal,2024.06.01,09:30,High,7.9
10730,Bhopal,07/08/2024,08:00,Severe,3.0
10731,Bhopal,2023.08.29,16:15,High,14.2
10732,Bhopal,2024.02.17,18:15,Moderate,22.5
10733,Bhopal,2024.06.23,20:45,High,14.9
10734,Bhopal,2024.09.19,18:00,Severe,5.1
10735,Bhopal,2023-03-23,06:30,Severe,12.7
10736,Bhopal,18-02-2023,18:15,High,10.1
10737,Bhopal,11/21/2023,16:30,High,17.1
10738,Bhopal,2024.05.06,10:15,High,9.3
10739,Bhopal,19/04/2023,16:00,,35.1
10740,Bhopal,2024-09-26,19:15,Severe,7.7
10741,Bhopal,2023-10-13,19:15,High,11.0
10742,Bhopal,2023.11.24,14:15,Moderate,22.3
10743,Bhopal,30/03/2023,07:45,Moderate,26.5
10744,Bhopal,08/27/2024,17:30,Severe,9.2
10745,Bhopal,09/02/2023,10:30,Moderate,30.1
10746,Bhopal,31/01/2023,11:45,Moderate,30.1
10747,Bhopal,04-09-2024,08:00,Moderate,26.5
10748,Bhopal,12-04-2024,05:15,High,14.1
10749,Bhopal,22-06-2024,23:15,Moderate,19.5
10750,Bhopal,2023-06-05,14:30,Moderate,25.9
10751,Bhopal,01/11/2023,12:30,Moderate,20.4
10752,Bhopal,19/09/2024,20:15,Severe,9.7
10753,Bhopal,28/11/2024,07:30,High,18.1
10754,Bhopal,21-07-2024,19:45,Moderate,21.5
10755,Bhopal,2024-11-12,09:30,High,24.4
10756,Bhopal,2023.11.24,09:30,Moderate,20.4
10757,Bhopal,20/10/2023,01:00,Low,31.5
10758,Bhopal,2023-01-26,13:00,Low,44.4
10759,Bhopal,02-01-2023,14:00,High,15.6
10760,Bhopal,2023.05.03,17:30,Severe,9.8
10761,Bhopal,06/23/2023,08:00,High,19.4
10762,Bhopal,2023-08-14,18:15,High,8.8
10763,Bhopal,09/17/2024,04:15,Low,30.1
10764,Bhopal,18-05-2024,08:15,High,18.3
10765,Bhopal,2024.08.10,15:00,Low,44.1
10766,Bhopal,23/05/2023,22:15,Severe,7.2
10767,Bhopal,2024-01-20,06:15,Moderate,33.5
10768,Bhopal,2023-05-01,22:15,Low,37.5
10769,Bhopal,2024.07.03,19:30,High,17.1
10770,Bhopal,2023.09.14,13:00,Moderate,30.1
10771,Bhopal,2023.08.25,07:30,Moderate,31.2
10772,Bhopal,2024-03-26,10:45,Moderate,30.6
10773,Bhopal,29-06-2024,15:30,Moderate,33.8
10774,Bhopal,09-11-2023,18:30,High,14.5
10775,Bhopal,2024-11-01,09:15,Moderate,30.2
10776,Bhopal,12/10/2024,07:45,High,15.4
10777,Bhopal,15/02/2023,07:15,Low,33.5
10778,Bhopal,2024-11-17,11:45,High,17.4
10779,Bhopal,20-05-2023,10:15,Moderate,30.7
10780,Bhopal,2024-11-13,02:15,Moderate,17.0
10781,Bhopal,2024.03.01,13:45,Low,40.5
10782,Bhopal,10/30/2023,11:00,Low,37.4
10783,Bhopal,2024-07-26,00:30,Low,40.1
10784,Bhopal,08/10/2024,13:45,Low,36.9
10785,Bhopal,2023-02-01,04:00,High,14.6
10786,Bhopal,11/28/2023,17:00,Moderate,31.7
10787,Bhopal,13/06/2023,09:15,Severe,15.1
10788,Bhopal,2023.10.03,19:00,High,16.8
10789,Bhopal,06/09/2023,16:45,Low,42.2
10790,Bhopal,2023.09.17,08:30,High,19.8
10791,Bhopal,27/08/2024,12:45,Moderate,27.2
10792,Bhopal,26-10-2024,20:30,Severe,11.6
10793,Bhopal,10/06/2023,11:30,Low,42.2
10794,Bhopal,20/09/2023,11:00,High,17.3
10795,Bhopal,2024-04-10,17:00,Moderate,32.0
10796,Bhopal,2023.01.06,08:45,Moderate,37.5
10797,Bhopal,01/11/2024,16:30,Moderate,29.3
10798,Bhopal,2024.10.27,19:30,High,16.7
10799,Bhopal,2023.08.18,17:00,Moderate,23.9
10800,Bhopal,2024.02.06,17:15,Severe,8.8
10801,Bhopal,2024.09.29,07:00,Low,32.8
10802,Bhopal,09/06/2023,17:15,High,10.4
10803,Bhopal,05/17/2024,20:00,High,18.5
10804,Bhopal,02-10-2023,12:45,Low,35.3
10805,Bhopal,07/16/2024,20:15,Severe,10.7
10806,Bhopal,2023.05.29,18:45,High,16.9
10807,Bhopal,12-08-2023,12:15,Low,29.4
10808,Bhopal,07/21/2024,07:00,Moderate,25.0
10809,Bhopal,2023.10.27,07:15,Moderate,29.0
10810,Bhopal,2023.08.10,21:45,Moderate,27.9
10811,Bhopal,11/10/2024,08:00,Severe,14.9
10812,Bhopal,17-08-2023,11:30,High,14.1
10813,Bhopal,08-05-2023,18:00,Severe,14.4
10814,Bhopal,2023.01.07,09:15,High,10.6
10815,Bhopal,26-07-2024,10:45,Low,41.8
10816,Bhopal,2024.07.21,12:00,Low,39.9
10817,Bhopal,15/10/2023,19:30,Severe,17.5
10818,Bhopal,11/20/2023,08:45,High,12.4
10819,Bhopal,05/08/2024,15:15,High,18.7
10820,Bhopal,2023.01.12,08:15,Moderate,25.8
10821,Bhopal,22-07-2024,04:15,Low,26.4
10822,Bhopal,18/04/2024,17:45,Moderate,31.7
10823,Bhopal,25-06-2023,17:45,High,19.4
10824,Bhopal,2024-06-17,10:30,Moderate,27.1
10825,Bhopal,08/11/2024,14:45,Moderate,29.8
10826,Bhopal,06/10/2023,12:45,Low,40.5
10827,Bhopal,2024-07-29,19:45,High,16.7
10828,Bhopal,2023.08.20,07:15,Low,31.4
10829,Bhopal,2024.09.11,15:45,Moderate,25.1
10830,Bhopal,03/06/2023,08:15,Moderate,28.9
10831,Bhopal,2024-10-11,16:00,High,18.7
10832,Bhopal,2024.03.16,10:45,Low,34.1
10833,Bhopal,11/16/2024,08:30,High,25.7
10834,Bhopal,05/17/2024,08:30,High,18.5
10835,Bhopal,04/10/2024,08:30,Moderate,34.0
10836,Bhopal,2024-05-02,10:30,High,15.8
10837,Bhopal,10-08-2023,07:00,Moderate,28.2
10838,Bhopal,09/24/2023,09:15,Severe,112.4
10839,Bhopal,2024.11.16,19:45,High,16.8
10840,Bhopal,2024.09.14,19:15,Moderate,24.2
10841,Bhopal,2024.02.23,11:30,Moderate,17.1
10842,Bhopal,2024-11-23,13:45,Moderate,37.6
10843,Bhopal,2024-02-14,18:45,High,97.5
10844,Bhopal,04-05-2024,07:30,High,16.7
10845,Bhopal,29/03/2024,15:15,Low,42.4
10846,Bhopal,31-01-2023,21:30,High,15.7
10847,Bhopal,28-11-2023,07:15,Moderate,34.9
10848,Bhopal,2024.08.20,12:30,Low,27.0
10849,Bhopal,18-11-2024,08:15,Severe,8.7
10850,Bhopal,06/11/2023,06:15,High,20.0
10851,Bhopal,31/07/2023,14:30,Moderate,29.1
10852,Bhopal,2023.02.07,18:30,High,12.6
10853,Bhopal,2024.02.14,12:00,Low,35.6
10854,Bhopal,2023-11-04,09:15,High,21.0
10855,Bhopal,03/16/2023,12:45,High,18.3
10856,Bhopal,15-06-2023,08:00,Severe,9.6
10857,Bhopal,12/10/2024,09:15,Severe,15.3
10858,Bhopal,05/08/2024,10:30,Low,37.4
10859,Bhopal,2023-05-12,02:30,Low,39.5
10860,Bhopal,04/10/2023,09:45,High,19.2
10861,Bhopal,05-05-2023,07:00,Low,35.3
10862,Bhopal,2024.08.28,09:45,Moderate,31.9
10863,Bhopal,2024-12-26,10:15,High,15.1
10864,Bhopal,23-05-2024,18:45,High,19.6
10865,Bhopal,2024-01-26,22:45,Low,37.0
10866,Bhopal,25-11-2024,11:15,Moderate,31.0
10867,Bhopal,07-05-2024,08:00,Severe,13.9
10868,Bhopal,2024-09-29,12:45,Moderate,107.9
10869,Bhopal,15-12-2024,20:30,Severe,3.0
10870,Bhopal,30/04/2023,12:00,Moderate,33.8
10871,Bhopal,02/04/2023,05:00,Low,31.7
10872,Bhopal,2024-12-14,15:15,Low,37.4
10873,Bhopal,04/01/2023,21:45,High,23.0
10874,Bhopal,2024-06-12,18:15,Moderate,27.8
10875,Bhopal,12/14/2024,03:15,Low,45.0
10876,Bhopal,05/02/2024,16:30,Moderate,19.7
10877,Bhopal,11/27/2023,05:45,Low,35.6
10878,Bhopal,20/12/2024,19:45,Moderate,30.4
10879,Bhopal,2024-04-03,14:15,Moderate,28.8
10880,Bhopal,2023.03.22,07:45,Moderate,32.6
10881,Bhopal,08-04-2024,20:30,Low,38.3
10882,Bhopal,2023.03.27,10:15,Moderate,21.0
10883,Bhopal,2023-09-30,23:00,Moderate,27.8
10884,Bhopal,15/07/2024,14:15,High,20.7
10885,Bhopal,29-03-2023,22:45,High,11.4
10886,Bhopal,2024.12.28,19:15,Moderate,23.3
10887,Bhopal,2023.11.07,08:15,Severe,3.0
10888,Bhopal,2024-04-27,18:00,Moderate,34.4
10889,Bhopal,2024.01.26,19:15,High,14.2
10890,Bhopal,2024.09.26,16:00,High,12.1
10891,Bhopal,08/06/2024,10:45,Moderate,27.5
10892,Bhopal,2023.02.15,19:30,High,11.8
10893,Bhopal,2024.02.02,06:45,Severe,3.2
10894,Bhopal,10-04-2023,13:45,High,18.5
10895,Bhopal,2024-10-31,17:30,Moderate,26.0
10896,Bhopal,09/06/2024,08:30,Low,42.9
10897,Bhopal,08-05-2023,19:45,High,25.8
10898,Bhopal,06-02-2023,07:15,Moderate,25.5
10899,Bhopal,08/08/2024,22:00,High,19.8
10900,Bhopal,2024.03.22,08:45,Severe,3.0
10901,Bhopal,2023.09.21,09:15,Moderate,26.5
10902,Bhopal,11/10/2023,20:30,High,116.1
10903,Bhopal,04/08/2024,07:15,Moderate,22.3
10904,Bhopal,2024-10-17,18:30,Severe,7.2
10905,Bhopal,02/10/2024,08:15,Moderate,26.7
10906,Bhopal,17/09/2023,19:00,High,14.8
10907,Bhopal,13-12-2023,01:45,Low,37.5
10908,Bhopal,2024.12.17,18:15,Severe,4.8
10909,Bhopal,2023-02-26,10:15,High,19.3
10910,Bhopal,17/08/2024,06:15,Severe,6.4
10911,Bhopal,28/03/2024,07:00,High,6.9
10912,Bhopal,10/28/2024,17:30,High,23.1
10913,Bhopal,2023.07.21,12:00,Low,31.0
10914,Bhopal,2024-10-13,15:45,High,16.8
10915,Bhopal,24/06/2023,18:30,High,20.4
10916,Bhopal,2023.01.27,09:30,Moderate,24.4
10917,Bhopal,10/21/2024,08:45,High,16.9
10918,Bhopal,03-02-2024,23:30,Moderate,26.5
10919,Bhopal,18-05-2024,14:15,Moderate,29.0
10920,Bhopal,2024-05-25,21:00,Moderate,21.9
10921,Bhopal,17/08/2023,17:30,Low,37.4
10922,Bhopal,2024.02.01,18:15,Severe,15.7
10923,Bhopal,29-08-2024,17:15,Moderate,26.9
10924,Bhopal,2024-10-19,20:30,Moderate,27.5
10925,Bhopal,18-12-2023,20:15,Severe,14.6
10926,Bhopal,25-06-2024,05:00,Low,-33.2
10927,Bhopal,05/07/2023,05:00,Low,36.2
10928,Bhopal,2023-03-30,17:15,Low,36.9
10929,Bhopal,2024.03.28,17:15,Moderate,29.3
10930,Bhopal,2024-09-25,13:45,High,14.3
10931,Bhopal,12/07/2024,07:00,Moderate,27.6
10932,Bhopal,18/10/2023,12:30,Moderate,35.6
10933,Bhopal,2023-06-09,05:15,Moderate,24.2
10934,Bhopal,06/23/2024,22:00,Moderate,27.0
10935,Bhopal,10/04/2023,07:30,Severe,3.0
10936,Bhopal,17/06/2023,11:00,Moderate,29.4
10937,Bhopal,2024.04.05,08:30,Low,38.5
10938,Bhopal,02-04-2023,07:00,Moderate,36.8
10939,Bhopal,09/02/2023,20:45,Severe,3.0
10940,Bhopal,06/03/2024,10:45,Moderate,24.0
10941,Bhopal,08/16/2024,03:00,Low,44.8
10942,Bhopal,21/02/2023,11:30,Moderate,21.3
10943,Bhopal,2024-10-21,08:30,Severe,10.7
10944,Bhopal,2023-01-29,12:45,High,22.1
10945,Bhopal,16-04-2024,17:15,Low,39.9
10946,Bhopal,2023.08.12,07:15,Moderate,21.3
10947,Bhopal,11/11/2023,08:45,High,15.4
10948,Bhopal,2024.12.10,18:45,Low,45.9
10949,Bhopal,26/10/2023,17:30,Moderate,34.9
10950,Bhopal,26/01/2023,18:45,Moderate,27.1
10951,Bhopal,07-01-2023,18:15,Severe,3.5
10952,Bhopal,06/07/2023,07:45,Moderate,29.0
10953,Bhopal,13-09-2024,12:30,Moderate,18.6
10954,Bhopal,2023-10-28,09:45,Severe,5.6
10955,Bhopal,2023.12.09,19:00,Moderate,30.9
10956,Bhopal,07-02-2024,21:30,Low,47.4
10957,Bhopal,24-04-2023,08:15,Severe,11.5
10958,Bhopal,18/03/2023,09:00,High,9.4
10959,Bhopal,23/04/2024,16:00,Moderate,28.2
10960,Bhopal,04-12-2024,12:15,Severe,10.9
10961,Bhopal,31-07-2024,01:30,High,6.8
10962,Bhopal,2024.12.17,16:30,High,7.6
10963,Bhopal,2023-09-21,07:15,Moderate,38.1
10964,Bhopal,02/10/2023,12:00,Moderate,31.7
10965,Bhopal,07/15/2024,20:30,Severe,7.8
10966,Bhopal,2024.08.21,19:15,Moderate,20.4
10967,Bhopal,12/16/2023,14:00,High,11.9
10968,Bhopal,23/06/2023,07:15,Severe,17.1
10969,Bhopal,2023.10.05,19:00,Low,35.4
10970,Bhopal,2023.03.21,08:15,Moderate,32.0
10971,Bhopal,2023-09-02,19:45,High,7.4
10972,Bhopal,22-04-2024,19:45,,20.4
10973,Bhopal,01/27/2023,03:15,Low,40.0
10974,Bhopal,2024-02-27,17:15,Severe,12.2
10975,Bhopal,2024-01-18,11:15,High,10.5
10976,Bhopal,18-12-2023,10:00,High,12.9
10977,Bhopal,07/25/2023,15:15,Low,43.2
10978,Bhopal,12/21/2024,13:30,Moderate,30.8
10979,Bhopal,16-04-2024,06:15,Moderate,23.2
10980,Bhopal,2024-08-26,20:45,High,10.5
10981,Bhopal,2023-05-19,12:00,Severe,10.9
10982,Bhopal,09-09-2023,09:30,Severe,11.4
10983,Bhopal,30/09/2023,06:00,High,18.9
10984,Bhopal,2023-11-07,16:15,Low,46.7
10985,Bhopal,2024-02-15,17:15,Moderate,31.7
10986,Bhopal,05/04/2023,10:00,Moderate,23.2
10987,Bhopal,19-04-2023,10:00,Low,30.6
10988,Bhopal,28-06-2024,08:15,High,13.3
10989,Bhopal,2023.11.22,09:15,Moderate,24.1
10990,Bhopal,05/12/2023,20:30,High,111.2
10991,Bhopal,04-03-2023,20:30,High,22.4
10992,Bhopal,2023.07.29,06:00,Low,31.0
10993,Bhopal,29-11-2023,08:00,High,19.0
10994,Bhopal,13/08/2024,19:30,High,13.1
10995,Bhopal,08-12-2024,19:15,Severe,8.9
10996,Bhopal,2024.08.20,15:00,Low,39.2
10997,Bhopal,08/23/2023,22:00,Moderate,23.7
10998,Bhopal,09-07-2023,16:00,Low,40.2
10999,Bhopal,18/08/2024,11:15,Severe,11.0
11000,Bhopal,28/05/2023,18:00,High,10.5
11001,Bhopal,02/22/2024,11:30,Moderate,29.8
11002,Bhopal,17-12-2024,12:30,Moderate,24.1
11003,Bhopal,14/08/2024,08:30,Severe,12.1
11004,Coimbatore,2024-01-31,04:00,Low,44.8
11005,Coimbatore,2024-01-26,08:00,Moderate,26.6
11006,Coimbatore,2024-09-06,17:15,Moderate,26.1
11007,Coimbatore,11/07/2023,08:30,High,20.2
11008,Coimbatore,2024-12-17,17:15,High,15.6
11009,Coimbatore,2023-03-05,13:30,Moderate,34.9
11010,Coimbatore,2024-02-14,16:00,Severe,9.4
11011,Coimbatore,10/19/2023,12:15,High,17.0
11012,Coimbatore,2024-12-12,21:00,Low,37.6
11013,Coimbatore,2024.12.03,09:30,High,14.4
11014,Coimbatore,2023-08-08,12:00,Moderate,36.3
11015,Coimbatore,12/29/2024,16:15,Moderate,25.2
11016,Coimbatore,09/09/2024,23:15,Low,42.8
11017,Coimbatore,11/05/2023,20:00,High,21.4
11018,Coimbatore,11/01/2023,07:45,High,19.7
11019,Coimbatore,01/13/2023,16:15,Moderate,24.9
11020,Coimbatore,05/11/2024,02:00,Moderate,24.3
11021,Coimbatore,27/05/2024,08:15,Moderate,24.8
11022,Coimbatore,08-06-2024,18:15,High,10.1
11023,Coimbatore,15-10-2024,10:15,Moderate,30.6
11024,Coimbatore,23/04/2023,19:00,Low,37.8
11025,Coimbatore,07-06-2024,07:45,Low,36.1
11026,Coimbatore,24/07/2023,07:00,Moderate,27.6
11027,Coimbatore,02/07/2023,13:30,Severe,6.1
11028,Coimbatore,2024-09-09,11:15,Low,31.4
11029,Coimbatore,05/25/2024,11:15,Low,36.6
11030,Coimbatore,17-04-2023,22:00,Moderate,19.1
11031,Coimbatore,2023-04-11,11:00,Low,34.6
11032,Coimbatore,24-03-2024,10:15,High,15.0
11033,Coimbatore,11/23/2024,15:15,Moderate,28.5
11034,Coimbatore,02-03-2023,09:15,High,25.6
11035,Coimbatore,2023.03.24,06:00,Moderate,22.9
11036,Coimbatore,2023.03.22,11:15,Moderate,27.8
11037,Coimbatore,2023.03.05,09:00,Moderate,31.4
11038,Coimbatore,24/01/2024,15:45,High,11.8
11039,Coimbatore,08/20/2024,19:00,Severe,3.7
11040,Coimbatore,2023.12.19,04:00,Low,50.6
11041,Coimbatore,27/05/2023,18:30,Severe,14.0
11042,Coimbatore,2023.12.03,01:30,Moderate,25.9
11043,Coimbatore,2023-11-13,09:30,High,13.0
11044,Coimbatore,2024.08.13,18:30,High,17.2
11045,Coimbatore,15/05/2023,12:15,Low,33.5
11046,Coimbatore,27/09/2024,13:45,High,19.4
11047,Coimbatore,04/04/2024,16:00,Low,49.4
11048,Coimbatore,16/04/2024,08:30,Severe,3.0
11049,Coimbatore,2023.01.27,10:45,Moderate,27.2
11050,Coimbatore,11/09/2023,08:45,High,28.1
11051,Coimbatore,03/03/2023,06:45,High,9.9
11052,Coimbatore,2023-02-01,15:30,Moderate,20.2
11053,Coimbatore,2023-01-15,18:30,Severe,3.0
11054,Coimbatore,2024.08.08,07:30,Low,40.6
11055,Coimbatore,30/09/2023,09:30,Severe,3.0
11056,Coimbatore,26-07-2024,10:15,Low,32.8
11057,Coimbatore,2024-06-03,20:45,High,18.2
11058,Coimbatore,2024.01.03,16:30,Low,27.4
11059,Coimbatore,29-06-2023,08:00,Moderate,20.9
11060,Coimbatore,2023.08.30,17:00,Low,36.0
11061,Coimbatore,2023.02.19,19:45,High,20.2
11062,Coimbatore,28-04-2024,08:45,High,28.1
11063,Coimbatore,2024.12.26,19:15,Low,35.3
11064,Coimbatore,27/05/2023,15:15,Moderate,23.6
11065,Coimbatore,2024.03.08,04:00,Low,35.2
11066,Coimbatore,09-08-2024,11:45,Moderate,29.5
11067,Coimbatore,2024-05-24,17:30,High,23.9
11068,Coimbatore,30/09/2023,08:45,High,15.6
11069,Coimbatore,2024-10-17,19:30,High,10.8
11070,Coimbatore,02/10/2024,10:45,Severe,3.0
11071,Coimbatore,2024-12-21,14:45,Moderate,16.7
11072,Coimbatore,2024.11.08,17:00,Moderate,25.1
11073,Coimbatore,14-05-2023,06:45,Moderate,21.3
11074,Coimbatore,2024-04-05,15:30,,25.9
11075,Coimbatore,2024-03-28,16:30,Moderate,23.5
11076,Coimbatore,10/22/2024,07:15,Moderate,25.2
11077,Coimbatore,2024-11-17,14:30,Moderate,30.5
11078,Coimbatore,03/22/2023,11:45,Severe,3.0
11079,Coimbatore,25/10/2024,13:15,Low,34.4
11080,Coimbatore,2023.01.16,16:00,Moderate,24.5
11081,Coimbatore,2024-06-02,07:00,Moderate,31.6
11082,Coimbatore,24/11/2024,13:15,High,12.3
11083,Coimbatore,2023-10-11,00:45,Low,35.4
11084,Coimbatore,2024-07-02,21:45,High,12.2
11085,Coimbatore,06/08/2024,08:15,High,16.1
11086,Coimbatore,01-03-2024,20:00,Severe,19.6
11087,Coimbatore,2023.02.06,18:30,Low,37.7
11088,Coimbatore,2023-11-02,20:30,Severe,9.9
11089,Coimbatore,02/26/2024,07:30,Low,41.9
11090,Coimbatore,26-05-2024,11:45,,15.4
11091,Coimbatore,2023-08-20,19:30,Moderate,28.4
11092,Coimbatore,2023.04.24,14:15,Low,38.0
11093,Coimbatore,2023.11.02,18:30,High,7.5
11094,Coimbatore,01/05/2023,03:00,Low,34.3
11095,Coimbatore,02/02/2023,09:45,High,8.4
11096,Coimbatore,2023-08-09,18:15,Moderate,27.5
11097,Coimbatore,2023-07-09,08:45,Severe,9.4
11098,Coimbatore,2024-04-01,18:30,Moderate,26.8
11099,Coimbatore,17-11-2023,19:15,High,16.1
11100,Coimbatore,17/09/2024,14:45,Severe,9.7
11101,Coimbatore,2023-11-17,19:30,Moderate,31.2
11102,Coimbatore,04/22/2024,19:30,Moderate,30.1
11103,Coimbatore,23/10/2023,07:45,Moderate,30.9
11104,Coimbatore,03/09/2024,19:15,High,20.0
11105,Coimbatore,2024.04.11,01:15,Low,45.0
11106,Coimbatore,23-07-2023,18:45,Severe,13.6
11107,Coimbatore,25-09-2024,11:15,Moderate,30.6
11108,Coimbatore,17-07-2024,21:30,Moderate,20.8
11109,Coimbatore,2023-04-11,08:15,Low,44.6
11110,Coimbatore,02/19/2023,10:45,,34.8
11111,Coimbatore,17/07/2023,16:30,Low,37.9
11112,Coimbatore,2023-03-12,02:15,Low,38.6
11113,Coimbatore,2023-09-17,08:15,Moderate,31.5
11114,Coimbatore,09/14/2023,19:15,High,19.4
11115,Coimbatore,2024.07.19,18:45,Severe,3.0
11116,Coimbatore,06/19/2023,10:00,High,25.9
11117,Coimbatore,2024-12-06,06:15,Moderate,21.7
11118,Coimbatore,08-10-2024,18:15,High,25.8
11119,Coimbatore,2023-04-14,14:00,Moderate,29.0
11120,Coimbatore,2023-05-23,07:30,Moderate,28.6
11121,Coimbatore,2024-08-06,16:45,Moderate,25.5
11122,Coimbatore,10/09/2024,07:45,,10.5
11123,Coimbatore,12/17/2024,08:15,Moderate,20.0
11124,Coimbatore,11/17/2024,09:45,Moderate,24.9
11125,Coimbatore,25-12-2024,21:15,Severe,11.5
11126,Coimbatore,29/09/2023,17:45,Low,36.8
11127,Coimbatore,12/22/2023,07:15,Moderate,22.6
11128,Coimbatore,05/23/2023,21:15,Moderate,19.3
11129,Coimbatore,23/06/2024,15:00,Moderate,22.9
11130,Coimbatore,06-10-2023,19:00,Low,41.9
11131,Coimbatore,25-09-2024,19:45,High,18.6
11132,Coimbatore,08-03-2024,01:15,Low,31.0
11133,Coimbatore,2024.04.13,03:45,Moderate,24.6
11134,Coimbatore,09/13/2023,11:00,Low,37.8
11135,Coimbatore,12/29/2023,08:45,High,6.9
11136,Coimbatore,2024-06-16,18:15,Severe,4.4
11137,Coimbatore,2024.02.20,14:30,Moderate,28.6
11138,Coimbatore,12/19/2023,09:45,High,15.0
11139,Coimbatore,08/12/2024,17:00,High,14.8
11140,Coimbatore,10/04/2023,21:00,High,16.0
11141,Coimbatore,2024-10-25,09:30,Severe,10.9
11142,Coimbatore,02/25/2024,09:45,Moderate,27.4
11143,Coimbatore,11/15/2024,18:45,Moderate,25.7
11144,Coimbatore,2024.07.03,16:15,Moderate,30.8
11145,Coimbatore,12-01-2023,16:30,Moderate,30.0
11146,Coimbatore,20-10-2024,04:00,Moderate,23.3
11147,Coimbatore,2024.10.24,21:15,High,18.8
11148,Coimbatore,21-07-2024,08:45,Low,39.6
11149,Coimbatore,28/01/2023,19:45,High,17.2
11150,Coimbatore,21/07/2024,00:15,,35.1
11151,Coimbatore,2024.05.17,20:00,Severe,12.5
11152,Coimbatore,2023.05.26,18:00,High,16.5
11153,Coimbatore,2024.10.02,09:45,Low,47.8
11154,Coimbatore,2023.12.21,16:30,Low,31.7
11155,Coimbatore,2024.08.11,08:45,High,17.2
11156,Coimbatore,2023.08.01,10:45,Low,28.3
11157,Coimbatore,2024.03.24,11:45,Moderate,25.5
11158,Coimbatore,08/23/2024,21:30,High,14.2
11159,Coimbatore,2023.10.20,06:45,Moderate,22.5
11160,Coimbatore,12-05-2023,01:45,Low,33.3
11161,Coimbatore,15-05-2024,14:15,Moderate,28.9
11162,Coimbatore,2024.02.15,15:45,High,13.7
11163,Coimbatore,15-10-2024,11:30,Moderate,22.1
11164,Coimbatore,01/26/2024,15:15,Moderate,23.1
11165,Coimbatore,2023-08-30,04:30,Low,34.6
11166,Coimbatore,2023.09.26,17:15,Low,35.9
11167,Coimbatore,2023.10.20,16:15,Moderate,32.6
11168,Coimbatore,2023-06-20,21:00,High,15.2
11169,Coimbatore,2024-11-24,17:15,High,18.6
11170,Coimbatore,2023.07.23,12:45,Moderate,30.3
11171,Coimbatore,2024.10.23,17:15,Moderate,24.2
11172,Coimbatore,04/29/2024,07:15,High,17.0
11173,Coimbatore,22/06/2023,11:15,High,17.4
11174,Coimbatore,2024.02.08,20:45,High,12.6
11175,Coimbatore,01/31/2024,15:45,Moderate,111.7
11176,Coimbatore,24-05-2023,19:00,Severe,14.3
11177,Coimbatore,28-12-2024,21:00,High,10.7
11178,Coimbatore,11/03/2024,06:00,Low,32.7
11179,Coimbatore,12/27/2023,20:15,Moderate,30.7
11180,Coimbatore,27-03-2023,01:30,Moderate,32.9
11181,Coimbatore,2024-11-15,15:30,Low,28.5
11182,Coimbatore,01/15/2024,19:15,Moderate,32.6
11183,Coimbatore,04/06/2023,15:00,Low,37.4
11184,Coimbatore,02/02/2023,13:15,Moderate,27.4
11185,Coimbatore,28-12-2024,08:15,Moderate,25.2
11186,Coimbatore,2024-11-27,08:15,High,19.4
11187,Coimbatore,24-10-2023,13:45,High,14.9
11188,Coimbatore,17/03/2024,07:45,Moderate,26.1
11189,Coimbatore,2023-06-14,19:45,Severe,7.8
11190,Coimbatore,2024-05-25,18:15,Severe,3.0
11191,Coimbatore,2023.11.14,17:15,Low,35.0
11192,Coimbatore,07/10/2023,15:45,Moderate,24.7
11193,Coimbatore,11/01/2023,05:45,Low,34.8
11194,Coimbatore,2024-05-03,08:45,High,17.8
11195,Coimbatore,28-10-2024,16:45,Severe,6.8
11196,Coimbatore,27-07-2023,10:00,High,-20.4
11197,Coimbatore,2024-07-16,14:00,Low,39.3
11198,Coimbatore,13/07/2023,09:45,Moderate,27.4
11199,Coimbatore,05-07-2023,18:15,Moderate,31.2
11200,Coimbatore,2023-02-01,19:15,High,14.8
11201,Coimbatore,05/23/2023,14:00,Moderate,31.7
11202,Coimbatore,2023.09.18,12:15,Moderate,37.1
11203,Coimbatore,11/05/2023,18:15,Severe,6.2
11204,Coimbatore,11/09/2023,08:00,Moderate,27.0
11205,Coimbatore,2024-08-25,09:45,Low,32.5
11206,Coimbatore,16-10-2024,20:30,High,8.5
11207,Coimbatore,24-06-2023,18:15,Severe,5.6
11208,Coimbatore,23-02-2024,01:30,Moderate,25.1
11209,Coimbatore,08/26/2023,09:45,Severe,7.0
11210,Coimbatore,29-03-2023,06:00,High,12.5
11211,Coimbatore,08/02/2023,19:30,Low,43.5
11212,Coimbatore,2024-07-12,17:15,High,-11.3
11213,Coimbatore,06/11/2023,08:45,Moderate,22.6
11214,Coimbatore,05-11-2024,18:45,High,13.6
11215,Coimbatore,2024-10-06,18:30,Moderate,14.9
11216,Coimbatore,14-03-2024,21:30,High,9.6
11217,Coimbatore,2023-06-21,18:30,Severe,7.8
11218,Coimbatore,2023.03.30,18:45,High,7.2
11219,Coimbatore,2023-06-07,07:45,High,14.0
11220,Coimbatore,2023.06.13,08:30,High,17.2
11221,Coimbatore,11-12-2024,07:30,Moderate,115.3
11222,Coimbatore,16-03-2023,11:15,Low,36.4
11223,Coimbatore,2023-03-07,08:45,Low,40.6
11224,Coimbatore,2023.04.23,18:15,High,19.2
11225,Coimbatore,25-06-2024,18:00,Moderate,26.8
11226,Coimbatore,22-08-2024,13:45,Severe,11.3
11227,Coimbatore,01/12/2023,14:00,Moderate,29.3
11228,Coimbatore,29-06-2023,14:30,Severe,-7.4
11229,Coimbatore,02-07-2023,10:45,Moderate,23.2
11230,Coimbatore,31-01-2024,19:15,Moderate,29.8
11231,Coimbatore,13/07/2024,10:15,Low,38.9
11232,Coimbatore,2023.08.08,21:15,Moderate,28.4
11233,Coimbatore,16/10/2023,02:30,Moderate,27.7
11234,Coimbatore,11/30/2023,15:15,Moderate,25.9
11235,Coimbatore,17/12/2024,08:15,High,13.6
11236,Coimbatore,02/16/2023,19:30,High,21.7
11237,Coimbatore,06/17/2023,12:30,High,20.1
11238,Coimbatore,01/07/2023,04:45,Low,39.1
11239,Coimbatore,2024.09.09,13:00,Moderate,33.7
11240,Coimbatore,2023-11-12,08:30,Severe,8.5
11241,Coimbatore,30-07-2024,19:45,Severe,5.9
11242,Coimbatore,2023.11.10,14:45,Moderate,32.6
11243,Coimbatore,2024-08-29,08:00,Severe,6.4
11244,Coimbatore,2024.04.16,08:30,Severe,11.1
11245,Coimbatore,2023.09.01,14:15,,28.0
11246,Coimbatore,13-07-2024,05:45,Moderate,16.9
11247,Coimbatore,2023-07-23,10:45,High,19.3
11248,Coimbatore,2024.01.24,19:45,Moderate,32.5
11249,Coimbatore,08/06/2024,02:45,Moderate,20.5
11250,Coimbatore,01/20/2024,13:15,Moderate,22.7
11251,Coimbatore,2024.11.22,03:15,Low,31.3
11252,Coimbatore,22/01/2024,10:00,Low,41.0
11253,Coimbatore,2024-01-21,18:30,High,16.1
11254,Coimbatore,2023-10-31,02:45,Low,39.2
11255,Coimbatore,2024.07.18,12:30,Low,39.1
11256,Coimbatore,2024-05-15,01:00,Low,35.7
11257,Coimbatore,11/11/2023,09:30,Severe,14.8
11258,Coimbatore,2023.06.28,20:00,Moderate,-19.0
11259,Coimbatore,10/07/2023,03:45,Moderate,15.5
11260,Coimbatore,2024.06.02,17:00,Moderate,28.0
11261,Coimbatore,23-11-2023,20:15,High,3.9
11262,Coimbatore,12/20/2023,02:15,Moderate,20.3
11263,Coimbatore,05-09-2023,08:00,Low,36.1
11264,Coimbatore,03-07-2024,14:00,High,11.3
11265,Coimbatore,04/07/2023,08:00,Moderate,33.2
11266,Coimbatore,2024-01-15,06:15,High,17.7
11267,Coimbatore,2023-07-26,16:30,Low,39.7
11268,Coimbatore,2023-10-22,17:15,Moderate,31.8
11269,Coimbatore,2023-04-25,19:30,Moderate,20.3
11270,Coimbatore,2023.04.18,11:45,Moderate,25.4
11271,Coimbatore,2023-02-16,18:45,High,14.2
11272,Coimbatore,24/10/2023,08:00,High,13.8
11273,Coimbatore,03/22/2024,18:30,Moderate,25.8
11274,Coimbatore,2023-05-11,17:00,Moderate,26.2
11275,Coimbatore,09/08/2024,00:00,High,24.7
11276,Coimbatore,2023.08.13,18:00,High,16.6
11277,Coimbatore,11/10/2023,17:00,Moderate,28.4
11278,Coimbatore,2024.05.27,18:45,High,12.2
11279,Coimbatore,07/08/2023,20:45,High,14.3
11280,Coimbatore,2024-10-31,11:45,Moderate,27.2
11281,Coimbatore,06/28/2023,14:30,Moderate,27.5
11282,Coimbatore,29/08/2023,21:30,Moderate,27.0
11283,Coimbatore,01/02/2024,21:00,High,18.4
11284,Coimbatore,19/07/2024,19:00,High,5.6
11285,Coimbatore,2023.01.24,14:45,Low,35.6
11286,Coimbatore,03/31/2023,11:45,Low,36.9
11287,Coimbatore,26-06-2023,02:45,Low,38.0
11288,Coimbatore,2024.07.07,12:45,Low,38.4
11289,Coimbatore,2023-03-02,18:45,Low,33.5
11290,Coimbatore,24-06-2023,08:30,High,21.3
11291,Coimbatore,2024-08-10,16:15,Low,35.8
11292,Coimbatore,18-06-2023,14:45,Moderate,31.1
11293,Coimbatore,2023.03.21,18:45,High,18.1
11294,Coimbatore,2023.11.10,17:00,Moderate,31.7
11295,Coimbatore,04/12/2024,10:45,Moderate,31.1
11296,Coimbatore,04/19/2024,11:45,Moderate,27.8
11297,Coimbatore,02/18/2024,08:30,High,14.0
11298,Coimbatore,2024.02.26,12:30,High,11.0
11299,Coimbatore,15/12/2023,18:30,Severe,10.5
11300,Coimbatore,18-08-2024,14:30,Low,34.2
11301,Coimbatore,2023-03-23,18:30,Severe,8.3
11302,Coimbatore,2023.09.18,17:00,Moderate,36.1
11303,Coimbatore,2024.07.05,09:30,Moderate,20.3
11304,Coimbatore,01-04-2023,13:00,Moderate,16.3
11305,Coimbatore,05/26/2023,16:45,Low,39.6
11306,Coimbatore,2023-06-08,19:30,Moderate,32.6
11307,Coimbatore,2024-12-23,11:45,Moderate,34.9
11308,Coimbatore,30-11-2024,09:30,High,14.0
11309,Coimbatore,2024-12-27,13:15,Low,35.1
11310,Coimbatore,2023-11-05,17:30,Moderate,31.3
11311,Coimbatore,2023.07.19,14:45,Severe,10.5
11312,Coimbatore,2023.03.23,17:00,Moderate,23.1
11313,Coimbatore,2024.12.30,16:30,Moderate,17.2
11314,Coimbatore,2024-01-11,19:15,Severe,5.5
11315,Coimbatore,05/31/2023,08:00,High,17.9
11316,Coimbatore,2024.04.10,09:00,High,10.9
11317,Coimbatore,11/12/2024,17:15,High,22.3
11318,Coimbatore,06/12/2023,17:15,Moderate,21.1
11319,Coimbatore,05/21/2023,17:45,Moderate,28.8
11320,Coimbatore,06/04/2024,16:30,Low,32.1
11321,Coimbatore,11/26/2023,12:15,Moderate,27.9
11322,Coimbatore,06/28/2023,18:45,High,12.1
11323,Coimbatore,18/09/2023,00:30,Low,35.2
11324,Coimbatore,25/02/2023,14:15,Low,38.9
11325,Coimbatore,2023-06-12,08:15,High,10.2
11326,Coimbatore,26-02-2024,13:15,High,16.5
11327,Coimbatore,2024.12.07,22:30,High,25.4
11328,Coimbatore,2024-10-29,18:45,Severe,3.2
11329,Coimbatore,2023.01.18,09:00,High,14.4
11330,Coimbatore,18/07/2023,00:00,High,9.4
11331,Coimbatore,12-12-2023,08:00,High,14.0
11332,Coimbatore,13-03-2024,02:45,Low,43.6
11333,Coimbatore,19/11/2024,16:45,Low,47.2
11334,Coimbatore,2023-10-19,22:30,High,17.9
11335,Coimbatore,29-03-2023,07:15,Low,38.2
11336,Coimbatore,01/05/2023,21:15,Low,38.1
11337,Coimbatore,02/10/2023,17:30,Moderate,31.6
11338,Coimbatore,2024.01.22,20:45,High,16.1
11339,Coimbatore,04-11-2024,18:45,High,13.2
11340,Coimbatore,2023.09.21,21:00,High,14.3
11341,Coimbatore,2023.02.20,10:45,High,12.5
11342,Coimbatore,14/01/2023,21:45,Severe,3.0
11343,Coimbatore,25-01-2023,18:00,Low,38.1
11344,Coimbatore,12/27/2023,08:45,Severe,6.8
11345,Coimbatore,02/10/2024,09:45,High,13.4
11346,Coimbatore,2023-02-17,15:00,Severe,21.0
11347,Coimbatore,07-12-2024,22:30,Low,38.4
11348,Coimbatore,2024-08-31,06:00,High,17.4
11349,Coimbatore,2024.06.12,16:30,Low,36.2
11350,Coimbatore,12/02/2024,19:00,Moderate,28.0
11351,Coimbatore,2023-10-07,08:45,Moderate,23.9
11352,Coimbatore,02-06-2024,19:30,Severe,12.5
11353,Coimbatore,2023-10-27,19:30,High,15.5
11354,Coimbatore,17/09/2024,08:00,Moderate,23.2
11355,Coimbatore,2024-03-10,17:00,Moderate,-28.0
11356,Coimbatore,15-06-2023,10:45,High,17.9
11357,Coimbatore,01/06/2024,11:00,Moderate,26.0
11358,Coimbatore,28-09-2024,01:15,Low,35.7
11359,Coimbatore,06/19/2024,20:30,Severe,7.6
11360,Coimbatore,2024.10.05,09:15,High,16.4
11361,Coimbatore,2024-12-01,20:30,Severe,5.0
11362,Coimbatore,24/05/2023,08:00,Moderate,27.9
11363,Coimbatore,14-08-2024,11:30,,24.0
11364,Coimbatore,09/06/2024,13:00,Moderate,27.0
11365,Coimbatore,02-03-2023,09:00,Moderate,28.1
11366,Coimbatore,2023-05-14,09:00,High,20.8
11367,Coimbatore,10/31/2023,15:45,Low,41.7
11368,Coimbatore,18-05-2023,17:15,Low,38.6
11369,Coimbatore,08/14/2023,09:45,Moderate,27.0
11370,Coimbatore,06/17/2023,23:45,High,17.8
11371,Coimbatore,2024.10.04,20:15,High,18.5
11372,Coimbatore,2023-12-30,09:00,Moderate,94.3
11373,Coimbatore,17-10-2024,03:45,Low,34.3
11374,Coimbatore,15/07/2023,16:30,Moderate,24.0
11375,Coimbatore,27-03-2024,16:15,Moderate,25.6
11376,Coimbatore,2023-01-05,22:45,Moderate,25.3
11377,Coimbatore,02-09-2023,08:15,High,16.5
11378,Coimbatore,05-10-2024,17:15,Low,41.8
11379,Coimbatore,2024-01-12,09:45,,24.1
11380,Coimbatore,2023-08-06,18:15,Severe,4.9
11381,Coimbatore,2023.05.19,16:30,High,17.0
11382,Coimbatore,16-12-2024,18:15,High,22.0
11383,Coimbatore,2023.05.14,15:15,Moderate,30.3
11384,Coimbatore,2024-05-30,15:45,Moderate,28.1
11385,Coimbatore,30-12-2024,19:15,High,17.5
11386,Coimbatore,27/07/2024,16:45,High,15.9
11387,Coimbatore,2024.10.24,09:30,Moderate,26.1
11388,Coimbatore,07/15/2023,19:45,High,6.4
11389,Coimbatore,03-03-2023,11:30,Low,26.3
11390,Coimbatore,2023.11.01,13:15,Low,39.5
11391,Coimbatore,05/16/2024,20:15,High,21.9
11392,Coimbatore,18/12/2024,18:15,Severe,6.4
11393,Coimbatore,15/08/2024,10:30,Low,43.3
11394,Coimbatore,2023-06-21,19:30,High,16.9
11395,Coimbatore,12/08/2023,18:30,High,8.8
11396,Coimbatore,2024-05-24,12:15,Moderate,23.1
11397,Coimbatore,13-10-2023,14:45,Moderate,24.7
11398,Coimbatore,10-02-2024,23:00,Low,38.1
11399,Coimbatore,05-11-2023,17:15,Low,35.1
11400,Coimbatore,2024.06.21,15:30,High,5.7
11401,Coimbatore,01/07/2023,07:15,High,18.5
11402,Coimbatore,2024.02.26,18:45,Moderate,27.9
11403,Coimbatore,23-09-2024,21:00,Low,40.2
11404,Coimbatore,02/17/2024,21:45,Moderate,36.7
11405,Coimbatore,12-12-2023,17:00,Moderate,34.2
11406,Coimbatore,02/12/2023,08:45,High,18.0
11407,Coimbatore,03-05-2024,19:45,High,19.1
11408,Coimbatore,11-04-2023,12:30,Low,43.0
11409,Coimbatore,08/26/2024,16:15,Low,39.6
11410,Coimbatore,2023-05-14,18:15,High,17.2
11411,Coimbatore,11/21/2024,06:30,Moderate,23.0
11412,Coimbatore,18-10-2023,15:30,Low,40.3
11413,Coimbatore,05/15/2023,08:15,High,13.6
11414,Coimbatore,08-09-2023,04:45,Low,34.7
11415,Coimbatore,20/02/2023,08:45,Low,41.3
11416,Coimbatore,11/06/2024,11:15,Severe,3.0
11417,Coimbatore,29/09/2023,16:45,Low,37.7
11418,Coimbatore,2024-05-20,13:45,Moderate,25.4
11419,Coimbatore,11/24/2024,17:30,High,19.6
11420,Coimbatore,13/10/2023,12:15,Moderate,28.8
11421,Coimbatore,07/01/2024,10:00,Low,35.5
11422,Coimbatore,26-01-2024,20:00,High,15.7
11423,Coimbatore,30/09/2024,18:15,Low,31.7
11424,Coimbatore,21-07-2023,14:45,Low,44.6
11425,Coimbatore,14/10/2024,08:45,Moderate,38.5
11426,Coimbatore,05-03-2023,19:00,High,16.1
11427,Coimbatore,17/05/2024,15:15,High,23.3
11428,Coimbatore,02-11-2023,20:00,High,16.1
11429,Coimbatore,11-02-2023,19:45,High,3.0
11430,Coimbatore,04-09-2023,08:30,High,17.4
11431,Coimbatore,06/09/2023,08:45,Severe,8.4
11432,Coimbatore,06/18/2024,08:30,High,20.7
11433,Coimbatore,02/05/2024,17:00,High,12.6
11434,Coimbatore,2023-10-29,19:15,Low,38.7
11435,Coimbatore,26-06-2023,13:30,Moderate,26.0
11436,Coimbatore,03/07/2023,00:00,Low,37.2
11437,Coimbatore,08/01/2023,07:45,Severe,7.7
11438,Coimbatore,2023-07-07,18:30,High,18.4
11439,Coimbatore,2023-07-07,21:00,Moderate,32.9
11440,Coimbatore,12/09/2023,19:30,High,17.5
11441,Coimbatore,18-12-2023,18:45,High,17.5
11442,Coimbatore,07/02/2023,06:45,Moderate,30.4
11443,Coimbatore,2023.07.17,01:00,Moderate,24.1
11444,Coimbatore,05/25/2023,17:15,Low,31.6
11445,Coimbatore,2024.02.04,17:15,High,13.2
11446,Coimbatore,2023-02-20,17:15,Low,39.6
11447,Coimbatore,2024-10-25,16:15,Moderate,37.3
11448,Coimbatore,2023.10.08,12:45,Low,39.5
11449,Coimbatore,07/05/2024,18:45,High,12.8
11450,Coimbatore,03/22/2023,13:30,Moderate,18.1
11451,Coimbatore,2023-06-02,08:15,Severe,3.0
11452,Coimbatore,24/12/2024,21:00,Low,38.2
11453,Coimbatore,08-04-2024,00:15,Low,42.8
11454,Coimbatore,08-03-2024,10:00,Moderate,33.4
11455,Coimbatore,05-05-2023,03:00,Low,45.4
11456,Coimbatore,11-05-2024,14:15,High,17.4
11457,Coimbatore,2024-06-01,10:15,Moderate,29.5
11458,Coimbatore,12-07-2023,19:00,Moderate,23.9
11459,Coimbatore,2023-07-19,22:30,Moderate,31.4
11460,Coimbatore,2024.11.07,19:15,Severe,3.9
11461,Coimbatore,2023.09.07,07:30,Low,36.4
11462,Coimbatore,25/03/2023,12:15,Moderate,32.7
11463,Coimbatore,2024.09.07,10:45,Severe,6.9
11464,Coimbatore,23-07-2023,18:30,Severe,3.0
11465,Coimbatore,08/12/2024,09:15,Moderate,27.3
11466,Coimbatore,24/12/2024,19:00,High,17.1
11467,Coimbatore,12-04-2024,12:30,Low,40.0
11468,Coimbatore,04/07/2023,07:45,Low,37.0
11469,Coimbatore,2023-02-13,08:00,High,17.4
11470,Coimbatore,08/11/2024,10:30,Low,30.5
11471,Coimbatore,08/21/2024,11:30,Low,41.9
11472,Coimbatore,2023-09-20,07:30,Severe,10.6
11473,Coimbatore,06/04/2023,19:45,High,12.6
11474,Coimbatore,12/24/2023,17:15,High,14.4
11475,Coimbatore,05/28/2023,21:45,Moderate,17.0
11476,Coimbatore,05-01-2024,08:15,High,17.8
11477,Coimbatore,07/15/2023,17:00,Moderate,26.2
11478,Coimbatore,09-03-2023,14:15,High,22.7
11479,Coimbatore,24-11-2024,16:00,Low,32.3
11480,Coimbatore,2023.05.12,18:00,Moderate,25.8
11481,Coimbatore,2024.05.06,20:00,High,16.7
11482,Coimbatore,04/07/2024,22:15,Severe,3.0
11483,Coimbatore,23-09-2023,06:45,Low,32.1
11484,Coimbatore,06-02-2024,06:00,Moderate,27.8
11485,Coimbatore,25/10/2023,13:00,Severe,3.0
11486,Coimbatore,2024.01.21,18:00,High,16.0
11487,Coimbatore,18/09/2024,16:00,Low,42.2
11488,Coimbatore,04/08/2023,18:00,High,21.2
11489,Coimbatore,29/05/2023,21:00,Moderate,27.2
11490,Coimbatore,2023-10-14,07:45,Severe,10.2
11491,Coimbatore,15/11/2023,17:00,High,20.8
11492,Coimbatore,2023-03-22,14:30,Moderate,32.0
11493,Coimbatore,23/07/2024,01:15,Low,30.4
11494,Coimbatore,2023.09.18,07:00,High,9.7
11495,Coimbatore,2023.05.20,19:15,High,16.8
11496,Coimbatore,04/07/2023,06:30,Moderate,16.8
11497,Coimbatore,2024-11-04,16:15,Severe,7.9
11498,Coimbatore,18-04-2024,19:15,High,15.0
11499,Coimbatore,02/26/2024,10:00,Moderate,28.8
11500,Coimbatore,16-01-2023,12:45,Moderate,24.0
11501,Coimbatore,10/04/2023,22:00,Low,45.9
11502,Coimbatore,25/04/2023,08:30,Severe,11.3
11503,Coimbatore,2024.08.18,16:15,Low,42.8
11504,Coimbatore,2023.10.22,12:30,Low,42.3
11505,Coimbatore,08/28/2024,18:30,High,13.7
11506,Coimbatore,15-07-2024,20:00,Severe,3.0
11507,Coimbatore,18/05/2023,17:00,Low,33.3
11508,Coimbatore,12/22/2024,19:30,Severe,12.5
11509,Coimbatore,2023-09-06,07:00,Moderate,27.1
11510,Coimbatore,2023-11-19,07:45,High,20.5
11511,Coimbatore,05/07/2024,18:15,High,11.5
11512,Coimbatore,2024-10-25,17:15,Severe,7.6
11513,Coimbatore,21-07-2023,11:45,High,15.5
11514,Coimbatore,07/04/2023,18:00,Moderate,30.2
11515,Coimbatore,2024-08-05,17:30,Severe,3.0
11516,Coimbatore,14-02-2023,06:45,Moderate,27.6
11517,Coimbatore,31-12-2024,19:15,Severe,13.2
11518,Coimbatore,2023-11-27,15:45,Low,45.1
11519,Coimbatore,06/14/2024,19:45,Severe,13.2
11520,Coimbatore,03/31/2023,21:30,Moderate,30.6
11521,Coimbatore,2024-07-05,19:45,High,4.3
11522,Coimbatore,23-02-2024,10:30,Severe,9.4
11523,Coimbatore,2023-02-19,15:30,Severe,9.8
11524,Coimbatore,12-01-2023,06:45,Moderate,22.3
11525,Coimbatore,2024-06-26,07:15,High,15.7
11526,Coimbatore,2023.02.19,13:45,Low,38.4
11527,Coimbatore,12-09-2024,10:00,Moderate,25.2
11528,Coimbatore,2023-06-28,07:30,Low,36.0
11529,Coimbatore,2023.06.29,09:15,Moderate,26.8
11530,Coimbatore,2024.01.26,06:30,Moderate,15.6
11531,Coimbatore,06/21/2023,18:15,High,11.3
11532,Coimbatore,2024-12-05,17:30,Low,26.7
11533,Coimbatore,11/15/2024,13:00,Low,36.3
11534,Coimbatore,2024-12-24,17:45,Low,37.9
11535,Coimbatore,24-12-2023,13:15,Severe,9.6
11536,Coimbatore,2023.05.22,18:00,Moderate,119.2
11537,Coimbatore,2023.12.01,12:45,Low,37.3
11538,Coimbatore,2024-01-22,19:30,High,12.8
11539,Coimbatore,04/02/2023,17:00,Moderate,41.0
11540,Coimbatore,27/05/2023,14:45,Moderate,85.3
11541,Coimbatore,2023-06-19,06:30,Moderate,26.1
11542,Coimbatore,01/13/2024,07:00,Severe,10.9
11543,Coimbatore,09/25/2023,17:30,High,16.2
11544,Coimbatore,16/11/2024,16:15,High,16.9
11545,Coimbatore,2024-04-26,07:45,Severe,3.0
11546,Coimbatore,01/17/2023,09:45,Severe,3.6
11547,Coimbatore,2024.11.11,17:45,Severe,8.3
11548,Coimbatore,2024.07.28,19:45,High,15.8
11549,Coimbatore,2023-01-13,06:45,Moderate,30.0
11550,Coimbatore,06/12/2023,17:15,High,7.0
11551,Coimbatore,18/07/2023,10:30,High,13.8
11552,Coimbatore,20/12/2023,01:15,Moderate,24.1
11553,Coimbatore,2024.12.16,11:15,Low,44.0
11554,Coimbatore,2024-07-12,20:00,High,12.8
11555,Coimbatore,15/12/2023,17:45,Moderate,27.1
11556,Coimbatore,28-06-2023,07:15,Low,37.0
11557,Coimbatore,2024-10-02,19:15,High,11.6
11558,Coimbatore,10/01/2024,20:00,High,16.4
11559,Coimbatore,08/08/2024,22:00,Moderate,24.3
11560,Coimbatore,13-12-2023,07:45,Moderate,30.3
11561,Coimbatore,2024-11-28,21:30,High,20.1
11562,Coimbatore,2023-08-14,07:45,High,5.7
11563,Coimbatore,12/02/2024,02:30,Low,27.9
11564,Coimbatore,18-01-2024,18:00,Severe,3.0
11565,Coimbatore,16-04-2024,16:15,Moderate,23.6
11566,Coimbatore,01/15/2024,09:15,High,20.8
11567,Coimbatore,29/08/2023,14:00,Severe,13.4
11568,Coimbatore,2024-07-06,11:00,High,23.6
11569,Coimbatore,2024-03-27,18:45,Severe,7.9
11570,Coimbatore,08/10/2024,09:00,Severe,3.0
11571,Coimbatore,2023.09.13,08:00,High,10.3
11572,Coimbatore,2023.05.13,23:15,Low,33.0
11573,Coimbatore,2024-10-26,10:00,High,19.4
11574,Coimbatore,2024-09-01,00:15,Low,42.4
11575,Coimbatore,16-10-2023,14:00,High,22.2
11576,Coimbatore,14/04/2023,12:45,Low,37.0
11577,Coimbatore,22/03/2024,19:15,Severe,8.0
11578,Coimbatore,07/10/2023,12:30,Moderate,35.9
11579,Coimbatore,2023.05.04,20:30,Moderate,31.2
11580,Coimbatore,03/29/2024,16:00,Moderate,29.0
11581,Coimbatore,2024-11-21,16:30,Low,41.4
11582,Coimbatore,2024-05-31,21:45,Low,33.1
11583,Coimbatore,2023-03-03,06:00,High,17.1
11584,Coimbatore,2024.03.23,18:45,High,16.9
11585,Coimbatore,09/23/2024,12:45,Low,37.4
11586,Coimbatore,02/11/2023,12:45,Moderate,26.8
11587,Coimbatore,03/07/2023,18:15,Moderate,23.8
11588,Coimbatore,19/11/2023,06:00,Moderate,27.0
11589,Coimbatore,19-07-2024,18:30,Severe,12.3
11590,Coimbatore,06/12/2023,16:15,Severe,3.0
11591,Coimbatore,05/04/2023,14:30,Moderate,21.9
11592,Coimbatore,2023.04.22,16:30,High,17.3
11593,Coimbatore,2023-04-10,19:15,,33.3
11594,Coimbatore,25/09/2024,12:30,Moderate,21.5
11595,Coimbatore,2024-06-01,21:45,Low,48.3
11596,Coimbatore,2023.05.07,21:45,Low,36.5
11597,Coimbatore,11/18/2024,07:15,High,5.3
11598,Coimbatore,14-04-2023,13:30,Moderate,32.6
11599,Coimbatore,19-03-2023,14:45,Low,31.2
11600,Coimbatore,14-11-2024,12:00,Moderate,27.4
11601,Coimbatore,2023.07.16,08:00,High,20.5
11602,Coimbatore,06/25/2023,13:45,Moderate,13.5
11603,Coimbatore,19/02/2023,21:45,Low,30.6
11604,Coimbatore,2024.03.22,20:00,Severe,10.1
11605,Coimbatore,2024.12.06,19:00,Severe,3.0
11606,Coimbatore,2024.03.02,10:45,Moderate,26.1
11607,Coimbatore,2023.09.01,08:45,Moderate,32.0
11608,Coimbatore,22/12/2023,16:30,Moderate,28.6
11609,Coimbatore,05-06-2024,17:15,Moderate,25.3
11610,Coimbatore,20-12-2023,17:15,Moderate,26.3
11611,Coimbatore,2024.05.23,22:30,Severe,12.0
11612,Coimbatore,2024.08.15,09:15,Moderate,35.1
11613,Coimbatore,05-01-2024,07:45,Moderate,31.1
11614,Coimbatore,10/06/2024,02:45,Low,35.5
11615,Coimbatore,24/06/2024,22:30,Moderate,19.5
11616,Coimbatore,31/05/2023,19:00,Severe,12.8
11617,Coimbatore,2024.05.07,15:30,Severe,5.7
11618,Coimbatore,09/21/2023,19:15,Moderate,27.5
11619,Coimbatore,13/05/2023,19:30,High,-11.1
11620,Coimbatore,27/01/2023,10:30,Low,43.8
11621,Coimbatore,2023-05-08,15:00,Severe,3.0
11622,Coimbatore,29/10/2024,01:15,Moderate,27.4
11623,Coimbatore,27-07-2024,17:15,Moderate,33.5
11624,Coimbatore,10/20/2024,15:00,Low,35.4
11625,Coimbatore,23/04/2023,16:30,Moderate,25.6
11626,Coimbatore,15/12/2023,09:45,Severe,6.0
11627,Coimbatore,25-11-2023,18:45,Low,43.0
11628,Coimbatore,20/04/2023,17:30,High,10.0
11629,Coimbatore,14-03-2023,10:30,Low,43.7
11630,Coimbatore,2024.06.09,11:15,Severe,8.2
11631,Coimbatore,2023.12.15,07:00,High,10.7
11632,Coimbatore,16-06-2024,07:30,High,11.2
11633,Coimbatore,2023-08-12,09:00,High,18.2
11634,Coimbatore,31-01-2023,07:15,Low,28.5
11635,Coimbatore,12/10/2023,09:30,Severe,4.8
11636,Coimbatore,05/17/2023,18:00,High,9.6
11637,Coimbatore,2023-04-07,06:30,Moderate,26.4
11638,Coimbatore,25-10-2024,13:45,Severe,16.5
11639,Coimbatore,07/05/2023,04:15,Moderate,21.9
11640,Coimbatore,2023.02.03,17:00,Moderate,21.6
11641,Coimbatore,2023.03.04,08:45,Moderate,32.6
11642,Coimbatore,17/03/2023,19:30,High,13.3
11643,Coimbatore,02/12/2023,18:00,Moderate,28.1
11644,Coimbatore,08/15/2023,11:45,Moderate,22.7
11645,Coimbatore,2024.06.16,12:45,Severe,6.9
11646,Coimbatore,01/10/2023,18:15,Severe,3.0
11647,Coimbatore,10/13/2023,17:15,Low,33.4
11648,Coimbatore,06/20/2024,20:30,Severe,14.2
11649,Coimbatore,2023.07.17,18:30,Severe,9.2
11650,Coimbatore,19-01-2024,22:00,Severe,3.0
11651,Coimbatore,2024.07.20,17:30,Low,43.1
11652,Coimbatore,02/10/2023,03:00,Low,30.5
11653,Coimbatore,21/07/2023,21:15,Low,38.7
11654,Coimbatore,03-06-2023,20:30,Moderate,20.0
11655,Coimbatore,11/10/2023,19:30,High,15.7
11656,Coimbatore,13/02/2023,09:30,High,9.6
11657,Coimbatore,15-09-2023,17:30,Low,42.6
11658,Coimbatore,2023.07.31,18:15,Moderate,25.3
11659,Coimbatore,24/08/2024,08:45,High,21.6
11660,Coimbatore,2023-09-10,15:30,Moderate,29.0
11661,Coimbatore,06/29/2024,19:00,High,22.5
11662,Coimbatore,2023.04.15,18:30,Severe,7.4
11663,Coimbatore,2023-07-13,08:45,High,16.1
11664,Coimbatore,09/18/2023,21:15,Moderate,27.8
11665,Coimbatore,05/23/2024,18:30,Low,32.6
11666,Coimbatore,08/12/2023,07:00,Moderate,24.3
11667,Coimbatore,03/17/2024,22:00,Low,43.1
11668,Coimbatore,30/07/2023,08:45,High,18.0
11669,Coimbatore,2024-03-11,08:00,High,7.4
11670,Coimbatore,2023-05-14,18:45,Low,33.8
11671,Coimbatore,10/05/2024,08:30,Severe,3.0
11672,Coimbatore,2024.05.14,00:45,Low,35.8
11673,Coimbatore,04/25/2024,11:30,Low,-44.1
11674,Coimbatore,17/10/2023,15:15,Moderate,30.3
11675,Coimbatore,01/26/2024,02:30,High,22.6
11676,Coimbatore,2023.09.24,07:30,Moderate,34.2
11677,Coimbatore,2023.10.13,16:30,High,15.8
11678,Coimbatore,06-08-2023,16:00,Severe,5.0
11679,Coimbatore,2023.11.12,09:45,High,17.9
11680,Coimbatore,10-01-2024,03:00,Low,32.2
11681,Coimbatore,06/09/2023,18:00,High,17.3
11682,Coimbatore,12-08-2023,19:00,Severe,3.0
11683,Coimbatore,2024.03.30,17:45,Moderate,30.5
11684,Coimbatore,2024.07.28,02:30,Low,40.3
11685,Coimbatore,29/03/2024,18:45,High,8.1
11686,Coimbatore,03/25/2023,11:15,High,16.0
11687,Coimbatore,2024.12.07,09:00,Low,31.3
11688,Coimbatore,13-11-2023,18:30,Severe,10.5
11689,Coimbatore,23-08-2024,22:00,Moderate,25.5
11690,Coimbatore,2024-06-03,08:30,High,12.7
11691,Coimbatore,01/28/2024,08:00,High,20.7
11692,Coimbatore,25-03-2024,05:15,Low,42.7
11693,Coimbatore,08/08/2024,09:30,High,11.9
11694,Coimbatore,11-02-2023,04:00,Moderate,31.9
11695,Coimbatore,22-12-2023,09:45,Severe,4.4
11696,Coimbatore,2024-09-07,09:15,High,25.3
11697,Coimbatore,12/24/2023,22:00,High,19.3
11698,Coimbatore,11/07/2024,17:15,Low,43.1
11699,Coimbatore,2024.01.14,06:15,High,8.3
11700,Coimbatore,02/17/2023,03:15,Low,42.4
11701,Coimbatore,17-07-2024,10:15,High,8.4
11702,Coimbatore,07/15/2024,13:30,High,17.9
11703,Coimbatore,10/06/2024,21:30,Severe,4.6
11704,Coimbatore,06/30/2024,17:00,High,107.9
11705,Coimbatore,02/08/2023,09:45,Severe,8.4
11706,Coimbatore,2023-07-14,18:00,High,17.4
11707,Coimbatore,2024-09-16,14:00,Low,27.8
11708,Coimbatore,22-12-2024,11:45,High,17.2
11709,Coimbatore,2023-06-05,08:45,High,23.1
11710,Coimbatore,13/03/2023,07:00,Moderate,19.9
11711,Coimbatore,08-05-2023,08:30,Severe,3.0
11712,Coimbatore,07/01/2023,09:00,Moderate,39.4
11713,Coimbatore,2023.08.02,08:45,Severe,6.1
11714,Coimbatore,2023.02.03,04:45,Low,33.4
11715,Coimbatore,27-08-2023,17:00,Low,34.9
11716,Kochi,2023.03.30,07:30,Moderate,31.6
11717,Kochi,2024-03-06,12:30,Moderate,-22.5
11718,Kochi,11/18/2024,20:00,High,17.8
11719,Kochi,04/19/2024,20:15,High,18.3
11720,Kochi,21/10/2024,07:30,High,14.0
11721,Kochi,05/19/2023,17:00,Low,37.9
11722,Kochi,2023-11-01,12:15,Moderate,15.5
11723,Kochi,08/30/2024,09:00,High,18.1
11724,Kochi,12-04-2024,16:15,Moderate,23.5
11725,Kochi,11/04/2024,19:45,High,14.4
11726,Kochi,10/24/2024,07:00,High,17.9
11727,Kochi,2024-05-24,13:00,Severe,10.4
11728,Kochi,02/01/2024,10:00,Severe,3.7
11729,Kochi,2023.02.27,18:00,High,18.6
11730,Kochi,03/10/2024,15:00,,25.2
11731,Kochi,23/08/2023,20:45,Severe,3.6
11732,Kochi,2024.03.23,13:00,High,13.8
11733,Kochi,03/02/2023,19:30,Moderate,28.7
11734,Kochi,09/15/2024,12:15,Moderate,27.2
11735,Kochi,2023.02.25,19:45,Moderate,25.7
11736,Kochi,03-03-2023,19:15,Severe,7.9
11737,Kochi,2023-07-26,13:15,Low,35.0
11738,Kochi,18/04/2024,17:15,Moderate,19.1
11739,Kochi,2023.11.14,23:30,High,18.0
11740,Kochi,04/08/2023,18:45,Severe,18.7
11741,Kochi,2024.06.25,19:00,Moderate,25.0
11742,Kochi,07/26/2023,17:30,Low,34.4
11743,Kochi,2024-11-09,08:45,Moderate,22.9
11744,Kochi,21/12/2023,18:15,High,28.4
11745,Kochi,20/01/2024,17:30,Low,37.5
11746,Kochi,22-04-2024,11:30,High,15.9
11747,Kochi,16-06-2024,15:00,Severe,5.5
11748,Kochi,2023.05.01,08:45,Severe,4.0
11749,Kochi,2024-08-24,05:15,Low,48.8
11750,Kochi,13-02-2024,17:45,Moderate,18.7
11751,Kochi,20/01/2023,17:15,High,18.3
11752,Kochi,2023.08.19,14:00,High,23.5
11753,Kochi,2024-10-03,18:30,High,13.6
11754,Kochi,23/03/2024,16:45,Moderate,95.7
11755,Kochi,29-04-2024,21:45,High,19.9
11756,Kochi,08-12-2024,18:00,Severe,13.5
11757,Kochi,28/04/2023,13:00,Moderate,29.6
11758,Kochi,10/09/2024,11:45,Moderate,33.3
11759,Kochi,2023-04-23,10:00,Low,33.6
11760,Kochi,2023-12-09,08:15,Low,29.0
11761,Kochi,06-07-2024,14:15,Moderate,28.2
11762,Kochi,30-11-2023,13:45,Moderate,30.8
11763,Kochi,08/08/2024,18:15,High,13.1
11764,Kochi,22/03/2023,18:30,High,9.7
11765,Kochi,02/12/2024,23:15,High,16.4
11766,Kochi,2023-12-29,07:00,Low,34.0
11767,Kochi,08-02-2023,08:45,Moderate,17.9
11768,Kochi,16/07/2024,09:45,High,12.0
11769,Kochi,08/26/2023,17:15,Low,33.6
11770,Kochi,2024-07-03,08:00,Moderate,21.8
11771,Kochi,2024.06.03,10:00,Low,40.1
11772,Kochi,11/09/2024,18:00,High,17.7
11773,Kochi,02/12/2023,16:45,Moderate,29.9
11774,Kochi,04/09/2023,09:30,Severe,12.5
11775,Kochi,02/26/2024,17:00,Low,39.9
11776,Kochi,2023.03.23,08:00,High,14.5
11777,Kochi,24-09-2023,17:15,Moderate,29.5
11778,Kochi,16-07-2023,19:45,High,18.2
11779,Kochi,2024.10.06,17:45,High,12.0
11780,Kochi,17-10-2023,18:15,High,23.8
11781,Kochi,25-12-2024,11:00,Moderate,23.8
11782,Kochi,29-03-2024,10:45,Severe,6.7
11783,Kochi,07-01-2023,21:15,Moderate,28.3
11784,Kochi,2023-08-22,10:00,High,15.6
11785,Kochi,2023-10-26,06:45,Moderate,22.3
11786,Kochi,13/12/2023,16:00,Moderate,27.2
11787,Kochi,2024.05.07,17:00,Low,37.1
11788,Kochi,04/06/2023,21:30,Low,35.0
11789,Kochi,04/10/2024,08:00,Severe,6.2
11790,Kochi,19-06-2023,18:45,Moderate,16.3
11791,Kochi,03/06/2023,11:15,Low,42.3
11792,Kochi,12/15/2023,13:30,Moderate,24.0
11793,Kochi,2024.01.05,15:00,Low,33.8
11794,Kochi,2023.10.27,16:30,Moderate,27.6
11795,Kochi,19/01/2024,20:00,High,21.3
11796,Kochi,10/07/2023,01:15,Moderate,30.6
11797,Kochi,2023-01-27,20:30,High,14.0
11798,Kochi,11/05/2024,17:45,Moderate,26.2
11799,Kochi,04/12/2023,08:15,High,11.8
11800,Kochi,14-10-2024,12:00,Moderate,26.9
11801,Kochi,03/18/2024,12:30,Low,39.7
11802,Kochi,02/26/2024,01:45,Low,35.9
11803,Kochi,2024.06.17,08:15,High,10.9
11804,Kochi,2023-10-22,13:00,Low,39.5
11805,Kochi,04/10/2024,18:00,Moderate,30.7
11806,Kochi,03-12-2023,17:00,High,16.8
11807,Kochi,2023-09-04,08:30,Moderate,22.7
11808,Kochi,2023-06-23,19:15,High,18.9
11809,Kochi,2024.12.11,09:30,Moderate,38.4
11810,Kochi,2024-11-29,20:45,High,10.3
11811,Kochi,09/06/2024,08:15,High,15.4
11812,Kochi,21-07-2023,19:00,Severe,6.1
11813,Kochi,2023.11.10,06:30,High,18.7
11814,Kochi,2024.05.14,07:15,Low,40.7
11815,Kochi,2023.01.11,16:30,Severe,9.0
11816,Kochi,2023-07-10,10:30,Moderate,35.7
11817,Kochi,02/12/2024,11:00,Severe,11.5
11818,Kochi,2024.04.19,07:45,Moderate,23.2
11819,Kochi,09/21/2024,10:00,Moderate,29.2
11820,Kochi,2023-06-12,16:15,Low,37.0
11821,Kochi,14/12/2024,17:15,Severe,14.2
11822,Kochi,2023-06-18,10:30,Severe,3.0
11823,Kochi,10-01-2023,10:45,Severe,12.5
11824,Kochi,2024-01-08,13:30,Low,42.8
11825,Kochi,2023.09.29,09:30,Severe,13.3
11826,Kochi,14-06-2023,17:00,Severe,5.8
11827,Kochi,2023.02.19,13:00,Low,31.8
11828,Kochi,12-09-2024,02:00,Low,35.5
11829,Kochi,04/04/2024,19:00,Low,33.0
11830,Kochi,2023.08.02,19:45,Severe,3.0
11831,Kochi,28-01-2024,13:00,Severe,11.7
11832,Kochi,11-10-2023,09:00,High,19.2
11833,Kochi,2023.04.26,16:30,Moderate,24.0
11834,Kochi,09/10/2023,07:45,Low,39.3
11835,Kochi,2024.07.29,11:45,Severe,6.7
11836,Kochi,24/04/2024,11:45,Moderate,21.5
11837,Kochi,20-11-2023,08:45,Moderate,25.2
11838,Kochi,11/14/2024,17:15,Moderate,25.8
11839,Kochi,07-04-2023,20:00,Moderate,34.9
11840,Kochi,2024.05.05,12:30,Low,41.7
11841,Kochi,22-02-2023,09:30,Low,33.3
11842,Kochi,29-01-2023,13:00,Moderate,26.9
11843,Kochi,09/28/2024,18:15,High,20.9
11844,Kochi,02/10/2023,18:45,High,22.0
11845,Kochi,2023-10-21,08:15,Severe,98.7
11846,Kochi,30-05-2023,08:45,Severe,7.0
11847,Kochi,02-02-2023,08:45,Severe,7.2
11848,Kochi,24/11/2023,07:00,Low,40.2
11849,Kochi,08/11/2024,08:45,Severe,8.5
11850,Kochi,21-03-2023,07:30,Moderate,32.9
11851,Kochi,06/23/2024,18:45,Severe,3.6
11852,Kochi,02-04-2024,17:00,Low,36.9
11853,Kochi,2024.09.10,17:30,Moderate,19.9
11854,Kochi,08/27/2024,09:45,Severe,5.1
11855,Kochi,10-01-2024,03:30,Low,36.7
11856,Kochi,2023.10.19,19:15,Severe,9.7
11857,Kochi,14/03/2023,17:30,Moderate,37.6
11858,Kochi,12-12-2024,11:45,High,11.6
11859,Kochi,11/04/2023,08:30,High,16.7
11860,Kochi,07/01/2024,06:15,Low,40.3
11861,Kochi,09/03/2024,17:00,Moderate,30.3
11862,Kochi,12/25/2024,17:30,Low,43.7
11863,Kochi,07/09/2023,07:15,Moderate,23.6
11864,Kochi,11/29/2023,18:30,High,8.3
11865,Kochi,2023.09.20,15:15,Moderate,19.6
11866,Kochi,06-02-2024,22:45,High,13.8
11867,Kochi,15-09-2023,16:15,Severe,9.0
11868,Kochi,2024-03-11,08:30,High,9.1
11869,Kochi,2023.10.10,08:15,High,20.1
11870,Kochi,2023.07.19,11:45,Moderate,26.9
11871,Kochi,05/09/2024,11:30,Moderate,28.4
11872,Kochi,2023.04.16,08:00,Severe,13.2
11873,Kochi,08/13/2023,17:00,Moderate,26.5
11874,Kochi,2024-02-01,07:15,Moderate,27.9
11875,Kochi,02/20/2023,23:45,High,22.6
11876,Kochi,04/02/2024,09:00,High,18.3
11877,Kochi,30-07-2023,13:45,Moderate,20.1
11878,Kochi,12-01-2023,12:30,Low,33.9
11879,Kochi,2024-10-21,02:00,Low,28.6
11880,Kochi,04/19/2023,18:45,Severe,10.0
11881,Kochi,12-03-2024,12:45,Low,43.3
11882,Kochi,2023.01.31,00:30,Low,41.3
11883,Kochi,02/08/2023,13:00,Moderate,28.0
11884,Kochi,10-07-2023,08:15,Severe,11.3
11885,Kochi,03/10/2023,18:00,High,19.2
11886,Kochi,2024-04-25,06:30,Moderate,16.1
11887,Kochi,08/16/2024,17:30,Moderate,28.9
11888,Kochi,18/02/2023,07:30,Moderate,18.9
11889,Kochi,2024-11-03,03:00,Severe,10.0
11890,Kochi,02/04/2024,20:15,High,14.8
11891,Kochi,2024.08.12,12:30,Low,29.9
11892,Kochi,04/05/2024,09:00,Moderate,26.9
11893,Kochi,2023.01.20,12:45,Low,38.9
11894,Kochi,2023.12.06,14:30,Low,40.5
11895,Kochi,02/04/2024,19:00,High,14.9
11896,Kochi,2023.07.02,13:45,High,12.0
11897,Kochi,03/06/2023,10:30,High,22.1
11898,Kochi,28-04-2024,09:45,High,28.2
11899,Kochi,18-08-2024,12:15,Moderate,23.8
11900,Kochi,03/08/2023,11:00,Moderate,24.2
11901,Kochi,22-08-2023,16:15,Low,34.5
11902,Kochi,03/04/2024,06:30,High,14.8
11903,Kochi,2023.01.23,09:45,High,6.1
11904,Kochi,2023.07.22,17:15,Moderate,27.1
11905,Kochi,2023-02-17,15:15,Severe,3.0
11906,Kochi,05/19/2024,08:45,High,5.7
11907,Kochi,25/11/2024,16:00,Severe,12.1
11908,Kochi,04/01/2023,11:00,Moderate,32.2
11909,Kochi,11-03-2024,08:00,Moderate,29.2
11910,Kochi,09/04/2023,14:15,High,16.9
11911,Kochi,07/31/2023,12:15,High,19.2
11912,Kochi,08/10/2024,11:45,Low,39.6
11913,Kochi,15-12-2024,10:45,Low,40.9
11914,Kochi,03-09-2023,17:15,Moderate,26.7
11915,Kochi,12/27/2024,09:15,Severe,6.9
11916,Kochi,26/12/2023,12:00,Low,34.0
11917,Kochi,2023.10.19,14:45,High,24.2
11918,Kochi,05/17/2024,05:45,Low,32.5
11919,Kochi,29-03-2024,17:00,High,13.9
11920,Kochi,10/11/2024,14:00,Moderate,29.5
11921,Kochi,13/11/2024,12:45,Moderate,25.7
11922,Kochi,05-01-2024,19:45,Moderate,24.9
11923,Kochi,04-04-2024,17:15,High,14.2
11924,Kochi,14-06-2024,19:15,High,9.2
11925,Kochi,2024.06.25,18:45,Moderate,22.2
11926,Kochi,02/25/2024,09:15,Moderate,21.3
11927,Kochi,01/06/2024,16:00,Low,30.7
11928,Kochi,2023.09.20,14:15,Moderate,-22.3
11929,Kochi,2024.11.28,12:15,Moderate,19.8
11930,Kochi,2023-07-05,18:00,Low,38.0
11931,Kochi,05-06-2023,16:30,Moderate,16.5
11932,Kochi,2024.07.25,18:15,High,19.3
11933,Kochi,11/12/2023,01:30,Low,38.4
11934,Kochi,24/01/2024,21:00,High,9.0
11935,Kochi,08/06/2024,20:45,Moderate,31.6
11936,Kochi,2024-08-16,15:00,High,14.6
11937,Kochi,10/16/2024,11:45,Low,-43.5
11938,Kochi,2024-03-12,11:30,High,22.0
11939,Kochi,29/12/2023,18:00,Severe,8.2
11940,Kochi,2023-03-20,20:30,,8.0
11941,Kochi,24-11-2023,18:30,Severe,3.0
11942,Kochi,2023.02.19,18:15,High,17.9
11943,Kochi,2023.01.10,18:30,Severe,7.0
11944,Kochi,10-10-2024,10:30,Low,37.7
11945,Kochi,2023-04-14,22:00,High,13.5
11946,Kochi,2023.05.25,22:30,Moderate,22.4
11947,Kochi,02/06/2024,08:15,Moderate,20.9
11948,Kochi,17-04-2024,03:15,Low,36.2
11949,Kochi,2023.01.10,01:15,Low,43.2
11950,Kochi,08/19/2023,00:15,Low,40.0
11951,Kochi,2024.07.21,08:15,Severe,4.4
11952,Kochi,2023.12.13,09:30,High,21.8
11953,Kochi,2024-07-14,19:00,Moderate,20.3
11954,Kochi,09/10/2023,10:45,Moderate,35.0
11955,Kochi,18-04-2023,16:15,High,18.6
11956,Kochi,04/24/2023,09:30,High,10.4
11957,Kochi,2024.06.30,08:30,Severe,9.9
11958,Kochi,2023.07.27,17:45,Low,35.8
11959,Kochi,08/10/2024,08:00,High,17.1
11960,Kochi,2023-09-08,07:30,Moderate,24.5
11961,Kochi,03-10-2024,12:30,Low,30.7
11962,Kochi,2024.04.02,08:00,Severe,4.8
11963,Kochi,2024-11-13,11:00,Moderate,27.6
11964,Kochi,2023-09-03,17:30,Low,34.7
11965,Kochi,01/05/2024,15:00,Moderate,28.1
11966,Kochi,2024-01-27,06:45,Moderate,27.6
11967,Kochi,2023-07-11,22:00,High,3.6
11968,Kochi,2023-05-22,12:30,Low,37.7
11969,Kochi,05/19/2023,17:15,Low,49.2
11970,Kochi,2024.12.24,06:30,Moderate,27.6
11971,Kochi,31/07/2023,17:30,Severe,7.9
11972,Kochi,15/01/2024,09:15,High,15.0
11973,Kochi,21/03/2023,17:15,Moderate,29.1
11974,Kochi,2024-12-14,19:30,High,19.5
11975,Kochi,04/14/2024,17:15,Moderate,30.2
11976,Kochi,08-12-2023,09:30,Severe,5.8
11977,Kochi,05/25/2024,19:15,High,21.0
11978,Kochi,2023-05-29,19:30,High,13.0
11979,Kochi,2023.05.16,14:30,High,13.7
11980,Kochi,12-04-2024,20:45,Moderate,14.3
11981,Kochi,14/03/2023,20:00,Severe,20.0
11982,Kochi,12/01/2023,15:15,High,13.5
11983,Kochi,05/17/2023,16:45,High,11.5
11984,Kochi,04-12-2023,09:15,Moderate,17.4
11985,Kochi,10-12-2023,21:00,High,12.7
11986,Kochi,2024.06.20,15:30,Severe,7.8
11987,Kochi,2024-07-25,12:00,Low,42.3
11988,Kochi,2024-11-04,19:30,Moderate,25.1
11989,Kochi,22/08/2024,21:30,Severe,3.0
11990,Kochi,25/03/2023,12:15,Moderate,33.6
11991,Kochi,29-05-2024,06:15,Moderate,35.1
11992,Kochi,01-06-2024,17:45,Severe,9.5
11993,Kochi,20-09-2023,08:45,Severe,13.4
11994,Kochi,01/13/2024,17:30,Severe,3.0
11995,Kochi,09-02-2023,08:45,High,25.0
11996,Kochi,2023.06.11,06:15,Low,38.9
11997,Kochi,2024-06-13,14:00,High,22.8
11998,Kochi,2024-06-03,09:45,High,12.9
11999,Kochi,18-02-2024,10:30,High,14.8
12000,Kochi,2023.03.05,17:00,Moderate,23.3
12001,Kochi,05/10/2024,17:30,Low,41.6
12002,Kochi,2023-11-27,01:30,Low,33.2
12003,Kochi,2024-02-11,08:00,Moderate,33.1
12004,Kochi,2023.01.08,11:15,High,18.7
12005,Kochi,15/07/2023,17:30,Moderate,28.8
12006,Kochi,2024-11-05,09:15,High,15.4
12007,Kochi,10/20/2024,13:15,High,21.6
12008,Kochi,04-10-2024,18:30,Moderate,28.1
12009,Kochi,01/04/2024,18:30,High,7.3
12010,Kochi,15-08-2024,21:15,Moderate,26.8
12011,Kochi,03/04/2023,03:30,Moderate,30.9
12012,Kochi,07/06/2023,23:00,Low,32.7
12013,Kochi,2023.12.24,08:45,Moderate,23.6
12014,Kochi,2024.06.09,14:15,High,24.5
12015,Kochi,2023.09.18,15:15,Moderate,25.2
12016,Kochi,11-04-2024,04:00,Low,35.2
12017,Kochi,11/03/2023,12:30,Severe,3.4
12018,Kochi,18/12/2024,09:30,High,13.6
12019,Kochi,10/01/2023,19:30,Severe,3.0
12020,Kochi,2024-03-02,16:30,Moderate,35.7
12021,Kochi,02/21/2024,05:00,Moderate,28.3
12022,Kochi,2024-12-18,09:15,High,21.0
12023,Kochi,28-04-2023,21:15,Low,35.6
12024,Kochi,2024.10.22,17:15,Low,35.5
12025,Kochi,04-01-2023,14:00,Low,47.4
12026,Kochi,03/23/2024,20:30,Moderate,33.1
12027,Kochi,03/04/2024,15:30,Low,37.7
12028,Kochi,2023.02.17,10:30,Moderate,29.1
12029,Kochi,2023.06.18,09:30,Severe,15.0
12030,Kochi,2023.06.24,08:30,Low,41.8
12031,Kochi,2024.02.29,19:00,High,16.6
12032,Kochi,21-10-2023,13:30,Moderate,28.3
12033,Kochi,2023-06-09,07:15,High,22.4
12034,Kochi,03/15/2024,14:45,Moderate,22.0
12035,Kochi,2023-03-06,11:15,Moderate,18.9
12036,Kochi,09/29/2023,15:15,High,13.4
12037,Kochi,2023.04.26,21:30,Severe,3.0
12038,Kochi,04/18/2024,08:15,High,14.9
12039,Kochi,2024-04-26,15:15,High,8.2
12040,Kochi,10-07-2024,20:30,Severe,6.6
12041,Kochi,10/16/2023,12:45,Moderate,26.2
12042,Kochi,12/04/2023,22:45,High,13.2
12043,Kochi,10/06/2024,18:00,High,13.1
12044,Kochi,02/29/2024,06:15,Moderate,32.8
12045,Kochi,09/09/2024,08:00,Severe,12.7
12046,Kochi,2024.11.03,13:00,Low,25.3
12047,Kochi,2023-10-08,20:15,Severe,9.1
12048,Kochi,2024.02.19,15:30,Moderate,35.4
12049,Kochi,2024.10.21,15:15,Severe,15.9
12050,Kochi,06/08/2023,11:30,Low,35.2
12051,Kochi,2024.05.28,08:15,Severe,8.3
12052,Kochi,2024.03.21,12:30,High,11.2
12053,Kochi,11/11/2023,18:00,High,21.7
12054,Kochi,2023.11.06,16:45,Severe,5.0
12055,Kochi,2023-01-06,14:45,Moderate,22.4
12056,Kochi,2024-04-27,12:15,Moderate,29.3
12057,Kochi,2023-05-23,08:30,Severe,3.5
12058,Kochi,01/26/2023,09:00,High,17.8
12059,Kochi,24-07-2024,06:45,Moderate,30.0
12060,Kochi,07/06/2024,07:15,Moderate,25.5
12061,Kochi,01/01/2024,04:00,Low,40.9
12062,Kochi,2023.09.27,08:00,Severe,12.9
12063,Kochi,2023-08-20,09:00,High,16.6
12064,Kochi,07/31/2023,12:00,High,15.7
12065,Kochi,2024.10.07,18:45,High,20.4
12066,Kochi,2024-12-21,11:15,Moderate,20.0
12067,Kochi,12/11/2024,12:00,Low,37.3
12068,Kochi,2023-03-01,19:15,Moderate,25.6
12069,Kochi,2023.06.30,12:00,Low,35.4
12070,Kochi,30/12/2023,18:00,Severe,10.5
12071,Kochi,02/15/2024,21:15,Low,36.8
12072,Kochi,2023-11-02,15:00,Moderate,16.7
12073,Kochi,2024.08.11,05:30,Low,31.6
12074,Kochi,20-12-2023,12:45,High,22.0
12075,Kochi,14/04/2023,18:00,High,12.8
12076,Kochi,15-02-2024,20:00,Moderate,38.9
12077,Kochi,11/06/2023,12:45,High,12.9
12078,Kochi,2023.12.10,09:15,Severe,16.1
12079,Kochi,15/06/2024,15:00,High,15.8
12080,Kochi,28/08/2023,06:30,High,21.6
12081,Kochi,11-09-2024,21:15,Moderate,26.3
12082,Kochi,2024.04.29,18:15,Severe,105.5
12083,Kochi,11/28/2023,08:45,Severe,3.0
12084,Kochi,19/02/2024,06:00,Low,39.2
12085,Kochi,01/11/2024,20:15,Severe,8.5
12086,Kochi,22/05/2023,20:15,High,17.6
12087,Kochi,15-06-2024,18:45,High,12.7
12088,Kochi,03-02-2023,07:00,Moderate,24.7
12089,Kochi,11/18/2023,19:45,High,15.4
12090,Kochi,2023-10-08,08:00,Moderate,30.7
12091,Kochi,22-05-2024,14:45,High,16.0
12092,Kochi,2023-04-27,13:00,High,20.9
12093,Kochi,2024.05.12,08:30,Severe,5.9
12094,Kochi,2024.10.25,08:30,Severe,7.0
12095,Kochi,07-07-2024,12:00,Moderate,24.9
12096,Kochi,09/09/2024,16:30,Severe,12.3
12097,Kochi,08/07/2023,08:30,High,20.7
12098,Kochi,2024.12.08,06:15,High,117.6
12099,Kochi,02-10-2023,18:30,Moderate,19.1
12100,Kochi,2023.03.14,11:15,Low,44.3
12101,Kochi,18-06-2023,07:00,Low,33.1
12102,Kochi,2024.11.02,18:45,Low,40.0
12103,Kochi,08-04-2023,08:45,High,20.6
12104,Kochi,11/21/2024,18:00,Moderate,27.8
12105,Kochi,10-11-2023,18:00,High,8.0
12106,Kochi,2024-03-09,12:00,High,15.9
12107,Kochi,2023-04-13,11:30,Moderate,26.6
12108,Kochi,02-08-2023,11:15,Low,40.4
12109,Kochi,2023.10.02,11:00,Severe,3.3
12110,Kochi,2024.06.29,11:00,Moderate,30.6
12111,Kochi,2023-12-17,09:15,Severe,12.4
12112,Kochi,31/10/2023,20:00,High,11.0
12113,Kochi,09/04/2023,11:15,High,19.8
12114,Kochi,04-06-2023,16:15,Moderate,26.1
12115,Kochi,09/22/2023,08:45,Moderate,33.1
12116,Kochi,2023-03-05,11:00,High,11.2
12117,Kochi,06/22/2024,11:30,Low,37.1
12118,Kochi,2023.09.21,09:45,Severe,7.7
12119,Kochi,23-09-2024,13:30,High,21.0
12120,Kochi,2023.08.15,20:15,High,15.2
12121,Kochi,2023-01-08,08:30,High,17.6
12122,Kochi,05/25/2023,10:45,Low,32.1
12123,Kochi,27/06/2023,19:45,Severe,3.0
12124,Kochi,30-04-2024,06:30,Low,34.3
12125,Kochi,06/27/2023,06:00,Severe,3.0
12126,Kochi,2023.08.30,08:45,Severe,13.4
12127,Kochi,30/07/2024,14:45,Moderate,25.2
12128,Kochi,06/09/2023,15:45,Low,44.5
12129,Kochi,02/01/2024,04:30,Low,37.4
12130,Kochi,08/04/2024,19:15,Severe,7.5
12131,Kochi,09/19/2024,08:30,Severe,5.1
12132,Kochi,04/10/2023,08:15,High,9.6
12133,Kochi,10/12/2023,07:30,Moderate,22.9
12134,Kochi,16/05/2024,09:45,High,20.7
12135,Kochi,21-07-2024,16:45,Low,32.2
12136,Kochi,2023-03-08,07:15,Severe,3.1
12137,Kochi,2023-12-21,05:30,Low,33.4
12138,Kochi,2024-01-07,16:45,High,22.9
12139,Kochi,04/10/2024,19:45,Low,46.1
12140,Kochi,22-07-2024,11:30,Moderate,36.4
12141,Kochi,10/07/2024,21:45,Moderate,20.6
12142,Kochi,2024.08.27,18:30,Severe,8.9
12143,Kochi,03/03/2023,20:45,Severe,3.0
12144,Kochi,2024.04.10,18:30,High,12.7
12145,Kochi,2023.06.26,17:00,High,21.2
12146,Kochi,25/12/2024,09:00,High,26.3
12147,Kochi,01/08/2023,12:30,Low,41.9
12148,Kochi,08-05-2024,20:15,High,20.7
12149,Kochi,09/09/2023,06:45,Moderate,25.5
12150,Kochi,2023.05.19,19:15,High,16.4
12151,Kochi,2024-05-25,09:30,High,18.8
12152,Kochi,2024-07-26,11:45,Moderate,28.6
12153,Kochi,2023-03-27,10:00,Low,40.9
12154,Kochi,2024-04-15,07:30,High,21.9
12155,Kochi,31-10-2023,10:15,Low,38.0
12156,Kochi,17-03-2024,01:15,Low,36.8
12157,Kochi,11/23/2024,11:30,Low,35.2
12158,Kochi,15/02/2024,13:00,Low,40.9
12159,Kochi,01/16/2024,15:00,Low,36.1
12160,Kochi,01-03-2024,18:00,Moderate,26.5
12161,Kochi,2024.10.10,23:45,High,13.3
12162,Kochi,10/27/2024,11:45,High,17.7
12163,Kochi,07/05/2024,16:00,Low,36.1
12164,Kochi,2023.08.07,08:30,Severe,6.7
12165,Kochi,2024-05-18,20:00,High,23.1
12166,Kochi,2023-11-20,08:15,Severe,13.4
12167,Kochi,03/02/2023,18:45,Low,41.3
12168,Kochi,2023-03-30,06:15,Moderate,25.1
12169,Kochi,2024.10.02,21:00,Moderate,21.8
12170,Kochi,10/05/2023,09:45,High,13.3
12171,Kochi,2024-07-28,13:45,Moderate,27.4
12172,Kochi,29-06-2023,19:00,Severe,3.0
12173,Kochi,04/11/2024,19:30,Moderate,30.8
12174,Kochi,2024-02-02,13:00,Moderate,29.9
12175,Kochi,03/28/2024,08:00,Severe,7.0
12176,Kochi,18/02/2024,18:45,Severe,-3.0
12177,Kochi,05-02-2024,11:15,,10.8
12178,Kochi,09/28/2024,03:00,Low,39.3
12179,Kochi,27-02-2023,08:00,Low,36.0
12180,Kochi,2024-06-04,09:00,Moderate,27.9
12181,Kochi,2024.08.14,12:30,Moderate,24.6
12182,Kochi,06/03/2023,07:30,Low,30.5
12183,Kochi,2024-12-13,08:15,Severe,14.1
12184,Kochi,01/10/2024,08:45,High,18.7
12185,Kochi,17-10-2023,10:30,Severe,10.7
12186,Kochi,2023.01.13,23:00,Low,40.6
12187,Kochi,05/01/2024,19:00,Severe,15.4
12188,Kochi,08/16/2024,11:45,Moderate,34.1
12189,Kochi,2023-03-18,21:00,Moderate,25.0
12190,Kochi,24/07/2024,18:45,Severe,17.6
12191,Kochi,06-07-2024,21:30,Low,44.2
12192,Kochi,2023-07-12,07:45,Low,37.3
12193,Kochi,10/13/2023,19:45,High,16.9
12194,Kochi,22/01/2023,08:30,Severe,8.2
12195,Kochi,27/07/2023,18:15,High,19.3
12196,Kochi,09/01/2024,19:00,High,13.9
12197,Kochi,2023-03-12,16:45,Moderate,32.6
12198,Kochi,12/12/2023,15:45,High,17.2
12199,Kochi,2023.03.18,18:30,Low,-39.4
12200,Kochi,08/05/2023,08:15,High,13.5
12201,Kochi,21/07/2023,11:45,Moderate,26.6
12202,Kochi,2024.01.30,12:30,Moderate,30.9
12203,Kochi,01/29/2024,15:45,,-39.8
12204,Kochi,24-06-2023,14:45,Low,38.1
12205,Kochi,25-04-2024,13:15,Low,36.8
12206,Kochi,2023.10.31,19:30,Moderate,17.3
12207,Kochi,05/03/2023,17:00,Severe,14.5
12208,Kochi,2023-10-10,03:00,Low,26.4
12209,Kochi,2024-07-24,07:15,Moderate,16.6
12210,Kochi,05/12/2023,11:45,High,5.4
12211,Kochi,11/08/2024,08:15,Severe,7.0
12212,Kochi,29-01-2023,08:30,High,19.9
12213,Kochi,15-10-2024,09:45,Severe,10.9
12214,Kochi,2024-08-25,13:30,Moderate,28.1
12215,Kochi,04/30/2023,10:45,Moderate,25.7
12216,Kochi,10/12/2023,15:30,Moderate,26.0
12217,Kochi,2023-04-20,19:45,High,18.5
12218,Kochi,04/16/2024,10:45,High,10.0
12219,Kochi,25-08-2023,18:30,Moderate,27.8
12220,Kochi,07/03/2024,19:30,Severe,5.8
12221,Kochi,10/11/2023,11:15,Low,40.9
12222,Kochi,2023-01-25,18:45,Severe,5.9
12223,Kochi,2024-03-26,16:15,Low,37.4
12224,Kochi,29/06/2024,14:30,Moderate,31.9
12225,Kochi,2023-05-18,17:00,Low,41.4
12226,Kochi,2024-11-11,13:15,High,26.0
12227,Kochi,23/11/2023,08:30,High,19.1
12228,Kochi,25/04/2023,08:15,High,10.0
12229,Kochi,2024-04-09,19:30,Severe,7.8
12230,Kochi,2023-04-16,07:15,Low,34.5
12231,Kochi,08-03-2023,19:45,Severe,12.4
12232,Kochi,2023.04.30,19:30,Severe,8.2
12233,Kochi,2023-11-03,09:30,Severe,5.7
12234,Kochi,05-01-2024,12:00,High,16.3
12235,Kochi,2024.04.25,16:00,Severe,3.6
12236,Kochi,01/31/2024,21:15,High,19.0
12237,Kochi,04-07-2023,17:30,High,20.2
12238,Kochi,04/04/2024,07:15,High,7.1
12239,Kochi,01/30/2023,09:15,Moderate,27.5
12240,Kochi,2024-03-11,15:00,High,12.9
12241,Kochi,11/09/2023,16:45,Severe,3.6
12242,Kochi,2024-04-06,01:00,Low,36.1
12243,Kochi,2024.03.31,16:15,Low,36.0
12244,Kochi,06/03/2024,11:45,Severe,12.2
12245,Kochi,03/12/2023,13:45,Low,41.2
12246,Kochi,04/02/2023,07:45,Moderate,23.4
12247,Kochi,10/12/2024,09:30,Low,42.3
12248,Kochi,2024.03.13,17:00,Low,42.4
12249,Kochi,24-03-2024,14:15,Low,26.9
12250,Kochi,27/02/2024,21:00,Severe,10.1
12251,Kochi,2024-08-16,19:45,Severe,11.5
12252,Kochi,2023-06-22,19:15,Severe,3.0
12253,Kochi,20/10/2023,16:00,Moderate,19.5
12254,Kochi,2024-07-06,17:30,Low,42.7
12255,Kochi,12/04/2023,18:00,High,17.8
12256,Kochi,09/15/2023,20:45,High,19.1
12257,Kochi,22-02-2024,08:00,High,16.9
12258,Kochi,29/03/2023,19:30,High,22.0
12259,Kochi,2023-06-17,01:30,Low,28.6
12260,Kochi,2024-11-12,16:00,High,14.9
12261,Kochi,25-01-2024,09:30,High,19.2
12262,Kochi,14/12/2024,10:00,High,15.3
12263,Kochi,18-04-2023,08:30,High,17.4
12264,Kochi,12/27/2023,06:30,Moderate,26.8
12265,Kochi,2024.07.16,03:15,Moderate,24.7
12266,Kochi,10-10-2023,18:45,High,5.6
12267,Kochi,25/06/2023,17:45,Moderate,25.5
12268,Kochi,07/09/2024,08:30,Moderate,22.3
12269,Kochi,11/19/2023,03:00,Low,32.6
12270,Kochi,2023-10-07,03:30,Low,38.2
12271,Kochi,2024-01-16,00:45,Low,31.7
12272,Kochi,25/02/2024,09:30,High,19.5
12273,Kochi,04/09/2023,01:15,Low,38.0
12274,Kochi,03/13/2023,05:30,Low,33.3
12275,Kochi,2024-01-17,22:45,High,16.7
12276,Kochi,2023.11.13,20:15,Moderate,20.5
12277,Kochi,2023.05.09,18:15,Severe,10.6
12278,Kochi,04/02/2024,12:45,Moderate,25.6
12279,Kochi,2023.12.08,18:45,Severe,11.8
12280,Kochi,2023.12.30,07:00,Low,43.1
12281,Kochi,2024-06-19,06:00,Moderate,34.4
12282,Kochi,04/11/2023,19:45,High,16.8
12283,Kochi,05-02-2023,09:00,Severe,7.8
12284,Kochi,2023-04-04,07:00,Moderate,27.8
12285,Kochi,03/16/2024,01:00,Low,45.2
12286,Kochi,22/11/2024,01:30,Low,40.4
12287,Kochi,25/09/2023,20:30,Moderate,24.9
12288,Kochi,09/27/2024,16:45,Moderate,17.9
12289,Kochi,2024-06-20,08:30,Severe,12.4
12290,Kochi,22/07/2023,04:45,Low,43.5
12291,Kochi,22/09/2024,21:00,Low,39.3
12292,Kochi,2023.06.13,12:15,Moderate,29.9
12293,Kochi,03/24/2023,21:00,Low,38.6
12294,Kochi,02-09-2023,00:15,Low,46.1
12295,Kochi,22-11-2023,00:15,Low,37.1
12296,Kochi,11/07/2024,07:15,Severe,3.0
12297,Kochi,10/10/2023,17:15,Low,38.1
12298,Kochi,09/03/2024,21:30,Severe,6.2
12299,Kochi,13-01-2023,15:00,High,3.0
12300,Kochi,02/03/2023,22:15,High,19.0
12301,Kochi,2024.09.09,16:45,Moderate,29.0
12302,Kochi,09/05/2023,16:15,Moderate,27.2
12303,Kochi,25/12/2023,09:45,Severe,10.3
12304,Kochi,2023.02.13,13:45,Low,34.9
12305,Kochi,2023.09.26,16:00,Severe,4.5
12306,Kochi,05-09-2024,12:30,Moderate,36.3
12307,Kochi,2024.09.02,16:45,High,6.8
12308,Kochi,2024-08-02,18:15,High,18.8
12309,Kochi,2023-12-07,17:30,Moderate,33.6
12310,Kochi,07-11-2023,12:00,Low,44.3
12311,Kochi,07-11-2024,21:15,Moderate,22.6
12312,Kochi,03/14/2023,16:45,Moderate,28.6
12313,Kochi,2024.09.24,07:45,Low,30.4
12314,Kochi,24-05-2023,08:30,Moderate,26.6
12315,Kochi,02/13/2024,18:30,Moderate,34.9
12316,Kochi,13-04-2024,10:15,Severe,3.9
12317,Kochi,2024.04.12,08:15,High,12.9
12318,Kochi,01/27/2023,18:30,High,20.3
12319,Kochi,2023-05-01,06:45,High,23.9
12320,Kochi,2023-05-19,16:45,Low,28.3
12321,Kochi,07-01-2023,16:30,Severe,6.6
12322,Kochi,2023.11.07,15:30,Low,33.8
12323,Kochi,25/02/2023,19:00,High,23.7
12324,Kochi,26-03-2024,17:00,Moderate,26.9
12325,Kochi,08/06/2023,20:30,Severe,14.5
12326,Kochi,2023.03.03,20:00,High,15.1
12327,Kochi,12/09/2023,17:00,Severe,3.0
12328,Kochi,2024.12.29,08:45,Severe,5.9
12329,Kochi,2023-06-25,20:45,Moderate,27.8
12330,Kochi,08/09/2024,06:45,Moderate,26.8
12331,Kochi,17-02-2023,16:45,Moderate,24.6
12332,Kochi,2024.04.26,08:30,Severe,4.7
12333,Kochi,2024-06-07,13:15,High,14.0
12334,Kochi,03/30/2024,15:45,Severe,5.1
12335,Kochi,14-08-2023,08:30,Low,34.7
12336,Kochi,02-12-2023,21:00,High,17.7
12337,Kochi,2023-03-26,19:00,High,17.4
12338,Kochi,20-01-2024,07:30,Low,34.1
12339,Kochi,06-06-2023,10:45,Low,45.0
12340,Kochi,2023-07-03,13:30,Severe,7.8
12341,Kochi,11-08-2024,14:15,Moderate,29.6
12342,Kochi,2023-07-01,13:00,Low,43.0
12343,Kochi,23/07/2023,19:00,High,6.1
12344,Kochi,02/07/2024,15:00,Severe,9.2
12345,Kochi,01-02-2024,09:30,High,17.6
12346,Kochi,2023.06.29,19:15,High,13.1
12347,Kochi,02/28/2023,04:00,Low,42.5
12348,Kochi,2023.08.04,19:45,Moderate,25.4
12349,Kochi,04-07-2024,19:00,High,3.9
12350,Kochi,28/07/2023,21:45,High,20.4
12351,Kochi,2024.09.12,08:00,Low,37.8
12352,Kochi,15-11-2023,18:45,Moderate,25.7
12353,Kochi,2023.02.14,14:15,Moderate,23.6
12354,Kochi,2024.10.24,02:00,Low,37.1
12355,Kochi,12/01/2024,22:00,Moderate,27.8
12356,Kochi,2024-05-23,06:30,High,13.9
12357,Kochi,2023-06-03,12:15,Low,33.0
12358,Kochi,2023.02.22,14:00,Moderate,14.5
12359,Kochi,09-05-2024,08:45,High,15.8
12360,Kochi,06-10-2024,08:30,Severe,12.4
12361,Kochi,10-12-2024,07:15,High,9.2
12362,Kochi,03-02-2024,16:30,Moderate,29.3
12363,Kochi,2023.04.25,08:30,High,11.3
12364,Kochi,16-07-2023,04:30,Low,36.6
12365,Kochi,08/27/2023,21:15,Moderate,32.4
12366,Kochi,13-03-2023,18:00,High,24.0
12367,Kochi,16-08-2023,12:00,Moderate,30.8
12368,Kochi,31-10-2023,18:00,High,16.0
12369,Kochi,26/09/2024,22:30,Low,36.6
12370,Kochi,2024-05-14,09:15,Moderate,32.1
12371,Kochi,2023.01.28,11:45,Severe,3.5
12372,Kochi,04/02/2023,10:30,Moderate,27.5
12373,Kochi,2024.04.06,09:15,Severe,8.2
12374,Kochi,2024-12-30,07:45,Low,33.9
12375,Kochi,16-07-2023,18:30,Moderate,24.4
12376,Kochi,25/07/2024,08:45,High,5.6
12377,Kochi,17/11/2023,06:15,Moderate,27.5
12378,Kochi,2023.05.01,12:00,Severe,5.4
12379,Kochi,2023.11.29,09:15,High,20.0
12380,Kochi,19-08-2024,18:00,Moderate,31.9
12381,Kochi,11/02/2023,17:00,Moderate,31.4
12382,Kochi,07/14/2023,19:45,High,17.9
12383,Kochi,09/21/2024,15:45,Low,49.0
12384,Kochi,2024-06-26,19:15,Low,41.3
12385,Kochi,05-10-2024,18:00,Severe,14.2
12386,Kochi,05-12-2023,16:45,Low,40.6
12387,Kochi,10/29/2023,20:15,Moderate,32.6
12388,Kochi,2024.08.10,02:15,Moderate,19.4
12389,Kochi,14/02/2023,13:30,High,16.4
12390,Kochi,16/03/2023,12:30,Moderate,27.0
12391,Kochi,2023.12.21,15:30,High,8.3
12392,Kochi,07/03/2024,11:00,High,9.0
12393,Kochi,30-04-2024,22:30,Moderate,28.6
12394,Kochi,12/22/2023,21:00,Low,35.9
12395,Kochi,2024-04-23,18:00,Severe,3.0
12396,Kochi,2023-05-14,10:15,High,15.5
12397,Kochi,10/05/2023,05:00,Low,36.5
12398,Kochi,2024.02.02,07:45,Moderate,26.4
12399,Kochi,2024.05.09,09:00,High,14.5
12400,Kochi,29-12-2024,17:45,High,15.0
12401,Kochi,2024.01.04,08:45,Severe,6.9
12402,Kochi,28-11-2024,18:15,,18.8
12403,Kochi,26/10/2023,16:15,Low,40.5
12404,Kochi,02/26/2023,18:15,Severe,18.5
12405,Kochi,01/08/2023,11:45,Severe,7.7
12406,Kochi,14-04-2023,14:00,Moderate,26.1
12407,Kochi,30/05/2023,14:30,Low,30.5
12408,Kochi,08/30/2024,09:00,High,13.8
12409,Kochi,2023.10.06,07:00,High,23.7
12410,Kochi,02/12/2024,13:00,High,11.8
12411,Kochi,2023-07-18,07:30,Severe,9.7
12412,Kochi,22/01/2024,10:45,Moderate,35.5
12413,Kochi,09-06-2023,07:00,Moderate,30.6
12414,Kochi,30-09-2023,07:45,Low,40.7
12415,Kochi,01/10/2023,21:45,Moderate,24.8
12416,Kochi,10/06/2023,11:15,Moderate,30.8
12417,Kochi,2024-02-15,13:45,Moderate,30.7
12418,Kochi,2023.11.19,07:45,,40.4
12419,Kochi,04/10/2024,11:00,Moderate,26.7
12420,Kochi,10-02-2024,20:45,Severe,10.5
12421,Kochi,22/06/2023,22:00,High,11.0
12422,Kochi,21/07/2024,09:30,High,8.8
12423,Kochi,19/07/2024,07:45,Low,34.3
12424,Kochi,2024-06-02,11:45,High,17.6
12425,Kochi,2023.03.13,18:30,Moderate,26.8
12426,Kochi,19-11-2023,16:30,Moderate,26.5
12427,Kochi,20/04/2024,20:00,Severe,14.3
12428,Kochi,07/22/2023,16:30,,20.4
12429,Kochi,2023.11.12,22:00,Low,30.3
12430,Kochi,06/06/2024,09:15,High,16.8
12431,Kochi,08/19/2023,12:15,Severe,5.9
12432,Kochi,27/07/2023,15:15,Moderate,33.6
12433,Kochi,2023-12-22,10:00,Low,38.8
12434,Kochi,2023.07.04,16:30,Moderate,24.5
12435,Kochi,2024-01-20,17:30,Moderate,18.0
12436,Kochi,2023-10-18,06:45,Low,43.5
12437,Kochi,04/11/2024,13:15,Low,29.8
12438,Kochi,11-03-2023,08:30,High,19.9
12439,Kochi,2024.12.18,15:30,Severe,4.2
12440,Kochi,2023-02-06,08:00,High,11.9
12441,Kochi,2024.03.02,16:15,Low,35.9
12442,Kochi,2023-12-07,15:00,Moderate,19.1
12443,Kochi,13-06-2024,16:30,Low,39.8
12444,Kochi,2023-03-18,10:45,Moderate,31.3
12445,Kochi,01-07-2023,01:45,Moderate,26.0
12446,Kochi,14-10-2023,09:00,High,15.1
12447,Kochi,07/15/2024,02:15,Low,39.2
12448,Visakhapatnam,27/04/2024,13:30,High,18.3
12449,Visakhapatnam,2023.09.13,16:30,Moderate,29.8
12450,Visakhapatnam,02/08/2023,17:15,High,10.9
12451,Visakhapatnam,2024.07.30,12:45,Low,28.6
12452,Visakhapatnam,2023-02-14,08:45,High,13.4
12453,Visakhapatnam,06/08/2023,08:00,Moderate,31.0
12454,Visakhapatnam,11-01-2023,05:30,High,16.4
12455,Visakhapatnam,2024-11-10,10:45,Low,37.4
12456,Visakhapatnam,20-07-2023,22:45,Low,31.6
12457,Visakhapatnam,23/06/2024,00:15,Low,41.1
12458,Visakhapatnam,16-05-2024,18:45,Severe,3.0
12459,Visakhapatnam,04/03/2024,16:15,Moderate,31.7
12460,Visakhapatnam,05/03/2023,07:45,Low,33.7
12461,Visakhapatnam,05/10/2023,09:30,Severe,8.6
12462,Visakhapatnam,02/11/2023,19:45,Low,39.4
12463,Visakhapatnam,2023-03-26,06:30,Low,40.9
12464,Visakhapatnam,2024-12-23,09:15,Moderate,20.6
12465,Visakhapatnam,07/04/2024,21:45,High,16.2
12466,Visakhapatnam,30/11/2023,14:15,High,14.3
12467,Visakhapatnam,02/02/2023,18:00,Severe,6.2
12468,Visakhapatnam,2023-12-28,09:15,Severe,7.2
12469,Visakhapatnam,03/09/2024,13:15,High,10.1
12470,Visakhapatnam,03/11/2023,18:45,Severe,5.5
12471,Visakhapatnam,03/05/2024,09:00,Severe,5.9
12472,Visakhapatnam,15/05/2024,15:15,Moderate,20.6
12473,Visakhapatnam,2023.01.25,08:00,Moderate,29.3
12474,Visakhapatnam,01/15/2024,16:45,Severe,14.2
12475,Visakhapatnam,22/10/2024,10:15,Moderate,32.0
12476,Visakhapatnam,10-05-2023,14:00,Moderate,107.6
12477,Visakhapatnam,2024.12.19,07:15,Moderate,27.1
12478,Visakhapatnam,2024-03-31,10:45,Severe,3.0
12479,Visakhapatnam,2024-12-12,11:00,Low,35.7
12480,Visakhapatnam,03-05-2023,09:45,High,20.5
12481,Visakhapatnam,06-09-2023,09:30,Moderate,28.8
12482,Visakhapatnam,18/01/2024,08:00,Low,-38.7
12483,Visakhapatnam,05/25/2024,17:45,Low,33.5
12484,Visakhapatnam,05-05-2024,08:30,Severe,4.6
12485,Visakhapatnam,21/11/2023,19:15,Moderate,30.1
12486,Visakhapatnam,2023-11-11,20:00,High,20.2
12487,Visakhapatnam,27-12-2024,07:45,Moderate,33.3
12488,Visakhapatnam,06/16/2023,14:45,Severe,8.4
12489,Visakhapatnam,2023-07-22,18:45,High,17.3
12490,Visakhapatnam,2023-03-28,22:45,High,14.4
12491,Visakhapatnam,07/14/2024,15:00,Moderate,28.5
12492,Visakhapatnam,09/30/2024,17:30,Low,41.2
12493,Visakhapatnam,02-03-2024,20:30,Severe,13.9
12494,Visakhapatnam,22-07-2024,13:30,Moderate,23.2
12495,Visakhapatnam,03/26/2023,07:30,Low,46.6
12496,Visakhapatnam,2024-07-15,08:15,High,10.5
12497,Visakhapatnam,13/10/2024,14:45,Low,37.8
12498,Visakhapatnam,2024.12.02,07:30,Moderate,26.8
12499,Visakhapatnam,18/10/2023,14:45,Severe,14.0
12500,Visakhapatnam,2023-10-19,18:30,Moderate,27.0
12501,Visakhapatnam,2023.03.24,08:45,Severe,12.0
12502,Visakhapatnam,01/27/2024,18:30,Severe,16.7
12503,Visakhapatnam,2024-12-01,11:30,Moderate,29.9
12504,Visakhapatnam,2023.05.14,22:45,High,15.1
12505,Visakhapatnam,12/08/2023,23:00,Moderate,11.0
12506,Visakhapatnam,27-10-2023,17:45,High,9.2
12507,Visakhapatnam,07/01/2024,14:00,Low,40.2
12508,Visakhapatnam,2024.07.18,07:45,Moderate,22.5
12509,Visakhapatnam,21/02/2023,19:15,Moderate,33.4
12510,Visakhapatnam,02/16/2023,12:00,High,17.8
12511,Visakhapatnam,2024-11-10,23:00,Moderate,20.6
12512,Visakhapatnam,2024-03-04,16:45,Moderate,21.0
12513,Visakhapatnam,2023.07.02,08:15,Severe,11.7
12514,Visakhapatnam,16/05/2023,19:45,High,20.1
12515,Visakhapatnam,05/03/2024,02:30,Low,31.6
12516,Visakhapatnam,18/11/2023,06:00,High,19.1
12517,Visakhapatnam,2024.12.19,18:15,High,8.9
12518,Visakhapatnam,2023.10.23,16:15,High,18.4
12519,Visakhapatnam,01/17/2023,12:30,Low,31.4
12520,Visakhapatnam,19-08-2023,11:30,Moderate,20.3
12521,Visakhapatnam,12/08/2024,18:30,High,10.4
12522,Visakhapatnam,10-12-2024,14:00,Low,32.7
12523,Visakhapatnam,09/29/2023,18:00,Moderate,20.4
12524,Visakhapatnam,04-12-2024,16:00,Moderate,23.0
12525,Visakhapatnam,2024-08-05,08:45,High,6.7
12526,Visakhapatnam,2024-02-15,10:45,Low,39.9
12527,Visakhapatnam,01/04/2023,19:15,High,12.8
12528,Visakhapatnam,12/08/2024,11:30,Low,36.5
12529,Visakhapatnam,06/05/2024,07:00,Moderate,28.9
12530,Visakhapatnam,25-06-2024,13:00,High,16.5
12531,Visakhapatnam,18/04/2024,16:15,Moderate,28.0
12532,Visakhapatnam,2023-12-31,02:45,Low,24.7
12533,Visakhapatnam,21/06/2024,12:15,Moderate,37.3
12534,Visakhapatnam,09/04/2024,16:15,Moderate,20.0
12535,Visakhapatnam,2023-10-06,00:00,Low,35.0
12536,Visakhapatnam,2023-11-19,11:45,Low,35.0
12537,Visakhapatnam,10/10/2023,13:15,Moderate,40.0
12538,Visakhapatnam,26/05/2023,17:30,High,18.5
12539,Visakhapatnam,21-05-2024,17:00,Low,43.9
12540,Visakhapatnam,2023.07.29,14:15,Low,44.5
12541,Visakhapatnam,2024-08-14,09:45,Low,37.0
12542,Visakhapatnam,07/05/2023,18:45,Severe,7.3
12543,Visakhapatnam,2023.07.07,14:45,High,17.5
12544,Visakhapatnam,2024.09.26,22:45,Moderate,23.9
12545,Visakhapatnam,2023-08-11,18:15,Severe,3.0
12546,Visakhapatnam,07-04-2023,19:15,High,20.8
12547,Visakhapatnam,07/23/2023,07:45,Moderate,26.7
12548,Visakhapatnam,05/12/2024,14:15,Severe,10.8
12549,Visakhapatnam,10-01-2023,16:30,Low,90.0
12550,Visakhapatnam,2024-06-25,12:00,Moderate,33.3
12551,Visakhapatnam,12/31/2024,01:45,Low,43.2
12552,Visakhapatnam,08/09/2023,07:45,Low,40.8
12553,Visakhapatnam,09/07/2023,09:30,Severe,4.8
12554,Visakhapatnam,2023.12.02,07:00,High,23.4
12555,Visakhapatnam,2023-12-26,02:00,Moderate,20.6
12556,Visakhapatnam,2024-09-11,23:30,High,6.6
12557,Visakhapatnam,08/19/2023,17:00,Severe,7.2
12558,Visakhapatnam,28-10-2023,16:00,Low,42.7
12559,Visakhapatnam,15/09/2024,07:45,High,23.2
12560,Visakhapatnam,27-12-2023,18:15,Moderate,30.4
12561,Visakhapatnam,2023-08-27,09:30,High,18.4
12562,Visakhapatnam,2024.09.02,18:30,Severe,7.2
12563,Visakhapatnam,24/05/2023,18:00,Moderate,33.6
12564,Visakhapatnam,14-03-2024,21:30,High,12.9
12565,Visakhapatnam,19/08/2024,12:15,Moderate,11.4
12566,Visakhapatnam,2024-12-15,19:15,Moderate,35.3
12567,Visakhapatnam,2024.09.19,16:30,Severe,3.0
12568,Visakhapatnam,02-01-2024,13:30,Low,35.8
12569,Visakhapatnam,04/04/2024,19:15,Moderate,26.5
12570,Visakhapatnam,19/05/2023,10:00,Low,43.5
12571,Visakhapatnam,2023.11.20,10:45,Moderate,28.9
12572,Visakhapatnam,12-05-2023,15:00,High,12.2
12573,Visakhapatnam,20/10/2024,17:00,Moderate,26.2
12574,Visakhapatnam,2023.08.15,17:45,Severe,12.4
12575,Visakhapatnam,01-04-2023,05:15,Low,34.5
12576,Visakhapatnam,11/26/2024,18:30,Severe,-11.2
12577,Visakhapatnam,2024-12-08,00:30,Low,35.2
12578,Visakhapatnam,05/23/2023,09:00,High,14.1
12579,Visakhapatnam,10/16/2023,08:45,Moderate,24.3
12580,Visakhapatnam,23-05-2024,15:15,Moderate,25.5
12581,Visakhapatnam,18-04-2023,07:30,Moderate,22.1
12582,Visakhapatnam,2023-04-09,17:15,Low,38.9
12583,Visakhapatnam,16-06-2023,18:00,High,12.3
12584,Visakhapatnam,2024.02.29,06:15,Moderate,24.1
12585,Visakhapatnam,09-12-2024,20:45,Severe,8.2
12586,Visakhapatnam,14-12-2023,12:30,Low,34.3
12587,Visakhapatnam,05/02/2024,07:45,Moderate,23.6
12588,Visakhapatnam,2024-02-17,01:30,Low,32.1
12589,Visakhapatnam,10-08-2024,12:30,Low,38.6
12590,Visakhapatnam,2023-03-14,17:45,High,17.8
12591,Visakhapatnam,30-03-2023,17:15,High,20.7
12592,Visakhapatnam,2023-04-14,16:15,High,17.7
12593,Visakhapatnam,26/04/2023,20:15,High,10.9
12594,Visakhapatnam,21/09/2024,19:30,Severe,14.9
12595,Visakhapatnam,2023.12.09,08:15,High,-20.1
12596,Visakhapatnam,11/25/2024,19:00,High,20.1
12597,Visakhapatnam,02/21/2024,12:00,Low,32.6
12598,Visakhapatnam,03/28/2024,01:15,Moderate,34.1
12599,Visakhapatnam,02/04/2024,06:30,Low,41.2
12600,Visakhapatnam,15-02-2023,07:45,Low,33.0
12601,Visakhapatnam,2024-03-26,08:45,High,14.1
12602,Visakhapatnam,13/05/2024,17:00,Low,33.7
12603,Visakhapatnam,2024.08.27,19:45,Low,38.2
12604,Visakhapatnam,26-05-2023,18:00,Severe,3.0
12605,Visakhapatnam,2024.04.22,21:15,Severe,3.0
12606,Visakhapatnam,2024.02.27,18:45,Moderate,19.7
12607,Visakhapatnam,2024.06.04,10:30,Moderate,28.2
12608,Visakhapatnam,18/11/2024,08:45,Severe,8.7
12609,Visakhapatnam,2023-06-01,14:15,Low,37.2
12610,Visakhapatnam,05-11-2024,21:45,Moderate,29.2
12611,Visakhapatnam,12-04-2023,07:00,Low,33.6
12612,Visakhapatnam,12/07/2024,07:30,Moderate,29.9
12613,Visakhapatnam,2023-06-26,11:00,Low,28.1
12614,Visakhapatnam,21-08-2024,10:30,Moderate,21.5
12615,Visakhapatnam,09/08/2024,07:00,High,13.2
12616,Visakhapatnam,2023-07-16,14:15,Moderate,25.0
12617,Visakhapatnam,2024-01-13,07:45,Moderate,25.7
12618,Visakhapatnam,10/11/2023,17:00,Low,41.9
12619,Visakhapatnam,2024.03.05,17:15,Severe,14.3
12620,Visakhapatnam,07-06-2024,20:45,High,13.6
12621,Visakhapatnam,17-04-2024,15:45,High,16.3
12622,Visakhapatnam,22/07/2024,15:00,Moderate,38.7
12623,Visakhapatnam,22/01/2024,18:45,,9.3
12624,Visakhapatnam,2024.07.30,04:45,Low,35.3
12625,Visakhapatnam,2024.04.26,17:15,Low,39.1
12626,Visakhapatnam,01/30/2023,08:30,Moderate,27.7
12627,Visakhapatnam,26/04/2023,16:15,Low,31.9
12628,Visakhapatnam,07/29/2024,19:15,High,9.8
12629,Visakhapatnam,30/07/2023,15:30,Severe,19.4
12630,Visakhapatnam,2024-01-12,16:15,High,9.7
12631,Visakhapatnam,16/08/2024,16:15,High,14.3
12632,Visakhapatnam,2023-07-17,09:30,Moderate,30.0
12633,Visakhapatnam,12/01/2023,08:00,High,19.1
12634,Visakhapatnam,06/01/2024,14:30,High,17.9
12635,Visakhapatnam,29-11-2024,16:45,Moderate,28.4
12636,Visakhapatnam,11/18/2023,08:00,Severe,3.6
12637,Visakhapatnam,05-09-2023,13:15,Moderate,21.1
12638,Visakhapatnam,2024-11-11,08:30,High,26.0
12639,Visakhapatnam,2023-02-23,19:00,Severe,6.8
12640,Visakhapatnam,12/23/2023,06:15,Low,34.6
12641,Visakhapatnam,17/02/2023,17:30,High,8.3
12642,Visakhapatnam,21/03/2023,11:00,Low,29.9
12643,Visakhapatnam,03/19/2023,06:15,Severe,10.9
12644,Visakhapatnam,08/11/2023,14:45,Moderate,29.1
12645,Visakhapatnam,02-10-2023,10:30,Moderate,21.7
12646,Visakhapatnam,08/20/2023,18:15,Severe,6.1
12647,Visakhapatnam,2023-10-19,03:15,High,9.6
12648,Visakhapatnam,03/15/2023,19:30,Severe,7.2
12649,Visakhapatnam,16/04/2023,18:30,High,15.3
12650,Visakhapatnam,2024.03.18,07:15,Low,45.5
12651,Visakhapatnam,09-04-2023,19:45,Severe,16.0
12652,Visakhapatnam,04/26/2023,12:00,Low,44.1
12653,Visakhapatnam,12/04/2024,07:45,Severe,9.7
12654,Visakhapatnam,09/06/2024,21:30,Moderate,37.3
12655,Visakhapatnam,2023-11-21,17:30,Low,38.3
12656,Visakhapatnam,2024.03.11,08:15,High,23.2
12657,Visakhapatnam,2023.03.10,10:45,Low,38.8
12658,Visakhapatnam,15-03-2024,08:15,Severe,14.1
12659,Visakhapatnam,04/08/2023,10:45,High,17.3
12660,Visakhapatnam,2024.11.08,06:45,Severe,13.6
12661,Visakhapatnam,25-05-2023,17:00,Moderate,22.1
12662,Visakhapatnam,2024.11.01,06:00,Moderate,23.1
12663,Visakhapatnam,2023-12-13,22:45,Moderate,24.9
12664,Visakhapatnam,05-04-2024,21:15,High,18.3
12665,Visakhapatnam,2024-11-18,16:45,Moderate,26.0
12666,Visakhapatnam,22-07-2023,04:30,Moderate,30.4
12667,Visakhapatnam,02/12/2024,10:15,Moderate,19.0
12668,Visakhapatnam,2023-03-28,12:00,Moderate,32.6
12669,Visakhapatnam,2023.03.21,21:30,Moderate,41.6
12670,Visakhapatnam,28-11-2023,02:45,High,14.4
12671,Visakhapatnam,2024.05.26,09:30,High,15.5
12672,Visakhapatnam,06/12/2023,12:00,Moderate,21.3
12673,Visakhapatnam,11-03-2024,15:00,Moderate,25.7
12674,Visakhapatnam,17/10/2024,18:15,High,19.0
12675,Visakhapatnam,03-10-2023,12:00,,22.8
12676,Visakhapatnam,02/01/2023,16:45,Moderate,29.0
12677,Visakhapatnam,2024-07-19,16:00,Low,43.6
12678,Visakhapatnam,16/01/2023,08:45,High,17.3
12679,Visakhapatnam,07/25/2023,09:30,Severe,3.0
12680,Visakhapatnam,2023.05.24,02:15,Low,50.1
12681,Visakhapatnam,2023-01-20,12:15,Moderate,28.2
12682,Visakhapatnam,22/07/2023,14:00,Severe,12.9
12683,Visakhapatnam,06/30/2024,12:15,Moderate,25.6
12684,Visakhapatnam,06/05/2023,21:00,Moderate,18.5
12685,Visakhapatnam,03/08/2023,09:45,High,14.8
12686,Visakhapatnam,04/11/2024,18:45,Severe,16.2
12687,Visakhapatnam,2024-01-08,13:00,Moderate,27.5
12688,Visakhapatnam,17/07/2023,01:00,High,11.8
12689,Visakhapatnam,2024.04.08,07:15,Moderate,33.3
12690,Visakhapatnam,08/17/2023,09:30,High,15.8
12691,Visakhapatnam,26-12-2023,11:45,Moderate,19.3
12692,Visakhapatnam,03/10/2024,15:15,Moderate,32.2
12693,Visakhapatnam,19/08/2024,18:15,High,7.7
12694,Visakhapatnam,30/08/2024,20:00,High,16.0
12695,Visakhapatnam,2023-02-09,19:45,Severe,6.3
12696,Visakhapatnam,28-02-2023,18:30,High,21.1
12697,Visakhapatnam,26/07/2024,18:15,High,16.8
12698,Visakhapatnam,10/11/2023,08:15,High,10.8
12699,Visakhapatnam,2024.11.21,17:30,Low,31.5
12700,Visakhapatnam,03-06-2023,21:45,Moderate,29.9
12701,Visakhapatnam,2024-09-26,22:15,Low,35.6
12702,Visakhapatnam,2023-08-26,12:00,Moderate,25.6
12703,Visakhapatnam,23-04-2023,15:00,High,26.6
12704,Visakhapatnam,2023.03.16,16:00,High,21.3
12705,Visakhapatnam,11/22/2024,16:15,Moderate,27.7
12706,Visakhapatnam,10/03/2024,11:15,High,13.5
12707,Visakhapatnam,2023.07.03,09:30,High,12.4
12708,Visakhapatnam,10/31/2024,20:45,Severe,8.9
12709,Visakhapatnam,2023-04-12,18:45,Severe,7.9
12710,Visakhapatnam,11/01/2024,12:15,Low,43.2
12711,Visakhapatnam,2024.02.21,22:00,High,7.4
12712,Visakhapatnam,10-01-2023,12:00,Moderate,101.2
12713,Visakhapatnam,29-01-2023,04:30,Low,33.9
12714,Visakhapatnam,13-03-2023,06:45,High,12.1
12715,Visakhapatnam,2024.12.17,10:30,Low,39.0
12716,Visakhapatnam,16/12/2023,12:15,Low,29.7
12717,Visakhapatnam,03/05/2024,11:15,Low,38.6
12718,Visakhapatnam,03/27/2023,18:45,High,16.7
12719,Visakhapatnam,2024.10.03,07:15,Moderate,88.4
12720,Visakhapatnam,07/01/2023,18:00,High,12.4
12721,Visakhapatnam,30-09-2023,18:45,Severe,3.0
12722,Visakhapatnam,07/27/2023,19:30,High,17.4
12723,Visakhapatnam,2024.09.21,19:00,Moderate,19.9
12724,Visakhapatnam,26/05/2024,18:15,Moderate,26.0
12725,Visakhapatnam,20-11-2023,10:30,Low,34.0
12726,Visakhapatnam,2024.09.06,10:30,Moderate,18.6
12727,Visakhapatnam,10/17/2024,15:00,Moderate,32.4
12728,Visakhapatnam,2024-04-10,08:30,High,19.0
12729,Visakhapatnam,01-03-2023,03:15,High,13.8
12730,Visakhapatnam,05/14/2024,05:00,Low,41.0
12731,Visakhapatnam,2023-08-26,13:30,Severe,6.5
12732,Visakhapatnam,11/09/2023,17:00,Low,46.6
12733,Visakhapatnam,2023-08-02,17:15,Low,36.3
12734,Visakhapatnam,05/03/2023,18:30,Severe,12.6
12735,Visakhapatnam,2024-06-02,18:00,High,12.4
12736,Visakhapatnam,2023-04-10,18:30,High,12.6
12737,Visakhapatnam,2023.08.13,07:15,Moderate,28.4
12738,Visakhapatnam,04/02/2023,06:30,Low,39.3
12739,Visakhapatnam,2023.03.20,07:00,Severe,7.7
12740,Visakhapatnam,08/27/2024,18:15,Moderate,31.8
12741,Visakhapatnam,03/01/2024,15:45,High,23.5
12742,Visakhapatnam,02-03-2023,15:45,High,12.8
12743,Visakhapatnam,06/09/2023,09:30,Severe,7.6
12744,Visakhapatnam,2023-05-08,15:45,High,12.9
12745,Visakhapatnam,2023-06-10,18:45,Severe,11.3
12746,Visakhapatnam,26-03-2023,03:00,Moderate,20.1
12747,Visakhapatnam,2023-02-18,16:00,Moderate,15.6
12748,Visakhapatnam,01/08/2024,18:30,High,24.4
12749,Visakhapatnam,30-10-2023,17:00,Low,37.9
12750,Visakhapatnam,06/17/2023,07:00,High,27.2
12751,Visakhapatnam,13-07-2024,17:30,Low,28.1
12752,Visakhapatnam,22-05-2023,21:30,Moderate,25.1
12753,Visakhapatnam,11/12/2023,17:45,Severe,8.8
12754,Visakhapatnam,2023.07.25,18:45,Moderate,27.2
12755,Visakhapatnam,03-04-2024,18:30,High,7.4
12756,Visakhapatnam,2024-11-07,07:15,Moderate,27.4
12757,Visakhapatnam,10/13/2023,18:15,Severe,3.3
12758,Visakhapatnam,10/07/2024,08:30,Severe,3.0
12759,Visakhapatnam,01/02/2024,17:15,Moderate,24.4
12760,Visakhapatnam,26/11/2023,18:45,Moderate,34.2
12761,Visakhapatnam,2024.11.23,16:30,Moderate,21.3
12762,Visakhapatnam,11/19/2023,07:30,Low,44.7
12763,Visakhapatnam,2023-02-27,21:00,Moderate,24.3
12764,Visakhapatnam,2023.03.19,20:30,Severe,4.5
12765,Visakhapatnam,21/08/2023,09:00,Moderate,31.0
12766,Visakhapatnam,09/05/2023,22:30,Moderate,19.7
12767,Visakhapatnam,2024.03.15,17:15,High,11.1
12768,Visakhapatnam,07/25/2023,11:30,Low,34.2
12769,Visakhapatnam,01-09-2023,02:45,Moderate,25.3
12770,Visakhapatnam,17-01-2024,16:15,Moderate,32.8
12771,Visakhapatnam,08/15/2024,13:45,Low,38.3
12772,Visakhapatnam,2023.11.04,09:30,Severe,16.3
12773,Visakhapatnam,2024-07-30,01:45,Low,37.8
12774,Visakhapatnam,2024-11-05,01:15,Moderate,24.0
12775,Visakhapatnam,2023.02.28,17:45,Moderate,27.9
12776,Visakhapatnam,2024-03-04,04:00,Low,34.0
12777,Visakhapatnam,13/09/2023,10:00,High,13.4
12778,Visakhapatnam,04/12/2023,08:00,High,7.4
12779,Visakhapatnam,2024-02-06,14:15,Low,34.2
12780,Visakhapatnam,2024.06.01,12:30,Low,19.0
12781,Visakhapatnam,21-09-2024,11:30,Low,37.5
12782,Visakhapatnam,16-04-2024,01:15,Low,36.3
12783,Visakhapatnam,18/12/2024,19:00,Moderate,32.4
12784,Visakhapatnam,13/05/2023,09:15,High,9.5
12785,Visakhapatnam,06/25/2024,14:00,Low,33.3
12786,Visakhapatnam,16/01/2024,18:30,High,13.9
12787,Visakhapatnam,11-04-2024,15:45,Low,40.9
12788,Visakhapatnam,2024.04.28,13:45,Low,29.3
12789,Visakhapatnam,01/06/2023,17:00,Moderate,25.2
12790,Visakhapatnam,22-08-2024,12:00,High,22.4
12791,Visakhapatnam,07/28/2023,17:30,High,19.2
12792,Visakhapatnam,2023-07-06,06:15,Moderate,23.4
12793,Visakhapatnam,2024-05-22,01:00,Low,44.3
12794,Visakhapatnam,23/03/2023,20:00,Severe,13.3
12795,Visakhapatnam,03/20/2023,18:15,High,10.6
12796,Visakhapatnam,2024.01.15,12:30,Low,41.3
12797,Visakhapatnam,2023-05-24,10:00,Moderate,25.7
12798,Visakhapatnam,24/02/2023,18:30,High,21.5
12799,Visakhapatnam,11/01/2023,17:15,Moderate,21.8
12800,Visakhapatnam,01-08-2023,07:00,Moderate,23.7
12801,Visakhapatnam,11-10-2023,20:30,Moderate,22.2
12802,Visakhapatnam,08-12-2024,07:15,Low,44.8
12803,Visakhapatnam,2024.02.19,09:45,Severe,11.4
12804,Visakhapatnam,05/09/2023,11:00,Moderate,21.2
12805,Visakhapatnam,2024-09-19,06:45,High,26.0
12806,Visakhapatnam,2024-11-13,06:15,Low,38.9
12807,Visakhapatnam,2023-11-05,12:30,High,15.6
12808,Visakhapatnam,16/08/2023,11:00,Moderate,21.7
12809,Visakhapatnam,10/30/2023,15:30,High,18.1
12810,Visakhapatnam,09-10-2024,00:00,Moderate,21.4
12811,Visakhapatnam,05-09-2024,12:15,Moderate,26.0
12812,Visakhapatnam,26-10-2024,13:45,Low,44.3
12813,Visakhapatnam,02/01/2024,18:45,Moderate,23.8
12814,Visakhapatnam,11-08-2024,08:00,High,4.4
12815,Visakhapatnam,2023-07-29,22:00,Low,23.9
12816,Visakhapatnam,25-01-2024,10:15,High,18.6
12817,Visakhapatnam,11/10/2024,17:45,Severe,8.1
12818,Visakhapatnam,2023.09.08,18:45,High,16.0
12819,Visakhapatnam,2023.02.18,16:30,Low,41.7
12820,Visakhapatnam,24-06-2023,14:45,Severe,6.3
12821,Visakhapatnam,05/04/2023,16:15,Low,43.2
12822,Visakhapatnam,25/05/2024,11:15,High,23.4
12823,Visakhapatnam,04-08-2024,17:15,Moderate,31.3
12824,Visakhapatnam,2023.09.09,08:45,Severe,4.8
12825,Visakhapatnam,11-09-2023,18:45,High,25.2
12826,Visakhapatnam,2023-09-16,08:45,Severe,6.6
12827,Visakhapatnam,2024.01.19,12:45,Moderate,23.6
12828,Visakhapatnam,21/08/2023,04:15,Low,39.1
12829,Visakhapatnam,07/26/2023,19:00,Moderate,23.0
12830,Visakhapatnam,2024.01.21,21:45,Moderate,27.8
12831,Visakhapatnam,04/11/2023,11:45,High,17.5
12832,Visakhapatnam,04/16/2023,17:45,High,25.1
12833,Visakhapatnam,17-12-2024,14:30,Moderate,23.3
12834,Visakhapatnam,2024.07.22,14:30,Low,39.7
12835,Visakhapatnam,12/03/2023,01:00,Moderate,28.8
12836,Visakhapatnam,2023.05.10,21:30,Low,39.3
12837,Visakhapatnam,2023-12-15,08:15,Low,42.1
12838,Visakhapatnam,05/15/2023,18:00,High,9.4
12839,Visakhapatnam,12/06/2023,19:45,Moderate,32.7
12840,Visakhapatnam,2023.08.26,10:30,Low,40.6
12841,Visakhapatnam,2023-12-12,22:30,Low,38.3
12842,Visakhapatnam,26/07/2024,08:30,High,10.2
12843,Visakhapatnam,03/11/2023,15:15,Low,38.2
12844,Visakhapatnam,2024.12.09,18:45,Severe,8.4
12845,Visakhapatnam,09-03-2023,13:30,Moderate,21.5
12846,Visakhapatnam,2023-12-10,08:30,High,18.6
12847,Visakhapatnam,03/01/2023,17:30,Low,34.0
12848,Visakhapatnam,05/08/2024,18:45,High,17.2
12849,Visakhapatnam,31/08/2024,17:00,Moderate,24.6
12850,Visakhapatnam,05/27/2023,22:15,Low,43.7
12851,Visakhapatnam,17-02-2024,11:30,Severe,8.5
12852,Visakhapatnam,30/11/2023,17:45,Low,45.9
12853,Visakhapatnam,01-04-2023,11:00,Moderate,29.6
12854,Visakhapatnam,03/19/2024,10:15,Moderate,24.7
12855,Visakhapatnam,09/27/2024,04:15,High,14.6
12856,Visakhapatnam,24-08-2023,18:15,High,18.7
12857,Visakhapatnam,23-07-2024,20:30,Severe,10.1
12858,Visakhapatnam,04/14/2024,20:45,High,15.3
12859,Visakhapatnam,08/02/2024,16:30,,24.2
12860,Visakhapatnam,2024.01.07,21:15,High,21.3
12861,Visakhapatnam,06/29/2023,16:00,Moderate,33.9
12862,Visakhapatnam,10/08/2023,08:00,High,20.8
12863,Visakhapatnam,28/06/2024,18:15,High,21.3
12864,Visakhapatnam,2024-10-12,23:45,Low,43.5
12865,Visakhapatnam,2024.08.29,06:30,Moderate,32.7
12866,Visakhapatnam,21-01-2024,15:45,High,8.9
12867,Visakhapatnam,29-02-2024,18:30,Moderate,25.5
12868,Visakhapatnam,2023.04.16,21:15,Moderate,30.9
12869,Visakhapatnam,24/09/2024,08:30,Severe,6.7
12870,Visakhapatnam,25-09-2023,07:00,Moderate,34.0
12871,Visakhapatnam,2023.08.30,07:00,Severe,7.3
12872,Visakhapatnam,14-06-2023,11:00,High,9.1
12873,Visakhapatnam,11-10-2024,07:45,High,3.0
12874,Visakhapatnam,2023.11.29,19:30,Severe,6.1
12875,Visakhapatnam,2023-03-22,17:15,Low,34.7
12876,Visakhapatnam,04-12-2023,18:00,High,9.9
12877,Visakhapatnam,2024.09.22,10:15,Moderate,-25.3
12878,Visakhapatnam,01/26/2024,18:30,Severe,16.8
12879,Visakhapatnam,24/02/2024,10:45,Low,33.2
12880,Visakhapatnam,26/09/2024,01:30,High,13.9
12881,Visakhapatnam,2023.02.28,17:00,Severe,3.0
12882,Visakhapatnam,09/05/2023,03:45,Low,36.1
12883,Visakhapatnam,05-10-2024,08:00,High,12.4
12884,Visakhapatnam,2023-08-29,20:45,Severe,9.9
12885,Visakhapatnam,27-09-2024,12:45,Moderate,35.0
12886,Visakhapatnam,10/03/2023,11:15,Low,30.9
12887,Visakhapatnam,2023-06-11,15:00,High,9.6
12888,Visakhapatnam,2024-10-21,23:45,Severe,14.3
12889,Visakhapatnam,2024.03.24,09:00,Moderate,28.0
12890,Visakhapatnam,12-03-2023,15:15,Low,47.4
12891,Visakhapatnam,2023-03-22,11:30,Low,39.2
12892,Visakhapatnam,01/06/2023,19:15,Severe,17.8
12893,Visakhapatnam,01/09/2023,16:15,High,19.8
12894,Visakhapatnam,2023.04.03,16:00,Low,41.0
12895,Visakhapatnam,10/10/2024,18:30,Severe,105.3
12896,Visakhapatnam,08/02/2023,19:30,Moderate,30.2
12897,Visakhapatnam,2024.08.30,17:00,High,17.8
12898,Visakhapatnam,2023.07.04,08:30,Moderate,22.6
12899,Visakhapatnam,28/09/2024,08:15,High,17.3
12900,Visakhapatnam,2024-10-02,20:30,High,17.5
12901,Visakhapatnam,16/02/2024,12:45,Low,40.7
12902,Visakhapatnam,27/08/2023,12:30,Low,26.4
12903,Visakhapatnam,08/09/2023,18:15,Moderate,27.6
12904,Visakhapatnam,2023.08.04,13:45,Low,86.6
12905,Visakhapatnam,14-03-2023,14:15,Moderate,25.7
12906,Visakhapatnam,2024-05-07,10:30,Low,33.7
12907,Visakhapatnam,14/02/2024,16:45,High,8.0
12908,Visakhapatnam,23/12/2024,09:30,Severe,6.4
12909,Visakhapatnam,02/13/2023,11:00,Low,38.9
12910,Visakhapatnam,2023-01-22,07:45,High,9.2
12911,Visakhapatnam,18-11-2024,07:45,Low,37.1
12912,Visakhapatnam,2024-05-23,16:45,High,22.9
12913,Visakhapatnam,2024.04.13,16:00,Low,38.7
12914,Visakhapatnam,2024-04-04,18:15,High,27.0
12915,Visakhapatnam,2023.10.23,18:00,Severe,8.7
12916,Visakhapatnam,14-06-2024,20:00,Low,34.8
12917,Visakhapatnam,31/03/2023,23:45,Low,32.7
12918,Visakhapatnam,06/04/2024,08:30,Moderate,28.8
12919,Visakhapatnam,06/11/2024,10:45,High,20.9
12920,Visakhapatnam,2023.07.02,17:00,Severe,3.0
12921,Visakhapatnam,2024.01.16,17:45,Low,40.8
12922,Visakhapatnam,30-06-2024,12:30,Moderate,24.0
12923,Visakhapatnam,2024.10.22,12:45,Severe,11.7
12924,Visakhapatnam,02-08-2023,08:45,High,19.2
12925,Visakhapatnam,15/04/2023,17:15,Low,29.6
12926,Visakhapatnam,09/09/2023,19:45,Moderate,24.0
12927,Visakhapatnam,2024-08-18,16:00,High,10.8
12928,Visakhapatnam,04-05-2023,16:00,High,16.7
12929,Visakhapatnam,2024.07.16,18:45,High,18.3
12930,Visakhapatnam,2024-07-16,09:45,Severe,7.0
12931,Visakhapatnam,02/24/2024,17:45,Low,40.2
12932,Visakhapatnam,01/24/2023,15:15,Moderate,29.0
12933,Visakhapatnam,12/08/2023,07:45,High,3.0
12934,Visakhapatnam,2023-07-31,19:00,High,23.4
12935,Visakhapatnam,16/03/2023,17:15,Low,29.7
12936,Visakhapatnam,15-06-2024,20:15,High,16.1
12937,Visakhapatnam,17-08-2024,12:30,High,16.3
12938,Visakhapatnam,2023.10.09,18:45,Severe,19.7
12939,Visakhapatnam,2024.12.03,12:00,High,21.5
12940,Visakhapatnam,24-07-2023,03:15,Low,38.2
12941,Visakhapatnam,11/27/2024,18:30,Severe,15.4
12942,Visakhapatnam,2024-08-15,09:45,High,16.2
12943,Visakhapatnam,2024-12-18,20:30,High,18.0
12944,Visakhapatnam,2023-12-25,06:30,Moderate,28.2
12945,Visakhapatnam,2023-09-15,16:45,Low,49.1
12946,Visakhapatnam,05/11/2023,07:00,Severe,6.7
12947,Visakhapatnam,05/20/2023,10:30,Low,31.8
12948,Visakhapatnam,08/15/2023,13:30,Severe,12.1
12949,Visakhapatnam,27/04/2024,08:00,High,16.0
12950,Visakhapatnam,07/13/2023,10:00,Severe,9.2
12951,Visakhapatnam,2024-12-05,12:00,Moderate,21.4
12952,Visakhapatnam,01/18/2023,10:45,High,19.1
12953,Visakhapatnam,2024-04-23,21:45,Severe,9.2
12954,Visakhapatnam,07/10/2024,08:00,Severe,3.0
12955,Visakhapatnam,2024.03.31,05:30,Low,33.5
12956,Visakhapatnam,2024.08.12,09:00,High,16.1
12957,Visakhapatnam,02/05/2024,15:15,Moderate,40.3
12958,Visakhapatnam,2024.06.09,17:00,Moderate,26.0
12959,Visakhapatnam,03/04/2024,01:15,Low,41.1
12960,Visakhapatnam,08/06/2023,18:30,High,23.8
12961,Visakhapatnam,12/17/2023,13:00,High,15.1
12962,Visakhapatnam,25-01-2023,09:45,Severe,3.0
12963,Visakhapatnam,10-12-2024,07:15,Moderate,31.7
12964,Visakhapatnam,2023-11-27,19:15,High,14.6
12965,Visakhapatnam,17/10/2024,15:00,Moderate,24.1
12966,Visakhapatnam,03/21/2023,13:15,Moderate,37.7
12967,Visakhapatnam,2024.07.03,12:45,High,17.5
12968,Visakhapatnam,2024.12.09,20:15,High,26.2
12969,Visakhapatnam,07/14/2023,10:00,Moderate,25.0
12970,Visakhapatnam,2024-02-19,09:30,Moderate,28.0
12971,Visakhapatnam,2023.07.30,15:30,Low,37.5
12972,Visakhapatnam,04/23/2024,16:15,Low,35.0
12973,Visakhapatnam,2023-02-05,10:15,Low,34.3
12974,Visakhapatnam,11/17/2024,17:30,Low,40.0
12975,Visakhapatnam,2023.05.12,07:30,High,6.0
12976,Visakhapatnam,2023-05-22,07:30,Low,45.6
12977,Visakhapatnam,2024-08-26,04:45,High,21.9
12978,Visakhapatnam,07/26/2023,10:00,Moderate,29.0
12979,Visakhapatnam,01/13/2023,21:45,Moderate,20.3
12980,Visakhapatnam,17-09-2023,15:15,Low,33.4
12981,Visakhapatnam,14-09-2023,11:15,High,22.6
12982,Visakhapatnam,08/03/2024,17:00,Moderate,24.1
12983,Visakhapatnam,2024-03-17,17:30,High,16.1
12984,Visakhapatnam,18-06-2024,18:15,Severe,14.2
12985,Visakhapatnam,2024.03.02,11:45,High,22.4
12986,Visakhapatnam,07/01/2024,12:30,Moderate,104.1
12987,Visakhapatnam,20-07-2024,08:00,Low,34.2
12988,Visakhapatnam,2024-04-22,08:15,High,16.2
12989,Visakhapatnam,2024.11.27,01:45,Low,39.1
12990,Visakhapatnam,24-10-2024,19:30,High,-16.9
12991,Visakhapatnam,2024.11.09,12:00,Moderate,28.0
12992,Visakhapatnam,2023.11.03,11:30,High,16.9
12993,Visakhapatnam,2024-12-02,15:00,Low,34.7
12994,Visakhapatnam,03-12-2023,12:00,Moderate,24.6
12995,Visakhapatnam,30-10-2024,12:45,Moderate,29.2
12996,Visakhapatnam,31-05-2023,16:45,High,19.6
12997,Visakhapatnam,2023.09.04,18:15,Moderate,35.2
12998,Visakhapatnam,12/11/2023,17:00,Severe,3.0
12999,Visakhapatnam,2024-03-10,02:00,Moderate,37.7
13000,Visakhapatnam,19/10/2023,07:45,Moderate,25.7
13001,Visakhapatnam,08-01-2024,07:30,Low,45.9
13002,Visakhapatnam,2024-07-16,17:45,Moderate,37.7
13003,Visakhapatnam,16/09/2023,05:45,Low,37.3
13004,Visakhapatnam,04/03/2023,08:00,High,13.2
13005,Visakhapatnam,2023.12.19,18:30,Severe,11.5
13006,Visakhapatnam,2024.12.10,07:00,Moderate,28.2
13007,Visakhapatnam,07/04/2024,08:30,High,15.7
13008,Visakhapatnam,19-02-2023,22:30,Moderate,37.7
13009,Visakhapatnam,03-08-2024,07:15,Moderate,18.7
13010,Visakhapatnam,04/04/2023,06:00,Low,37.3
13011,Visakhapatnam,01/04/2023,20:30,Severe,3.0
13012,Visakhapatnam,17/03/2024,14:00,Moderate,32.9
13013,Visakhapatnam,2023-06-28,06:30,Low,34.3
13014,Visakhapatnam,02-03-2024,21:30,Low,39.3
13015,Visakhapatnam,10-12-2024,19:00,Moderate,26.2
13016,Visakhapatnam,26-04-2024,18:45,High,21.0
13017,Visakhapatnam,2024-01-31,17:00,Moderate,31.7
13018,Visakhapatnam,02/11/2024,07:00,Moderate,20.4
13019,Visakhapatnam,2023-04-24,13:30,Moderate,25.4
13020,Visakhapatnam,2023.11.10,06:30,High,14.9
13021,Visakhapatnam,17-02-2023,18:00,Moderate,33.6
13022,Visakhapatnam,25/08/2023,17:15,High,16.2
13023,Visakhapatnam,2023-04-13,21:00,Moderate,32.1
13024,Visakhapatnam,2024.12.28,10:15,High,23.2
13025,Visakhapatnam,12/06/2023,07:15,High,13.1
13026,Visakhapatnam,2023.06.08,16:45,Moderate,21.4
13027,Visakhapatnam,2024-10-03,19:00,High,17.4
13028,Visakhapatnam,02/13/2023,17:45,High,15.0
13029,Visakhapatnam,2024-08-23,16:00,Severe,3.6
13030,Visakhapatnam,10/17/2024,07:45,Low,38.1
13031,Visakhapatnam,02/09/2023,08:30,High,-10.1
13032,Visakhapatnam,02/24/2024,09:45,High,20.5
13033,Visakhapatnam,08/08/2024,17:30,Severe,9.1
13034,Visakhapatnam,07/07/2023,14:15,Moderate,26.7
13035,Visakhapatnam,2023.01.08,07:30,Low,38.3
13036,Visakhapatnam,27-05-2023,19:15,Moderate,28.5
13037,Visakhapatnam,06/15/2024,07:00,High,13.6
13038,Visakhapatnam,2024.05.29,18:00,High,5.9
13039,Visakhapatnam,10/05/2023,16:15,Moderate,31.0
13040,Visakhapatnam,2024-11-28,17:15,Severe,16.1
13041,Visakhapatnam,04/28/2024,08:45,High,18.8
13042,Visakhapatnam,05/12/2023,10:15,High,5.2
13043,Visakhapatnam,04/08/2024,16:00,High,15.7
13044,Visakhapatnam,2023.03.27,07:00,Low,41.1
13045,Visakhapatnam,2023-11-29,15:00,Moderate,26.5
13046,Visakhapatnam,2024.09.03,18:15,High,27.1
13047,Visakhapatnam,2024.05.01,01:30,Moderate,22.8
13048,Visakhapatnam,2024-11-21,07:15,Low,39.6
13049,Visakhapatnam,2023-09-12,09:45,Low,34.9
13050,Visakhapatnam,12/09/2023,10:15,Moderate,22.3
13051,Visakhapatnam,06/25/2023,14:00,Moderate,34.8
13052,Visakhapatnam,2024-12-26,08:30,High,9.4
13053,Visakhapatnam,22-05-2023,12:00,Moderate,20.5
13054,Visakhapatnam,06/05/2023,19:30,Severe,3.0
13055,Visakhapatnam,08/18/2024,13:00,Moderate,38.5
13056,Visakhapatnam,2024-01-31,18:30,High,17.4
13057,Visakhapatnam,2023.09.19,21:30,Moderate,30.7
13058,Visakhapatnam,12/12/2024,15:30,Low,36.6
13059,Visakhapatnam,2024.05.03,21:30,Moderate,32.8
13060,Visakhapatnam,04/07/2024,07:30,Low,35.8
13061,Visakhapatnam,24-07-2023,19:15,Low,37.4
13062,Visakhapatnam,19/08/2024,22:15,Severe,3.0
13063,Visakhapatnam,22-12-2023,14:45,High,28.5
13064,Visakhapatnam,2024.01.04,07:30,High,7.1
13065,Visakhapatnam,07/12/2024,11:00,Moderate,16.3
13066,Visakhapatnam,2023.04.28,08:45,Severe,11.5
13067,Visakhapatnam,2024-04-07,09:15,Severe,7.4
13068,Visakhapatnam,04/18/2023,00:45,Low,41.1
13069,Visakhapatnam,15-02-2023,14:00,Moderate,23.3
13070,Visakhapatnam,2024-02-29,09:00,High,14.8
13071,Visakhapatnam,2024-08-04,09:00,Moderate,26.3
13072,Visakhapatnam,13-09-2024,15:00,Moderate,19.2
13073,Visakhapatnam,04/20/2023,14:15,Moderate,22.7
13074,Visakhapatnam,2023.10.19,18:15,Severe,10.0
13075,Visakhapatnam,2024-01-13,21:30,Low,39.7
13076,Visakhapatnam,2024.01.10,08:15,Moderate,25.3
13077,Visakhapatnam,06/07/2024,19:15,Moderate,91.5
13078,Visakhapatnam,2024-05-10,08:00,High,14.9
13079,Visakhapatnam,2023.09.25,23:15,Moderate,24.5
13080,Visakhapatnam,2024.09.30,21:15,Low,44.7
13081,Visakhapatnam,2023.12.08,19:45,Moderate,26.9
13082,Visakhapatnam,12/18/2023,03:00,Low,37.1
13083,Visakhapatnam,2023.06.08,06:45,Moderate,29.7
13084,Visakhapatnam,09/11/2023,09:15,Low,30.4
13085,Visakhapatnam,09/10/2024,00:30,Low,36.9
13086,Visakhapatnam,09/13/2023,11:15,Moderate,27.3
13087,Visakhapatnam,2024-02-07,17:00,Low,32.9
13088,Visakhapatnam,04/09/2023,16:15,High,14.1
13089,Visakhapatnam,18/04/2023,16:45,Low,35.9
13090,Visakhapatnam,2023.01.04,10:00,Low,41.3
13091,Visakhapatnam,2024.12.07,16:00,Severe,11.4
13092,Visakhapatnam,2023.12.08,08:15,Moderate,28.2
13093,Visakhapatnam,07/02/2024,08:15,Severe,8.9
13094,Visakhapatnam,2024.05.04,12:30,Moderate,31.2
13095,Visakhapatnam,2023-10-02,01:15,Low,41.5
13096,Visakhapatnam,03/06/2024,11:45,Low,36.9
13097,Visakhapatnam,03/22/2024,07:30,Low,39.5
13098,Visakhapatnam,12-08-2024,04:00,Low,43.3
13099,Visakhapatnam,08/02/2024,09:15,High,16.7
13100,Visakhapatnam,2024-08-17,08:15,High,12.2
13101,Visakhapatnam,2023-02-25,10:00,Moderate,28.8
13102,Visakhapatnam,03/18/2023,18:15,Moderate,21.1
13103,Visakhapatnam,2023-11-07,07:00,Moderate,23.7
13104,Visakhapatnam,2023.11.25,16:30,Moderate,28.7
13105,Visakhapatnam,02/27/2024,07:00,Low,38.6
13106,Visakhapatnam,01/05/2024,16:15,Moderate,25.0
13107,Visakhapatnam,2023-05-20,20:30,High,18.1
13108,Visakhapatnam,25-04-2023,08:45,Severe,19.7
13109,Visakhapatnam,24/01/2024,15:45,Moderate,33.8
13110,Visakhapatnam,08/05/2024,07:45,Low,40.0
13111,Visakhapatnam,2024.06.18,01:30,Moderate,26.2
13112,Visakhapatnam,2023-07-01,20:00,Moderate,15.6
13113,Visakhapatnam,09/06/2024,08:30,Moderate,21.1
13114,Visakhapatnam,09/19/2023,18:45,High,22.1
13115,Visakhapatnam,02/08/2023,19:30,High,9.4
13116,Visakhapatnam,02/22/2023,07:15,Low,35.7
13117,Visakhapatnam,06/29/2024,19:00,High,15.8
13118,Visakhapatnam,15-07-2024,20:45,Severe,5.4
13119,Visakhapatnam,01/12/2023,07:00,Low,39.0
13120,Visakhapatnam,29/04/2024,14:30,Low,38.7
13121,Visakhapatnam,2024.07.27,08:15,High,12.2
13122,Visakhapatnam,2023.06.24,21:45,Severe,18.4
13123,Visakhapatnam,22-06-2024,06:00,Low,-38.7
13124,Visakhapatnam,08/14/2023,08:15,Low,35.2
13125,Visakhapatnam,28/09/2024,09:45,High,19.9
13126,Visakhapatnam,2024.01.05,09:15,Severe,3.0
13127,Visakhapatnam,2024.11.06,08:15,High,16.2
13128,Visakhapatnam,2023-05-03,19:00,Moderate,29.4
13129,Visakhapatnam,07/07/2024,14:15,Low,40.7
13130,Visakhapatnam,2024.08.04,19:00,Severe,11.8
13131,Visakhapatnam,14/07/2023,13:30,Moderate,26.9
13132,Visakhapatnam,2023-02-21,11:30,Severe,6.7
13133,Visakhapatnam,11/26/2023,05:15,,37.0
13134,Visakhapatnam,2024-11-16,07:30,Low,36.2
13135,Visakhapatnam,2023.12.24,18:15,High,19.7
13136,Visakhapatnam,2024.09.28,08:00,High,17.7
13137,Visakhapatnam,02/18/2024,14:30,High,3.2
13138,Visakhapatnam,02/25/2024,12:00,Moderate,27.2
13139,Visakhapatnam,09/20/2023,07:30,Low,42.1
13140,Visakhapatnam,03/09/2023,07:30,Low,38.6
13141,Visakhapatnam,2024-07-12,13:30,Low,33.8
13142,Visakhapatnam,2024.05.09,20:00,High,14.1
13143,Visakhapatnam,21-07-2024,11:00,Moderate,26.0
13144,Visakhapatnam,21-01-2024,17:30,Moderate,23.3
13145,Visakhapatnam,2024-01-27,17:15,Low,46.3
13146,Visakhapatnam,26-07-2023,08:45,Severe,3.0
13147,Visakhapatnam,03-04-2023,17:00,Low,33.6
13148,Visakhapatnam,06/11/2023,16:45,High,20.9
13149,Visakhapatnam,12/03/2024,10:30,High,11.9
13150,Visakhapatnam,2023-06-17,20:00,High,17.0
13151,Visakhapatnam,14-02-2023,18:00,Moderate,29.7
13152,Visakhapatnam,2023-02-08,18:15,High,14.7
13153,Visakhapatnam,2024-02-24,18:00,Moderate,28.4
13154,Visakhapatnam,2023-11-24,19:15,Severe,4.0
13155,Visakhapatnam,2023-07-31,15:30,Low,32.1
13156,Visakhapatnam,31/12/2024,12:00,High,16.1
13157,Visakhapatnam,2024.08.31,12:30,High,14.2
13158,Visakhapatnam,24/10/2024,10:15,Low,35.8
13159,Visakhapatnam,09-12-2023,18:00,Severe,10.0
13160,Visakhapatnam,09/19/2024,16:15,High,12.3
13161,Visakhapatnam,2024.12.27,06:00,Moderate,25.8
13162,Visakhapatnam,10/15/2023,17:15,Severe,8.8
13163,Visakhapatnam,2023-11-24,12:00,Low,33.0
13164,Visakhapatnam,09-08-2023,01:45,Low,37.6
13165,Visakhapatnam,2024.12.23,08:30,Severe,11.3
13166,Visakhapatnam,2023-11-27,12:15,Moderate,30.0
13167,Visakhapatnam,2023.05.11,19:45,High,20.9
13168,Visakhapatnam,07/23/2023,15:00,Severe,3.0
13169,Visakhapatnam,2023-05-06,13:30,Moderate,36.5
13170,Visakhapatnam,25-12-2024,19:15,High,18.1
13171,Visakhapatnam,03/07/2023,08:45,High,14.9
13172,Visakhapatnam,21/01/2023,16:15,Low,32.3
13173,Visakhapatnam,2023-12-11,19:15,High,19.9
13174,Visakhapatnam,09/15/2024,12:30,Moderate,19.6
13175,Visakhapatnam,07/01/2023,15:30,Low,42.0
13176,Visakhapatnam,2024.09.01,07:15,Moderate,25.6
13177,Visakhapatnam,2023.03.18,11:00,,41.8
13178,Visakhapatnam,2023-10-25,09:30,Severe,3.0
13179,Visakhapatnam,16-10-2024,03:30,Low,41.9
13180,Visakhapatnam,2023-09-02,14:15,Severe,16.5
13181,Visakhapatnam,2024-04-14,06:15,Low,38.5
13182,Visakhapatnam,09-04-2024,16:30,Moderate,27.5
13183,Visakhapatnam,20-04-2023,08:00,Severe,3.0
13184,Visakhapatnam,24-09-2024,06:00,Moderate,30.2
13185,Visakhapatnam,2023-07-14,04:30,Low,37.9
13186,Visakhapatnam,03/03/2024,09:30,High,22.5
13187,Visakhapatnam,05/26/2023,20:15,Moderate,22.1
13188,Visakhapatnam,2023-09-26,19:45,High,18.4
13189,Visakhapatnam,2023.02.20,06:45,High,20.5
13190,Visakhapatnam,2024.03.12,14:45,High,18.1
13191,Visakhapatnam,2023.01.31,23:00,Moderate,28.0
13192,Visakhapatnam,17/06/2023,21:30,Severe,15.6
13193,Visakhapatnam,2023-01-05,09:15,High,17.1
13194,Visakhapatnam,09/11/2024,17:00,Low,40.9
13195,Visakhapatnam,20-06-2023,18:45,Severe,6.5
13196,Visakhapatnam,2024.07.13,05:00,Moderate,33.3
13197,Visakhapatnam,27/09/2024,07:30,Low,38.5
13198,Visakhapatnam,01/19/2024,03:45,Low,42.1
13199,Visakhapatnam,23-01-2024,08:00,High,14.0
13200,Patna,2024.06.08,08:00,High,19.7
13201,Patna,05/05/2024,08:45,Moderate,34.5
13202,Patna,2024.08.14,08:00,Moderate,32.2
13203,Patna,02/22/2024,19:00,High,16.7
13204,Patna,23-04-2023,00:30,Low,39.2
13205,Patna,07/03/2024,11:15,High,20.1
13206,Patna,2024.12.14,21:30,High,15.4
13207,Patna,2023-04-23,15:15,Severe,11.7
13208,Patna,05/29/2024,12:45,Low,36.2
13209,Patna,05/22/2024,12:30,Moderate,23.6
13210,Patna,07-12-2024,18:45,Moderate,32.0
13211,Patna,25-03-2024,22:00,Moderate,25.3
13212,Patna,12/17/2024,09:15,High,13.3
13213,Patna,02/16/2023,16:00,Moderate,26.4
13214,Patna,18/08/2023,10:30,Moderate,34.1
13215,Patna,21/11/2023,11:45,Moderate,23.9
13216,Patna,2024-04-15,12:15,Low,33.9
13217,Patna,2024-03-16,12:15,High,14.4
13218,Patna,14/07/2023,12:15,Low,46.3
13219,Patna,2023.04.14,17:30,Moderate,37.6
13220,Patna,08/11/2024,16:45,Moderate,31.1
13221,Patna,2023-07-26,18:15,Severe,5.4
13222,Patna,22-04-2024,07:00,Moderate,28.3
13223,Patna,2024-06-26,12:30,Moderate,24.8
13224,Patna,26/10/2023,15:00,Low,49.4
13225,Patna,03/26/2024,17:15,High,15.2
13226,Patna,2023-12-30,14:15,Severe,4.1
13227,Patna,01/15/2024,18:45,Severe,9.5
13228,Patna,2023-08-19,18:15,High,13.4
13229,Patna,08/21/2023,11:15,Low,40.3
13230,Patna,28/09/2024,12:00,Moderate,31.6
13231,Patna,07/01/2023,17:45,Moderate,23.0
13232,Patna,2024-04-14,20:00,Severe,9.6
13233,Patna,2023-02-09,07:45,Low,43.3
13234,Patna,10/20/2023,12:00,High,13.9
13235,Patna,07/19/2024,18:30,High,25.2
13236,Patna,2023-12-02,10:45,Moderate,25.9
13237,Patna,2023.11.22,06:00,Low,34.7
13238,Patna,2024-02-03,20:45,Moderate,31.4
13239,Patna,2023.09.13,14:45,Low,32.2
13240,Patna,23-05-2023,19:00,High,23.4
13241,Patna,25/05/2023,17:00,Moderate,39.5
13242,Patna,2023.04.20,07:45,Moderate,30.6
13243,Patna,12-11-2023,05:00,Low,41.2
13244,Patna,2023-03-01,18:45,Severe,-3.3
13245,Patna,2023-01-25,08:30,Moderate,20.3
13246,Patna,2023-08-21,09:30,High,3.0
13247,Patna,09/02/2023,06:00,Moderate,24.6
13248,Patna,2023.06.23,17:30,Moderate,23.8
13249,Patna,02-11-2023,09:00,High,24.1
13250,Patna,2024-07-13,09:45,Moderate,41.3
13251,Patna,2023.11.27,16:45,Moderate,20.0
13252,Patna,2024-11-25,20:45,Severe,3.0
13253,Patna,03/01/2023,16:00,Low,36.9
13254,Patna,07/01/2024,02:30,Low,36.1
13255,Patna,09/05/2024,07:15,Moderate,25.8
13256,Patna,2024.08.31,08:30,High,22.0
13257,Patna,05/10/2023,17:15,Low,37.0
13258,Patna,2024-01-22,20:45,High,17.4
13259,Patna,07/01/2024,10:00,Low,37.1
13260,Patna,04/20/2023,15:30,Low,38.2
13261,Patna,23/04/2024,18:15,Moderate,25.5
13262,Patna,08/11/2023,08:00,Severe,8.1
13263,Patna,09/29/2024,22:45,Severe,8.4
13264,Patna,09/17/2023,07:45,Severe,14.2
13265,Patna,30-11-2024,06:15,Moderate,21.0
13266,Patna,2023-05-08,14:15,Low,30.2
13267,Patna,2023.11.27,05:45,Low,32.3
13268,Patna,2024-05-01,11:15,High,29.0
13269,Patna,07/23/2024,19:15,High,19.9
13270,Patna,2023.10.30,21:15,Moderate,33.5
13271,Patna,27-09-2023,13:30,High,11.7
13272,Patna,2024.05.14,18:00,High,17.8
13273,Patna,2024.10.21,09:15,Moderate,29.7
13274,Patna,07/26/2024,00:30,Moderate,23.1
13275,Patna,2024.08.10,17:30,Moderate,31.6
13276,Patna,2023.10.01,08:30,High,21.6
13277,Patna,2024.05.01,11:30,Moderate,30.3
13278,Patna,07/03/2024,15:30,High,17.6
13279,Patna,2023.11.12,14:00,Low,38.8
13280,Patna,2023.08.21,09:45,Severe,19.7
13281,Patna,22-02-2024,13:45,High,3.0
13282,Patna,07/04/2024,07:45,Moderate,20.7
13283,Patna,10/26/2023,08:45,Low,43.8
13284,Patna,2023-10-27,12:45,Severe,12.0
13285,Patna,24/07/2023,19:45,High,13.1
13286,Patna,27-04-2023,20:15,Severe,14.4
13287,Patna,05/12/2023,01:00,Low,38.3
13288,Patna,2024.05.04,22:45,Severe,7.4
13289,Patna,2023-10-30,21:30,High,8.2
13290,Patna,21/09/2024,13:30,High,24.5
13291,Patna,2024.03.11,17:30,Low,33.9
13292,Patna,2024-02-05,19:45,Severe,12.6
13293,Patna,30-05-2023,16:30,Moderate,25.0
13294,Patna,14/05/2024,12:30,Low,38.6
13295,Patna,18-10-2023,22:45,Low,43.5
13296,Patna,18-10-2024,16:15,Low,37.8
13297,Patna,09/04/2023,15:45,Moderate,20.3
13298,Patna,2024.11.01,08:15,Moderate,20.8
13299,Patna,2024.06.22,07:00,Moderate,41.0
13300,Patna,13/05/2024,09:00,Severe,3.0
13301,Patna,31-07-2024,18:30,Severe,11.7
13302,Patna,19/11/2023,18:30,Severe,6.4
13303,Patna,12/03/2023,00:00,Low,35.8
13304,Patna,29-08-2023,06:30,Moderate,27.7
13305,Patna,07/10/2024,00:45,Moderate,22.1
13306,Patna,16/09/2024,09:00,Severe,6.9
13307,Patna,2024.04.01,19:45,High,10.3
13308,Patna,30-05-2024,18:30,High,27.3
13309,Patna,09/05/2024,21:15,High,18.7
13310,Patna,20-10-2024,09:00,High,13.3
13311,Patna,24/05/2024,18:30,High,15.5
13312,Patna,2023.08.16,18:45,Moderate,27.8
13313,Patna,2024-03-23,15:15,High,17.3
13314,Patna,02/06/2024,08:45,High,13.8
13315,Patna,2023.07.04,14:45,Severe,6.7
13316,Patna,07/13/2024,06:00,Severe,7.6
13317,Patna,23/05/2024,04:45,Low,37.8
13318,Patna,07/21/2023,12:30,Moderate,22.6
13319,Patna,2024-01-10,18:00,High,14.2
13320,Patna,2024.05.25,09:30,Severe,4.3
13321,Patna,2023.05.08,13:15,High,20.4
13322,Patna,2023-11-29,16:15,Moderate,28.7
13323,Patna,2023.03.24,18:00,Severe,8.3
13324,Patna,2024-07-28,18:15,Moderate,27.7
13325,Patna,09/04/2024,07:45,Moderate,20.6
13326,Patna,09-02-2023,15:30,Moderate,18.1
13327,Patna,2023-03-30,19:15,Severe,11.9
13328,Patna,2023.12.11,15:15,High,19.4
13329,Patna,05/10/2023,10:30,Moderate,28.0
13330,Patna,30/04/2024,14:00,Low,41.9
13331,Patna,2024.09.15,08:30,High,16.9
13332,Patna,2024.02.26,04:15,Low,37.1
13333,Patna,2024-10-01,08:15,Moderate,20.1
13334,Patna,23/03/2024,21:30,Moderate,30.8
13335,Patna,2023.07.16,19:00,Severe,6.5
13336,Patna,05-07-2023,01:00,Moderate,26.2
13337,Patna,2024.05.23,19:15,Moderate,29.4
13338,Patna,07/29/2024,08:15,High,19.1
13339,Patna,2024.12.22,22:15,Low,48.1
13340,Patna,15-11-2023,20:30,Moderate,94.9
13341,Patna,21-06-2024,21:15,Low,42.3
13342,Patna,08/11/2024,09:00,High,11.3
13343,Patna,23/01/2023,07:15,Moderate,29.5
13344,Patna,04/16/2024,18:45,Moderate,21.1
13345,Patna,11/29/2023,18:00,High,13.5
13346,Patna,11/13/2024,21:45,High,21.6
13347,Patna,2023.11.28,11:30,Low,40.9
13348,Patna,2024-07-13,09:00,Severe,5.1
13349,Patna,13/07/2024,20:15,Severe,4.8
13350,Patna,2024.03.25,08:15,High,17.4
13351,Patna,2023.05.12,20:15,Severe,8.3
13352,Patna,16-11-2023,15:30,Low,41.7
13353,Patna,2024-02-11,10:30,Low,43.2
13354,Patna,10-01-2023,07:30,Moderate,21.7
13355,Patna,10/28/2024,02:30,Low,40.5
13356,Patna,2024.07.18,02:15,Low,31.4
13357,Patna,07/12/2024,08:15,Moderate,25.0
13358,Patna,29/11/2024,23:00,Low,36.5
13359,Patna,2023-01-08,14:15,Moderate,24.4
13360,Patna,18-10-2023,10:45,High,14.1
13361,Patna,2024-11-10,03:30,High,16.4
13362,Patna,10/24/2024,19:15,Moderate,33.9
13363,Patna,04-03-2024,08:30,High,18.3
13364,Patna,2024-04-09,05:00,Moderate,26.7
13365,Patna,2024-05-22,19:00,Severe,11.5
13366,Patna,01/06/2023,06:15,Moderate,26.2
13367,Patna,2023-07-31,18:15,Severe,9.1
13368,Patna,11/23/2024,21:00,High,20.1
13369,Patna,12/02/2024,05:45,High,15.8
13370,Patna,06-04-2024,06:45,Low,28.6
13371,Patna,01/22/2024,10:15,Moderate,28.7
13372,Patna,2024.06.19,18:00,High,13.1
13373,Patna,2023-06-07,17:00,Low,36.4
13374,Patna,20/05/2023,08:15,Severe,3.0
13375,Patna,2024-01-02,19:00,High,19.8
13376,Patna,2024-11-05,07:30,High,17.5
13377,Patna,2023.09.07,09:30,Severe,6.5
13378,Patna,20-10-2023,22:45,Moderate,-32.3
13379,Patna,09/19/2024,09:15,High,18.3
13380,Patna,2024.08.18,10:45,Moderate,21.4
13381,Patna,30/11/2023,05:30,Moderate,31.4
13382,Patna,2024.02.05,15:00,Low,36.9
13383,Patna,26-11-2023,04:30,Low,37.6
13384,Patna,2023-09-15,16:00,Moderate,22.7
13385,Patna,2024.10.24,12:45,Moderate,27.3
13386,Patna,12/05/2024,21:15,Moderate,32.2
13387,Patna,01/22/2024,05:15,Moderate,23.0
13388,Patna,08-12-2024,03:15,Moderate,22.4
13389,Patna,08/09/2024,16:15,Moderate,31.5
13390,Patna,2024.04.14,14:00,High,8.9
13391,Patna,2024.06.08,16:45,Low,26.0
13392,Patna,2023-07-29,13:30,Low,32.7
13393,Patna,02/02/2024,13:00,,23.1
13394,Patna,11/06/2024,18:45,Moderate,20.6
13395,Patna,21/04/2024,08:15,Moderate,26.5
13396,Patna,2024.10.19,09:45,High,16.0
13397,Patna,2023.12.29,10:15,Moderate,18.6
13398,Patna,2023.12.02,07:15,Low,35.9
13399,Patna,2024-03-19,16:45,High,9.5
13400,Patna,18/12/2023,12:45,Moderate,33.0
13401,Patna,2024.04.08,07:00,Moderate,22.1
13402,Patna,19/10/2023,08:00,Moderate,21.7
13403,Patna,05-07-2023,18:30,Moderate,23.3
13404,Patna,26-12-2023,21:15,Low,39.2
13405,Patna,05/24/2024,20:00,High,17.5
13406,Patna,2023.02.28,13:00,Moderate,25.9
13407,Patna,2024.05.04,10:30,Moderate,33.4
13408,Patna,27-06-2023,22:00,Low,32.9
13409,Patna,07/08/2023,19:15,High,18.4
13410,Patna,10/08/2023,20:30,Severe,16.1
13411,Patna,02-08-2023,16:00,High,17.5
13412,Patna,09/23/2023,14:00,Severe,8.9
13413,Patna,2024.02.03,15:15,Severe,10.0
13414,Patna,2024-09-26,19:00,Severe,3.0
13415,Patna,22/09/2024,14:00,Low,35.8
13416,Patna,07/05/2023,12:00,High,19.8
13417,Patna,2024.08.25,09:45,High,23.2
13418,Patna,12/26/2023,08:00,High,9.5
13419,Patna,20/11/2024,07:45,High,24.2
13420,Patna,2023-12-19,08:30,Severe,11.9
13421,Patna,2023-09-01,12:15,High,17.0
13422,Patna,04/28/2024,08:45,High,13.3
13423,Patna,2024.07.02,20:00,Moderate,29.8
13424,Patna,19-07-2024,18:15,Severe,3.6
13425,Patna,30-04-2023,18:15,High,13.9
13426,Patna,2024.02.28,15:15,Low,27.1
13427,Patna,04/11/2024,19:30,High,19.8
13428,Patna,2023.02.16,07:30,,47.9
13429,Patna,23-12-2024,20:15,High,23.8
13430,Patna,10-11-2023,10:15,Moderate,18.4
13431,Patna,19-06-2024,07:15,Moderate,26.8
13432,Patna,2023.07.28,07:30,Moderate,17.6
13433,Patna,2023.08.19,17:15,Moderate,31.1
13434,Patna,13-04-2024,23:00,High,108.5
13435,Patna,06/07/2024,07:45,Low,31.6
13436,Patna,12/14/2024,01:45,Moderate,20.8
13437,Patna,12/03/2023,14:00,Moderate,-28.5
13438,Patna,30-03-2023,17:45,Severe,3.0
13439,Patna,13-12-2024,13:45,Low,46.2
13440,Patna,2024-06-08,10:30,Low,49.3
13441,Patna,14/10/2023,18:00,Severe,9.6
13442,Patna,10/01/2024,03:30,Moderate,20.0
13443,Patna,02-10-2024,15:45,Moderate,26.4
13444,Patna,04/09/2024,19:00,High,14.0
13445,Patna,2024.03.26,08:15,Severe,19.4
13446,Patna,28-02-2023,07:15,Moderate,24.3
13447,Patna,03/03/2024,12:15,Low,35.0
13448,Patna,2023.11.12,17:45,Moderate,34.3
13449,Patna,03-05-2024,08:30,High,19.9
13450,Patna,16-06-2024,12:45,Moderate,24.5
13451,Patna,2024.07.05,10:45,Moderate,34.4
13452,Patna,2023-02-24,20:45,Moderate,37.2
13453,Patna,2024-07-21,17:15,High,11.2
13454,Patna,20-02-2024,13:45,Low,37.1
13455,Patna,28/11/2024,07:15,Low,45.7
13456,Patna,19/11/2024,00:45,Moderate,26.6
13457,Patna,21/09/2024,08:45,Low,32.1
13458,Patna,2024.01.25,08:15,Low,40.4
13459,Patna,11/29/2023,19:15,Low,43.3
13460,Patna,2024.08.15,18:00,High,16.1
13461,Patna,19/12/2024,11:30,Severe,7.0
13462,Patna,2023-08-22,00:30,Low,44.6
13463,Patna,27/01/2023,19:15,Severe,20.2
13464,Patna,11/13/2023,12:45,Moderate,21.6
13465,Patna,06/06/2023,10:15,Moderate,28.8
13466,Patna,2023-06-20,00:45,Low,28.4
13467,Patna,05/05/2024,10:00,Severe,9.8
13468,Patna,20-08-2024,18:30,High,10.7
13469,Patna,10/05/2023,04:15,Moderate,24.6
13470,Patna,2024-04-06,07:15,Severe,6.6
13471,Patna,03/29/2023,07:00,Moderate,23.7
13472,Patna,25-10-2023,13:15,Low,36.2
13473,Patna,30-08-2023,17:45,High,12.3
13474,Patna,2023.10.18,19:30,Severe,10.6
13475,Patna,30-06-2023,22:45,Moderate,29.8
13476,Patna,22/04/2023,21:15,Moderate,16.0
13477,Patna,2024-05-20,18:15,High,15.9
13478,Patna,07/29/2024,20:45,Severe,9.4
13479,Patna,2024-04-27,12:15,Moderate,30.3
13480,Patna,2023-08-04,05:45,Low,45.3
13481,Patna,08/28/2023,19:30,Severe,9.4
13482,Patna,2023-01-04,08:45,High,15.1
13483,Patna,23/10/2023,14:15,Moderate,25.1
13484,Patna,2024.03.06,13:15,High,13.1
13485,Patna,08/25/2023,20:30,Severe,3.0
13486,Patna,24/10/2023,10:45,Moderate,21.2
13487,Patna,2023.12.20,11:30,Moderate,24.3
13488,Patna,03/12/2024,07:00,High,18.1
13489,Patna,07/12/2024,12:30,Low,37.8
13490,Patna,30-04-2024,06:30,Moderate,30.6
13491,Patna,2023.01.29,20:45,Severe,5.1
13492,Patna,25/12/2024,12:30,Moderate,24.1
13493,Patna,18-06-2024,17:15,Moderate,27.4
13494,Patna,2024-11-02,17:15,High,96.1
13495,Patna,07/27/2023,06:15,Low,38.6
13496,Patna,2024.04.09,18:00,Moderate,25.4
13497,Patna,2023.12.11,10:30,Low,38.4
13498,Patna,2023-11-30,11:30,Severe,7.1
13499,Patna,07/08/2023,18:45,Severe,3.0
13500,Patna,04/09/2024,03:15,Low,-30.6
13501,Patna,18/03/2024,08:15,High,5.7
13502,Patna,2023.06.14,15:45,Moderate,27.2
13503,Patna,08/02/2024,19:45,High,26.8
13504,Patna,04/21/2023,18:00,Severe,4.0
13505,Patna,2023.01.10,16:15,High,12.6
13506,Patna,2023.08.25,07:00,Low,41.9
13507,Patna,18/03/2024,08:00,Severe,3.4
13508,Patna,30/10/2024,12:30,High,15.2
13509,Patna,2024.05.03,16:15,Low,34.8
13510,Patna,03/14/2024,15:00,Moderate,30.6
13511,Patna,2024.09.01,13:00,Moderate,27.3
13512,Patna,17-02-2023,04:15,Low,40.8
13513,Patna,2023.05.07,13:15,High,12.3
13514,Patna,2023.07.25,22:00,Low,42.8
13515,Patna,2023.02.16,14:15,Moderate,27.5
13516,Patna,22/12/2023,19:30,High,-22.2
13517,Patna,2023.06.21,08:45,High,19.7
13518,Patna,09-08-2024,18:00,Severe,18.6
13519,Patna,12/19/2023,22:45,Moderate,24.2
13520,Patna,10/19/2024,19:30,Severe,8.9
13521,Patna,07/30/2023,09:15,High,15.8
13522,Patna,19-12-2024,06:00,Low,39.3
13523,Patna,2023-05-28,17:15,Low,38.2
13524,Patna,08/23/2023,14:30,High,18.9
13525,Patna,2023-05-25,07:45,Moderate,26.4
13526,Patna,27/10/2024,17:15,Moderate,31.6
13527,Patna,19/07/2024,22:15,Low,26.0
13528,Patna,2024-06-04,13:30,High,15.3
13529,Patna,2024-01-19,09:15,High,8.3
13530,Patna,17/01/2023,00:15,Low,41.1
13531,Patna,09/11/2024,12:00,High,14.8
13532,Patna,2024.09.30,09:00,Severe,14.1
13533,Patna,2023.02.23,10:30,Moderate,26.6
13534,Patna,23/01/2024,15:15,Severe,14.7
13535,Patna,2023.12.14,16:00,Severe,3.2
13536,Patna,2023.09.20,16:00,Moderate,27.6
13537,Patna,2024.06.04,13:30,Moderate,30.8
13538,Patna,03/21/2023,19:30,High,18.6
13539,Patna,2024-09-15,09:00,Moderate,25.8
13540,Patna,14/08/2024,11:45,Moderate,28.3
13541,Patna,09/12/2024,16:45,Severe,10.0
13542,Patna,05-12-2023,22:30,Moderate,33.9
13543,Patna,11/22/2023,10:45,Moderate,28.0
13544,Patna,05/19/2024,07:15,Moderate,32.0
13545,Patna,2023.06.10,15:45,High,13.0
13546,Patna,01/18/2023,05:15,Low,39.2
13547,Patna,2024-11-18,19:45,Moderate,27.4
13548,Patna,2024.03.31,15:45,Moderate,30.0
13549,Patna,13-10-2024,19:45,Severe,3.0
13550,Patna,07/01/2023,08:00,Severe,10.8
13551,Patna,24/05/2023,17:15,Low,40.9
13552,Patna,09/01/2023,09:30,Low,45.0
13553,Patna,01/02/2023,18:15,Moderate,28.9
13554,Patna,03/03/2023,20:30,Moderate,31.0
13555,Patna,10/25/2024,09:15,High,16.9
13556,Patna,16/02/2024,09:45,High,-17.4
13557,Patna,11/29/2023,17:15,Severe,11.9
13558,Patna,2023.02.09,07:00,Severe,6.2
13559,Patna,05/05/2024,19:15,High,26.8
13560,Patna,10/30/2024,22:45,Moderate,40.2
13561,Patna,05-02-2024,06:30,Moderate,29.1
13562,Patna,12-04-2024,17:15,Severe,9.6
13563,Patna,2023-09-10,12:30,Moderate,27.9
13564,Patna,2023-06-11,14:45,Moderate,31.2
13565,Patna,25-01-2023,06:00,Moderate,33.0
13566,Patna,2024.12.24,14:15,Moderate,88.0
13567,Patna,2024.08.06,17:00,Moderate,28.7
13568,Patna,08/11/2024,18:45,Severe,12.8
13569,Patna,2023-06-19,09:15,Severe,17.2
13570,Patna,2023.06.28,18:45,High,11.2
13571,Patna,2024-11-19,19:45,,14.9
13572,Patna,06/04/2023,08:30,High,14.9
13573,Patna,2023-06-01,12:45,Severe,5.7
13574,Patna,2023.09.08,12:15,Low,31.0
13575,Patna,07-07-2024,02:45,High,11.6
13576,Patna,23/08/2024,08:45,Severe,4.6
13577,Patna,2024-02-08,09:45,Severe,4.7
13578,Patna,2024-06-20,19:30,Severe,10.6
13579,Patna,26/03/2024,08:45,High,18.2
13580,Patna,2023-12-04,09:30,High,17.8
13581,Patna,06-09-2023,19:00,High,24.7
13582,Patna,2024.10.15,12:00,Low,47.5
13583,Patna,08/16/2023,08:30,High,18.2
13584,Patna,26-08-2024,12:00,Moderate,29.7
13585,Patna,2024-12-24,11:15,Severe,3.0
13586,Patna,07-11-2023,07:15,Severe,3.0
13587,Patna,11/13/2023,08:15,Severe,4.7
13588,Patna,11/03/2024,16:30,High,18.5
13589,Patna,06/23/2023,19:00,Moderate,27.7
13590,Patna,04/12/2024,06:00,Moderate,89.6
13591,Patna,2024-06-09,10:45,Moderate,25.8
13592,Patna,17-07-2024,09:00,High,20.1
13593,Patna,07/23/2024,17:00,Low,43.5
13594,Patna,18-05-2023,06:00,Moderate,28.1
13595,Patna,2024.07.01,18:30,High,7.3
13596,Patna,2023.11.21,22:00,High,20.0
13597,Patna,16-09-2024,17:15,Low,36.6
13598,Patna,06/19/2024,08:15,Severe,6.7
13599,Patna,2024.03.11,19:00,Moderate,21.0
13600,Patna,04/02/2023,17:15,Moderate,37.9
13601,Patna,2024.12.03,18:30,High,12.9
13602,Patna,10/19/2023,18:45,Moderate,21.4
13603,Patna,2023.09.05,06:30,High,15.6
13604,Patna,02-04-2023,12:15,High,-19.3
13605,Patna,12/24/2024,17:15,Low,30.7
13606,Patna,04/23/2024,16:15,Moderate,29.6
13607,Patna,25/09/2023,11:00,High,14.9
13608,Patna,2023.07.24,17:30,Moderate,18.3
13609,Patna,01/08/2023,19:30,Moderate,31.6
13610,Patna,2024.08.19,11:00,Low,49.3
13611,Patna,05/18/2023,12:00,Moderate,26.1
13612,Patna,01/16/2024,14:30,Moderate,33.6
13613,Patna,12/18/2023,16:45,Severe,3.0
13614,Patna,24-06-2024,12:15,Moderate,26.8
13615,Patna,10/25/2024,14:15,High,17.2
13616,Patna,2024.11.06,12:45,Low,32.6
13617,Patna,09-11-2023,19:00,High,20.1
13618,Patna,2023-04-19,00:15,Moderate,23.2
13619,Patna,10/01/2024,14:30,High,20.7
13620,Patna,2023.12.03,09:45,Severe,7.5
13621,Patna,28/10/2023,18:15,High,17.3
13622,Patna,2024.09.21,13:00,Severe,16.8
13623,Patna,17/01/2023,12:00,Low,37.1
13624,Patna,12-11-2024,18:15,High,16.6
13625,Patna,07/09/2024,07:15,High,21.7
13626,Patna,2023-04-02,07:45,Low,40.6
13627,Patna,13/04/2023,08:45,High,13.6
13628,Patna,24-11-2024,08:15,High,16.0
13629,Patna,01/31/2024,17:15,Moderate,23.3
13630,Patna,04/09/2023,09:30,Moderate,31.0
13631,Patna,17/02/2023,08:00,Moderate,24.2
13632,Patna,2023-03-09,18:30,,10.8
13633,Patna,2023.07.20,16:45,Moderate,28.3
13634,Patna,2024.12.12,08:00,High,15.4
13635,Patna,08/05/2024,09:45,High,11.5
13636,Patna,03/04/2024,10:30,High,24.0
13637,Patna,21-01-2024,15:15,Low,42.2
13638,Patna,2023-06-16,05:45,Low,40.2
13639,Patna,2024.01.06,19:15,Severe,3.0
13640,Patna,2024.10.10,18:30,High,25.8
13641,Patna,2024-06-12,15:15,Low,37.4
13642,Patna,2024.07.28,11:30,Moderate,35.6
13643,Patna,06/24/2023,06:30,Severe,3.0
13644,Patna,2024-10-26,13:45,Severe,10.1
13645,Patna,2023-10-03,15:30,Low,40.7
13646,Patna,2023-07-04,17:00,Moderate,25.2
13647,Patna,2024-09-05,07:45,High,8.9
13648,Patna,18-05-2024,14:15,High,15.8
13649,Patna,13/05/2023,19:00,Low,39.2
13650,Patna,2023-06-19,12:15,Severe,14.6
13651,Patna,2024.06.30,18:30,Moderate,28.3
13652,Patna,2023-01-21,09:45,Severe,9.1
13653,Patna,2023.05.30,10:15,High,4.6
13654,Patna,2024-07-08,19:00,Severe,6.8
13655,Patna,2023.03.06,13:45,Moderate,25.9
13656,Patna,08/12/2024,08:45,Severe,7.0
13657,Patna,26/12/2024,18:15,Severe,4.1
13658,Patna,12-09-2023,11:00,High,22.9
13659,Patna,24-08-2023,10:45,High,25.6
13660,Patna,11/03/2023,08:30,High,10.5
13661,Patna,11/04/2023,12:15,Low,29.0
13662,Patna,2024.02.03,19:00,High,18.2
13663,Patna,11/09/2023,12:30,High,19.5
13664,Patna,29-06-2024,19:00,Severe,12.5
13665,Patna,06-12-2023,12:30,Low,44.3
13666,Patna,09/15/2024,18:15,High,16.6
13667,Patna,04/04/2023,17:30,High,10.9
13668,Patna,26-09-2023,08:15,Severe,7.3
13669,Patna,2024.04.19,18:45,Severe,13.4
13670,Patna,2024-06-25,16:45,High,23.4
13671,Patna,2024.03.02,18:15,Severe,9.7
13672,Patna,17/06/2023,15:45,Moderate,26.3
13673,Patna,06-06-2023,10:15,High,18.4
13674,Patna,2024-11-19,10:30,Low,33.5
13675,Patna,05/07/2023,14:00,High,18.7
13676,Patna,2023-01-06,17:30,High,13.0
13677,Patna,2024.12.18,21:45,Moderate,30.1
13678,Patna,2024.01.09,08:15,High,19.0
13679,Patna,2023-07-07,21:45,Moderate,28.7
13680,Patna,03/30/2024,14:15,Low,47.3
13681,Patna,09-04-2024,12:00,Moderate,25.9
13682,Patna,11-09-2023,15:00,Moderate,26.1
13683,Patna,2023.04.05,15:00,Severe,13.5
13684,Patna,2024.01.29,18:30,Moderate,33.9
13685,Patna,27/02/2023,16:30,Moderate,26.7
13686,Patna,09/13/2024,10:15,Moderate,26.5
13687,Patna,01-10-2024,19:45,High,6.8
13688,Patna,2024.10.16,12:00,High,29.5
13689,Patna,13/07/2023,08:00,Severe,8.0
13690,Patna,2024.04.12,14:00,High,18.3
13691,Patna,07/04/2023,19:30,High,22.2
13692,Patna,2024-07-20,08:45,High,16.7
13693,Patna,12-08-2024,10:00,High,11.9
13694,Patna,03-08-2023,18:15,Severe,12.3
13695,Patna,07/01/2023,08:45,High,8.3
13696,Patna,22/03/2023,18:00,High,11.1
13697,Patna,06/08/2023,18:30,High,19.9
13698,Patna,11/02/2023,18:45,Moderate,28.7
13699,Patna,2024.05.05,08:45,Moderate,21.4
13700,Patna,2024.08.26,17:00,Moderate,25.6
13701,Patna,12-09-2023,06:15,Low,40.7
13702,Patna,2023.09.03,10:15,Low,34.6
13703,Patna,18/03/2023,12:45,Severe,3.9
13704,Patna,2023-03-24,08:15,Severe,9.7
13705,Patna,2024.09.13,19:30,High,6.8
13706,Patna,05/02/2023,08:30,Moderate,24.0
13707,Patna,03/31/2023,20:15,High,104.2
13708,Patna,01/07/2024,07:15,High,14.0
13709,Patna,07/18/2023,18:00,High,11.2
13710,Patna,05-08-2023,20:15,High,18.2
13711,Patna,04/12/2024,08:15,Moderate,27.0
13712,Patna,21/04/2023,08:45,Low,37.6
13713,Patna,01/22/2024,08:45,Severe,3.0
13714,Patna,06/25/2023,16:30,Low,35.5
13715,Patna,2024-03-18,14:30,High,19.1
13716,Patna,2024.05.07,12:45,Moderate,34.9
13717,Patna,07/20/2023,15:30,Moderate,19.3
13718,Patna,11/24/2023,08:30,Moderate,28.4
13719,Patna,2024.01.01,14:30,Low,29.2
13720,Patna,2024.09.04,17:15,Moderate,30.2
13721,Patna,2023-06-28,07:00,Moderate,25.3
13722,Patna,03-12-2023,08:30,Severe,5.0
13723,Patna,2024-03-20,18:15,Severe,15.1
13724,Patna,09/02/2023,17:30,Moderate,21.8
13725,Patna,30-12-2023,12:00,Moderate,27.3
13726,Patna,03/30/2023,18:30,Moderate,32.8
13727,Patna,30-10-2023,17:30,High,15.6
13728,Patna,11-04-2023,05:15,Low,34.2
13729,Patna,03/27/2024,10:30,Low,44.2
13730,Patna,10-09-2023,19:00,Severe,4.6
13731,Patna,01/11/2023,17:45,Moderate,24.5
13732,Patna,06-01-2023,18:30,High,17.3
13733,Patna,02-08-2023,20:15,Severe,7.2
13734,Patna,2023.11.26,14:00,Low,37.2
13735,Patna,2023-02-05,21:00,Low,44.6
13736,Patna,2023.11.27,08:00,Severe,5.9
13737,Patna,16-03-2023,15:15,Low,36.2
13738,Patna,12/03/2023,02:30,Moderate,23.0
13739,Patna,04/14/2023,02:30,Low,40.0
13740,Patna,20-08-2024,07:30,Moderate,24.5
13741,Patna,09/29/2023,17:45,Low,37.5
13742,Patna,03-11-2023,12:45,Severe,3.0
13743,Patna,12/01/2024,22:00,Low,45.8
13744,Patna,27-01-2023,18:30,Moderate,31.6
13745,Patna,03-12-2024,15:30,Low,44.2
13746,Patna,2024-03-01,08:45,High,10.9
13747,Patna,28-08-2023,01:15,Low,32.5
13748,Patna,2023-10-18,19:45,High,16.8
13749,Patna,2023.04.26,11:00,High,15.6
13750,Patna,10-10-2023,09:15,Severe,8.1
13751,Patna,2023.12.19,20:30,Severe,9.0
13752,Patna,2024.08.24,15:45,Moderate,26.7
13753,Patna,2024-07-20,20:15,High,8.5
13754,Patna,05/17/2024,15:30,Severe,4.8
13755,Patna,03/28/2024,08:30,High,19.9
13756,Patna,2024.01.31,06:30,Low,39.8
13757,Patna,2024.05.23,21:00,Low,29.0
13758,Patna,2023.02.25,07:45,Moderate,23.7
13759,Patna,2023-08-01,13:00,High,9.9
13760,Patna,06/21/2023,04:45,Low,42.6
13761,Patna,2024-01-10,17:15,Moderate,31.0
13762,Patna,11-02-2023,15:45,Moderate,20.7
13763,Patna,2023.01.07,13:15,High,16.2
13764,Patna,11/19/2024,08:00,High,22.4
13765,Patna,05/19/2023,02:00,Low,35.9
13766,Patna,09-05-2023,12:00,Moderate,27.5
13767,Patna,2023-03-11,11:30,Moderate,37.1
13768,Patna,23-10-2023,06:30,High,16.4
13769,Patna,01/10/2023,18:15,High,11.7
13770,Patna,05/08/2024,18:30,High,14.1
13771,Patna,03/11/2023,23:15,High,19.7
13772,Patna,26/11/2023,05:00,Low,39.0
13773,Patna,12/10/2023,18:30,Severe,12.8
13774,Patna,06/20/2024,06:30,High,11.6
13775,Patna,2024.01.12,07:15,Low,49.6
13776,Patna,06/17/2024,08:45,Moderate,25.1
13777,Patna,2024-01-11,10:30,High,19.1
13778,Patna,07/21/2023,09:45,High,16.1
13779,Patna,2023.12.14,06:45,Moderate,25.0
13780,Patna,12/12/2023,14:15,High,15.5
13781,Patna,02/11/2024,21:15,High,20.1
13782,Patna,06/03/2023,20:30,High,19.3
13783,Patna,2024.07.25,18:45,Severe,12.4
13784,Patna,03-02-2024,19:15,Severe,6.9
13785,Patna,20/06/2024,00:45,Moderate,34.7
13786,Patna,04/04/2023,15:45,Severe,11.9
13787,Patna,17/10/2023,19:00,Severe,8.6
13788,Patna,2024.07.06,09:30,High,10.2
13789,Patna,27/10/2023,08:15,Moderate,33.0
13790,Patna,2024.11.25,17:30,High,15.3
13791,Patna,2023.07.31,14:15,Severe,8.1
13792,Patna,09/23/2024,11:45,Moderate,25.8
13793,Patna,2023-10-08,11:30,Low,38.4
13794,Patna,31/01/2024,18:45,High,14.9
13795,Patna,2024-04-21,09:00,High,18.5
13796,Patna,03-03-2024,13:00,Severe,13.7
13797,Patna,2023-12-25,08:30,High,23.9
13798,Patna,2024-10-09,10:00,High,14.7
13799,Patna,2024-04-09,18:00,Severe,18.2
13800,Patna,30/07/2024,14:30,Moderate,24.8
13801,Patna,11/01/2024,08:45,Severe,11.8
13802,Patna,2023-09-30,07:15,Moderate,25.9
13803,Patna,2023.02.08,01:00,High,23.4
13804,Patna,23/06/2024,23:00,Low,38.1
13805,Patna,2023.10.29,07:30,Low,26.5
13806,Patna,28-01-2024,12:30,Moderate,14.8
13807,Patna,12/30/2023,18:45,Moderate,29.5
13808,Patna,02/29/2024,18:00,High,12.5
13809,Patna,03/08/2023,14:45,High,-19.9
13810,Patna,23-03-2024,08:00,High,17.1
13811,Patna,01/05/2023,09:45,Severe,5.9
13812,Patna,2023.08.22,15:30,Low,38.5
13813,Patna,2023-11-04,19:15,High,15.0
13814,Patna,02/12/2024,20:30,High,18.2
13815,Patna,2023-12-17,11:15,Low,43.8
13816,Patna,14-04-2024,15:45,High,4.1
13817,Patna,04-12-2024,08:00,Moderate,31.0
13818,Patna,27/08/2023,07:45,High,18.4
13819,Patna,01/25/2023,14:15,Moderate,31.4
13820,Patna,12-11-2023,10:15,Low,39.8
13821,Patna,2024.11.05,07:15,Severe,10.1
13822,Patna,2024-03-02,17:30,Moderate,37.0
13823,Patna,2023.11.30,09:00,High,16.3
13824,Patna,2024.12.26,19:45,High,19.1
13825,Patna,09/27/2024,17:30,High,21.2
13826,Patna,17/11/2023,17:45,Low,38.2
13827,Patna,06/26/2024,20:45,Severe,11.7
13828,Patna,02-08-2023,15:45,Moderate,27.7
13829,Patna,2023.12.16,19:30,Severe,3.0
13830,Patna,06-12-2023,16:00,Moderate,30.8
13831,Patna,2023-09-09,18:45,High,11.9
13832,Patna,19-08-2024,15:00,Low,40.9
13833,Patna,2023.09.21,09:30,Severe,4.8
13834,Patna,2023-06-29,11:45,Low,33.8
13835,Patna,18/09/2023,20:15,High,11.9
13836,Patna,2023-09-25,02:15,Low,34.2
13837,Patna,08-06-2023,14:15,High,14.5
13838,Patna,29-06-2023,06:45,Severe,19.1
13839,Patna,08/04/2024,17:30,High,18.0
13840,Patna,2023-12-29,07:30,Moderate,28.5
13841,Patna,24-04-2024,20:15,Moderate,28.9
13842,Patna,2024.04.25,20:30,High,20.1
13843,Patna,07-07-2023,22:00,Low,43.4
13844,Patna,2024-04-11,12:15,Moderate,21.5
13845,Patna,2024-10-02,17:00,Moderate,31.7
13846,Patna,28/11/2024,15:15,Moderate,31.7
13847,Patna,2023-11-17,05:15,Low,40.9
13848,Patna,2023-03-23,20:45,High,10.4
13849,Patna,11/23/2024,19:45,High,15.4
13850,Patna,10/21/2024,21:30,Low,39.4
13851,Patna,2024.05.12,19:30,High,16.7
13852,Patna,2024-11-07,18:30,High,17.9
13853,Patna,2024.07.08,18:45,High,12.2
13854,Patna,11/01/2024,09:00,Severe,4.5
13855,Patna,2023.07.04,08:15,Severe,17.3
13856,Patna,01-03-2023,16:45,High,13.4
13857,Patna,10/29/2024,20:00,High,17.6
13858,Patna,2023.10.31,05:15,Low,33.6
13859,Patna,2024.04.24,14:30,Moderate,16.7
13860,Patna,05/18/2024,13:15,High,12.6
13861,Patna,2024.05.09,07:15,Moderate,27.6
13862,Patna,02-10-2024,04:15,Low,40.4
13863,Patna,2024-07-21,11:00,High,8.5
13864,Patna,2024-07-14,00:45,High,16.3
13865,Patna,13/04/2023,20:30,Moderate,26.3
13866,Patna,2023.04.05,18:15,High,17.5
13867,Patna,2023-08-29,23:15,Severe,3.0
13868,Patna,04-02-2024,19:45,High,20.7
13869,Patna,08/01/2023,07:00,Moderate,29.4
13870,Patna,2023.09.10,08:30,High,26.3
13871,Patna,02/13/2023,10:30,High,-8.9
13872,Patna,09-01-2023,14:00,Low,43.2
13873,Patna,25/08/2023,19:30,High,22.0
13874,Patna,2023-11-15,13:45,High,12.4
13875,Patna,07-10-2024,13:30,Moderate,17.2
13876,Patna,28/09/2023,07:15,Moderate,24.8
13877,Patna,2024-10-27,17:30,High,110.8
13878,Patna,2024.12.29,17:15,Moderate,23.2
13879,Patna,10/24/2024,07:45,Moderate,33.5
13880,Patna,12/03/2024,10:15,Severe,9.4
13881,Patna,07/03/2023,17:30,Moderate,28.9
13882,Patna,2024.07.10,15:30,Low,36.1
13883,Patna,2023.04.03,07:15,Moderate,24.5
13884,Patna,2023-04-26,07:15,Low,47.8
13885,Patna,04/19/2024,20:00,Severe,13.1
13886,Patna,2023-05-13,04:15,Moderate,106.2
13887,Patna,12/02/2024,09:30,Severe,9.9
13888,Patna,2024.03.16,19:30,Severe,6.7
13889,Patna,2023-08-07,08:15,Severe,3.1
13890,Patna,08/03/2023,19:45,High,18.6
13891,Patna,2023-05-22,20:15,High,23.4
13892,Patna,20-06-2024,18:30,High,11.9
13893,Patna,2023.09.19,10:00,High,12.3
13894,Patna,2024-05-31,14:30,Moderate,38.8
13895,Patna,2024.06.10,01:15,Low,38.1
13896,Patna,25/04/2023,09:30,Severe,8.8
13897,Patna,2024-12-21,19:15,High,14.8
13898,Patna,11-03-2024,20:15,Moderate,23.2
13899,Patna,02-01-2024,09:45,High,12.2
13900,Patna,21/09/2023,19:15,Moderate,31.7
13901,Patna,2023-08-19,12:00,High,16.9
13902,Patna,2023-01-19,07:00,Low,43.7
13903,Patna,07-02-2024,23:30,Moderate,28.6
13904,Patna,23/05/2024,11:45,Severe,3.4
13905,Patna,11/12/2024,21:45,Severe,3.0
13906,Patna,2023-09-14,16:15,Low,39.9
13907,Patna,2023-11-12,14:30,High,13.9
13908,Patna,06/02/2023,03:00,Low,44.6
13909,Patna,09/22/2024,16:00,High,15.5
13910,Patna,2023.03.14,20:30,High,18.5
13911,Patna,11/04/2024,12:45,High,20.0
13912,Patna,2024.03.26,18:45,Severe,9.2
13913,Patna,07/26/2024,16:30,Moderate,19.3
13914,Patna,03/15/2023,16:45,Moderate,28.8
13915,Patna,09/08/2023,01:00,Low,34.2
13916,Patna,06/17/2024,18:45,Moderate,25.7
13917,Patna,25/01/2024,10:00,Moderate,27.2
13918,Patna,10-12-2024,19:30,Moderate,37.5
13919,Patna,10/23/2023,19:45,High,7.9
13920,Patna,2023.02.13,19:00,High,12.1
13921,Patna,2024-10-21,11:15,Low,39.6
13922,Patna,01/11/2023,16:45,Low,36.6
13923,Patna,2023.04.03,12:45,Moderate,28.0
13924,Patna,2024-02-25,20:15,High,15.0
13925,Patna,06/22/2024,08:45,High,14.5
13926,Patna,2023.06.30,15:15,Severe,15.0
13927,Patna,2023-03-05,06:30,Moderate,26.5
13928,Patna,2023-08-26,11:00,Low,29.6
13929,Patna,05-03-2024,21:45,High,18.5
13930,Patna,10/03/2023,16:30,Moderate,26.2
13931,Patna,23/05/2023,21:15,High,17.6
13932,Patna,2023.07.04,08:15,High,10.8
13933,Patna,21-02-2024,21:15,Moderate,20.5
13934,Patna,11/02/2024,05:30,Low,42.8
13935,Patna,2024-03-21,19:30,High,14.1
13936,Bhubaneswar,2023.10.01,11:00,Low,43.0
13937,Bhubaneswar,2023.05.27,16:30,Moderate,22.0
13938,Bhubaneswar,12-11-2023,08:00,High,20.3
13939,Bhubaneswar,30/12/2023,09:00,Severe,7.2
13940,Bhubaneswar,10/04/2023,19:45,High,25.5
13941,Bhubaneswar,07/14/2023,17:30,Moderate,29.0
13942,Bhubaneswar,2024-02-12,04:45,Low,35.6
13943,Bhubaneswar,2024-07-22,08:30,Low,32.7
13944,Bhubaneswar,22-11-2023,08:00,Severe,3.9
13945,Bhubaneswar,19/04/2023,09:30,High,22.4
13946,Bhubaneswar,03-01-2023,17:15,High,20.3
13947,Bhubaneswar,08/09/2024,20:45,Moderate,29.5
13948,Bhubaneswar,01/06/2023,19:00,Severe,3.0
13949,Bhubaneswar,29/11/2024,13:30,Severe,11.7
13950,Bhubaneswar,2024-04-15,14:00,Severe,3.5
13951,Bhubaneswar,01/24/2023,12:00,Moderate,28.4
13952,Bhubaneswar,03-04-2024,23:15,High,18.2
13953,Bhubaneswar,31/05/2023,19:30,Severe,4.0
13954,Bhubaneswar,06/23/2023,19:45,Moderate,30.6
13955,Bhubaneswar,21-10-2024,14:00,Low,27.7
13956,Bhubaneswar,08/12/2023,14:15,Severe,9.4
13957,Bhubaneswar,2024.08.24,08:00,Severe,8.6
13958,Bhubaneswar,03/04/2024,11:15,Low,41.1
13959,Bhubaneswar,2023.12.30,13:15,Moderate,30.4
13960,Bhubaneswar,28-09-2024,18:15,Severe,11.2
13961,Bhubaneswar,11/27/2024,08:15,High,12.9
13962,Bhubaneswar,2023-06-02,15:15,Moderate,31.4
13963,Bhubaneswar,06/01/2024,03:45,Low,39.4
13964,Bhubaneswar,2024-04-04,18:15,High,13.7
13965,Bhubaneswar,2023.08.28,08:15,High,15.5
13966,Bhubaneswar,22/03/2024,02:45,Moderate,23.9
13967,Bhubaneswar,17-04-2023,22:30,Low,37.9
13968,Bhubaneswar,2023-02-17,00:15,Severe,13.7
13969,Bhubaneswar,2024-03-02,20:15,Low,43.0
13970,Bhubaneswar,2023.03.06,11:45,Low,35.4
13971,Bhubaneswar,2024.05.14,08:15,High,13.1
13972,Bhubaneswar,2023-06-28,20:45,High,18.1
13973,Bhubaneswar,03-09-2024,16:45,Low,33.9
13974,Bhubaneswar,2023-06-04,19:30,Severe,4.5
13975,Bhubaneswar,2023.03.26,05:15,Low,37.0
13976,Bhubaneswar,10/29/2023,05:00,Low,38.1
13977,Bhubaneswar,06-04-2023,18:30,Moderate,27.7
13978,Bhubaneswar,03/06/2023,16:30,Low,40.9
13979,Bhubaneswar,17/10/2024,09:30,High,21.0
13980,Bhubaneswar,05/14/2023,20:00,Moderate,31.5
13981,Bhubaneswar,19/03/2024,06:00,Moderate,29.0
13982,Bhubaneswar,2024.10.16,16:15,High,21.2
13983,Bhubaneswar,2024.05.05,07:45,Severe,10.9
13984,Bhubaneswar,28/11/2024,16:45,High,8.1
13985,Bhubaneswar,2023.02.19,12:00,Low,48.2
13986,Bhubaneswar,2023-08-05,16:45,Low,36.2
13987,Bhubaneswar,22/01/2023,08:30,High,15.1
13988,Bhubaneswar,23-12-2023,13:30,Moderate,23.3
13989,Bhubaneswar,2023-10-25,19:15,High,17.8
13990,Bhubaneswar,2023.05.27,19:00,High,15.8
13991,Bhubaneswar,02/06/2023,20:45,High,18.6
13992,Bhubaneswar,16-01-2024,19:45,High,11.3
13993,Bhubaneswar,2023-10-01,10:30,Low,41.7
13994,Bhubaneswar,07/03/2023,18:15,Severe,3.0
13995,Bhubaneswar,2024-06-04,07:00,High,17.9
13996,Bhubaneswar,08/17/2023,10:00,Low,42.7
13997,Bhubaneswar,2024-04-08,10:30,High,20.3
13998,Bhubaneswar,05-08-2023,21:30,Moderate,38.4
13999,Bhubaneswar,2023.10.09,07:45,Low,37.9
14000,Bhubaneswar,28-09-2023,06:00,High,13.0
14001,Bhubaneswar,16/03/2024,18:45,High,16.9
14002,Bhubaneswar,07-05-2024,08:15,High,16.4
14003,Bhubaneswar,2024.05.23,20:15,High,11.0
14004,Bhubaneswar,2023-02-20,20:00,High,11.8
14005,Bhubaneswar,27/09/2023,07:00,Low,38.7
14006,Bhubaneswar,19/01/2024,18:15,High,15.6
14007,Bhubaneswar,2024.08.07,08:30,High,15.2
14008,Bhubaneswar,2024.01.24,09:30,High,22.4
14009,Bhubaneswar,07/31/2024,06:15,Low,37.1
14010,Bhubaneswar,11-10-2023,19:45,Severe,10.1
14011,Bhubaneswar,07/27/2024,12:30,Moderate,31.4
14012,Bhubaneswar,30/10/2023,13:15,High,10.7
14013,Bhubaneswar,2023.01.23,11:45,Low,42.8
14014,Bhubaneswar,2024-06-02,13:45,Low,42.6
14015,Bhubaneswar,18-04-2023,11:30,Low,38.9
14016,Bhubaneswar,2024-03-02,11:45,High,26.5
14017,Bhubaneswar,17/08/2024,08:15,High,9.7
14018,Bhubaneswar,02/26/2024,16:45,Severe,15.1
14019,Bhubaneswar,19/10/2024,16:15,Low,32.6
14020,Bhubaneswar,02/20/2023,19:15,Severe,3.2
14021,Bhubaneswar,2024.01.20,14:00,Severe,10.8
14022,Bhubaneswar,2024.02.14,19:30,High,16.5
14023,Bhubaneswar,08/04/2023,10:00,Severe,9.6
14024,Bhubaneswar,25-05-2023,12:00,Low,39.4
14025,Bhubaneswar,06/12/2024,19:45,High,12.6
14026,Bhubaneswar,2023.11.16,07:15,Moderate,26.4
14027,Bhubaneswar,21-08-2023,20:15,High,17.2
14028,Bhubaneswar,11/06/2023,19:30,Moderate,23.0
14029,Bhubaneswar,2023-06-17,09:00,Moderate,19.6
14030,Bhubaneswar,19/09/2024,00:45,Moderate,35.6
14031,Bhubaneswar,2024.11.16,18:45,Severe,8.9
14032,Bhubaneswar,12/23/2023,07:00,Moderate,35.2
14033,Bhubaneswar,18-02-2023,16:45,Moderate,25.2
14034,Bhubaneswar,03-09-2023,08:30,,3.0
14035,Bhubaneswar,2023.11.22,07:00,Low,38.1
14036,Bhubaneswar,23-02-2023,15:45,Low,34.3
14037,Bhubaneswar,10/31/2024,12:00,Low,40.4
14038,Bhubaneswar,2023-12-25,15:45,Low,33.4
14039,Bhubaneswar,06/03/2023,17:45,Moderate,31.9
14040,Bhubaneswar,10-05-2023,04:15,Low,42.7
14041,Bhubaneswar,2024-11-20,07:15,Moderate,28.1
14042,Bhubaneswar,2024.02.02,18:15,High,12.8
14043,Bhubaneswar,01/18/2024,05:00,Moderate,24.8
14044,Bhubaneswar,23-05-2024,11:30,Low,35.4
14045,Bhubaneswar,2024.07.27,08:15,High,13.8
14046,Bhubaneswar,2024-07-28,19:15,Moderate,30.6
14047,Bhubaneswar,22/02/2024,17:30,Moderate,23.8
14048,Bhubaneswar,22-04-2024,13:15,High,20.6
14049,Bhubaneswar,2024-06-03,05:00,Low,32.8
14050,Bhubaneswar,2023-03-28,08:45,Moderate,30.6
14051,Bhubaneswar,2023.11.02,17:15,Low,39.9
14052,Bhubaneswar,2023.12.05,11:45,High,14.1
14053,Bhubaneswar,17/10/2023,13:15,Low,90.9
14054,Bhubaneswar,2024.09.03,10:15,Moderate,18.8
14055,Bhubaneswar,11/12/2024,18:45,Moderate,23.8
14056,Bhubaneswar,01/23/2023,19:30,High,15.7
14057,Bhubaneswar,28-01-2023,18:15,High,24.7
14058,Bhubaneswar,10/02/2023,08:45,High,18.9
14059,Bhubaneswar,18/05/2023,21:15,Low,34.4
14060,Bhubaneswar,02/06/2023,09:45,High,16.3
14061,Bhubaneswar,2024.04.26,08:30,Low,39.4
14062,Bhubaneswar,2024.12.12,17:45,Low,41.4
14063,Bhubaneswar,24-04-2023,09:30,Moderate,17.2
14064,Bhubaneswar,2024.04.06,07:45,High,17.6
14065,Bhubaneswar,07/17/2024,10:45,Moderate,28.9
14066,Bhubaneswar,28-05-2024,16:45,High,18.9
14067,Bhubaneswar,03/07/2023,18:15,High,27.7
14068,Bhubaneswar,16/01/2023,14:15,Low,36.5
14069,Bhubaneswar,2023.02.01,08:30,Low,44.5
14070,Bhubaneswar,2024-07-28,18:00,Moderate,27.7
14071,Bhubaneswar,2024-05-06,17:00,Moderate,24.8
14072,Bhubaneswar,2023.08.30,12:45,Moderate,34.7
14073,Bhubaneswar,27-12-2024,19:15,High,18.2
14074,Bhubaneswar,02/06/2023,08:15,High,18.2
14075,Bhubaneswar,05/10/2023,17:45,Moderate,25.3
14076,Bhubaneswar,29-08-2024,01:30,Moderate,32.2
14077,Bhubaneswar,2024-01-22,20:15,High,12.7
14078,Bhubaneswar,20-06-2024,16:45,Low,38.3
14079,Bhubaneswar,18/04/2023,08:45,Low,33.6
14080,Bhubaneswar,07/24/2023,15:30,Moderate,31.1
14081,Bhubaneswar,11/08/2023,06:45,Severe,10.2
14082,Bhubaneswar,05/15/2023,11:15,Severe,8.0
14083,Bhubaneswar,2023-04-19,19:00,Moderate,33.9
14084,Bhubaneswar,2024-05-29,17:15,Moderate,109.3
14085,Bhubaneswar,2023-11-30,04:00,Low,36.9
14086,Bhubaneswar,2024.11.11,13:45,High,24.5
14087,Bhubaneswar,26-12-2024,08:45,Low,38.3
14088,Bhubaneswar,14/02/2023,19:15,Moderate,20.2
14089,Bhubaneswar,2024-08-12,18:15,High,14.2
14090,Bhubaneswar,05/04/2023,07:30,Low,37.3
14091,Bhubaneswar,19-10-2023,06:30,Severe,-10.1
14092,Bhubaneswar,2024.04.18,17:45,Moderate,30.1
14093,Bhubaneswar,13-05-2024,17:00,Low,38.3
14094,Bhubaneswar,25-12-2023,12:00,Low,39.7
14095,Bhubaneswar,22-01-2024,09:45,High,16.2
14096,Bhubaneswar,12/04/2023,17:00,High,13.8
14097,Bhubaneswar,2024-06-17,09:15,High,12.1
14098,Bhubaneswar,12/04/2023,09:30,Moderate,27.5
14099,Bhubaneswar,31-07-2024,19:00,Severe,11.0
14100,Bhubaneswar,07/03/2024,14:45,Low,44.5
14101,Bhubaneswar,22-06-2024,16:15,Low,37.6
14102,Bhubaneswar,19-08-2023,17:15,High,14.4
14103,Bhubaneswar,2024-09-14,10:00,Moderate,29.7
14104,Bhubaneswar,2023-07-23,19:15,High,20.3
14105,Bhubaneswar,2023.11.21,07:45,Severe,3.0
14106,Bhubaneswar,2024-05-28,07:45,High,11.4
14107,Bhubaneswar,2024-08-17,18:00,High,20.6
14108,Bhubaneswar,2024.10.08,21:30,High,8.8
14109,Bhubaneswar,30/05/2023,22:00,Moderate,26.5
14110,Bhubaneswar,06/27/2024,18:45,Moderate,29.3
14111,Bhubaneswar,14/02/2024,15:00,Moderate,22.3
14112,Bhubaneswar,2023.04.23,18:00,Severe,3.0
14113,Bhubaneswar,2023-10-07,20:45,Severe,3.0
14114,Bhubaneswar,17-03-2023,08:15,High,21.8
14115,Bhubaneswar,11-03-2024,18:45,Moderate,32.2
14116,Bhubaneswar,15-06-2023,14:30,Moderate,24.9
14117,Bhubaneswar,26/09/2024,10:30,Low,42.9
14118,Bhubaneswar,2023-03-10,08:30,Moderate,23.2
14119,Bhubaneswar,2023-05-10,08:00,Severe,5.4
14120,Bhubaneswar,17-11-2023,08:00,High,22.8
14121,Bhubaneswar,2023.07.29,08:30,Severe,7.2
14122,Bhubaneswar,2023-12-26,10:15,Moderate,35.0
14123,Bhubaneswar,2023-06-22,07:30,Moderate,28.7
14124,Bhubaneswar,2023-09-09,16:15,Low,33.1
14125,Bhubaneswar,09/09/2024,23:15,Low,36.8
14126,Bhubaneswar,02-02-2024,03:45,Low,45.6
14127,Bhubaneswar,04-01-2023,08:00,Severe,10.9
14128,Bhubaneswar,10/04/2023,11:15,Moderate,24.0
14129,Bhubaneswar,19/11/2023,18:30,Moderate,24.6
14130,Bhubaneswar,09/11/2023,22:00,High,20.5
14131,Bhubaneswar,22/10/2023,08:45,Moderate,23.2
14132,Bhubaneswar,2024-11-16,08:15,Moderate,18.9
14133,Bhubaneswar,27-08-2023,11:00,Severe,10.1
14134,Bhubaneswar,01-03-2023,08:45,Severe,9.4
14135,Bhubaneswar,15/03/2023,13:15,Severe,6.2
14136,Bhubaneswar,2024.09.20,13:00,Moderate,20.4
14137,Bhubaneswar,08/10/2023,13:15,Moderate,28.8
14138,Bhubaneswar,23-01-2023,09:00,High,25.3
14139,Bhubaneswar,22/08/2024,19:00,Moderate,22.8
14140,Bhubaneswar,2024.10.21,18:45,Severe,3.0
14141,Bhubaneswar,2024.12.10,13:45,Low,36.5
14142,Bhubaneswar,03/14/2024,17:30,Low,37.3
14143,Bhubaneswar,07/14/2023,20:30,Moderate,20.9
14144,Bhubaneswar,15/07/2024,23:00,High,18.8
14145,Bhubaneswar,02-08-2023,00:30,Low,42.8
14146,Bhubaneswar,2023-08-31,19:30,Severe,13.5
14147,Bhubaneswar,2023-04-05,07:15,Moderate,28.7
14148,Bhubaneswar,05-07-2024,15:00,Moderate,29.5
14149,Bhubaneswar,2024-11-13,17:30,Low,41.4
14150,Bhubaneswar,2024-09-09,17:15,High,16.6
14151,Bhubaneswar,2023-07-31,15:30,Moderate,23.8
14152,Bhubaneswar,2024-12-13,22:45,High,14.7
14153,Bhubaneswar,2024-03-23,05:45,Moderate,28.6
14154,Bhubaneswar,2024-02-18,08:15,High,17.4
14155,Bhubaneswar,11/24/2023,08:15,High,12.5
14156,Bhubaneswar,2023-11-11,19:45,Severe,17.7
14157,Bhubaneswar,2023-10-24,08:15,Moderate,18.1
14158,Bhubaneswar,03-03-2023,18:45,High,18.7
14159,Bhubaneswar,05/21/2023,22:00,Moderate,34.2
14160,Bhubaneswar,2023-01-31,00:00,Low,35.9
14161,Bhubaneswar,05/01/2023,07:15,Low,37.3
14162,Bhubaneswar,2023.10.05,17:30,Low,35.6
14163,Bhubaneswar,2024-06-05,08:30,Severe,12.1
14164,Bhubaneswar,2024-05-03,17:00,High,15.9
14165,Bhubaneswar,05/11/2024,14:30,High,14.3
14166,Bhubaneswar,03/08/2024,09:00,Severe,11.6
14167,Bhubaneswar,2023-08-21,13:00,Low,37.7
14168,Bhubaneswar,25/05/2023,14:30,Low,32.7
14169,Bhubaneswar,2023.01.20,23:30,Low,45.1
14170,Bhubaneswar,29/07/2023,08:00,Low,34.8
14171,Bhubaneswar,03/08/2024,08:15,High,21.8
14172,Bhubaneswar,2023.05.08,23:15,Low,32.8
14173,Bhubaneswar,2024-06-01,10:30,Low,41.4
14174,Bhubaneswar,2023.04.12,18:30,High,15.5
14175,Bhubaneswar,10/11/2023,18:45,High,98.0
14176,Bhubaneswar,08/08/2023,18:45,Severe,4.6
14177,Bhubaneswar,10/18/2024,11:00,Moderate,24.8
14178,Bhubaneswar,12-05-2023,03:45,Low,42.9
14179,Bhubaneswar,09/24/2024,11:30,Low,90.8
14180,Bhubaneswar,2023.03.21,13:30,Moderate,28.7
14181,Bhubaneswar,2023.11.02,16:00,Low,37.6
14182,Bhubaneswar,2024.07.30,18:00,High,21.5
14183,Bhubaneswar,2023.09.11,09:45,Severe,9.8
14184,Bhubaneswar,08/16/2024,16:00,Moderate,30.7
14185,Bhubaneswar,25/05/2024,07:15,High,10.6
14186,Bhubaneswar,24-03-2023,06:15,Moderate,22.5
14187,Bhubaneswar,2024.07.18,12:45,High,21.6
14188,Bhubaneswar,04/05/2023,06:30,Moderate,28.1
14189,Bhubaneswar,2024.01.01,17:00,Moderate,31.3
14190,Bhubaneswar,05/17/2023,19:00,High,15.9
14191,Bhubaneswar,2024-03-10,20:30,Severe,7.9
14192,Bhubaneswar,2023-02-24,05:00,Low,37.9
14193,Bhubaneswar,2023.03.05,08:45,Severe,5.9
14194,Bhubaneswar,2023-11-18,23:15,High,14.5
14195,Bhubaneswar,2024-04-29,13:45,Severe,3.0
14196,Bhubaneswar,18/10/2024,15:15,Moderate,-26.1
14197,Bhubaneswar,2024-11-18,08:45,Severe,12.4
14198,Bhubaneswar,04/02/2024,04:45,Low,43.0
14199,Bhubaneswar,2023.01.01,18:00,High,16.9
14200,Bhubaneswar,22-08-2024,19:15,Severe,10.2
14201,Bhubaneswar,27/03/2024,16:15,Moderate,25.5
14202,Bhubaneswar,11/02/2023,18:45,Low,39.4
14203,Bhubaneswar,29-03-2024,18:15,High,19.8
14204,Bhubaneswar,27-02-2024,10:15,Severe,9.8
14205,Bhubaneswar,2024.07.03,08:45,Severe,4.4
14206,Bhubaneswar,11/10/2023,07:00,Moderate,40.4
14207,Bhubaneswar,02-08-2023,12:00,Moderate,29.9
14208,Bhubaneswar,2023-10-04,13:15,High,15.8
14209,Bhubaneswar,2023-03-15,07:15,Severe,10.7
14210,Bhubaneswar,2023.01.21,19:30,Severe,18.8
14211,Bhubaneswar,2024-02-11,05:15,Low,34.8
14212,Bhubaneswar,10-05-2023,22:45,Moderate,24.6
14213,Bhubaneswar,04/09/2024,02:15,Low,33.7
14214,Bhubaneswar,08/05/2024,19:45,Moderate,29.3
14215,Bhubaneswar,17-03-2024,14:15,High,9.8
14216,Bhubaneswar,2024-10-25,12:30,Low,34.1
14217,Bhubaneswar,2023.09.05,11:30,Moderate,34.8
14218,Bhubaneswar,07/20/2023,13:30,High,11.9
14219,Bhubaneswar,2023-10-01,14:15,Low,42.3
14220,Bhubaneswar,11/10/2023,18:00,High,18.8
14221,Bhubaneswar,2023.12.20,10:30,Moderate,41.0
14222,Bhubaneswar,17-03-2023,20:30,High,15.1
14223,Bhubaneswar,2024.01.04,18:30,Severe,4.0
14224,Bhubaneswar,2024-01-01,17:45,Low,29.1
14225,Bhubaneswar,03/17/2024,17:45,Moderate,22.1
14226,Bhubaneswar,2023-01-26,11:00,High,10.8
14227,Bhubaneswar,2023.10.17,15:00,Low,37.0
14228,Bhubaneswar,16/06/2023,21:00,Low,36.8
14229,Bhubaneswar,13-08-2023,19:45,Severe,8.0
14230,Bhubaneswar,2024.09.18,10:45,Severe,12.5
14231,Bhubaneswar,25-05-2023,18:30,High,4.3
14232,Bhubaneswar,2024-01-22,10:15,High,16.6
14233,Bhubaneswar,04/24/2023,09:00,Severe,11.5
14234,Bhubaneswar,2024-12-12,17:00,High,12.1
14235,Bhubaneswar,23-08-2024,18:00,Severe,6.6
14236,Bhubaneswar,11/21/2024,12:00,Moderate,21.1
14237,Bhubaneswar,2023-12-13,20:30,Moderate,28.8
14238,Bhubaneswar,21/06/2024,18:30,Severe,6.1
14239,Bhubaneswar,09/02/2024,00:15,Low,39.0
14240,Bhubaneswar,2023.06.18,22:45,Low,33.3
14241,Bhubaneswar,2023.11.11,09:15,High,4.6
14242,Bhubaneswar,17-09-2024,17:15,Moderate,23.2
14243,Bhubaneswar,28/08/2024,22:15,Moderate,31.6
14244,Bhubaneswar,21/11/2023,16:45,Severe,15.8
14245,Bhubaneswar,2024-03-21,16:15,Moderate,35.5
14246,Bhubaneswar,29-08-2023,08:45,Severe,12.1
14247,Bhubaneswar,18/07/2023,17:15,High,19.2
14248,Bhubaneswar,05/14/2023,13:00,Moderate,16.4
14249,Bhubaneswar,21-04-2023,20:00,Severe,16.9
14250,Bhubaneswar,20-09-2024,05:15,Moderate,30.3
14251,Bhubaneswar,2023.11.02,11:45,Moderate,26.9
14252,Bhubaneswar,01/02/2024,21:15,High,6.6
14253,Bhubaneswar,04/28/2023,18:00,High,21.7
14254,Bhubaneswar,2024.09.03,21:45,High,15.1
14255,Bhubaneswar,02/06/2024,15:00,Low,34.0
14256,Bhubaneswar,2024-03-24,18:45,High,5.5
14257,Bhubaneswar,01/18/2023,14:45,Moderate,30.7
14258,Bhubaneswar,12/19/2024,16:00,Severe,11.5
14259,Bhubaneswar,2024-09-30,14:15,Moderate,18.6
14260,Bhubaneswar,2023.05.20,20:45,High,15.5
14261,Bhubaneswar,28-04-2024,12:15,Moderate,28.0
14262,Bhubaneswar,28/06/2024,18:15,Low,33.3
14263,Bhubaneswar,2023.10.04,08:00,High,10.3
14264,Bhubaneswar,08/30/2023,18:30,Moderate,30.0
14265,Bhubaneswar,01-12-2023,18:00,Severe,3.0
14266,Bhubaneswar,2024.11.26,17:15,Moderate,28.3
14267,Bhubaneswar,15/02/2023,18:15,High,21.7
14268,Bhubaneswar,17/03/2023,07:30,Moderate,28.6
14269,Bhubaneswar,2024-06-07,04:15,Low,46.3
14270,Bhubaneswar,23/05/2023,15:45,Moderate,25.5
14271,Bhubaneswar,14-08-2023,04:00,Low,38.9
14272,Bhubaneswar,10/01/2023,11:45,Moderate,28.0
14273,Bhubaneswar,02/09/2024,17:30,Low,44.4
14274,Bhubaneswar,2024-01-22,09:45,High,22.5
14275,Bhubaneswar,13-12-2024,07:30,Low,33.8
14276,Bhubaneswar,11/12/2024,16:30,Low,42.0
14277,Bhubaneswar,23/10/2023,08:45,High,11.0
14278,Bhubaneswar,02/02/2023,14:00,Low,48.7
14279,Bhubaneswar,11/11/2024,09:45,,31.8
14280,Bhubaneswar,2024-04-30,08:00,Moderate,34.6
14281,Bhubaneswar,10/12/2024,07:30,Moderate,21.6
14282,Bhubaneswar,2023.04.20,19:30,Severe,14.2
14283,Bhubaneswar,2023.02.14,06:30,Severe,3.5
14284,Bhubaneswar,19-07-2023,18:30,High,16.2
14285,Bhubaneswar,2024-12-29,13:00,Low,43.7
14286,Bhubaneswar,17-10-2023,17:45,High,24.6
14287,Bhubaneswar,2024-03-26,09:00,High,17.7
14288,Bhubaneswar,2024.03.08,08:00,High,4.3
14289,Bhubaneswar,2024-03-18,05:15,Moderate,28.6
14290,Bhubaneswar,31-07-2024,17:00,High,14.5
14291,Bhubaneswar,03/18/2024,07:00,High,15.9
14292,Bhubaneswar,16/01/2023,17:45,Low,41.6
14293,Bhubaneswar,21-11-2023,21:00,Low,41.0
14294,Bhubaneswar,04-05-2024,18:45,High,24.0
14295,Bhubaneswar,01/03/2023,15:30,High,22.1
14296,Bhubaneswar,05-12-2023,18:45,Moderate,24.4
14297,Bhubaneswar,28/02/2023,12:00,Low,32.8
14298,Bhubaneswar,10/01/2023,17:45,Moderate,23.7
14299,Bhubaneswar,11/14/2024,19:00,Moderate,28.4
14300,Bhubaneswar,18/11/2024,18:30,Severe,15.7
14301,Bhubaneswar,12/17/2023,08:30,Moderate,34.4
14302,Bhubaneswar,2024-05-26,12:00,Moderate,19.5
14303,Bhubaneswar,03/01/2024,22:45,Moderate,24.6
14304,Bhubaneswar,2024-02-05,14:45,Low,36.9
14305,Bhubaneswar,27/05/2024,18:15,High,14.7
14306,Bhubaneswar,2023-05-29,06:15,Severe,11.4
14307,Bhubaneswar,17/02/2023,22:30,Severe,16.7
14308,Bhubaneswar,2023-09-07,13:00,Moderate,25.6
14309,Bhubaneswar,2023-08-13,08:45,Moderate,32.5
14310,Bhubaneswar,21-08-2024,13:30,High,19.6
14311,Bhubaneswar,01/22/2024,07:45,Moderate,27.1
14312,Bhubaneswar,21/02/2023,13:30,Low,43.0
14313,Bhubaneswar,05-02-2024,09:00,Severe,6.9
14314,Bhubaneswar,2023.09.14,18:45,Moderate,29.1
14315,Bhubaneswar,21-10-2023,18:45,High,20.6
14316,Bhubaneswar,06/26/2024,09:30,High,19.0
14317,Bhubaneswar,02/28/2024,08:30,High,17.3
14318,Bhubaneswar,06-08-2023,16:00,Moderate,28.2
14319,Bhubaneswar,2023.10.13,20:45,Severe,10.6
14320,Bhubaneswar,2024.01.13,14:00,Moderate,25.2
14321,Bhubaneswar,12/12/2024,19:00,Moderate,36.2
14322,Bhubaneswar,03-10-2023,13:30,Severe,12.2
14323,Bhubaneswar,05/01/2024,11:00,Low,39.5
14324,Bhubaneswar,2023-04-01,13:15,Moderate,22.7
14325,Bhubaneswar,10-10-2023,21:00,Low,37.2
14326,Bhubaneswar,2023-09-27,08:00,Moderate,30.7
14327,Bhubaneswar,2024.04.29,08:00,Moderate,28.8
14328,Bhubaneswar,10-05-2024,16:15,Moderate,34.5
14329,Bhubaneswar,04/29/2024,13:00,High,17.3
14330,Bhubaneswar,2024.06.05,18:15,Severe,-13.4
14331,Bhubaneswar,08/12/2023,12:30,Low,46.2
14332,Bhubaneswar,30/09/2023,08:45,High,17.9
14333,Bhubaneswar,02/07/2023,08:15,High,13.8
14334,Bhubaneswar,2023.10.03,06:45,Moderate,26.7
14335,Bhubaneswar,2024.10.06,16:00,Moderate,22.9
14336,Bhubaneswar,21/10/2023,19:15,High,22.8
14337,Bhubaneswar,2023-03-28,09:15,Severe,10.1
14338,Bhubaneswar,2024-01-08,09:15,Severe,3.0
14339,Bhubaneswar,11-08-2024,18:45,Severe,3.9
14340,Bhubaneswar,14-01-2023,19:45,Severe,6.2
14341,Bhubaneswar,2023-03-01,17:15,Moderate,36.2
14342,Bhubaneswar,2023.05.06,17:45,Low,41.6
14343,Bhubaneswar,15-08-2024,11:30,Moderate,28.5
14344,Bhubaneswar,26/08/2024,20:30,Moderate,30.4
14345,Bhubaneswar,19-09-2023,13:15,Severe,9.1
14346,Bhubaneswar,2023-10-10,12:00,High,9.5
14347,Bhubaneswar,2024-12-03,19:45,Severe,6.4
14348,Bhubaneswar,06/30/2023,20:45,High,16.7
14349,Bhubaneswar,2024.04.26,07:00,Low,40.5
14350,Bhubaneswar,2023.06.12,01:45,High,14.0
14351,Bhubaneswar,29/04/2023,06:15,Moderate,24.0
14352,Bhubaneswar,2023-05-03,08:00,High,16.2
14353,Bhubaneswar,21/07/2023,13:45,Moderate,24.4
14354,Bhubaneswar,21-05-2023,18:00,Moderate,24.6
14355,Bhubaneswar,26-06-2023,01:30,High,7.2
14356,Bhubaneswar,2024-03-04,19:15,Severe,14.0
14357,Bhubaneswar,05/21/2024,10:15,Moderate,34.3
14358,Bhubaneswar,2024-02-09,09:15,Severe,3.0
14359,Bhubaneswar,01/30/2024,17:45,Low,34.1
14360,Bhubaneswar,2024.11.18,20:15,Low,35.1
14361,Bhubaneswar,18/12/2024,11:15,Moderate,24.6
14362,Bhubaneswar,2023.11.24,04:00,Low,33.5
14363,Bhubaneswar,10/11/2023,09:00,Moderate,23.8
14364,Bhubaneswar,2023.06.11,13:30,Low,39.6
14365,Bhubaneswar,2024-02-14,08:30,Severe,3.0
14366,Bhubaneswar,12/05/2024,16:30,Low,44.6
14367,Bhubaneswar,04/07/2023,07:45,Moderate,21.9
14368,Bhubaneswar,2023.12.22,03:30,Low,31.6
14369,Bhubaneswar,25-02-2024,12:00,Low,42.7
14370,Bhubaneswar,10-01-2024,10:00,High,16.9
14371,Bhubaneswar,03-01-2024,17:15,Low,38.2
14372,Bhubaneswar,20/10/2023,01:30,Low,39.5
14373,Bhubaneswar,2023-03-06,10:45,Moderate,25.1
14374,Bhubaneswar,2023-05-21,19:15,High,24.6
14375,Bhubaneswar,10/22/2024,10:15,Moderate,32.1
14376,Bhubaneswar,2024-12-08,07:00,Moderate,31.8
14377,Bhubaneswar,2024-01-29,11:00,Moderate,30.9
14378,Bhubaneswar,09-10-2024,16:30,Moderate,30.9
14379,Bhubaneswar,2024-05-23,21:45,Low,38.5
14380,Bhubaneswar,2024-08-11,21:45,Moderate,39.8
14381,Bhubaneswar,2023-03-23,04:00,Low,34.1
14382,Bhubaneswar,2023.01.23,21:15,Moderate,21.4
14383,Bhubaneswar,18-08-2023,05:15,Moderate,25.5
14384,Bhubaneswar,2023.04.23,21:00,Low,38.7
14385,Bhubaneswar,04/12/2024,21:00,Low,35.4
14386,Bhubaneswar,07/08/2023,08:45,Severe,5.5
14387,Bhubaneswar,2023.08.05,10:45,High,22.1
14388,Bhubaneswar,2023-05-27,11:00,Severe,3.0
14389,Bhubaneswar,05/31/2023,05:30,Low,85.6
14390,Bhubaneswar,2023-03-31,08:30,High,18.8
14391,Bhubaneswar,09-06-2024,08:00,High,17.7
14392,Bhubaneswar,17-02-2024,11:15,Moderate,26.3
14393,Bhubaneswar,2023-05-13,07:15,Moderate,28.9
14394,Bhubaneswar,2024.03.27,10:15,Low,35.0
14395,Bhubaneswar,27-01-2024,12:30,Low,39.5
14396,Bhubaneswar,07/24/2023,07:15,Severe,3.0
14397,Bhubaneswar,2023-10-22,19:00,High,17.9
14398,Bhubaneswar,2023-09-20,18:00,Severe,13.2
14399,Bhubaneswar,07/13/2024,08:30,High,11.8
14400,Bhubaneswar,12/17/2023,10:30,Low,43.0
14401,Bhubaneswar,02/02/2024,11:30,High,13.6
14402,Bhubaneswar,24-11-2024,04:45,Low,41.0
14403,Bhubaneswar,2023.10.28,20:15,High,14.5
14404,Bhubaneswar,2024-09-05,13:15,Moderate,27.5
14405,Bhubaneswar,01/23/2024,20:30,Moderate,25.8
14406,Bhubaneswar,2024-04-04,20:00,High,16.0
14407,Bhubaneswar,11-05-2024,07:15,High,12.6
14408,Bhubaneswar,18/03/2023,20:00,High,28.7
14409,Bhubaneswar,12/07/2023,16:00,Low,30.1
14410,Bhubaneswar,07/11/2024,16:45,Moderate,27.2
14411,Bhubaneswar,12/06/2024,22:45,Low,30.8
14412,Bhubaneswar,2024-05-14,08:30,High,18.0
14413,Bhubaneswar,2023-04-26,15:45,Severe,9.2
14414,Bhubaneswar,2023.10.01,19:00,Severe,7.0
14415,Bhubaneswar,19/02/2024,06:15,Low,36.6
14416,Bhubaneswar,2023.10.26,09:00,High,28.3
14417,Bhubaneswar,04/27/2024,15:00,Moderate,25.2
14418,Bhubaneswar,2024-09-30,17:30,High,13.8
14419,Bhubaneswar,17-04-2024,08:00,Severe,8.1
14420,Bhubaneswar,12/03/2024,07:00,Low,41.8
14421,Bhubaneswar,2024-07-10,14:45,Low,41.6
14422,Bhubaneswar,2023-12-25,12:45,Moderate,33.1
14423,Bhubaneswar,11/11/2024,21:15,Moderate,28.5
14424,Bhubaneswar,2024-07-07,17:00,Moderate,36.0
14425,Bhubaneswar,02/10/2024,09:15,Severe,3.0
14426,Bhubaneswar,04/08/2023,08:30,High,16.9
14427,Bhubaneswar,2023-09-08,06:30,Severe,3.0
14428,Bhubaneswar,07/12/2024,17:30,Moderate,30.9
14429,Bhubaneswar,12/06/2024,18:15,Severe,11.6
14430,Bhubaneswar,2023.03.17,18:15,Moderate,36.0
14431,Bhubaneswar,28/10/2023,09:00,Moderate,30.1
14432,Bhubaneswar,20/10/2024,14:30,High,21.0
14433,Bhubaneswar,07/07/2024,17:00,Low,47.5
14434,Bhubaneswar,01/06/2023,10:30,High,21.9
14435,Bhubaneswar,21/06/2024,10:30,Low,35.6
14436,Bhubaneswar,05/02/2024,15:30,Moderate,23.4
14437,Bhubaneswar,2024-07-08,06:45,High,15.5
14438,Bhubaneswar,2023.02.17,06:45,Moderate,25.8
14439,Bhubaneswar,27-09-2024,12:00,Moderate,26.6
14440,Bhubaneswar,01-01-2023,08:45,Moderate,30.1
14441,Bhubaneswar,21/08/2023,11:45,High,22.7
14442,Bhubaneswar,06/12/2023,16:15,Low,22.7
14443,Bhubaneswar,2024.09.30,07:00,Moderate,33.9
14444,Bhubaneswar,20-08-2023,08:30,High,17.9
14445,Bhubaneswar,13-09-2024,19:30,High,9.4
14446,Bhubaneswar,07-07-2024,10:00,Low,41.9
14447,Bhubaneswar,07/09/2024,17:15,Low,45.5
14448,Bhubaneswar,21-03-2023,18:45,Low,36.0
14449,Bhubaneswar,2024-08-23,21:00,Moderate,29.4
14450,Bhubaneswar,17/12/2024,21:45,High,17.5
14451,Bhubaneswar,06/01/2023,15:45,Low,28.5
14452,Bhubaneswar,24-04-2024,18:30,Moderate,28.0
14453,Bhubaneswar,2024.10.08,17:15,High,15.6
14454,Bhubaneswar,2024.09.23,03:15,Low,47.8
14455,Bhubaneswar,19-02-2023,11:15,Moderate,34.3
14456,Bhubaneswar,30/12/2024,14:30,Moderate,27.9
14457,Bhubaneswar,10/06/2023,18:30,Moderate,19.7
14458,Bhubaneswar,2023.11.14,22:45,High,12.6
14459,Bhubaneswar,30-03-2023,21:15,Moderate,24.9
14460,Bhubaneswar,08/04/2023,09:45,Severe,3.0
14461,Bhubaneswar,12-02-2023,19:30,Moderate,22.4
14462,Bhubaneswar,2023-08-16,09:45,High,10.7
14463,Bhubaneswar,2024.11.26,08:15,High,14.3
14464,Bhubaneswar,25-11-2023,16:30,Moderate,30.2
14465,Bhubaneswar,10-10-2023,16:30,Low,39.4
14466,Bhubaneswar,06/22/2023,06:45,High,10.0
14467,Bhubaneswar,01/24/2024,08:15,Severe,5.4
14468,Bhubaneswar,2024-12-19,09:15,Moderate,37.6
14469,Bhubaneswar,2023.05.28,20:15,High,21.2
14470,Bhubaneswar,02/07/2023,17:45,Moderate,14.7
14471,Bhubaneswar,20-11-2023,21:45,Low,36.8
14472,Bhubaneswar,2024.02.03,09:15,Moderate,25.0
14473,Bhubaneswar,11/10/2024,17:45,Severe,10.9
14474,Bhubaneswar,06/01/2024,11:00,Low,49.6
14475,Bhubaneswar,2023-05-03,14:15,High,18.7
14476,Bhubaneswar,2024-12-21,09:15,High,21.7
14477,Bhubaneswar,25/03/2023,13:00,Moderate,23.6
14478,Bhubaneswar,01/12/2023,16:45,Low,42.6
14479,Bhubaneswar,14/02/2023,08:45,High,12.8
14480,Bhubaneswar,2023-10-02,06:00,Moderate,19.3
14481,Bhubaneswar,17/08/2023,20:15,Severe,3.2
14482,Bhubaneswar,18/03/2024,17:15,High,11.9
14483,Bhubaneswar,12/25/2023,17:00,Low,38.3
14484,Bhubaneswar,08/08/2024,09:00,High,21.5
14485,Bhubaneswar,2024.02.06,17:15,High,29.4
14486,Bhubaneswar,2023.05.27,17:00,Low,45.2
14487,Bhubaneswar,07/02/2023,11:45,Moderate,32.6
14488,Bhubaneswar,05/03/2023,16:45,Moderate,119.9
14489,Bhubaneswar,2023-03-31,20:00,Moderate,24.9
14490,Bhubaneswar,07/08/2023,23:45,Low,42.9
14491,Bhubaneswar,16-03-2024,14:30,Moderate,18.3
14492,Bhubaneswar,2024.02.17,21:00,Moderate,34.5
14493,Bhubaneswar,11/21/2024,19:45,Severe,8.7
14494,Bhubaneswar,23-10-2024,13:30,Low,41.0
14495,Bhubaneswar,2024.11.25,08:15,Severe,13.8
14496,Bhubaneswar,12/16/2024,20:15,High,15.0
14497,Bhubaneswar,2024.03.22,08:45,High,6.4
14498,Bhubaneswar,14-02-2023,08:15,Severe,3.0
14499,Bhubaneswar,04-12-2023,11:15,Moderate,24.1
14500,Bhubaneswar,08/18/2023,06:30,Low,31.4
14501,Bhubaneswar,2023-02-01,13:00,Moderate,29.1
14502,Bhubaneswar,10/07/2024,18:15,High,26.1
14503,Bhubaneswar,29/09/2023,07:30,Moderate,35.3
14504,Bhubaneswar,05/01/2023,19:15,Severe,16.3
14505,Bhubaneswar,24-08-2023,18:00,High,7.6
14506,Bhubaneswar,2024-03-08,18:15,Severe,9.5
14507,Bhubaneswar,2024-02-16,15:45,Moderate,28.3
14508,Bhubaneswar,08/08/2024,08:15,Severe,16.4
14509,Bhubaneswar,24/04/2023,15:30,Low,37.5
14510,Bhubaneswar,2023-10-06,13:45,Moderate,20.5
14511,Bhubaneswar,10/20/2024,20:15,Severe,4.4
14512,Bhubaneswar,2024.10.20,02:30,Low,34.3
14513,Bhubaneswar,12-06-2023,06:00,Moderate,28.2
14514,Bhubaneswar,08-02-2024,08:45,Moderate,28.2
14515,Bhubaneswar,2024-11-20,08:00,High,8.0
14516,Bhubaneswar,2023-04-17,00:45,Low,42.7
14517,Bhubaneswar,2024.05.09,11:00,Moderate,32.3
14518,Bhubaneswar,10-12-2023,08:30,Severe,7.0
14519,Bhubaneswar,21-10-2023,17:30,Moderate,24.2
14520,Bhubaneswar,21/10/2024,16:45,Low,41.8
14521,Bhubaneswar,27/08/2024,16:30,Low,35.1
14522,Bhubaneswar,11/02/2023,04:30,High,18.1
14523,Bhubaneswar,2024.10.23,09:30,Severe,3.0
14524,Bhubaneswar,23/07/2023,13:30,High,17.7
14525,Bhubaneswar,2024-05-20,15:15,Low,39.7
14526,Bhubaneswar,2024.03.07,21:15,Low,36.2
14527,Bhubaneswar,27/10/2024,19:00,Severe,5.9
14528,Bhubaneswar,2024-04-28,11:45,Moderate,39.8
14529,Bhubaneswar,2023.07.29,06:45,Moderate,31.0
14530,Bhubaneswar,06/15/2023,08:45,Severe,6.2
14531,Bhubaneswar,29-12-2024,17:00,Moderate,31.0
14532,Bhubaneswar,2023-09-27,17:00,Severe,3.5
14533,Bhubaneswar,06/29/2024,01:45,Low,35.2
14534,Bhubaneswar,02-11-2024,07:15,Moderate,28.7
14535,Bhubaneswar,05/11/2024,07:15,Moderate,27.9
14536,Bhubaneswar,07/16/2024,08:15,Severe,12.3
14537,Bhubaneswar,17-05-2023,13:45,High,13.9
14538,Bhubaneswar,2023-04-20,08:15,Moderate,29.4
14539,Bhubaneswar,2024.08.08,16:15,,39.6
14540,Bhubaneswar,28-02-2023,09:00,High,14.2
14541,Bhubaneswar,2023.12.16,08:30,High,22.2
14542,Bhubaneswar,14/06/2023,08:45,High,22.1
14543,Bhubaneswar,05/02/2024,07:45,Moderate,22.5
14544,Bhubaneswar,25-08-2023,09:45,Severe,12.1
14545,Bhubaneswar,2024.01.23,07:45,Severe,3.4
14546,Bhubaneswar,28/09/2024,12:15,Severe,3.0
14547,Bhubaneswar,22/08/2023,13:15,High,8.3
14548,Bhubaneswar,09/03/2024,19:45,Severe,5.3
14549,Bhubaneswar,19/07/2023,10:30,High,18.4
14550,Bhubaneswar,2024.06.04,12:45,Low,33.1
14551,Bhubaneswar,06/21/2024,07:15,High,11.4
14552,Bhubaneswar,02/27/2024,16:30,High,15.6
14553,Bhubaneswar,15-07-2023,15:00,Low,34.1
14554,Bhubaneswar,2024-10-14,14:30,Low,36.2
14555,Bhubaneswar,2023-10-21,08:45,Moderate,23.0
14556,Bhubaneswar,2024.06.03,17:30,High,16.5
14557,Bhubaneswar,12/01/2024,13:30,Low,32.1
14558,Bhubaneswar,04/29/2024,15:30,Moderate,28.1
14559,Bhubaneswar,2024.09.21,19:45,Low,35.0
14560,Bhubaneswar,2024.10.11,09:30,High,23.6
14561,Bhubaneswar,2024-04-13,18:15,Severe,10.1
14562,Bhubaneswar,16/06/2024,18:30,Severe,9.0
14563,Bhubaneswar,04/06/2023,15:30,Low,36.8
14564,Bhubaneswar,2023.09.07,19:30,Moderate,22.3
14565,Bhubaneswar,2023-03-12,21:45,Moderate,29.5
14566,Bhubaneswar,2023-07-08,14:15,Severe,11.8
14567,Bhubaneswar,2024-10-19,09:00,Low,29.0
14568,Bhubaneswar,06/07/2023,18:15,High,13.7
14569,Bhubaneswar,2023-08-08,17:30,Severe,6.4
14570,Bhubaneswar,28-10-2023,20:30,Severe,4.5
14571,Bhubaneswar,30-06-2023,12:00,High,18.2
14572,Bhubaneswar,26-11-2024,18:45,Moderate,23.7
14573,Bhubaneswar,02/18/2024,14:45,Severe,-7.2
14574,Bhubaneswar,2023.01.05,01:00,Low,35.6
14575,Bhubaneswar,01/15/2023,08:00,Severe,113.3
14576,Bhubaneswar,2024-07-21,22:30,Low,28.5
14577,Bhubaneswar,31-05-2023,20:30,Moderate,21.9
14578,Bhubaneswar,11/07/2023,19:30,High,10.3
14579,Bhubaneswar,07/15/2023,22:00,Moderate,30.1
14580,Bhubaneswar,08/08/2024,11:00,Low,34.5
14581,Bhubaneswar,16-07-2024,15:30,Moderate,23.6
14582,Bhubaneswar,2024-10-05,06:00,Moderate,29.2
14583,Bhubaneswar,09-02-2024,11:00,High,21.2
14584,Bhubaneswar,2024.12.25,18:00,High,12.9
14585,Bhubaneswar,12/07/2023,20:00,Moderate,32.7
14586,Bhubaneswar,04/01/2023,07:15,Moderate,30.2
14587,Bhubaneswar,2023.09.28,09:45,Moderate,26.7
14588,Bhubaneswar,12/06/2024,13:45,Moderate,23.5
14589,Bhubaneswar,11/04/2024,20:45,Severe,3.8
14590,Bhubaneswar,2023-11-11,04:00,Low,32.3
14591,Bhubaneswar,22-08-2024,08:45,Severe,13.8
14592,Bhubaneswar,2024.08.10,03:15,Low,-44.9
14593,Bhubaneswar,11/08/2024,12:45,Low,43.7
14594,Bhubaneswar,10-07-2023,19:00,High,11.8
14595,Bhubaneswar,08-01-2024,16:15,High,12.3
14596,Bhubaneswar,06/21/2023,08:00,High,21.4
14597,Bhubaneswar,2024.05.17,18:00,High,16.1
14598,Bhubaneswar,27-07-2023,03:15,Low,36.4
14599,Bhubaneswar,08/27/2023,11:30,Low,118.0
14600,Bhubaneswar,20/08/2023,06:45,Moderate,29.8
14601,Bhubaneswar,24-10-2024,07:30,High,4.2
14602,Bhubaneswar,16/05/2024,17:30,Moderate,22.8
14603,Bhubaneswar,02/23/2024,12:30,Low,43.5
14604,Bhubaneswar,24-07-2023,16:15,High,21.9
14605,Bhubaneswar,11/09/2023,08:00,High,17.1
14606,Bhubaneswar,20/04/2023,02:00,High,20.9
14607,Bhubaneswar,27/06/2024,20:45,Moderate,28.0
14608,Bhubaneswar,2023-08-03,20:45,Severe,7.4
14609,Bhubaneswar,13-06-2024,19:00,Severe,3.0
14610,Bhubaneswar,30-03-2024,18:00,Severe,6.8
14611,Bhubaneswar,2023-12-30,06:00,Low,32.8
14612,Bhubaneswar,18-08-2024,18:45,Low,42.4
14613,Bhubaneswar,04-05-2024,06:00,High,16.7
14614,Bhubaneswar,2024.08.05,11:00,Low,36.2
14615,Bhubaneswar,03/20/2023,19:45,High,20.7
14616,Bhubaneswar,04/17/2024,10:45,Low,36.1
14617,Bhubaneswar,2024.06.17,14:45,Low,44.0
14618,Bhubaneswar,2023-07-06,16:30,Severe,8.0
14619,Bhubaneswar,2024.08.16,20:30,High,21.3
14620,Bhubaneswar,02/15/2023,08:00,High,14.0
14621,Bhubaneswar,2024-09-06,22:30,High,21.6
14622,Bhubaneswar,01/13/2024,10:45,High,11.2
14623,Bhubaneswar,03/27/2024,18:15,High,16.3
14624,Bhubaneswar,06/22/2023,08:45,Moderate,31.7
14625,Bhubaneswar,2024-04-06,08:45,Low,30.8
14626,Bhubaneswar,09/02/2024,08:45,Moderate,29.9
14627,Bhubaneswar,2023.06.29,09:45,Moderate,20.8
14628,Bhubaneswar,2024-03-09,12:30,High,18.0
14629,Bhubaneswar,19/11/2024,14:45,Moderate,25.9
14630,Bhubaneswar,31-01-2023,22:45,Low,38.0
14631,Bhubaneswar,10/05/2023,01:30,Moderate,37.9
14632,Bhubaneswar,24/08/2024,16:30,Severe,8.3
14633,Bhubaneswar,05/13/2024,08:45,High,12.5
14634,Bhubaneswar,09/07/2024,21:30,Low,35.9
14635,Bhubaneswar,2024.05.07,23:15,Low,32.9
14636,Bhubaneswar,09/22/2023,07:45,Low,39.9
14637,Bhubaneswar,2024.04.05,08:00,High,14.1
14638,Bhubaneswar,19/07/2024,08:00,Severe,12.9
14639,Bhubaneswar,27/09/2024,12:15,Moderate,23.3
14640,Bhubaneswar,2023-07-11,08:15,Moderate,21.6
14641,Bhubaneswar,06/21/2023,06:45,Low,40.4
14642,Bhubaneswar,08/05/2023,22:45,Low,30.1
14643,Bhubaneswar,2023.04.17,19:00,Moderate,29.8
14644,Bhubaneswar,28/06/2023,06:45,Moderate,26.4
14645,Bhubaneswar,2023-06-24,10:00,Low,39.4
14646,Bhubaneswar,07/24/2024,11:30,Moderate,25.3
14647,Bhubaneswar,2024-09-03,05:00,Low,33.5
14648,Bhubaneswar,25/01/2023,04:30,Low,29.8
14649,Bhubaneswar,07/02/2023,09:45,Severe,3.0
14650,Bhubaneswar,2024.03.06,22:45,Moderate,18.6
14651,Bhubaneswar,11-01-2023,19:15,Moderate,28.9
14652,Bhubaneswar,2023.03.12,09:30,High,16.9
14653,Bhubaneswar,01/11/2024,18:00,High,18.7
14654,Bhubaneswar,04-09-2023,00:15,Low,37.3
14655,Bhubaneswar,01/14/2024,14:15,Low,45.1
14656,Bhubaneswar,03-12-2023,18:00,Moderate,23.4
14657,Bhubaneswar,2023.01.15,17:45,Severe,16.3
14658,Bhubaneswar,2023-07-16,10:30,Moderate,27.2
14659,Bhubaneswar,2023-09-07,07:00,Severe,5.0
14660,Bhubaneswar,01/27/2024,08:15,High,19.3
14661,Bhubaneswar,2023-09-03,15:15,Low,38.8
14662,Bhubaneswar,24-05-2023,19:30,Moderate,24.0
14663,Bhubaneswar,2023.04.12,19:30,Severe,3.0
14664,Bhubaneswar,2024.05.21,21:15,Moderate,27.0
14665,Bhubaneswar,2024-06-12,07:30,Moderate,25.1
14666,Bhubaneswar,24/06/2024,09:45,Severe,11.7
14667,Bhubaneswar,2024.01.01,15:45,Severe,9.5
14668,Bhubaneswar,20/10/2024,01:00,Severe,3.0
14669,Bhubaneswar,04/26/2023,14:15,Moderate,27.0
14670,Bhubaneswar,27/12/2024,15:45,Low,40.7
14671,Bhubaneswar,01/06/2024,08:30,High,21.0
14672,Bhubaneswar,20/03/2023,19:15,High,20.7
14673,Guwahati,2023.11.19,06:15,Low,47.6
14674,Guwahati,06/05/2023,17:30,Moderate,20.8
14675,Guwahati,10/23/2023,11:30,Moderate,27.0
14676,Guwahati,07/23/2023,20:30,Severe,105.0
14677,Guwahati,05/01/2023,07:00,High,14.1
14678,Guwahati,2023.02.25,18:15,Moderate,27.7
14679,Guwahati,01/08/2023,12:00,Low,46.4
14680,Guwahati,2024-07-27,02:00,High,14.1
14681,Guwahati,02/10/2024,08:00,Severe,3.0
14682,Guwahati,23/03/2023,06:30,Moderate,20.1
14683,Guwahati,2024-11-03,13:15,High,19.4
14684,Guwahati,07/13/2023,20:45,Moderate,28.9
14685,Guwahati,29-11-2023,05:00,Low,37.0
14686,Guwahati,08/09/2023,18:15,High,15.4
14687,Guwahati,2024.01.12,07:45,Moderate,29.9
14688,Guwahati,11/07/2023,08:45,High,18.0
14689,Guwahati,2024.12.08,16:45,Moderate,21.2
14690,Guwahati,28-07-2023,10:15,Moderate,32.8
14691,Guwahati,19-12-2024,20:15,Moderate,17.6
14692,Guwahati,2023-09-16,20:30,Severe,3.0
14693,Guwahati,01/16/2023,02:30,High,8.4
14694,Guwahati,2023.05.19,06:15,High,35.1
14695,Guwahati,2024-07-29,17:30,Moderate,29.1
14696,Guwahati,05/02/2024,17:15,Moderate,27.1
14697,Guwahati,26/11/2024,14:45,Moderate,28.8
14698,Guwahati,05-11-2023,13:45,Moderate,28.4
14699,Guwahati,18-06-2024,20:00,Severe,3.0
14700,Guwahati,13-05-2023,20:00,High,17.6
14701,Guwahati,21/07/2024,18:30,High,11.7
14702,Guwahati,2023-02-18,06:15,Moderate,28.1
14703,Guwahati,01/27/2024,18:00,Moderate,26.4
14704,Guwahati,03/31/2023,13:30,Moderate,27.9
14705,Guwahati,25-08-2024,09:30,Low,35.8
14706,Guwahati,2023-09-19,20:00,Moderate,26.2
14707,Guwahati,17/01/2023,09:45,High,16.6
14708,Guwahati,08/22/2024,05:30,Low,32.1
14709,Guwahati,13/09/2024,21:30,Low,34.3
14710,Guwahati,2023.04.02,05:30,Low,40.6
14711,Guwahati,2024.03.04,18:15,High,16.4
14712,Guwahati,08/14/2023,08:30,,34.7
14713,Guwahati,06/15/2023,16:30,Moderate,22.5
14714,Guwahati,22-02-2023,10:30,Low,35.9
14715,Guwahati,2024.03.26,18:15,Severe,8.3
14716,Guwahati,2024-09-11,08:30,High,21.5
14717,Guwahati,18-02-2024,06:15,Moderate,28.1
14718,Guwahati,07/18/2024,19:15,Moderate,26.0
14719,Guwahati,01/17/2024,07:30,Low,48.2
14720,Guwahati,2023-01-11,07:00,Severe,9.4
14721,Guwahati,16-10-2024,15:30,Low,25.2
14722,Guwahati,2024.03.18,21:15,Low,35.2
14723,Guwahati,08-02-2024,20:15,High,11.1
14724,Guwahati,09/02/2024,20:45,High,18.8
14725,Guwahati,12/03/2024,08:30,High,5.4
14726,Guwahati,2024.04.05,12:15,Severe,8.8
14727,Guwahati,13-03-2024,13:30,High,6.7
14728,Guwahati,15-04-2024,12:45,High,8.3
14729,Guwahati,25/02/2023,12:15,Moderate,32.2
14730,Guwahati,28-12-2024,11:15,Low,43.0
14731,Guwahati,2023.07.31,13:15,Moderate,24.3
14732,Guwahati,2024-03-23,08:30,Low,41.3
14733,Guwahati,2024-04-18,12:45,High,18.6
14734,Guwahati,01/04/2024,01:15,Low,29.9
14735,Guwahati,25/08/2024,10:00,Severe,7.5
14736,Guwahati,27/09/2024,07:00,High,11.4
14737,Guwahati,2023.06.23,17:15,Low,41.5
14738,Guwahati,2024.10.26,06:30,Moderate,33.4
14739,Guwahati,05-01-2024,16:15,Severe,3.0
14740,Guwahati,08-10-2023,13:45,Moderate,27.4
14741,Guwahati,17-09-2023,16:15,Severe,13.4
14742,Guwahati,17-07-2023,18:30,Moderate,38.2
14743,Guwahati,07/31/2024,13:15,Low,41.5
14744,Guwahati,03/11/2023,12:30,Moderate,22.5
14745,Guwahati,11/03/2023,12:45,Moderate,26.4
14746,Guwahati,04/11/2024,14:00,Moderate,25.5
14747,Guwahati,10/02/2024,19:45,Moderate,-31.3
14748,Guwahati,25/01/2024,05:30,Moderate,28.0
14749,Guwahati,2023.03.07,12:00,Low,40.6
14750,Guwahati,2023.02.13,18:30,Moderate,30.0
14751,Guwahati,18-04-2024,09:45,Severe,10.1
14752,Guwahati,06/21/2023,14:00,Low,43.5
14753,Guwahati,08/05/2023,16:45,Low,31.7
14754,Guwahati,2023.12.16,20:15,High,116.4
14755,Guwahati,06/10/2024,18:45,Moderate,35.9
14756,Guwahati,03/22/2024,19:30,Severe,14.1
14757,Guwahati,2023-11-24,08:45,High,12.6
14758,Guwahati,2023.09.10,11:30,Low,33.0
14759,Guwahati,2024-11-26,01:15,Low,41.1
14760,Guwahati,2023-03-21,12:45,High,18.3
14761,Guwahati,2023.04.18,15:00,Moderate,25.7
14762,Guwahati,15/05/2023,14:45,Low,30.6
14763,Guwahati,2024.08.15,18:00,High,9.2
14764,Guwahati,20-09-2024,08:45,Severe,16.7
14765,Guwahati,05/25/2023,19:45,Severe,11.4
14766,Guwahati,05-05-2024,13:30,High,15.7
14767,Guwahati,2023.11.21,18:45,Low,31.6
14768,Guwahati,2023.07.02,15:00,Moderate,30.3
14769,Guwahati,2024.09.10,06:15,Low,42.2
14770,Guwahati,2024.09.10,15:15,Low,40.9
14771,Guwahati,2023-05-25,09:45,Severe,13.2
14772,Guwahati,04/28/2024,19:30,High,22.3
14773,Guwahati,2023-04-24,15:15,Severe,3.7
14774,Guwahati,2023-01-02,07:45,High,14.7
14775,Guwahati,17/11/2024,17:30,Moderate,31.7
14776,Guwahati,2024.05.26,18:45,Severe,8.9
14777,Guwahati,19-10-2023,16:45,Moderate,20.4
14778,Guwahati,20/11/2024,17:30,Low,34.5
14779,Guwahati,11/01/2024,22:45,Moderate,26.4
14780,Guwahati,2024.12.31,08:00,Severe,5.4
14781,Guwahati,15/03/2023,13:15,Moderate,27.5
14782,Guwahati,2024-06-20,18:15,High,13.9
14783,Guwahati,2024-08-24,14:30,Low,32.3
14784,Guwahati,06/01/2023,13:45,Low,38.9
14785,Guwahati,12/05/2023,02:45,Low,44.5
14786,Guwahati,06-05-2024,09:15,Severe,13.3
14787,Guwahati,22-04-2023,14:00,Severe,7.6
14788,Guwahati,08-04-2023,11:45,High,10.0
14789,Guwahati,07/12/2024,09:30,High,19.1
14790,Guwahati,09/10/2024,20:45,Severe,110.8
14791,Guwahati,2024.04.16,07:15,Moderate,25.1
14792,Guwahati,2024-06-05,18:45,Severe,9.7
14793,Guwahati,2024.09.02,18:30,High,19.1
14794,Guwahati,14/08/2024,14:45,Moderate,22.5
14795,Guwahati,2024-08-24,01:15,High,9.1
14796,Guwahati,2023-10-26,08:15,Moderate,35.0
14797,Guwahati,30-12-2023,10:45,Moderate,34.4
14798,Guwahati,2024-10-31,02:30,Moderate,29.2
14799,Guwahati,30-04-2023,10:15,Moderate,36.7
14800,Guwahati,19-02-2024,18:00,Moderate,31.7
14801,Guwahati,05-08-2023,18:00,,17.6
14802,Guwahati,2023-12-28,09:15,Severe,11.8
14803,Guwahati,12/05/2024,19:15,Moderate,32.4
14804,Guwahati,30/06/2023,14:00,Severe,18.5
14805,Guwahati,02-12-2023,17:00,Low,32.9
14806,Guwahati,12-09-2023,14:15,Moderate,17.7
14807,Guwahati,06/08/2023,18:30,High,19.3
14808,Guwahati,02/06/2023,11:45,Low,35.0
14809,Guwahati,2023.02.25,15:15,High,-3.0
14810,Guwahati,2023-05-28,12:00,Moderate,21.4
14811,Guwahati,05/03/2023,09:00,High,15.6
14812,Guwahati,2023.03.27,06:15,Low,34.4
14813,Guwahati,2023.06.10,11:15,Moderate,30.2
14814,Guwahati,2023-07-12,18:15,Severe,14.6
14815,Guwahati,2024.02.24,16:15,Moderate,24.2
14816,Guwahati,2024-08-10,10:15,Low,30.9
14817,Guwahati,2024.06.11,10:00,Moderate,23.9
14818,Guwahati,22/11/2024,13:45,Moderate,28.5
14819,Guwahati,24/04/2024,06:15,Moderate,25.4
14820,Guwahati,22/08/2023,19:00,High,9.1
14821,Guwahati,2024-02-03,04:45,Low,37.8
14822,Guwahati,04/05/2024,18:00,High,18.9
14823,Guwahati,26-03-2024,16:15,Moderate,31.0
14824,Guwahati,2024-08-30,21:45,Low,34.0
14825,Guwahati,10/26/2023,23:00,Moderate,33.2
14826,Guwahati,24-06-2023,12:00,High,23.7
14827,Guwahati,2023.09.25,09:45,Severe,3.6
14828,Guwahati,2024-07-09,17:30,High,11.7
14829,Guwahati,27-08-2023,13:45,Low,27.9
14830,Guwahati,2023.02.02,22:30,Moderate,29.7
14831,Guwahati,16/10/2024,09:15,High,15.3
14832,Guwahati,11/07/2024,17:30,Moderate,31.9
14833,Guwahati,23-02-2023,14:45,High,7.7
14834,Guwahati,13/12/2024,08:15,Severe,17.4
14835,Guwahati,28-01-2023,12:00,High,11.5
14836,Guwahati,07/03/2023,09:00,High,15.0
14837,Guwahati,2023.07.22,16:30,Moderate,26.7
14838,Guwahati,06/03/2023,19:00,Low,32.4
14839,Guwahati,19-10-2024,17:30,High,22.4
14840,Guwahati,16-09-2023,12:30,Low,114.1
14841,Guwahati,2023.09.05,17:45,Moderate,35.5
14842,Guwahati,2023-09-17,08:30,Severe,4.7
14843,Guwahati,12-05-2023,12:45,High,21.0
14844,Guwahati,10/30/2023,17:45,Moderate,31.2
14845,Guwahati,12/16/2023,07:15,Moderate,24.1
14846,Guwahati,2023-04-05,02:15,Moderate,31.2
14847,Guwahati,2023.06.22,14:45,Moderate,23.8
14848,Guwahati,24-10-2023,17:15,Moderate,28.7
14849,Guwahati,02/04/2023,14:45,Low,40.8
14850,Guwahati,11/11/2023,16:15,Severe,4.2
14851,Guwahati,17-06-2024,18:15,High,15.2
14852,Guwahati,04/29/2024,13:30,High,19.4
14853,Guwahati,2024-06-13,06:00,Moderate,23.8
14854,Guwahati,2024-06-12,09:45,High,19.3
14855,Guwahati,2024.02.15,07:30,Low,44.5
14856,Guwahati,04-02-2024,08:15,Severe,11.8
14857,Guwahati,12/09/2024,14:30,High,14.5
14858,Guwahati,2024.06.09,16:00,Moderate,25.9
14859,Guwahati,2024-11-04,17:45,Severe,3.0
14860,Guwahati,18-05-2023,07:00,High,19.9
14861,Guwahati,2024.08.23,08:00,High,18.7
14862,Guwahati,2024.03.06,08:15,High,23.8
14863,Guwahati,2023-04-13,19:00,Severe,3.0
14864,Guwahati,25-06-2023,13:15,High,10.2
14865,Guwahati,19-05-2023,18:30,High,15.7
14866,Guwahati,2024-02-12,12:15,Moderate,29.4
14867,Guwahati,24-07-2023,08:45,Severe,5.6
14868,Guwahati,09/27/2023,12:45,Moderate,24.3
14869,Guwahati,07-09-2024,18:00,Severe,9.5
14870,Guwahati,20-03-2023,15:00,Low,39.7
14871,Guwahati,2024-04-07,13:00,Moderate,31.3
14872,Guwahati,2024-08-18,13:15,High,19.3
14873,Guwahati,09/23/2023,18:00,,16.2
14874,Guwahati,10/19/2024,11:00,Moderate,21.4
14875,Guwahati,05/14/2023,08:15,Severe,12.1
14876,Guwahati,16-04-2024,14:15,Moderate,26.0
14877,Guwahati,2023.01.04,08:15,High,17.4
14878,Guwahati,2023-08-06,03:45,,49.9
14879,Guwahati,01/10/2023,16:00,Low,36.3
14880,Guwahati,2024-03-10,17:45,High,17.1
14881,Guwahati,12/10/2023,08:00,High,19.2
14882,Guwahati,2024-04-21,16:15,High,22.1
14883,Guwahati,23-02-2023,14:15,Low,32.8
14884,Guwahati,2023-02-02,08:00,Severe,6.0
14885,Guwahati,10/06/2023,18:30,High,17.7
14886,Guwahati,09-05-2023,03:00,Low,96.3
14887,Guwahati,08-07-2024,13:30,Low,40.9
14888,Guwahati,25-06-2024,16:00,Low,42.2
14889,Guwahati,17-08-2023,16:45,Low,39.5
14890,Guwahati,27-12-2024,08:45,Moderate,30.7
14891,Guwahati,01/05/2023,12:00,High,16.5
14892,Guwahati,2023-01-30,09:45,High,18.9
14893,Guwahati,2024.12.08,17:15,Moderate,30.6
14894,Guwahati,06/05/2023,23:45,Moderate,26.2
14895,Guwahati,2024-06-21,10:45,Moderate,26.6
14896,Guwahati,2023.03.25,20:45,Low,44.3
14897,Guwahati,12/12/2024,13:15,High,21.5
14898,Guwahati,2023.11.17,09:45,High,18.4
14899,Guwahati,2024.07.03,18:00,Moderate,20.4
14900,Guwahati,06/06/2023,14:15,Moderate,22.6
14901,Guwahati,17-02-2023,19:30,Moderate,29.0
14902,Guwahati,2024-05-01,08:30,High,14.8
14903,Guwahati,05/10/2023,00:30,Low,29.7
14904,Guwahati,2024.03.22,08:15,Moderate,30.1
14905,Guwahati,15-09-2024,12:45,Moderate,27.8
14906,Guwahati,2023-12-11,09:30,High,13.2
14907,Guwahati,07/24/2023,16:30,Low,41.7
14908,Guwahati,2024-08-20,08:30,Moderate,28.1
14909,Guwahati,12/09/2023,17:45,High,11.5
14910,Guwahati,17-09-2024,18:00,High,22.1
14911,Guwahati,28-07-2024,12:30,Severe,12.5
14912,Guwahati,13-12-2024,09:45,High,82.1
14913,Guwahati,18/10/2024,08:15,High,6.9
14914,Guwahati,2024-01-19,19:15,High,21.0
14915,Guwahati,2024-06-11,15:15,Moderate,18.4
14916,Guwahati,12/31/2023,10:30,Moderate,30.2
14917,Guwahati,2024-07-29,10:45,Moderate,30.2
14918,Guwahati,2023.11.12,18:45,Moderate,34.6
14919,Guwahati,2023-12-15,23:00,High,13.0
14920,Guwahati,06/04/2024,19:45,Moderate,27.9
14921,Guwahati,17/10/2024,17:45,Moderate,29.2
14922,Guwahati,2024-01-10,21:30,Moderate,111.5
14923,Guwahati,08-08-2024,09:45,Low,34.3
14924,Guwahati,05/31/2023,09:15,Moderate,31.1
14925,Guwahati,26/11/2024,09:30,High,17.7
14926,Guwahati,15/09/2023,18:15,High,15.2
14927,Guwahati,30/05/2023,12:00,Moderate,26.8
14928,Guwahati,11/06/2024,18:45,High,13.2
14929,Guwahati,2024.11.28,17:30,Low,35.1
14930,Guwahati,30-06-2024,02:30,Low,35.0
14931,Guwahati,21/05/2024,17:15,Moderate,34.4
14932,Guwahati,14/06/2023,08:45,Moderate,28.7
14933,Guwahati,23-07-2023,11:45,Low,39.5
14934,Guwahati,18/01/2023,11:30,Moderate,33.1
14935,Guwahati,2023-12-24,07:00,Low,37.1
14936,Guwahati,19-01-2023,09:00,Severe,3.3
14937,Guwahati,2024-08-10,09:15,High,20.5
14938,Guwahati,06/14/2024,20:30,Moderate,30.6
14939,Guwahati,05/02/2024,13:30,Severe,4.1
14940,Guwahati,2023.10.15,20:30,Severe,4.4
14941,Guwahati,21-05-2024,18:00,High,21.5
14942,Guwahati,07/07/2023,17:00,Low,50.3
14943,Guwahati,10/21/2023,06:15,High,9.2
14944,Guwahati,13-10-2023,20:00,Severe,14.1
14945,Guwahati,09/01/2023,19:30,High,12.3
14946,Guwahati,16-03-2024,18:00,High,11.2
14947,Guwahati,14-12-2023,23:30,Low,41.0
14948,Guwahati,13-08-2024,17:00,Moderate,22.1
14949,Guwahati,2023.02.26,10:45,High,19.3
14950,Guwahati,2023.09.29,08:15,High,22.4
14951,Guwahati,10/04/2024,17:00,Moderate,18.6
14952,Guwahati,31-12-2023,07:15,Low,38.3
14953,Guwahati,06/23/2024,18:45,Moderate,24.0
14954,Guwahati,04/20/2024,12:45,Moderate,30.1
14955,Guwahati,2024-04-15,12:30,Moderate,27.7
14956,Guwahati,2024-11-29,08:15,High,13.2
14957,Guwahati,2023.09.12,15:15,Low,45.3
14958,Guwahati,2023.07.18,15:30,Moderate,23.5
14959,Guwahati,05/06/2023,06:15,Severe,15.7
14960,Guwahati,2024-11-11,18:15,High,18.2
14961,Guwahati,26-10-2023,18:15,High,15.5
14962,Guwahati,30-08-2023,10:00,Low,29.4
14963,Guwahati,30-09-2023,01:15,Severe,4.0
14964,Guwahati,10/01/2024,21:15,Low,40.3
14965,Guwahati,2023.04.07,14:15,Moderate,26.6
14966,Guwahati,26/06/2024,15:30,Moderate,21.8
14967,Guwahati,2024-06-24,09:00,Severe,13.9
14968,Guwahati,01/29/2023,17:00,Moderate,23.8
14969,Guwahati,2023.11.06,18:15,Severe,8.0
14970,Guwahati,2024-10-22,17:00,High,17.0
14971,Guwahati,2024-06-01,18:00,Low,35.8
14972,Guwahati,2023-09-27,20:15,High,9.7
14973,Guwahati,2024-04-04,09:30,High,11.7
14974,Guwahati,18-10-2024,20:45,High,18.7
14975,Guwahati,25/07/2024,18:30,Severe,3.0
14976,Guwahati,2024-06-29,21:45,Low,38.5
14977,Guwahati,2023.01.23,21:00,Low,34.5
14978,Guwahati,11/06/2023,09:30,High,10.6
14979,Guwahati,2024.12.11,16:15,Moderate,33.4
14980,Guwahati,07/02/2024,16:30,Moderate,29.4
14981,Guwahati,06/12/2024,07:00,Low,36.1
14982,Guwahati,2024.09.01,13:45,Low,45.5
14983,Guwahati,2024-11-01,19:30,Severe,6.8
14984,Guwahati,2024-06-02,19:30,Severe,7.3
14985,Guwahati,2024-01-25,17:30,Low,28.4
14986,Guwahati,08/16/2023,22:45,Moderate,27.3
14987,Guwahati,10-07-2024,20:00,High,29.3
14988,Guwahati,2024.02.29,03:15,Low,43.9
14989,Guwahati,09/15/2023,17:45,Moderate,34.7
14990,Guwahati,2024.09.17,20:00,Severe,12.6
14991,Guwahati,10/07/2024,19:45,High,15.6
14992,Guwahati,05/12/2023,21:30,Severe,6.3
14993,Guwahati,11/11/2024,13:30,Low,38.0
14994,Guwahati,2024.06.11,07:45,Severe,3.1
14995,Guwahati,2023.04.15,07:15,High,15.6
14996,Guwahati,2024-03-30,12:45,Moderate,20.2
14997,Guwahati,01/29/2024,08:45,High,14.0
14998,Guwahati,2023.11.01,10:45,Severe,4.4
14999,Guwahati,05/08/2023,12:30,Low,43.6
15000,Guwahati,15/11/2024,18:15,High,12.0
15001,Guwahati,15/06/2024,01:00,Low,42.6
15002,Guwahati,2023-09-08,10:00,High,15.7
15003,Guwahati,2023.12.16,17:30,Moderate,26.3
15004,Guwahati,2023.04.05,12:00,Moderate,37.3
15005,Guwahati,2023.03.24,00:15,Moderate,33.1
15006,Guwahati,19-04-2024,17:30,Moderate,33.8
15007,Guwahati,03/11/2023,14:15,Low,34.8
15008,Guwahati,2024.02.19,11:30,High,29.5
15009,Guwahati,2024.06.11,11:30,Low,41.6
15010,Guwahati,2024-07-06,10:30,Low,47.2
15011,Guwahati,2024-06-26,14:15,Low,21.4
15012,Guwahati,04/09/2024,15:30,Moderate,22.5
15013,Guwahati,23/02/2024,06:15,Moderate,35.1
15014,Guwahati,2023-12-19,19:00,Severe,-12.1
15015,Guwahati,08-08-2023,07:00,High,22.6
15016,Guwahati,2024.05.21,20:30,High,18.1
15017,Guwahati,18-02-2023,10:45,Low,46.0
15018,Guwahati,10-10-2023,04:30,Low,42.4
15019,Guwahati,11/23/2023,18:30,High,17.3
15020,Guwahati,27-01-2023,13:30,Moderate,111.0
15021,Guwahati,2024-08-09,18:15,Moderate,36.4
15022,Guwahati,23/01/2024,13:45,Moderate,23.0
15023,Guwahati,2023.12.20,21:45,Low,36.6
15024,Guwahati,05/01/2024,20:15,High,19.3
15025,Guwahati,19-03-2023,08:45,Severe,17.9
15026,Guwahati,2023-04-19,09:45,Severe,9.5
15027,Guwahati,2024-05-29,15:30,Low,26.9
15028,Guwahati,2024-07-21,09:15,High,13.1
15029,Guwahati,2023-10-31,10:15,Low,39.3
15030,Guwahati,10/01/2024,21:30,High,12.4
15031,Guwahati,2023-07-06,08:45,Moderate,24.7
15032,Guwahati,12/21/2023,19:45,High,14.7
15033,Guwahati,11/06/2024,19:30,High,16.0
15034,Guwahati,19-05-2024,17:15,High,10.0
15035,Guwahati,01/19/2024,03:00,Low,39.4
15036,Guwahati,2024-07-21,06:00,Low,37.8
15037,Guwahati,02/09/2023,10:00,Low,45.1
15038,Guwahati,01/03/2023,21:30,High,10.9
15039,Guwahati,12/09/2024,10:45,Moderate,24.1
15040,Guwahati,2023-07-22,09:15,Low,45.8
15041,Guwahati,2023-05-30,12:15,Low,43.1
15042,Guwahati,2024.03.23,14:15,Low,34.7
15043,Guwahati,2023.05.07,11:00,High,23.4
15044,Guwahati,2024.02.24,12:00,Low,45.1
15045,Guwahati,28-04-2024,12:15,Low,40.5
15046,Guwahati,03/09/2023,17:45,Low,38.5
15047,Guwahati,14-03-2023,14:45,Moderate,32.2
15048,Guwahati,10/15/2023,04:15,Low,48.8
15049,Guwahati,27-09-2023,18:30,Moderate,30.4
15050,Guwahati,2023.03.10,08:15,Moderate,29.3
15051,Guwahati,2023-03-10,10:15,Moderate,29.7
15052,Guwahati,15-08-2023,16:30,Moderate,30.3
15053,Guwahati,12-05-2023,13:45,High,17.5
15054,Guwahati,02/19/2024,18:45,Moderate,28.4
15055,Guwahati,11/18/2023,18:30,Moderate,35.7
15056,Guwahati,13-06-2024,11:00,Low,31.7
15057,Guwahati,12-06-2023,19:30,High,13.5
15058,Guwahati,2023-08-27,08:00,High,23.4
15059,Guwahati,19/02/2024,20:45,Severe,12.9
15060,Guwahati,09/30/2024,20:15,High,20.9
15061,Guwahati,12/15/2024,06:45,Low,40.9
15062,Guwahati,21/03/2023,12:45,High,10.1
15063,Guwahati,17-06-2024,18:45,Moderate,31.9
15064,Guwahati,01-04-2023,20:00,High,17.5
15065,Guwahati,16/05/2023,16:15,Low,36.2
15066,Guwahati,17/09/2023,15:30,Low,39.8
15067,Guwahati,02-08-2024,10:15,Low,47.8
15068,Guwahati,15-05-2023,20:15,Moderate,20.1
15069,Guwahati,05/10/2024,07:15,Moderate,29.8
15070,Guwahati,05/03/2024,19:45,High,8.6
15071,Guwahati,2024-01-14,18:00,Moderate,29.4
15072,Guwahati,2023-12-01,18:30,High,29.1
15073,Guwahati,2023.02.19,14:45,Moderate,23.8
15074,Guwahati,01-07-2024,17:15,Moderate,28.2
15075,Guwahati,26/05/2024,08:45,Severe,3.0
15076,Guwahati,01/02/2023,17:45,Low,40.5
15077,Guwahati,02/23/2023,17:00,High,22.7
15078,Guwahati,09/06/2023,22:30,High,16.0
15079,Guwahati,2023.04.15,06:45,Moderate,35.8
15080,Guwahati,03/11/2023,10:45,Moderate,21.5
15081,Guwahati,10/06/2024,21:45,Moderate,30.8
15082,Guwahati,04/16/2023,12:30,Moderate,15.7
15083,Guwahati,20/11/2023,17:00,Moderate,26.7
15084,Guwahati,12/13/2023,19:15,Moderate,28.2
15085,Guwahati,2023.08.24,00:30,Low,38.0
15086,Guwahati,27-07-2024,06:30,Low,31.6
15087,Guwahati,2024.12.06,18:00,Moderate,35.4
15088,Guwahati,2024.09.20,09:30,High,14.5
15089,Guwahati,04-09-2024,19:00,Severe,5.8
15090,Guwahati,10-10-2023,10:45,Moderate,31.8
15091,Guwahati,05-08-2023,08:45,Severe,5.0
15092,Guwahati,2024.06.14,12:30,Moderate,29.1
15093,Guwahati,2024-11-18,06:45,High,10.4
15094,Guwahati,2023-02-22,14:15,Low,36.0
15095,Guwahati,05-12-2023,13:15,Low,43.8
15096,Guwahati,2024-02-16,19:15,Severe,11.7
15097,Guwahati,2024.08.31,16:15,Low,40.6
15098,Guwahati,08/18/2023,19:15,High,13.4
15099,Guwahati,01/19/2023,09:15,Severe,19.2
15100,Guwahati,05-01-2023,16:00,Severe,5.5
15101,Guwahati,04/14/2024,19:00,High,20.4
15102,Guwahati,2024-11-07,08:15,High,11.2
15103,Guwahati,2023.07.21,00:30,Low,36.2
15104,Guwahati,14/09/2024,17:30,High,20.6
15105,Guwahati,07/26/2024,16:30,Low,30.9
15106,Guwahati,27/09/2023,08:15,Severe,10.1
15107,Guwahati,09-09-2024,07:30,Low,32.9
15108,Guwahati,2023.04.01,11:15,Moderate,18.4
15109,Guwahati,2023.02.17,20:15,Moderate,-30.2
15110,Guwahati,18/01/2023,12:00,Low,37.6
15111,Guwahati,20/11/2023,04:45,Low,41.7
15112,Guwahati,11/14/2024,10:00,Moderate,25.6
15113,Guwahati,09/14/2024,21:45,Moderate,34.7
15114,Guwahati,02/12/2023,07:15,Severe,3.0
15115,Guwahati,2024-07-28,08:00,High,16.0
15116,Guwahati,12/13/2023,15:00,Moderate,26.5
15117,Guwahati,04-10-2024,12:15,Severe,11.4
15118,Guwahati,2023.07.12,17:00,Low,39.6
15119,Guwahati,27/03/2023,02:30,Low,37.8
15120,Guwahati,19-07-2023,20:00,High,12.2
15121,Guwahati,11/28/2024,16:00,Moderate,24.8
15122,Guwahati,2024-09-17,04:15,Low,36.8
15123,Guwahati,26-05-2024,07:00,High,16.9
15124,Guwahati,09/17/2023,14:15,Moderate,21.6
15125,Guwahati,28-11-2024,09:30,High,14.2
15126,Guwahati,22-07-2023,21:00,Low,39.5
15127,Guwahati,2024-01-08,19:00,Moderate,28.0
15128,Guwahati,2023.10.05,15:15,High,17.6
15129,Guwahati,09/20/2023,08:15,High,17.1
15130,Guwahati,07/23/2024,11:00,High,19.1
15131,Guwahati,09-09-2024,14:00,Moderate,19.1
15132,Guwahati,2024-09-29,17:15,Low,38.1
15133,Guwahati,01-07-2024,20:15,Moderate,34.5
15134,Guwahati,2023.10.16,09:30,High,18.3
15135,Guwahati,31/03/2023,02:45,Moderate,22.9
15136,Guwahati,2023.08.29,06:15,Low,40.8
15137,Guwahati,12/14/2024,11:45,Moderate,23.0
15138,Guwahati,2023-10-04,21:45,Moderate,31.8
15139,Guwahati,2024-08-30,10:00,,35.4
15140,Guwahati,2024.11.08,12:30,Low,36.5
15141,Guwahati,2024.07.03,02:15,High,19.7
15142,Guwahati,02/27/2023,07:15,Moderate,28.9
15143,Guwahati,2023.08.12,17:00,Moderate,24.4
15144,Guwahati,25/10/2023,18:00,Moderate,23.7
15145,Guwahati,23-07-2024,10:30,Low,47.5
15146,Guwahati,2024.11.08,10:15,Moderate,24.5
15147,Guwahati,2024-03-23,21:30,Moderate,31.4
15148,Guwahati,2023.01.20,18:00,Severe,9.3
15149,Guwahati,2024-01-02,10:00,Low,42.3
15150,Guwahati,15/09/2023,23:45,Moderate,28.6
15151,Guwahati,05-04-2024,17:30,High,13.4
15152,Guwahati,2023-01-23,09:30,Severe,5.1
15153,Guwahati,03/15/2023,18:45,High,15.9
15154,Guwahati,26/11/2024,13:30,Moderate,23.1
15155,Guwahati,2024-01-30,14:15,Moderate,27.3
15156,Guwahati,15-10-2023,19:00,Severe,5.7
15157,Guwahati,2024-03-22,20:00,High,18.1
15158,Guwahati,2024.10.03,10:15,Moderate,24.7
15159,Guwahati,12/13/2024,09:30,Severe,3.0
15160,Guwahati,30-09-2023,02:45,Moderate,25.2
15161,Guwahati,2024-03-25,09:30,Severe,92.7
15162,Guwahati,2023-06-29,06:15,Low,46.7
15163,Guwahati,2024.11.22,18:30,High,23.3
15164,Guwahati,18-05-2024,07:30,High,10.4
15165,Guwahati,2024-04-28,17:30,Low,40.6
15166,Guwahati,26-05-2023,08:00,Severe,3.0
15167,Guwahati,28-04-2024,16:00,Moderate,22.3
15168,Guwahati,2024.03.17,13:00,High,20.5
15169,Guwahati,27-12-2024,23:30,High,22.5
15170,Guwahati,29-09-2024,13:00,Moderate,28.5
15171,Guwahati,25-01-2024,03:15,High,8.0
15172,Guwahati,2024.04.24,08:45,Moderate,-29.0
15173,Guwahati,05/10/2024,13:45,Moderate,28.0
15174,Guwahati,2023-01-11,20:30,High,23.4
15175,Guwahati,15/02/2023,07:15,High,14.2
15176,Guwahati,11-09-2023,16:30,Moderate,27.6
15177,Guwahati,12/10/2024,19:45,High,14.6
15178,Guwahati,07/09/2024,20:00,High,20.4
15179,Guwahati,12/07/2023,19:30,Severe,6.8
15180,Guwahati,2023-02-23,18:00,Severe,4.2
15181,Guwahati,2024-08-28,21:15,Low,30.3
15182,Guwahati,2023.04.14,08:00,High,19.1
15183,Guwahati,2023.07.30,09:30,Moderate,30.8
15184,Guwahati,2023-07-17,06:00,Moderate,31.5
15185,Guwahati,13/03/2023,17:45,Moderate,19.1
15186,Guwahati,08/19/2024,08:45,High,18.9
15187,Guwahati,2024-02-15,07:15,High,14.2
15188,Guwahati,04-01-2024,13:30,Moderate,21.5
15189,Guwahati,19-03-2023,20:30,High,17.7
15190,Guwahati,2024.01.03,19:15,High,16.4
15191,Guwahati,05-12-2024,08:00,High,13.1
15192,Guwahati,19/02/2023,12:15,High,22.8
15193,Guwahati,2023.05.29,20:30,Severe,3.0
15194,Guwahati,06-02-2024,12:15,Low,31.6
15195,Guwahati,02-08-2023,22:15,Moderate,32.9
15196,Guwahati,01/01/2023,12:45,Low,43.4
15197,Guwahati,23/12/2024,10:30,Moderate,17.0
15198,Guwahati,01-11-2024,21:30,Moderate,14.4
15199,Guwahati,09-08-2024,08:15,Severe,8.7
15200,Guwahati,2024.02.14,10:45,Moderate,25.8
15201,Guwahati,02-10-2024,16:15,Moderate,26.0
15202,Guwahati,03/06/2024,07:45,High,18.3
15203,Guwahati,07/04/2024,14:15,Moderate,26.9
15204,Guwahati,02/23/2024,08:00,,12.5
15205,Guwahati,2023-09-03,08:00,High,11.5
15206,Guwahati,09/18/2024,19:15,Moderate,14.7
15207,Guwahati,02-06-2024,04:45,Moderate,26.7
15208,Guwahati,2023-12-10,17:30,Moderate,25.1
15209,Guwahati,2023.12.04,03:00,Low,42.8
15210,Guwahati,06/02/2023,23:00,Moderate,19.7
15211,Guwahati,2024.02.09,10:00,Moderate,23.4
15212,Guwahati,2023-03-22,11:00,Severe,9.2
15213,Guwahati,2024.02.21,03:45,Severe,7.7
15214,Guwahati,2024.11.06,09:30,Severe,9.7
15215,Guwahati,09-12-2024,15:00,High,16.8
15216,Guwahati,2023.10.07,18:00,Severe,9.8
15217,Guwahati,05/15/2023,21:00,Severe,8.1
15218,Guwahati,21-07-2023,03:45,Low,39.4
15219,Guwahati,2023.08.29,06:15,Low,44.0
15220,Guwahati,2023.11.16,17:00,High,3.6
15221,Guwahati,2023.10.08,23:00,Moderate,36.5
15222,Guwahati,2024.09.17,22:30,Low,33.9
15223,Guwahati,2023.12.06,19:30,High,22.5
15224,Guwahati,2024.12.24,23:30,High,7.9
15225,Guwahati,17-01-2023,08:45,Low,39.4
15226,Guwahati,09/12/2023,22:00,High,5.3
15227,Guwahati,2023.03.04,14:45,Moderate,-29.3
15228,Guwahati,2024.03.22,16:30,,36.1
15229,Guwahati,2023-10-08,12:30,Moderate,24.8
15230,Guwahati,05/03/2023,08:00,High,17.9
15231,Guwahati,17/03/2023,06:15,High,10.4
15232,Guwahati,19-11-2024,19:15,Low,45.5
15233,Guwahati,2023-11-26,06:00,Moderate,25.3
15234,Guwahati,2024-12-13,17:00,Low,41.6
15235,Guwahati,18-06-2023,08:45,Moderate,38.3
15236,Guwahati,09-10-2023,12:00,High,13.1
15237,Guwahati,02/09/2023,06:45,High,19.3
15238,Guwahati,2024.09.03,14:45,Severe,10.7
15239,Guwahati,13/06/2023,11:30,Severe,5.8
15240,Guwahati,19/10/2024,10:00,High,30.5
15241,Guwahati,22/03/2024,20:15,Severe,5.3
15242,Guwahati,2023-02-07,17:30,Moderate,32.3
15243,Guwahati,2023-05-07,07:00,High,109.3
15244,Guwahati,18/08/2023,08:45,Severe,17.2
15245,Guwahati,02/25/2023,18:15,High,18.5
15246,Guwahati,13/02/2023,15:00,Moderate,26.3
15247,Guwahati,10-10-2023,08:00,Severe,11.2
15248,Guwahati,02/12/2023,17:00,Severe,7.4
15249,Guwahati,20/11/2023,14:30,Moderate,29.4
15250,Guwahati,2023.07.14,12:15,Low,35.4
15251,Guwahati,15-07-2024,15:30,High,7.0
15252,Guwahati,08/31/2024,19:15,Moderate,29.2
15253,Guwahati,2024-01-21,08:15,Severe,7.3
15254,Guwahati,2024.12.17,06:45,Moderate,25.8
15255,Guwahati,19/11/2023,16:00,Moderate,28.6
15256,Guwahati,03-08-2023,12:45,Low,41.3
15257,Guwahati,2023-08-25,16:30,Low,46.9
15258,Guwahati,10/05/2023,02:45,Low,35.2
15259,Guwahati,23-02-2023,10:15,Low,39.8
15260,Guwahati,2024-10-29,12:00,Low,38.0
15261,Guwahati,2024-09-29,20:00,Low,32.5
15262,Guwahati,2023-05-15,09:15,Moderate,28.3
15263,Guwahati,2023.12.26,18:15,Moderate,22.4
15264,Guwahati,2024.10.23,16:15,Moderate,27.1
15265,Guwahati,2024.07.06,14:30,Moderate,24.7
15266,Guwahati,23/09/2024,16:15,Moderate,35.3
15267,Guwahati,05/27/2024,11:30,Moderate,24.4
15268,Guwahati,2024-06-12,20:30,High,21.7
15269,Guwahati,12/25/2024,07:00,Moderate,33.3
15270,Guwahati,24/03/2023,13:15,High,19.9
15271,Guwahati,25/10/2024,17:00,Moderate,32.0
15272,Guwahati,03/17/2023,09:00,Moderate,26.5
15273,Guwahati,24-07-2024,19:45,Severe,16.7
15274,Guwahati,09/24/2024,09:30,Severe,6.3
15275,Guwahati,01/13/2023,18:45,High,10.3
15276,Guwahati,23-05-2024,10:15,High,18.7
15277,Guwahati,28/10/2023,18:15,Severe,3.0
15278,Guwahati,15-08-2023,12:00,Severe,12.1
15279,Guwahati,01/02/2023,09:45,,16.4
15280,Guwahati,2024.08.16,17:00,Low,44.0
15281,Guwahati,05/16/2024,22:45,Moderate,31.3
15282,Guwahati,2024.01.21,06:15,Severe,6.7
15283,Guwahati,2024.02.13,09:30,Severe,9.8
15284,Guwahati,24-11-2024,00:15,Low,32.4
15285,Guwahati,11/14/2024,08:30,Severe,11.0
15286,Guwahati,21/07/2023,18:30,High,19.7
15287,Guwahati,02/17/2024,15:30,High,7.0
15288,Guwahati,2024-08-29,18:45,Low,43.4
15289,Guwahati,2023.03.25,14:15,Severe,6.6
15290,Guwahati,2024.08.24,18:45,Severe,12.5
15291,Guwahati,2023.08.07,09:45,High,24.3
15292,Guwahati,25-06-2024,17:30,Moderate,16.9
15293,Guwahati,2024.03.20,20:30,Moderate,17.4
15294,Guwahati,08-04-2024,21:15,Low,38.8
15295,Guwahati,14/04/2024,08:15,High,14.8
15296,Guwahati,2023-02-15,12:00,Low,41.7
15297,Guwahati,20-04-2023,18:30,Severe,7.8
15298,Guwahati,10/04/2023,14:30,Severe,11.2
15299,Guwahati,2024-07-25,11:15,Severe,8.5
15300,Guwahati,10/20/2023,17:30,Moderate,30.3
15301,Guwahati,2024.04.17,14:15,Low,47.3
15302,Guwahati,2024.01.08,17:00,Moderate,26.6
15303,Guwahati,2023-02-25,09:45,High,10.4
15304,Guwahati,06-01-2023,19:30,Moderate,16.8
15305,Guwahati,08/06/2023,02:15,Low,44.3
15306,Guwahati,19/08/2023,08:45,Severe,7.1
15307,Guwahati,09/02/2023,21:15,Severe,8.5
15308,Guwahati,2023-05-06,14:15,Moderate,24.3
15309,Guwahati,2023.06.19,07:00,Low,36.6
15310,Guwahati,26-12-2023,09:00,Moderate,31.8
15311,Guwahati,2023.11.04,20:45,Severe,10.3
15312,Guwahati,2024-02-19,09:00,High,9.6
15313,Guwahati,11/16/2023,13:00,Moderate,32.2
15314,Guwahati,2023-09-25,09:30,High,15.8
15315,Guwahati,08-06-2023,09:30,High,7.5
15316,Guwahati,2024.10.20,10:30,Low,36.2
15317,Guwahati,2023-04-29,16:15,Low,34.1
15318,Guwahati,06/12/2023,17:30,Low,42.2
15319,Guwahati,2024.01.01,08:00,Moderate,27.7
15320,Guwahati,2024.05.17,18:00,Moderate,22.9
15321,Guwahati,2024-10-12,12:00,Moderate,23.8
15322,Guwahati,02/22/2023,22:00,Moderate,112.1
15323,Guwahati,26/10/2023,18:30,Severe,14.2
15324,Guwahati,19/09/2024,12:15,High,12.2
15325,Guwahati,2024.06.02,12:45,Moderate,21.5
15326,Guwahati,2024.06.18,03:30,Low,29.7
15327,Guwahati,2023-05-20,11:00,Moderate,25.1
15328,Guwahati,29-01-2024,12:00,Low,36.5
15329,Guwahati,12/03/2024,09:45,High,15.5
15330,Guwahati,06/23/2024,10:15,High,17.4
15331,Guwahati,2023-12-03,12:45,Moderate,22.7
15332,Guwahati,25-05-2024,19:30,High,23.0
15333,Guwahati,12/22/2023,08:30,High,11.6
15334,Guwahati,2023-09-05,20:00,Low,21.6
15335,Guwahati,2024.04.18,02:30,Low,41.0
15336,Guwahati,2024-08-18,01:45,Low,42.4
15337,Guwahati,12-10-2024,18:00,Severe,3.0
15338,Guwahati,09/01/2023,14:00,Low,32.6
15339,Guwahati,21-01-2024,03:15,Low,35.4
15340,Guwahati,10/15/2023,17:45,Low,38.8
15341,Guwahati,10/23/2023,17:15,Moderate,34.9
15342,Guwahati,21-02-2024,05:30,Low,27.3
15343,Guwahati,06/11/2023,00:00,Low,43.4
15344,Guwahati,2024.06.20,08:30,High,26.9
15345,Guwahati,11-11-2023,18:30,High,7.1
15346,Guwahati,2023-10-16,18:30,High,17.3
15347,Guwahati,2023-06-05,11:00,High,12.6
15348,Guwahati,06/03/2024,18:30,High,11.2
15349,Guwahati,2024-05-26,18:15,Severe,5.8
15350,Guwahati,19/06/2023,04:00,Low,39.2
15351,Guwahati,04/19/2024,00:30,High,13.8
15352,Guwahati,06/08/2024,08:00,Severe,5.6
15353,Guwahati,18-06-2023,14:15,Moderate,22.4
15354,Guwahati,2023.05.12,17:15,,25.3
15355,Guwahati,22/09/2023,19:30,High,20.2
15356,Guwahati,2024-08-26,20:45,Severe,14.9
15357,Guwahati,08/14/2024,06:45,Low,38.6
15358,Guwahati,2024-05-10,08:00,Moderate,34.4
15359,Guwahati,12/10/2024,18:30,Moderate,29.4
15360,Guwahati,2024.10.29,21:15,Low,36.4
15361,Guwahati,2024.07.29,08:30,Moderate,27.5
15362,Guwahati,08/26/2023,10:15,Low,41.0
15363,Guwahati,2024.08.21,12:00,Moderate,23.9
15364,Guwahati,2024.01.15,06:15,High,24.1
15365,Guwahati,30/09/2023,12:45,High,23.6
15366,Guwahati,2024.04.19,18:45,Severe,8.3
15367,Guwahati,30/08/2023,14:00,Low,31.6
15368,Guwahati,28-04-2023,06:00,High,32.1
15369,Guwahati,19/04/2023,11:30,Low,31.1
15370,Guwahati,2024.02.24,07:15,Moderate,32.6
15371,Guwahati,10/06/2023,09:30,High,14.4
15372,Guwahati,06/06/2023,09:45,Severe,8.8
15373,Guwahati,2023-06-27,08:00,High,20.7
15374,Guwahati,17-03-2024,07:45,Moderate,24.0
15375,Guwahati,09/30/2023,07:15,Low,29.7
15376,Guwahati,2024.10.27,23:00,Low,42.5
15377,Guwahati,2024-07-15,18:15,High,14.5
15378,Guwahati,25/02/2024,07:30,Moderate,26.3
15379,Guwahati,15/11/2023,18:15,Moderate,29.5
15380,Guwahati,28-07-2023,12:15,Low,29.4
15381,Guwahati,01/19/2024,09:30,High,14.2
15382,Guwahati,2024-01-17,17:45,Moderate,30.4
15383,Guwahati,30/08/2024,12:15,Moderate,20.8
15384,Guwahati,09/24/2023,08:30,Low,42.0
15385,Guwahati,2023-06-13,08:15,High,11.5
15386,Guwahati,07/20/2024,14:00,Moderate,32.8
15387,Guwahati,09/10/2023,14:45,Low,35.8
15388,Guwahati,2023.03.01,11:30,Moderate,24.7
15389,Guwahati,2024-09-08,04:00,Low,39.8
15390,Guwahati,23-10-2023,19:30,Severe,9.3
15391,Guwahati,05/19/2024,11:00,Low,40.7
15392,Guwahati,22/04/2023,18:00,Moderate,30.1
15393,Guwahati,14/11/2024,17:45,Low,35.6
15394,Guwahati,02/28/2023,08:00,High,17.9
15395,Guwahati,2023-10-10,20:30,High,18.1
15396,Guwahati,09-11-2024,22:15,Moderate,29.9
15397,Guwahati,2023-08-11,11:15,Severe,9.0
15398,Guwahati,2024-11-23,16:30,Moderate,25.1
15399,Nashik,13-10-2024,18:45,Moderate,29.1
15400,Nashik,12/03/2023,20:30,Moderate,26.0
15401,Nashik,14-07-2023,13:30,Moderate,32.5
15402,Nashik,10/03/2023,07:15,Moderate,25.9
15403,Nashik,04/11/2024,18:30,High,22.6
15404,Nashik,2024-10-21,17:15,Moderate,24.1
15405,Nashik,27-06-2023,08:45,Moderate,35.4
15406,Nashik,04-08-2023,08:45,Severe,15.7
15407,Nashik,11/12/2023,21:45,Moderate,28.1
15408,Nashik,23/04/2024,13:45,Moderate,27.7
15409,Nashik,18-11-2023,17:45,Severe,7.4
15410,Nashik,13/04/2024,17:45,High,10.4
15411,Nashik,2023-04-05,08:00,Severe,14.8
15412,Nashik,2024-09-25,14:00,High,15.0
15413,Nashik,2023-12-01,15:00,Low,45.0
15414,Nashik,2023-05-07,20:30,High,12.9
15415,Nashik,03-07-2024,05:15,Low,23.8
15416,Nashik,10/04/2023,09:30,High,13.2
15417,Nashik,2023-01-09,20:00,Severe,17.6
15418,Nashik,05/27/2024,10:45,Low,41.0
15419,Nashik,2023.06.22,11:15,Low,38.2
15420,Nashik,2023-12-12,07:15,Moderate,23.4
15421,Nashik,2024-09-05,03:30,Moderate,30.1
15422,Nashik,2023.04.02,17:30,High,25.4
15423,Nashik,11/04/2023,17:30,Moderate,31.5
15424,Nashik,2024-11-28,20:00,Moderate,29.3
15425,Nashik,2024-01-26,10:00,Moderate,21.4
15426,Nashik,2024.11.16,08:45,High,21.8
15427,Nashik,24-07-2024,16:00,Severe,12.6
15428,Nashik,31-01-2024,20:30,Severe,6.7
15429,Nashik,2024.06.14,18:30,Severe,12.7
15430,Nashik,2024-03-08,07:45,Low,39.0
15431,Nashik,15-10-2024,12:30,High,18.4
15432,Nashik,06-04-2024,15:00,Low,33.4
15433,Nashik,2024-08-06,10:45,Moderate,26.2
15434,Nashik,25/05/2024,12:15,Low,37.3
15435,Nashik,17-10-2024,16:00,Moderate,44.4
15436,Nashik,15/08/2024,19:45,Severe,6.0
15437,Nashik,09/15/2024,14:30,High,12.4
15438,Nashik,21-09-2023,07:45,Severe,3.0
15439,Nashik,06/07/2024,08:00,Severe,7.1
15440,Nashik,2023.01.07,10:30,Low,38.7
15441,Nashik,2023.08.23,10:15,Severe,11.4
15442,Nashik,18-03-2024,14:00,Moderate,24.9
15443,Nashik,30-04-2024,06:30,Low,39.4
15444,Nashik,06/16/2023,10:15,High,15.8
15445,Nashik,17/05/2024,07:30,High,26.7
15446,Nashik,12/16/2023,00:30,Low,38.6
15447,Nashik,2023.10.28,14:00,High,18.0
15448,Nashik,22/12/2023,16:30,High,15.7
15449,Nashik,04-05-2024,15:30,Low,28.4
15450,Nashik,2024-05-27,09:45,High,20.9
15451,Nashik,07/04/2023,18:45,Severe,11.9
15452,Nashik,2024-04-21,12:00,Moderate,26.9
15453,Nashik,2024.02.07,07:00,Low,43.2
15454,Nashik,2023.05.17,18:45,Severe,11.1
15455,Nashik,28-10-2023,15:15,Low,40.0
15456,Nashik,2023.09.27,07:15,Low,47.2
15457,Nashik,2024-07-20,17:15,Low,45.7
15458,Nashik,2024.05.02,10:15,Low,29.6
15459,Nashik,10/15/2024,18:00,High,14.4
15460,Nashik,27/05/2024,20:15,Moderate,27.6
15461,Nashik,11-02-2024,05:45,Low,35.7
15462,Nashik,2023-05-08,10:00,Low,39.6
15463,Nashik,2023-05-03,01:30,Low,39.6
15464,Nashik,2024-07-15,13:45,Moderate,33.1
15465,Nashik,01/11/2023,07:45,High,21.2
15466,Nashik,2024.02.21,18:15,High,17.1
15467,Nashik,01/27/2024,18:45,Severe,8.6
15468,Nashik,08/01/2023,07:00,Moderate,26.4
15469,Nashik,2024-07-15,22:15,Moderate,34.1
15470,Nashik,02/12/2023,04:45,Severe,11.1
15471,Nashik,2024-04-23,13:30,Severe,-11.0
15472,Nashik,2023-06-25,14:15,High,19.6
15473,Nashik,2024.09.18,12:00,Moderate,31.1
15474,Nashik,2023.06.05,19:15,High,20.9
15475,Nashik,26-11-2023,17:30,Moderate,26.7
15476,Nashik,10/22/2023,07:00,Moderate,29.7
15477,Nashik,2024.10.23,23:00,High,16.6
15478,Nashik,2024.09.04,20:00,High,25.4
15479,Nashik,01/04/2023,08:30,High,17.8
15480,Nashik,15/03/2023,10:15,High,16.1
15481,Nashik,12/27/2024,17:15,Low,36.6
15482,Nashik,10/03/2023,17:15,High,16.2
15483,Nashik,07/16/2024,15:30,Moderate,23.2
15484,Nashik,2024-07-25,06:00,Moderate,25.3
15485,Nashik,2023-01-13,18:00,Moderate,20.9
15486,Nashik,27/08/2024,06:00,Moderate,25.0
15487,Nashik,2023.02.16,08:00,High,16.0
15488,Nashik,2023.04.27,15:15,Severe,9.8
15489,Nashik,02-03-2023,15:30,Moderate,30.4
15490,Nashik,12/08/2023,00:45,Low,40.6
15491,Nashik,2024.06.20,14:30,Low,39.4
15492,Nashik,26/05/2024,08:15,Low,35.9
15493,Nashik,2023.06.29,17:30,Severe,6.1
15494,Nashik,10/02/2024,09:00,High,11.4
15495,Nashik,2024.10.15,18:00,High,14.3
15496,Nashik,06/29/2024,22:30,High,21.7
15497,Nashik,2024-11-26,18:15,High,9.3
15498,Nashik,10/06/2024,01:15,Low,42.4
15499,Nashik,2024.06.10,08:45,High,19.9
15500,Nashik,2023.08.11,09:30,Severe,10.4
15501,Nashik,2023.02.22,10:00,Low,41.1
15502,Nashik,2024-01-11,05:00,High,20.2
15503,Nashik,2023.05.08,10:30,Low,42.8
15504,Nashik,2024-11-26,14:30,High,17.5
15505,Nashik,30-11-2023,18:45,Severe,8.6
15506,Nashik,30/09/2023,08:30,Severe,4.7
15507,Nashik,20/10/2023,14:30,Moderate,25.5
15508,Nashik,2023-05-10,07:45,Moderate,24.0
15509,Nashik,30-08-2023,08:15,Severe,6.6
15510,Nashik,2023.10.22,17:30,Low,40.7
15511,Nashik,29/07/2024,17:00,Low,30.3
15512,Nashik,2024.06.02,00:30,Low,40.9
15513,Nashik,06/17/2024,16:30,High,14.9
15514,Nashik,09/02/2024,09:00,High,30.9
15515,Nashik,02/22/2023,10:00,Moderate,15.4
15516,Nashik,03/09/2023,16:45,High,16.7
15517,Nashik,09/14/2024,13:15,Moderate,25.6
15518,Nashik,03-07-2023,13:15,High,16.1
15519,Nashik,11/09/2023,08:30,High,25.2
15520,Nashik,09-09-2023,13:15,High,22.1
15521,Nashik,2023.09.04,17:15,Low,36.5
15522,Nashik,02-03-2023,18:15,Severe,5.1
15523,Nashik,2024-01-09,20:15,,3.0
15524,Nashik,07/03/2023,15:30,Low,39.5
15525,Nashik,11-12-2024,09:00,Severe,7.3
15526,Nashik,01/29/2024,18:00,High,81.5
15527,Nashik,2024-09-20,16:30,High,3.0
15528,Nashik,22-05-2024,09:00,High,14.6
15529,Nashik,2023-07-11,01:45,Low,36.8
15530,Nashik,18-05-2024,18:15,High,11.1
15531,Nashik,03-03-2024,12:15,High,18.4
15532,Nashik,23/01/2023,19:30,High,16.9
15533,Nashik,2023-05-12,19:00,Severe,3.0
15534,Nashik,2023-11-08,04:45,Low,37.5
15535,Nashik,2024-05-29,08:15,High,16.1
15536,Nashik,01-12-2023,20:15,Severe,10.1
15537,Nashik,21/07/2024,06:45,Moderate,20.4
15538,Nashik,16-12-2024,08:45,Moderate,26.3
15539,Nashik,21-09-2023,20:45,Moderate,24.8
15540,Nashik,04/10/2024,13:30,Low,43.6
15541,Nashik,17/11/2023,08:45,High,11.5
15542,Nashik,05/15/2024,16:15,Low,39.7
15543,Nashik,24/12/2024,12:45,Low,29.9
15544,Nashik,2024.09.16,06:45,Low,36.8
15545,Nashik,02/05/2023,16:45,Low,41.5
15546,Nashik,2024.09.18,20:45,High,7.4
15547,Nashik,2023-10-07,09:00,Moderate,30.7
15548,Nashik,29-04-2023,09:00,High,24.1
15549,Nashik,2024-07-05,18:30,Severe,7.4
15550,Nashik,2023.07.13,09:15,Moderate,26.5
15551,Nashik,2023-01-23,09:00,High,9.8
15552,Nashik,2024-08-31,17:15,Moderate,30.4
15553,Nashik,27/11/2024,17:00,Moderate,32.6
15554,Nashik,2023.06.17,07:00,Moderate,14.7
15555,Nashik,08/08/2024,08:45,High,13.7
15556,Nashik,30/11/2023,06:15,Moderate,28.7
15557,Nashik,12/12/2024,12:00,Low,34.4
15558,Nashik,18-03-2023,17:45,Severe,6.8
15559,Nashik,01/09/2024,17:00,Moderate,29.7
15560,Nashik,15/04/2024,06:30,Low,34.6
15561,Nashik,15/05/2024,21:15,Low,38.1
15562,Nashik,25-11-2023,10:15,Severe,3.0
15563,Nashik,2023.12.06,19:00,Severe,3.0
15564,Nashik,12/01/2023,23:00,Low,40.9
15565,Nashik,28-11-2024,17:00,Low,44.9
15566,Nashik,02/10/2024,04:15,High,25.9
15567,Nashik,12-04-2024,18:30,Severe,12.6
15568,Nashik,2024.02.27,00:00,High,17.6
15569,Nashik,2023.02.26,18:30,Moderate,31.8
15570,Nashik,2023-02-04,08:30,Severe,5.2
15571,Nashik,19/05/2024,13:30,Moderate,25.0
15572,Nashik,19-08-2024,08:00,High,20.2
15573,Nashik,05/27/2024,06:45,Low,36.7
15574,Nashik,26/05/2024,09:30,High,16.6
15575,Nashik,2024-03-02,17:45,Moderate,34.3
15576,Nashik,21-02-2024,16:45,High,11.0
15577,Nashik,2023.07.29,17:30,Low,39.3
15578,Nashik,25-09-2024,18:30,Severe,3.0
15579,Nashik,2024.06.16,20:15,Moderate,25.9
15580,Nashik,02/03/2023,08:15,Severe,3.0
15581,Nashik,10/09/2024,18:15,Moderate,17.7
15582,Nashik,23/01/2023,02:15,High,24.6
15583,Nashik,2023.05.16,16:30,Moderate,30.0
15584,Nashik,25-04-2023,20:15,High,14.4
15585,Nashik,06/19/2024,10:15,High,30.3
15586,Nashik,14/09/2024,08:00,Low,46.9
15587,Nashik,2024-05-17,19:15,Severe,5.6
15588,Nashik,07/05/2023,09:45,High,18.6
15589,Nashik,03/28/2024,17:45,Low,37.8
15590,Nashik,10/30/2024,21:45,High,15.3
15591,Nashik,11/01/2024,11:30,High,15.8
15592,Nashik,02-05-2023,15:45,Moderate,36.3
15593,Nashik,21/11/2023,11:00,Low,41.1
15594,Nashik,18/11/2024,18:30,High,15.2
15595,Nashik,25/04/2023,08:45,High,9.9
15596,Nashik,2024.07.30,18:00,Severe,18.4
15597,Nashik,2024.11.14,20:15,High,16.4
15598,Nashik,11/18/2023,17:15,Severe,6.2
15599,Nashik,30/12/2024,06:30,Low,32.2
15600,Nashik,2024.04.16,20:15,High,4.4
15601,Nashik,23/06/2023,17:45,Low,38.4
15602,Nashik,2023-07-13,16:30,Low,42.7
15603,Nashik,11/02/2023,11:30,High,23.6
15604,Nashik,2024-01-09,01:45,Low,40.7
15605,Nashik,14/03/2023,15:30,Moderate,25.8
15606,Nashik,21/06/2024,12:00,Moderate,23.2
15607,Nashik,05-08-2024,10:45,High,14.7
15608,Nashik,2023-07-14,21:30,Low,46.8
15609,Nashik,10-04-2024,02:15,Low,38.7
15610,Nashik,10-12-2024,10:45,Low,42.1
15611,Nashik,2023-04-09,14:00,High,17.2
15612,Nashik,29-09-2024,17:45,Low,35.4
15613,Nashik,11/05/2023,09:30,High,24.7
15614,Nashik,12-04-2023,09:15,High,21.9
15615,Nashik,19-06-2023,06:15,High,8.7
15616,Nashik,12-12-2024,17:15,Moderate,26.0
15617,Nashik,04-07-2024,23:30,High,16.0
15618,Nashik,11/15/2024,13:30,Moderate,19.7
15619,Nashik,2023-06-19,17:15,High,19.3
15620,Nashik,25-01-2023,09:30,Severe,-9.3
15621,Nashik,05-04-2023,19:00,High,19.7
15622,Nashik,2024-11-09,15:15,Moderate,30.1
15623,Nashik,13-11-2024,17:00,High,15.5
15624,Nashik,2023-05-31,22:45,Moderate,29.0
15625,Nashik,07/19/2024,08:30,High,13.3
15626,Nashik,02/08/2023,16:30,Moderate,34.7
15627,Nashik,2024-05-07,04:00,High,9.5
15628,Nashik,13/02/2024,15:45,Low,35.1
15629,Nashik,23-11-2024,18:00,Moderate,22.5
15630,Nashik,2023.12.10,16:45,Moderate,28.1
15631,Nashik,10/14/2024,07:30,Moderate,20.2
15632,Nashik,2023-05-29,06:30,Low,41.2
15633,Nashik,19/08/2023,02:45,Low,32.6
15634,Nashik,2023.09.30,20:15,High,20.3
15635,Nashik,30-07-2024,04:45,Low,43.5
15636,Nashik,14-04-2023,03:30,Low,36.6
15637,Nashik,09/08/2023,06:30,Moderate,-27.5
15638,Nashik,22/03/2024,11:30,Low,34.9
15639,Nashik,24/01/2023,07:45,Moderate,22.1
15640,Nashik,2023.01.28,07:00,Low,32.5
15641,Nashik,22/05/2024,08:15,Severe,7.3
15642,Nashik,2024.05.02,14:00,High,22.3
15643,Nashik,27/07/2023,12:30,High,22.7
15644,Nashik,2023-07-31,17:30,High,18.1
15645,Nashik,07-09-2023,13:45,Moderate,28.3
15646,Nashik,01/09/2024,08:45,Moderate,26.5
15647,Nashik,2023.01.05,14:00,Low,42.7
15648,Nashik,2023.11.10,19:45,High,13.1
15649,Nashik,2024.04.17,17:15,Low,47.0
15650,Nashik,06/28/2024,06:45,Moderate,23.7
15651,Nashik,08/03/2024,17:30,High,11.7
15652,Nashik,22/04/2024,19:45,High,10.3
15653,Nashik,06/10/2023,13:30,Moderate,31.4
15654,Nashik,20-02-2023,21:15,Low,-34.5
15655,Nashik,14-02-2024,17:00,Moderate,30.0
15656,Nashik,06/23/2024,07:45,Low,29.1
15657,Nashik,08/24/2023,04:45,Low,41.7
15658,Nashik,2023-09-26,09:45,High,25.3
15659,Nashik,2024.05.25,14:45,Moderate,29.4
15660,Nashik,2023-11-17,06:30,High,17.6
15661,Nashik,2023-04-05,14:00,High,10.2
15662,Nashik,2024-07-29,13:00,Low,36.9
15663,Nashik,07/26/2023,12:45,High,18.5
15664,Nashik,2023.04.07,16:30,Moderate,27.5
15665,Nashik,02/20/2023,02:15,Moderate,21.9
15666,Nashik,03/16/2023,18:45,Moderate,23.1
15667,Nashik,06/29/2023,09:45,Moderate,18.7
15668,Nashik,2023-05-26,21:30,Low,36.8
15669,Nashik,02/15/2024,17:45,Moderate,25.8
15670,Nashik,18/01/2023,21:15,High,14.8
15671,Nashik,12/10/2023,09:00,High,22.9
15672,Nashik,2024-11-27,19:00,High,12.8
15673,Nashik,07/16/2024,19:15,Severe,3.0
15674,Nashik,2023-02-11,08:15,Severe,3.0
15675,Nashik,16-06-2023,19:15,High,16.5
15676,Nashik,2024-10-03,18:30,High,16.3
15677,Nashik,02/29/2024,13:30,Low,33.2
15678,Nashik,13-02-2024,08:00,High,20.3
15679,Nashik,06/30/2023,07:15,High,5.9
15680,Nashik,30/12/2023,07:00,Moderate,25.0
15681,Nashik,21-12-2023,12:15,Moderate,33.9
15682,Nashik,2024.08.23,17:45,Moderate,28.6
15683,Nashik,2024-03-25,16:00,Severe,7.3
15684,Nashik,01/31/2024,18:15,Moderate,19.7
15685,Nashik,30/05/2024,09:45,Severe,14.0
15686,Nashik,06/04/2023,02:15,Moderate,36.0
15687,Nashik,12/11/2023,07:00,Moderate,33.2
15688,Nashik,2023-01-21,13:00,Moderate,28.2
15689,Nashik,12-01-2024,21:45,Low,36.7
15690,Nashik,23-01-2023,13:45,Low,35.0
15691,Nashik,2023.02.12,04:30,Low,37.8
15692,Nashik,2023-02-04,19:15,Severe,3.1
15693,Nashik,01-11-2024,16:15,High,15.2
15694,Nashik,2024-03-24,08:30,Severe,4.3
15695,Nashik,2024.12.05,17:30,Low,37.5
15696,Nashik,2024.10.16,10:00,Moderate,25.7
15697,Nashik,2023.06.08,12:30,High,17.7
15698,Nashik,12/12/2024,09:30,High,11.1
15699,Nashik,2024.02.17,13:30,Low,42.6
15700,Nashik,2023.12.04,18:45,High,9.6
15701,Nashik,07/30/2024,13:15,Low,38.0
15702,Nashik,2023-10-24,22:15,Severe,3.0
15703,Nashik,2024-02-17,15:30,Low,42.8
15704,Nashik,15-04-2023,04:30,Low,43.9
15705,Nashik,03/11/2023,10:15,Moderate,28.2
15706,Nashik,11-09-2023,20:30,Moderate,20.7
15707,Nashik,2023.11.03,13:45,Low,35.2
15708,Nashik,2024.05.12,12:00,High,6.5
15709,Nashik,24/01/2024,16:30,Moderate,30.7
15710,Nashik,01-02-2024,19:30,Moderate,22.9
15711,Nashik,12/30/2024,09:00,Severe,11.4
15712,Nashik,2024-01-01,18:30,High,22.9
15713,Nashik,22-08-2023,19:30,Moderate,31.5
15714,Nashik,2024.11.21,09:15,Severe,9.6
15715,Nashik,2024-02-04,08:45,Severe,12.6
15716,Nashik,10/07/2023,12:30,Low,-35.8
15717,Nashik,09/04/2024,10:45,Low,41.0
15718,Nashik,29-05-2023,19:30,Moderate,35.2
15719,Nashik,24-08-2023,11:00,Low,41.9
15720,Nashik,08/26/2023,07:30,Low,36.2
15721,Nashik,19/12/2024,18:30,Severe,8.3
15722,Nashik,2023.06.26,13:30,Severe,8.7
15723,Nashik,22/10/2023,05:30,Low,38.3
15724,Nashik,2023-11-25,07:30,Low,33.6
15725,Nashik,03/19/2023,21:15,Low,31.5
15726,Nashik,2023-12-15,20:00,High,16.9
15727,Nashik,2024.11.04,15:30,Low,43.1
15728,Nashik,10-10-2023,08:00,High,16.9
15729,Nashik,29-12-2024,14:30,Low,43.0
15730,Nashik,03/04/2023,12:15,Moderate,27.8
15731,Nashik,2024-12-09,09:00,High,25.4
15732,Nashik,06/21/2023,14:45,Moderate,29.0
15733,Nashik,2024.08.18,08:45,High,17.7
15734,Nashik,2024.06.16,22:15,Low,34.1
15735,Nashik,2023.06.18,07:30,Moderate,26.4
15736,Nashik,23-01-2023,18:00,Moderate,23.1
15737,Nashik,01/11/2024,16:00,Low,28.2
15738,Nashik,06-09-2024,20:00,High,17.1
15739,Nashik,2023.05.21,17:45,High,16.4
15740,Nashik,2023.03.02,16:15,Moderate,28.6
15741,Nashik,11/02/2024,20:00,Severe,10.5
15742,Nashik,04-01-2023,10:30,Moderate,25.4
15743,Nashik,2023-05-06,04:15,High,14.3
15744,Nashik,08/01/2023,11:30,Moderate,33.4
15745,Nashik,18/04/2024,20:15,Severe,9.0
15746,Nashik,2023.03.14,01:15,Low,37.7
15747,Nashik,2023.08.02,18:15,Low,41.0
15748,Nashik,03/06/2024,10:00,High,21.7
15749,Nashik,12-09-2023,16:30,Severe,11.9
15750,Nashik,2023-02-06,18:30,Moderate,23.0
15751,Nashik,2024.03.25,18:00,Severe,17.1
15752,Nashik,2023.12.20,06:45,Low,38.4
15753,Nashik,09-05-2024,07:45,Low,41.3
15754,Nashik,2023-03-16,18:45,Moderate,35.1
15755,Nashik,2023-02-25,21:30,Moderate,24.6
15756,Nashik,2024-02-23,07:45,Moderate,28.4
15757,Nashik,2024.09.25,16:30,Severe,5.5
15758,Nashik,26/12/2023,18:30,Moderate,21.6
15759,Nashik,22/08/2023,15:15,Low,38.5
15760,Nashik,01/29/2024,15:30,Severe,6.6
15761,Nashik,24/10/2024,18:15,High,12.4
15762,Nashik,09/20/2024,21:30,High,8.3
15763,Nashik,22/03/2023,08:15,Severe,13.7
15764,Nashik,2024-12-21,15:00,Moderate,31.6
15765,Nashik,2024-01-01,18:15,Severe,11.6
15766,Nashik,23-02-2023,14:45,Moderate,24.6
15767,Nashik,06-04-2024,08:30,Moderate,36.3
15768,Nashik,10-11-2024,17:00,Low,37.8
15769,Nashik,2023.06.30,17:45,Moderate,34.3
15770,Nashik,08/04/2024,22:30,Moderate,24.0
15771,Nashik,01-01-2023,17:30,Low,29.5
15772,Nashik,2024-09-05,17:30,Low,47.1
15773,Nashik,04-04-2024,16:30,Moderate,28.8
15774,Nashik,2024-01-28,08:30,High,21.1
15775,Nashik,02/03/2024,04:45,Low,36.7
15776,Nashik,18/12/2024,19:15,Severe,5.3
15777,Nashik,05/22/2023,20:15,Severe,9.9
15778,Nashik,01/08/2024,18:00,High,9.8
15779,Nashik,2024-04-01,16:45,Severe,8.4
15780,Nashik,2024.09.08,20:00,Low,44.1
15781,Nashik,2024-09-06,07:30,Low,37.9
15782,Nashik,2023-09-12,07:15,Moderate,16.9
15783,Nashik,25/03/2024,07:45,Moderate,27.7
15784,Nashik,07/25/2023,13:45,High,17.6
15785,Nashik,2024-03-27,17:15,Moderate,23.6
15786,Nashik,12/06/2023,15:45,,27.5
15787,Nashik,2024-07-27,08:30,Severe,13.4
15788,Nashik,08/01/2024,14:00,Severe,6.8
15789,Nashik,27/07/2024,12:00,Low,38.7
15790,Nashik,27/02/2024,05:00,Low,118.4
15791,Nashik,29/04/2024,17:00,Moderate,28.6
15792,Nashik,05/22/2023,17:30,Severe,4.7
15793,Nashik,2024.10.11,07:15,Low,31.5
15794,Nashik,2023.11.24,07:00,Moderate,24.1
15795,Nashik,2023.01.24,08:45,Moderate,21.8
15796,Nashik,2024.01.25,18:30,High,15.2
15797,Nashik,16/02/2023,13:00,Moderate,33.3
15798,Nashik,2024-03-14,10:00,Moderate,18.0
15799,Nashik,2024-11-25,07:00,Moderate,32.0
15800,Nashik,05/30/2024,23:15,High,13.8
15801,Nashik,05-03-2024,08:15,High,12.5
15802,Nashik,11-04-2023,13:15,Moderate,28.6
15803,Nashik,2023.02.26,02:00,Low,37.3
15804,Nashik,07/30/2024,08:30,High,18.6
15805,Nashik,12-05-2024,12:30,Low,36.0
15806,Nashik,21/10/2024,12:45,Moderate,23.2
15807,Nashik,22-11-2023,16:00,Low,38.7
15808,Nashik,2024-12-31,17:15,Low,36.4
15809,Nashik,2023.06.05,22:15,Low,45.0
15810,Nashik,2024-12-31,02:15,Low,37.0
15811,Nashik,2024.06.12,08:15,Severe,10.4
15812,Nashik,2023-12-21,01:15,Low,42.9
15813,Nashik,20-01-2023,06:45,Low,30.7
15814,Nashik,03/03/2023,08:30,High,13.3
15815,Nashik,23-05-2024,17:45,Moderate,25.9
15816,Nashik,04/02/2023,17:15,Moderate,29.8
15817,Nashik,21-12-2024,09:15,Moderate,35.9
15818,Nashik,20-08-2023,19:15,High,27.5
15819,Nashik,2023-11-29,14:30,Low,41.5
15820,Nashik,14-11-2023,10:30,Severe,6.3
15821,Nashik,12/26/2024,06:00,Low,36.3
15822,Nashik,20-07-2023,11:30,Low,33.7
15823,Nashik,2023-05-17,22:00,Low,38.4
15824,Nashik,2024-06-08,04:00,Low,44.5
15825,Nashik,06/21/2023,09:15,High,10.3
15826,Nashik,23/06/2024,18:00,High,24.5
15827,Nashik,15-04-2023,12:30,Low,48.7
15828,Nashik,2023-11-20,16:30,Low,36.1
15829,Nashik,2023-09-17,13:15,Severe,5.3
15830,Nashik,13-07-2023,10:00,High,20.6
15831,Nashik,29-06-2023,10:45,Severe,6.6
15832,Nashik,25/08/2023,16:00,Low,33.0
15833,Nashik,12/05/2024,17:30,Low,41.1
15834,Nashik,03/12/2023,07:00,Low,46.1
15835,Nashik,2023.09.03,17:15,Moderate,25.6
15836,Nashik,14/07/2024,09:15,Moderate,21.7
15837,Nashik,2024.05.06,07:30,Severe,11.3
15838,Nashik,18/12/2023,18:30,High,7.5
15839,Nashik,2023.03.12,19:00,High,20.7
15840,Nashik,01/03/2024,16:00,Moderate,21.2
15841,Nashik,2023.01.07,16:15,Moderate,20.9
15842,Nashik,2023-03-18,09:00,High,13.5
15843,Nashik,2024-08-29,07:30,Moderate,30.0
15844,Nashik,2023-06-01,16:30,Moderate,23.1
15845,Nashik,2024-07-30,03:30,Moderate,26.9
15846,Nashik,21/03/2024,17:15,Low,31.3
15847,Nashik,2023.04.03,10:00,Moderate,25.8
15848,Nashik,20/04/2023,19:30,Moderate,30.7
15849,Nashik,05/02/2023,08:15,High,8.8
15850,Nashik,2023-04-01,10:45,Moderate,27.8
15851,Nashik,08-10-2023,19:30,High,14.9
15852,Nashik,2024-04-27,19:15,Moderate,31.7
15853,Nashik,04/19/2024,18:30,High,18.0
15854,Nashik,2023.10.08,09:45,Severe,11.1
15855,Nashik,2023-05-14,10:15,Low,38.8
15856,Nashik,15-11-2023,05:30,Low,36.7
15857,Nashik,2024-09-11,04:45,Low,31.4
15858,Nashik,08/24/2023,14:30,Low,35.9
15859,Nashik,2023.04.05,15:15,Moderate,32.8
15860,Nashik,2023.03.05,17:00,Moderate,21.1
15861,Nashik,2023-01-06,12:15,High,17.5
15862,Nashik,30-11-2023,18:30,Moderate,32.6
15863,Nashik,2023-05-18,13:00,Severe,4.1
15864,Nashik,2023.01.26,08:45,Severe,8.7
15865,Nashik,10/04/2024,09:00,High,23.9
15866,Nashik,2023-11-17,18:00,High,22.5
15867,Nashik,01/22/2024,18:30,High,12.0
15868,Nashik,28-08-2024,18:00,Low,42.8
15869,Nashik,2024.09.16,14:45,Low,39.9
15870,Nashik,2023-02-05,04:00,Low,33.0
15871,Nashik,16-01-2023,09:30,Moderate,29.0
15872,Nashik,24-03-2023,07:30,Low,26.2
15873,Nashik,19-07-2024,11:15,Moderate,23.2
15874,Nashik,02/09/2023,09:45,High,15.4
15875,Nashik,07/12/2023,09:15,High,12.3
15876,Nashik,16/07/2024,16:30,Moderate,24.6
15877,Nashik,04-05-2024,08:15,Severe,9.3
15878,Nashik,17-10-2023,19:30,Moderate,27.9
15879,Nashik,01/12/2024,09:00,High,6.2
15880,Nashik,24/08/2024,17:45,Moderate,24.1
15881,Nashik,22/06/2023,08:00,High,10.5
15882,Nashik,2023.11.21,22:15,Moderate,24.2
15883,Nashik,03/03/2023,04:00,Moderate,21.9
15884,Nashik,2023.03.21,09:00,High,21.1
15885,Nashik,28/04/2024,13:30,High,15.2
15886,Nashik,05-06-2023,17:15,High,10.7
15887,Nashik,12/06/2023,20:15,Severe,-13.3
15888,Nashik,2024-07-10,08:45,High,17.0
15889,Nashik,2024-08-10,08:45,Moderate,29.7
15890,Nashik,2023-02-01,10:00,Moderate,25.4
15891,Nashik,25-07-2023,22:45,Low,37.2
15892,Nashik,2023.09.20,18:00,Moderate,25.5
15893,Nashik,02/12/2024,18:00,High,6.5
15894,Nashik,2024-05-25,18:30,High,21.2
15895,Nashik,18/08/2023,09:00,High,11.8
15896,Nashik,11/03/2023,18:30,Severe,18.6
15897,Nashik,09/11/2024,08:30,High,22.9
15898,Nashik,14-11-2024,15:45,Severe,6.0
15899,Nashik,12-06-2023,16:15,Low,47.4
15900,Nashik,11-11-2024,23:45,Moderate,25.8
15901,Nashik,2023.09.20,04:00,Low,36.3
15902,Nashik,25/12/2024,16:30,Moderate,21.8
15903,Nashik,17/07/2023,15:00,High,20.5
15904,Nashik,2024.03.28,06:15,Severe,4.5
15905,Nashik,13/08/2024,16:15,Low,31.2
15906,Nashik,12-02-2024,07:30,Moderate,26.7
15907,Nashik,21-07-2024,22:00,High,16.5
15908,Nashik,01/10/2023,14:00,Moderate,26.3
15909,Nashik,05/04/2023,16:30,High,25.9
15910,Nashik,2023-10-28,18:45,Moderate,29.2
15911,Nashik,05/13/2023,16:45,High,18.8
15912,Nashik,28/09/2023,05:15,Low,38.1
15913,Nashik,16-12-2023,19:30,High,11.5
15914,Nashik,08-05-2023,18:00,High,17.2
15915,Nashik,10-01-2024,08:45,Moderate,22.4
15916,Nashik,2024-09-26,21:45,Moderate,17.5
15917,Nashik,2023-02-09,19:00,High,5.6
15918,Nashik,2024.01.07,11:30,Low,42.1
15919,Nashik,2023.04.01,20:30,High,5.9
15920,Nashik,09/11/2023,21:45,High,14.7
15921,Nashik,05/31/2024,10:30,Moderate,26.6
15922,Nashik,12/20/2023,14:45,Moderate,32.2
15923,Nashik,2023-09-01,10:45,High,18.6
15924,Nashik,09-12-2023,15:30,High,13.3
15925,Nashik,2024-07-01,09:00,Severe,17.8
15926,Nashik,23/02/2024,18:45,Moderate,23.0
15927,Nashik,03/01/2023,08:00,High,16.8
15928,Nashik,2024-01-25,08:00,High,8.9
15929,Nashik,11/21/2023,18:00,High,8.8
15930,Nashik,07/22/2024,07:30,Moderate,26.9
15931,Nashik,12-12-2024,07:45,High,12.8
15932,Nashik,17-04-2024,07:00,Moderate,23.1
15933,Nashik,04/22/2023,22:45,High,8.3
15934,Nashik,2023.12.16,08:30,High,14.2
15935,Nashik,06/21/2024,12:45,Moderate,23.5
15936,Nashik,01/02/2024,08:00,Moderate,27.8
15937,Nashik,02/07/2023,07:00,Low,31.7
15938,Nashik,23-01-2023,00:30,Low,35.1
15939,Nashik,02/15/2023,08:30,High,15.4
15940,Nashik,19/08/2024,18:00,High,30.5
15941,Nashik,02/12/2023,08:45,High,12.9
15942,Nashik,08/04/2024,12:45,Moderate,28.4
15943,Nashik,08/01/2024,18:45,High,21.6
15944,Nashik,05/11/2023,07:15,Severe,10.7
15945,Nashik,25-01-2023,08:00,High,19.7
15946,Nashik,09/23/2023,06:00,Severe,7.9
15947,Nashik,30/08/2023,13:30,Moderate,28.8
15948,Nashik,04/18/2024,16:15,Moderate,29.0
15949,Nashik,2023.01.10,18:00,Severe,12.0
15950,Nashik,2024.07.03,07:30,Severe,6.6
15951,Nashik,2024-04-03,14:15,Severe,15.1
15952,Nashik,25-05-2024,17:30,Low,24.1
15953,Nashik,03-03-2024,08:00,,16.8
15954,Nashik,2023.12.29,19:30,Severe,4.0
15955,Nashik,18-06-2023,09:30,Moderate,28.6
15956,Nashik,14/06/2024,18:15,High,7.1
15957,Nashik,02/18/2024,18:00,Moderate,20.6
15958,Nashik,2024.07.07,16:30,Low,51.1
15959,Nashik,2024-07-04,17:45,Low,36.6
15960,Nashik,20-01-2023,20:30,,16.3
15961,Nashik,2024.06.28,16:30,Low,34.9
15962,Nashik,05/30/2023,12:15,Low,39.9
15963,Nashik,2023.05.30,07:00,Low,33.8
15964,Nashik,02-03-2023,07:45,Moderate,27.0
15965,Nashik,2023.07.29,12:30,Moderate,29.4
15966,Nashik,2024-12-22,09:30,High,20.9
15967,Nashik,26/05/2024,18:45,High,20.6
15968,Nashik,02/17/2024,13:00,Severe,3.0
15969,Nashik,2024-07-08,15:30,Moderate,24.3
15970,Nashik,07/26/2023,14:00,High,17.3
15971,Nashik,08/23/2024,08:45,Severe,8.6
15972,Nashik,2023.07.16,17:15,Moderate,26.0
15973,Nashik,06/19/2023,03:15,Low,37.2
15974,Nashik,2024-09-11,13:45,Low,43.0
15975,Nashik,02/10/2024,17:00,Moderate,33.3
15976,Nashik,2023-08-01,21:00,High,20.8
15977,Nashik,2024-03-27,17:45,Low,46.7
15978,Nashik,09-03-2024,22:30,High,16.9
15979,Nashik,2024.09.07,08:45,Moderate,24.2
15980,Nashik,2023-04-06,03:30,Low,28.3
15981,Nashik,2024.03.11,19:15,High,17.3
15982,Nashik,2024.09.08,10:45,Moderate,28.0
15983,Nashik,03/01/2024,22:30,Moderate,23.1
15984,Nashik,07/02/2024,15:15,Moderate,25.9
15985,Nashik,02-06-2023,01:45,Low,46.1
15986,Nashik,26/12/2024,07:00,Moderate,26.0
15987,Nashik,2023.05.01,12:00,Low,32.5
15988,Nashik,12/03/2023,12:15,High,15.2
15989,Nashik,2023.10.13,11:45,Moderate,28.6
15990,Nashik,03/10/2024,10:45,Moderate,32.8
15991,Nashik,05/24/2024,13:30,Low,35.2
15992,Nashik,2023-02-23,19:15,High,15.8
15993,Nashik,2023.07.30,13:00,Moderate,27.5
15994,Nashik,11/03/2023,12:15,Moderate,29.8
15995,Nashik,27/01/2024,20:30,Moderate,25.5
15996,Nashik,2023.10.20,05:45,Low,40.0
15997,Nashik,2024.01.20,16:00,High,12.8
15998,Nashik,2023-08-09,07:15,Moderate,27.2
15999,Nashik,01/25/2024,17:15,Low,41.5
16000,Nashik,19/05/2024,17:00,Moderate,22.7
16001,Nashik,2024-05-15,02:15,Moderate,35.3
16002,Nashik,01/04/2024,18:30,Severe,6.5
16003,Nashik,01/09/2024,13:15,Moderate,35.7
16004,Nashik,2024.03.21,16:15,Low,38.1
16005,Nashik,2023.12.07,20:00,High,17.7
16006,Nashik,10/10/2024,17:45,Moderate,17.9
16007,Nashik,2023.04.28,07:45,Low,34.9
16008,Nashik,2024-06-03,07:00,Severe,11.9
16009,Nashik,2023-12-15,21:30,Moderate,25.5
16010,Nashik,10/24/2023,15:30,Moderate,34.3
16011,Nashik,18/03/2023,08:15,Moderate,24.3
16012,Nashik,12/10/2024,13:15,High,16.1
16013,Nashik,2023.03.31,19:45,Severe,3.0
16014,Nashik,28/07/2023,09:00,High,19.2
16015,Nashik,21/02/2023,19:15,High,12.5
16016,Nashik,04-05-2024,20:15,High,18.2
16017,Nashik,09/12/2023,08:15,Severe,3.3
16018,Nashik,30-03-2023,13:15,High,16.8
16019,Nashik,12/06/2023,06:30,Moderate,24.7
16020,Nashik,12/23/2023,13:45,Low,39.8
16021,Nashik,05/26/2024,09:00,Severe,9.5
16022,Nashik,06-07-2023,18:45,Moderate,28.1
16023,Nashik,25/09/2023,20:00,High,11.9
16024,Nashik,2023-11-16,07:00,Low,32.8
16025,Nashik,06-04-2024,14:00,Severe,13.2
16026,Nashik,22-05-2024,19:45,Moderate,18.8
16027,Nashik,03/14/2024,21:15,Low,47.2
16028,Nashik,12/23/2024,18:15,High,16.4
16029,Nashik,2023.03.18,16:15,Moderate,30.8
16030,Nashik,08/21/2023,18:45,High,26.2
16031,Nashik,04-08-2024,11:15,Moderate,31.4
16032,Nashik,2024-04-01,19:15,Moderate,18.9
16033,Nashik,2023.06.19,06:15,Moderate,25.8
16034,Nashik,05-02-2024,11:45,High,19.3
16035,Nashik,2023-02-22,07:15,Moderate,26.9
16036,Nashik,2023.04.23,15:15,Moderate,26.0
16037,Nashik,11/02/2023,15:00,Severe,12.4
16038,Nashik,06/16/2024,17:30,Low,36.3
16039,Nashik,30-10-2023,09:00,Severe,16.7
16040,Nashik,01/14/2023,20:00,Moderate,20.7
16041,Nashik,2023-01-05,12:30,Moderate,29.3
16042,Nashik,2024-08-19,12:15,High,18.6
16043,Nashik,2023.07.14,07:00,High,25.0
16044,Nashik,11/02/2024,08:00,High,11.6
16045,Nashik,2023-09-29,09:00,High,17.8
16046,Nashik,2023-10-13,16:00,Low,33.0
16047,Nashik,25/01/2024,14:45,Moderate,32.5
16048,Nashik,09-05-2024,09:00,Moderate,17.7
16049,Nashik,2024-02-07,16:15,Moderate,20.1
16050,Nashik,12-06-2023,15:00,High,20.3
16051,Nashik,2024-02-26,15:00,Moderate,21.4
16052,Nashik,2024.05.10,18:30,Severe,3.0
16053,Nashik,2024.11.23,18:15,High,7.6
16054,Nashik,27/07/2023,08:15,Low,37.7
16055,Nashik,2023-01-26,01:00,Severe,11.1
16056,Nashik,2024.05.17,07:30,Moderate,27.4
16057,Nashik,09-03-2023,14:15,Moderate,33.8
16058,Nashik,2024.04.12,07:00,High,20.8
16059,Nashik,2024.11.26,21:00,Severe,4.8
16060,Nashik,2023.06.23,09:15,,9.4
16061,Nashik,02/19/2023,19:00,Moderate,22.1
16062,Nashik,2024.11.25,07:30,Moderate,27.9
16063,Nashik,2024.07.17,20:15,Moderate,20.6
16064,Nashik,2024-10-23,19:00,High,31.0
16065,Nashik,2023.10.19,07:45,Low,37.5
16066,Nashik,12/17/2024,20:45,Severe,4.5
16067,Nashik,2023-01-01,15:45,Moderate,29.0
16068,Nashik,10-11-2023,15:15,Low,41.8
16069,Nashik,16/03/2023,07:15,Low,34.5
16070,Nashik,08/31/2023,19:00,Moderate,24.9
16071,Nashik,2023-12-03,08:30,Low,35.9
16072,Nashik,2024.12.19,16:45,Severe,10.5
16073,Nashik,17-11-2024,12:00,Moderate,24.4
16074,Nashik,04/22/2023,08:45,Severe,7.9
16075,Nashik,2024-11-27,10:15,Severe,3.9
16076,Nashik,14-10-2024,13:00,Low,42.3
16077,Nashik,07/04/2023,13:30,High,13.9
16078,Nashik,07/31/2024,17:30,High,9.4
16079,Nashik,11/20/2023,10:30,Moderate,26.4
16080,Nashik,24-01-2023,18:00,High,24.3
16081,Nashik,02/04/2023,20:30,High,19.5
16082,Nashik,07/18/2023,17:00,Low,39.5
16083,Nashik,2024-10-18,01:30,Low,40.8
16084,Nashik,03/02/2024,20:15,Severe,7.9
16085,Nashik,2023-01-17,16:00,Severe,11.5
16086,Nashik,06/21/2024,12:45,Moderate,26.7
16087,Nashik,04/13/2023,15:45,Moderate,23.6
16088,Nashik,02/05/2024,23:00,Low,35.0
16089,Nashik,02/20/2023,08:30,Severe,5.3
16090,Nashik,2023-11-25,12:45,Moderate,24.5
16091,Nashik,2023.05.19,20:00,Moderate,32.5
16092,Nashik,30/03/2024,16:45,Low,32.5
16093,Nashik,2023.12.22,06:30,Low,40.8
16094,Nashik,09/25/2024,08:15,Severe,17.2
16095,Nashik,2023.11.21,07:30,Moderate,28.9
16096,Nashik,04-08-2024,10:15,Severe,10.9
16097,Nashik,12/23/2024,14:30,Low,31.6
16098,Nashik,11/11/2023,21:30,Moderate,26.3
16099,Nashik,07/10/2024,08:30,High,21.1
16100,Nashik,2023-11-09,18:15,,8.8
16101,Nashik,2024.06.03,07:30,High,17.9
16102,Nashik,05-11-2024,07:00,Moderate,32.6
16103,Nashik,03/28/2024,00:30,Moderate,22.4
16104,Nashik,2023.03.26,18:45,Severe,3.0
16105,Nashik,13-10-2024,10:30,Low,30.5
16106,Nashik,2023-05-13,07:15,Moderate,36.3
16107,Nashik,19-11-2024,09:30,High,15.4
16108,Nashik,08/29/2024,18:30,High,21.4
16109,Nashik,27-08-2023,08:00,High,10.3
16110,Nashik,2023.05.05,09:45,Severe,5.4
16111,Nashik,2023-10-17,18:30,High,24.1
16112,Nashik,04/10/2024,15:15,Low,33.9
16113,Nashik,14-03-2023,18:30,High,8.1
16114,Nashik,24-04-2024,16:30,Moderate,24.9
16115,Nashik,2023-11-30,13:00,Moderate,16.6
16116,Nashik,11/06/2024,14:15,Severe,6.0
16117,Nashik,08/10/2023,18:45,Moderate,33.1
16118,Nashik,2023-04-21,17:15,High,24.9
16119,Nashik,2024-06-22,13:30,High,9.7
16120,Nashik,01/05/2023,06:00,High,21.8
16121,Nashik,01/31/2023,17:30,Moderate,31.3
16122,Nashik,10/10/2023,07:15,High,13.1
16123,Nashik,2023.09.20,10:15,Severe,5.0
16124,Nashik,29-09-2023,12:00,Moderate,25.5
16125,Nashik,01/01/2024,12:45,Moderate,24.3
16126,Nashik,2023-04-13,09:15,High,10.2
16127,Nashik,17-02-2023,20:45,Low,35.6
16128,Nashik,2023.09.30,08:30,Severe,10.9
16129,Ludhiana,2024.11.13,07:15,Moderate,25.6
16130,Ludhiana,04/09/2024,11:00,Moderate,28.0
16131,Ludhiana,05/17/2024,16:45,Low,30.8
16132,Ludhiana,02/10/2023,12:30,Severe,4.1
16133,Ludhiana,16-03-2024,04:30,Low,41.0
16134,Ludhiana,2024-10-31,15:45,Low,40.0
16135,Ludhiana,2024-09-12,15:15,Low,42.2
16136,Ludhiana,12/16/2023,10:30,High,12.9
16137,Ludhiana,2024.08.31,12:15,Low,43.9
16138,Ludhiana,11/18/2023,12:30,High,13.2
16139,Ludhiana,27-03-2023,07:00,Low,33.1
16140,Ludhiana,2024-04-02,18:30,High,14.2
16141,Ludhiana,28/06/2024,17:15,Low,36.8
16142,Ludhiana,2024-12-10,01:15,Low,39.1
16143,Ludhiana,2024.06.09,06:30,Moderate,34.8
16144,Ludhiana,2023.02.18,19:15,High,13.7
16145,Ludhiana,05/05/2023,18:15,High,14.9
16146,Ludhiana,04/05/2024,21:45,Moderate,26.4
16147,Ludhiana,25-06-2024,16:15,Moderate,16.5
16148,Ludhiana,12/27/2024,17:45,Severe,11.5
16149,Ludhiana,20-01-2024,18:15,Severe,3.0
16150,Ludhiana,11/02/2024,01:45,Low,42.7
16151,Ludhiana,2023.01.16,20:45,High,14.9
16152,Ludhiana,2024-06-13,11:45,Moderate,-26.5
16153,Ludhiana,25-07-2024,08:30,High,17.1
16154,Ludhiana,2023-05-23,19:30,High,21.4
16155,Ludhiana,17-11-2024,17:15,High,15.1
16156,Ludhiana,2023-07-30,15:45,Low,35.8
16157,Ludhiana,16/03/2024,16:30,High,14.8
16158,Ludhiana,2023.08.18,18:30,High,20.1
16159,Ludhiana,2024-06-10,14:30,Low,36.3
16160,Ludhiana,2024-12-05,14:15,Moderate,20.3
16161,Ludhiana,14/06/2023,10:00,Low,36.3
16162,Ludhiana,2023-10-08,08:00,Severe,8.1
16163,Ludhiana,12-12-2023,07:15,High,10.4
16164,Ludhiana,11/07/2023,08:15,Severe,6.9
16165,Ludhiana,2024.01.22,18:15,High,7.3
16166,Ludhiana,07/16/2023,06:00,Moderate,20.0
16167,Ludhiana,09/03/2024,05:15,High,18.6
16168,Ludhiana,2024.11.09,06:00,High,18.8
16169,Ludhiana,08/17/2024,03:45,High,16.7
16170,Ludhiana,2024.08.07,16:00,High,21.6
16171,Ludhiana,02/17/2024,10:45,Moderate,36.0
16172,Ludhiana,10-05-2023,21:45,Moderate,22.3
16173,Ludhiana,2023.12.24,18:15,Severe,11.3
16174,Ludhiana,14-02-2024,16:15,Moderate,23.3
16175,Ludhiana,12-01-2023,17:45,Low,35.2
16176,Ludhiana,2023-05-10,16:15,Moderate,29.0
16177,Ludhiana,2024-12-15,14:00,Moderate,29.3
16178,Ludhiana,12/26/2023,04:00,Moderate,26.7
16179,Ludhiana,15-02-2024,08:45,High,30.7
16180,Ludhiana,02/25/2024,10:45,Low,39.4
16181,Ludhiana,15/05/2024,18:45,Severe,8.9
16182,Ludhiana,2023-01-29,01:15,Low,41.2
16183,Ludhiana,09/03/2024,18:15,High,11.5
16184,Ludhiana,02/03/2024,07:00,Low,28.8
16185,Ludhiana,2024.03.17,12:00,Low,32.5
16186,Ludhiana,07/08/2024,10:00,Low,41.8
16187,Ludhiana,06/05/2023,18:30,Moderate,21.2
16188,Ludhiana,03/05/2024,01:15,Low,37.4
16189,Ludhiana,2023-04-17,08:30,High,18.2
16190,Ludhiana,31/05/2023,21:45,Moderate,32.0
16191,Ludhiana,21-06-2023,15:45,Low,41.3
16192,Ludhiana,2024-12-16,06:00,Moderate,33.3
16193,Ludhiana,30-11-2023,18:15,Severe,8.6
16194,Ludhiana,12/01/2024,14:30,Moderate,31.6
16195,Ludhiana,01/10/2024,08:00,Severe,23.6
16196,Ludhiana,2023.07.05,11:45,Low,32.6
16197,Ludhiana,25-04-2023,18:00,High,16.6
16198,Ludhiana,2024.08.05,20:00,Moderate,-35.8
16199,Ludhiana,02/16/2024,12:15,Moderate,21.4
16200,Ludhiana,09-09-2024,17:00,Low,32.3
16201,Ludhiana,11-02-2024,23:30,Low,35.0
16202,Ludhiana,2024.07.31,20:30,High,13.9
16203,Ludhiana,2023.07.14,11:30,Moderate,36.7
16204,Ludhiana,04/16/2023,20:30,High,24.3
16205,Ludhiana,11/28/2023,14:45,Moderate,107.2
16206,Ludhiana,2023-03-31,23:15,High,16.9
16207,Ludhiana,06-06-2023,08:30,High,16.6
16208,Ludhiana,2024-11-08,06:00,Low,-37.0
16209,Ludhiana,26/09/2023,18:00,Severe,3.0
16210,Ludhiana,2023.08.24,12:30,Moderate,27.4
16211,Ludhiana,2024.07.23,15:15,High,24.7
16212,Ludhiana,03/04/2023,13:45,Severe,4.0
16213,Ludhiana,2024.06.01,20:15,Severe,4.9
16214,Ludhiana,07/03/2023,18:45,High,23.4
16215,Ludhiana,04-08-2024,19:15,Moderate,27.0
16216,Ludhiana,31-05-2023,07:45,Low,43.7
16217,Ludhiana,09/11/2023,09:45,Moderate,28.2
16218,Ludhiana,2023-07-04,16:15,Low,37.6
16219,Ludhiana,12/09/2024,04:00,Low,36.0
16220,Ludhiana,2024-06-30,22:15,Moderate,24.0
16221,Ludhiana,17-07-2024,00:15,Low,43.2
16222,Ludhiana,01/29/2024,11:30,Moderate,28.4
16223,Ludhiana,02/02/2023,12:30,Low,38.0
16224,Ludhiana,11/17/2024,18:30,High,23.2
16225,Ludhiana,26-07-2023,09:30,Severe,3.0
16226,Ludhiana,04/22/2023,11:15,Moderate,24.0
16227,Ludhiana,28/08/2024,11:45,Low,40.9
16228,Ludhiana,30/06/2023,19:00,Low,28.0
16229,Ludhiana,16/01/2023,19:45,Moderate,14.4
16230,Ludhiana,18/12/2024,17:00,Moderate,22.7
16231,Ludhiana,08/07/2024,18:30,High,25.1
16232,Ludhiana,29-11-2023,19:45,High,16.9
16233,Ludhiana,11/12/2024,20:00,High,22.0
16234,Ludhiana,2024.03.18,17:45,Moderate,27.9
16235,Ludhiana,2023.08.12,08:45,Severe,17.1
16236,Ludhiana,2023.05.19,08:45,High,9.6
16237,Ludhiana,17-10-2024,08:00,High,19.7
16238,Ludhiana,2024.10.11,15:00,Low,36.4
16239,Ludhiana,2023-02-12,09:00,Moderate,19.4
16240,Ludhiana,09/09/2023,06:15,High,22.2
16241,Ludhiana,2024.12.19,06:30,Moderate,19.8
16242,Ludhiana,09/06/2023,09:00,Moderate,31.9
16243,Ludhiana,2024.01.21,06:45,Moderate,30.0
16244,Ludhiana,06/11/2023,02:00,High,15.7
16245,Ludhiana,10/24/2024,08:45,High,22.6
16246,Ludhiana,2024-03-09,18:15,Severe,4.2
16247,Ludhiana,08/20/2023,08:45,Severe,12.3
16248,Ludhiana,2024-04-02,09:45,Severe,7.5
16249,Ludhiana,2023.05.28,10:30,Low,39.5
16250,Ludhiana,2023-04-06,19:45,Severe,9.1
16251,Ludhiana,2023.09.13,16:30,High,14.5
16252,Ludhiana,2024.09.16,09:30,Moderate,21.8
16253,Ludhiana,30-09-2023,18:45,Low,39.2
16254,Ludhiana,13-10-2024,07:00,Moderate,34.1
16255,Ludhiana,2024-01-21,20:45,Moderate,28.8
16256,Ludhiana,2023.08.10,19:00,High,15.7
16257,Ludhiana,01/02/2024,03:30,Low,44.7
16258,Ludhiana,2024.03.09,22:45,Moderate,27.6
16259,Ludhiana,19-02-2024,20:00,High,11.7
16260,Ludhiana,2023.05.18,09:15,High,15.4
16261,Ludhiana,2024.06.08,19:30,High,15.1
16262,Ludhiana,2024.04.08,10:45,Low,43.6
16263,Ludhiana,2024.01.27,19:15,High,11.1
16264,Ludhiana,2023.02.21,12:00,High,12.8
16265,Ludhiana,2023.08.17,10:45,Moderate,13.6
16266,Ludhiana,27/09/2024,08:15,Severe,3.0
16267,Ludhiana,09/20/2024,17:15,High,15.8
16268,Ludhiana,12/10/2023,23:15,Low,37.7
16269,Ludhiana,08/10/2023,04:30,Low,39.8
16270,Ludhiana,11-07-2024,16:30,Moderate,33.3
16271,Ludhiana,2024.02.22,21:15,Moderate,32.9
16272,Ludhiana,06/23/2023,01:30,Low,27.2
16273,Ludhiana,03/09/2024,08:30,High,18.7
16274,Ludhiana,2024.04.04,15:15,High,9.2
16275,Ludhiana,2023-07-21,19:45,High,12.6
16276,Ludhiana,23/10/2023,05:30,Low,43.0
16277,Ludhiana,2024-05-18,17:30,Moderate,24.0
16278,Ludhiana,31/05/2023,02:15,Severe,17.0
16279,Ludhiana,2024.02.10,02:00,Low,38.3
16280,Ludhiana,15-11-2024,18:30,Moderate,31.1
16281,Ludhiana,11/25/2023,01:30,Low,27.0
16282,Ludhiana,2024.12.06,21:15,Low,40.6
16283,Ludhiana,27/06/2023,08:30,High,16.3
16284,Ludhiana,14/03/2023,14:00,High,13.4
16285,Ludhiana,29-06-2024,07:45,Moderate,21.8
16286,Ludhiana,17/07/2023,13:00,High,22.3
16287,Ludhiana,11/28/2024,12:30,Moderate,16.6
16288,Ludhiana,04/11/2024,16:30,Low,31.8
16289,Ludhiana,2024.11.21,03:15,Moderate,19.4
16290,Ludhiana,25/03/2024,11:15,High,15.8
16291,Ludhiana,2023-02-27,15:30,Low,39.5
16292,Ludhiana,2023-01-27,14:00,High,12.7
16293,Ludhiana,09/30/2024,10:15,Moderate,18.3
16294,Ludhiana,2024-03-21,08:30,Severe,8.8
16295,Ludhiana,08/06/2024,14:00,High,14.3
16296,Ludhiana,2024.05.09,06:00,Severe,3.0
16297,Ludhiana,2024-09-08,13:15,Moderate,34.2
16298,Ludhiana,06-03-2023,18:00,Moderate,27.0
16299,Ludhiana,26/08/2024,09:00,Moderate,17.7
16300,Ludhiana,2023.10.13,18:00,High,12.4
16301,Ludhiana,24/09/2023,19:30,High,24.0
16302,Ludhiana,03/19/2024,20:00,High,12.8
16303,Ludhiana,19/07/2023,01:15,Moderate,35.9
16304,Ludhiana,2024-07-12,10:15,High,13.2
16305,Ludhiana,2023.08.05,12:30,High,13.2
16306,Ludhiana,2024.03.30,06:00,Moderate,23.3
16307,Ludhiana,2024.04.10,07:45,Moderate,24.5
16308,Ludhiana,09/12/2024,08:15,High,17.0
16309,Ludhiana,2023.07.15,07:15,Moderate,19.9
16310,Ludhiana,07/24/2023,15:15,High,3.6
16311,Ludhiana,2023-03-22,15:30,High,16.1
16312,Ludhiana,2024.09.05,00:00,Low,39.5
16313,Ludhiana,02/24/2023,16:30,Low,29.5
16314,Ludhiana,02/07/2024,05:30,Moderate,31.9
16315,Ludhiana,2023-10-15,09:45,Severe,3.0
16316,Ludhiana,03/10/2024,06:15,Low,33.6
16317,Ludhiana,2023-11-19,20:15,High,9.2
16318,Ludhiana,22-02-2024,09:30,Moderate,25.0
16319,Ludhiana,24/05/2024,11:00,Low,35.6
16320,Ludhiana,2023-02-16,20:30,High,13.1
16321,Ludhiana,2023-08-13,15:45,High,12.5
16322,Ludhiana,26/03/2023,07:30,Severe,3.0
16323,Ludhiana,31/08/2024,22:30,Low,42.9
16324,Ludhiana,05/05/2023,17:00,Moderate,34.0
16325,Ludhiana,28-07-2024,10:45,High,14.0
16326,Ludhiana,2024.05.12,18:00,High,14.6
16327,Ludhiana,2023.04.17,15:30,Moderate,33.6
16328,Ludhiana,2024-05-05,08:45,Severe,9.1
16329,Ludhiana,31-08-2024,09:00,Severe,3.5
16330,Ludhiana,03/24/2024,17:30,Moderate,23.3
16331,Ludhiana,2023.11.19,20:45,Moderate,36.7
16332,Ludhiana,04/07/2023,12:15,Low,30.5
16333,Ludhiana,10-07-2024,06:00,High,24.8
16334,Ludhiana,18-03-2023,09:45,,14.0
16335,Ludhiana,17-04-2023,09:15,High,10.0
16336,Ludhiana,16-01-2024,16:00,Moderate,30.9
16337,Ludhiana,2023-05-31,14:00,Severe,7.3
16338,Ludhiana,12/03/2024,15:15,Moderate,23.2
16339,Ludhiana,2024.04.15,15:00,High,11.4
16340,Ludhiana,2023.07.08,11:00,Low,43.1
16341,Ludhiana,2024-12-03,13:00,Low,34.1
16342,Ludhiana,16/02/2023,12:00,Moderate,36.0
16343,Ludhiana,27/01/2024,22:45,Moderate,19.4
16344,Ludhiana,2023-02-12,23:45,High,22.9
16345,Ludhiana,16/10/2024,06:45,Moderate,26.6
16346,Ludhiana,2023.07.28,04:30,Low,34.5
16347,Ludhiana,10/16/2024,16:15,High,15.7
16348,Ludhiana,2024-03-16,10:30,Moderate,25.5
16349,Ludhiana,2024.03.09,17:15,Severe,12.0
16350,Ludhiana,2024-08-03,07:15,Moderate,33.4
16351,Ludhiana,2024-03-01,21:30,Severe,3.0
16352,Ludhiana,2023.09.09,12:00,Moderate,25.7
16353,Ludhiana,2024-07-01,16:15,High,19.7
16354,Ludhiana,02/19/2023,16:15,Low,35.3
16355,Ludhiana,02/08/2023,09:00,High,16.5
16356,Ludhiana,12-05-2023,10:15,Moderate,21.5
16357,Ludhiana,05/07/2023,06:00,Moderate,22.9
16358,Ludhiana,15/12/2024,02:00,Low,45.5
16359,Ludhiana,31-07-2023,15:00,Moderate,30.3
16360,Ludhiana,25-03-2023,21:15,Moderate,22.4
16361,Ludhiana,02/07/2024,19:00,Moderate,25.2
16362,Ludhiana,2024.12.06,19:45,Low,39.6
16363,Ludhiana,27/05/2023,19:00,High,28.4
16364,Ludhiana,26/11/2024,06:00,High,8.0
16365,Ludhiana,2023.07.29,20:00,High,-14.4
16366,Ludhiana,2023.06.13,11:30,Moderate,37.3
16367,Ludhiana,23/04/2024,10:30,Moderate,34.0
16368,Ludhiana,2023-05-04,00:45,Low,31.9
16369,Ludhiana,07-10-2023,10:00,Low,29.7
16370,Ludhiana,2023-03-14,17:00,Low,34.0
16371,Ludhiana,2023.09.05,08:45,High,15.6
16372,Ludhiana,14-02-2024,10:30,High,15.4
16373,Ludhiana,02-10-2023,17:45,Low,36.7
16374,Ludhiana,06-08-2023,18:45,Severe,4.4
16375,Ludhiana,2024.04.07,11:30,Low,34.8
16376,Ludhiana,08/06/2023,06:45,Low,36.9
16377,Ludhiana,11/18/2024,22:00,Low,37.7
16378,Ludhiana,14-06-2024,09:15,High,12.1
16379,Ludhiana,2024.02.05,10:30,Low,41.1
16380,Ludhiana,04-09-2023,05:15,Moderate,30.4
16381,Ludhiana,2024-02-16,07:15,Moderate,35.6
16382,Ludhiana,22/09/2023,18:00,High,12.9
16383,Ludhiana,11/16/2023,07:30,Moderate,15.4
16384,Ludhiana,2024-09-18,16:00,Moderate,31.1
16385,Ludhiana,2024.10.07,19:30,Severe,16.8
16386,Ludhiana,2023.06.17,13:30,Low,30.9
16387,Ludhiana,2023.10.11,16:30,Moderate,25.7
16388,Ludhiana,04/29/2023,08:30,High,22.3
16389,Ludhiana,2024-05-05,09:00,Moderate,18.0
16390,Ludhiana,2024.09.21,12:45,Low,33.8
16391,Ludhiana,2024-03-07,17:00,Low,37.5
16392,Ludhiana,23-10-2024,15:45,Moderate,32.9
16393,Ludhiana,25-01-2024,10:15,Moderate,26.6
16394,Ludhiana,07/16/2023,17:30,Moderate,30.7
16395,Ludhiana,11/13/2024,19:15,High,21.9
16396,Ludhiana,01/11/2024,11:00,Moderate,27.5
16397,Ludhiana,03/05/2024,06:30,High,21.0
16398,Ludhiana,08/29/2023,19:00,High,20.6
16399,Ludhiana,2024.04.05,20:45,Moderate,24.3
16400,Ludhiana,07/20/2023,12:30,Low,33.0
16401,Ludhiana,10/19/2024,18:00,High,6.8
16402,Ludhiana,04-10-2023,15:45,High,18.7
16403,Ludhiana,2024-03-08,07:15,Severe,10.0
16404,Ludhiana,01/09/2023,08:00,Severe,15.6
16405,Ludhiana,06-09-2024,09:15,Severe,4.4
16406,Ludhiana,03/08/2024,17:45,Low,44.0
16407,Ludhiana,2023-04-26,20:30,Moderate,36.3
16408,Ludhiana,2024.10.22,08:30,High,15.1
16409,Ludhiana,09/07/2023,20:15,Severe,7.1
16410,Ludhiana,2024.03.04,19:00,Severe,107.3
16411,Ludhiana,14/01/2024,22:30,Severe,17.7
16412,Ludhiana,13/11/2024,05:15,Low,35.3
16413,Ludhiana,2023-03-21,03:30,Low,39.0
16414,Ludhiana,2024-09-25,17:45,Moderate,27.0
16415,Ludhiana,2024.05.24,15:45,Moderate,27.3
16416,Ludhiana,02/29/2024,15:00,Low,35.2
16417,Ludhiana,21-11-2023,16:15,High,23.6
16418,Ludhiana,11/09/2023,08:30,Moderate,21.6
16419,Ludhiana,10/28/2024,17:45,Low,41.6
16420,Ludhiana,06/10/2023,06:30,Moderate,29.1
16421,Ludhiana,2023-01-31,14:15,Moderate,21.2
16422,Ludhiana,07/04/2023,19:45,Moderate,34.0
16423,Ludhiana,2024.03.10,13:15,Low,38.4
16424,Ludhiana,02/07/2024,12:00,Severe,3.0
16425,Ludhiana,2023-02-19,12:45,Moderate,24.3
16426,Ludhiana,14/11/2023,14:00,High,5.8
16427,Ludhiana,04/07/2023,20:15,Low,42.2
16428,Ludhiana,29/05/2024,10:45,High,16.9
16429,Ludhiana,05/24/2024,20:45,High,13.1
16430,Ludhiana,2023-10-10,17:45,High,17.5
16431,Ludhiana,2023-08-27,09:00,Moderate,25.4
16432,Ludhiana,2024-02-09,18:30,High,18.9
16433,Ludhiana,2023.08.25,09:15,Severe,3.0
16434,Ludhiana,2023-01-12,17:30,Low,40.9
16435,Ludhiana,27-01-2023,14:00,Moderate,24.8
16436,Ludhiana,12-10-2023,08:45,High,18.3
16437,Ludhiana,13/08/2023,15:45,Low,36.8
16438,Ludhiana,12/14/2024,08:15,High,11.1
16439,Ludhiana,2023.12.07,15:30,High,3.0
16440,Ludhiana,2023.08.31,10:30,Low,33.2
16441,Ludhiana,02/04/2023,13:15,Low,36.7
16442,Ludhiana,2024-05-01,17:15,Low,40.6
16443,Ludhiana,20-11-2023,18:30,Moderate,28.5
16444,Ludhiana,11/16/2023,01:15,Low,37.8
16445,Ludhiana,2024-03-16,14:45,High,16.4
16446,Ludhiana,10/06/2024,11:45,Low,35.5
16447,Ludhiana,02/02/2023,10:00,Moderate,31.1
16448,Ludhiana,2023.12.15,18:00,Moderate,30.5
16449,Ludhiana,30-12-2023,17:45,Severe,9.3
16450,Ludhiana,2023.10.14,11:45,Moderate,26.4
16451,Ludhiana,11-10-2024,18:30,High,21.5
16452,Ludhiana,2023.02.05,19:45,High,17.8
16453,Ludhiana,12-06-2023,17:00,Low,47.9
16454,Ludhiana,12/05/2023,22:15,Severe,3.0
16455,Ludhiana,2024-05-01,18:15,High,19.4
16456,Ludhiana,2024-07-31,16:00,Moderate,27.2
16457,Ludhiana,16-08-2024,19:45,High,20.1
16458,Ludhiana,2023-04-23,04:00,Moderate,19.3
16459,Ludhiana,2024.02.12,22:15,Moderate,85.2
16460,Ludhiana,2024-03-21,08:30,Severe,4.4
16461,Ludhiana,13/04/2024,10:15,High,13.9
16462,Ludhiana,20-08-2024,21:15,Low,43.5
16463,Ludhiana,27/12/2024,22:00,Low,33.6
16464,Ludhiana,09/18/2024,07:15,Moderate,24.8
16465,Ludhiana,01/09/2023,10:00,Low,39.4
16466,Ludhiana,25/09/2024,14:00,Severe,3.0
16467,Ludhiana,24/11/2024,21:45,Moderate,23.1
16468,Ludhiana,2024.08.04,13:45,Severe,4.9
16469,Ludhiana,19-04-2024,16:30,Severe,8.6
16470,Ludhiana,2023.09.09,12:45,High,13.4
16471,Ludhiana,10/23/2024,09:00,Severe,9.7
16472,Ludhiana,2023-07-10,16:30,Low,49.0
16473,Ludhiana,09/05/2023,12:30,Moderate,25.1
16474,Ludhiana,2023.06.22,15:00,Moderate,24.8
16475,Ludhiana,24/09/2024,07:45,Moderate,22.9
16476,Ludhiana,23-05-2023,07:00,Moderate,23.0
16477,Ludhiana,2023.08.14,21:45,Severe,8.1
16478,Ludhiana,05-02-2024,01:45,Moderate,29.0
16479,Ludhiana,01/08/2024,12:30,Low,39.9
16480,Ludhiana,2024-04-16,16:00,Moderate,19.5
16481,Ludhiana,18/10/2024,05:00,Low,35.3
16482,Ludhiana,2023-03-23,20:30,High,13.1
16483,Ludhiana,2024.04.26,17:45,High,19.9
16484,Ludhiana,2023.03.30,20:30,High,22.6
16485,Ludhiana,20-07-2023,17:45,Moderate,25.8
16486,Ludhiana,14/08/2024,09:15,Moderate,29.3
16487,Ludhiana,2024-12-20,00:15,Low,41.5
16488,Ludhiana,01/09/2023,04:30,Low,31.8
16489,Ludhiana,05/08/2024,11:00,Low,31.3
16490,Ludhiana,17-06-2024,19:15,High,17.3
16491,Ludhiana,10/22/2023,21:45,Severe,14.8
16492,Ludhiana,2024-03-28,17:00,Low,27.2
16493,Ludhiana,2023.01.27,06:00,High,17.9
16494,Ludhiana,02/03/2023,18:45,High,6.6
16495,Ludhiana,15-03-2024,18:30,Moderate,31.3
16496,Ludhiana,05/01/2023,12:45,Low,34.3
16497,Ludhiana,03/25/2024,15:00,Moderate,20.8
16498,Ludhiana,05-12-2024,17:30,Low,36.6
16499,Ludhiana,01/18/2023,18:45,Moderate,22.2
16500,Ludhiana,02-04-2023,08:45,High,10.9
16501,Ludhiana,2024.02.19,15:45,Severe,10.8
16502,Ludhiana,2023.09.25,19:15,High,13.8
16503,Ludhiana,08/07/2024,22:00,Severe,3.0
16504,Ludhiana,2023.05.30,22:00,High,16.8
16505,Ludhiana,06/22/2024,12:30,High,15.4
16506,Ludhiana,2024-01-28,18:45,Moderate,22.6
16507,Ludhiana,02/17/2024,13:45,Low,33.3
16508,Ludhiana,23-09-2024,12:15,Moderate,26.3
16509,Ludhiana,27/10/2024,08:45,High,26.0
16510,Ludhiana,20-01-2024,18:00,Severe,8.0
16511,Ludhiana,07-02-2023,16:00,Low,40.9
16512,Ludhiana,16/11/2023,17:30,Moderate,27.5
16513,Ludhiana,2024-08-12,08:30,High,15.7
16514,Ludhiana,2023.03.26,19:45,Severe,9.2
16515,Ludhiana,29/03/2023,17:15,Severe,8.8
16516,Ludhiana,31/08/2023,20:45,High,22.2
16517,Ludhiana,04/02/2023,15:30,Moderate,26.7
16518,Ludhiana,2023-07-13,18:45,Severe,7.1
16519,Ludhiana,02/12/2024,10:30,Moderate,32.2
16520,Ludhiana,2023.04.25,06:45,Low,40.4
16521,Ludhiana,04/25/2024,01:15,Low,45.7
16522,Ludhiana,2024.08.07,16:15,Low,38.0
16523,Ludhiana,19/08/2023,18:00,Severe,16.3
16524,Ludhiana,04/19/2024,09:30,Severe,4.0
16525,Ludhiana,29-07-2024,16:15,Moderate,29.5
16526,Ludhiana,2024-12-22,17:00,Severe,8.0
16527,Ludhiana,2024.06.08,17:30,High,15.6
16528,Ludhiana,2024.05.03,00:30,Low,33.6
16529,Ludhiana,2023-11-28,16:30,Moderate,26.8
16530,Ludhiana,16/09/2024,18:45,Severe,4.4
16531,Ludhiana,2023-12-09,17:15,Moderate,27.5
16532,Ludhiana,04/16/2023,03:45,Moderate,30.6
16533,Ludhiana,31/12/2024,06:00,Moderate,34.1
16534,Ludhiana,04-11-2024,17:15,Low,40.6
16535,Ludhiana,2023.07.24,07:15,Low,30.5
16536,Ludhiana,2023-09-01,20:15,High,21.1
16537,Ludhiana,11/23/2023,03:45,,35.4
16538,Ludhiana,2023-04-08,10:15,Moderate,22.6
16539,Ludhiana,12/06/2024,17:30,Moderate,17.7
16540,Ludhiana,04/30/2023,14:45,High,18.5
16541,Ludhiana,15-10-2024,13:00,Severe,5.5
16542,Ludhiana,2023-04-14,14:30,Moderate,22.0
16543,Ludhiana,2024-03-12,04:30,Low,38.0
16544,Ludhiana,01-07-2024,21:15,Moderate,31.9
16545,Ludhiana,05/05/2023,07:15,Low,32.7
16546,Ludhiana,2023.08.27,14:30,Moderate,19.6
16547,Ludhiana,2023-09-21,14:15,Low,38.5
16548,Ludhiana,12/10/2023,10:30,Moderate,27.0
16549,Ludhiana,06/01/2024,08:15,High,16.3
16550,Ludhiana,2023.04.26,12:15,High,14.5
16551,Ludhiana,12/10/2023,18:00,Severe,8.4
16552,Ludhiana,08-06-2024,17:45,Moderate,19.6
16553,Ludhiana,2024.06.02,12:45,High,16.9
16554,Ludhiana,11/26/2023,09:00,High,14.5
16555,Ludhiana,2023-06-30,18:00,High,17.7
16556,Ludhiana,14/03/2024,17:15,Low,36.9
16557,Ludhiana,09-03-2023,19:30,High,12.4
16558,Ludhiana,01/07/2024,19:45,Severe,3.1
16559,Ludhiana,2024-05-07,14:00,High,20.4
16560,Ludhiana,12/24/2023,13:45,Moderate,22.6
16561,Ludhiana,07/09/2023,07:45,Low,35.9
16562,Ludhiana,02-12-2024,22:00,High,13.4
16563,Ludhiana,24-02-2024,07:45,High,12.1
16564,Ludhiana,08-06-2023,13:15,High,16.9
16565,Ludhiana,2023.01.27,19:45,,32.0
16566,Ludhiana,2024-01-26,06:15,Low,45.8
16567,Ludhiana,01/22/2024,10:45,Low,41.0
16568,Ludhiana,2023.11.23,11:45,High,10.5
16569,Ludhiana,04/01/2023,07:15,Moderate,35.9
16570,Ludhiana,13/02/2023,17:45,Moderate,30.5
16571,Ludhiana,2024.04.17,22:30,Severe,5.4
16572,Ludhiana,10/16/2023,16:30,Low,42.9
16573,Ludhiana,2023.03.26,20:30,High,8.0
16574,Ludhiana,27/06/2023,08:00,High,20.1
16575,Ludhiana,2023-05-29,20:45,High,15.2
16576,Ludhiana,04/19/2024,00:30,Low,41.4
16577,Ludhiana,2023.05.29,08:30,Severe,15.8
16578,Ludhiana,28/09/2024,21:00,Moderate,13.5
16579,Ludhiana,2023-05-30,08:00,High,8.1
16580,Ludhiana,03/02/2024,19:30,High,15.9
16581,Ludhiana,13-10-2023,08:30,Severe,4.9
16582,Ludhiana,24/04/2024,18:00,Severe,7.8
16583,Ludhiana,04/03/2024,20:15,High,21.9
16584,Ludhiana,21/08/2024,19:45,Severe,10.6
16585,Ludhiana,2023.06.01,11:00,High,20.3
16586,Ludhiana,15/01/2024,18:00,Moderate,29.8
16587,Ludhiana,2024-03-09,19:00,Moderate,28.8
16588,Ludhiana,05/17/2023,08:45,Severe,11.3
16589,Ludhiana,04/30/2023,06:30,High,19.5
16590,Ludhiana,08/12/2023,22:30,Low,37.7
16591,Ludhiana,2024-07-27,19:15,High,21.8
16592,Ludhiana,2024.05.18,12:30,Moderate,32.6
16593,Ludhiana,2023-08-15,04:30,Low,36.1
16594,Ludhiana,12/08/2024,10:00,Low,32.7
16595,Ludhiana,17-07-2023,07:15,Moderate,30.2
16596,Ludhiana,11/19/2023,18:45,Severe,5.9
16597,Ludhiana,29-02-2024,02:30,High,18.0
16598,Ludhiana,03/27/2023,03:45,Low,31.9
16599,Ludhiana,17-01-2024,07:30,Low,34.4
16600,Ludhiana,04/12/2023,08:45,Severe,4.7
16601,Ludhiana,03/14/2023,17:45,Moderate,24.7
16602,Ludhiana,2024-03-29,16:15,Severe,20.5
16603,Ludhiana,2024.08.07,15:30,Low,37.4
16604,Ludhiana,2023.01.10,09:00,High,22.1
16605,Ludhiana,26-11-2024,12:45,Moderate,27.3
16606,Ludhiana,07/19/2023,19:15,Severe,7.9
16607,Ludhiana,07/08/2023,08:15,Low,43.8
16608,Ludhiana,2024-08-03,09:45,Severe,11.1
16609,Ludhiana,21/08/2023,13:30,Moderate,31.2
16610,Ludhiana,01-11-2023,08:45,Severe,14.7
16611,Ludhiana,2024.08.20,16:45,Moderate,29.9
16612,Ludhiana,2024-01-15,11:45,Moderate,32.0
16613,Ludhiana,05-12-2024,12:45,High,15.0
16614,Ludhiana,25/09/2023,04:15,Low,40.1
16615,Ludhiana,26/01/2024,17:30,High,13.9
16616,Ludhiana,17/11/2024,19:45,High,20.4
16617,Ludhiana,2024-05-09,20:15,Moderate,27.3
16618,Ludhiana,26/02/2024,20:15,High,10.7
16619,Ludhiana,25-03-2024,09:15,High,14.3
16620,Ludhiana,08-02-2023,09:00,Severe,3.0
16621,Ludhiana,2023.07.12,13:30,Low,36.6
16622,Ludhiana,23/04/2023,00:15,Low,33.7
16623,Ludhiana,21/04/2024,23:00,Moderate,17.8
16624,Ludhiana,2024-09-06,22:30,Moderate,26.4
16625,Ludhiana,2024-04-16,16:15,Low,39.1
16626,Ludhiana,02-01-2024,18:45,Severe,9.8
16627,Ludhiana,02/24/2024,16:00,High,16.5
16628,Ludhiana,2024-11-25,08:45,Moderate,25.1
16629,Ludhiana,2024.02.10,08:30,High,16.3
16630,Ludhiana,2024.10.24,23:45,Moderate,24.8
16631,Ludhiana,26/01/2024,19:15,Moderate,20.2
16632,Ludhiana,05/07/2024,19:15,Severe,3.0
16633,Ludhiana,2023.11.25,10:30,High,10.4
16634,Ludhiana,2023-01-14,06:45,Low,30.9
16635,Ludhiana,25-09-2024,21:15,Moderate,28.0
16636,Ludhiana,05/08/2024,08:15,Low,38.8
16637,Ludhiana,20/11/2023,13:15,Moderate,29.0
16638,Ludhiana,2024.08.27,18:15,High,17.1
16639,Ludhiana,20-05-2024,17:00,Low,36.5
16640,Ludhiana,2024.10.14,16:00,Moderate,32.6
16641,Ludhiana,2024.07.05,23:15,High,14.8
16642,Ludhiana,08/31/2024,15:45,High,17.7
16643,Ludhiana,2024.01.15,08:15,Moderate,26.2
16644,Ludhiana,2024-07-11,08:00,Severe,11.5
16645,Ludhiana,27-10-2023,08:15,High,18.6
16646,Ludhiana,05/10/2023,17:30,Low,41.4
16647,Ludhiana,02-06-2024,19:45,High,20.1
16648,Ludhiana,2024.07.13,00:45,High,18.1
16649,Ludhiana,2024-01-21,10:30,High,23.8
16650,Ludhiana,07/31/2024,14:45,Low,36.8
16651,Ludhiana,10/12/2024,19:30,Moderate,33.9
16652,Ludhiana,2024.07.30,07:30,High,13.2
16653,Ludhiana,2023-01-11,17:15,Moderate,22.8
16654,Ludhiana,08/21/2024,19:45,High,16.3
16655,Ludhiana,2023-07-16,09:45,Moderate,32.3
16656,Ludhiana,16-09-2023,09:15,Severe,3.0
16657,Ludhiana,20-06-2024,07:00,High,14.4
16658,Ludhiana,22/04/2023,18:45,High,81.0
16659,Ludhiana,03/06/2024,18:30,High,19.4
16660,Ludhiana,29/08/2024,07:00,Moderate,41.6
16661,Ludhiana,2023.04.08,15:15,Low,39.9
16662,Ludhiana,2023-01-05,08:15,Severe,9.8
16663,Ludhiana,2023-01-15,17:30,Moderate,33.0
16664,Ludhiana,2024.06.10,14:00,Moderate,24.9
16665,Ludhiana,02/06/2023,08:00,Low,38.7
16666,Ludhiana,25-03-2023,09:15,High,8.5
16667,Ludhiana,2024-12-09,18:00,High,13.3
16668,Ludhiana,09-09-2024,17:30,Moderate,28.2
16669,Ludhiana,2024-10-26,09:30,High,17.1
16670,Ludhiana,26/04/2024,17:30,Low,40.0
16671,Ludhiana,2024-03-11,21:00,Low,43.4
16672,Ludhiana,2023.05.29,08:45,Moderate,29.0
16673,Ludhiana,2024.12.30,07:30,High,13.4
16674,Ludhiana,21/05/2024,09:30,Severe,14.0
16675,Ludhiana,2023-03-07,15:00,Moderate,-19.4
16676,Ludhiana,24/12/2023,21:00,Moderate,31.4
16677,Ludhiana,04/18/2024,08:15,High,9.4
16678,Ludhiana,11-06-2023,21:00,Moderate,30.4
16679,Ludhiana,2023.03.08,05:00,Low,34.8
16680,Ludhiana,06/27/2024,19:00,High,17.1
16681,Ludhiana,2023-04-13,17:45,Low,45.3
16682,Ludhiana,2024-02-19,21:30,Moderate,20.5
16683,Ludhiana,04/17/2023,07:15,Low,41.9
16684,Ludhiana,11/03/2024,12:00,Moderate,23.4
16685,Ludhiana,2023.09.01,17:30,Moderate,26.6
16686,Ludhiana,2024-08-05,09:00,High,7.3
16687,Ludhiana,07/30/2024,16:45,High,13.8
16688,Ludhiana,12/14/2024,11:00,Low,44.1
16689,Ludhiana,05/06/2024,11:15,Moderate,29.7
16690,Ludhiana,04/12/2023,19:45,High,21.4
16691,Ludhiana,2023-03-07,20:45,Severe,8.1
16692,Ludhiana,2024.07.11,20:00,High,9.2
16693,Ludhiana,22-08-2024,15:15,Low,36.3
16694,Ludhiana,2024.10.07,19:45,Moderate,29.9
16695,Ludhiana,2023.06.12,08:15,High,10.4
16696,Ludhiana,2024-08-15,09:30,Severe,7.9
16697,Ludhiana,10/04/2024,19:30,Moderate,22.5
16698,Ludhiana,26-03-2023,03:00,Low,45.0
16699,Ludhiana,09/19/2023,17:00,Moderate,23.9
16700,Ludhiana,2024.04.05,22:15,Low,34.5
16701,Ludhiana,01-07-2023,16:30,Low,33.2
16702,Ludhiana,02/22/2023,20:15,Moderate,25.6
16703,Ludhiana,2023.10.16,13:15,Low,37.9
16704,Ludhiana,2023-04-28,19:00,Severe,13.4
16705,Ludhiana,03/16/2023,08:15,High,13.5
16706,Ludhiana,22/04/2024,11:15,Moderate,20.9
16707,Ludhiana,04/23/2023,18:15,High,14.9
16708,Ludhiana,02/20/2024,13:45,Moderate,22.4
16709,Ludhiana,2023-12-10,08:15,High,20.0
16710,Ludhiana,2024-05-16,10:00,Moderate,19.4
16711,Ludhiana,2024.08.31,16:15,Moderate,18.7
16712,Ludhiana,2023.12.24,12:45,Moderate,19.7
16713,Ludhiana,2023.11.22,13:00,Severe,11.0
16714,Ludhiana,2023-04-17,16:30,Low,34.7
16715,Ludhiana,23/08/2023,17:00,Moderate,-26.0
16716,Ludhiana,02/03/2024,18:45,Severe,17.0
16717,Ludhiana,11/01/2024,08:30,Moderate,24.3
16718,Ludhiana,2024.08.05,01:30,Low,41.6
16719,Ludhiana,12/27/2023,09:15,Severe,111.3
16720,Ludhiana,2023.05.27,22:30,Moderate,32.8
16721,Ludhiana,2023.10.10,10:00,Low,38.4
16722,Ludhiana,06/28/2024,05:15,Moderate,21.0
16723,Ludhiana,2023.01.25,21:45,High,21.8
16724,Ludhiana,2024-11-30,11:00,Low,43.3
16725,Ludhiana,07-01-2024,09:30,Severe,3.2
16726,Ludhiana,21-11-2023,21:15,Low,36.5
16727,Ludhiana,01/09/2023,17:15,Moderate,39.2
16728,Ludhiana,09/30/2024,16:15,Low,38.2
16729,Ludhiana,15/07/2024,12:45,High,18.1
16730,Ludhiana,02-11-2024,17:30,Low,41.4
16731,Ludhiana,2023-03-09,17:15,High,12.8
16732,Ludhiana,2024-05-25,07:00,Moderate,21.5
16733,Ludhiana,03/02/2024,16:15,Severe,8.8
16734,Ludhiana,11/30/2023,22:15,Moderate,30.1
16735,Ludhiana,2024-05-22,05:30,Moderate,32.8
16736,Ludhiana,2023.11.04,07:45,High,18.6
16737,Ludhiana,2024.01.10,09:00,High,17.5
16738,Ludhiana,2024.05.29,08:30,Moderate,24.1
16739,Ludhiana,2023.11.25,08:00,High,27.9
16740,Ludhiana,11/04/2023,12:45,High,19.2
16741,Ludhiana,2023-08-11,18:15,Moderate,25.8
16742,Ludhiana,2024.03.13,12:45,Moderate,26.2
16743,Ludhiana,12-04-2023,21:45,Moderate,18.1
16744,Ludhiana,2023-05-05,17:00,Moderate,26.8
16745,Ludhiana,2024.09.03,20:30,Severe,17.7
16746,Ludhiana,2023.02.21,17:45,Low,36.4
16747,Ludhiana,11/28/2024,02:00,Low,44.7
16748,Ludhiana,15-02-2023,13:30,Moderate,15.9
16749,Ludhiana,03/15/2023,09:15,High,14.9
16750,Ludhiana,16-11-2023,11:00,Low,31.6
16751,Ludhiana,2023.11.17,06:45,Moderate,18.4
16752,Ludhiana,2024.01.19,10:00,Moderate,24.7
16753,Ludhiana,2024-04-24,04:30,Moderate,27.2
16754,Ludhiana,2023-02-21,02:45,Moderate,34.8
16755,Ludhiana,2024-11-14,19:45,High,17.0
16756,Ludhiana,2024.07.30,20:30,Severe,7.6
16757,Ludhiana,2024-04-17,17:00,Low,27.5
16758,Ludhiana,23-05-2024,10:30,High,19.4
16759,Ludhiana,06/11/2024,08:15,High,23.4
16760,Ludhiana,20-03-2024,07:00,Low,38.5
16761,Ludhiana,16/12/2023,15:00,Severe,85.6
16762,Ludhiana,10/07/2023,08:00,High,14.0
16763,Ludhiana,20-09-2024,09:45,Severe,7.8
16764,Ludhiana,2024.01.14,18:45,High,19.2
16765,Ludhiana,24/03/2023,12:45,Moderate,23.8
16766,Ludhiana,2024.03.26,15:30,Low,40.4
16767,Ludhiana,2023-05-23,16:15,Moderate,31.5
16768,Ludhiana,2023-10-17,12:30,Low,86.3
16769,Ludhiana,18/04/2024,07:30,Low,35.2
16770,Ludhiana,18-11-2024,08:30,High,19.0
16771,Ludhiana,2023.12.10,12:30,Moderate,26.5
16772,Ludhiana,2024.09.29,19:15,High,22.6
16773,Ludhiana,30-04-2023,20:15,High,14.2
16774,Ludhiana,11/18/2023,12:15,Severe,3.0
16775,Ludhiana,09/12/2024,14:00,Severe,10.1
16776,Ludhiana,14/12/2024,14:15,Severe,8.8
16777,Ludhiana,2024-10-19,04:00,High,9.6
16778,Ludhiana,10/03/2023,06:45,Low,38.5
16779,Ludhiana,2024.09.20,17:45,Moderate,29.5
16780,Ludhiana,03-06-2023,07:15,Moderate,19.8
16781,Ludhiana,13/10/2023,18:00,Severe,7.9
16782,Ludhiana,19/07/2024,06:00,Severe,9.0
16783,Ludhiana,2024.02.26,22:15,Low,42.1
16784,Ludhiana,28/01/2023,18:45,High,24.6
16785,Ludhiana,07/04/2023,11:00,Moderate,28.1
16786,Ludhiana,13-02-2023,11:15,Severe,13.7
16787,Ludhiana,2023-01-24,15:45,Moderate,14.9
16788,Ludhiana,2023.10.14,07:15,Moderate,31.4
16789,Ludhiana,28/10/2023,18:30,Moderate,23.2
16790,Ludhiana,2024-11-10,02:00,Low,37.2
16791,Ludhiana,2023-08-09,15:15,Low,41.4
16792,Ludhiana,2024-08-06,17:30,Moderate,28.8
16793,Ludhiana,14/12/2023,08:45,Severe,3.0
16794,Ludhiana,16-12-2024,12:15,Low,38.3
16795,Ludhiana,09/01/2024,10:00,Severe,15.6
16796,Ludhiana,2024.09.12,18:00,High,11.1
16797,Ludhiana,09-01-2023,17:15,Low,38.6
16798,Ludhiana,20/10/2024,16:15,High,9.0
16799,Ludhiana,12-02-2024,23:00,Severe,9.6
16800,Ludhiana,2023.12.30,14:15,Low,34.1
16801,Ludhiana,07/09/2023,08:15,High,8.2
16802,Ludhiana,21/10/2023,08:30,High,15.0
16803,Ludhiana,24/04/2023,16:15,High,15.5
16804,Ludhiana,23-10-2024,14:15,High,17.7
16805,Ludhiana,11/22/2024,15:15,High,17.0
16806,Ludhiana,07-10-2024,11:45,High,16.6
16807,Ludhiana,02-04-2024,07:45,Moderate,22.3
16808,Ludhiana,2023.11.12,17:30,High,14.3
16809,Ludhiana,31/12/2023,17:30,High,16.3
16810,Ludhiana,2023-01-17,14:45,Severe,3.0
16811,Ludhiana,2023.12.31,19:30,High,23.6
16812,Ludhiana,2024.01.02,17:00,Moderate,23.7
16813,Ludhiana,2023-11-19,19:00,Severe,9.2
16814,Ludhiana,03-11-2023,21:15,High,13.2
16815,Ludhiana,2023-06-22,07:45,Moderate,28.0
16816,Ludhiana,2023-11-07,17:00,Severe,11.4
16817,Ludhiana,2023.01.30,21:30,Low,33.8
16818,Ludhiana,08/12/2024,14:45,Low,30.5
16819,Ludhiana,04/14/2023,06:00,Severe,10.9
16820,Ludhiana,2023.09.09,08:30,High,15.3
16821,Ludhiana,2023-03-25,20:00,Severe,8.7
16822,Ludhiana,03-11-2023,20:30,Moderate,24.8
16823,Ludhiana,2024.12.10,11:30,Moderate,31.5
16824,Ludhiana,11/04/2024,04:00,Low,35.6
16825,Ludhiana,10/12/2023,17:00,Moderate,21.6
16826,Ludhiana,2023-11-16,08:45,Severe,9.1
16827,Ludhiana,03-10-2024,16:15,High,8.3
16828,Ludhiana,12/02/2023,08:30,Moderate,26.5
16829,Ludhiana,29-01-2024,15:30,Low,37.1
16830,Ludhiana,2024.07.10,07:00,Low,32.9
16831,Ludhiana,06-05-2024,22:00,Moderate,17.7
16832,Ludhiana,05-02-2024,23:15,Moderate,16.9
16833,Ludhiana,2023-08-07,18:30,Severe,6.7
16834,Ludhiana,2023-05-23,08:30,High,14.7
16835,Ludhiana,01/20/2023,10:30,Low,36.2
16836,Ludhiana,09-05-2023,06:15,Moderate,19.7
16837,Ludhiana,2023.09.18,10:15,Moderate,29.3
16838,Ludhiana,2024.07.11,09:15,Moderate,32.5
16839,Ludhiana,10/24/2023,15:15,Moderate,32.6
16840,Ludhiana,07/06/2023,13:15,Low,33.6
16841,Ludhiana,26-08-2024,04:15,Low,42.6
16842,Ludhiana,06/28/2023,18:30,High,15.1
16843,Ludhiana,03/29/2023,14:45,Moderate,31.5
16844,Ludhiana,30-12-2023,17:30,Moderate,23.8
16845,Ludhiana,2024.11.25,17:30,Moderate,33.4
16846,Ludhiana,2024.09.08,17:30,Moderate,17.6
16847,Ludhiana,03/20/2023,10:30,Low,45.0
16848,Ludhiana,08/11/2024,00:15,Low,30.6
16849,Ludhiana,11/08/2023,14:30,Low,36.2
16850,Ludhiana,15/01/2023,11:45,Severe,12.4
16851,Ludhiana,09-06-2024,21:45,Moderate,32.7
16852,Ludhiana,2024.02.23,15:45,Moderate,20.6
16853,Ludhiana,07/29/2023,05:00,Low,29.2
16854,Ludhiana,25-11-2023,02:15,Low,35.4
16855,Ludhiana,2023-10-31,07:00,Low,38.4
16856,Ludhiana,03-08-2023,17:45,Moderate,24.6
16857,Ludhiana,2023.05.04,07:45,Low,44.9
16858,Ludhiana,10/03/2024,23:45,Low,42.8
16859,Ludhiana,03/01/2023,21:45,Severe,10.4
16860,Ludhiana,02/08/2023,08:45,Low,36.9
16861,Ludhiana,19/05/2023,15:30,Low,35.8
16862,Ludhiana,2023-10-05,16:15,Severe,15.5
16863,Ludhiana,2024.12.20,08:30,Severe,14.4
16864,Ludhiana,08/22/2023,08:30,High,-17.5
16865,Ludhiana,15/07/2023,20:00,Severe,3.0
16866,Ludhiana,21/05/2024,17:45,Severe,12.9
16867,Ludhiana,08/01/2023,18:45,Low,37.0
16868,Ludhiana,2023.02.01,07:45,Low,40.2
16869,Ludhiana,02/01/2023,02:00,Low,39.2
16870,Ludhiana,2023.04.06,18:00,Moderate,29.3
16871,Ludhiana,24-10-2023,13:15,High,19.6
16872,Ludhiana,05-06-2024,17:00,Moderate,27.3
16873,Ludhiana,07/24/2023,21:45,Low,36.9
16874,Vadodara,18-07-2023,17:30,Moderate,30.4
16875,Vadodara,2024-05-24,15:15,High,17.4
16876,Vadodara,2024.04.25,09:15,Severe,3.0
16877,Vadodara,2024.07.06,17:00,Low,38.1
16878,Vadodara,07/16/2023,15:30,High,13.3
16879,Vadodara,2024-04-16,06:30,Low,45.8
16880,Vadodara,2024.11.17,15:45,High,6.9
16881,Vadodara,2023.07.06,09:30,Moderate,26.0
16882,Vadodara,2023-08-18,08:00,Moderate,36.5
16883,Vadodara,05/09/2024,19:45,High,19.6
16884,Vadodara,29/08/2023,14:45,Severe,7.5
16885,Vadodara,09/14/2024,05:30,Moderate,27.1
16886,Vadodara,01/23/2023,16:00,Severe,-8.1
16887,Vadodara,2023.07.24,13:15,Moderate,36.8
16888,Vadodara,25-05-2024,05:00,Low,39.9
16889,Vadodara,2023-02-26,16:45,High,3.0
16890,Vadodara,11/26/2024,20:30,High,17.3
16891,Vadodara,2024.01.05,07:00,Moderate,34.9
16892,Vadodara,2024.02.01,16:15,Low,36.9
16893,Vadodara,2024-02-06,12:00,Moderate,28.5
16894,Vadodara,2024-07-06,09:45,Severe,4.2
16895,Vadodara,2023-11-22,19:15,Moderate,25.3
16896,Vadodara,2023.09.19,08:45,Moderate,27.5
16897,Vadodara,2023.12.16,00:45,Low,41.7
16898,Vadodara,12-04-2024,12:00,Moderate,20.9
16899,Vadodara,2024.11.03,15:15,Severe,11.9
16900,Vadodara,06/27/2024,17:00,Severe,4.5
16901,Vadodara,04-06-2024,06:45,Moderate,26.2
16902,Vadodara,2023.10.02,07:45,Severe,10.8
16903,Vadodara,26/04/2024,12:30,High,9.5
16904,Vadodara,2023-09-21,18:00,Severe,16.0
16905,Vadodara,09-03-2023,23:45,High,24.2
16906,Vadodara,15-02-2024,22:00,Severe,9.9
16907,Vadodara,2024-10-05,07:30,Moderate,24.2
16908,Vadodara,25-10-2024,12:30,Moderate,37.6
16909,Vadodara,2024.08.18,19:30,High,20.9
16910,Vadodara,19-04-2024,11:15,Low,40.9
16911,Vadodara,11/11/2024,06:30,Moderate,26.9
16912,Vadodara,2023.08.25,13:15,Moderate,36.7
16913,Vadodara,2023-01-04,18:15,High,19.6
16914,Vadodara,07-10-2024,19:00,Severe,9.1
16915,Vadodara,29-08-2023,17:15,Low,31.8
16916,Vadodara,28-06-2023,19:00,Severe,16.5
16917,Vadodara,2023-03-13,21:30,Moderate,23.0
16918,Vadodara,20-11-2023,12:15,Moderate,35.9
16919,Vadodara,2023-10-04,17:30,Severe,8.5
16920,Vadodara,2023-05-20,19:15,High,23.5
16921,Vadodara,08/29/2023,12:30,Severe,3.0
16922,Vadodara,25-03-2023,06:15,Low,41.0
16923,Vadodara,05/22/2023,20:00,Severe,5.4
16924,Vadodara,06/19/2023,03:30,Moderate,20.9
16925,Vadodara,21/11/2023,18:30,High,20.2
16926,Vadodara,01/07/2023,10:30,High,14.8
16927,Vadodara,2023-11-24,08:45,Moderate,26.2
16928,Vadodara,2024-09-04,17:45,Low,38.9
16929,Vadodara,11/05/2024,10:00,Moderate,19.8
16930,Vadodara,06/06/2024,16:30,Low,39.5
16931,Vadodara,17-05-2024,16:45,Low,27.7
16932,Vadodara,2023.09.11,14:45,Low,40.6
16933,Vadodara,07/11/2024,11:30,Severe,4.2
16934,Vadodara,2023-12-18,18:00,Severe,4.2
16935,Vadodara,2023.12.18,10:00,High,24.1
16936,Vadodara,11/30/2023,21:15,Moderate,29.0
16937,Vadodara,11/20/2024,17:00,Moderate,30.0
16938,Vadodara,21/11/2024,15:30,Severe,8.6
16939,Vadodara,2024-02-04,10:45,Severe,4.1
16940,Vadodara,26-12-2024,21:30,Low,36.5
16941,Vadodara,15-10-2024,17:45,Moderate,30.2
16942,Vadodara,07/13/2024,13:15,Low,33.3
16943,Vadodara,10-09-2023,21:45,Low,42.0
16944,Vadodara,11-01-2024,09:30,Severe,13.2
16945,Vadodara,14/10/2024,19:30,Low,40.2
16946,Vadodara,23-07-2023,11:30,High,15.4
16947,Vadodara,09/06/2024,21:45,Moderate,25.2
16948,Vadodara,2024-07-18,06:45,Moderate,28.8
16949,Vadodara,2024.02.24,12:30,Low,46.3
16950,Vadodara,2023-08-05,13:00,High,10.8
16951,Vadodara,2023.02.08,07:30,Moderate,24.6
16952,Vadodara,2024.08.01,08:00,Severe,3.0
16953,Vadodara,2024.11.03,12:30,Moderate,21.0
16954,Vadodara,2024.05.08,08:15,Severe,4.2
16955,Vadodara,09/15/2024,12:30,Low,33.7
16956,Vadodara,06/24/2024,18:15,High,22.3
16957,Vadodara,2024-06-25,10:45,Low,37.9
16958,Vadodara,2023-07-12,22:15,Severe,3.0
16959,Vadodara,2023.02.20,17:00,Moderate,14.4
16960,Vadodara,2024.01.03,07:15,Moderate,23.9
16961,Vadodara,20/02/2023,16:15,Moderate,26.9
16962,Vadodara,2023.10.06,12:30,Moderate,30.1
16963,Vadodara,2024.01.20,18:30,High,12.7
16964,Vadodara,05/19/2024,09:30,Severe,9.8
16965,Vadodara,2024-12-05,08:15,Moderate,40.3
16966,Vadodara,02/23/2023,09:15,Moderate,24.9
16967,Vadodara,2023.12.02,18:00,Severe,8.9
16968,Vadodara,04-02-2024,17:45,Low,35.3
16969,Vadodara,2024-10-02,14:15,High,11.8
16970,Vadodara,03/09/2024,14:15,High,25.2
16971,Vadodara,26-01-2024,15:45,Low,42.1
16972,Vadodara,11/22/2023,07:15,Low,40.1
16973,Vadodara,06-07-2023,16:45,Low,38.0
16974,Vadodara,12/01/2024,17:15,Moderate,21.0
16975,Vadodara,2024-10-20,23:15,Severe,3.0
16976,Vadodara,2024-04-17,08:15,Low,37.3
16977,Vadodara,02/05/2024,13:15,Moderate,20.2
16978,Vadodara,2024.04.02,08:15,Moderate,36.4
16979,Vadodara,17/01/2024,09:45,Severe,10.4
16980,Vadodara,04/26/2023,10:45,Low,40.3
16981,Vadodara,07-09-2024,06:30,Moderate,26.1
16982,Vadodara,02/17/2024,04:00,Low,38.4
16983,Vadodara,07/01/2024,00:30,Low,42.6
16984,Vadodara,2024.05.15,08:15,Severe,3.0
16985,Vadodara,2023.03.13,09:45,Severe,4.1
16986,Vadodara,09/29/2024,19:45,High,11.9
16987,Vadodara,24/10/2024,18:30,Moderate,25.3
16988,Vadodara,04/09/2023,18:30,Moderate,24.5
16989,Vadodara,2024.06.26,18:30,High,11.4
16990,Vadodara,2023.11.13,09:15,Severe,8.5
16991,Vadodara,06/03/2024,19:00,High,14.1
16992,Vadodara,05/27/2024,18:00,High,14.5
16993,Vadodara,2024.12.02,14:00,Moderate,31.6
16994,Vadodara,2023.06.21,14:00,High,13.3
16995,Vadodara,02/09/2024,07:45,Low,36.9
16996,Vadodara,31-03-2024,17:00,Moderate,15.1
16997,Vadodara,2024-03-15,20:15,High,15.7
16998,Vadodara,12/04/2024,07:30,Moderate,37.8
16999,Vadodara,2024-09-04,17:15,Low,43.2
17000,Vadodara,21/02/2023,17:30,Moderate,27.3
17001,Vadodara,23/11/2023,19:00,Severe,5.1
17002,Vadodara,2024-10-13,06:15,Low,27.7
17003,Vadodara,2024.12.15,20:15,Severe,18.0
17004,Vadodara,08-07-2024,15:15,Low,34.7
17005,Vadodara,11/17/2024,20:30,Severe,3.0
17006,Vadodara,06-05-2023,17:30,Moderate,22.8
17007,Vadodara,21-08-2023,09:15,High,21.6
17008,Vadodara,2023.04.24,18:45,Severe,13.8
17009,Vadodara,20-01-2024,08:15,Severe,7.5
17010,Vadodara,22/05/2023,18:15,Severe,6.4
17011,Vadodara,11/30/2024,06:15,High,12.6
17012,Vadodara,29/03/2023,08:15,Severe,8.1
17013,Vadodara,2023.04.21,06:45,High,14.1
17014,Vadodara,27-07-2023,19:45,High,-6.8
17015,Vadodara,2024-11-11,20:30,Moderate,26.9
17016,Vadodara,07-01-2023,18:15,Severe,5.1
17017,Vadodara,2023.10.07,07:30,High,17.7
17018,Vadodara,05/14/2023,08:00,Moderate,27.4
17019,Vadodara,16/04/2023,17:00,Low,37.5
17020,Vadodara,2023-09-27,20:15,High,18.5
17021,Vadodara,21/03/2024,11:15,High,18.0
17022,Vadodara,24/05/2023,18:15,High,21.6
17023,Vadodara,2024.08.27,07:30,Low,37.2
17024,Vadodara,2023.12.23,06:00,Moderate,34.3
17025,Vadodara,06/12/2023,19:45,Severe,13.0
17026,Vadodara,2024.05.28,10:15,Low,39.4
17027,Vadodara,2023-12-16,06:30,High,11.5
17028,Vadodara,19/04/2024,05:45,Low,30.1
17029,Vadodara,2024-04-04,07:00,Moderate,23.6
17030,Vadodara,2024-06-08,09:15,Moderate,32.3
17031,Vadodara,2023-06-13,20:15,Severe,10.8
17032,Vadodara,09/17/2024,18:15,High,15.3
17033,Vadodara,2024-04-21,14:00,Low,30.4
17034,Vadodara,20/07/2023,12:45,Moderate,25.8
17035,Vadodara,2024-03-15,08:45,High,22.3
17036,Vadodara,01/06/2024,23:15,Moderate,27.6
17037,Vadodara,08/08/2024,18:00,Severe,3.0
17038,Vadodara,01/04/2024,18:00,Moderate,27.5
17039,Vadodara,07/31/2023,18:30,Severe,16.9
17040,Vadodara,10/07/2023,12:30,High,8.9
17041,Vadodara,11/11/2023,09:15,Severe,13.0
17042,Vadodara,2024.08.23,12:30,High,19.3
17043,Vadodara,23-04-2023,18:30,Low,34.7
17044,Vadodara,16/09/2024,18:15,Severe,5.3
17045,Vadodara,22-10-2023,18:45,Severe,13.4
17046,Vadodara,11/02/2024,08:00,High,17.6
17047,Vadodara,2024-09-24,19:45,Severe,7.7
17048,Vadodara,17/03/2024,08:15,Severe,17.4
17049,Vadodara,2023.07.21,08:15,Severe,11.1
17050,Vadodara,2024-04-26,07:15,Low,37.6
17051,Vadodara,2024.12.27,15:45,Moderate,32.7
17052,Vadodara,06/08/2023,15:15,High,14.5
17053,Vadodara,02/05/2023,10:45,Moderate,30.8
17054,Vadodara,2023-11-05,17:15,High,16.9
17055,Vadodara,13-04-2023,10:30,Moderate,24.8
17056,Vadodara,2023-08-02,14:45,Low,39.0
17057,Vadodara,2023-07-08,20:45,Severe,15.0
17058,Vadodara,2024.01.18,14:45,Low,50.2
17059,Vadodara,10/23/2023,16:15,Low,47.5
17060,Vadodara,01/23/2023,11:45,High,16.2
17061,Vadodara,10/29/2023,19:00,Low,29.2
17062,Vadodara,09/28/2024,08:45,Severe,10.5
17063,Vadodara,09/12/2024,07:45,Moderate,20.0
17064,Vadodara,06-03-2024,22:30,Low,38.5
17065,Vadodara,2024-03-11,21:15,High,-10.7
17066,Vadodara,2024.05.14,09:30,Severe,8.9
17067,Vadodara,2024-09-03,12:15,Moderate,30.9
17068,Vadodara,2024-06-16,14:45,Severe,18.0
17069,Vadodara,2023.04.17,19:30,Low,44.6
17070,Vadodara,2024.07.05,20:00,High,17.0
17071,Vadodara,2023-02-16,15:00,Low,42.7
17072,Vadodara,2023-07-14,14:15,Low,34.5
17073,Vadodara,18-06-2023,18:30,High,19.2
17074,Vadodara,08/01/2023,14:30,Moderate,31.1
17075,Vadodara,04/10/2023,19:00,High,23.6
17076,Vadodara,2024-12-12,10:00,Moderate,21.2
17077,Vadodara,17-06-2023,15:00,,24.4
17078,Vadodara,03/12/2023,19:45,High,16.9
17079,Vadodara,22-06-2023,07:15,Low,35.4
17080,Vadodara,2023-03-04,08:00,Severe,5.1
17081,Vadodara,24-02-2024,18:00,Severe,8.4
17082,Vadodara,2024-12-22,05:15,,29.7
17083,Vadodara,11/07/2024,21:15,High,13.9
17084,Vadodara,2023-02-10,22:15,Moderate,34.4
17085,Vadodara,05/17/2023,16:15,Low,39.1
17086,Vadodara,06-08-2023,17:45,High,-21.2
17087,Vadodara,2024.10.09,17:00,Moderate,28.3
17088,Vadodara,2023.09.16,05:15,Low,-37.2
17089,Vadodara,02/24/2024,18:45,Moderate,28.5
17090,Vadodara,05-07-2023,23:45,High,19.0
17091,Vadodara,07/04/2024,14:00,Low,32.9
17092,Vadodara,17/11/2024,17:15,High,14.8
17093,Vadodara,01/06/2023,19:45,High,7.8
17094,Vadodara,21-09-2024,11:00,Severe,4.5
17095,Vadodara,08-10-2024,21:45,Moderate,34.0
17096,Vadodara,03/10/2024,07:30,Moderate,18.2
17097,Vadodara,2023.03.03,15:30,Low,33.3
17098,Vadodara,10/19/2023,18:00,Severe,3.0
17099,Vadodara,25/12/2023,06:45,Moderate,38.5
17100,Vadodara,2023-06-21,14:45,Moderate,21.4
17101,Vadodara,07/05/2024,08:30,Low,38.5
17102,Vadodara,06/11/2024,20:30,High,13.8
17103,Vadodara,2024.06.20,20:15,Severe,7.7
17104,Vadodara,09/14/2024,19:15,Severe,11.2
17105,Vadodara,15/06/2024,18:15,Low,43.0
17106,Vadodara,2023.10.26,17:45,Moderate,25.8
17107,Vadodara,23/11/2023,13:15,Severe,11.3
17108,Vadodara,2024.06.23,12:30,Low,-30.1
17109,Vadodara,20/08/2023,19:00,High,15.8
17110,Vadodara,2024-02-02,19:30,High,11.2
17111,Vadodara,05/12/2023,20:45,High,22.0
17112,Vadodara,21-10-2024,16:30,Low,24.5
17113,Vadodara,04/01/2023,10:00,Low,39.4
17114,Vadodara,2023-09-07,18:15,Severe,12.6
17115,Vadodara,12-04-2023,17:45,High,16.7
17116,Vadodara,09/12/2024,17:15,Low,33.0
17117,Vadodara,2023.05.26,05:30,Low,45.4
17118,Vadodara,26-05-2024,08:30,Severe,3.9
17119,Vadodara,05/06/2024,13:15,Low,36.7
17120,Vadodara,29/11/2024,03:00,Low,40.7
17121,Vadodara,22-08-2023,21:30,Moderate,18.6
17122,Vadodara,2024-09-29,15:15,High,17.0
17123,Vadodara,10/08/2024,18:45,High,23.0
17124,Vadodara,08/05/2024,21:15,Moderate,20.0
17125,Vadodara,09-06-2023,11:15,Moderate,18.9
17126,Vadodara,09-11-2024,09:15,Moderate,28.1
17127,Vadodara,2024-06-22,19:00,Severe,12.5
17128,Vadodara,2023.05.09,10:45,Low,47.7
17129,Vadodara,2024.12.09,18:30,Low,33.4
17130,Vadodara,2024-09-08,20:15,High,12.1
17131,Vadodara,2023-07-07,17:30,Low,35.1
17132,Vadodara,20-02-2024,17:15,Moderate,24.0
17133,Vadodara,29/05/2024,06:00,Moderate,30.1
17134,Vadodara,2023.02.20,19:45,High,15.1
17135,Vadodara,16/01/2024,03:15,Low,36.4
17136,Vadodara,2023.04.11,17:45,High,14.7
17137,Vadodara,11/10/2024,02:30,Moderate,29.0
17138,Vadodara,2024.01.24,11:00,Low,33.0
17139,Vadodara,2024-01-08,22:00,High,18.2
17140,Vadodara,2023.07.28,13:15,Low,31.9
17141,Vadodara,2024.04.12,14:15,High,12.5
17142,Vadodara,01/11/2024,08:15,High,15.8
17143,Vadodara,12/27/2023,17:30,Low,44.8
17144,Vadodara,2023.10.13,21:15,Low,36.3
17145,Vadodara,17/04/2024,20:30,Moderate,34.5
17146,Vadodara,2024.06.22,09:00,Severe,7.6
17147,Vadodara,2024.12.21,01:00,High,23.1
17148,Vadodara,20/07/2023,09:45,Severe,5.3
17149,Vadodara,06-12-2023,02:15,Low,44.0
17150,Vadodara,2023-11-23,20:00,Severe,4.2
17151,Vadodara,26/09/2024,03:30,Low,35.0
17152,Vadodara,12-09-2024,20:30,High,11.0
17153,Vadodara,2024.01.24,18:30,Severe,9.8
17154,Vadodara,2024.02.29,17:45,Low,42.7
17155,Vadodara,11/05/2024,19:30,Moderate,18.8
17156,Vadodara,10/19/2023,23:00,High,16.9
17157,Vadodara,2023-07-24,11:30,Moderate,36.7
17158,Vadodara,2024-05-20,18:45,Severe,10.3
17159,Vadodara,2023.07.21,10:15,Low,47.6
17160,Vadodara,08-04-2024,08:30,Severe,10.8
17161,Vadodara,2024-12-28,19:15,Low,-41.8
17162,Vadodara,2024-07-24,18:30,Severe,8.0
17163,Vadodara,2023.03.20,10:45,Severe,10.7
17164,Vadodara,08/30/2023,18:00,Moderate,27.3
17165,Vadodara,29/10/2023,14:30,Moderate,31.1
17166,Vadodara,2023.05.13,09:00,Severe,3.0
17167,Vadodara,04-08-2023,07:00,High,13.7
17168,Vadodara,28-05-2023,14:00,Moderate,20.9
17169,Vadodara,2024-10-11,19:30,High,7.7
17170,Vadodara,14-02-2023,14:15,Low,41.8
17171,Vadodara,2023-12-29,17:15,Low,37.9
17172,Vadodara,02-12-2024,04:45,Low,27.9
17173,Vadodara,2023-06-01,01:15,,36.8
17174,Vadodara,08/05/2023,04:00,Low,30.2
17175,Vadodara,2023.04.22,18:45,Moderate,20.2
17176,Vadodara,2024-10-27,00:15,Low,46.7
17177,Vadodara,04/13/2024,10:30,High,18.0
17178,Vadodara,09/29/2024,08:30,Severe,8.2
17179,Vadodara,08/09/2023,15:15,Low,38.6
17180,Vadodara,03-09-2023,09:15,Severe,7.4
17181,Vadodara,03/04/2023,23:00,Low,28.0
17182,Vadodara,08/14/2023,07:00,High,10.5
17183,Vadodara,2024.09.13,17:15,High,13.6
17184,Vadodara,2023.10.25,13:00,Moderate,21.4
17185,Vadodara,13-09-2023,06:15,Moderate,30.7
17186,Vadodara,22-08-2024,23:45,Low,33.3
17187,Vadodara,12-09-2023,16:45,Moderate,21.2
17188,Vadodara,2023.06.26,21:45,Severe,14.3
17189,Vadodara,2024.08.07,13:45,Moderate,29.9
17190,Vadodara,02/13/2024,17:00,Low,-28.6
17191,Vadodara,05/29/2024,07:00,High,17.3
17192,Vadodara,2024-09-29,19:45,,10.2
17193,Vadodara,2023.02.12,15:15,Moderate,25.4
17194,Vadodara,12/07/2024,19:30,High,12.3
17195,Vadodara,22/10/2023,18:15,High,10.7
17196,Vadodara,12/04/2024,07:30,Low,43.6
17197,Vadodara,28/11/2024,11:30,Moderate,23.6
17198,Vadodara,24/10/2023,06:45,Moderate,26.2
17199,Vadodara,2023.08.07,08:45,High,10.7
17200,Vadodara,29/03/2024,14:45,Moderate,28.0
17201,Vadodara,07/31/2024,15:45,Moderate,29.7
17202,Vadodara,10-09-2024,09:30,High,19.0
17203,Vadodara,22-10-2024,18:15,Moderate,26.2
17204,Vadodara,2023.07.14,06:45,High,18.3
17205,Vadodara,12/27/2024,21:00,Moderate,24.3
17206,Vadodara,2023.05.04,08:15,Severe,11.7
17207,Vadodara,20/09/2024,06:45,Low,38.6
17208,Vadodara,20-01-2024,16:45,Moderate,19.9
17209,Vadodara,2023-12-19,11:30,High,18.2
17210,Vadodara,16/09/2024,13:15,High,21.7
17211,Vadodara,22-11-2024,06:00,High,12.9
17212,Vadodara,2023-04-04,11:00,Moderate,32.4
17213,Vadodara,2024-11-14,09:00,Moderate,34.8
17214,Vadodara,20-04-2023,22:15,Moderate,30.6
17215,Vadodara,01/13/2023,07:00,Moderate,26.6
17216,Vadodara,2024-11-23,15:15,Low,34.3
17217,Vadodara,10-03-2024,06:00,Low,39.8
17218,Vadodara,11/17/2023,09:00,High,17.9
17219,Vadodara,07/07/2024,18:30,Severe,4.5
17220,Vadodara,27-04-2023,15:15,Low,-35.6
17221,Vadodara,2023.05.23,10:30,High,22.3
17222,Vadodara,27/10/2023,07:15,Severe,13.1
17223,Vadodara,2024.10.12,19:45,High,14.3
17224,Vadodara,09/11/2024,08:30,Moderate,22.2
17225,Vadodara,2023-04-12,10:15,Moderate,32.8
17226,Vadodara,09-11-2023,17:00,Moderate,22.3
17227,Vadodara,2023-06-20,13:30,Low,29.3
17228,Vadodara,2023.11.16,19:30,Severe,3.0
17229,Vadodara,2023.09.07,18:30,Severe,-9.0
17230,Vadodara,2024.03.24,07:30,Moderate,18.6
17231,Vadodara,2023.05.10,23:15,Moderate,37.0
17232,Vadodara,28/11/2024,10:30,Moderate,20.5
17233,Vadodara,2024-08-24,21:45,Moderate,27.1
17234,Vadodara,03/11/2024,20:30,Severe,3.0
17235,Vadodara,11/19/2024,17:30,High,18.6
17236,Vadodara,2024.06.24,09:30,Severe,8.9
17237,Vadodara,2023-02-02,06:15,Moderate,26.8
17238,Vadodara,2024.08.25,16:45,Moderate,34.0
17239,Vadodara,18-09-2024,18:30,Moderate,27.2
17240,Vadodara,04/07/2023,17:30,Low,42.2
17241,Vadodara,04/27/2024,18:30,Severe,12.5
17242,Vadodara,08-07-2024,09:45,Severe,4.3
17243,Vadodara,2023.05.05,15:30,High,18.3
17244,Vadodara,02/12/2024,08:30,Moderate,32.2
17245,Vadodara,2024-04-12,09:15,High,18.9
17246,Vadodara,2023.05.13,15:45,Severe,8.7
17247,Vadodara,2024.09.26,20:00,High,15.2
17248,Vadodara,30-03-2023,18:15,Severe,14.9
17249,Vadodara,2024-09-24,15:45,Low,33.6
17250,Vadodara,15/03/2024,12:00,Moderate,22.5
17251,Vadodara,2024-02-09,22:30,Severe,17.3
17252,Vadodara,23/04/2024,19:45,High,15.2
17253,Vadodara,2023.02.07,19:45,Severe,5.9
17254,Vadodara,12/23/2023,09:00,Severe,6.8
17255,Vadodara,2024-06-07,18:15,Severe,12.9
17256,Vadodara,2023.02.24,16:00,Moderate,28.7
17257,Vadodara,16-12-2024,22:45,Moderate,30.3
17258,Vadodara,19/12/2023,07:45,Low,38.1
17259,Vadodara,02/21/2024,06:15,Moderate,27.6
17260,Vadodara,18-11-2024,20:45,High,12.8
17261,Vadodara,20-06-2024,03:30,Low,33.4
17262,Vadodara,10/16/2024,00:00,Moderate,19.9
17263,Vadodara,2024-03-21,11:45,Low,37.6
17264,Vadodara,2024-01-30,14:00,High,9.4
17265,Vadodara,2024.04.25,15:45,Moderate,32.7
17266,Vadodara,06/16/2023,09:45,Low,46.6
17267,Vadodara,2024.07.27,10:00,Moderate,32.4
17268,Vadodara,03-01-2024,21:30,Moderate,19.2
17269,Vadodara,2024.10.02,18:15,High,16.7
17270,Vadodara,2023.03.05,18:30,Severe,3.0
17271,Vadodara,17/10/2023,18:00,Severe,3.8
17272,Vadodara,2023-02-12,10:45,Low,37.0
17273,Vadodara,12/20/2024,09:15,Low,28.8
17274,Vadodara,31-01-2023,15:45,Moderate,29.2
17275,Vadodara,24/08/2023,11:45,Severe,8.2
17276,Vadodara,12/09/2024,07:00,Moderate,22.2
17277,Vadodara,29-06-2023,17:30,Low,37.4
17278,Vadodara,2023-05-03,15:30,High,25.2
17279,Vadodara,04/28/2023,17:45,Severe,5.3
17280,Vadodara,08-09-2024,15:00,High,13.9
17281,Vadodara,04/04/2023,17:15,Severe,3.0
17282,Vadodara,2024.09.22,07:00,Low,37.1
17283,Vadodara,29/08/2024,19:15,High,17.0
17284,Vadodara,06-07-2023,17:30,High,15.2
17285,Vadodara,19-12-2024,08:30,High,12.3
17286,Vadodara,09-01-2024,09:30,High,15.5
17287,Vadodara,08-08-2023,19:00,Severe,13.6
17288,Vadodara,10-04-2024,19:30,Severe,5.2
17289,Vadodara,09/19/2023,04:30,Low,44.7
17290,Vadodara,01-12-2024,09:45,Severe,6.5
17291,Vadodara,2023-04-22,13:00,Low,42.0
17292,Vadodara,01/22/2023,11:45,Severe,8.0
17293,Vadodara,2023-04-03,08:30,Moderate,28.6
17294,Vadodara,14-06-2023,20:45,High,22.4
17295,Vadodara,2024-08-18,08:30,High,18.1
17296,Vadodara,2024.07.12,14:00,Moderate,22.2
17297,Vadodara,04/05/2023,13:00,High,20.2
17298,Vadodara,19/01/2024,16:15,Moderate,27.8
17299,Vadodara,29/03/2024,20:15,High,14.4
17300,Vadodara,2024-09-05,18:00,High,16.5
17301,Vadodara,03/09/2024,22:00,Severe,15.2
17302,Vadodara,2024.04.18,21:15,Moderate,26.4
17303,Vadodara,2023.08.23,09:15,Severe,11.3
17304,Vadodara,15-02-2024,13:15,Low,42.5
17305,Vadodara,01/07/2023,00:15,Low,38.9
17306,Vadodara,14-03-2024,07:45,Severe,9.1
17307,Vadodara,2023.03.05,18:15,Moderate,21.8
17308,Vadodara,20-02-2024,08:45,,11.2
17309,Vadodara,07-09-2023,07:15,Low,41.0
17310,Vadodara,09/13/2023,21:45,Moderate,18.9
17311,Vadodara,28/04/2024,10:15,Low,33.3
17312,Vadodara,2023-10-14,16:15,Moderate,14.2
17313,Vadodara,16-03-2023,07:00,Moderate,36.0
17314,Vadodara,09-10-2024,19:15,Moderate,28.8
17315,Vadodara,2023-03-13,19:15,Severe,5.0
17316,Vadodara,2023.07.20,10:45,High,14.6
17317,Vadodara,2023-02-01,10:30,Moderate,30.8
17318,Vadodara,2024-09-03,08:30,Severe,8.4
17319,Vadodara,11/11/2023,18:15,High,17.4
17320,Vadodara,02/15/2023,11:00,Low,36.6
17321,Vadodara,2023-01-20,09:00,Severe,7.7
17322,Vadodara,05/29/2023,18:30,Moderate,20.5
17323,Vadodara,18/07/2024,08:30,Severe,3.2
17324,Vadodara,2023-09-14,19:30,Severe,10.8
17325,Vadodara,2023.06.12,14:00,High,10.7
17326,Vadodara,2024-08-28,18:15,Severe,9.7
17327,Vadodara,2024-11-14,18:45,Severe,9.3
17328,Vadodara,07-04-2024,18:00,High,8.3
17329,Vadodara,10/02/2023,08:00,High,18.1
17330,Vadodara,2023-11-28,08:30,Severe,3.0
17331,Vadodara,11-11-2024,09:15,Severe,10.4
17332,Vadodara,29/09/2023,06:15,Moderate,24.5
17333,Vadodara,30/07/2023,08:30,Severe,3.0
17334,Vadodara,12/08/2023,12:00,Moderate,31.2
17335,Vadodara,2024-10-14,17:45,Moderate,28.2
17336,Vadodara,07-12-2024,20:45,High,11.6
17337,Vadodara,2023.10.20,09:30,Severe,14.2
17338,Vadodara,2024-07-18,07:30,Low,37.7
17339,Vadodara,2024.10.07,12:15,Moderate,27.9
17340,Vadodara,01-02-2024,20:30,Severe,8.1
17341,Vadodara,14/01/2023,08:00,Moderate,24.3
17342,Vadodara,2023.11.11,15:30,Low,39.9
17343,Vadodara,07/31/2024,10:30,Moderate,28.7
17344,Vadodara,17-12-2023,17:45,High,12.5
17345,Vadodara,08/12/2024,08:00,High,8.2
17346,Vadodara,2023-07-06,08:45,Severe,7.6
17347,Vadodara,30/06/2024,07:15,Moderate,19.1
17348,Vadodara,03/08/2023,18:45,Severe,12.4
17349,Vadodara,2024.01.15,08:15,Severe,3.0
17350,Vadodara,2024-01-09,15:30,Severe,12.0
17351,Vadodara,2024.07.14,08:15,High,15.2
17352,Vadodara,10-09-2023,14:00,Moderate,27.3
17353,Vadodara,2023.03.11,11:45,Moderate,29.9
17354,Vadodara,2024.05.10,08:45,High,23.7
17355,Vadodara,2024.05.04,06:15,High,11.0
17356,Vadodara,11-06-2023,13:45,Moderate,-20.3
17357,Vadodara,2024.08.20,16:30,Low,39.1
17358,Vadodara,02/12/2024,13:30,High,14.0
17359,Vadodara,07-06-2024,18:00,Severe,10.9
17360,Vadodara,09/21/2024,18:15,High,18.6
17361,Vadodara,2024-09-15,07:45,Moderate,27.4
17362,Vadodara,09/10/2023,08:00,Moderate,32.1
17363,Vadodara,2024-04-30,08:00,High,90.1
17364,Vadodara,2023-11-16,17:00,Moderate,18.5
17365,Vadodara,10/25/2023,17:00,Moderate,20.1
17366,Vadodara,05/13/2023,19:15,Low,39.2
17367,Vadodara,2023.03.27,15:45,Moderate,23.9
17368,Vadodara,2023-04-27,09:30,High,23.7
17369,Vadodara,10/08/2024,21:30,Severe,16.4
17370,Vadodara,11/23/2024,12:30,Low,40.1
17371,Vadodara,2024-11-10,11:15,Low,45.8
17372,Vadodara,23-08-2023,21:45,Moderate,37.5
17373,Vadodara,04/05/2023,12:30,High,13.8
17374,Vadodara,23/04/2023,01:15,High,17.6
17375,Vadodara,2023.07.11,19:45,Severe,10.7
17376,Vadodara,01/26/2024,15:15,High,18.4
17377,Vadodara,2023-05-28,05:00,Low,39.6
17378,Vadodara,21/11/2024,13:15,Moderate,25.2
17379,Vadodara,06/12/2024,19:30,High,12.1
17380,Vadodara,11/05/2023,12:30,Moderate,28.3
17381,Vadodara,2024-01-29,10:00,Low,31.2
17382,Vadodara,2024.12.18,08:15,Moderate,22.6
17383,Vadodara,10/05/2024,08:45,Moderate,39.4
17384,Vadodara,21-12-2023,19:00,Moderate,26.8
17385,Vadodara,27/06/2024,19:30,Moderate,22.6
17386,Vadodara,2024.07.07,14:45,Low,36.3
17387,Vadodara,04/10/2023,14:45,Moderate,31.7
17388,Vadodara,19/10/2024,08:45,High,12.7
17389,Vadodara,2024.07.03,09:30,Severe,8.4
17390,Vadodara,01/04/2024,08:30,Severe,12.1
17391,Vadodara,02/13/2024,01:15,Low,34.7
17392,Vadodara,2023-08-02,06:30,Severe,11.1
17393,Vadodara,10/26/2024,08:30,Low,28.8
17394,Vadodara,24/11/2024,07:45,Low,31.2
17395,Vadodara,15/01/2024,07:15,Severe,3.0
17396,Vadodara,09/04/2024,12:00,Moderate,20.8
17397,Vadodara,2023-06-29,15:00,High,20.7
17398,Vadodara,08/01/2024,08:45,High,9.2
17399,Vadodara,2024-02-07,15:15,Moderate,34.8
17400,Vadodara,06/17/2023,08:30,Severe,9.4
17401,Vadodara,25-01-2024,17:00,Moderate,39.3
17402,Vadodara,06/05/2024,00:15,Low,35.0
17403,Vadodara,2024.09.18,21:30,Low,35.7
17404,Vadodara,31/10/2024,11:15,Moderate,16.5
17405,Vadodara,10/02/2024,08:15,Severe,14.7
17406,Vadodara,2023-03-03,22:30,Moderate,33.2
17407,Vadodara,08/04/2024,17:15,High,19.8
17408,Vadodara,16/10/2024,05:00,Low,31.0
17409,Vadodara,2024.02.15,16:00,Moderate,29.6
17410,Vadodara,18/11/2023,17:15,Moderate,23.0
17411,Vadodara,01-04-2023,08:00,Severe,5.0
17412,Vadodara,03/11/2024,17:00,Moderate,34.2
17413,Vadodara,08/13/2023,19:45,Low,33.9
17414,Vadodara,2024.03.08,08:30,Moderate,16.7
17415,Vadodara,2024-09-12,08:15,High,22.2
17416,Vadodara,09/28/2023,22:00,Moderate,27.4
17417,Vadodara,26-10-2024,22:00,Moderate,28.2
17418,Vadodara,14/08/2024,17:15,Severe,11.2
17419,Vadodara,2023-02-27,16:30,Severe,4.5
17420,Vadodara,01-01-2023,09:30,Severe,6.2
17421,Vadodara,05-10-2024,06:00,Moderate,26.3
17422,Vadodara,2024-05-30,09:15,Severe,15.5
17423,Vadodara,2024.06.11,11:15,Moderate,35.2
17424,Vadodara,25-08-2024,20:30,High,20.4
17425,Vadodara,2023.06.02,11:30,Moderate,26.7
17426,Vadodara,03/13/2023,22:45,Moderate,20.6
17427,Vadodara,28-11-2024,13:00,Low,32.9
17428,Vadodara,03/31/2023,12:00,High,16.2
17429,Vadodara,10/31/2023,08:30,High,26.4
17430,Vadodara,2024-08-31,17:15,Low,35.1
17431,Vadodara,20-12-2023,11:45,Moderate,27.3
17432,Vadodara,2024.10.30,08:45,Severe,5.4
17433,Vadodara,2023.12.29,03:45,Moderate,25.6
17434,Vadodara,2024.11.20,18:45,Low,39.0
17435,Vadodara,18-11-2024,13:00,Moderate,26.0
17436,Vadodara,2024-07-24,20:15,Severe,15.5
17437,Vadodara,2024.06.24,08:00,Moderate,32.7
17438,Vadodara,25-11-2023,19:00,High,17.6
17439,Vadodara,2023-02-14,08:00,High,20.5
17440,Vadodara,2024.01.11,17:00,Severe,7.6
17441,Vadodara,05/29/2023,11:15,Low,35.2
17442,Vadodara,28/03/2024,18:15,High,18.4
17443,Vadodara,21-07-2024,16:30,High,19.3
17444,Vadodara,2024-07-25,22:45,Moderate,35.9
17445,Vadodara,2024-11-13,14:30,Low,40.4
17446,Vadodara,15-06-2023,15:15,High,10.1
17447,Vadodara,2023.04.19,08:15,Severe,17.5
17448,Vadodara,23/02/2023,18:15,High,8.4
17449,Vadodara,17/03/2024,16:00,Moderate,23.7
17450,Vadodara,09/29/2024,22:00,Low,38.7
17451,Vadodara,21/01/2023,21:00,High,9.7
17452,Vadodara,05/02/2023,17:45,Low,38.0
17453,Vadodara,03-10-2023,11:00,High,11.6
17454,Vadodara,2023.09.09,18:00,High,15.0
17455,Vadodara,08/01/2024,14:45,Moderate,34.9
17456,Vadodara,2024.04.25,16:00,Moderate,26.0
17457,Vadodara,2024-12-05,12:00,Moderate,26.6
17458,Vadodara,30-07-2024,18:00,Moderate,28.7
17459,Vadodara,2024.04.23,15:00,Low,36.0
17460,Vadodara,2024-06-30,17:30,High,23.4
17461,Vadodara,11/13/2024,18:45,Severe,3.0
17462,Vadodara,2024.04.15,18:30,High,24.2
17463,Vadodara,08/24/2023,14:15,Moderate,31.4
17464,Vadodara,18/01/2024,03:30,Low,35.9
17465,Vadodara,19/11/2023,14:45,Low,38.0
17466,Vadodara,05/23/2023,13:00,Moderate,28.5
17467,Vadodara,19-11-2023,07:30,Moderate,34.5
17468,Vadodara,26-06-2023,19:15,High,18.1
17469,Vadodara,02-12-2024,16:30,High,16.4
17470,Vadodara,12/02/2024,07:45,Moderate,18.1
17471,Vadodara,2023.08.17,17:00,Moderate,30.1
17472,Vadodara,19-04-2024,07:15,High,22.3
17473,Vadodara,18-03-2023,09:00,High,19.3
17474,Vadodara,2024-11-06,20:00,High,15.5
17475,Vadodara,03-09-2024,11:45,High,5.4
17476,Vadodara,09-03-2023,13:30,Low,35.6
17477,Vadodara,21/01/2024,10:45,High,12.9
17478,Vadodara,04/20/2024,16:45,High,22.9
17479,Vadodara,2023.08.14,08:30,Severe,6.8
17480,Vadodara,2023.10.13,18:00,High,10.9
17481,Vadodara,03/02/2024,18:45,Severe,3.0
17482,Vadodara,12/25/2024,17:15,Low,44.1
17483,Vadodara,2023-05-15,08:30,High,17.0
17484,Vadodara,01/29/2023,14:30,High,17.6
17485,Vadodara,08-04-2024,16:30,High,12.8
17486,Vadodara,16/02/2024,02:15,Moderate,25.7
17487,Vadodara,08/11/2023,13:30,Severe,3.0
17488,Vadodara,06/06/2023,12:30,Low,36.8
17489,Vadodara,11/12/2024,12:00,Low,33.8
17490,Vadodara,10/10/2023,18:15,High,20.5
17491,Vadodara,18-04-2023,09:45,Severe,11.3
17492,Vadodara,24/04/2024,13:30,Moderate,17.5
17493,Vadodara,06/03/2023,08:15,Severe,10.6
17494,Vadodara,06/19/2023,18:00,Moderate,28.6
17495,Vadodara,05-09-2024,08:00,High,9.3
17496,Vadodara,06/06/2023,08:30,High,16.5
17497,Vadodara,2023.03.20,16:45,High,18.6
17498,Vadodara,18/12/2024,18:00,Severe,3.3
17499,Vadodara,09/23/2023,18:15,High,18.0
17500,Vadodara,2024.07.16,13:45,Low,36.4
17501,Vadodara,29-08-2023,09:15,High,11.6
17502,Vadodara,11-03-2023,17:30,High,17.3
17503,Vadodara,08/22/2023,13:30,Low,38.7
17504,Vadodara,16-10-2023,18:15,Severe,12.4
17505,Vadodara,05-07-2024,07:30,High,17.4
17506,Vadodara,2023.12.25,19:45,High,17.5
17507,Vadodara,08/05/2024,08:30,,12.0
17508,Vadodara,2024-12-24,21:45,Moderate,32.3
17509,Vadodara,17-03-2024,09:45,Severe,5.3
17510,Vadodara,11/12/2024,11:15,Moderate,21.2
17511,Vadodara,08/27/2023,07:45,High,18.7
17512,Vadodara,2024.09.09,07:45,Low,35.7
17513,Vadodara,2024-05-18,00:30,Moderate,26.2
17514,Vadodara,02/04/2024,20:45,Moderate,23.7
17515,Vadodara,2024-02-08,18:15,High,10.6
17516,Vadodara,29/08/2023,19:15,Moderate,23.9
17517,Vadodara,2023-11-21,17:15,Severe,8.2
17518,Vadodara,2024-10-03,18:45,Severe,5.4
17519,Vadodara,31-10-2024,17:00,Low,49.3
17520,Vadodara,2024.09.25,17:15,Severe,8.7
17521,Vadodara,2023-08-04,15:15,Low,37.1
17522,Vadodara,12/09/2023,08:30,High,16.6
17523,Vadodara,06/13/2024,08:15,Severe,5.0
17524,Vadodara,2023.02.19,16:45,Low,42.3
17525,Vadodara,02-08-2024,13:15,Low,38.1
17526,Vadodara,2024-01-15,17:45,High,25.4
17527,Vadodara,2024.07.09,14:15,High,22.6
17528,Vadodara,15/07/2023,09:30,High,24.5
17529,Vadodara,2024.12.09,11:30,Severe,9.1
17530,Vadodara,2024.09.09,18:15,Moderate,32.4
17531,Vadodara,16/06/2023,06:15,Moderate,29.7
17532,Vadodara,2023.08.11,14:45,Moderate,28.5
17533,Vadodara,2023.11.20,18:15,Low,39.0
17534,Vadodara,01/09/2023,21:15,Low,46.5
17535,Vadodara,2023.02.22,12:15,Moderate,20.6
17536,Vadodara,10/08/2023,16:15,Moderate,26.8
17537,Vadodara,02/23/2024,11:30,Moderate,28.2
17538,Vadodara,15/09/2024,22:30,Moderate,23.1
17539,Vadodara,13/12/2023,22:45,Moderate,30.6
17540,Vadodara,04/11/2024,22:15,Low,37.7
17541,Vadodara,2024-03-11,04:45,Low,44.0
17542,Vadodara,03/27/2024,08:45,High,13.9
17543,Vadodara,2023.01.31,13:00,High,20.0
17544,Vadodara,09/08/2023,11:15,Low,32.9
17545,Vadodara,2024.03.07,15:00,Moderate,20.5
17546,Vadodara,02/12/2023,11:00,Low,33.2
17547,Vadodara,17-10-2023,14:00,High,14.4
17548,Vadodara,2023.02.26,00:00,High,10.1
17549,Vadodara,01/15/2024,06:00,Moderate,33.3
17550,Vadodara,2023-08-22,09:45,Moderate,18.1
17551,Vadodara,18/03/2023,06:30,Moderate,23.7
17552,Vadodara,2023-02-21,05:00,Low,43.6
17553,Vadodara,10/25/2023,07:00,Low,47.3
17554,Vadodara,21-11-2023,10:30,Severe,9.9
17555,Vadodara,22/03/2024,07:45,Moderate,28.9
17556,Vadodara,30/07/2024,19:30,High,19.2
17557,Vadodara,20/07/2023,18:15,Moderate,33.9
17558,Vadodara,07-07-2023,12:30,Low,31.3
17559,Vadodara,2023-04-19,13:45,High,16.9
17560,Vadodara,02-05-2023,12:00,High,3.2
17561,Vadodara,2023.08.07,18:30,High,15.3
17562,Vadodara,04/22/2024,08:30,High,8.6
17563,Vadodara,2023.10.16,08:45,Moderate,21.6
17564,Vadodara,06-04-2023,19:15,Moderate,40.9
17565,Vadodara,2023-03-04,18:45,High,-28.8
17566,Vadodara,2024-05-14,16:00,Moderate,28.1
17567,Vadodara,2024-09-15,17:15,Low,40.1
17568,Vadodara,08/06/2023,16:45,Moderate,26.7
17569,Vadodara,25/02/2024,12:15,Low,42.6
17570,Vadodara,2023-03-14,17:00,Moderate,23.9
17571,Vadodara,21-11-2023,08:45,High,15.7
17572,Vadodara,2023-12-02,08:45,Moderate,32.9
17573,Vadodara,21-06-2024,21:15,Moderate,33.3
17574,Vadodara,30/10/2023,08:15,Moderate,24.5
17575,Vadodara,12/09/2023,16:45,High,14.0
17576,Vadodara,23/12/2023,01:30,High,13.6
17577,Vadodara,2024.07.02,19:30,Severe,3.0
17578,Vadodara,2023-03-20,12:30,High,20.3
17579,Vadodara,07-01-2023,20:00,Moderate,27.4
17580,Vadodara,2024.09.13,14:00,Moderate,23.3
17581,Vadodara,2024-09-07,21:30,Moderate,32.1
17582,Vadodara,29/02/2024,09:45,High,15.9
17583,Vadodara,12/26/2024,07:00,Low,40.9
17584,Vadodara,03/01/2023,18:45,Moderate,17.8
17585,Vadodara,19-07-2024,20:15,Low,39.0
17586,Vadodara,04/24/2024,07:00,High,10.2
17587,Vadodara,03/10/2024,07:30,Low,40.8
17588,Vadodara,2023-03-11,11:45,High,10.0
17589,Vadodara,18-10-2024,13:30,Moderate,31.2
17590,Vadodara,16/12/2024,19:45,High,20.3
17591,Vadodara,2023.07.21,21:45,Severe,8.3
17592,Vadodara,12/03/2024,09:45,High,12.2
17593,Vadodara,2024.09.02,18:45,High,-12.7
17594,Vadodara,17/03/2024,08:15,Low,36.3
17595,Vadodara,11/10/2023,17:45,Moderate,27.5
17596,Vadodara,15-04-2024,09:45,Low,39.0
17597,Vadodara,15/06/2024,06:00,Moderate,20.6
17598,Vadodara,2024-12-14,07:45,High,11.5
17599,Vadodara,19-05-2023,19:45,Moderate,16.0
17600,Vadodara,02/21/2023,17:00,Moderate,27.6
17601,Vadodara,2023.08.28,11:30,Moderate,29.0
17602,Vadodara,30-05-2023,19:45,High,19.2
17603,Vadodara,2023-01-06,14:00,Moderate,23.4
17604,Vadodara,12/02/2023,11:15,Moderate,32.5
17605,Vadodara,28/09/2024,06:45,Low,41.2
17606,Vadodara,19/10/2024,19:15,High,11.5
17607,Raipur,05/08/2023,05:00,Low,36.2
17608,Raipur,03/29/2024,23:30,High,13.5
17609,Raipur,2023-03-17,18:00,Moderate,17.0
17610,Raipur,12/30/2023,09:00,Low,28.6
17611,Raipur,2023-06-18,18:00,High,9.6
17612,Raipur,2024-03-09,19:15,Severe,4.6
17613,Raipur,05-12-2024,08:30,Severe,7.3
17614,Raipur,19-09-2024,07:15,Moderate,35.5
17615,Raipur,2023.03.15,17:00,High,15.5
17616,Raipur,05/22/2024,18:45,High,11.9
17617,Raipur,02-08-2023,19:15,Severe,3.0
17618,Raipur,2024-07-11,21:45,Moderate,27.2
17619,Raipur,04/12/2023,10:15,Severe,4.6
17620,Raipur,2023-10-11,21:15,Low,26.7
17621,Raipur,21/07/2023,18:15,Moderate,27.9
17622,Raipur,2024-12-23,16:45,High,20.8
17623,Raipur,20-01-2024,07:45,Low,40.0
17624,Raipur,2023.11.10,07:45,Moderate,16.5
17625,Raipur,28-02-2024,07:15,Low,36.3
17626,Raipur,2024.12.09,20:45,Severe,13.3
17627,Raipur,05/04/2023,19:15,,22.1
17628,Raipur,26/07/2024,17:45,Moderate,27.6
17629,Raipur,2023.07.11,12:15,High,23.8
17630,Raipur,06/21/2024,17:15,High,19.7
17631,Raipur,03/10/2023,08:15,Moderate,29.3
17632,Raipur,2023.03.12,18:30,Severe,16.0
17633,Raipur,29-01-2024,12:00,High,4.5
17634,Raipur,2023.01.30,07:45,Moderate,24.6
17635,Raipur,2024.09.11,08:45,High,17.3
17636,Raipur,2023.05.12,16:30,Low,42.4
17637,Raipur,21-08-2024,06:00,Severe,11.3
17638,Raipur,2023-06-06,18:00,High,4.9
17639,Raipur,14-07-2023,08:15,Severe,12.8
17640,Raipur,01/29/2024,06:30,Low,42.7
17641,Raipur,08/03/2024,07:00,Moderate,32.5
17642,Raipur,11-08-2023,13:30,Moderate,28.6
17643,Raipur,09/08/2024,08:15,Severe,11.8
17644,Raipur,12/01/2023,07:30,Low,41.1
17645,Raipur,02-10-2023,10:30,Moderate,30.5
17646,Raipur,25/03/2024,08:45,Moderate,32.7
17647,Raipur,2023.01.27,03:45,Low,43.0
17648,Raipur,07/21/2024,13:15,Low,37.0
17649,Raipur,2023.01.03,18:30,Severe,3.0
17650,Raipur,09/05/2023,14:15,Low,33.7
17651,Raipur,07/22/2023,04:45,Low,24.8
17652,Raipur,2023.02.01,17:45,Moderate,25.3
17653,Raipur,26-02-2023,06:00,Moderate,26.2
17654,Raipur,2024.03.31,08:30,Low,40.4
17655,Raipur,06-06-2024,14:45,Moderate,25.5
17656,Raipur,24/10/2024,17:45,Moderate,27.3
17657,Raipur,13/09/2024,10:30,Moderate,20.7
17658,Raipur,23-09-2023,10:45,Moderate,19.9
17659,Raipur,08-01-2024,08:30,High,18.7
17660,Raipur,09/05/2024,07:00,High,11.6
17661,Raipur,02-08-2023,21:00,High,26.9
17662,Raipur,13/07/2024,11:30,Low,31.4
17663,Raipur,06/06/2023,09:00,High,14.6
17664,Raipur,22-03-2024,15:00,Severe,6.8
17665,Raipur,2024.12.23,08:00,High,17.3
17666,Raipur,2023-03-06,18:45,High,16.9
17667,Raipur,2023.12.19,16:30,High,19.7
17668,Raipur,2023-06-21,19:30,Severe,15.7
17669,Raipur,2024.05.05,15:15,Severe,5.4
17670,Raipur,07/09/2024,21:45,Severe,5.7
17671,Raipur,05/08/2024,19:30,Moderate,26.8
17672,Raipur,03/19/2023,22:00,Moderate,28.5
17673,Raipur,2024.06.22,09:45,Moderate,30.1
17674,Raipur,15-06-2023,05:45,Low,40.7
17675,Raipur,2023-06-15,16:30,Severe,3.0
17676,Raipur,04/04/2023,09:45,Low,32.9
17677,Raipur,09-11-2024,08:00,High,14.9
17678,Raipur,2024-09-30,14:00,Low,43.5
17679,Raipur,12/20/2024,18:00,High,21.9
17680,Raipur,2023-06-30,19:15,Moderate,24.8
17681,Raipur,12/08/2024,13:15,Moderate,25.1
17682,Raipur,15-06-2023,06:45,Severe,-7.1
17683,Raipur,25/02/2024,06:00,Moderate,32.4
17684,Raipur,05/03/2024,17:30,Moderate,30.3
17685,Raipur,21-03-2023,07:00,Low,37.2
17686,Raipur,2024.01.06,18:30,High,12.3
17687,Raipur,05/16/2023,19:45,Severe,9.6
17688,Raipur,2024.02.21,18:00,Low,34.9
17689,Raipur,07/03/2023,17:15,High,-27.7
17690,Raipur,05/18/2023,07:45,Low,38.2
17691,Raipur,2024-11-21,06:15,Low,36.0
17692,Raipur,04/21/2023,18:45,High,12.4
17693,Raipur,09/27/2023,11:15,High,15.3
17694,Raipur,06/20/2023,15:00,Moderate,23.0
17695,Raipur,2023-06-16,08:00,High,16.3
17696,Raipur,2023-03-07,17:15,High,15.7
17697,Raipur,14/06/2024,08:00,Severe,4.6
17698,Raipur,05/10/2023,16:15,High,15.8
17699,Raipur,09/05/2024,06:15,Moderate,31.8
17700,Raipur,2023.03.15,03:45,Low,34.4
17701,Raipur,05/14/2024,18:00,Moderate,26.1
17702,Raipur,2023-03-04,19:30,High,18.5
17703,Raipur,06/10/2024,08:45,Moderate,20.8
17704,Raipur,08-07-2024,15:15,Moderate,20.7
17705,Raipur,20/05/2024,03:15,Low,40.9
17706,Raipur,2024.07.30,07:45,Severe,3.0
17707,Raipur,24/07/2023,08:00,Severe,8.1
17708,Raipur,26/01/2023,13:15,Low,39.2
17709,Raipur,16/09/2023,08:15,High,14.8
17710,Raipur,23-12-2023,18:30,High,17.4
17711,Raipur,09/30/2023,17:15,Moderate,32.8
17712,Raipur,18-01-2023,13:45,Low,26.6
17713,Raipur,06/26/2023,19:45,Moderate,25.2
17714,Raipur,2023-09-03,14:45,Low,47.6
17715,Raipur,11-12-2023,19:30,Low,30.0
17716,Raipur,2024.04.02,17:45,Low,36.7
17717,Raipur,2023-03-14,16:15,Severe,4.4
17718,Raipur,12/13/2023,07:30,Low,36.6
17719,Raipur,09-11-2023,22:45,High,19.3
17720,Raipur,2024-07-04,14:30,Severe,3.0
17721,Raipur,11/21/2023,09:00,Moderate,30.2
17722,Raipur,22-09-2023,11:30,Severe,3.0
17723,Raipur,2023-04-08,08:45,High,11.4
17724,Raipur,2024.08.25,08:45,Severe,9.1
17725,Raipur,2024.03.07,16:00,Moderate,20.7
17726,Raipur,24-05-2024,09:45,Severe,3.8
17727,Raipur,27/04/2023,08:45,High,14.3
17728,Raipur,2024-07-19,16:00,Moderate,25.3
17729,Raipur,01/24/2023,12:30,High,23.0
17730,Raipur,2024-09-17,16:45,Low,39.5
17731,Raipur,01/18/2024,20:00,Moderate,22.1
17732,Raipur,2024-09-03,18:30,High,21.8
17733,Raipur,2023-09-24,09:30,High,12.9
17734,Raipur,02-05-2023,08:45,Moderate,33.0
17735,Raipur,01/09/2024,07:00,Moderate,39.1
17736,Raipur,2024.04.13,21:15,Low,35.3
17737,Raipur,03-04-2023,20:15,Severe,8.1
17738,Raipur,03/14/2024,02:45,Low,42.0
17739,Raipur,2024-08-05,09:30,High,17.7
17740,Raipur,01/30/2023,15:15,Low,34.5
17741,Raipur,04/16/2024,17:15,Low,33.9
17742,Raipur,2023.09.27,07:15,Moderate,27.7
17743,Raipur,09/19/2024,11:00,Moderate,29.0
17744,Raipur,2024.08.20,08:00,Severe,8.6
17745,Raipur,12/18/2023,11:00,High,17.9
17746,Raipur,07/28/2023,12:15,Moderate,19.0
17747,Raipur,21/02/2024,19:45,High,10.9
17748,Raipur,05-07-2023,17:00,Moderate,20.2
17749,Raipur,03-02-2023,18:15,Severe,11.9
17750,Raipur,08/29/2024,06:30,Moderate,18.3
17751,Raipur,2024.07.16,21:15,Low,41.6
17752,Raipur,27-10-2024,13:15,High,9.3
17753,Raipur,2023-10-19,10:45,Moderate,28.0
17754,Raipur,2023.03.08,19:15,High,14.0
17755,Raipur,10-12-2024,07:00,Severe,13.3
17756,Raipur,11/12/2023,13:15,High,9.3
17757,Raipur,23/03/2024,16:30,Moderate,24.3
17758,Raipur,2024.01.25,06:00,Low,42.7
17759,Raipur,03/05/2024,16:45,High,15.3
17760,Raipur,2023.10.12,20:00,Severe,4.3
17761,Raipur,26-03-2023,03:00,Low,47.9
17762,Raipur,18-04-2023,07:00,Moderate,28.6
17763,Raipur,2024.12.02,20:15,High,15.2
17764,Raipur,2023-08-21,22:45,Low,39.8
17765,Raipur,2024-09-19,23:15,Moderate,29.7
17766,Raipur,06/05/2023,18:00,Moderate,28.9
17767,Raipur,2024-10-28,18:30,High,10.0
17768,Raipur,2024.04.27,09:45,Severe,14.1
17769,Raipur,2024.04.25,08:30,Severe,3.8
17770,Raipur,05/05/2023,22:00,Moderate,28.5
17771,Raipur,2023.07.22,16:15,Low,46.4
17772,Raipur,21/04/2024,07:00,Moderate,21.2
17773,Raipur,06/13/2024,17:45,Moderate,21.0
17774,Raipur,2023-12-06,14:45,Low,42.5
17775,Raipur,12/20/2024,17:45,Moderate,27.7
17776,Raipur,04-07-2023,19:30,High,16.1
17777,Raipur,14-11-2024,07:00,Low,41.0
17778,Raipur,2024.12.21,13:30,Moderate,25.6
17779,Raipur,06/10/2023,08:30,Severe,11.8
17780,Raipur,08-05-2023,08:45,Severe,7.2
17781,Raipur,08/17/2024,15:15,Low,44.8
17782,Raipur,15/11/2024,01:45,High,15.9
17783,Raipur,21-09-2023,00:00,Low,36.1
17784,Raipur,2023.07.04,19:15,High,10.3
17785,Raipur,2023.11.05,18:15,Moderate,23.0
17786,Raipur,14/01/2023,09:00,Severe,4.8
17787,Raipur,01/15/2024,15:15,Severe,8.0
17788,Raipur,14-09-2024,18:15,,21.3
17789,Raipur,2023.07.11,08:00,High,13.5
17790,Raipur,05/27/2023,07:30,Moderate,23.7
17791,Raipur,11-02-2023,14:00,High,27.6
17792,Raipur,2024.02.12,16:15,Moderate,27.3
17793,Raipur,2024.07.25,06:15,Moderate,31.3
17794,Raipur,14-08-2024,19:00,High,13.5
17795,Raipur,2024-07-26,20:15,Moderate,27.0
17796,Raipur,2024.05.05,03:00,Low,31.9
17797,Raipur,08/22/2023,06:15,Severe,6.0
17798,Raipur,2023.10.04,11:30,Moderate,24.2
17799,Raipur,13/10/2023,14:45,Moderate,31.0
17800,Raipur,05/11/2023,14:00,Low,41.0
17801,Raipur,2023-03-18,10:30,Moderate,27.4
17802,Raipur,2023-04-18,20:15,High,11.9
17803,Raipur,05/04/2024,11:30,Moderate,27.1
17804,Raipur,2024.03.02,10:30,High,13.9
17805,Raipur,2023.03.31,18:00,Moderate,27.7
17806,Raipur,2023.03.13,20:00,Moderate,20.1
17807,Raipur,2023-08-31,10:15,Severe,3.0
17808,Raipur,2024-08-16,07:45,Low,37.5
17809,Raipur,2023.09.28,21:00,Moderate,28.4
17810,Raipur,06/29/2024,12:30,Moderate,33.1
17811,Raipur,2023-02-07,17:45,Low,37.8
17812,Raipur,2023.10.20,17:30,High,18.6
17813,Raipur,2024.12.12,05:00,Moderate,32.8
17814,Raipur,2024.07.07,07:30,Moderate,40.1
17815,Raipur,18/06/2024,09:45,High,16.0
17816,Raipur,02/20/2024,17:00,Moderate,26.4
17817,Raipur,2023-06-05,19:30,High,21.8
17818,Raipur,06/26/2023,18:00,Severe,3.0
17819,Raipur,2024-04-30,09:15,High,18.0
17820,Raipur,2024.04.15,20:30,High,17.8
17821,Raipur,2023.06.10,10:45,Severe,8.4
17822,Raipur,2024-02-24,13:15,Severe,18.7
17823,Raipur,27-11-2024,14:15,Moderate,37.3
17824,Raipur,2024.11.06,17:30,Moderate,24.9
17825,Raipur,26-11-2023,17:30,High,14.3
17826,Raipur,07/02/2023,19:00,High,9.4
17827,Raipur,10/06/2023,07:15,High,7.8
17828,Raipur,30/04/2024,18:45,Severe,10.0
17829,Raipur,06-12-2023,11:15,Low,36.7
17830,Raipur,2023.03.15,06:45,Low,80.6
17831,Raipur,2024.05.06,14:15,Moderate,21.6
17832,Raipur,2023.01.10,07:30,High,9.0
17833,Raipur,2024-05-06,18:15,Severe,3.0
17834,Raipur,16-12-2023,18:15,Severe,7.3
17835,Raipur,2023-02-21,17:15,High,94.7
17836,Raipur,09/02/2023,06:45,Severe,11.7
17837,Raipur,2023.02.26,07:00,Moderate,22.4
17838,Raipur,2023-11-03,13:30,Moderate,36.1
17839,Raipur,08/06/2023,11:00,Moderate,28.3
17840,Raipur,05/03/2023,07:45,Moderate,24.9
17841,Raipur,2023.10.02,06:30,Low,47.3
17842,Raipur,05/17/2024,20:45,Low,34.3
17843,Raipur,26/12/2023,19:00,High,23.7
17844,Raipur,2023-02-02,18:45,Severe,11.2
17845,Raipur,2024.02.25,09:15,High,14.1
17846,Raipur,28-09-2023,18:30,High,18.0
17847,Raipur,2023.07.10,08:00,Moderate,31.9
17848,Raipur,11/05/2023,14:00,Moderate,14.7
17849,Raipur,25-09-2023,22:15,Severe,11.5
17850,Raipur,09/03/2024,07:00,Severe,15.8
17851,Raipur,2024-08-17,09:45,Moderate,18.3
17852,Raipur,2024-09-29,12:00,Low,38.9
17853,Raipur,2023-02-11,01:45,Low,45.9
17854,Raipur,06/04/2024,19:00,Moderate,28.6
17855,Raipur,11/17/2024,07:00,Moderate,24.2
17856,Raipur,2024.02.16,21:15,High,22.3
17857,Raipur,15/07/2023,14:15,Moderate,33.3
17858,Raipur,06/05/2024,21:30,,30.3
17859,Raipur,08/01/2024,16:15,Low,40.0
17860,Raipur,12/28/2023,09:45,High,19.0
17861,Raipur,22/03/2024,07:00,Moderate,30.3
17862,Raipur,04/03/2024,10:30,Severe,8.4
17863,Raipur,2023-07-31,12:45,High,11.0
17864,Raipur,10/20/2024,09:45,High,15.4
17865,Raipur,02/11/2024,05:30,Severe,12.1
17866,Raipur,2024.02.21,10:30,Low,31.9
17867,Raipur,19/03/2024,01:45,Moderate,30.9
17868,Raipur,08-10-2024,07:00,Low,52.0
17869,Raipur,2023-09-27,07:15,High,18.6
17870,Raipur,2024-06-13,15:45,High,10.1
17871,Raipur,2024.04.29,10:15,Moderate,26.2
17872,Raipur,02/02/2024,13:15,Low,44.0
17873,Raipur,01/01/2024,08:00,High,14.3
17874,Raipur,06/05/2023,18:30,High,84.2
17875,Raipur,2023-02-27,09:15,Severe,5.4
17876,Raipur,01-12-2024,07:15,Moderate,32.0
17877,Raipur,11/25/2024,09:45,High,15.9
17878,Raipur,2023-03-16,14:30,Moderate,34.6
17879,Raipur,01/07/2024,19:45,Severe,10.4
17880,Raipur,2024.04.16,23:00,Low,39.9
17881,Raipur,31/08/2023,08:30,,12.1
17882,Raipur,2024.01.28,08:45,Severe,3.0
17883,Raipur,2023.12.25,07:15,Severe,5.2
17884,Raipur,04/03/2024,13:45,Moderate,24.1
17885,Raipur,30/09/2024,00:45,Moderate,27.6
17886,Raipur,2023.12.25,19:30,Severe,8.2
17887,Raipur,26/06/2023,21:00,Moderate,21.6
17888,Raipur,2023-10-24,22:45,High,20.9
17889,Raipur,2024.03.27,08:30,Severe,4.6
17890,Raipur,08/28/2024,17:00,Low,35.7
17891,Raipur,02/20/2023,08:45,Moderate,31.9
17892,Raipur,2023-02-15,12:15,Low,37.6
17893,Raipur,25/07/2024,07:30,Low,43.5
17894,Raipur,05/29/2023,00:30,Low,34.0
17895,Raipur,10/06/2024,18:45,Low,42.8
17896,Raipur,07-07-2024,13:00,Low,38.1
17897,Raipur,22-12-2024,08:15,High,18.2
17898,Raipur,2024-07-11,21:45,Severe,3.5
17899,Raipur,2024-10-04,15:15,Severe,5.0
17900,Raipur,2023.06.11,18:30,High,6.9
17901,Raipur,21/01/2024,09:45,Moderate,24.8
17902,Raipur,2024-08-03,08:45,High,11.5
17903,Raipur,26-12-2024,21:45,High,20.0
17904,Raipur,04-05-2024,19:45,Severe,7.3
17905,Raipur,09-04-2023,17:30,High,10.9
17906,Raipur,2024-03-15,10:00,Low,39.1
17907,Raipur,06/02/2023,20:00,High,21.4
17908,Raipur,23-03-2024,21:15,Low,42.3
17909,Raipur,2024-07-11,18:30,Moderate,22.5
17910,Raipur,2023-01-11,21:00,High,19.0
17911,Raipur,2024.06.12,19:45,High,9.2
17912,Raipur,09-09-2023,07:45,High,14.5
17913,Raipur,2023-09-22,14:15,High,13.2
17914,Raipur,09/26/2023,12:15,High,17.1
17915,Raipur,26-06-2024,08:45,High,10.3
17916,Raipur,30-09-2024,06:00,Low,43.2
17917,Raipur,23/04/2024,20:00,High,7.4
17918,Raipur,13/07/2024,16:00,Severe,15.1
17919,Raipur,27-12-2023,07:30,High,29.0
17920,Raipur,2024.08.06,08:30,Severe,6.2
17921,Raipur,03/11/2023,20:30,High,-13.6
17922,Raipur,2023-01-16,21:45,Low,31.2
17923,Raipur,12/19/2024,07:45,Low,37.3
17924,Raipur,23/07/2023,06:00,Severe,6.9
17925,Raipur,2023.10.17,21:45,Moderate,34.5
17926,Raipur,29-11-2024,18:45,Severe,8.9
17927,Raipur,2023.12.02,08:45,Moderate,31.3
17928,Raipur,09/29/2024,19:45,Severe,12.5
17929,Raipur,2023.10.02,11:30,High,18.8
17930,Raipur,08/01/2023,19:00,Severe,14.4
17931,Raipur,2024-07-25,13:15,High,21.5
17932,Raipur,2023.08.08,19:00,Moderate,26.9
17933,Raipur,16/05/2024,07:00,Low,34.4
17934,Raipur,03/24/2023,21:30,Moderate,20.4
17935,Raipur,2024-06-05,14:45,Moderate,24.2
17936,Raipur,12/27/2023,10:30,Low,42.2
17937,Raipur,06/06/2024,09:30,High,15.6
17938,Raipur,2024-07-09,05:45,Low,50.5
17939,Raipur,2024-07-17,19:15,Severe,15.4
17940,Raipur,2024-08-21,08:00,High,19.7
17941,Raipur,14-09-2023,15:45,Moderate,20.4
17942,Raipur,03/12/2023,05:00,Moderate,36.1
17943,Raipur,12/01/2024,08:45,High,24.1
17944,Raipur,2023-09-10,21:00,High,22.5
17945,Raipur,06/25/2023,07:45,Low,38.3
17946,Raipur,2023.05.25,13:30,Low,33.2
17947,Raipur,10/12/2023,08:00,High,17.5
17948,Raipur,20/09/2023,06:45,Severe,9.5
17949,Raipur,08-04-2023,19:00,Severe,11.8
17950,Raipur,06/11/2024,22:45,Moderate,28.6
17951,Raipur,2024-11-25,17:15,Severe,14.1
17952,Raipur,07/04/2024,11:45,Low,26.4
17953,Raipur,01/08/2024,16:15,High,11.0
17954,Raipur,07-09-2024,07:15,Moderate,28.8
17955,Raipur,2023-04-12,10:00,High,15.8
17956,Raipur,04/15/2023,04:30,Moderate,29.3
17957,Raipur,12/14/2023,07:30,High,7.8
17958,Raipur,11/22/2023,08:00,Severe,11.3
17959,Raipur,08/27/2024,23:00,Low,33.6
17960,Raipur,2023-05-31,08:00,Severe,12.3
17961,Raipur,17-12-2024,15:30,Moderate,29.7
17962,Raipur,2024-11-19,06:45,Low,44.5
17963,Raipur,2023.01.03,09:00,Low,34.4
17964,Raipur,2023.07.04,11:00,Low,40.8
17965,Raipur,2024.11.17,20:45,High,16.7
17966,Raipur,2024-12-07,19:15,Low,33.3
17967,Raipur,01/11/2024,10:30,Moderate,31.5
17968,Raipur,02/11/2023,06:45,Low,32.7
17969,Raipur,02/12/2023,22:30,Moderate,32.9
17970,Raipur,2024.07.08,01:00,Low,37.5
17971,Raipur,08/11/2023,19:45,High,10.9
17972,Raipur,04/05/2023,19:45,Severe,13.3
17973,Raipur,03/26/2023,18:15,High,9.8
17974,Raipur,2023-01-04,11:45,Low,43.4
17975,Raipur,12/09/2024,12:00,Low,40.1
17976,Raipur,04/27/2024,09:45,High,11.5
17977,Raipur,03/09/2023,08:15,Severe,9.2
17978,Raipur,08/29/2023,22:30,Severe,3.0
17979,Raipur,04/10/2024,16:15,Moderate,25.6
17980,Raipur,02/23/2023,08:45,High,17.7
17981,Raipur,30-12-2023,02:45,Low,43.7
17982,Raipur,27/01/2024,19:45,High,17.3
17983,Raipur,01/02/2024,15:45,High,29.0
17984,Raipur,22-09-2023,13:30,High,18.9
17985,Raipur,14-04-2024,13:15,Moderate,25.7
17986,Raipur,21-02-2023,08:15,Severe,83.2
17987,Raipur,18/02/2023,20:45,Moderate,18.7
17988,Raipur,2023-12-07,08:45,Severe,9.7
17989,Raipur,13/01/2023,17:00,Moderate,26.4
17990,Raipur,2024-10-11,11:30,High,8.3
17991,Raipur,2023.04.17,11:45,High,10.0
17992,Raipur,2024.07.01,20:45,Moderate,20.7
17993,Raipur,04/12/2024,13:30,Moderate,29.2
17994,Raipur,22/10/2024,18:15,Moderate,18.4
17995,Raipur,27/05/2024,15:45,Severe,13.2
17996,Raipur,08-07-2023,09:45,Severe,10.0
17997,Raipur,2024-10-01,08:15,Severe,17.1
17998,Raipur,01/10/2023,07:30,Moderate,30.8
17999,Raipur,24-03-2023,08:00,High,16.0
18000,Raipur,2024-07-27,18:15,Severe,6.9
18001,Raipur,06/30/2023,09:30,Moderate,22.1
18002,Raipur,2024.06.12,01:15,Low,45.4
18003,Raipur,05/10/2023,20:45,Moderate,24.7
18004,Raipur,04/16/2023,02:00,Low,30.9
18005,Raipur,2024.10.11,15:30,Moderate,35.7
18006,Raipur,2023-07-16,15:15,Severe,3.0
18007,Raipur,02-10-2024,08:30,High,17.9
18008,Raipur,2023-12-16,16:30,Moderate,21.2
18009,Raipur,21-01-2023,19:30,Severe,10.1
18010,Raipur,24/06/2023,18:00,High,17.0
18011,Raipur,07-10-2023,02:00,High,11.5
18012,Raipur,2023-07-15,03:15,Moderate,26.0
18013,Raipur,12/11/2024,17:15,High,14.0
18014,Raipur,04/10/2023,08:30,Moderate,19.1
18015,Raipur,2023.04.11,18:45,High,21.0
18016,Raipur,16/07/2023,12:15,Low,36.1
18017,Raipur,2023.05.28,18:45,High,11.0
18018,Raipur,2024.02.29,20:45,High,14.0
18019,Raipur,08-02-2024,18:45,Moderate,27.0
18020,Raipur,06-08-2023,17:15,Moderate,23.6
18021,Raipur,25-09-2023,09:00,Moderate,32.3
18022,Raipur,2024-12-02,09:00,Low,33.4
18023,Raipur,05/23/2023,07:30,High,10.7
18024,Raipur,2023-05-30,08:30,High,8.5
18025,Raipur,2023-07-18,17:30,Moderate,17.2
18026,Raipur,26-09-2023,07:45,High,12.3
18027,Raipur,2023.01.18,23:30,Moderate,28.4
18028,Raipur,2024.06.20,12:30,High,4.4
18029,Raipur,2024-03-27,08:15,Severe,5.2
18030,Raipur,03/12/2024,19:45,High,6.0
18031,Raipur,2023-07-27,18:15,Severe,3.5
18032,Raipur,2024-04-19,06:45,Low,41.6
18033,Raipur,20/04/2024,07:45,Moderate,38.6
18034,Raipur,30-11-2023,08:00,Moderate,30.1
18035,Raipur,11/03/2024,07:00,Low,-34.5
18036,Raipur,2024.11.02,16:45,High,9.3
18037,Raipur,06-04-2023,12:30,Moderate,29.8
18038,Raipur,08-03-2024,18:30,Moderate,26.6
18039,Raipur,2023-07-15,07:30,Low,37.8
18040,Raipur,30-11-2024,10:30,Severe,8.1
18041,Raipur,22-04-2024,19:30,Moderate,31.1
18042,Raipur,2023.02.14,22:15,Low,46.7
18043,Raipur,2023.02.23,17:00,Severe,8.5
18044,Raipur,2023.12.30,14:30,Low,39.2
18045,Raipur,2024.04.16,08:00,Severe,13.9
18046,Raipur,2023.10.09,05:45,Low,35.1
18047,Raipur,05/10/2023,08:45,High,18.9
18048,Raipur,30/10/2023,22:30,Severe,5.4
18049,Raipur,2023.10.05,20:45,Severe,3.0
18050,Raipur,14/02/2023,18:45,Severe,9.1
18051,Raipur,2023.05.03,14:30,Low,38.9
18052,Raipur,09/30/2023,11:45,High,-12.6
18053,Raipur,2024.11.28,09:00,High,14.5
18054,Raipur,27-03-2024,17:45,Moderate,29.1
18055,Raipur,01-05-2024,17:30,Moderate,33.9
18056,Raipur,07/28/2024,19:00,Severe,11.6
18057,Raipur,06/03/2024,06:15,Moderate,20.1
18058,Raipur,2023.10.23,12:00,Moderate,33.3
18059,Raipur,2023-03-26,10:45,High,10.8
18060,Raipur,2023.02.06,09:45,Severe,9.1
18061,Raipur,01/13/2023,18:00,Severe,11.5
18062,Raipur,07/07/2024,19:30,Severe,3.0
18063,Raipur,2023.09.04,08:15,High,16.7
18064,Raipur,06/04/2024,09:45,Moderate,27.1
18065,Raipur,03/08/2023,18:15,Moderate,27.4
18066,Raipur,13/04/2023,17:30,High,20.7
18067,Raipur,2024-02-08,05:15,Low,33.2
18068,Raipur,2024.10.04,14:15,Low,33.9
18069,Raipur,2024-04-06,15:00,Moderate,27.7
18070,Raipur,25/07/2023,16:15,Moderate,30.8
18071,Raipur,11-07-2023,10:00,Low,52.4
18072,Raipur,03/16/2023,01:30,Moderate,28.4
18073,Raipur,17/03/2024,21:30,Moderate,34.1
18074,Raipur,19/03/2024,04:45,Moderate,32.8
18075,Raipur,30/06/2024,03:30,Low,43.6
18076,Raipur,2023-11-11,18:00,High,21.3
18077,Raipur,13/04/2023,17:30,Low,42.1
18078,Raipur,2024.12.09,12:45,Low,30.4
18079,Raipur,27-03-2024,10:15,Moderate,34.9
18080,Raipur,13-06-2023,06:00,High,15.0
18081,Raipur,2023.06.25,23:30,Moderate,32.5
18082,Raipur,14/04/2023,21:30,Low,39.7
18083,Raipur,2024.05.03,11:00,Moderate,23.2
18084,Raipur,2023.02.12,08:45,Moderate,35.8
18085,Raipur,2024.10.30,15:45,Moderate,30.1
18086,Raipur,2023.10.18,18:15,High,11.9
18087,Raipur,09-08-2023,22:45,Moderate,23.1
18088,Raipur,14/11/2023,18:45,High,11.8
18089,Raipur,2023.09.04,15:15,Low,36.6
18090,Raipur,03/22/2024,16:45,Low,50.5
18091,Raipur,07/18/2024,08:45,Moderate,19.2
18092,Raipur,2023.06.24,15:30,High,18.3
18093,Raipur,2024.11.19,12:15,High,20.7
18094,Raipur,2023.08.17,10:30,Low,42.3
18095,Raipur,2024.04.10,15:30,Moderate,24.5
18096,Raipur,06/22/2024,07:45,Moderate,28.5
18097,Raipur,09/25/2023,01:45,Moderate,33.1
18098,Raipur,2024.10.21,17:00,Moderate,15.5
18099,Raipur,09/07/2024,07:30,Low,38.7
18100,Raipur,2023.05.26,07:45,Severe,8.6
18101,Raipur,2023.10.01,17:45,Severe,5.9
18102,Raipur,23/01/2024,19:15,Severe,10.4
18103,Raipur,01/27/2023,23:15,High,15.9
18104,Raipur,02/07/2023,17:30,Moderate,27.6
18105,Raipur,05-05-2023,15:15,Moderate,25.4
18106,Raipur,2024.08.17,14:30,Low,47.5
18107,Raipur,15-05-2023,19:00,Severe,9.8
18108,Raipur,2024.11.10,17:15,Low,37.5
18109,Raipur,2024.07.30,21:30,Severe,11.0
18110,Raipur,22/04/2024,16:30,Moderate,40.0
18111,Raipur,04/19/2024,09:45,High,89.3
18112,Raipur,07/18/2023,18:45,Severe,13.4
18113,Raipur,22/02/2024,18:45,High,26.0
18114,Raipur,07/15/2024,18:00,Severe,5.6
18115,Raipur,01/02/2023,09:45,Low,34.6
18116,Raipur,08-07-2024,14:15,,15.7
18117,Raipur,2024-11-15,18:30,Severe,5.3
18118,Raipur,2024-12-13,07:45,Low,30.4
18119,Raipur,30-08-2024,07:00,High,21.0
18120,Raipur,16/03/2024,20:00,Severe,5.0
18121,Raipur,25-03-2023,16:30,Moderate,31.6
18122,Raipur,2023.07.09,17:15,High,13.2
18123,Raipur,07/12/2023,20:00,Severe,4.8
18124,Raipur,08-08-2024,18:30,Severe,14.9
18125,Raipur,2024-05-07,09:45,Moderate,26.9
18126,Raipur,2024.10.31,08:45,Moderate,27.4
18127,Raipur,08/07/2024,17:30,High,13.9
18128,Raipur,2024-03-03,19:45,High,17.6
18129,Raipur,19/02/2023,20:15,High,7.8
18130,Raipur,17-03-2023,17:30,Moderate,30.8
18131,Raipur,15-02-2024,08:00,High,19.8
18132,Raipur,2023.10.12,08:00,High,10.3
18133,Raipur,2024-08-28,11:30,Low,34.3
18134,Raipur,2024-06-07,01:45,Low,30.7
18135,Raipur,07/06/2023,08:30,High,21.4
18136,Raipur,05-01-2023,13:45,Severe,4.8
18137,Raipur,04/12/2023,09:30,Moderate,31.3
18138,Raipur,2024.06.09,18:15,High,16.2
18139,Raipur,07-07-2024,17:45,Low,40.7
18140,Raipur,21-02-2024,08:45,Moderate,28.8
18141,Raipur,2024-07-23,17:15,Moderate,32.5
18142,Raipur,17-08-2023,08:45,Moderate,26.3
18143,Raipur,2023.05.31,19:00,Moderate,21.7
18144,Raipur,2023.08.30,11:00,Moderate,33.4
18145,Raipur,03-02-2023,21:00,Moderate,29.9
18146,Raipur,2024.01.22,08:45,High,9.6
18147,Raipur,01/12/2024,23:15,Moderate,29.5
18148,Raipur,26/02/2024,17:00,Low,36.6
18149,Raipur,08/25/2023,08:45,High,28.1
18150,Raipur,06-05-2024,23:30,Moderate,21.9
18151,Raipur,15/01/2023,17:15,Severe,7.5
18152,Raipur,14/01/2023,08:45,High,16.4
18153,Raipur,14-01-2023,12:15,Moderate,22.2
18154,Raipur,06/22/2024,13:45,Moderate,30.1
18155,Raipur,2023-11-20,04:30,Low,33.5
18156,Raipur,01/20/2024,09:45,Moderate,24.6
18157,Raipur,2024-07-05,15:00,High,14.7
18158,Raipur,19-04-2024,13:00,High,14.7
18159,Raipur,2024-09-02,00:15,Low,43.2
18160,Raipur,2023.05.25,19:00,High,12.9
18161,Raipur,2023-10-10,08:45,Severe,4.3
18162,Raipur,09/20/2023,18:45,High,7.2
18163,Raipur,2024.09.17,07:00,Low,41.1
18164,Raipur,09/19/2024,13:15,Moderate,32.6
18165,Raipur,20/08/2024,11:30,Moderate,27.3
18166,Raipur,27-06-2023,22:00,High,24.6
18167,Raipur,2024.11.28,18:45,High,14.4
18168,Raipur,29-06-2023,09:30,Severe,8.4
18169,Raipur,07/03/2024,13:30,High,17.9
18170,Raipur,27-09-2024,08:00,High,10.9
18171,Raipur,05/13/2024,14:30,Moderate,25.7
18172,Raipur,19-10-2023,06:30,Low,33.0
18173,Raipur,2024.08.17,17:15,Moderate,30.3
18174,Raipur,01/11/2023,05:45,Moderate,19.9
18175,Raipur,21/02/2024,18:00,High,21.4
18176,Raipur,2024.06.30,18:45,High,10.1
18177,Raipur,17-10-2024,13:45,Severe,9.9
18178,Raipur,2024.02.14,12:45,Moderate,31.4
18179,Raipur,2024-07-21,16:00,High,16.0
18180,Raipur,03-04-2023,18:15,High,8.2
18181,Raipur,09/02/2024,08:15,High,5.0
18182,Raipur,03/10/2024,12:30,Moderate,21.2
18183,Raipur,2023.02.24,20:30,Moderate,23.5
18184,Raipur,02/15/2024,17:00,Low,41.2
18185,Raipur,2023.08.16,13:30,Moderate,26.4
18186,Raipur,2024.07.12,16:15,Low,34.6
18187,Raipur,01/21/2023,07:30,High,18.4
18188,Raipur,01/13/2024,21:30,Low,41.7
18189,Raipur,29/12/2024,07:45,Low,42.5
18190,Raipur,08/05/2023,10:45,High,22.0
18191,Raipur,2023.11.03,11:45,High,15.4
18192,Raipur,03/27/2023,19:30,Severe,16.6
18193,Raipur,24-01-2023,13:30,Severe,3.0
18194,Raipur,2024-12-22,17:15,Low,36.1
18195,Raipur,2024.02.05,20:15,High,19.2
18196,Raipur,26-08-2023,20:00,Severe,4.1
18197,Raipur,12/07/2023,13:00,Low,38.6
18198,Raipur,2024.09.07,08:00,High,4.1
18199,Raipur,08/12/2023,15:45,High,12.9
18200,Raipur,04/01/2023,09:45,Moderate,83.3
18201,Raipur,14/06/2024,11:45,Low,36.2
18202,Raipur,2023-06-27,13:00,Low,23.8
18203,Raipur,04/03/2024,10:15,High,11.1
18204,Raipur,02/07/2024,08:45,High,25.1
18205,Raipur,2024-08-26,17:30,Moderate,26.7
18206,Raipur,08/11/2024,21:45,High,16.0
18207,Raipur,20/10/2024,11:00,Severe,3.0
18208,Raipur,2023-10-20,21:15,Moderate,25.0
18209,Raipur,2023.04.09,07:15,Moderate,20.3
18210,Raipur,07/25/2023,12:00,High,17.8
18211,Raipur,01/08/2023,18:15,High,28.6
18212,Raipur,2024-08-15,00:15,Low,32.4
18213,Raipur,2023-09-26,11:15,Severe,9.0
18214,Raipur,29-12-2024,05:30,Low,31.3
18215,Raipur,09/29/2024,06:45,Low,32.2
18216,Raipur,2023.05.11,13:15,Moderate,36.8
18217,Raipur,2023-09-10,16:00,Moderate,31.4
18218,Raipur,05/09/2023,11:45,High,9.2
18219,Raipur,2024-10-01,15:15,High,16.5
18220,Raipur,26/05/2024,17:15,Severe,5.3
18221,Raipur,2023.10.04,11:15,Moderate,28.8
18222,Raipur,30/05/2023,18:15,High,9.9
18223,Raipur,06/04/2024,18:45,Severe,11.1
18224,Raipur,06/08/2024,10:15,Low,38.8
18225,Raipur,2023-02-18,09:00,High,15.2
18226,Raipur,10/25/2024,05:30,Moderate,34.9
18227,Raipur,09/06/2024,18:30,Moderate,23.5
18228,Raipur,23-05-2023,11:30,High,23.2
18229,Raipur,18-09-2023,09:00,Moderate,27.4
18230,Raipur,06/09/2023,19:00,Severe,3.0
18231,Raipur,2023-01-22,19:15,High,13.3
18232,Raipur,03/10/2024,17:00,High,14.9
18233,Raipur,17/11/2024,23:45,Moderate,28.1
18234,Raipur,18/12/2024,19:30,High,12.8
18235,Raipur,2023-07-06,09:30,Severe,6.3
18236,Raipur,2023-11-15,18:30,Low,49.6
18237,Raipur,2023-08-21,22:45,Moderate,22.4
18238,Raipur,2023.05.21,10:00,Low,44.6
18239,Raipur,2023-01-12,21:00,Low,36.7
18240,Raipur,05/18/2023,18:45,Severe,6.8
18241,Raipur,10-09-2024,17:30,Moderate,26.7
18242,Raipur,30-09-2023,16:45,Low,47.0
18243,Raipur,11/25/2024,19:30,High,12.0
18244,Raipur,2023-04-08,18:45,High,8.2
18245,Raipur,14-02-2023,08:30,Moderate,35.6
18246,Raipur,2024.08.09,13:00,Severe,7.7
18247,Raipur,2024.01.30,17:15,Moderate,29.8
18248,Raipur,2024-02-12,07:15,Low,37.4
18249,Raipur,27/10/2024,08:45,High,18.1
18250,Raipur,2024.01.31,09:00,Low,25.3
18251,Raipur,2024-05-24,16:30,Moderate,33.0
18252,Raipur,08/19/2023,15:45,Low,46.7
18253,Raipur,02/19/2023,17:15,Low,43.5
18254,Raipur,05/14/2023,08:15,Low,41.6
18255,Raipur,2023-06-24,21:15,Moderate,22.1
18256,Raipur,24/09/2024,16:45,Moderate,28.0
18257,Raipur,10/21/2023,14:30,Moderate,19.2
18258,Raipur,09/14/2024,16:00,Moderate,25.2
18259,Raipur,2024-12-12,14:45,High,20.0
18260,Raipur,15/01/2024,07:45,Moderate,27.9
18261,Raipur,28/06/2024,15:30,Low,43.2
18262,Raipur,30/11/2023,05:15,Low,33.7
18263,Raipur,2024-04-08,08:30,Low,38.8
18264,Raipur,2023.05.20,16:15,High,15.0
18265,Raipur,07/03/2023,19:30,High,6.4
18266,Raipur,2023.09.08,12:45,Low,32.2
18267,Raipur,20/01/2024,18:15,High,14.8
18268,Raipur,03/12/2023,14:00,Low,35.4
18269,Raipur,2023.10.28,08:00,Moderate,36.8
18270,Raipur,25-11-2024,08:45,High,15.8
18271,Raipur,2023-12-15,12:30,Low,-43.6
18272,Raipur,2023-12-25,13:15,Low,37.1
18273,Raipur,07-10-2024,08:15,High,18.0
18274,Raipur,10/09/2023,06:45,Low,30.2
18275,Raipur,07/06/2024,12:30,Moderate,26.1
18276,Raipur,2023.12.15,09:00,Severe,7.2
18277,Raipur,2024-03-19,19:30,High,5.1
18278,Raipur,2024.12.27,17:00,Moderate,30.3
18279,Raipur,2024.07.18,14:15,Low,33.1
18280,Raipur,03/18/2024,08:15,Severe,15.7
18281,Raipur,2023.06.21,19:00,Severe,3.0
18282,Raipur,2023.02.20,00:30,Low,38.7
18283,Raipur,2023-07-05,16:15,Low,40.1
18284,Raipur,2023.01.03,14:15,Moderate,19.9
18285,Raipur,13/12/2024,15:45,Low,40.6
18286,Raipur,26/02/2024,20:15,Severe,3.0
18287,Raipur,2023-07-19,10:45,Low,46.1
18288,Raipur,13-05-2024,12:15,Moderate,35.8
18289,Raipur,2024.04.24,09:00,High,17.4
18290,Raipur,2023-10-16,01:15,Low,37.4
18291,Raipur,2023.11.15,14:00,Low,33.2
18292,Raipur,2024-11-22,10:00,Severe,4.1
18293,Raipur,2024.05.02,18:45,High,14.8
18294,Raipur,2024.09.29,09:30,Severe,11.6
18295,Raipur,31/08/2024,21:45,Low,47.0
18296,Raipur,2023-02-25,19:15,Severe,7.2
18297,Raipur,11/02/2024,08:45,Moderate,28.3
18298,Raipur,2023-09-13,18:15,High,16.1
18299,Raipur,26-12-2024,08:30,,15.2
18300,Raipur,03-08-2023,08:15,Severe,6.6
18301,Raipur,2023-07-17,18:00,Moderate,30.1
18302,Raipur,21/12/2023,09:00,Moderate,31.0
18303,Raipur,2023-12-06,10:00,High,21.3
18304,Raipur,28/08/2024,12:45,Moderate,39.1
18305,Raipur,05-05-2024,09:15,High,22.2
18306,Raipur,26/07/2024,13:45,Moderate,27.5
18307,Raipur,2024.01.23,12:30,Moderate,11.4
18308,Raipur,05-12-2024,10:30,High,14.6
18309,Raipur,2023-02-19,09:45,High,19.4
18310,Raipur,06/24/2023,19:30,High,26.7
18311,Raipur,2024-05-26,03:45,Moderate,29.4
18312,Raipur,2023.06.22,15:15,Low,44.2
18313,Raipur,01/13/2023,19:30,Moderate,27.5
18314,Raipur,2023-11-29,20:00,High,14.5
18315,Raipur,12/14/2023,20:45,Severe,3.6
18316,Raipur,15/02/2024,18:15,Severe,7.8
18317,Raipur,2024.03.09,04:30,Low,39.2
18318,Raipur,2024-07-02,02:45,Low,33.6
18319,Raipur,21/03/2023,17:15,Moderate,19.6
18320,Raipur,2024.05.02,11:30,Low,43.1
18321,Raipur,04/12/2024,11:15,Low,43.6
18322,Raipur,04-05-2024,15:45,High,16.2
18323,Raipur,27/07/2024,02:45,High,15.1
18324,Raipur,12/20/2023,08:30,High,18.2
18325,Raipur,2024.11.18,20:45,High,20.8
18326,Raipur,2024-03-26,14:00,Moderate,29.0
18327,Raipur,20/08/2024,19:45,Severe,4.7
18328,Raipur,2024.10.18,17:00,Low,52.4
18329,Raipur,17/07/2024,11:00,High,15.1
18330,Raipur,21/08/2024,13:15,Low,39.8
18331,Raipur,06/12/2023,14:00,Moderate,25.9
18332,Raipur,2024-12-26,07:45,High,16.7
18333,Raipur,2024-05-31,20:30,High,14.9
18334,Raipur,09/23/2023,14:15,Low,32.7
18335,Raipur,05/01/2023,10:00,Moderate,29.6
