WeatherID,City,Date,Temperature,Rainfall,Humidity,WeatherCondition
1,Mumbai,12/28/2024,22.0,0.0,31,Clear
2,Mumbai,2024.08.30,23.8,28.1,38,Cloudy
3,Mumbai,19-08-2024,31.3,98.0,79,Clear
4,Mumbai,2023-08-24,31.3,0.0,46,Rainy
5,Mumbai,2023-10-21,28.5,3.9,67,Cloudy
6,Mumbai,2024.10.26,28.2,0.0,43,Clear
7,Mumbai,03/17/2024,35.4,0.0,77,Clear
8,Mumbai,2023.06.17,29.2,67.7,53,Foggy
9,Mumbai,2023-04-28,29.4,0.0,63,Humid
10,Mumbai,22/06/2023,28.7,0.0,52,Cloudy
11,Mumbai,10/01/2024,16.4,0.5,78,Foggy
12,Mumbai,2024-07-20,31.5,193.3,70,Cloudy
13,Mumbai,25/02/2024,17.1,1.0,69,Clear
14,Mumbai,2024-01-09,21.2,12.1,74,Clear
15,Mumbai,2024.03.07,33.9,14.4,55,Rainy
16,Mumbai,26/07/2023,28.6,30.1,47,Clear
17,Mumbai,2024-02-04,19.9,4.1,61,Cloudy
18,Mumbai,11/01/2023,16.0,2.5,70,Stormy
19,Mumbai,12-12-2024,15.3,0.0,54,Humid
20,Mumbai,30-11-2024,24.0,0.0,35,Foggy
21,Mumbai,2023.09.15,27.6,99.2,70,Rainy
22,Mumbai,30/09/2024,25.7,0.0,80,Cloudy
23,Mumbai,13-01-2024,22.4,0.0,83,Rainy
24,Mumbai,2024-11-27,25.5,87.6,63,Clear
25,Mumbai,16/01/2024,24.9,11.7,81,Clear
26,Mumbai,01/09/2024,28.3,188.0,78,Clear
27,Mumbai,24/10/2023,33.6,0.0,45,Cloudy
28,Mumbai,2023.09.15,28.1,57.8,51,Foggy
29,Mumbai,05/05/2024,37.1,4.9,47,Clear
30,Mumbai,2024.11.25,23.8,8.9,49,Humid
31,Mumbai,2024.03.11,30.8,5.0,89,Cloudy
32,Mumbai,2023-05-13,36.4,8.5,49,Humid
33,Mumbai,2024.10.31,30.0,28.8,69,Clear
34,Mumbai,2024.05.26,35.1,0.0,72,Rainy
35,Mumbai,11/04/2023,24.4,0.0,61,Clear
36,Mumbai,2023-10-12,29.1,0.0,43,Clear
37,Mumbai,2024-10-02,25.7,1.4,75,Humid
38,Mumbai,2023.06.18,23.9,0.0,69,Clear
39,Mumbai,21-06-2024,30.3,,70,Foggy
40,Mumbai,01/04/2023,22.4,0.0,57,Clear
41,Mumbai,2024-01-08,24.7,15.0,53,Rainy
42,Mumbai,2024-04-29,29.8,0.8,43,Clear
43,Mumbai,10/24/2024,23.1,17.8,73,Clear
44,Mumbai,2023.04.20,34.3,10.2,79,Clear
45,Mumbai,2023-11-16,27.8,13.7,59,Cloudy
46,Mumbai,07/26/2023,25.3,154.7,79,Clear
47,Mumbai,05-09-2024,25.7,0.0,62,Cloudy
48,Mumbai,06-02-2024,20.9,3.3,56,Clear
49,Mumbai,27-04-2024,31.5,16.3,75,Foggy
50,Mumbai,10/27/2024,26.0,0.0,49,Stormy
51,Mumbai,2023.07.16,53.0,134.2,43,Clear
52,Mumbai,13/06/2023,26.4,193.2,44,Cloudy
53,Mumbai,26-11-2023,19.2,94.3,72,Foggy
54,Mumbai,2024-02-07,13.3,3.6,52,Cloudy
55,Mumbai,30/10/2023,24.2,39.9,70,Humid
56,Mumbai,03/16/2024,32.7,31.7,66,Rainy
57,Mumbai,25-02-2023,19.5,12.5,39,Rainy
58,Mumbai,2023.08.02,34.0,0.0,39,Clear
59,Mumbai,07/06/2023,27.4,187.5,56,Clear
60,Mumbai,05/11/2023,31.5,32.2,64,Foggy
61,Mumbai,2024.05.06,34.6,1.5,61,Rainy
62,Mumbai,11/10/2023,18.8,31.2,45,Clear
63,Mumbai,01/08/2024,31.0,141.2,52,Humid
64,Mumbai,2024.12.11,17.9,0.0,47,Clear
65,Mumbai,2023.03.20,26.4,0.8,75,Clear
66,Mumbai,05-08-2024,30.1,45.6,56,Humid
67,Mumbai,2023-10-18,27.7,63.9,42,Clear
68,Mumbai,29-10-2023,25.9,0.0,65,Cloudy
69,Mumbai,2023.02.17,19.5,3.0,69,Clear
70,Mumbai,01/31/2023,17.5,5.3,42,Cloudy
71,Mumbai,24/08/2023,25.9,61.3,73,Foggy
72,Mumbai,2023-09-12,28.3,81.2,69,Cloudy
73,Mumbai,2024-06-23,26.2,81.0,68,Humid
74,Mumbai,22/01/2024,15.8,0.0,62,Cloudy
75,Mumbai,24-01-2023,20.0,5.2,26,Clear
76,Mumbai,2024.03.23,34.7,18.4,45,Humid
77,Mumbai,07-05-2023,36.0,0.0,40,Cloudy
78,Mumbai,01/07/2023,27.9,59.1,66,Clear
79,Mumbai,2023.10.15,22.3,0.0,63,Clear
80,Mumbai,11/27/2024,26.5,8.2,54,Clear
81,Mumbai,2023.07.13,25.5,0.0,57,Cloudy
82,Mumbai,04/09/2023,36.3,2.2,68,Humid
83,Mumbai,13/07/2024,27.1,80.8,54,Humid
84,Mumbai,2023.12.25,19.8,0.1,86,Clear
85,Mumbai,2023-09-03,33.1,61.3,54,Rainy
86,Mumbai,22/05/2024,39.7,29.0,39,Foggy
87,Mumbai,2023-01-26,20.4,16.7,25,Clear
88,Mumbai,12-03-2024,29.4,1.7,61,Foggy
89,Mumbai,2024-09-13,31.6,91.1,73,Rainy
90,Mumbai,04/04/2024,32.6,0.0,55,Clear
91,Mumbai,09/05/2023,32.0,20.9,51,Clear
92,Mumbai,04/10/2024,25.8,95.5,48,Foggy
93,Mumbai,2023-05-28,31.5,0.0,45,Cloudy
94,Mumbai,03-08-2024,30.3,114.8,72,Rainy
95,Mumbai,2024.12.20,21.3,4.2,60,Cloudy
96,Mumbai,09/11/2024,25.2,67.4,46,Cloudy
97,Mumbai,16/06/2023,26.4,0.0,47,Rainy
98,Mumbai,2023.04.18,35.1,0.0,62,Foggy
99,Mumbai,08/07/2024,35.1,0.0,65,Clear
100,Mumbai,2023-07-09,30.6,77.5,70,Cloudy
101,Mumbai,2024-04-21,32.8,7.1,51,Humid
102,Mumbai,13-05-2023,34.8,2.0,61,Humid
103,Mumbai,04/11/2024,33.0,10.4,81,Foggy
104,Mumbai,07/28/2023,27.3,434.5,84,Humid
105,Mumbai,2024-02-16,17.9,0.0,40,Clear
106,Mumbai,09/02/2023,20.3,3.1,66,Cloudy
107,Mumbai,01/08/2023,31.1,72.6,87,Humid
108,Mumbai,28-07-2024,30.7,0.0,62,Foggy
109,Mumbai,29/04/2024,31.6,1.3,65,Rainy
110,Mumbai,10/11/2024,25.3,0.0,47,Humid
111,Mumbai,20/12/2024,17.4,1.4,36,Clear
112,Mumbai,29/01/2023,21.7,,63,Cloudy
113,Mumbai,2023.05.10,32.4,0.0,36,Rainy
114,Mumbai,31/07/2023,26.0,55.7,83,Rainy
115,Mumbai,24/12/2024,58.7,0.0,28,Cloudy
116,Mumbai,13-03-2023,37.7,8.0,73,Clear
117,Mumbai,2023-11-05,38.9,71.1,54,Clear
118,Mumbai,2024-11-28,28.0,18.1,80,Clear
119,Mumbai,2023.12.14,15.3,1.2,46,Foggy
120,Mumbai,2023.08.15,29.8,24.5,68,Rainy
121,Mumbai,23-03-2023,35.9,11.3,80,Cloudy
122,Mumbai,24/03/2023,38.2,0.0,42,Cloudy
123,Mumbai,31/08/2024,28.1,33.0,72,Clear
124,Mumbai,2023.10.28,19.4,3.4,65,Humid
125,Mumbai,2023.04.09,25.4,2.6,38,Clear
126,Mumbai,2024-06-21,30.8,0.0,54,Foggy
127,Mumbai,2023-09-21,28.2,185.7,37,Rainy
128,Mumbai,20/10/2023,23.3,42.8,46,Clear
129,Mumbai,29/07/2024,30.4,7.8,50,Cloudy
130,Mumbai,12/05/2024,25.4,3.0,47,Humid
131,Mumbai,23/10/2023,18.8,3.5,50,Clear
132,Mumbai,24/04/2023,26.2,20.9,55,Clear
133,Mumbai,25-04-2023,35.0,0.0,64,Clear
134,Mumbai,2024.09.25,27.0,366.9,67,Clear
135,Mumbai,2023.11.23,23.7,19.3,72,Clear
136,Mumbai,05-11-2023,35.1,13.7,27,Clear
137,Mumbai,2024-06-06,28.2,123.2,57,Clear
138,Mumbai,08/11/2023,30.3,0.0,63,Humid
139,Mumbai,2024-08-26,30.8,57.2,62,Clear
140,Mumbai,11/07/2023,30.0,49.0,49,Clear
141,Mumbai,12-03-2023,28.2,3.8,68,Clear
142,Mumbai,2024.09.15,27.2,171.2,61,Clear
143,Mumbai,2023-10-17,23.9,31.5,79,Foggy
144,Mumbai,25/08/2023,28.2,159.2,51,Humid
145,Mumbai,02/04/2023,38.6,0.0,49,Humid
146,Mumbai,2023.07.29,24.2,25.1,52,Cloudy
147,Mumbai,04-03-2023,35.4,0.0,51,Cloudy
148,Mumbai,06/10/2024,32.6,9.1,51,Cloudy
149,Mumbai,04/07/2024,28.2,10.6,58,Cloudy
150,Mumbai,2023.06.02,28.0,44.4,47,Rainy
151,Mumbai,03-12-2024,26.6,,66,Rainy
152,Mumbai,29/12/2023,15.0,1.4,59,Clear
153,Mumbai,2024.09.30,24.6,241.6,48,Humid
154,Mumbai,2023.01.30,17.7,1.2,54,Foggy
155,Mumbai,2024.02.17,21.4,0.0,45,Clear
156,Mumbai,26-02-2023,11.4,0.0,66,Foggy
157,Mumbai,10/11/2024,28.9,47.3,76,Cloudy
158,Mumbai,2023-07-22,33.8,55.8,53,Foggy
159,Mumbai,2024-07-27,30.1,0.0,49,Humid
160,Mumbai,07/28/2024,22.5,,52,Cloudy
161,Mumbai,10/07/2024,28.6,0.0,57,Rainy
162,Mumbai,09/02/2024,34.5,31.1,66,Humid
163,Mumbai,05/13/2024,38.1,2.2,66,Humid
164,Mumbai,2023.11.28,29.0,0.0,44,Humid
165,Mumbai,2023-09-06,29.6,0.0,84,Clear
166,Mumbai,20/04/2024,38.0,13.6,53,Humid
167,Mumbai,16/04/2023,36.5,0.0,67,Cloudy
168,Mumbai,04/18/2024,40.7,0.0,82,Clear
169,Mumbai,11/12/2024,17.0,7.9,57,Clear
170,Mumbai,07-10-2024,26.3,27.5,54,Clear
171,Mumbai,07/12/2023,25.4,0.0,62,Rainy
172,Mumbai,04/27/2023,26.2,1.2,66,Rainy
173,Mumbai,21-10-2024,24.8,8.5,48,Clear
174,Mumbai,01/04/2023,16.0,7.4,-76,Clear
175,Mumbai,2023-08-07,25.7,0.0,57,Cloudy
176,Mumbai,2023.01.23,18.5,4.4,33,Clear
177,Mumbai,15-07-2023,27.9,0.0,61,Humid
178,Mumbai,12-02-2023,12.8,17.9,57,Clear
179,Mumbai,24/06/2024,26.4,0.0,37,Rainy
180,Mumbai,08/01/2024,31.7,96.4,66,Clear
181,Mumbai,02/25/2024,17.3,,54,Cloudy
182,Mumbai,14/08/2024,26.1,16.6,74,Cloudy
183,Mumbai,2023.10.15,22.7,31.6,90,Clear
184,Mumbai,2024-03-30,29.2,2.9,71,Rainy
185,Mumbai,2024-08-11,25.7,2.0,45,Clear
186,Mumbai,22-08-2023,22.5,37.1,56,Clear
187,Mumbai,2023-07-20,29.1,0.0,38,Clear
188,Mumbai,07/03/2023,29.4,179.7,61,Clear
189,Mumbai,2023-12-18,22.8,0.0,37,Rainy
190,Mumbai,10/22/2023,31.6,0.0,69,Clear
191,Mumbai,2024.10.01,25.2,28.5,65,Clear
192,Mumbai,2024.06.05,35.7,166.3,77,Clear
193,Mumbai,02/10/2023,16.5,15.3,62,Humid
194,Mumbai,11/17/2024,30.4,0.0,71,Humid
195,Mumbai,27/12/2023,19.5,,63,Cloudy
196,Mumbai,2024.12.07,15.3,2.1,33,Humid
197,Mumbai,09/14/2023,18.3,24.3,35,Rainy
198,Mumbai,2023-08-28,27.7,0.0,48,Foggy
199,Mumbai,2024.07.08,27.7,188.1,47,Cloudy
200,Mumbai,31/03/2024,29.0,0.0,37,Clear
201,Mumbai,07/12/2023,29.8,,54,Foggy
202,Mumbai,04/09/2023,34.4,4.3,52,Clear
203,Mumbai,10/14/2024,55.4,28.3,44,Clear
204,Mumbai,09/08/2024,27.0,7.0,59,Clear
205,Mumbai,11/10/2023,24.6,27.0,70,Cloudy
206,Mumbai,2023.12.03,10.1,0.0,44,Rainy
207,Mumbai,2023.05.27,32.2,,66,Rainy
208,Mumbai,11/27/2023,28.7,25.0,51,Clear
209,Mumbai,2024-08-15,23.7,57.1,59,Clear
210,Mumbai,05/08/2023,26.9,0.0,76,Rainy
211,Mumbai,06/05/2024,26.5,16.8,69,Rainy
212,Mumbai,2024-03-18,36.0,3.3,74,Clear
213,Mumbai,2024.04.23,32.8,2.9,75,Cloudy
214,Mumbai,01/02/2023,17.7,1.1,54,Rainy
215,Mumbai,2023-10-26,29.1,12.2,53,Clear
216,Mumbai,05/14/2024,31.0,0.0,63,Clear
217,Mumbai,2024.05.16,35.5,0.0,77,Cloudy
218,Mumbai,16/03/2023,34.5,1.1,54,Rainy
219,Mumbai,28-11-2024,28.1,56.5,50,Rainy
220,Mumbai,2023.09.24,27.0,0.0,60,Rainy
221,Mumbai,30/07/2023,30.2,19.7,38,Cloudy
222,Mumbai,2023-10-25,29.5,19.2,66,Clear
223,Mumbai,2023-01-02,21.1,2.5,57,Cloudy
224,Mumbai,30-09-2024,28.0,218.6,53,Foggy
225,Mumbai,2023-07-26,27.4,0.0,68,Stormy
226,Mumbai,23/10/2023,18.9,19.8,59,Cloudy
227,Mumbai,2024.05.19,38.4,25.2,29,Foggy
228,Mumbai,01/27/2024,17.7,10.9,75,Clear
229,Mumbai,2024-05-13,38.2,8.5,70,Rainy
230,Mumbai,05-02-2024,18.5,6.4,43,Clear
231,Mumbai,2023.07.22,24.5,0.0,63,Cloudy
232,Mumbai,08/31/2023,27.7,22.9,56,Humid
233,Mumbai,29-12-2024,23.9,6.1,61,Humid
234,Mumbai,07/15/2024,27.9,141.6,65,Rainy
235,Mumbai,14-02-2024,20.1,1.9,43,Clear
236,Mumbai,2024-05-22,26.3,21.5,66,Clear
237,Mumbai,12/01/2023,17.2,0.0,63,Clear
238,Mumbai,06/02/2023,27.0,125.6,67,Humid
239,Mumbai,14/08/2023,25.7,100.2,28,Rainy
240,Mumbai,13-07-2024,29.7,124.5,79,Clear
241,Mumbai,11/04/2024,32.2,0.0,72,Cloudy
242,Mumbai,2023-04-26,31.8,4.5,79,Humid
243,Mumbai,2024.03.08,40.7,0.8,79,Cloudy
244,Mumbai,03/09/2024,26.2,41.8,54,Stormy
245,Mumbai,05-01-2024,12.4,0.0,67,Humid
246,Mumbai,2023-09-20,20.9,208.5,75,Clear
247,Mumbai,28/02/2024,15.7,14.9,58,Clear
248,Mumbai,2023-09-08,28.5,0.0,51,Humid
249,Mumbai,2024-08-06,35.2,72.7,66,Rainy
250,Mumbai,2023-05-31,31.8,0.0,37,Clear
251,Mumbai,19/09/2023,29.7,0.0,48,Rainy
252,Mumbai,11-02-2024,21.5,5.3,61,Rainy
253,Mumbai,2023-03-21,39.9,7.3,79,Humid
254,Mumbai,2024.08.05,25.4,0.0,37,Rainy
255,Mumbai,2024-06-20,28.7,59.1,74,Cloudy
256,Mumbai,2024.03.14,31.4,0.0,73,Rainy
257,Mumbai,2023-04-09,31.4,6.8,50,Humid
258,Mumbai,2024.05.14,36.4,22.7,36,Clear
259,Mumbai,03/03/2024,39.2,7.6,-61,Cloudy
260,Mumbai,24-10-2023,30.6,30.3,45,Humid
261,,2024-03-18,29.6,9.2,50,Rainy
262,Mumbai,10/02/2023,17.6,1.3,62,Clear
263,Mumbai,2024.04.10,39.3,13.5,84,Cloudy
264,Mumbai,14-07-2024,36.0,92.1,58,Clear
265,Mumbai,2023-01-02,16.8,1.5,42,Rainy
266,Mumbai,2023.10.22,25.8,26.3,78,Clear
267,Mumbai,2024.07.10,30.8,107.2,90,Cloudy
268,Mumbai,2024-03-06,26.1,0.0,64,Clear
269,Mumbai,01/26/2023,17.1,5.0,51,Clear
270,Mumbai,28/09/2024,32.4,78.8,-48,Clear
271,Mumbai,2023-05-02,39.7,16.0,89,Humid
272,Mumbai,20-12-2024,21.7,2.6,50,Rainy
273,Mumbai,2023.12.08,16.8,0.0,63,Humid
274,Mumbai,2023.03.17,37.5,10.4,60,Foggy
275,Mumbai,2023-07-03,28.1,0.0,69,Clear
276,Mumbai,12-01-2024,20.2,1.5,48,Clear
277,Mumbai,2023-12-11,27.0,5.3,64,Clear
278,Mumbai,09/16/2023,24.5,0.0,68,Stormy
279,Mumbai,09/06/2024,32.6,33.4,41,Clear
280,Mumbai,2023-09-06,20.9,17.7,48,Clear
281,Mumbai,2024.04.12,31.3,0.0,71,Clear
282,Mumbai,02/01/2024,11.7,1.8,23,Rainy
283,Mumbai,10-03-2023,38.9,14.5,60,Cloudy
284,Mumbai,17/07/2023,30.2,0.0,49,Clear
285,Mumbai,2023.02.20,20.7,0.0,66,Clear
286,Mumbai,15/09/2024,22.5,263.9,64,Cloudy
287,Mumbai,2024.03.27,37.9,1.3,44,Cloudy
288,Mumbai,2023-02-25,11.3,6.3,100,Cloudy
289,Mumbai,2024-12-16,20.8,10.3,59,Humid
290,Mumbai,2024-01-02,15.6,0.0,62,Clear
291,Mumbai,2024-04-19,32.9,0.0,62,Stormy
292,Mumbai,10/12/2024,11.8,1.8,57,Cloudy
293,Mumbai,2023-07-08,35.0,184.3,58,Clear
294,Mumbai,06/08/2024,32.5,11.9,41,Rainy
295,Mumbai,2023.01.08,18.7,0.2,52,Rainy
296,Mumbai,05-12-2024,25.0,0.0,61,Clear
297,Mumbai,04/02/2024,31.9,0.4,57,Stormy
298,Mumbai,2024-11-19,24.3,34.3,67,Clear
299,Mumbai,08/26/2023,33.7,22.0,54,Rainy
300,Mumbai,12-07-2023,34.6,155.2,65,Rainy
301,Mumbai,04/19/2023,40.9,19.9,72,Humid
302,Mumbai,18-05-2024,30.6,4.8,69,Humid
303,Mumbai,21/11/2024,22.7,26.0,59,Cloudy
304,Mumbai,19/06/2024,20.0,1.1,70,Cloudy
305,Mumbai,09/07/2024,22.3,0.0,75,Stormy
306,Mumbai,09/30/2024,28.4,,34,Clear
307,Mumbai,22/04/2023,32.6,4.1,65,Cloudy
308,Mumbai,09-06-2023,21.3,88.4,54,Clear
309,Mumbai,29/04/2023,36.8,0.0,40,Humid
310,Mumbai,2024.06.08,28.3,229.2,38,Humid
311,Mumbai,11/10/2023,31.1,0.0,66,Cloudy
312,Mumbai,07/01/2024,28.0,0.0,58,Rainy
313,Mumbai,26/09/2023,33.6,0.0,61,Cloudy
314,Mumbai,07/28/2023,24.2,87.7,51,Rainy
315,Mumbai,09/20/2024,31.5,11.5,70,Humid
316,Mumbai,19/12/2023,22.3,1.1,67,Cloudy
317,Mumbai,05/01/2023,21.3,0.0,59,Cloudy
318,Mumbai,06/03/2024,37.3,0.0,60,Stormy
319,Mumbai,07-09-2023,25.1,65.3,58,Humid
320,Mumbai,2023-11-13,22.6,63.7,43,Cloudy
321,Mumbai,2023-06-21,27.7,46.0,45,Cloudy
322,Mumbai,08/05/2024,57.4,205.1,54,Clear
323,Mumbai,04/22/2024,25.9,3.4,64,Stormy
324,Mumbai,2023-08-14,23.7,0.0,54,Rainy
325,Mumbai,2024.01.17,11.5,7.5,36,Humid
326,Mumbai,23-05-2024,32.3,1.9,57,Clear
327,Mumbai,10/28/2023,18.6,57.9,43,Cloudy
328,Mumbai,20/12/2023,23.3,0.0,72,Rainy
329,Mumbai,2024-04-18,35.9,3.1,61,Humid
330,Mumbai,03/09/2023,29.8,165.3,62,Clear
331,Mumbai,29/06/2023,32.8,0.0,73,Clear
332,Mumbai,09/01/2023,33.2,1.1,68,Stormy
333,Mumbai,24/12/2023,20.7,1.3,57,Clear
334,Mumbai,24-11-2024,27.4,0.0,64,Clear
335,Mumbai,04/12/2023,38.7,0.5,60,Rainy
336,Mumbai,2024-02-26,19.4,3.8,58,Cloudy
337,Mumbai,2023.10.17,23.0,0.0,67,Clear
338,Mumbai,2023-02-03,20.4,6.9,62,Clear
339,Mumbai,27-01-2023,16.9,0.0,60,Clear
340,Mumbai,2024-05-11,31.7,34.2,47,Clear
341,Mumbai,06-04-2024,35.9,4.2,72,Cloudy
342,Mumbai,04-11-2024,28.3,77.0,55,Clear
343,Mumbai,23-03-2023,29.2,0.0,53,Cloudy
344,Mumbai,2024-10-27,26.9,8.6,59,Cloudy
345,Mumbai,2024-10-03,25.7,85.3,57,Stormy
346,Mumbai,02-09-2024,28.2,272.4,43,Clear
347,Mumbai,16-10-2024,24.5,0.0,55,Foggy
348,Mumbai,17/07/2023,25.8,182.5,57,Cloudy
349,Mumbai,11/05/2023,39.0,0.0,70,Foggy
350,Mumbai,11/11/2023,23.3,70.4,77,Clear
351,Mumbai,13/12/2024,19.3,0.0,69,Cloudy
352,Mumbai,25/09/2024,29.8,0.0,52,Rainy
353,Mumbai,2024-08-31,28.7,68.9,67,Rainy
354,Mumbai,02/03/2023,27.2,0.0,24,Humid
355,,10/07/2023,26.8,0.0,56,Cloudy
356,Mumbai,2024-10-18,28.1,8.1,53,Clear
357,Mumbai,2024-08-19,24.6,191.4,56,Clear
358,Mumbai,10/08/2023,31.0,45.0,67,Stormy
359,Mumbai,2024.07.08,25.8,23.7,68,Clear
360,Mumbai,06/05/2024,29.6,8.5,45,Foggy
361,Mumbai,2024-06-04,30.2,6.5,63,Rainy
362,Mumbai,25/04/2023,24.5,13.1,69,Clear
363,Mumbai,2023-01-02,26.0,10.5,79,Rainy
364,Mumbai,28-05-2023,53.6,0.0,70,Clear
365,Mumbai,2024-08-20,18.5,0.0,78,Rainy
366,Mumbai,07/03/2024,22.2,126.8,52,Clear
367,Mumbai,16/04/2024,33.1,3.5,50,Stormy
368,Mumbai,2023.12.31,22.4,1.3,59,Cloudy
369,Mumbai,09-01-2024,15.0,1.3,36,Clear
370,Mumbai,16/10/2024,31.5,55.9,65,Clear
371,Mumbai,02-08-2024,27.9,91.8,51,Humid
372,Mumbai,2024.07.09,28.9,0.0,67,Rainy
373,Mumbai,01/15/2023,16.1,3.6,65,Foggy
374,Mumbai,07/12/2023,19.8,10.0,65,Cloudy
375,Mumbai,2023.08.30,31.4,82.6,77,Foggy
376,Mumbai,2024.10.08,26.7,14.7,66,Cloudy
377,Mumbai,2024-08-20,32.1,0.0,74,Humid
378,Mumbai,14-04-2023,25.2,22.1,79,Rainy
379,Mumbai,2024.11.05,25.7,17.0,84,Cloudy
380,Mumbai,04/08/2024,26.7,80.3,46,Rainy
381,Mumbai,2024.02.02,22.2,8.3,66,Clear
382,Mumbai,19/04/2023,29.3,0.0,59,Humid
383,Mumbai,20-02-2023,12.1,9.7,86,Humid
384,Mumbai,09/27/2023,25.0,71.3,85,Cloudy
385,Mumbai,06/28/2024,23.9,0.0,55,Rainy
386,Mumbai,06/01/2024,19.5,0.0,47,Clear
387,Mumbai,2024-07-27,35.7,165.9,58,Cloudy
388,Mumbai,2024.01.30,15.3,13.4,42,Clear
389,Mumbai,2023.02.01,14.7,9.6,60,Humid
390,Mumbai,2023.07.20,23.6,13.9,49,Humid
391,Mumbai,04/23/2024,31.0,23.6,40,Humid
392,Mumbai,05-05-2023,32.2,1.1,56,Clear
393,Mumbai,2024.08.11,27.3,252.0,72,Humid
394,Mumbai,26-02-2023,10.1,8.2,51,Rainy
395,Mumbai,2023.04.14,38.3,7.0,84,Clear
396,Mumbai,11/12/2023,29.3,21.7,50,Stormy
397,Mumbai,21/03/2024,30.7,17.9,61,Cloudy
398,Mumbai,10-11-2024,20.5,0.0,68,Cloudy
399,Mumbai,01-07-2024,27.9,9.1,60,Clear
400,Mumbai,2024.10.03,27.7,0.0,62,Humid
401,Mumbai,25/05/2024,36.1,0.5,63,Clear
402,Mumbai,2023-04-03,37.4,0.4,49,Clear
403,Mumbai,03/16/2023,37.1,13.6,38,Rainy
404,Mumbai,11-06-2023,30.4,192.1,60,Cloudy
405,Mumbai,09/05/2024,26.5,0.0,63,Clear
406,Mumbai,26-12-2023,19.5,2.5,95,Clear
407,Mumbai,25-10-2023,27.4,52.4,61,Humid
408,Mumbai,15/09/2024,29.2,300.6,28,Clear
409,Mumbai,23-03-2024,35.6,0.0,67,Clear
410,Mumbai,2023.06.25,34.6,97.5,53,Foggy
411,Mumbai,15/09/2023,26.2,1.9,78,Foggy
412,Mumbai,24-04-2024,26.7,1.0,41,Clear
413,Mumbai,17/01/2024,19.2,2.3,78,Cloudy
414,Mumbai,02/10/2024,20.2,0.8,90,Cloudy
415,Mumbai,2023.04.06,36.3,0.0,93,Rainy
416,Mumbai,11-12-2024,18.2,0.6,42,Rainy
417,Mumbai,04/25/2023,30.7,0.4,33,Clear
418,Mumbai,2023-04-29,27.2,,63,Clear
419,Mumbai,15-01-2024,21.1,3.8,36,Cloudy
420,Mumbai,05/01/2023,20.5,16.5,70,Foggy
421,Mumbai,21/05/2024,26.9,3.1,29,Clear
422,Mumbai,2023.11.03,30.0,0.0,65,Foggy
423,Mumbai,08-04-2023,31.6,42.8,98,Rainy
424,Mumbai,13/02/2024,27.7,0.0,61,Clear
425,Mumbai,03/17/2023,29.5,7.0,70,Cloudy
426,Mumbai,13/10/2023,22.6,0.2,50,Cloudy
427,Mumbai,23/12/2023,19.2,2.8,49,Humid
428,Mumbai,2024.03.13,36.0,9.9,72,Cloudy
429,Mumbai,24/10/2024,28.0,0.0,65,Clear
430,Mumbai,2024-04-12,42.0,8.1,48,Cloudy
431,Mumbai,2024-10-28,28.2,28.7,56,Humid
432,Mumbai,2024-05-05,30.4,33.7,46,Humid
433,Mumbai,02/10/2024,22.2,1.6,39,Foggy
434,Mumbai,05-06-2024,32.8,145.2,53,Cloudy
435,Mumbai,13/01/2024,20.2,5.9,55,Clear
436,Mumbai,2024-09-28,27.2,130.0,77,Clear
437,Mumbai,08/10/2023,19.6,12.0,60,Clear
438,Mumbai,2024.07.29,24.6,0.0,61,Cloudy
439,Mumbai,2024-02-19,12.7,7.5,59,Cloudy
440,Mumbai,2023-05-05,37.6,2.3,55,Clear
441,Mumbai,02/06/2023,16.2,16.4,36,Cloudy
442,Mumbai,01/23/2023,16.5,1.9,64,Cloudy
443,Mumbai,28-03-2023,33.9,10.6,93,Rainy
444,Mumbai,14-11-2023,24.4,45.4,44,Foggy
445,Mumbai,2024.10.21,24.5,66.8,48,Clear
446,Mumbai,24/09/2023,27.7,222.9,49,Rainy
447,Mumbai,2024-01-14,16.5,0.1,88,Foggy
448,Mumbai,2024.09.23,29.7,68.3,88,Rainy
449,Mumbai,2024-01-24,22.7,6.1,53,Clear
450,Mumbai,2023-02-01,20.3,0.0,78,Clear
451,Mumbai,2023-10-19,28.1,39.4,50,Clear
452,Mumbai,2024-12-09,23.8,0.4,46,Humid
453,Mumbai,11/04/2023,25.4,0.0,57,Humid
454,Mumbai,08-07-2023,22.9,61.4,57,Cloudy
455,Mumbai,11/02/2024,28.4,0.0,52,Cloudy
456,Mumbai,2023.12.16,17.6,3.3,69,Cloudy
457,Mumbai,05-05-2024,33.2,0.0,32,Cloudy
458,Mumbai,2024.05.01,31.5,14.4,63,Clear
459,Mumbai,06/08/2023,24.8,0.0,44,Clear
460,Mumbai,10/11/2024,29.3,31.8,64,Cloudy
461,Mumbai,2023.10.02,29.2,47.0,51,Clear
462,Mumbai,07/09/2023,24.6,0.0,74,Clear
463,Mumbai,07/22/2024,27.3,0.0,58,Foggy
464,Mumbai,06/23/2024,33.6,0.0,67,Cloudy
465,Mumbai,27-11-2024,21.0,13.3,50,Humid
466,Mumbai,29-07-2023,18.8,296.4,63,Humid
467,Mumbai,2024.08.25,24.5,0.0,33,Rainy
468,Mumbai,02-07-2023,35.4,0.0,31,Clear
469,Mumbai,2024.05.03,32.5,15.6,81,Clear
470,Mumbai,18-11-2024,22.7,0.0,39,Stormy
471,Mumbai,04/08/2024,27.6,37.7,63,Clear
472,Mumbai,11/17/2024,29.4,0.0,31,Foggy
473,Mumbai,07/25/2024,24.6,4.7,51,Cloudy
474,Mumbai,29/04/2023,39.6,1.3,26,Humid
475,Mumbai,17-12-2023,14.6,3.9,58,Rainy
476,Mumbai,14-07-2024,26.2,115.9,73,Clear
477,Mumbai,28/08/2023,31.0,140.6,48,Cloudy
478,Mumbai,07/19/2024,23.7,0.0,69,Foggy
479,Mumbai,07/02/2024,25.6,543.0,52,Rainy
480,Mumbai,05/15/2023,36.3,2.0,57,Cloudy
481,Mumbai,16-08-2024,30.9,140.5,38,Humid
482,Mumbai,31-01-2024,17.8,1.3,66,Stormy
483,Mumbai,06/06/2024,30.2,232.3,63,Clear
484,Mumbai,21/11/2024,24.5,29.0,59,Humid
485,Mumbai,2023-07-01,21.7,79.5,75,Rainy
486,Mumbai,01/24/2023,18.6,1.5,59,Rainy
487,Mumbai,2023.01.23,20.1,0.0,60,Humid
488,Mumbai,2024.07.22,23.0,49.2,74,Rainy
489,Mumbai,2023.11.11,33.3,0.0,63,Clear
490,Mumbai,2024.01.02,23.5,0.6,54,Clear
491,Mumbai,2023.10.18,21.1,0.0,42,Clear
492,Mumbai,08/17/2024,25.8,42.2,68,Cloudy
493,Mumbai,2024-11-29,22.3,0.0,48,Humid
494,Mumbai,12/11/2023,23.9,0.0,62,Clear
495,Mumbai,15/12/2023,24.0,0.0,77,Humid
496,Mumbai,2023-10-14,25.3,75.1,89,Rainy
497,Mumbai,2024-07-10,27.1,82.6,51,Cloudy
498,Mumbai,07-06-2024,24.6,7.5,34,Clear
499,Mumbai,2023.10.05,25.2,0.0,46,Clear
500,Mumbai,2024-09-12,23.9,147.5,65,Clear
501,Mumbai,2023-08-26,28.8,212.3,60,Humid
502,Mumbai,05/17/2024,27.7,0.0,61,Foggy
503,Mumbai,2023.02.17,15.4,10.2,75,Foggy
504,Mumbai,2024-12-28,15.2,0.0,48,Stormy
505,Mumbai,2024.04.08,30.2,,77,Cloudy
506,Mumbai,2023.04.18,22.4,2.4,60,Cloudy
507,Mumbai,2023.04.16,31.9,15.3,57,Cloudy
508,Mumbai,2023-08-27,27.9,62.5,60,Cloudy
509,Mumbai,2023-10-15,27.2,0.0,36,Clear
510,Mumbai,07/30/2024,35.5,8.7,51,Stormy
511,Mumbai,2024-05-15,35.2,0.9,44,Clear
512,Mumbai,2024.12.25,15.8,5.9,55,Rainy
513,Mumbai,2023-11-13,24.5,0.0,54,Foggy
514,Mumbai,2024.06.22,28.3,34.8,44,Stormy
515,Mumbai,2023.11.28,34.0,0.0,-59,Cloudy
516,Mumbai,2023-04-06,33.3,0.0,39,Clear
517,Mumbai,2024.10.17,35.3,0.0,83,Cloudy
518,Mumbai,2023-03-21,31.4,0.0,57,Foggy
519,Mumbai,2024.08.27,32.6,52.9,52,Cloudy
520,Mumbai,2023-09-23,26.3,77.8,65,Clear
521,Mumbai,2023-05-02,27.1,4.9,31,Clear
522,Mumbai,14/09/2023,29.9,0.0,40,Humid
523,Mumbai,07/11/2024,36.0,0.0,84,Clear
524,Mumbai,2024.03.20,30.4,0.0,83,Clear
525,Mumbai,05/10/2023,21.0,0.0,55,Rainy
526,Mumbai,20-10-2024,26.2,0.0,41,Humid
527,Mumbai,17/06/2024,35.3,33.8,80,Cloudy
528,Mumbai,09-03-2023,33.4,3.5,79,Stormy
529,Mumbai,2024.11.25,26.5,32.2,54,Foggy
530,Mumbai,2024.06.12,28.8,0.0,75,Cloudy
531,Mumbai,01-01-2024,12.4,1.8,77,Humid
532,Mumbai,09/07/2023,27.9,0.0,67,Clear
533,Mumbai,07-02-2023,23.0,0.0,61,Clear
534,Mumbai,2023-02-11,14.7,0.0,56,Rainy
535,Mumbai,09/10/2024,24.4,13.1,68,Cloudy
536,Mumbai,16-08-2023,25.0,50.0,44,Clear
537,Mumbai,2024-07-12,28.3,463.4,72,Rainy
538,Mumbai,21/09/2023,32.7,49.3,47,Humid
539,Mumbai,2024-11-23,23.5,10.1,64,Humid
540,Mumbai,2024.06.26,16.9,43.5,51,Rainy
541,Mumbai,2023.06.15,28.6,0.0,29,Clear
542,Mumbai,2023-04-03,30.3,3.1,58,Clear
543,Mumbai,2023-10-30,15.7,6.4,62,Clear
544,Mumbai,31/10/2023,27.3,66.8,82,Clear
545,Mumbai,2024.06.20,26.3,0.0,46,Clear
546,Mumbai,2024.04.29,39.3,0.0,56,Clear
547,Mumbai,2023.06.17,33.4,0.0,37,Cloudy
548,Mumbai,19/04/2023,32.5,4.3,55,Clear
549,Mumbai,11/11/2023,24.0,23.8,71,Humid
550,Mumbai,2023.04.25,33.8,6.1,57,Cloudy
551,Mumbai,05/10/2023,35.9,16.0,58,Clear
552,Mumbai,2023-11-20,22.9,26.5,60,Clear
553,Mumbai,07/06/2023,31.4,207.3,47,Cloudy
554,Mumbai,16/04/2024,37.2,13.8,36,Rainy
555,Mumbai,2024-11-25,30.7,11.6,48,Cloudy
556,Mumbai,2023.10.25,25.9,4.6,60,Cloudy
557,Mumbai,12/07/2023,20.3,133.8,60,Cloudy
558,Mumbai,2024-04-02,27.6,1.4,59,Foggy
559,Mumbai,12/05/2023,19.3,1.9,41,Clear
560,Mumbai,2024.05.11,36.0,0.0,42,Rainy
561,Mumbai,09-04-2024,32.1,0.0,57,Clear
562,Mumbai,09/11/2024,28.7,0.0,51,Rainy
563,Mumbai,27-02-2023,25.4,0.0,80,Foggy
564,Mumbai,2024-10-05,30.1,13.1,67,Clear
565,Mumbai,12-12-2024,12.6,14.8,43,Cloudy
566,Mumbai,10/07/2024,30.3,33.2,61,Clear
567,Mumbai,2024.04.17,28.6,15.8,67,Stormy
568,Mumbai,06/04/2024,33.0,27.8,74,Clear
569,Mumbai,05-05-2023,33.0,0.1,68,Clear
570,Mumbai,30-05-2024,34.8,9.0,-63,Cloudy
571,Mumbai,2024.09.21,33.8,114.6,67,Rainy
572,Mumbai,2024.09.26,25.0,0.0,63,Clear
573,Mumbai,10/12/2024,21.1,0.0,70,Rainy
574,Mumbai,2024.04.03,36.9,16.1,69,Humid
575,Mumbai,2024.06.14,26.1,0.0,61,Clear
576,Mumbai,2024.08.21,34.1,71.8,57,Rainy
577,Mumbai,2024-11-06,23.2,4.0,47,Stormy
578,Mumbai,01/07/2024,23.8,0.0,56,Rainy
579,Mumbai,2024-08-01,36.0,0.0,55,Rainy
580,Mumbai,2024-12-23,20.5,0.0,52,Clear
581,Mumbai,11/18/2024,27.4,2.9,83,Clear
582,Mumbai,2024-02-20,16.1,,54,Clear
583,Mumbai,17-03-2023,33.2,0.0,37,Stormy
584,Mumbai,23/10/2023,29.3,24.9,65,Foggy
585,Mumbai,19/11/2024,23.9,22.9,63,Foggy
586,Mumbai,2024.04.22,30.9,0.0,47,Cloudy
587,Mumbai,04/08/2024,38.3,0.0,55,Clear
588,Mumbai,04/18/2024,37.9,14.2,58,Foggy
589,Mumbai,07/29/2023,28.4,243.5,63,Humid
590,Mumbai,08/05/2024,35.8,63.3,82,Foggy
591,Mumbai,07-12-2024,24.6,0.0,65,Cloudy
592,Mumbai,13-01-2023,26.5,4.7,64,Foggy
593,Mumbai,2023.12.21,16.7,0.3,46,Cloudy
594,Mumbai,03/09/2024,28.8,0.0,64,Rainy
595,Mumbai,06/04/2023,24.1,44.1,71,Rainy
596,Mumbai,2023.04.18,35.0,12.2,25,Clear
597,Mumbai,07/15/2024,28.8,,67,Cloudy
598,Mumbai,2024-12-01,14.9,0.0,53,Clear
599,Mumbai,07/14/2024,29.5,202.7,34,Stormy
600,Mumbai,2023-08-31,33.7,9.5,78,Clear
601,Mumbai,12/17/2024,11.2,0.0,76,Foggy
602,Mumbai,14/04/2023,40.1,4.0,58,Cloudy
603,Mumbai,19-08-2024,23.5,99.2,57,Foggy
604,Mumbai,24-11-2024,22.1,106.8,72,Foggy
605,Mumbai,05/19/2023,34.7,1.5,65,Clear
606,Mumbai,18/04/2023,36.4,9.2,39,Cloudy
607,Mumbai,12/10/2023,23.5,0.0,64,Clear
608,Mumbai,07-05-2024,39.4,13.0,81,Clear
609,Mumbai,29-12-2023,11.8,0.0,63,Cloudy
610,Mumbai,23-10-2023,24.0,0.0,62,Rainy
611,Mumbai,2024-08-25,23.7,12.7,17,Rainy
612,Mumbai,2023.05.05,27.5,10.9,51,Clear
613,Mumbai,2024.11.23,27.0,0.0,84,Clear
614,Mumbai,2024-09-10,20.7,59.4,45,Clear
615,Mumbai,19-12-2024,25.4,1.7,51,Stormy
616,Mumbai,06/03/2023,31.5,5.3,56,Clear
617,Mumbai,2024-11-01,24.8,11.4,53,Clear
618,Mumbai,05-04-2024,36.1,2.4,54,Clear
619,Mumbai,11-01-2024,13.4,3.1,70,Humid
620,Mumbai,2023-01-15,24.2,0.0,67,Humid
621,Mumbai,22/02/2023,57.9,3.3,52,Humid
622,Mumbai,01-01-2023,23.5,4.4,52,Cloudy
623,Mumbai,20-06-2024,19.1,0.0,76,Humid
624,Mumbai,19/11/2024,27.1,0.0,50,Clear
625,Mumbai,19-04-2024,32.1,15.0,61,Foggy
626,Mumbai,2024.10.04,34.8,33.3,38,Clear
627,Mumbai,03-03-2024,30.7,0.0,59,Humid
628,Mumbai,2023-04-19,27.9,2.6,55,Clear
629,Mumbai,2024-05-18,34.8,0.0,66,Cloudy
630,Mumbai,2024-11-11,28.1,5.0,53,Clear
631,Mumbai,22-07-2023,24.4,0.0,76,Humid
632,Mumbai,2023-03-15,30.5,2.1,-67,Cloudy
633,Mumbai,12-01-2023,15.7,0.3,63,Rainy
634,Mumbai,05-10-2024,31.5,6.8,54,Clear
635,Mumbai,2024.06.11,25.7,0.0,80,Foggy
636,Mumbai,2023.01.01,17.6,0.4,67,Clear
637,Mumbai,22-11-2024,23.1,14.1,86,Clear
638,Mumbai,2023.09.19,26.4,0.0,64,Humid
639,Mumbai,10-08-2024,27.1,0.0,52,Humid
640,Mumbai,10/03/2023,27.4,0.0,54,Cloudy
641,,01/20/2023,15.6,0.0,64,Rainy
642,Mumbai,2023-05-10,26.8,0.4,68,Humid
643,Mumbai,01/03/2023,15.5,3.3,42,Clear
644,Mumbai,24-04-2023,35.9,4.4,49,Humid
645,Mumbai,11/03/2024,41.2,0.0,80,Clear
646,Mumbai,01/14/2023,21.1,8.5,52,Rainy
647,Mumbai,30-05-2023,26.5,25.7,69,Clear
648,Mumbai,24/01/2024,18.1,9.1,45,Cloudy
649,Mumbai,06/30/2023,31.4,0.1,51,Clear
650,Mumbai,2023.01.01,20.7,0.3,60,Clear
651,Mumbai,02/10/2024,24.7,29.8,67,Cloudy
652,Mumbai,03/24/2024,35.7,0.4,63,Clear
653,Mumbai,2024-10-04,26.3,0.0,38,Clear
654,Mumbai,01/05/2023,25.2,6.3,67,Cloudy
655,Mumbai,19-06-2024,23.2,14.6,61,Foggy
656,Mumbai,24-01-2024,19.3,2.4,69,Clear
657,Mumbai,21/10/2023,26.0,16.6,80,Clear
658,Mumbai,2024.06.20,27.3,0.0,39,Cloudy
659,Mumbai,07/05/2023,34.5,3.3,63,Humid
660,Mumbai,25/12/2024,20.3,14.8,80,Rainy
661,Mumbai,28-05-2024,28.9,0.0,81,Humid
662,Mumbai,26-07-2023,29.8,0.0,63,Humid
663,Mumbai,2023-09-14,25.7,0.0,79,Cloudy
664,Mumbai,2023.05.30,19.8,4.5,72,Clear
665,Mumbai,2023.01.07,20.3,8.5,37,Cloudy
666,Mumbai,21-12-2024,16.4,4.7,71,Clear
667,Mumbai,2024.03.16,35.3,4.6,69,Clear
668,Mumbai,04/08/2023,36.5,1.3,55,Clear
669,Mumbai,02/27/2023,21.4,3.6,47,Clear
670,Mumbai,19-03-2023,37.8,4.2,72,Cloudy
671,Mumbai,2024.06.12,38.1,0.0,65,Rainy
672,Mumbai,01/05/2024,18.6,0.0,69,Rainy
673,Mumbai,31-01-2023,20.4,,54,Stormy
674,Mumbai,26-09-2024,24.9,140.2,82,Cloudy
675,Mumbai,12/02/2023,25.7,7.2,52,Clear
676,Mumbai,2023.01.12,17.6,5.0,40,Clear
677,Mumbai,10/16/2024,21.9,0.0,73,Cloudy
678,Mumbai,13/10/2024,20.5,14.0,80,Cloudy
679,Mumbai,2023.05.09,25.9,0.9,77,Cloudy
680,Mumbai,2024.06.14,28.4,0.0,46,Cloudy
681,Mumbai,2024-10-04,30.9,17.6,57,Foggy
682,Mumbai,2023-11-18,22.3,0.0,60,Foggy
683,Mumbai,15/10/2024,22.5,13.6,57,Foggy
684,Mumbai,15-02-2024,14.4,0.0,55,Clear
685,Mumbai,22-08-2024,27.8,46.2,76,Rainy
686,Mumbai,05/21/2024,30.2,0.7,84,Humid
687,Mumbai,2024.11.09,25.4,49.3,55,Cloudy
688,Mumbai,23/02/2024,14.5,2.7,66,Clear
689,Mumbai,05-03-2024,24.2,9.1,79,Clear
690,Mumbai,04-11-2024,19.5,0.0,53,Humid
691,Mumbai,2024-01-16,16.2,4.5,-63,Cloudy
692,Mumbai,09/08/2023,28.5,0.0,57,Foggy
693,Mumbai,10/30/2023,18.1,0.0,83,Cloudy
694,Mumbai,11/27/2024,26.0,0.0,41,Cloudy
695,Mumbai,07/06/2023,26.6,115.4,59,Clear
696,Mumbai,03/22/2024,36.7,10.5,79,Humid
697,Mumbai,12/29/2024,20.1,0.4,44,Cloudy
698,Mumbai,2023-06-25,31.9,21.9,39,Rainy
699,Mumbai,2023-04-05,33.2,0.0,44,Clear
700,Mumbai,2023.07.23,28.3,0.0,54,Clear
701,Mumbai,03/21/2023,40.3,15.3,39,Humid
702,Mumbai,04/09/2023,34.7,0.0,73,Cloudy
703,,01/31/2024,17.6,6.2,72,Foggy
704,Mumbai,18-04-2023,35.2,10.5,53,Clear
705,Mumbai,23/08/2024,24.0,344.9,45,Clear
706,Mumbai,07/10/2024,19.2,1.4,61,Clear
707,Mumbai,22-02-2023,16.1,10.1,74,Clear
708,Mumbai,10/24/2023,20.2,44.2,47,Clear
709,Mumbai,05/09/2024,25.8,152.6,71,Cloudy
710,Mumbai,24-07-2023,28.8,157.7,54,Rainy
711,Mumbai,2023-11-21,25.7,83.4,68,Cloudy
712,Mumbai,17/05/2023,35.4,0.0,69,Cloudy
713,Mumbai,2024-02-23,15.7,21.0,52,Clear
714,Mumbai,08/02/2023,59.8,27.9,42,Clear
715,Mumbai,03-09-2024,34.6,73.8,56,Foggy
716,Mumbai,2024.11.08,53.6,31.4,58,Foggy
717,Mumbai,27-05-2023,29.1,0.0,42,Clear
718,Mumbai,10/03/2024,31.9,0.0,31,Rainy
719,Mumbai,14/10/2023,24.4,74.6,55,Clear
720,Mumbai,2024.12.07,13.4,0.3,65,Humid
721,Mumbai,20-09-2023,25.9,0.0,60,Foggy
722,Mumbai,10/16/2023,21.5,52.2,48,Stormy
723,Mumbai,2023-10-16,26.5,0.0,68,Rainy
724,Mumbai,2024.03.31,29.2,0.9,32,Rainy
725,Mumbai,10/06/2024,27.7,0.0,58,Clear
726,Mumbai,2023-01-22,25.2,2.8,56,Humid
727,Mumbai,11/21/2023,19.0,76.7,38,Cloudy
728,Mumbai,01/10/2023,24.2,1.8,43,Stormy
729,Mumbai,02/11/2023,35.1,0.0,45,Clear
730,Mumbai,20-08-2023,29.4,8.8,72,Rainy
731,Mumbai,17/08/2023,29.8,88.6,89,Rainy
732,Mumbai,14-10-2024,26.4,34.9,74,Cloudy
733,Mumbai,12/02/2024,11.6,0.0,54,Clear
734,Mumbai,2023-06-25,34.9,125.1,56,Humid
735,Mumbai,02-03-2023,37.0,1.9,49,Cloudy
736,Mumbai,29/01/2024,17.5,0.0,39,Foggy
737,Mumbai,11/01/2024,24.5,12.8,44,Clear
738,Mumbai,17-08-2023,31.4,1.7,74,Rainy
739,Mumbai,2024-08-23,26.3,176.5,67,Clear
740,Mumbai,10/03/2024,28.8,29.5,36,Clear
741,Mumbai,2023.11.02,27.4,0.0,75,Foggy
742,Mumbai,26/11/2023,24.0,0.0,75,Clear
743,Mumbai,08/12/2024,34.9,95.7,64,Foggy
744,Mumbai,2024-03-08,32.0,0.8,57,Clear
745,Mumbai,12/29/2024,27.8,1.6,86,Humid
746,Mumbai,04/02/2024,16.6,0.7,67,Cloudy
747,Mumbai,05/27/2023,29.4,14.2,48,Clear
748,Mumbai,2024-02-20,16.9,13.5,65,Clear
749,Mumbai,2024-11-15,25.2,0.0,61,Foggy
750,Mumbai,06-04-2024,31.6,0.3,65,Clear
751,Mumbai,23-02-2023,20.9,7.1,67,Cloudy
752,Delhi,2024.02.14,18.4,2.1,64,Clear
753,Delhi,2023-08-11,25.9,189.8,55,Clear
754,Delhi,12/09/2024,25.2,224.6,35,Foggy
755,Delhi,2023.12.18,24.4,0.1,48,Clear
756,Delhi,25/04/2024,34.6,6.4,46,Clear
757,Delhi,09/05/2024,26.5,0.0,77,Humid
758,Delhi,2024.04.24,30.9,0.0,52,Clear
759,Delhi,2023-03-13,36.0,21.1,75,Cloudy
760,Delhi,2024.08.09,30.1,225.5,80,Clear
761,Delhi,2023-02-24,25.5,1.6,31,Clear
762,Delhi,27/12/2024,14.2,7.6,84,Clear
763,Delhi,2024-10-09,27.1,46.7,45,Clear
764,Delhi,05-08-2023,26.3,34.8,62,Cloudy
765,Delhi,2024.08.22,25.7,0.0,62,Foggy
766,Delhi,2023-12-08,17.1,5.0,85,Cloudy
767,Delhi,22/01/2023,21.1,0.0,99,Clear
768,Delhi,16-07-2024,27.3,80.6,54,Clear
769,Delhi,26/07/2024,33.2,157.5,51,Cloudy
770,Delhi,06/11/2024,25.8,13.4,54,Foggy
771,Delhi,10-08-2023,26.1,0.4,56,Clear
772,Delhi,2023.01.14,17.4,0.0,51,Humid
773,Delhi,12/02/2024,12.5,1.0,49,Humid
774,Delhi,2023-08-30,30.9,215.2,44,Humid
775,Delhi,02/05/2023,18.5,0.1,79,Clear
776,Delhi,2023-06-22,20.5,0.0,81,Rainy
777,Delhi,07/12/2023,26.0,0.0,45,Cloudy
778,Delhi,2023-10-04,27.0,7.5,66,Clear
779,Delhi,08/08/2024,26.2,436.8,52,Clear
780,Delhi,2024.06.30,28.6,160.9,55,Rainy
781,Delhi,2024-09-17,29.5,24.8,49,Foggy
782,Delhi,2023-11-17,24.2,0.0,50,Humid
783,Delhi,02/19/2024,18.0,10.1,86,Stormy
784,Delhi,07/23/2023,26.7,0.0,44,Clear
785,Delhi,03/12/2023,21.1,7.6,68,Cloudy
786,Delhi,27/12/2024,23.9,0.0,75,Cloudy
787,Delhi,06/08/2023,35.1,360.7,22,Cloudy
788,Delhi,22/06/2024,18.7,45.8,74,Clear
789,Delhi,15/01/2023,5.0,10.8,54,Cloudy
790,Delhi,01-11-2024,24.2,35.9,55,Clear
791,Delhi,02/17/2023,23.4,8.2,50,Clear
792,Delhi,01/01/2024,20.1,1.2,68,Cloudy
793,Delhi,2024.07.07,29.9,0.0,36,Foggy
794,Delhi,2023.06.10,33.0,84.4,79,Humid
795,Delhi,22/05/2023,36.0,0.3,78,Rainy
796,Delhi,03-01-2024,25.6,1.4,51,Cloudy
797,Delhi,14/11/2023,27.3,0.0,79,Rainy
798,Delhi,08/11/2024,52.5,45.7,92,Clear
799,Delhi,2024.07.19,58.9,107.0,58,Clear
800,Delhi,2024.09.13,24.9,219.9,57,Rainy
801,Delhi,2024-10-22,33.4,110.7,56,Cloudy
802,,2024-03-12,36.3,3.2,82,Rainy
803,Delhi,26/11/2023,24.6,3.2,85,Humid
804,Delhi,2023.08.22,25.6,0.0,34,Rainy
805,Delhi,2023.03.10,33.4,0.0,100,Clear
806,Delhi,2023.05.05,36.0,4.2,47,Clear
807,Delhi,08/24/2023,30.5,0.0,39,Clear
808,Delhi,2023-07-01,28.0,159.2,77,Cloudy
809,Delhi,20/03/2023,39.0,3.2,74,Foggy
810,Delhi,15-03-2024,38.1,0.0,33,Clear
811,Delhi,11/23/2024,23.4,0.0,69,Humid
812,Delhi,2024.07.22,27.5,0.0,47,Rainy
813,Delhi,28/04/2024,30.4,0.9,49,Foggy
814,Delhi,2024.06.14,29.3,147.8,71,Rainy
815,Delhi,16-06-2023,27.0,251.7,73,Rainy
816,Delhi,2024.12.24,18.5,0.0,61,Clear
817,Delhi,2024.08.19,34.8,229.6,73,Cloudy
818,Delhi,10/10/2024,28.4,14.5,-64,Clear
819,Delhi,2023-06-02,25.4,0.0,57,Rainy
820,Delhi,2023.01.13,16.8,0.0,83,Humid
821,Delhi,2024.05.15,27.7,9.0,49,Humid
822,Delhi,2023.09.27,20.4,44.4,39,Cloudy
823,Delhi,2024-04-30,38.9,0.0,69,Clear
824,Delhi,06/10/2023,24.8,36.1,63,Cloudy
825,Delhi,2024-01-19,22.5,0.6,70,Humid
826,Delhi,2023.12.05,18.8,8.1,78,Humid
827,Delhi,08/03/2024,23.4,2.2,43,Rainy
828,Delhi,11-06-2023,33.9,65.3,80,Foggy
829,Delhi,13-09-2023,32.0,61.0,50,Foggy
830,Delhi,06/04/2023,30.8,2.7,34,Clear
831,Delhi,10/03/2024,30.6,0.0,32,Rainy
832,Delhi,09-05-2023,34.2,1.8,68,Cloudy
833,Delhi,2024-12-04,8.7,0.0,48,Clear
834,Delhi,2024-03-29,33.0,13.3,47,Clear
835,Delhi,14-07-2023,29.3,0.0,43,Humid
836,Delhi,2024.10.25,27.5,0.0,47,Foggy
837,Delhi,2024-04-30,32.8,2.9,68,Clear
838,Delhi,2024-02-20,12.5,12.1,-54,Foggy
839,Delhi,14/03/2024,37.8,0.7,61,Cloudy
840,Delhi,2023-02-03,11.2,6.4,59,Clear
841,Delhi,11/24/2023,12.4,0.0,57,Clear
842,Delhi,20/08/2023,25.0,501.8,58,Cloudy
843,Delhi,2024.12.05,21.8,2.1,36,Cloudy
844,,02/12/2024,20.0,0.7,79,Clear
845,Delhi,04/07/2024,28.9,1.7,52,Humid
846,Delhi,2023.12.10,22.4,1.8,67,Cloudy
847,Delhi,02/06/2024,7.7,0.4,59,Stormy
848,Delhi,25-05-2023,51.7,24.5,42,Stormy
849,Delhi,2023-09-09,24.9,,47,Foggy
850,Delhi,25-12-2023,14.4,0.0,45,Cloudy
851,Delhi,26-05-2023,35.8,2.5,58,Cloudy
852,Delhi,27-01-2024,14.2,0.3,65,Clear
853,Delhi,24/01/2024,22.2,0.0,40,Cloudy
854,Delhi,2024-04-16,31.5,0.8,57,Rainy
855,Delhi,12/12/2024,16.2,3.5,66,Foggy
856,Delhi,2024.07.21,30.1,109.0,52,Rainy
857,Delhi,2024-03-22,57.1,13.1,50,Rainy
858,Delhi,09/09/2024,30.9,108.5,69,Rainy
859,Delhi,2023.05.19,36.0,27.7,71,Humid
860,Delhi,11/12/2023,28.6,4.1,74,Clear
861,Delhi,2023-05-25,37.1,5.1,68,Humid
862,Delhi,19/01/2023,12.7,8.0,42,Clear
863,Delhi,2024-07-21,31.7,16.1,42,Rainy
864,Delhi,2023-09-02,27.0,7.8,60,Humid
865,Delhi,11/14/2024,33.3,36.4,43,Rainy
866,Delhi,22-08-2024,31.2,15.0,-69,Stormy
867,Delhi,01/01/2024,19.8,0.0,37,Clear
868,Delhi,01/04/2023,17.5,6.2,50,Clear
869,Delhi,2024.03.04,36.0,20.9,37,Clear
870,Delhi,12/02/2024,13.5,8.9,89,Clear
871,Delhi,21-08-2024,28.9,159.3,80,Cloudy
872,Delhi,03/20/2023,31.9,0.6,29,Cloudy
873,Delhi,08/04/2024,28.6,0.0,55,Clear
874,Delhi,15/10/2024,22.4,0.0,52,Clear
875,Delhi,2023-07-12,22.4,55.5,56,Clear
876,Delhi,22-09-2024,27.6,1.4,36,Humid
877,Delhi,2023.08.28,30.7,111.3,56,Clear
878,Delhi,23/03/2024,31.7,18.0,62,Rainy
879,Delhi,04-12-2023,18.2,0.1,47,Humid
880,Delhi,2024-01-27,19.6,3.0,52,Clear
881,Delhi,2023-01-24,16.7,2.9,61,Cloudy
882,Delhi,05-04-2023,36.0,11.2,56,Humid
883,Delhi,03/06/2024,37.2,38.6,68,Clear
884,Delhi,04/08/2024,37.2,3.7,81,Clear
885,Delhi,2024-04-16,29.7,28.8,74,Cloudy
886,Delhi,23-05-2024,37.6,6.1,39,Cloudy
887,Delhi,2023-11-08,27.0,0.0,67,Clear
888,Delhi,2023-11-22,33.8,0.0,73,Clear
889,Delhi,25-06-2024,18.7,,62,Rainy
890,Delhi,2023.12.15,14.1,0.0,57,Foggy
891,Delhi,18/07/2023,28.5,85.1,43,Clear
892,Delhi,04-05-2023,26.3,16.9,35,Clear
893,Delhi,09/07/2023,27.2,284.2,61,Clear
894,Delhi,05/17/2023,34.6,9.2,53,Humid
895,Delhi,06-05-2024,33.2,6.4,84,Foggy
896,Delhi,2023.01.11,25.0,0.0,75,Clear
897,Delhi,12/22/2024,21.5,0.0,39,Clear
898,Delhi,2024-08-03,24.7,8.1,32,Clear
899,Delhi,03/30/2024,39.2,6.8,50,Clear
900,Delhi,2024.06.07,25.4,38.2,74,Rainy
901,Delhi,01-07-2024,24.7,0.0,71,Rainy
902,Delhi,2024.10.11,27.0,9.1,69,Stormy
903,Delhi,2024-06-14,25.8,0.0,56,Rainy
904,Delhi,2023.10.02,23.2,134.9,46,Clear
905,Delhi,2023-08-22,25.4,69.6,63,Cloudy
906,Delhi,18/10/2023,34.1,14.9,56,Clear
907,Delhi,2024-01-18,18.4,5.8,82,Humid
908,Delhi,2023.09.01,21.7,24.9,24,Clear
909,Delhi,30/07/2024,31.3,280.7,59,Humid
910,Delhi,23/08/2023,25.4,340.8,27,Clear
911,Delhi,26-11-2023,21.0,26.6,53,Clear
912,Delhi,10/08/2023,29.9,0.0,88,Rainy
913,Delhi,18/06/2024,26.1,69.2,41,Rainy
914,Delhi,2023-10-29,29.9,9.1,65,Foggy
915,Delhi,12/06/2024,25.5,83.4,59,Rainy
916,Delhi,28-01-2023,23.8,4.9,72,Humid
917,Delhi,11/16/2024,23.9,0.0,48,Cloudy
918,Delhi,27-06-2024,25.8,3.8,81,Rainy
919,Delhi,02/08/2024,32.5,112.9,24,Humid
920,Delhi,02/02/2023,17.8,8.5,59,Rainy
921,Delhi,2024.03.18,36.2,0.0,51,Humid
922,Delhi,2023-04-26,35.1,20.1,67,Rainy
923,Delhi,03/16/2023,27.3,0.0,58,Foggy
924,Delhi,15-08-2024,30.5,8.6,48,Stormy
925,Delhi,2023-05-18,29.2,2.7,40,Clear
926,Delhi,26/04/2024,29.5,1.5,50,Clear
927,Delhi,01/07/2024,20.6,0.7,83,Cloudy
928,Delhi,03/01/2024,15.6,3.7,65,Clear
929,Delhi,03/04/2024,34.5,0.0,56,Clear
930,Delhi,22/11/2023,21.2,1.8,52,Humid
931,Delhi,2024.03.15,28.9,2.7,68,Humid
932,Delhi,23-04-2023,37.4,3.7,53,Foggy
933,Delhi,03/11/2024,24.2,142.2,49,Clear
934,Delhi,06/10/2023,17.3,4.7,52,Clear
935,Delhi,2023-01-07,18.9,2.6,54,Rainy
936,Delhi,26-02-2023,17.1,15.9,46,Cloudy
937,Delhi,27-05-2023,31.4,2.8,55,Rainy
938,Delhi,25/12/2024,13.8,0.0,56,Humid
939,Delhi,18-01-2024,18.3,0.0,52,Clear
940,Delhi,2024-04-29,28.7,0.0,43,Foggy
941,Delhi,18/12/2024,15.4,0.0,59,Clear
942,Delhi,2024-07-12,24.5,0.0,45,Clear
943,Delhi,2023-03-25,33.2,0.0,47,Clear
944,Delhi,05/04/2024,39.9,3.3,72,Foggy
945,Delhi,17/01/2023,16.5,9.3,37,Clear
946,Delhi,2024-01-27,14.8,3.4,31,Foggy
947,Delhi,07-10-2023,27.1,113.5,59,Cloudy
948,Delhi,2023.12.03,21.2,0.9,50,Clear
949,Delhi,2024-03-20,30.5,28.0,79,Clear
950,Delhi,29/09/2024,31.5,66.2,51,Rainy
951,Delhi,2024-06-10,31.7,0.0,82,Rainy
952,Delhi,2024-03-19,31.8,5.9,66,Humid
953,Delhi,07/03/2024,36.8,0.0,65,Clear
954,Delhi,11/02/2023,24.6,1.1,65,Clear
955,Delhi,26-05-2024,29.8,21.7,65,Cloudy
956,Delhi,02/09/2024,20.2,0.0,53,Cloudy
957,Delhi,2023-10-13,28.5,0.0,59,Clear
958,Delhi,03/02/2024,15.9,3.8,40,Cloudy
959,Delhi,10/16/2023,29.1,0.9,53,Rainy
960,Delhi,12/02/2024,12.0,0.7,58,Rainy
961,Delhi,24-08-2023,33.5,353.7,71,Rainy
962,Delhi,28-07-2024,28.1,0.0,69,Rainy
963,Delhi,2023-07-31,26.4,134.5,47,Clear
964,Delhi,2023.03.10,27.4,5.8,92,Cloudy
965,Delhi,2023.03.01,26.2,1.6,43,Cloudy
966,Delhi,2023.06.11,31.8,255.6,46,Clear
967,Delhi,19-05-2023,25.5,2.8,84,Clear
968,Delhi,08/26/2023,29.1,172.3,41,Clear
969,Delhi,2024-12-01,13.7,6.4,63,Cloudy
970,Delhi,02/02/2024,16.9,0.0,92,Cloudy
971,Delhi,28-11-2023,26.3,19.9,61,Cloudy
972,Delhi,06-04-2023,32.3,17.3,49,Cloudy
973,Delhi,2023.06.09,30.8,,28,Clear
974,Delhi,19/07/2024,23.6,43.0,53,Rainy
975,Delhi,10-02-2024,12.0,0.0,60,Rainy
976,Delhi,12-09-2023,28.2,224.4,37,Clear
977,Delhi,01/19/2023,20.6,0.0,40,Clear
978,Delhi,10/17/2023,30.4,16.1,72,Humid
979,Delhi,2024-03-07,27.6,0.0,68,Cloudy
980,Delhi,20/11/2023,27.9,5.9,71,Clear
981,Delhi,07/06/2024,27.5,218.6,65,Rainy
982,Delhi,2023-06-09,25.7,0.0,45,Foggy
983,Delhi,01/24/2024,23.7,0.0,52,Clear
984,Delhi,10/07/2024,26.4,0.0,55,Humid
985,Delhi,2024-12-01,18.6,0.0,36,Clear
986,Delhi,2023.11.05,25.7,0.0,72,Stormy
987,Delhi,18/06/2023,24.6,295.1,97,Clear
988,Delhi,2023-03-03,26.6,0.0,72,Cloudy
989,Delhi,27-12-2023,9.4,1.6,54,Cloudy
990,Delhi,14/01/2023,15.5,0.0,41,Clear
991,Delhi,11/22/2023,23.7,0.0,51,Rainy
992,Delhi,07/08/2024,29.0,39.1,62,Foggy
993,Delhi,2024.06.27,28.1,142.5,64,Rainy
994,Delhi,22/10/2023,27.0,10.2,60,Stormy
995,Delhi,23/08/2023,24.3,56.4,46,Humid
996,Delhi,02/12/2024,16.6,0.1,59,Cloudy
997,Delhi,05/31/2024,30.2,5.3,73,Cloudy
998,Delhi,22/01/2023,18.2,10.2,61,Cloudy
999,Delhi,21-01-2024,19.1,1.9,73,Humid
1000,Delhi,14-10-2024,27.6,27.6,97,Foggy
1001,Delhi,2023-09-03,28.1,18.1,64,Rainy
1002,Delhi,2024.05.26,29.6,4.5,58,Cloudy
1003,Delhi,2024-01-05,25.3,1.5,90,Cloudy
1004,Delhi,2023-10-01,27.1,5.2,69,Cloudy
1005,Delhi,08/03/2023,36.6,9.6,76,Cloudy
1006,Delhi,2024.12.28,19.1,3.7,55,Clear
1007,Delhi,12/30/2024,16.5,0.0,60,Clear
1008,Delhi,2024.06.28,30.7,98.3,33,Rainy
1009,Delhi,2023.12.23,21.3,3.8,38,Humid
1010,Delhi,31/01/2023,16.3,3.9,-79,Clear
1011,Delhi,2024.05.12,27.1,12.8,56,Clear
1012,Delhi,13-03-2024,25.4,3.0,53,Clear
1013,Delhi,05/04/2024,32.0,3.2,88,Humid
1014,Delhi,22-12-2024,16.9,0.0,73,Humid
1015,Delhi,09/18/2024,29.2,24.4,67,Clear
1016,Delhi,18/07/2023,30.3,28.6,57,Clear
1017,Delhi,09/02/2024,20.3,1.8,92,Clear
1018,Delhi,05/29/2024,28.4,0.0,88,Humid
1019,Delhi,2023-05-04,38.5,0.0,60,Cloudy
1020,Delhi,14/12/2023,17.4,4.5,57,Foggy
1021,Delhi,2023.08.30,29.7,3.3,76,Foggy
1022,Delhi,04/06/2024,31.0,7.3,52,Cloudy
1023,Delhi,02/01/2023,14.7,5.9,68,Clear
1024,Delhi,2023.06.09,25.3,83.0,71,Clear
1025,Delhi,04/26/2024,28.1,6.5,60,Humid
1026,Delhi,03/09/2023,35.7,0.0,86,Humid
1027,Delhi,2024.01.07,19.9,1.7,63,Clear
1028,Delhi,09/10/2023,23.6,0.0,88,Clear
1029,Delhi,01/31/2023,16.1,2.6,44,Stormy
1030,Delhi,02-01-2023,12.8,0.0,58,Humid
1031,Delhi,02/04/2023,33.9,25.5,51,Clear
1032,Delhi,02/09/2024,15.9,0.7,83,Cloudy
1033,Delhi,01/25/2023,20.0,1.6,88,Clear
1034,Delhi,2023-11-06,24.2,134.9,60,Clear
1035,Delhi,01-02-2024,18.9,0.0,73,Clear
1036,Delhi,2023-12-29,17.4,2.2,74,Clear
1037,Delhi,2024-02-27,12.3,16.9,87,Rainy
1038,Delhi,02/07/2023,33.0,0.0,27,Clear
1039,Delhi,09-11-2023,26.8,21.1,44,Clear
1040,Delhi,03/02/2023,33.3,4.1,51,Cloudy
1041,Delhi,08/10/2023,27.9,58.2,48,Clear
1042,Delhi,14/12/2024,20.0,0.0,57,Humid
1043,Delhi,2024-08-31,26.5,113.6,20,Foggy
1044,Delhi,05/13/2023,37.7,16.8,58,Humid
1045,Delhi,19/11/2024,22.5,1.6,48,Foggy
1046,Delhi,09/07/2023,30.1,51.8,59,Cloudy
1047,Delhi,2023.01.27,24.5,0.1,60,Humid
1048,Delhi,12/27/2024,18.4,7.4,82,Cloudy
1049,Delhi,12-11-2023,30.5,7.2,45,Foggy
1050,Delhi,05/13/2024,36.6,1.6,61,Foggy
1051,Delhi,16-08-2023,28.4,31.1,73,Humid
1052,Delhi,2023-05-07,34.5,0.5,53,Humid
1053,Delhi,2023.01.21,12.5,0.0,60,Clear
1054,Delhi,2024.12.03,21.7,5.1,43,Rainy
1055,Delhi,2024.08.04,24.6,153.7,41,Cloudy
1056,Delhi,2023-07-08,28.1,184.5,63,Clear
1057,Delhi,2023.07.27,34.2,6.2,57,Clear
1058,Delhi,04/26/2024,30.5,1.8,48,Humid
1059,Delhi,11/10/2023,32.3,37.6,40,Humid
1060,Delhi,08/26/2024,29.9,40.3,63,Rainy
1061,Delhi,05/09/2024,31.4,6.7,60,Cloudy
1062,Delhi,2023-05-27,32.3,8.2,75,Foggy
1063,Delhi,2024.03.21,25.8,22.3,52,Clear
1064,Delhi,09-10-2024,21.1,0.0,49,Stormy
1065,Delhi,2023.11.02,23.6,9.9,61,Foggy
1066,Delhi,2024-06-08,32.2,237.2,59,Clear
1067,Delhi,05/18/2024,36.8,5.6,66,Clear
1068,Delhi,11/24/2024,30.7,4.7,78,Humid
1069,Delhi,24-08-2024,31.3,173.2,59,Clear
1070,Delhi,23-06-2024,20.2,5.0,53,Stormy
1071,Delhi,17-11-2023,55.4,7.6,73,Clear
1072,Delhi,02/05/2024,18.5,4.2,66,Clear
1073,Delhi,2023.04.25,27.8,21.4,58,Clear
1074,Delhi,12-10-2024,28.4,20.7,55,Cloudy
1075,Delhi,2023-05-05,32.0,0.0,22,Cloudy
1076,Delhi,2023.01.09,20.6,0.3,34,Clear
1077,Delhi,2023-04-06,26.0,3.3,69,Cloudy
1078,Delhi,13-12-2024,11.5,0.0,40,Rainy
1079,Delhi,2024-08-31,21.6,55.1,61,Rainy
1080,Delhi,11/28/2024,28.8,17.5,56,Clear
1081,Delhi,29/03/2023,30.8,0.0,57,Clear
1082,Delhi,04-01-2023,19.7,2.8,62,Rainy
1083,Delhi,2024.03.16,22.7,2.2,62,Clear
1084,Delhi,18/04/2024,26.1,17.6,57,Clear
1085,Delhi,25/02/2023,14.8,2.3,54,Humid
1086,Delhi,25/07/2024,21.6,123.7,55,Foggy
1087,Delhi,15-01-2024,13.8,1.1,79,Clear
1088,Delhi,08/12/2024,22.5,10.0,55,Cloudy
1089,Delhi,2023.08.25,33.5,0.0,67,Clear
1090,Delhi,09/14/2024,32.7,0.0,63,Cloudy
1091,Delhi,2023-04-21,33.9,3.3,71,Cloudy
1092,Delhi,22/09/2023,25.4,,80,Cloudy
1093,Delhi,2023-11-12,31.8,,79,Stormy
1094,Delhi,31/07/2023,29.0,46.8,41,Humid
1095,Delhi,05/31/2024,40.0,0.0,90,Humid
1096,Delhi,2023.01.13,19.0,4.3,67,Cloudy
1097,Delhi,06/28/2024,22.7,220.7,63,Rainy
1098,Delhi,23/08/2023,30.3,211.1,57,Clear
1099,Delhi,01-04-2024,31.1,15.9,62,Clear
1100,Delhi,2024.01.29,22.4,2.3,100,Clear
1101,Delhi,03/12/2023,25.4,23.6,58,Clear
1102,Delhi,08/13/2023,36.8,215.3,43,Clear
1103,Delhi,2023-04-06,35.5,0.0,-61,Clear
1104,Delhi,2023.09.28,20.2,0.0,30,Clear
1105,Delhi,2023-09-22,34.2,0.0,59,Cloudy
1106,Delhi,10/17/2024,27.7,0.0,68,Foggy
1107,Delhi,21/03/2023,40.2,1.2,49,Stormy
1108,Delhi,07-10-2023,24.1,23.2,67,Clear
1109,Delhi,2024-07-07,29.9,0.0,34,Clear
1110,Delhi,2023-01-28,17.8,3.5,56,Clear
1111,Delhi,08/01/2023,21.2,1.4,53,Clear
1112,Delhi,2024.06.06,23.1,70.0,97,Stormy
1113,Delhi,08/09/2023,22.2,201.7,59,Foggy
1114,Delhi,03/24/2023,33.4,0.0,76,Cloudy
1115,Delhi,2024.02.08,21.9,0.0,53,Clear
1116,Delhi,11/21/2023,25.1,31.0,65,Stormy
1117,Delhi,2024.10.07,20.3,0.0,57,Rainy
1118,Delhi,2023.03.30,38.9,8.9,69,Cloudy
1119,Delhi,18-12-2024,17.0,1.3,59,Clear
1120,Delhi,2024.01.27,21.5,0.0,52,Clear
1121,Delhi,19-05-2024,29.7,8.4,60,Cloudy
1122,Delhi,06/14/2024,29.5,46.7,37,Cloudy
1123,Delhi,2023.07.21,28.5,275.5,62,Clear
1124,Delhi,06/07/2024,26.8,321.5,81,Rainy
1125,Delhi,2024-06-28,23.0,46.7,44,Rainy
1126,Delhi,06-10-2023,28.5,17.4,64,Clear
1127,Delhi,2023.04.22,36.7,8.7,47,Cloudy
1128,Delhi,2024.11.06,27.1,49.1,48,Cloudy
1129,Delhi,2023-11-06,30.1,6.8,52,Rainy
1130,Delhi,09/02/2024,19.5,0.9,66,Clear
1131,Delhi,2023-01-21,14.1,0.3,81,Clear
1132,Delhi,03/04/2023,33.2,0.7,78,Cloudy
1133,Delhi,2024-02-01,19.8,1.4,59,Cloudy
1134,Delhi,01/09/2023,22.2,0.0,68,Foggy
1135,Delhi,20/12/2024,11.4,0.0,70,Rainy
1136,Delhi,2024-11-05,29.2,0.0,61,Foggy
1137,Delhi,13/11/2024,22.8,0.0,54,Clear
1138,Delhi,2023.05.25,33.8,4.5,59,Cloudy
1139,Delhi,02/10/2024,24.9,24.7,69,Clear
1140,Delhi,2023.05.24,33.8,0.6,33,Cloudy
1141,Delhi,11/07/2023,28.3,0.0,53,Cloudy
1142,Delhi,2023.02.17,13.7,0.8,37,Foggy
1143,Delhi,24/12/2024,16.4,1.2,56,Stormy
1144,Delhi,01/11/2024,28.1,19.3,79,Humid
1145,Delhi,2024.01.30,26.5,13.5,59,Humid
1146,Delhi,20-03-2024,32.2,21.9,41,Humid
1147,,01/06/2024,26.1,11.0,75,Clear
1148,Delhi,2024-08-05,33.7,23.3,56,Clear
1149,Delhi,2023.08.26,33.1,65.3,78,Clear
1150,Delhi,05/18/2024,27.0,1.4,41,Humid
1151,Delhi,2023.02.26,21.0,1.2,45,Clear
1152,Delhi,2024.03.12,34.5,11.3,53,Foggy
1153,Delhi,07/14/2023,21.9,51.4,69,Clear
1154,Delhi,07-02-2023,14.5,3.1,76,Rainy
1155,Delhi,21-03-2024,35.6,5.0,39,Foggy
1156,Delhi,09/23/2024,30.0,43.5,54,Humid
1157,Delhi,2023-06-26,30.6,0.0,78,Clear
1158,Delhi,2024-10-12,26.1,48.2,19,Foggy
1159,Delhi,2023.04.24,36.4,8.4,49,Cloudy
1160,Delhi,2024.09.08,22.7,0.0,43,Cloudy
1161,Delhi,03-06-2023,30.9,151.1,58,Humid
1162,Delhi,2024.01.28,12.3,0.0,81,Cloudy
1163,Delhi,2023-09-18,36.3,122.7,49,Clear
1164,Delhi,2023-10-07,15.9,9.7,53,Humid
1165,Delhi,02/05/2024,16.6,1.5,69,Clear
1166,Delhi,2023.08.25,35.9,0.0,70,Humid
1167,Delhi,03-03-2023,31.7,5.9,44,Clear
1168,Delhi,02/07/2024,25.4,12.3,-44,Clear
1169,Delhi,2023-11-19,24.1,0.0,70,Foggy
1170,Delhi,24-12-2024,18.8,1.6,38,Stormy
1171,Delhi,2023-01-29,15.7,9.3,74,Clear
1172,Delhi,2023.02.22,19.3,3.6,54,Clear
1173,Delhi,22-07-2023,28.2,87.1,99,Cloudy
1174,Delhi,09/01/2023,15.0,3.6,75,Clear
1175,Delhi,13-12-2024,16.4,0.0,70,Cloudy
1176,Delhi,2023-06-24,29.4,46.6,46,Rainy
1177,Delhi,18/06/2023,31.9,103.6,64,Rainy
1178,Delhi,10-06-2023,24.1,0.0,29,Stormy
1179,Delhi,08/09/2023,27.7,0.0,86,Clear
1180,Delhi,13-01-2023,14.8,0.0,44,Rainy
1181,Delhi,24/07/2023,22.8,0.0,47,Clear
1182,Delhi,14-02-2023,13.6,0.0,54,Cloudy
1183,Delhi,2023-04-16,31.8,15.8,49,Clear
1184,Delhi,2024.05.10,31.6,10.5,72,Humid
1185,Delhi,15-07-2024,21.9,0.0,56,Clear
1186,Delhi,27-10-2024,27.0,64.1,51,Cloudy
1187,Delhi,07/05/2023,36.2,0.0,66,Clear
1188,Delhi,2024.07.08,24.5,170.2,32,Cloudy
1189,Delhi,24-08-2024,30.4,116.0,74,Rainy
1190,Delhi,31/01/2023,18.4,0.9,59,Clear
1191,Delhi,13-10-2023,27.2,104.2,41,Clear
1192,Delhi,08/08/2024,28.2,95.9,66,Cloudy
1193,Delhi,2024.03.20,29.8,0.0,74,Humid
1194,Delhi,14-06-2024,24.8,141.9,57,Clear
1195,Delhi,2023.04.25,34.1,0.0,53,Clear
1196,Delhi,2024-10-16,32.9,16.1,73,Foggy
1197,Delhi,13-08-2023,30.9,277.9,40,Rainy
1198,Delhi,2024-01-08,15.7,4.5,54,Rainy
1199,Delhi,2024-12-05,21.3,12.7,60,Cloudy
1200,Delhi,23-06-2024,30.9,0.0,38,Rainy
1201,Delhi,2023.02.17,22.3,6.8,62,Humid
1202,Delhi,2023.03.18,39.1,5.2,56,Foggy
1203,Delhi,17/06/2024,28.8,41.3,81,Clear
1204,Delhi,30/09/2024,27.1,40.5,75,Humid
1205,Delhi,22-05-2023,52.1,0.0,47,Clear
1206,Delhi,11/03/2023,24.3,20.6,56,Clear
1207,Delhi,08/16/2023,22.0,50.8,39,Clear
1208,Delhi,2024-08-23,25.0,124.4,61,Foggy
1209,Delhi,28-05-2023,26.9,3.8,58,Clear
1210,Delhi,2024-01-19,21.4,0.1,79,Cloudy
1211,Delhi,2023-05-11,30.9,0.0,42,Foggy
1212,Delhi,2023.11.29,18.1,68.4,67,Foggy
1213,Delhi,2023.06.22,28.4,422.0,53,Foggy
1214,Delhi,2024-07-16,32.6,500.3,49,Clear
1215,Delhi,19/11/2023,27.0,50.4,69,Humid
1216,Delhi,2024.05.29,33.2,9.1,88,Rainy
1217,Delhi,2023.04.08,32.3,6.5,50,Clear
1218,Delhi,2024-04-12,30.8,0.0,33,Cloudy
1219,Delhi,10/05/2024,35.0,11.6,59,Foggy
1220,Delhi,14-06-2023,28.8,229.2,69,Cloudy
1221,Delhi,2023.11.06,24.9,39.4,68,Rainy
1222,Delhi,12/02/2024,15.4,2.9,74,Foggy
1223,Delhi,19/09/2024,19.3,50.5,57,Clear
1224,Delhi,2024-12-30,25.1,0.0,81,Stormy
1225,Delhi,2024.10.24,25.8,0.0,46,Foggy
1226,Delhi,2023.07.27,24.9,210.3,74,Rainy
1227,Delhi,2024.10.21,19.0,34.7,78,Clear
1228,Delhi,2024.06.13,18.4,152.8,43,Cloudy
1229,Delhi,21-05-2024,26.8,0.9,56,Cloudy
1230,Delhi,2023-10-16,58.5,112.2,67,Humid
1231,Delhi,21-06-2024,25.1,342.5,57,Cloudy
1232,Delhi,2024-06-24,24.3,0.0,39,Rainy
1233,Delhi,2024-10-11,29.8,15.8,47,Foggy
1234,Delhi,2023.07.04,35.0,0.0,86,Rainy
1235,Delhi,2024.09.12,28.4,75.6,44,Stormy
1236,Delhi,2023-06-01,29.8,99.3,68,Humid
1237,Delhi,13-06-2024,26.7,109.7,54,Foggy
1238,Delhi,2023.03.28,29.2,8.4,56,Humid
1239,Delhi,2023-10-02,23.0,0.0,59,Clear
1240,Delhi,2024-05-21,32.1,0.0,69,Clear
1241,,2023-08-04,20.1,105.2,58,Clear
1242,Delhi,03/09/2023,28.5,3.2,44,Humid
1243,Delhi,2023.12.30,23.1,2.0,52,Rainy
1244,Delhi,03/19/2024,32.7,4.8,47,Stormy
1245,Delhi,05/09/2023,32.7,3.0,80,Clear
1246,Delhi,2024.07.12,27.3,0.0,100,Cloudy
1247,Delhi,30/08/2023,30.0,15.0,78,Clear
1248,Delhi,16-05-2023,36.1,1.6,39,Humid
1249,Delhi,11/02/2023,21.2,3.9,43,Cloudy
1250,Delhi,12-09-2023,28.0,0.0,55,Clear
1251,Delhi,2023.09.04,22.6,312.1,34,Rainy
1252,Delhi,05-06-2024,24.9,12.2,74,Humid
1253,Delhi,25/08/2023,29.9,23.1,77,Clear
1254,Delhi,01/10/2024,20.6,15.1,45,Clear
1255,Delhi,31-07-2024,27.6,174.0,39,Stormy
1256,Delhi,04/21/2023,36.3,0.0,83,Cloudy
1257,Delhi,2024.03.06,39.2,0.0,51,Cloudy
1258,Delhi,26-09-2023,26.8,0.0,84,Clear
1259,Delhi,2024.01.26,13.5,8.4,70,Clear
1260,Delhi,24/09/2023,28.8,18.6,22,Humid
1261,Delhi,09/14/2023,29.6,0.0,48,Rainy
1262,Delhi,05/07/2024,31.4,174.2,57,Clear
1263,Delhi,2024-11-24,27.7,11.0,43,Cloudy
1264,Delhi,06/23/2024,30.7,341.1,78,Humid
1265,Delhi,2023.05.19,34.3,0.0,53,Clear
1266,Delhi,2024.11.14,31.2,0.0,62,Humid
1267,Delhi,07-01-2023,9.9,0.0,66,Cloudy
1268,Delhi,2024-07-11,20.1,0.0,87,Cloudy
1269,Delhi,17-08-2023,31.9,0.0,71,Clear
1270,Delhi,11/22/2024,28.3,0.0,63,Cloudy
1271,Delhi,2023.04.07,30.7,4.4,79,Clear
1272,Delhi,2024.12.13,52.6,2.3,56,Cloudy
1273,Delhi,13-03-2023,32.0,0.0,76,Humid
1274,Delhi,10-10-2023,24.7,27.5,57,Clear
1275,Delhi,09/13/2024,30.7,105.0,41,Humid
1276,Delhi,10/28/2023,26.8,0.0,41,Clear
1277,Delhi,10/11/2023,27.0,0.0,77,Humid
1278,Delhi,02-10-2024,56.1,29.0,69,Stormy
1279,Delhi,18-04-2024,31.4,6.7,53,Clear
1280,Delhi,2023.01.30,14.0,1.8,86,Humid
1281,Delhi,09/03/2023,29.8,0.0,79,Stormy
1282,Delhi,20-07-2024,27.7,11.7,36,Clear
1283,Delhi,2023.04.22,36.3,3.6,43,Humid
1284,Delhi,15-11-2023,25.4,0.0,51,Cloudy
1285,Delhi,15-09-2023,26.9,0.0,-50,Foggy
1286,Delhi,31/12/2024,17.6,0.0,58,Rainy
1287,Delhi,2023.01.08,19.3,0.0,75,Humid
1288,Delhi,2024-08-25,27.7,0.0,50,Rainy
1289,Delhi,2023.04.23,30.0,3.0,65,Clear
1290,Delhi,2024-07-07,23.7,0.0,73,Rainy
1291,Delhi,07/01/2023,17.9,1.6,57,Cloudy
1292,Delhi,05-11-2024,28.5,9.9,44,Clear
1293,Delhi,09/05/2024,30.4,2.2,60,Foggy
1294,Delhi,31/03/2024,35.1,30.4,51,Foggy
1295,Delhi,27-05-2023,32.8,0.0,52,Clear
1296,Delhi,11/25/2024,20.8,11.7,55,Cloudy
1297,Delhi,2023.04.04,30.4,0.0,62,Cloudy
1298,Delhi,2024.02.17,23.7,4.5,49,Humid
1299,Delhi,2024-04-14,29.4,21.8,74,Cloudy
1300,Delhi,08/09/2023,28.4,0.0,46,Cloudy
1301,Delhi,10/31/2024,28.3,2.7,45,Clear
1302,Delhi,04/21/2024,34.2,0.0,52,Humid
1303,Delhi,2024-09-05,31.3,0.0,42,Stormy
1304,Delhi,04-12-2024,25.5,7.6,60,Cloudy
1305,Delhi,09/09/2023,25.3,0.0,24,Clear
1306,Delhi,2023.05.25,34.1,0.0,48,Foggy
1307,Delhi,02/10/2024,33.3,1.9,56,Clear
1308,Delhi,2024-03-22,33.7,0.0,62,Rainy
1309,Delhi,2023-01-30,22.1,3.7,56,Cloudy
1310,Delhi,2024-02-22,23.2,0.8,66,Clear
1311,Delhi,2024-11-21,25.0,0.0,80,Clear
1312,Delhi,07-11-2024,24.4,0.0,77,Clear
1313,Delhi,2023-08-15,24.8,3.7,67,Humid
1314,Delhi,21/10/2024,29.2,63.0,52,Humid
1315,Delhi,2023-09-28,23.1,340.6,82,Clear
1316,Delhi,09-08-2023,28.5,207.6,30,Rainy
1317,Delhi,22-03-2024,34.3,3.8,62,Stormy
1318,Delhi,09/18/2023,26.7,0.0,48,Rainy
1319,Delhi,2023.03.24,31.2,2.7,100,Stormy
1320,Delhi,07/15/2024,29.9,19.5,73,Clear
1321,Delhi,22/07/2024,31.9,23.9,66,Foggy
1322,Delhi,2024.03.13,38.3,0.5,68,Cloudy
1323,Delhi,2024-06-12,22.1,60.7,63,Clear
1324,Delhi,2024-08-12,25.3,131.2,56,Rainy
1325,Delhi,2024.06.22,30.1,0.0,68,Cloudy
1326,,15-04-2024,28.1,6.8,68,Clear
1327,Delhi,07/24/2023,33.1,58.5,44,Clear
1328,Delhi,01/09/2024,18.7,0.2,38,Clear
1329,Delhi,2023.07.13,27.7,55.4,76,Rainy
1330,Delhi,2024.07.22,33.6,69.8,58,Foggy
1331,Delhi,10/16/2023,20.8,0.0,83,Humid
1332,Delhi,2023.05.14,30.1,0.0,68,Humid
1333,Delhi,2024.02.02,20.8,16.4,47,Clear
1334,Delhi,01-11-2023,21.2,26.7,73,Cloudy
1335,Delhi,27/11/2023,22.2,23.1,57,Clear
1336,Delhi,03/26/2023,32.8,16.3,36,Cloudy
1337,Delhi,2024.06.06,27.1,22.7,60,Humid
1338,Delhi,02/19/2024,16.4,0.5,60,Cloudy
1339,Delhi,2024-01-20,26.2,0.0,69,Clear
1340,Delhi,21/07/2023,27.5,443.9,59,Cloudy
1341,Delhi,05/02/2023,11.9,1.3,46,Clear
1342,Delhi,2023-10-11,26.4,0.0,60,Clear
1343,Delhi,29-08-2023,27.0,194.4,89,Cloudy
1344,Delhi,06/20/2024,37.1,127.3,76,Clear
1345,Delhi,01/03/2023,28.3,9.1,52,Clear
1346,Delhi,2023.08.21,32.8,0.0,66,Clear
1347,Delhi,06/30/2023,31.6,22.8,51,Clear
1348,Delhi,2023-07-12,30.5,21.8,70,Cloudy
1349,Delhi,2024-03-10,26.0,0.0,70,Stormy
1350,Delhi,30-12-2023,16.6,0.0,52,Cloudy
1351,Delhi,03/03/2024,40.9,0.9,81,Stormy
1352,Delhi,03/07/2024,27.1,74.6,73,Cloudy
1353,Delhi,2023.03.15,37.0,4.3,57,Rainy
1354,Delhi,08/22/2023,25.5,0.0,36,Clear
1355,Delhi,01/11/2024,23.1,0.0,88,Cloudy
1356,Delhi,05-09-2023,27.1,0.0,65,Foggy
1357,Delhi,06/06/2023,26.1,40.0,72,Rainy
1358,Delhi,2023.04.22,37.5,13.1,70,Clear
1359,Delhi,11/04/2023,27.0,3.7,46,Foggy
1360,Delhi,09/26/2023,30.9,30.7,33,Rainy
1361,Delhi,07/26/2023,26.5,0.0,47,Humid
1362,Delhi,2024.02.22,14.4,0.0,57,Cloudy
1363,Delhi,01/05/2023,19.7,11.4,49,Clear
1364,Delhi,10/15/2024,37.4,0.0,78,Clear
1365,,2024.07.29,32.1,25.8,13,Foggy
1366,Delhi,2023-01-30,20.8,2.8,52,Humid
1367,Delhi,2023-01-04,19.0,0.0,23,Cloudy
1368,Delhi,2023-02-01,25.8,0.0,63,Clear
1369,Delhi,07-03-2024,33.4,8.7,63,Clear
1370,Delhi,2023.01.25,20.9,3.5,54,Cloudy
1371,Delhi,21/05/2024,32.5,11.5,55,Humid
1372,Delhi,2024.04.09,31.3,7.4,73,Foggy
1373,Delhi,25/03/2023,32.4,0.0,-37,Clear
1374,Delhi,2024.10.14,24.9,20.9,86,Rainy
1375,Delhi,2024.04.17,36.7,1.6,74,Clear
1376,Delhi,02/06/2024,30.7,2.3,64,Clear
1377,Delhi,15-02-2023,19.3,0.3,57,Humid
1378,Delhi,07/30/2024,23.3,0.0,44,Clear
1379,Delhi,22/02/2024,19.8,1.3,49,Clear
1380,Delhi,27-12-2024,15.3,3.4,62,Rainy
1381,Delhi,04/01/2024,35.3,4.9,63,Foggy
1382,Delhi,03-07-2023,28.3,0.0,82,Rainy
1383,Delhi,2023.03.31,33.9,7.0,42,Clear
1384,Delhi,15-08-2024,23.9,208.9,61,Humid
1385,Delhi,04-02-2024,14.0,3.5,61,Clear
1386,Delhi,06/18/2024,29.7,124.5,60,Humid
1387,Delhi,10-06-2023,27.2,43.1,71,Clear
1388,Delhi,2023-03-20,27.4,13.9,59,Clear
1389,Delhi,2024.10.29,24.5,0.0,100,Rainy
1390,Delhi,03-02-2024,18.6,0.0,57,Clear
1391,Delhi,04/14/2023,37.8,41.1,63,Cloudy
1392,Delhi,29-04-2023,31.5,9.5,66,Clear
1393,Delhi,10/10/2023,29.5,25.7,58,Clear
1394,Delhi,14/09/2023,30.2,0.0,54,Cloudy
1395,Delhi,2023.02.24,15.2,28.3,73,Foggy
1396,Delhi,23/04/2024,29.6,0.0,57,Clear
1397,Delhi,04/14/2023,34.2,1.6,79,Clear
1398,Delhi,18-04-2023,27.4,27.2,47,Clear
1399,Delhi,2023.10.04,23.6,14.3,44,Clear
1400,Delhi,03/28/2024,31.8,19.6,53,Foggy
1401,Delhi,25/01/2024,15.2,4.7,69,Clear
1402,Delhi,01-05-2024,28.6,5.2,46,Clear
1403,Delhi,2024.08.25,22.5,136.6,58,Cloudy
1404,Delhi,05/12/2024,29.1,,56,Rainy
1405,Delhi,18-03-2023,34.1,0.0,51,Cloudy
1406,Delhi,2024.08.27,31.1,0.0,-42,Clear
1407,Delhi,2023.06.10,38.3,0.0,38,Humid
1408,Delhi,2024-05-24,32.9,33.2,59,Humid
1409,Delhi,2024.06.05,26.2,0.0,81,Clear
1410,Delhi,03-12-2023,21.5,8.3,31,Cloudy
1411,Delhi,11/09/2024,24.6,0.0,61,Clear
1412,Delhi,2023-07-29,28.5,109.1,63,Rainy
1413,Delhi,2023.10.12,26.1,0.0,77,Humid
1414,Delhi,22-09-2023,21.2,0.0,67,Humid
1415,Delhi,28-05-2023,38.1,12.5,58,Clear
1416,Delhi,17/01/2023,6.1,0.0,25,Clear
1417,Delhi,2024-02-10,16.3,2.0,64,Foggy
1418,Delhi,23/09/2024,23.0,140.4,62,Rainy
1419,Delhi,01/06/2024,14.8,10.8,57,Clear
1420,Delhi,16/09/2024,27.9,32.0,50,Cloudy
1421,Delhi,2023-06-13,25.7,302.1,66,Rainy
1422,Delhi,02/07/2024,22.1,175.8,62,Clear
1423,Delhi,16-12-2024,22.4,0.2,57,Cloudy
1424,Delhi,06/08/2024,29.6,263.6,56,Clear
1425,Delhi,2024.03.17,30.0,6.1,66,Cloudy
1426,Delhi,2024.12.06,13.4,6.1,38,Cloudy
1427,Delhi,10/19/2024,19.7,0.0,55,Humid
1428,Delhi,30-11-2023,22.5,22.3,85,Humid
1429,Delhi,29-07-2023,23.7,0.0,79,Foggy
1430,Delhi,07-05-2024,32.5,0.0,55,Clear
1431,Delhi,2024-06-23,24.7,99.3,50,Humid
1432,Delhi,2024.02.24,19.2,10.2,59,Clear
1433,Delhi,2024-06-18,32.8,98.0,43,Clear
1434,Delhi,26-12-2023,15.1,0.5,44,Cloudy
1435,Delhi,20-06-2024,25.0,87.0,60,Clear
1436,Delhi,05-11-2024,33.3,0.0,68,Clear
1437,Delhi,2024-11-19,32.7,0.0,22,Clear
1438,Delhi,08/02/2023,15.1,6.7,99,Cloudy
1439,Delhi,01/14/2024,17.8,9.2,50,Cloudy
1440,Delhi,10/08/2023,54.0,267.4,56,Stormy
1441,Delhi,08/02/2024,26.5,158.5,62,Foggy
1442,Delhi,09/01/2023,18.5,6.4,69,Cloudy
1443,Delhi,18/12/2024,20.5,1.5,83,Clear
1444,Delhi,2023-05-21,30.8,0.0,63,Rainy
1445,Delhi,14-02-2024,22.8,3.0,49,Foggy
1446,Delhi,2023.08.22,27.3,190.2,49,Clear
1447,Delhi,2023-10-18,23.8,8.3,54,Clear
1448,Delhi,09-09-2024,33.7,124.0,50,Rainy
1449,Delhi,12/10/2023,16.4,3.8,81,Foggy
1450,Delhi,2023.01.27,19.6,4.8,73,Foggy
1451,Delhi,11/05/2023,53.8,24.7,32,Cloudy
1452,Delhi,13/10/2023,26.0,2.2,58,Rainy
1453,Delhi,30-12-2024,20.8,0.0,28,Rainy
1454,Delhi,2024.09.01,25.2,109.9,46,Cloudy
1455,Delhi,2024.08.21,22.4,83.0,63,Foggy
1456,Delhi,18-08-2023,28.9,245.0,67,Humid
1457,Delhi,09/21/2023,30.5,0.0,67,Clear
1458,Delhi,12-08-2024,19.2,28.2,36,Cloudy
1459,Delhi,02/04/2023,28.4,2.0,54,Cloudy
1460,Delhi,09/25/2023,28.7,0.0,52,Foggy
1461,Delhi,08-11-2023,23.3,0.6,80,Clear
1462,Delhi,2023.08.01,31.5,0.0,61,Humid
1463,Delhi,16-06-2024,30.2,0.0,38,Cloudy
1464,Delhi,04/11/2024,33.5,2.8,51,Cloudy
1465,Delhi,03/10/2024,23.5,5.3,69,Clear
1466,Delhi,10/08/2024,19.3,164.1,48,Rainy
1467,Delhi,12-03-2023,44.8,7.3,81,Cloudy
1468,Delhi,2023-11-03,26.8,34.5,73,Rainy
1469,Delhi,24/12/2024,14.7,0.9,76,Humid
1470,Delhi,2023-04-18,52.6,4.6,52,Stormy
1471,Delhi,2023.04.24,33.0,8.6,48,Stormy
1472,Delhi,02/11/2023,24.7,4.9,62,Stormy
1473,Bengaluru,07/09/2023,23.2,289.0,76,Cloudy
1474,Bengaluru,21-12-2023,12.1,4.5,66,Foggy
1475,Bengaluru,23-05-2024,35.5,0.2,62,Foggy
1476,Bengaluru,20-06-2024,24.4,2.3,50,Rainy
1477,Bengaluru,03-06-2023,26.1,3.9,45,Stormy
1478,Bengaluru,07/10/2024,31.2,120.6,49,Stormy
1479,Bengaluru,15-05-2024,36.1,0.0,38,Cloudy
1480,Bengaluru,17-11-2023,25.4,30.4,51,Foggy
1481,Bengaluru,09/21/2024,31.0,96.6,55,Cloudy
1482,Bengaluru,2023.02.14,9.0,7.6,61,Clear
1483,Bengaluru,27/01/2023,20.0,1.7,58,Clear
1484,Bengaluru,08-08-2024,32.2,0.0,65,Rainy
1485,Bengaluru,23/11/2023,28.8,5.8,68,Clear
1486,Bengaluru,22/11/2024,26.0,16.6,68,Stormy
1487,Bengaluru,02/12/2023,19.8,2.7,54,Clear
1488,Bengaluru,11/09/2024,23.1,12.3,58,Clear
1489,Bengaluru,31-01-2023,18.7,1.6,82,Cloudy
1490,Bengaluru,2023-08-30,31.7,148.8,63,Rainy
1491,Bengaluru,08-09-2023,32.7,55.7,63,Clear
1492,Bengaluru,23/01/2023,12.6,3.8,53,Clear
1493,Bengaluru,19-12-2024,24.7,0.0,81,Cloudy
1494,Bengaluru,26-04-2024,27.9,2.3,93,Clear
1495,Bengaluru,2024-11-27,21.4,22.5,84,Foggy
1496,Bengaluru,2023.11.12,31.7,104.1,80,Humid
1497,Bengaluru,2024.11.08,34.5,0.7,63,Stormy
1498,Bengaluru,27-09-2024,35.5,133.7,43,Foggy
1499,Bengaluru,09/28/2023,23.4,8.3,62,Rainy
1500,Bengaluru,08/27/2024,25.1,85.8,47,Rainy
1501,Bengaluru,2023-06-28,36.3,0.0,82,Rainy
1502,Bengaluru,2023.03.28,32.3,1.3,85,Clear
1503,Bengaluru,05-06-2023,30.6,0.0,-65,Foggy
1504,Bengaluru,01/22/2024,25.0,6.5,59,Rainy
1505,Bengaluru,01/28/2024,14.1,1.9,66,Cloudy
1506,Bengaluru,16/02/2024,16.3,0.0,52,Stormy
1507,Bengaluru,2024-03-04,30.1,20.1,52,Cloudy
1508,Bengaluru,2023.10.15,28.6,8.2,63,Rainy
1509,Bengaluru,04-01-2024,8.5,3.8,56,Clear
1510,Bengaluru,2023-12-09,14.5,0.0,38,Clear
1511,Bengaluru,2023.05.22,33.1,14.0,42,Clear
1512,Bengaluru,20/05/2023,35.2,0.0,65,Clear
1513,Bengaluru,2023.08.17,24.9,0.0,64,Clear
1514,Bengaluru,2023.09.12,29.6,161.0,35,Clear
1515,Bengaluru,2024.03.15,38.7,0.0,47,Clear
1516,Bengaluru,2024-01-31,18.9,5.2,39,Rainy
1517,Bengaluru,09/13/2024,25.9,87.7,60,Clear
1518,Bengaluru,2024-04-22,36.5,5.6,56,Clear
1519,Bengaluru,2024.12.06,15.1,0.3,43,Cloudy
1520,Bengaluru,2024.01.12,18.2,3.5,63,Cloudy
1521,Bengaluru,25-12-2023,22.9,7.8,40,Cloudy
1522,Bengaluru,2024.02.07,18.3,0.0,54,Cloudy
1523,Bengaluru,03/28/2024,31.9,17.9,69,Foggy
1524,Bengaluru,2023.08.13,29.4,16.1,70,Rainy
1525,Bengaluru,2023.05.18,37.9,14.1,42,Cloudy
1526,Bengaluru,2023-07-29,35.5,74.1,50,Clear
1527,Bengaluru,29/04/2023,34.3,1.1,87,Cloudy
1528,Bengaluru,19/07/2023,21.0,35.3,51,Rainy
1529,Bengaluru,08/02/2024,27.3,0.0,-80,Rainy
1530,Bengaluru,2024-12-11,15.6,5.1,54,Foggy
1531,Bengaluru,11-05-2023,34.9,0.0,39,Clear
1532,Bengaluru,31/03/2024,36.2,8.0,34,Cloudy
1533,Bengaluru,26-01-2023,15.5,1.4,60,Stormy
1534,Bengaluru,2023-08-07,33.3,10.8,66,Clear
1535,Bengaluru,2024-02-26,12.4,2.2,53,Cloudy
1536,Bengaluru,2024.01.09,15.9,0.0,62,Rainy
1537,Bengaluru,2024.12.20,12.8,0.0,52,Clear
1538,Bengaluru,2024.11.05,16.2,2.6,72,Cloudy
1539,Bengaluru,12/04/2023,23.2,3.0,76,Stormy
1540,Bengaluru,31-12-2023,17.0,5.2,37,Clear
1541,Bengaluru,2023.07.20,31.0,44.1,71,Cloudy
1542,Bengaluru,09-09-2023,29.1,27.0,63,Clear
1543,Bengaluru,2024-05-26,34.0,7.0,73,Clear
1544,Bengaluru,01-02-2023,19.3,5.2,76,Clear
1545,Bengaluru,06/15/2023,27.5,0.0,54,Cloudy
1546,Bengaluru,12/02/2024,20.6,1.6,44,Clear
1547,Bengaluru,2024-09-19,26.2,0.0,-71,Humid
1548,Bengaluru,2024-07-22,33.7,56.3,53,Humid
1549,Bengaluru,11/10/2024,25.3,0.0,45,Humid
1550,Bengaluru,28-07-2023,24.0,0.0,44,Rainy
1551,Bengaluru,2023-12-03,18.6,0.0,72,Cloudy
1552,Bengaluru,23/03/2023,37.2,12.8,62,Clear
1553,Bengaluru,16-04-2024,37.1,0.6,53,Clear
1554,Bengaluru,2023.08.19,21.4,15.4,70,Clear
1555,Bengaluru,2024-11-14,23.4,1.1,45,Humid
1556,Bengaluru,2024-11-24,23.4,0.0,60,Clear
1557,Bengaluru,2024.07.14,31.5,13.2,87,Cloudy
1558,Bengaluru,2024.07.02,29.5,13.3,73,Foggy
1559,Bengaluru,31-05-2024,31.1,0.0,49,Foggy
1560,Bengaluru,05-11-2024,25.9,0.0,31,Cloudy
1561,Bengaluru,2024-09-04,33.6,127.1,83,Clear
1562,Bengaluru,2023.10.28,34.3,66.8,45,Clear
1563,Bengaluru,2023-07-13,22.5,0.0,54,Clear
1564,Bengaluru,24/09/2024,28.1,0.0,61,Foggy
1565,Bengaluru,03/28/2023,25.7,8.6,51,Cloudy
1566,Bengaluru,15/01/2024,25.3,1.0,76,Clear
1567,Bengaluru,2023.10.20,27.5,18.9,56,Cloudy
1568,Bengaluru,2024-11-23,22.4,13.7,86,Cloudy
1569,Bengaluru,2024-08-28,23.3,101.4,72,Cloudy
1570,Bengaluru,26-12-2024,29.5,3.1,37,Clear
1571,Bengaluru,2023.04.19,31.1,4.9,58,Rainy
1572,Bengaluru,2023-01-08,15.3,2.9,32,Clear
1573,Bengaluru,27-03-2024,30.6,0.0,35,Cloudy
1574,Bengaluru,05-01-2024,54.1,0.0,62,Clear
1575,Bengaluru,2024-12-28,19.3,2.8,64,Humid
1576,Bengaluru,01-11-2024,28.0,0.6,64,Clear
1577,Bengaluru,24/06/2023,34.2,45.4,46,Humid
1578,Bengaluru,24/05/2024,28.3,0.0,66,Cloudy
1579,Bengaluru,20/06/2023,26.1,257.3,82,Cloudy
1580,Bengaluru,2024-06-13,24.2,3.0,45,Foggy
1581,Bengaluru,2023-09-21,29.7,262.6,90,Rainy
1582,Bengaluru,11/28/2023,23.9,0.0,45,Rainy
1583,Bengaluru,01/29/2023,17.8,0.0,59,Cloudy
1584,Bengaluru,09-05-2023,31.6,4.4,54,Humid
1585,Bengaluru,2023.08.06,25.1,0.0,57,Rainy
1586,Bengaluru,2024.01.27,21.6,0.0,58,Foggy
1587,Bengaluru,2024-02-12,17.8,3.3,66,Foggy
1588,Bengaluru,05/28/2023,24.0,5.8,77,Humid
1589,Bengaluru,01/02/2023,18.5,14.0,61,Cloudy
1590,Bengaluru,12-04-2024,35.7,13.2,47,Cloudy
1591,Bengaluru,13-06-2024,33.1,0.0,54,Rainy
1592,Bengaluru,20-08-2024,32.9,0.0,47,Clear
1593,Bengaluru,25-07-2024,33.2,0.0,58,Clear
1594,Bengaluru,07/15/2024,22.5,2.9,67,Cloudy
1595,Bengaluru,05/07/2023,30.6,0.0,53,Humid
1596,Bengaluru,04/04/2024,31.6,1.1,80,Clear
1597,Bengaluru,2023.05.16,24.2,0.0,66,Stormy
1598,Bengaluru,26-01-2023,14.1,18.6,65,Humid
1599,Bengaluru,12/27/2024,19.9,0.0,62,Foggy
1600,Bengaluru,21/09/2024,33.3,329.7,53,Stormy
1601,Bengaluru,21/06/2023,24.0,1.3,65,Cloudy
1602,Bengaluru,01/29/2023,21.0,20.3,50,Foggy
1603,Bengaluru,12-11-2023,26.8,16.3,59,Clear
1604,,2023.08.30,27.2,36.3,68,Clear
1605,Bengaluru,08-06-2023,26.4,43.7,60,Cloudy
1606,Bengaluru,08/08/2023,26.1,75.1,47,Rainy
1607,Bengaluru,2024.07.04,33.5,21.7,56,Humid
1608,Bengaluru,09/03/2024,29.6,0.0,67,Foggy
1609,Bengaluru,23-09-2024,24.2,0.0,36,Foggy
1610,Bengaluru,2023-07-04,31.0,237.5,55,Rainy
1611,Bengaluru,2024.05.09,25.1,0.0,26,Cloudy
1612,Bengaluru,2024-07-11,30.8,211.4,57,Rainy
1613,Bengaluru,2023-12-31,14.4,3.4,40,Clear
1614,Bengaluru,29-09-2024,23.6,137.1,92,Clear
1615,Bengaluru,2023-10-05,19.6,20.4,43,Clear
1616,Bengaluru,12/07/2023,27.1,254.6,40,Rainy
1617,Bengaluru,06/26/2023,28.2,0.0,65,Cloudy
1618,Bengaluru,2024-02-10,14.5,0.0,35,Cloudy
1619,Bengaluru,09/15/2024,24.3,144.1,87,Clear
1620,Bengaluru,10/29/2024,28.1,0.0,49,Clear
1621,Bengaluru,2023-01-19,22.6,0.7,73,Stormy
1622,Bengaluru,10/01/2023,24.6,15.7,65,Clear
1623,Bengaluru,06/12/2024,14.5,14.7,57,Clear
1624,Bengaluru,18-04-2024,30.3,1.5,62,Foggy
1625,Bengaluru,2023-12-07,20.7,10.0,67,Rainy
1626,Bengaluru,11/04/2023,26.2,24.0,34,Clear
1627,Bengaluru,2024.12.14,17.8,0.0,36,Clear
1628,Bengaluru,08/01/2024,27.9,,39,Clear
1629,Bengaluru,12/13/2024,15.3,0.9,56,Clear
1630,Bengaluru,2024-04-19,35.6,0.0,49,Clear
1631,Bengaluru,2024-05-07,31.7,14.0,37,Humid
1632,Bengaluru,07/28/2024,31.3,0.0,67,Cloudy
1633,Bengaluru,14-09-2023,34.0,105.4,68,Rainy
1634,Bengaluru,05/09/2024,30.4,42.8,52,Clear
1635,Bengaluru,09/03/2023,27.4,253.2,44,Humid
1636,Bengaluru,2024-11-21,24.3,0.0,64,Clear
1637,Bengaluru,25/01/2023,17.0,1.9,46,Cloudy
1638,Bengaluru,2023-04-05,35.7,11.7,62,Humid
1639,Bengaluru,11/26/2024,20.8,30.9,60,Clear
1640,Bengaluru,02-11-2023,27.4,52.7,30,Cloudy
1641,Bengaluru,2023.04.19,28.5,0.0,66,Clear
1642,Bengaluru,01/26/2023,20.9,0.5,55,Cloudy
1643,Bengaluru,02/27/2023,15.6,10.3,40,Clear
1644,Bengaluru,05-10-2024,26.2,204.6,79,Clear
1645,Bengaluru,06/03/2024,27.8,135.8,65,Clear
1646,Bengaluru,29/07/2024,26.8,50.0,50,Humid
1647,Bengaluru,2024.06.08,23.6,82.7,65,Cloudy
1648,Bengaluru,24/03/2024,37.0,1.1,53,Clear
1649,Bengaluru,06/29/2024,32.3,44.6,44,Clear
1650,Bengaluru,04/15/2024,35.3,1.3,59,Humid
1651,Bengaluru,07/04/2023,29.5,7.4,45,Foggy
1652,Bengaluru,07/20/2024,23.1,237.0,58,Foggy
1653,Bengaluru,2023-04-13,35.0,1.9,57,Clear
1654,Bengaluru,09/11/2024,34.5,261.5,31,Clear
1655,Bengaluru,2024.11.25,16.4,57.4,58,Clear
1656,Bengaluru,20/02/2023,13.4,0.0,49,Clear
1657,Bengaluru,21-05-2023,29.9,0.0,59,Cloudy
1658,Bengaluru,2024.08.25,32.2,88.1,87,Humid
1659,Bengaluru,2024-11-30,27.0,21.9,90,Cloudy
1660,Bengaluru,02/23/2024,20.2,34.6,52,Cloudy
1661,Bengaluru,27-09-2023,28.0,49.6,78,Cloudy
1662,Bengaluru,03/06/2023,30.3,2.1,73,Clear
1663,Bengaluru,15-02-2024,15.3,11.4,58,Humid
1664,Bengaluru,22-12-2023,18.2,26.5,36,Clear
1665,Bengaluru,2023.07.09,22.1,97.6,53,Clear
1666,Bengaluru,2023-11-24,28.4,0.0,69,Humid
1667,Bengaluru,2023-12-10,18.6,6.2,86,Humid
1668,Bengaluru,21-11-2023,28.2,18.2,62,Foggy
1669,Bengaluru,2024.04.01,31.2,0.0,100,Humid
1670,Bengaluru,2023-08-17,25.9,12.4,36,Clear
1671,Bengaluru,23/04/2023,27.9,18.4,45,Clear
1672,Bengaluru,29/09/2023,34.2,48.3,38,Cloudy
1673,Bengaluru,2024.07.02,19.9,91.5,83,Humid
1674,Bengaluru,31-12-2023,15.5,5.3,68,Humid
1675,Bengaluru,30/01/2024,20.6,2.5,46,Humid
1676,Bengaluru,07/22/2024,21.3,152.5,67,Humid
1677,Bengaluru,09/26/2024,23.1,0.0,60,Cloudy
1678,Bengaluru,2024.10.19,20.5,7.5,77,Foggy
1679,Bengaluru,04-12-2023,20.5,0.0,63,Cloudy
1680,Bengaluru,27-11-2023,31.1,0.0,87,Humid
1681,Bengaluru,05/28/2024,39.9,17.3,34,Rainy
1682,Bengaluru,19/04/2024,33.4,0.0,66,Clear
1683,Bengaluru,2023-12-11,19.3,,60,Foggy
1684,Bengaluru,06/06/2023,25.8,68.5,70,Foggy
1685,Bengaluru,09/12/2024,26.6,3.7,70,Clear
1686,Bengaluru,02-10-2024,26.7,12.5,100,Rainy
1687,Bengaluru,2023.11.18,26.5,6.2,60,Stormy
1688,Bengaluru,06/08/2023,25.8,1.5,60,Clear
1689,Bengaluru,25/08/2023,21.3,23.9,63,Clear
1690,Bengaluru,2023.12.04,21.6,8.3,79,Clear
1691,Bengaluru,2024-11-07,27.0,70.1,56,Cloudy
1692,Bengaluru,07/17/2024,24.8,0.0,44,Clear
1693,Bengaluru,2023-07-27,25.0,180.8,79,Stormy
1694,Bengaluru,05-02-2024,17.4,2.4,53,Cloudy
1695,Bengaluru,2023.10.15,23.5,5.3,37,Rainy
1696,Bengaluru,24/07/2023,29.6,6.8,48,Rainy
1697,Bengaluru,09/28/2023,30.9,0.0,97,Foggy
1698,Bengaluru,2024-05-09,36.8,4.0,60,Rainy
1699,Bengaluru,12/31/2023,14.4,0.0,60,Humid
1700,Bengaluru,2024-11-06,31.7,15.1,71,Foggy
1701,Bengaluru,07/03/2024,32.1,14.4,86,Clear
1702,Bengaluru,2024-01-25,20.7,1.5,60,Foggy
1703,Bengaluru,2024-04-25,35.0,20.5,57,Cloudy
1704,Bengaluru,03/13/2023,36.8,0.0,35,Humid
1705,Bengaluru,20/06/2024,32.6,74.6,81,Cloudy
1706,Bengaluru,10/18/2024,25.3,10.5,65,Clear
1707,Bengaluru,2024.09.18,32.9,0.0,64,Cloudy
1708,Bengaluru,2024-07-19,35.8,147.8,35,Clear
1709,Bengaluru,22/10/2024,24.9,43.7,72,Cloudy
1710,Bengaluru,16-02-2023,18.8,0.4,51,Clear
1711,Bengaluru,2023-02-16,15.2,0.0,52,Humid
1712,Bengaluru,2023-01-11,19.0,0.0,40,Stormy
1713,Bengaluru,11/11/2023,24.1,13.6,49,Humid
1714,Bengaluru,2023.01.20,16.7,3.2,65,Clear
1715,Bengaluru,09/18/2024,30.4,107.3,53,Clear
1716,Bengaluru,2023.03.18,34.1,5.1,36,Foggy
1717,Bengaluru,28/01/2024,16.3,0.0,58,Humid
1718,Bengaluru,28/07/2023,17.7,1.2,62,Humid
1719,Bengaluru,2023-02-18,19.8,1.2,60,Humid
1720,Bengaluru,2024-07-23,34.5,287.0,60,Humid
1721,Bengaluru,10/26/2023,23.4,17.2,64,Cloudy
1722,Bengaluru,2023.01.04,18.8,15.1,62,Cloudy
1723,Bengaluru,17-03-2024,31.6,14.4,59,Clear
1724,Bengaluru,08-09-2023,26.4,100.3,73,Cloudy
1725,Bengaluru,2024.02.25,18.0,1.1,49,Clear
1726,Bengaluru,18/07/2023,20.6,8.1,34,Cloudy
1727,Bengaluru,11-07-2024,29.3,44.9,69,Foggy
1728,Bengaluru,2023.11.23,24.7,19.1,71,Humid
1729,Bengaluru,2023-04-14,31.4,9.5,50,Foggy
1730,Bengaluru,2023-10-13,24.3,17.0,60,Clear
1731,Bengaluru,21-01-2024,58.1,0.8,82,Clear
1732,Bengaluru,21/10/2024,28.9,0.0,57,Humid
1733,Bengaluru,05/21/2024,38.9,0.0,52,Stormy
1734,Bengaluru,26-10-2023,26.0,5.0,62,Clear
1735,Bengaluru,2024.09.06,31.1,0.0,72,Foggy
1736,Bengaluru,12-06-2023,29.7,0.0,75,Rainy
1737,Bengaluru,06/10/2023,24.4,36.8,46,Rainy
1738,Bengaluru,2023-07-10,24.7,144.7,83,Clear
1739,Bengaluru,2024.07.09,22.9,88.2,54,Clear
1740,Bengaluru,2023-06-03,30.5,85.5,75,Clear
1741,Bengaluru,2024.07.05,26.8,193.2,74,Clear
1742,Bengaluru,14-11-2024,27.8,4.9,60,Cloudy
1743,Bengaluru,2024.02.03,25.2,3.0,48,Clear
1744,Bengaluru,16/10/2023,24.8,16.5,76,Humid
1745,Bengaluru,2023-11-30,25.3,70.4,46,Clear
1746,Bengaluru,2024-08-19,24.7,0.0,33,Clear
1747,Bengaluru,14-08-2023,28.1,0.0,85,Cloudy
1748,Bengaluru,25-08-2024,27.6,110.3,71,Humid
1749,Bengaluru,2023.08.26,24.8,146.8,35,Foggy
1750,Bengaluru,2023.08.19,21.4,0.0,60,Rainy
1751,Bengaluru,05-11-2024,24.3,1.6,49,Clear
1752,Bengaluru,14-03-2023,25.8,28.9,56,Humid
1753,Bengaluru,17-10-2024,31.2,34.2,43,Clear
1754,Bengaluru,2023.11.02,30.4,0.0,49,Rainy
1755,Bengaluru,25/04/2023,34.4,8.0,52,Foggy
1756,Bengaluru,16-06-2023,31.6,0.0,54,Rainy
1757,Bengaluru,2023-08-28,27.3,0.0,63,Clear
1758,Bengaluru,2023-02-12,14.7,1.3,59,Clear
1759,Bengaluru,2024.02.05,12.4,0.9,52,Clear
1760,Bengaluru,2023.03.10,28.5,3.8,52,Clear
1761,Bengaluru,2023-05-07,35.5,0.0,47,Stormy
1762,Bengaluru,06/09/2024,24.7,1.4,56,Rainy
1763,Bengaluru,2023-03-20,33.1,0.9,76,Clear
1764,Bengaluru,28/08/2024,31.1,84.0,52,Cloudy
1765,Bengaluru,2023-01-06,11.3,0.0,58,Cloudy
1766,Bengaluru,2024-12-06,19.5,0.0,49,Foggy
1767,Bengaluru,2023-02-03,13.2,5.8,55,Cloudy
1768,Bengaluru,30-10-2024,27.2,0.0,67,Cloudy
1769,Bengaluru,30/11/2024,26.7,0.0,78,Humid
1770,Bengaluru,26-12-2023,14.3,0.0,53,Clear
1771,Bengaluru,2023-07-02,28.3,127.1,76,Stormy
1772,Bengaluru,27/03/2023,30.7,5.8,50,Clear
1773,Bengaluru,01/26/2024,24.7,0.2,52,Cloudy
1774,Bengaluru,2024-12-30,20.5,1.4,71,Clear
1775,Bengaluru,23-06-2024,30.1,9.4,57,Humid
1776,Bengaluru,2023-01-08,17.7,4.7,46,Cloudy
1777,Bengaluru,22/06/2024,24.6,0.0,86,Rainy
1778,Bengaluru,2024.04.09,31.8,0.0,75,Foggy
1779,Bengaluru,08/06/2024,25.7,63.2,47,Cloudy
1780,Bengaluru,16/02/2023,13.1,10.2,54,Humid
1781,Bengaluru,2023-12-14,15.5,,58,Foggy
1782,Bengaluru,12/10/2023,20.7,0.0,33,Humid
1783,Bengaluru,02/22/2024,13.6,4.7,60,Clear
1784,Bengaluru,08/02/2024,23.0,1.3,12,Clear
1785,Bengaluru,17/06/2024,28.8,12.1,41,Humid
1786,Bengaluru,11-11-2024,22.0,7.8,40,Clear
1787,Bengaluru,11/15/2024,29.1,38.9,47,Clear
1788,Bengaluru,2024.04.10,34.6,8.7,64,Humid
1789,Bengaluru,2023.12.08,14.7,2.3,78,Cloudy
1790,Bengaluru,2023.06.27,16.7,24.3,36,Humid
1791,Bengaluru,19-03-2024,32.7,7.4,86,Rainy
1792,Bengaluru,2024-07-22,32.3,64.0,49,Cloudy
1793,Bengaluru,11/25/2023,25.1,5.0,59,Cloudy
1794,Bengaluru,2023-01-20,59.9,2.9,40,Clear
1795,Bengaluru,2023.06.27,28.4,19.0,68,Stormy
1796,Bengaluru,22/02/2024,16.1,0.0,59,Rainy
1797,Bengaluru,25/02/2024,11.2,0.6,78,Clear
1798,Bengaluru,2023-06-05,24.9,26.2,87,Clear
1799,Bengaluru,2024.02.19,19.6,0.0,78,Cloudy
1800,Bengaluru,2024-08-06,29.2,0.0,50,Rainy
1801,Bengaluru,28/08/2023,30.5,413.5,51,Clear
1802,Bengaluru,2023-08-16,29.3,0.0,65,Rainy
1803,Bengaluru,18/01/2024,11.2,10.2,77,Foggy
1804,Bengaluru,03-02-2023,13.2,0.4,45,Humid
1805,Bengaluru,2023-07-08,32.6,248.8,62,Clear
1806,Bengaluru,27-03-2024,32.7,7.9,47,Clear
1807,Bengaluru,2023-09-04,28.0,12.5,68,Clear
1808,Bengaluru,10/18/2024,30.2,0.9,65,Humid
1809,Bengaluru,2023-04-16,25.6,2.7,60,Clear
1810,Bengaluru,2024-07-19,34.0,2.3,79,Clear
1811,Bengaluru,26-01-2023,17.1,2.8,69,Cloudy
1812,Bengaluru,24/06/2024,30.7,0.0,51,Humid
1813,Bengaluru,28-03-2023,36.3,0.0,81,Rainy
1814,Bengaluru,08/06/2024,34.4,0.0,51,Cloudy
1815,Bengaluru,2023.10.30,21.4,102.5,50,Clear
1816,Bengaluru,2024-04-19,32.9,0.8,77,Clear
1817,Bengaluru,2023-08-04,33.3,0.0,100,Rainy
1818,Bengaluru,2024-08-06,26.1,42.5,40,Rainy
1819,Bengaluru,02/24/2024,22.9,0.0,70,Cloudy
1820,Bengaluru,07-10-2023,25.0,18.6,50,Cloudy
1821,Bengaluru,03/11/2024,24.5,0.0,41,Rainy
1822,Bengaluru,2024-05-25,35.4,10.5,69,Humid
1823,Bengaluru,12/07/2024,30.0,423.6,57,Rainy
1824,Bengaluru,2023-05-08,29.9,0.0,64,Foggy
1825,Bengaluru,04/29/2023,43.7,0.0,47,Clear
1826,Bengaluru,2024-03-10,35.3,6.1,54,Rainy
1827,Bengaluru,03/12/2023,39.1,5.0,85,Humid
1828,Bengaluru,12-03-2023,33.4,4.6,34,Cloudy
1829,Bengaluru,2023-06-02,22.1,90.1,67,Humid
1830,Bengaluru,09/29/2024,21.9,0.0,58,Clear
1831,Bengaluru,09/08/2024,27.6,76.1,43,Humid
1832,Bengaluru,17/01/2024,12.8,0.4,68,Clear
1833,Bengaluru,04/11/2023,28.5,20.3,57,Foggy
1834,Bengaluru,11-12-2023,12.2,14.6,57,Cloudy
1835,Bengaluru,16/05/2023,34.2,7.3,70,Rainy
1836,Bengaluru,2024-07-10,24.3,48.7,63,Rainy
1837,Bengaluru,07/11/2024,27.5,0.0,-62,Cloudy
1838,Bengaluru,08/22/2023,40.8,2.2,45,Cloudy
1839,Bengaluru,10-05-2023,36.8,4.1,64,Clear
1840,Bengaluru,2024.11.05,22.6,33.2,40,Cloudy
1841,Bengaluru,17/11/2023,28.3,7.0,51,Cloudy
1842,Bengaluru,04/12/2023,36.5,2.3,73,Foggy
1843,Bengaluru,2024.06.12,30.0,132.5,79,Rainy
1844,Bengaluru,11/05/2023,22.7,0.0,49,Foggy
1845,Bengaluru,06/02/2024,23.1,38.1,84,Humid
1846,Bengaluru,03/25/2023,24.0,5.0,47,Clear
1847,Bengaluru,09/03/2023,37.0,112.1,45,Rainy
1848,Bengaluru,08/02/2023,30.4,,42,Rainy
1849,Bengaluru,24-03-2023,36.1,0.0,55,Humid
1850,Bengaluru,05/16/2024,33.9,0.0,69,Stormy
1851,Bengaluru,2024-12-01,17.8,2.8,73,Clear
1852,Bengaluru,06-06-2024,23.8,114.4,63,Rainy
1853,Bengaluru,28/10/2024,31.5,13.1,53,Cloudy
1854,Bengaluru,2024-07-03,24.4,179.1,64,Clear
1855,Bengaluru,31/05/2024,25.9,6.0,76,Clear
1856,Bengaluru,2024-05-04,33.5,8.1,45,Clear
1857,Bengaluru,28-07-2023,25.3,32.2,76,Humid
1858,Bengaluru,2024.10.15,25.4,5.1,46,Humid
1859,,2024-02-25,24.5,2.0,64,Rainy
1860,Bengaluru,2024-12-30,17.3,1.1,59,Clear
1861,Bengaluru,2023-08-17,29.7,285.7,48,Stormy
1862,Bengaluru,2023.05.31,37.5,0.0,70,Cloudy
1863,Bengaluru,19/12/2024,21.0,0.0,49,Clear
1864,Bengaluru,07/14/2023,30.0,1.7,60,Rainy
1865,Bengaluru,10/12/2024,18.3,24.1,46,Clear
1866,Bengaluru,09/10/2023,30.0,148.5,52,Humid
1867,Bengaluru,2023-02-23,24.6,0.0,54,Stormy
1868,Bengaluru,2023-01-31,21.0,0.7,59,Cloudy
1869,Bengaluru,04/30/2024,31.0,1.3,57,Clear
1870,Bengaluru,09/11/2024,31.9,0.0,47,Clear
1871,Bengaluru,06/21/2023,23.8,0.0,66,Foggy
1872,Bengaluru,2023.08.17,37.6,0.2,62,Humid
1873,Bengaluru,2024.09.26,30.1,34.9,53,Cloudy
1874,Bengaluru,10/01/2024,16.3,1.8,39,Foggy
1875,Bengaluru,16/01/2023,21.4,0.0,67,Clear
1876,Bengaluru,05/07/2023,38.8,6.1,83,Stormy
1877,Bengaluru,03/06/2024,33.2,112.0,64,Humid
1878,Bengaluru,28/08/2023,30.8,358.9,51,Rainy
1879,Bengaluru,2023.04.23,34.5,5.2,84,Clear
1880,Bengaluru,20/09/2024,33.6,80.7,64,Clear
1881,Bengaluru,09/26/2023,22.5,102.4,66,Clear
1882,Bengaluru,17/08/2024,27.9,,83,Cloudy
1883,Bengaluru,03/12/2024,20.5,7.9,59,Rainy
1884,Bengaluru,08/14/2023,34.0,61.7,64,Humid
1885,Bengaluru,2024-06-01,27.9,0.0,52,Clear
1886,Bengaluru,05/02/2023,35.5,10.2,73,Humid
1887,Bengaluru,17-08-2024,26.2,4.2,87,Clear
1888,Bengaluru,2023-06-02,24.7,0.0,45,Humid
1889,Bengaluru,2024-07-17,28.1,416.9,57,Clear
1890,Bengaluru,31/07/2024,26.6,33.1,84,Stormy
1891,Bengaluru,2023-06-16,26.5,46.5,42,Clear
1892,Bengaluru,08/16/2024,31.3,211.7,66,Clear
1893,Bengaluru,2024.02.29,21.2,23.3,56,Cloudy
1894,Bengaluru,01/11/2024,20.3,0.0,79,Cloudy
1895,Bengaluru,06/07/2023,27.6,243.1,34,Clear
1896,Bengaluru,18/07/2023,32.3,0.0,44,Cloudy
1897,Bengaluru,2024-11-12,25.6,18.7,76,Clear
1898,Bengaluru,06/26/2024,20.2,89.7,33,Rainy
1899,Bengaluru,2024-12-20,11.8,1.7,66,Clear
1900,Bengaluru,2024.10.22,30.9,33.8,65,Foggy
1901,Bengaluru,2024.10.30,26.6,0.0,71,Humid
1902,Bengaluru,31/01/2023,18.6,6.8,82,Clear
1903,Bengaluru,2023.12.20,25.4,6.7,51,Foggy
1904,Bengaluru,15/07/2024,28.3,32.8,49,Humid
1905,Bengaluru,07-02-2024,57.4,1.4,58,Stormy
1906,Bengaluru,26/10/2024,28.9,11.2,65,Cloudy
1907,Bengaluru,16/05/2023,30.6,0.0,58,Humid
1908,Bengaluru,2024-07-25,26.9,55.0,58,Cloudy
1909,Bengaluru,12-12-2024,20.0,0.0,56,Rainy
1910,Bengaluru,09/23/2024,31.3,40.4,74,Cloudy
1911,Bengaluru,05/16/2023,38.7,4.0,26,Cloudy
1912,Bengaluru,2023.12.12,21.2,0.0,75,Humid
1913,Bengaluru,13/12/2023,18.8,4.5,59,Clear
1914,Bengaluru,2023-02-01,22.0,0.1,-54,Foggy
1915,Bengaluru,17-08-2024,25.7,117.5,61,Clear
1916,Bengaluru,20/05/2023,21.4,3.7,75,Clear
1917,Bengaluru,17/07/2024,32.3,115.8,59,Humid
1918,Bengaluru,21/03/2024,30.1,19.8,68,Cloudy
1919,Bengaluru,2024.07.15,27.9,0.0,33,Rainy
1920,Bengaluru,2024.10.13,30.9,32.0,89,Foggy
1921,Bengaluru,10/04/2023,30.6,0.0,69,Clear
1922,Bengaluru,17-12-2024,20.5,0.1,53,Foggy
1923,Bengaluru,15-10-2023,28.9,0.0,65,Clear
1924,Bengaluru,17/02/2024,17.8,0.0,93,Humid
1925,Bengaluru,13-07-2023,33.2,0.0,82,Cloudy
1926,Bengaluru,2023.05.23,33.7,7.0,72,Cloudy
1927,Bengaluru,2023-05-20,29.4,6.4,53,Cloudy
1928,Bengaluru,2023.11.03,22.7,31.9,61,Cloudy
1929,Bengaluru,10/09/2023,29.2,76.4,54,Humid
1930,Bengaluru,24-11-2024,24.7,49.1,46,Foggy
1931,Bengaluru,21/05/2024,34.8,3.4,59,Clear
1932,Bengaluru,08/01/2023,55.2,6.0,70,Foggy
1933,Bengaluru,08/04/2024,22.3,188.9,67,Clear
1934,Bengaluru,29/12/2024,16.6,0.0,65,Clear
1935,Bengaluru,2024-12-04,18.1,0.0,46,Humid
1936,Bengaluru,2023.10.24,27.0,0.0,34,Foggy
1937,Bengaluru,04/10/2024,27.6,9.0,32,Cloudy
1938,Bengaluru,17/04/2024,31.9,1.3,79,Clear
1939,Bengaluru,12/12/2023,14.4,0.0,58,Clear
1940,Bengaluru,07/01/2024,17.7,15.5,41,Cloudy
1941,Bengaluru,2024.04.03,26.6,0.0,75,Clear
1942,Bengaluru,12/09/2024,30.1,66.0,35,Rainy
1943,Bengaluru,2024.03.18,30.8,32.9,36,Clear
1944,Bengaluru,2024.02.29,23.5,0.0,65,Clear
1945,Bengaluru,2024-09-02,22.0,23.9,75,Clear
1946,Bengaluru,09/04/2023,27.4,0.0,70,Clear
1947,Bengaluru,22-06-2023,29.0,206.7,56,Clear
1948,Bengaluru,25-03-2023,26.2,10.6,50,Clear
1949,Bengaluru,2024.01.31,20.4,0.0,57,Rainy
1950,Bengaluru,10/15/2023,26.2,0.0,79,Clear
1951,Bengaluru,25/06/2023,35.3,0.0,63,Clear
1952,Bengaluru,12/12/2023,15.6,,58,Humid
1953,Bengaluru,2023.07.09,32.1,45.3,59,Clear
1954,Bengaluru,2024.10.17,28.6,0.2,65,Humid
1955,Bengaluru,2024.12.14,18.9,10.7,80,Clear
1956,Bengaluru,30-08-2024,34.0,237.6,59,Clear
1957,Bengaluru,02/09/2023,26.2,0.0,47,Rainy
1958,Bengaluru,15-06-2024,22.8,21.7,51,Rainy
1959,Bengaluru,2023-12-09,15.5,3.8,73,Clear
1960,Bengaluru,2023-02-06,55.4,0.0,53,Clear
1961,Bengaluru,2024.11.07,30.2,0.0,51,Cloudy
1962,Bengaluru,05/26/2023,30.3,2.3,63,Clear
1963,Bengaluru,10/18/2023,24.5,22.0,69,Rainy
1964,Bengaluru,2024-01-12,17.4,13.1,70,Rainy
1965,Bengaluru,2023-05-23,35.3,0.0,82,Rainy
1966,Bengaluru,24-08-2024,31.3,24.3,63,Rainy
1967,Bengaluru,17-03-2023,27.5,22.9,71,Foggy
1968,Bengaluru,06/16/2023,23.8,0.0,-61,Humid
1969,Bengaluru,2024.12.22,16.4,0.0,49,Clear
1970,Bengaluru,01/27/2024,20.5,0.0,52,Clear
1971,Bengaluru,2024.02.11,26.8,0.0,71,Cloudy
1972,Bengaluru,03/07/2024,28.8,122.4,62,Cloudy
1973,Bengaluru,09/04/2023,44.7,3.4,63,Clear
1974,Bengaluru,19/10/2024,27.9,0.0,35,Clear
1975,Bengaluru,29/03/2023,28.2,0.0,86,Foggy
1976,Bengaluru,2023.06.13,36.9,197.0,70,Clear
1977,,23/05/2023,35.9,0.0,52,Foggy
1978,Bengaluru,07/04/2023,31.4,0.0,71,Cloudy
1979,Bengaluru,2023.10.21,28.8,46.6,61,Clear
1980,Bengaluru,2023.06.23,24.6,63.6,66,Rainy
1981,Bengaluru,2023.04.24,31.3,1.4,58,Clear
1982,Bengaluru,06/26/2024,30.6,115.8,49,Cloudy
1983,Bengaluru,2023.05.02,22.7,3.1,67,Clear
1984,Bengaluru,2023.01.31,23.8,2.6,78,Cloudy
1985,Bengaluru,11/09/2023,19.1,91.0,32,Cloudy
1986,Bengaluru,04/09/2023,34.0,59.4,15,Rainy
1987,Bengaluru,08/04/2024,24.1,77.2,70,Foggy
1988,Bengaluru,29-09-2023,27.5,28.6,51,Clear
1989,Bengaluru,2023-01-19,18.0,1.7,68,Rainy
1990,Bengaluru,23/07/2024,29.2,464.4,63,Rainy
1991,Bengaluru,12/25/2024,13.6,0.0,91,Rainy
1992,Bengaluru,2024-07-10,30.0,64.7,62,Cloudy
1993,Bengaluru,2023.10.06,22.0,0.0,67,Humid
1994,Bengaluru,29/09/2024,29.1,37.1,62,Humid
1995,Bengaluru,24-12-2024,21.5,1.5,86,Clear
1996,Bengaluru,2024-04-10,29.0,1.0,42,Cloudy
1997,Bengaluru,2023.05.13,26.3,2.9,57,Cloudy
1998,Bengaluru,03-03-2023,33.0,0.0,55,Clear
1999,Bengaluru,10/08/2023,24.6,76.5,70,Foggy
2000,Bengaluru,11/06/2024,30.8,14.7,34,Foggy
2001,Bengaluru,13/07/2024,24.3,309.3,76,Clear
2002,Bengaluru,24-05-2023,31.7,3.5,71,Rainy
2003,Bengaluru,04-06-2024,29.9,29.9,72,Clear
2004,Bengaluru,03/20/2023,34.8,10.7,58,Humid
2005,Bengaluru,04/10/2024,29.8,0.0,65,Clear
2006,Bengaluru,05/20/2024,36.0,2.7,67,Cloudy
2007,Bengaluru,2024.03.04,38.4,10.3,75,Clear
2008,Bengaluru,2024-02-17,11.1,2.8,66,Clear
2009,Bengaluru,24-03-2023,28.9,17.4,54,Clear
2010,Bengaluru,2023.02.05,15.4,15.0,66,Rainy
2011,Bengaluru,2024.05.06,35.3,33.7,78,Foggy
2012,Bengaluru,2024.09.20,29.6,147.5,46,Clear
2013,Bengaluru,2023.12.17,24.1,4.1,29,Clear
2014,Bengaluru,2023-05-22,38.5,0.0,89,Rainy
2015,Bengaluru,10/14/2024,30.8,21.4,57,Foggy
2016,Bengaluru,28-10-2023,19.9,0.0,48,Cloudy
2017,Bengaluru,2023.02.14,24.3,0.8,75,Clear
2018,Bengaluru,25/09/2024,27.5,0.0,55,Foggy
2019,Bengaluru,2023.10.07,19.1,31.8,64,Cloudy
2020,Bengaluru,2024-05-02,30.0,0.0,53,Clear
2021,Bengaluru,31/10/2023,24.8,17.2,56,Clear
2022,Bengaluru,2024-08-25,33.8,140.3,66,Clear
2023,Bengaluru,20/09/2023,36.0,71.3,59,Rainy
2024,Bengaluru,2023-08-23,32.6,61.2,71,Rainy
2025,Bengaluru,09/08/2024,31.2,18.7,37,Cloudy
2026,Bengaluru,16/12/2024,15.6,6.8,36,Rainy
2027,Bengaluru,19-10-2023,24.2,8.6,64,Clear
2028,Bengaluru,2024-01-29,17.8,0.0,68,Clear
2029,Bengaluru,2023.04.16,32.0,0.5,79,Clear
2030,Bengaluru,2024.06.10,27.8,,50,Clear
2031,Bengaluru,2023-08-20,31.8,37.8,37,Cloudy
2032,Bengaluru,2023.11.13,24.6,29.8,77,Clear
2033,Bengaluru,02/13/2023,22.2,7.8,90,Clear
2034,Bengaluru,2023-01-03,13.1,0.0,79,Clear
2035,Bengaluru,05/23/2024,29.0,2.0,43,Cloudy
2036,Bengaluru,10/05/2023,19.0,2.5,59,Clear
2037,Bengaluru,2024-08-13,23.9,0.0,71,Rainy
2038,Bengaluru,09/09/2024,25.9,0.0,72,Rainy
2039,Bengaluru,17-01-2024,13.9,1.5,54,Foggy
2040,Bengaluru,16/08/2023,26.3,47.9,48,Humid
2041,Bengaluru,10/18/2024,27.6,0.0,38,Clear
2042,Bengaluru,2024-05-25,30.3,13.1,76,Clear
2043,Bengaluru,2023-12-02,19.9,0.0,39,Clear
2044,Bengaluru,2024.09.25,23.6,21.6,59,Clear
2045,Bengaluru,2024.10.01,28.7,8.7,40,Cloudy
2046,Bengaluru,10-08-2024,20.4,25.8,61,Humid
2047,Bengaluru,17/02/2023,16.1,2.9,42,Clear
2048,Bengaluru,01/25/2023,16.1,5.2,66,Clear
2049,Bengaluru,08-03-2023,28.5,6.9,65,Clear
2050,Bengaluru,2024-02-17,15.6,2.9,93,Rainy
2051,Bengaluru,2024.08.31,24.5,0.0,67,Rainy
2052,Bengaluru,2024.09.05,26.8,64.4,76,Clear
2053,Bengaluru,09/29/2023,32.6,53.3,38,Cloudy
2054,Bengaluru,27-09-2023,35.3,230.9,65,Rainy
2055,Bengaluru,17/04/2024,28.8,0.0,54,Humid
2056,Bengaluru,21/11/2023,27.4,0.0,62,Rainy
2057,Bengaluru,09/05/2023,34.5,15.8,65,Foggy
2058,Bengaluru,2024.02.23,24.1,9.5,57,Rainy
2059,Bengaluru,09/01/2024,21.5,23.5,70,Clear
2060,Bengaluru,30/05/2023,24.5,12.0,85,Rainy
2061,Bengaluru,12-07-2024,29.7,98.7,27,Rainy
2062,Bengaluru,15-10-2024,25.3,0.0,65,Clear
2063,Bengaluru,13/05/2023,35.6,0.0,46,Stormy
2064,Bengaluru,2023.11.13,24.1,0.0,81,Clear
2065,Bengaluru,10/04/2024,22.5,11.0,52,Foggy
2066,Bengaluru,2023-09-12,25.9,30.3,53,Stormy
2067,Bengaluru,2024.02.06,17.0,0.4,51,Foggy
2068,Bengaluru,06-11-2023,26.0,0.0,-60,Clear
2069,Bengaluru,2023.09.27,28.5,59.8,22,Cloudy
2070,Bengaluru,14-02-2024,17.0,12.3,83,Clear
2071,Bengaluru,2023.12.19,21.1,0.0,64,Cloudy
2072,Bengaluru,18/11/2024,19.2,56.0,74,Foggy
2073,Bengaluru,18-11-2024,30.5,16.1,53,Stormy
2074,Bengaluru,06-02-2023,19.9,0.4,54,Stormy
2075,Bengaluru,28/01/2024,17.7,0.0,47,Cloudy
2076,Bengaluru,09/14/2023,21.1,43.8,51,Clear
2077,Bengaluru,2024-02-29,20.3,0.0,57,Clear
2078,Bengaluru,2023.05.12,34.5,4.7,39,Clear
2079,Bengaluru,12/29/2023,18.8,3.8,84,Cloudy
2080,Bengaluru,29/09/2023,28.9,41.0,53,Foggy
2081,Bengaluru,2023-01-30,23.8,11.8,54,Clear
2082,Bengaluru,04/15/2023,29.8,15.3,68,Clear
2083,Bengaluru,14/10/2024,26.6,1.8,44,Stormy
2084,Bengaluru,03/13/2023,29.7,3.4,56,Foggy
2085,Bengaluru,2024-02-29,17.4,3.6,87,Foggy
2086,Bengaluru,07/16/2023,19.9,0.0,66,Foggy
2087,Bengaluru,10-02-2024,16.9,0.8,49,Clear
2088,Bengaluru,04/09/2023,35.4,0.0,64,Clear
2089,Bengaluru,16/04/2024,25.0,,68,Foggy
2090,Bengaluru,2023-11-27,27.7,0.0,41,Cloudy
2091,Bengaluru,25-08-2024,24.3,210.4,54,Clear
2092,Bengaluru,30/11/2024,26.3,125.6,61,Cloudy
2093,Bengaluru,01/18/2023,21.5,0.0,82,Rainy
2094,Bengaluru,2024.06.06,24.4,0.0,44,Clear
2095,Bengaluru,2024-12-07,17.7,3.2,77,Rainy
2096,Bengaluru,03/08/2023,33.7,1.1,39,Clear
2097,Bengaluru,03/06/2024,35.3,5.8,87,Cloudy
2098,Bengaluru,06-09-2024,37.3,110.1,69,Clear
2099,Bengaluru,2023.10.10,35.1,121.0,56,Cloudy
2100,Bengaluru,23/11/2024,30.5,0.0,66,Clear
2101,Bengaluru,2023-04-26,32.0,1.6,58,Foggy
2102,Bengaluru,07/21/2024,26.1,160.6,-65,Cloudy
2103,Bengaluru,2023.09.28,21.4,0.0,66,Rainy
2104,Bengaluru,16-10-2024,22.3,21.5,71,Rainy
2105,Bengaluru,2024-07-12,32.0,0.0,66,Cloudy
2106,Bengaluru,2023-09-08,27.6,107.9,70,Rainy
2107,Bengaluru,18-09-2023,30.6,0.0,69,Humid
2108,Bengaluru,10-12-2023,21.4,7.2,31,Clear
2109,Bengaluru,14/09/2024,20.8,72.2,51,Cloudy
2110,Bengaluru,19/12/2024,16.9,0.2,73,Clear
2111,Bengaluru,06/10/2024,27.1,11.4,53,Cloudy
2112,Bengaluru,2024.02.04,15.6,1.4,78,Clear
2113,Bengaluru,06/07/2024,27.0,1249.3,83,Cloudy
2114,Bengaluru,2023-12-27,56.2,2.6,76,Cloudy
2115,Bengaluru,2024.01.25,15.9,0.0,95,Rainy
2116,Bengaluru,05-02-2023,13.8,2.2,53,Clear
2117,Bengaluru,19-03-2024,29.6,1.8,58,Clear
2118,Bengaluru,02/06/2024,24.0,0.0,26,Rainy
2119,Bengaluru,2024.08.24,27.0,62.2,66,Clear
2120,Bengaluru,03/29/2024,39.1,0.2,44,Cloudy
2121,Bengaluru,02/07/2023,27.1,0.0,68,Cloudy
2122,Bengaluru,04-04-2023,35.4,24.3,78,Clear
2123,Bengaluru,2024-08-16,25.1,309.3,35,Clear
2124,Bengaluru,2024-07-25,27.9,0.0,80,Rainy
2125,Bengaluru,2024.01.23,15.8,0.0,72,Clear
2126,Bengaluru,2023.07.01,27.3,141.4,51,Clear
2127,Bengaluru,05/05/2023,28.2,12.9,57,Cloudy
2128,Bengaluru,2023-11-16,24.6,9.8,65,Humid
2129,Bengaluru,11/01/2024,25.9,0.0,58,Humid
2130,Bengaluru,02/28/2023,16.8,8.3,100,Humid
2131,Bengaluru,2023.05.01,40.1,11.1,84,Humid
2132,Bengaluru,13/12/2023,19.7,6.0,68,Cloudy
2133,Bengaluru,2024-04-11,32.0,2.3,96,Clear
2134,Bengaluru,12/12/2023,11.8,0.0,54,Clear
2135,Bengaluru,28-10-2023,24.6,0.0,76,Rainy
2136,Bengaluru,2024.03.21,31.4,6.9,66,Humid
2137,Bengaluru,2023.07.03,29.7,0.0,49,Humid
2138,Bengaluru,12/07/2024,24.5,87.9,75,Clear
2139,Bengaluru,2024.10.12,27.5,35.7,59,Rainy
2140,Bengaluru,07-05-2024,35.8,0.4,53,Clear
2141,Bengaluru,11/09/2023,23.6,27.9,62,Cloudy
2142,Bengaluru,26/03/2023,27.6,11.0,89,Stormy
2143,Bengaluru,2024.08.14,24.8,180.7,58,Stormy
2144,Bengaluru,19-06-2023,27.4,97.2,65,Cloudy
2145,Bengaluru,2023-02-08,16.1,6.3,65,Cloudy
2146,Bengaluru,2024.02.27,18.2,0.4,46,Cloudy
2147,Bengaluru,2024-09-13,28.1,0.0,71,Stormy
2148,Bengaluru,2023.03.02,39.1,11.7,57,Cloudy
2149,Bengaluru,2023.07.31,25.6,0.0,54,Cloudy
2150,Bengaluru,12/04/2024,17.4,0.0,52,Rainy
2151,Bengaluru,26-08-2024,35.4,76.6,70,Rainy
2152,Bengaluru,2023-07-16,29.5,0.0,37,Clear
2153,Bengaluru,17-04-2023,41.0,0.0,53,Foggy
2154,Bengaluru,09/12/2024,33.1,653.2,59,Cloudy
2155,Bengaluru,2024-03-05,24.3,1.6,49,Clear
2156,Bengaluru,08/24/2024,27.9,43.0,65,Cloudy
2157,Bengaluru,2024.10.19,28.7,0.0,46,Clear
2158,Bengaluru,17-07-2024,30.8,0.0,55,Rainy
2159,Bengaluru,2023.07.01,22.9,181.6,78,Foggy
2160,Bengaluru,10/20/2023,28.6,15.5,49,Clear
2161,Bengaluru,28/08/2024,31.5,336.1,44,Clear
2162,Bengaluru,2024-05-15,35.5,0.0,28,Cloudy
2163,Bengaluru,12-06-2023,32.4,137.4,85,Clear
2164,Bengaluru,2023-03-31,34.4,0.0,74,Clear
2165,Bengaluru,2024-01-09,20.4,5.3,90,Cloudy
2166,Bengaluru,15/03/2024,33.1,10.0,57,Cloudy
2167,Bengaluru,2023.10.29,26.7,3.9,61,Clear
2168,Bengaluru,11/14/2024,20.0,0.0,66,Clear
2169,Bengaluru,2024.05.20,35.2,0.0,46,Clear
2170,Bengaluru,08-06-2023,27.5,140.4,62,Cloudy
2171,Bengaluru,2023.08.01,27.4,0.0,87,Humid
2172,Bengaluru,2024-09-17,31.8,297.6,79,Rainy
2173,Bengaluru,2023.07.22,24.6,69.5,63,Clear
2174,Bengaluru,2023.06.02,29.2,81.3,69,Clear
2175,Bengaluru,24-08-2023,25.7,143.5,52,Humid
2176,Bengaluru,06/08/2023,31.7,555.1,75,Clear
2177,Bengaluru,09/21/2023,26.7,32.5,82,Rainy
2178,Bengaluru,09/14/2024,24.6,213.1,70,Cloudy
2179,Bengaluru,2023.01.29,22.9,0.0,100,Clear
2180,Bengaluru,05/23/2023,29.6,12.3,64,Clear
2181,Bengaluru,21-10-2023,29.4,8.2,58,Foggy
2182,Bengaluru,2024-10-02,26.2,5.1,32,Cloudy
2183,Bengaluru,10/14/2024,22.3,6.9,63,Rainy
2184,Bengaluru,03/18/2024,25.8,1.3,62,Rainy
2185,Bengaluru,24/07/2023,30.3,175.5,54,Clear
2186,Bengaluru,2024.03.11,34.3,9.9,47,Foggy
2187,Bengaluru,2024.05.31,38.1,9.3,70,Cloudy
2188,Bengaluru,2023.10.16,30.6,11.9,39,Cloudy
2189,Bengaluru,10/09/2024,30.9,17.1,72,Cloudy
2190,Bengaluru,26/09/2024,22.9,1.6,59,Rainy
2191,Bengaluru,15/11/2023,28.1,15.7,90,Cloudy
2192,Bengaluru,2024.08.07,30.2,142.0,80,Clear
2193,Bengaluru,2024.02.26,20.6,12.2,36,Cloudy
2194,Bengaluru,03-10-2023,24.0,8.7,85,Clear
2195,Bengaluru,07/04/2024,38.8,7.9,87,Rainy
2196,Bengaluru,10/24/2023,23.5,10.4,77,Cloudy
2197,Bengaluru,28/12/2023,13.7,2.0,75,Clear
2198,Bengaluru,26-04-2024,33.2,4.0,54,Cloudy
2199,Bengaluru,2024-07-20,19.6,16.6,61,Clear
2200,Bengaluru,19/10/2024,31.2,23.6,81,Clear
2201,Bengaluru,2023-09-22,32.0,0.0,49,Rainy
2202,Bengaluru,2023.05.25,29.7,0.6,30,Clear
2203,Bengaluru,2023-08-26,23.3,0.0,76,Rainy
2204,Bengaluru,07-11-2024,26.6,26.6,70,Clear
2205,Bengaluru,2024.01.16,16.6,0.0,80,Foggy
2206,Bengaluru,06/15/2024,26.5,0.0,73,Rainy
2207,Bengaluru,10-06-2024,26.1,0.0,57,Stormy
2208,Bengaluru,13-04-2024,32.8,32.9,51,Humid
2209,Bengaluru,11-04-2023,35.9,0.0,45,Humid
2210,Bengaluru,2024.05.22,33.8,14.2,64,Cloudy
2211,Bengaluru,06-01-2024,23.5,0.8,64,Humid
2212,Bengaluru,13-09-2024,29.4,80.7,68,Cloudy
2213,Bengaluru,2023.11.26,31.7,42.9,60,Rainy
2214,Bengaluru,03/25/2023,38.0,10.9,48,Clear
2215,Bengaluru,2023.06.12,27.7,26.9,73,Foggy
2216,Bengaluru,13/10/2024,25.9,24.6,43,Clear
2217,Bengaluru,06/11/2024,30.0,33.3,51,Rainy
2218,Bengaluru,01/07/2023,22.2,70.1,91,Foggy
2219,Bengaluru,2023-02-07,16.7,10.9,69,Clear
2220,Bengaluru,2023-05-26,31.7,0.0,52,Clear
2221,Bengaluru,2023-05-15,32.4,3.5,52,Cloudy
2222,Bengaluru,25/01/2024,23.7,17.9,56,Clear
2223,Bengaluru,2023.10.23,25.5,40.8,68,Clear
2224,Bengaluru,04/28/2023,35.7,0.0,61,Cloudy
2225,Bengaluru,2023-08-22,27.1,148.7,52,Stormy
2226,Hyderabad,2023.08.06,33.5,65.5,66,Cloudy
2227,Hyderabad,24/04/2024,34.9,2.0,83,Humid
2228,Hyderabad,03/10/2024,35.8,0.1,95,Clear
2229,Hyderabad,2023.02.12,15.5,,52,Clear
2230,Hyderabad,2024-03-27,32.3,8.6,82,Humid
2231,Hyderabad,2024-09-13,27.3,9.2,56,Cloudy
2232,Hyderabad,22-03-2024,32.1,4.4,44,Foggy
2233,Hyderabad,08/27/2024,26.7,324.0,54,Foggy
2234,Hyderabad,07/16/2024,21.7,39.9,70,Rainy
2235,Hyderabad,2024.09.17,28.0,0.0,55,Clear
2236,Hyderabad,03/25/2023,31.6,0.0,69,Humid
2237,Hyderabad,10/10/2023,26.2,45.1,48,Clear
2238,Hyderabad,24-12-2024,18.5,10.7,73,Clear
2239,Hyderabad,2023-01-01,20.9,1.3,81,Stormy
2240,Hyderabad,05/09/2024,35.2,23.2,56,Clear
2241,Hyderabad,06/19/2023,22.8,2.9,61,Cloudy
2242,Hyderabad,2024-02-10,18.3,11.8,61,Cloudy
2243,Hyderabad,2024-02-13,22.6,3.0,46,Humid
2244,Hyderabad,2024.01.07,20.9,0.4,61,Cloudy
2245,Hyderabad,2023.04.02,32.9,0.0,48,Clear
2246,Hyderabad,10/11/2023,25.7,32.1,42,Stormy
2247,Hyderabad,2023.06.13,29.2,25.1,76,Humid
2248,Hyderabad,10-05-2023,29.6,1.5,59,Foggy
2249,Hyderabad,19-06-2023,31.1,348.7,46,Rainy
2250,Hyderabad,10/23/2023,28.5,30.9,67,Cloudy
2251,Hyderabad,2024-08-30,22.6,0.0,76,Clear
2252,Hyderabad,06/18/2024,27.0,53.1,32,Clear
2253,Hyderabad,23/07/2023,30.7,119.7,44,Cloudy
2254,Hyderabad,18/11/2024,27.0,50.9,52,Stormy
2255,Hyderabad,07/25/2024,31.6,85.0,55,Foggy
2256,Hyderabad,2024-03-13,41.5,6.1,66,Humid
2257,Hyderabad,2024-04-23,29.4,5.3,51,Rainy
2258,Hyderabad,2023.01.27,13.8,7.1,65,Rainy
2259,Hyderabad,2024.05.07,35.4,6.0,41,Clear
2260,Hyderabad,29-03-2024,38.3,0.0,66,Clear
2261,Hyderabad,21-02-2024,12.5,1.6,62,Clear
2262,Hyderabad,25/01/2023,16.7,0.0,71,Cloudy
2263,Hyderabad,15-10-2024,31.0,0.0,59,Clear
2264,Hyderabad,2024.06.07,22.8,53.6,39,Rainy
2265,Hyderabad,2024-01-10,19.7,0.0,92,Cloudy
2266,Hyderabad,08/11/2024,28.4,139.1,36,Cloudy
2267,Hyderabad,2023.04.11,34.8,4.2,77,Clear
2268,Hyderabad,2023.09.14,36.0,31.7,50,Clear
2269,Hyderabad,2024.02.23,21.2,4.7,58,Clear
2270,Hyderabad,2023.02.03,16.6,0.0,62,Cloudy
2271,Hyderabad,2023.12.27,27.2,6.4,56,Clear
2272,Hyderabad,03/19/2023,34.0,1.4,40,Clear
2273,Hyderabad,12/01/2023,19.6,1.2,32,Cloudy
2274,Hyderabad,12/29/2023,17.1,0.0,54,Clear
2275,Hyderabad,02/15/2023,14.4,1.6,46,Stormy
2276,Hyderabad,28/12/2023,24.1,0.0,61,Rainy
2277,Hyderabad,2024-11-27,34.9,26.9,53,Clear
2278,Hyderabad,18/05/2023,34.1,0.0,44,Rainy
2279,Hyderabad,03/12/2024,18.4,4.3,91,Humid
2280,Hyderabad,2023-10-02,30.8,94.0,93,Clear
2281,Hyderabad,30-07-2024,30.6,38.3,46,Clear
2282,Hyderabad,13/10/2023,24.7,0.0,54,Humid
2283,Hyderabad,14/04/2024,36.2,6.6,61,Clear
2284,Hyderabad,2024.07.03,25.3,0.0,59,Foggy
2285,Hyderabad,2024-11-25,25.0,5.3,68,Foggy
2286,Hyderabad,07-02-2024,20.7,2.4,79,Cloudy
2287,Hyderabad,25-03-2024,25.7,0.5,51,Clear
2288,Hyderabad,2023.08.18,22.5,29.8,52,Stormy
2289,Hyderabad,03/10/2024,52.9,15.6,35,Humid
2290,Hyderabad,2023-02-04,12.5,7.4,76,Clear
2291,Hyderabad,04-06-2024,28.8,0.0,58,Cloudy
2292,Hyderabad,2024-08-16,27.1,0.0,69,Humid
2293,Hyderabad,2023-07-22,23.8,54.7,59,Rainy
2294,Hyderabad,11/12/2023,24.2,11.2,85,Rainy
2295,Hyderabad,2023-06-30,27.8,18.4,41,Cloudy
2296,Hyderabad,2023.09.05,26.7,59.1,72,Foggy
2297,Hyderabad,2024.08.31,27.6,292.4,57,Humid
2298,Hyderabad,04/16/2024,35.7,0.6,86,Clear
2299,Hyderabad,2023-05-27,38.3,6.4,63,Humid
2300,Hyderabad,2023-12-17,21.7,10.8,67,Rainy
2301,Hyderabad,22-08-2024,28.0,23.7,68,Foggy
2302,Hyderabad,2023.06.03,29.5,18.7,58,Clear
2303,Hyderabad,28-04-2023,35.5,0.0,46,Humid
2304,Hyderabad,23-09-2024,28.6,0.0,67,Cloudy
2305,Hyderabad,21-01-2023,23.6,19.0,61,Humid
2306,Hyderabad,2023.03.04,30.7,0.0,30,Clear
2307,Hyderabad,29-05-2024,31.1,21.3,62,Clear
2308,Hyderabad,11-08-2023,24.9,0.0,63,Clear
2309,Hyderabad,2023-11-26,24.2,0.0,59,Foggy
2310,Hyderabad,2023-04-26,35.1,13.1,52,Cloudy
2311,Hyderabad,2024-11-03,27.4,35.0,70,Humid
2312,Hyderabad,30-06-2024,27.2,0.0,76,Cloudy
2313,Hyderabad,11/01/2024,22.1,0.7,47,Foggy
2314,Hyderabad,06/24/2023,34.8,0.0,57,Rainy
2315,Hyderabad,11/26/2023,27.1,29.1,70,Rainy
2316,Hyderabad,03/16/2023,33.9,0.0,60,Clear
2317,Hyderabad,2024.04.12,35.4,4.4,78,Clear
2318,Hyderabad,01/11/2024,24.1,1.5,48,Clear
2319,Hyderabad,05/11/2023,27.8,6.2,76,Humid
2320,Hyderabad,26-05-2023,32.4,5.5,62,Humid
2321,Hyderabad,2024.06.06,24.7,71.4,62,Cloudy
2322,Hyderabad,09-02-2023,22.6,10.5,88,Rainy
2323,Hyderabad,2023-07-20,30.3,60.7,57,Cloudy
2324,Hyderabad,2023.08.26,25.8,53.4,87,Cloudy
2325,Hyderabad,31-08-2023,26.0,0.0,43,Cloudy
2326,Hyderabad,2024.07.19,29.5,65.8,55,Rainy
2327,Hyderabad,21/10/2024,30.1,0.0,61,Rainy
2328,Hyderabad,2024-06-01,28.9,127.0,52,Foggy
2329,Hyderabad,11-05-2023,38.7,0.0,60,Rainy
2330,Hyderabad,2023-08-07,25.8,0.0,56,Clear
2331,Hyderabad,2023.07.16,30.6,480.9,48,Humid
2332,Hyderabad,01/21/2023,20.0,2.3,78,Cloudy
2333,Hyderabad,18/01/2024,22.4,4.5,29,Cloudy
2334,Hyderabad,2023-12-01,20.9,0.0,63,Rainy
2335,Hyderabad,18/07/2024,25.5,0.0,66,Humid
2336,Hyderabad,2024.11.23,20.5,0.0,54,Clear
2337,Hyderabad,24/04/2023,33.2,4.7,71,Rainy
2338,Hyderabad,2024.07.25,27.7,52.0,-60,Clear
2339,Hyderabad,2024-05-11,33.6,6.2,94,Rainy
2340,Hyderabad,2023.05.26,34.4,0.3,71,Cloudy
2341,Hyderabad,17/03/2024,21.7,38.5,15,Cloudy
2342,Hyderabad,2024.01.26,22.1,11.5,55,Cloudy
2343,Hyderabad,2023.02.16,18.8,3.5,40,Humid
2344,Hyderabad,2023-11-14,17.2,23.8,42,Stormy
2345,Hyderabad,2023.06.23,29.4,11.9,55,Clear
2346,Hyderabad,17/10/2024,26.9,0.0,42,Rainy
2347,Hyderabad,15/10/2024,27.1,0.0,77,Rainy
2348,Hyderabad,2023-08-28,28.5,2.6,70,Foggy
2349,Hyderabad,12/09/2023,36.3,397.0,50,Stormy
2350,Hyderabad,2024-03-18,32.5,2.4,59,Clear
2351,Hyderabad,10-05-2024,31.1,6.6,75,Clear
2352,Hyderabad,2023-12-28,21.2,8.2,37,Rainy
2353,Hyderabad,2023.03.19,36.4,3.4,59,Humid
2354,Hyderabad,14/12/2023,22.8,4.5,41,Humid
2355,Hyderabad,2023.02.27,13.1,0.8,57,Clear
2356,Hyderabad,10/09/2024,26.9,62.0,77,Humid
2357,Hyderabad,2024-01-04,15.4,3.0,58,Clear
2358,Hyderabad,07-06-2024,31.5,16.7,58,Humid
2359,Hyderabad,09-09-2023,26.6,76.2,44,Cloudy
2360,Hyderabad,15-01-2023,14.0,6.4,36,Clear
2361,Hyderabad,2024.07.20,30.8,0.0,72,Rainy
2362,Hyderabad,07/19/2024,30.0,213.4,37,Clear
2363,Hyderabad,06/06/2023,31.9,151.1,68,Humid
2364,Hyderabad,11/26/2023,24.6,0.0,48,Clear
2365,Hyderabad,01-12-2024,12.1,0.0,73,Humid
2366,Hyderabad,19-09-2024,22.7,61.7,47,Rainy
2367,Hyderabad,10-02-2023,23.5,0.0,40,Clear
2368,Hyderabad,2024-09-30,22.9,10.6,68,Clear
2369,Hyderabad,2023.06.15,34.4,143.2,55,Rainy
2370,Hyderabad,02/05/2023,20.5,8.7,46,Clear
2371,Hyderabad,11/01/2023,25.2,32.3,61,Humid
2372,Hyderabad,27-09-2024,30.9,0.0,52,Cloudy
2373,Hyderabad,2023.08.30,26.7,,61,Foggy
2374,Hyderabad,01/02/2023,18.7,,59,Clear
2375,Hyderabad,2023.08.02,22.6,265.1,66,Humid
2376,Hyderabad,08-01-2024,17.1,0.0,64,Clear
2377,Hyderabad,2024.07.13,19.4,0.0,65,Clear
2378,Hyderabad,09/09/2024,28.4,195.6,67,Rainy
2379,Hyderabad,2024.09.21,55.5,54.1,63,Foggy
2380,Hyderabad,06/10/2024,28.5,0.0,28,Clear
2381,Hyderabad,2023.01.16,14.1,0.0,57,Humid
2382,Hyderabad,03/11/2024,32.4,3.1,55,Rainy
2383,Hyderabad,2023-10-03,24.4,48.2,28,Rainy
2384,Hyderabad,2023.03.12,25.7,13.9,53,Foggy
2385,Hyderabad,08/03/2024,28.2,0.0,67,Clear
2386,Hyderabad,2024-02-12,14.6,0.0,72,Clear
2387,Hyderabad,15-12-2024,17.0,8.4,74,Clear
2388,Hyderabad,01/31/2023,13.8,13.7,42,Cloudy
2389,Hyderabad,02-08-2023,26.5,73.5,56,Humid
2390,Hyderabad,2023.09.27,30.9,108.7,-50,Rainy
2391,Hyderabad,2023-06-06,24.8,0.0,58,Rainy
2392,Hyderabad,2023.04.13,32.4,21.2,84,Clear
2393,Hyderabad,03/15/2023,28.3,8.9,64,Humid
2394,Hyderabad,12-04-2023,30.8,11.7,80,Clear
2395,Hyderabad,2024-09-23,24.9,156.6,61,Rainy
2396,Hyderabad,29/02/2024,11.9,9.3,58,Clear
2397,Hyderabad,2024-08-22,29.4,91.5,63,Cloudy
2398,Hyderabad,2023.10.14,23.9,7.6,58,Clear
2399,Hyderabad,10-07-2024,30.0,25.7,86,Rainy
2400,Hyderabad,2023-02-01,8.8,7.0,67,Clear
2401,Hyderabad,20-03-2023,27.2,4.4,65,Rainy
2402,Hyderabad,06/11/2023,32.2,15.5,37,Clear
2403,Hyderabad,03/06/2024,22.0,111.2,26,Clear
2404,Hyderabad,26/09/2024,27.1,30.0,53,Clear
2405,Hyderabad,2024-01-13,18.7,0.0,56,Stormy
2406,Hyderabad,2024.10.14,22.0,25.4,64,Humid
2407,Hyderabad,15/01/2024,22.2,0.5,56,Humid
2408,Hyderabad,22/01/2023,14.4,0.0,66,Rainy
2409,Hyderabad,09-11-2024,30.0,2.5,42,Clear
2410,Hyderabad,2023-03-05,33.6,0.0,52,Cloudy
2411,Hyderabad,24-02-2024,21.6,1.6,25,Rainy
2412,Hyderabad,02-11-2024,22.5,23.3,35,Clear
2413,Hyderabad,10/18/2024,25.5,38.2,63,Rainy
2414,Hyderabad,04/19/2024,29.6,4.8,69,Humid
2415,Hyderabad,24-04-2024,32.1,5.1,40,Cloudy
2416,Hyderabad,20/01/2023,21.8,6.7,56,Foggy
2417,Hyderabad,2024.09.04,21.8,44.5,26,Humid
2418,Hyderabad,2023-11-27,29.5,19.2,80,Clear
2419,Hyderabad,11/25/2024,24.8,102.8,67,Foggy
2420,Hyderabad,19-04-2024,44.6,3.2,69,Rainy
2421,Hyderabad,2024-02-16,19.5,0.2,74,Clear
2422,Hyderabad,11/20/2023,31.4,23.4,47,Clear
2423,Hyderabad,22-08-2024,35.5,13.6,-50,Clear
2424,Hyderabad,2023.09.05,31.6,0.0,45,Cloudy
2425,Hyderabad,16/02/2024,22.3,9.3,82,Cloudy
2426,Hyderabad,31-03-2023,29.3,7.0,73,Foggy
2427,Hyderabad,27/04/2024,30.2,13.1,63,Humid
2428,Hyderabad,10/02/2023,55.2,59.4,95,Humid
2429,Hyderabad,22-10-2023,23.8,41.6,78,Rainy
2430,Hyderabad,30-10-2023,26.6,42.8,78,Humid
2431,Hyderabad,01/03/2023,33.4,0.0,57,Clear
2432,Hyderabad,30-11-2023,25.8,9.6,43,Clear
2433,Hyderabad,2024-04-17,30.3,10.4,50,Cloudy
2434,Hyderabad,2023-07-22,25.7,40.4,47,Clear
2435,Hyderabad,14-11-2024,25.3,3.4,-73,Clear
2436,Hyderabad,2024-03-18,38.4,9.5,69,Cloudy
2437,Hyderabad,12/03/2024,20.5,0.3,66,Cloudy
2438,Hyderabad,28-01-2024,11.7,1.2,52,Clear
2439,Hyderabad,03/08/2023,34.8,8.7,79,Clear
2440,Hyderabad,19-04-2023,35.6,0.0,71,Foggy
2441,Hyderabad,2023.05.24,35.2,0.3,79,Rainy
2442,Hyderabad,24-06-2023,22.8,79.3,39,Cloudy
2443,Hyderabad,02/29/2024,13.7,5.9,20,Clear
2444,Hyderabad,06-02-2023,21.0,6.2,47,Cloudy
2445,Hyderabad,07/21/2023,32.2,0.0,68,Clear
2446,Hyderabad,2023.04.27,32.2,12.7,47,Humid
2447,Hyderabad,26/11/2023,27.1,9.1,10,Clear
2448,Hyderabad,2024.07.15,35.3,1.3,67,Cloudy
2449,Hyderabad,17/06/2023,33.6,505.5,58,Cloudy
2450,Hyderabad,04-09-2024,30.0,74.4,61,Cloudy
2451,Hyderabad,04-04-2024,38.1,1.9,50,Stormy
2452,Hyderabad,09/22/2023,25.1,34.9,67,Cloudy
2453,Hyderabad,12/11/2024,30.1,1.8,49,Cloudy
2454,Hyderabad,08-08-2024,28.2,215.2,54,Rainy
2455,Hyderabad,11/14/2024,35.3,0.0,56,Clear
2456,Hyderabad,07/04/2023,26.3,58.8,51,Clear
2457,Hyderabad,2024.03.27,28.8,33.5,83,Cloudy
2458,Hyderabad,2023.05.10,34.2,9.6,87,Stormy
2459,Hyderabad,2023.04.01,39.1,0.2,44,Rainy
2460,Hyderabad,07/31/2023,25.9,121.2,78,Clear
2461,Hyderabad,05/14/2023,34.1,0.7,75,Humid
2462,Hyderabad,29/12/2024,12.6,0.8,86,Cloudy
2463,Hyderabad,2023-03-27,28.3,17.6,56,Clear
2464,Hyderabad,27/01/2023,21.5,0.0,71,Clear
2465,Hyderabad,04-10-2023,25.7,53.1,80,Cloudy
2466,Hyderabad,15-06-2024,29.2,0.0,48,Cloudy
2467,Hyderabad,09/23/2024,28.4,307.5,44,Clear
2468,Hyderabad,2023-08-19,27.2,68.3,66,Clear
2469,Hyderabad,06/25/2023,24.8,0.0,52,Cloudy
2470,Hyderabad,21-12-2024,20.5,11.0,56,Foggy
2471,Hyderabad,05/08/2023,30.4,3.6,39,Clear
2472,Hyderabad,16/08/2024,25.7,0.0,71,Cloudy
2473,Hyderabad,03/05/2024,33.4,0.0,72,Clear
2474,Hyderabad,11-10-2024,25.2,15.7,88,Cloudy
2475,Hyderabad,2023-02-02,26.2,14.3,46,Humid
2476,Hyderabad,13-10-2023,21.9,58.4,60,Clear
2477,Hyderabad,2023.01.31,28.1,2.1,74,Stormy
2478,Hyderabad,08-09-2023,33.0,162.0,44,Humid
2479,Hyderabad,10/04/2024,33.7,0.0,77,Clear
2480,Hyderabad,05-03-2023,31.7,0.0,58,Rainy
2481,Hyderabad,2023.07.11,32.1,213.2,61,Rainy
2482,Hyderabad,2024.07.24,38.1,23.0,56,Foggy
2483,Hyderabad,11/04/2024,27.9,4.7,49,Clear
2484,Hyderabad,2024.07.19,23.7,5.7,59,Rainy
2485,Hyderabad,2023-12-15,22.0,0.0,60,Cloudy
2486,Hyderabad,23/06/2023,22.2,113.9,55,Humid
2487,Hyderabad,12/10/2023,17.7,0.0,67,Humid
2488,Hyderabad,19/06/2024,31.1,22.7,59,Stormy
2489,Hyderabad,2023.01.16,13.1,2.3,67,Clear
2490,Hyderabad,23-04-2023,34.3,3.4,61,Clear
2491,Hyderabad,2023-10-25,24.2,0.0,39,Cloudy
2492,Hyderabad,29/06/2023,27.0,0.0,-60,Clear
2493,Hyderabad,01-07-2024,24.9,85.5,71,Rainy
2494,Hyderabad,06-07-2023,25.3,64.6,83,Foggy
2495,Hyderabad,2023.06.28,24.2,253.0,54,Rainy
2496,Hyderabad,2024.03.06,31.6,5.3,52,Foggy
2497,Hyderabad,2023.06.24,28.6,37.5,76,Foggy
2498,Hyderabad,01/26/2024,23.1,4.6,65,Humid
2499,Hyderabad,09/08/2024,28.8,0.0,62,Rainy
2500,Hyderabad,2023.02.21,21.7,12.1,73,Clear
2501,Hyderabad,01/26/2024,17.3,10.3,78,Foggy
2502,Hyderabad,11/09/2023,26.5,140.7,53,Stormy
2503,Hyderabad,2023.02.15,21.6,6.0,41,Stormy
2504,Hyderabad,2023-03-12,29.7,0.0,40,Clear
2505,Hyderabad,01/06/2024,14.5,1.1,62,Humid
2506,Hyderabad,10/30/2024,25.7,28.1,66,Cloudy
2507,Hyderabad,03-08-2023,36.2,69.9,45,Rainy
2508,Hyderabad,2024-01-30,19.6,3.0,52,Foggy
2509,Hyderabad,02/03/2024,34.4,0.0,63,Cloudy
2510,Hyderabad,08/27/2024,19.8,,69,Clear
2511,Hyderabad,03-01-2024,20.8,5.9,68,Foggy
2512,Hyderabad,27-09-2024,27.0,,66,Rainy
2513,Hyderabad,23-10-2023,26.1,0.0,68,Rainy
2514,Hyderabad,2023-10-15,28.0,0.0,55,Clear
2515,Hyderabad,2024-03-31,33.7,4.9,78,Clear
2516,Hyderabad,06/12/2023,11.5,0.6,60,Cloudy
2517,Hyderabad,04/26/2023,42.1,0.0,85,Clear
2518,Hyderabad,05/06/2023,31.7,33.2,49,Humid
2519,Hyderabad,05/25/2024,32.9,23.4,68,Humid
2520,Hyderabad,03-07-2023,29.5,422.7,83,Rainy
2521,Hyderabad,2023.12.12,23.9,0.6,88,Foggy
2522,Hyderabad,2024.07.10,30.1,196.8,55,Humid
2523,Hyderabad,12/31/2024,20.2,4.9,78,Humid
2524,Hyderabad,04-04-2024,30.5,0.0,54,Clear
2525,Hyderabad,2024.09.12,30.1,0.0,25,Clear
2526,Hyderabad,17-12-2023,25.1,1.2,34,Clear
2527,Hyderabad,17-11-2024,24.3,1.3,78,Humid
2528,Hyderabad,2023-03-19,35.8,0.0,84,Clear
2529,Hyderabad,2024.05.27,32.0,0.0,38,Humid
2530,Hyderabad,2023.06.14,31.1,50.7,57,Cloudy
2531,Hyderabad,12/14/2024,12.8,13.2,86,Cloudy
2532,Hyderabad,11/08/2023,23.4,12.0,-71,Humid
2533,Hyderabad,2024-02-03,16.6,7.4,83,Humid
2534,Hyderabad,02/26/2023,21.0,0.0,72,Humid
2535,Hyderabad,14/01/2024,17.4,0.6,65,Humid
2536,Hyderabad,2024.11.12,29.4,10.4,72,Clear
2537,Hyderabad,2024-03-20,27.7,0.0,46,Rainy
2538,Hyderabad,07/30/2023,22.5,51.8,58,Humid
2539,Hyderabad,2023-08-12,25.9,137.0,65,Cloudy
2540,Hyderabad,05/11/2024,25.7,11.2,66,Clear
2541,Hyderabad,04/02/2023,22.8,0.2,56,Clear
2542,Hyderabad,18-06-2023,29.3,0.0,68,Humid
2543,Hyderabad,03/06/2024,30.3,1.0,66,Clear
2544,Hyderabad,05-02-2024,13.4,1.4,60,Stormy
2545,Hyderabad,01/19/2023,25.4,2.3,80,Clear
2546,Hyderabad,05-10-2024,19.4,57.2,56,Cloudy
2547,Hyderabad,12/19/2024,15.4,0.0,34,Clear
2548,Hyderabad,2024.07.11,31.9,77.5,53,Clear
2549,Hyderabad,10/28/2024,30.6,24.7,49,Rainy
2550,Hyderabad,27-06-2024,23.2,137.3,64,Stormy
2551,Hyderabad,2024-04-25,30.1,,64,Cloudy
2552,Hyderabad,12/08/2023,17.0,3.0,69,Foggy
2553,Hyderabad,10/24/2023,25.2,13.7,71,Foggy
2554,Hyderabad,08/02/2023,55.5,332.5,46,Rainy
2555,Hyderabad,31/10/2023,28.3,67.3,69,Rainy
2556,Hyderabad,26-06-2024,25.4,12.5,79,Cloudy
2557,Hyderabad,12/28/2023,23.9,0.0,42,Cloudy
2558,Hyderabad,2023.03.10,35.7,1.4,53,Humid
2559,Hyderabad,22/02/2023,14.1,3.0,44,Humid
2560,Hyderabad,03-03-2023,33.9,11.3,73,Cloudy
2561,Hyderabad,2023-02-24,18.7,11.3,73,Humid
2562,Hyderabad,2024.02.09,9.9,2.2,62,Clear
2563,Hyderabad,2024.01.31,22.3,3.2,57,Humid
2564,Hyderabad,07/02/2024,18.2,0.0,78,Stormy
2565,Hyderabad,2024.09.24,26.1,0.0,51,Clear
2566,Hyderabad,2023.05.25,34.8,19.9,62,Clear
2567,Hyderabad,2024-03-31,35.6,0.1,70,Rainy
2568,Hyderabad,07/12/2024,20.0,2.6,77,Cloudy
2569,Hyderabad,14/08/2024,27.7,153.3,56,Rainy
2570,Hyderabad,29/07/2023,32.6,108.6,53,Cloudy
2571,Hyderabad,06/16/2024,22.5,304.0,77,Clear
2572,Hyderabad,06/04/2024,31.3,5.1,87,Cloudy
2573,Hyderabad,09/12/2024,16.5,0.7,26,Foggy
2574,Hyderabad,09/18/2023,29.3,108.6,66,Foggy
2575,Hyderabad,25-02-2023,18.8,0.0,54,Clear
2576,Hyderabad,2024-03-04,28.8,14.1,76,Humid
2577,Hyderabad,2023-09-25,30.5,0.0,75,Clear
2578,Hyderabad,2024.04.26,32.4,0.0,50,Clear
2579,Hyderabad,08/04/2024,28.8,0.0,84,Clear
2580,Hyderabad,2024-11-14,18.5,72.8,78,Stormy
2581,Hyderabad,07-02-2024,23.4,5.0,58,Humid
2582,Hyderabad,2023.04.14,39.3,4.8,-42,Clear
2583,Hyderabad,2024-08-14,27.4,93.0,63,Rainy
2584,Hyderabad,17-02-2023,16.6,0.0,43,Rainy
2585,Hyderabad,11/04/2024,26.8,0.0,37,Clear
2586,Hyderabad,27/06/2024,26.5,45.8,62,Clear
2587,Hyderabad,04/25/2024,35.4,0.3,57,Clear
2588,Hyderabad,2023-08-02,24.0,0.0,87,Clear
2589,Hyderabad,2023.07.09,31.5,31.3,70,Clear
2590,Hyderabad,2023-01-28,15.9,1.5,51,Clear
2591,Hyderabad,10/01/2024,19.3,5.8,78,Cloudy
2592,Hyderabad,2024.05.14,32.0,4.3,57,Humid
2593,Hyderabad,2023-03-10,30.3,0.0,60,Clear
2594,Hyderabad,11-09-2023,25.2,7.9,84,Foggy
2595,Hyderabad,21-09-2024,29.1,9.1,-49,Cloudy
2596,Hyderabad,26/08/2024,20.7,0.0,64,Clear
2597,Hyderabad,28/05/2024,34.9,0.0,39,Humid
2598,Hyderabad,2024-02-19,16.2,4.9,77,Rainy
2599,Hyderabad,08/10/2023,23.8,20.4,49,Clear
2600,Hyderabad,21/12/2024,16.2,3.7,53,Humid
2601,Hyderabad,04/16/2023,34.9,6.2,63,Stormy
2602,Hyderabad,29/10/2024,19.8,12.1,49,Clear
2603,Hyderabad,06/15/2023,35.9,93.3,66,Cloudy
2604,Hyderabad,19-07-2024,33.8,0.0,45,Clear
2605,Hyderabad,2024-02-20,13.9,2.1,57,Rainy
2606,Hyderabad,25/01/2023,18.0,0.0,59,Foggy
2607,Hyderabad,15-09-2024,22.9,105.6,67,Humid
2608,Hyderabad,01-03-2024,36.3,0.0,68,Rainy
2609,Hyderabad,17/12/2023,11.7,1.0,70,Cloudy
2610,Hyderabad,2024.04.05,37.1,21.9,73,Humid
2611,Hyderabad,2023-01-25,13.7,0.1,36,Cloudy
2612,Hyderabad,2024-08-26,25.7,161.6,52,Rainy
2613,Hyderabad,07/07/2023,30.8,120.2,35,Clear
2614,Hyderabad,08/19/2023,35.9,254.8,72,Rainy
2615,Hyderabad,2024-07-02,24.8,139.4,53,Cloudy
2616,Hyderabad,2023.10.18,31.3,1.0,56,Cloudy
2617,Hyderabad,06-09-2024,32.4,0.0,55,Clear
2618,Hyderabad,05/06/2023,38.7,1.9,50,Clear
2619,Hyderabad,03-10-2024,30.1,31.0,59,Foggy
2620,Hyderabad,2024.09.11,31.8,0.0,82,Clear
2621,Hyderabad,03/19/2024,33.6,7.6,67,Clear
2622,Hyderabad,03/20/2024,34.1,9.2,57,Humid
2623,Hyderabad,17/05/2024,31.4,8.9,45,Rainy
2624,Hyderabad,11-10-2023,24.0,74.4,55,Cloudy
2625,Hyderabad,2024-10-19,28.5,0.0,34,Clear
2626,Hyderabad,26/12/2023,12.2,3.1,32,Stormy
2627,Hyderabad,30/12/2023,15.4,4.3,67,Cloudy
2628,Hyderabad,09/10/2023,55.1,20.7,38,Foggy
2629,Hyderabad,2024.01.21,17.1,15.4,67,Cloudy
2630,Hyderabad,07/05/2023,37.6,5.9,62,Clear
2631,Hyderabad,01/16/2023,15.0,0.0,67,Clear
2632,Hyderabad,2023.07.29,34.9,0.0,62,Rainy
2633,Hyderabad,02/06/2023,28.1,0.0,56,Clear
2634,Hyderabad,12/27/2023,19.0,0.0,-42,Clear
2635,Hyderabad,08/10/2024,20.8,28.4,55,Cloudy
2636,Hyderabad,23/02/2023,17.4,0.3,76,Clear
2637,Hyderabad,07/05/2024,34.6,15.8,44,Clear
2638,Hyderabad,12-05-2023,33.0,9.0,60,Clear
2639,Hyderabad,07-09-2023,25.5,123.9,66,Rainy
2640,Hyderabad,09/12/2023,15.6,0.0,63,Clear
2641,Hyderabad,02/12/2024,21.7,1.4,80,Humid
2642,Hyderabad,29/08/2024,20.7,294.3,77,Clear
2643,Hyderabad,01-08-2024,22.3,515.8,52,Cloudy
2644,Hyderabad,2024-03-26,24.5,5.0,57,Stormy
2645,Hyderabad,2024.12.25,12.9,0.0,25,Clear
2646,Hyderabad,02/19/2023,13.1,11.7,69,Clear
2647,Hyderabad,01-03-2023,29.5,5.9,54,Cloudy
2648,Hyderabad,2024.05.05,32.9,0.0,71,Stormy
2649,Hyderabad,13-03-2024,28.1,17.3,54,Clear
2650,Hyderabad,2023.04.09,31.2,5.3,90,Clear
2651,Hyderabad,2024-10-12,30.9,0.0,56,Clear
2652,Hyderabad,03-03-2023,33.2,6.5,56,Cloudy
2653,Hyderabad,2024-10-21,25.6,39.2,55,Cloudy
2654,Hyderabad,15/07/2023,27.8,93.7,52,Cloudy
2655,Hyderabad,21/02/2024,20.4,0.1,50,Clear
2656,Hyderabad,06/27/2024,27.0,4.0,55,Rainy
2657,Hyderabad,22/07/2023,25.9,133.3,58,Cloudy
2658,Hyderabad,23/02/2024,18.5,0.9,63,Cloudy
2659,Hyderabad,03-12-2023,11.7,0.0,53,Clear
2660,Hyderabad,04-01-2023,18.9,0.0,69,Cloudy
2661,Hyderabad,25/08/2023,21.5,0.8,38,Stormy
2662,Hyderabad,07/25/2024,25.6,99.1,99,Rainy
2663,Hyderabad,01/14/2024,16.7,0.0,98,Clear
2664,Hyderabad,05-03-2024,35.4,14.1,67,Clear
2665,Hyderabad,05/02/2023,33.4,6.8,49,Foggy
2666,Hyderabad,10/10/2024,24.6,41.5,64,Humid
2667,Hyderabad,15/12/2024,16.3,0.8,36,Stormy
2668,Hyderabad,19/03/2023,33.4,5.2,34,Humid
2669,Hyderabad,25/03/2024,37.2,0.0,69,Rainy
2670,Hyderabad,2024.01.06,20.9,0.2,70,Clear
2671,Hyderabad,2023-10-18,31.7,1.4,34,Humid
2672,Hyderabad,08/07/2024,23.3,0.0,50,Cloudy
2673,Hyderabad,18-03-2024,25.7,5.1,61,Cloudy
2674,Hyderabad,04/12/2023,22.2,10.2,56,Rainy
2675,Hyderabad,24-05-2024,37.8,9.5,79,Stormy
2676,Hyderabad,21/07/2024,28.9,8.1,52,Foggy
2677,Hyderabad,08/09/2024,26.6,147.3,69,Rainy
2678,Hyderabad,10/27/2023,28.6,67.5,54,Clear
2679,Hyderabad,2024-12-07,14.9,0.0,57,Cloudy
2680,Hyderabad,2024-01-12,21.5,0.0,58,Cloudy
2681,Hyderabad,06/23/2024,23.0,267.3,61,Humid
2682,Hyderabad,03-11-2023,31.1,124.3,36,Foggy
2683,Hyderabad,31-03-2023,31.7,0.0,83,Rainy
2684,Hyderabad,2024-08-26,25.8,7.1,52,Rainy
2685,Hyderabad,17-12-2024,15.0,1.7,100,Rainy
2686,Hyderabad,04/01/2023,35.2,4.6,61,Clear
2687,Hyderabad,2023.04.26,38.3,2.8,60,Stormy
2688,Hyderabad,01/11/2024,17.6,0.0,91,Cloudy
2689,Hyderabad,03/02/2024,32.8,5.1,66,Clear
2690,Hyderabad,2023-09-08,22.8,0.0,58,Clear
2691,Hyderabad,2023-10-04,23.1,21.9,72,Foggy
2692,Hyderabad,24/11/2024,28.8,17.9,69,Cloudy
2693,Hyderabad,05/03/2023,28.0,0.0,55,Rainy
2694,Hyderabad,26-06-2024,26.2,32.9,36,Rainy
2695,Hyderabad,05/17/2024,34.0,1.8,56,Cloudy
2696,Hyderabad,24-03-2024,32.9,0.0,85,Clear
2697,Hyderabad,24/10/2023,32.4,0.9,58,Clear
2698,Hyderabad,06/10/2024,26.8,33.0,52,Cloudy
2699,Hyderabad,2024-10-30,24.6,32.7,80,Cloudy
2700,Hyderabad,2024-10-21,21.4,25.4,60,Humid
2701,Hyderabad,22/03/2023,34.1,,42,Clear
2702,Hyderabad,12/04/2023,17.0,4.4,57,Clear
2703,Hyderabad,20-06-2023,32.5,0.0,52,Stormy
2704,Hyderabad,16-02-2023,24.2,,35,Rainy
2705,Hyderabad,06/01/2024,24.0,,44,Rainy
2706,Hyderabad,2023.07.10,27.1,0.0,29,Rainy
2707,Hyderabad,01-06-2023,30.3,62.1,59,Cloudy
2708,Hyderabad,2023.12.21,19.1,6.3,62,Cloudy
2709,Hyderabad,2024-09-02,21.6,168.0,61,Clear
2710,Hyderabad,2024-12-05,19.7,1.8,46,Foggy
2711,Hyderabad,2023-04-16,28.9,8.2,77,Clear
2712,Hyderabad,2024.12.24,23.6,4.9,24,Cloudy
2713,Hyderabad,27-04-2023,29.8,0.0,89,Clear
2714,Hyderabad,2023-03-19,28.7,28.6,55,Humid
2715,,25/04/2023,36.3,1.8,41,Humid
2716,Hyderabad,2023.09.13,22.6,54.5,100,Rainy
2717,Hyderabad,28/02/2023,21.4,0.0,58,Rainy
2718,Hyderabad,04-08-2023,28.1,431.8,68,Rainy
2719,Hyderabad,14/04/2023,41.6,0.0,57,Clear
2720,Hyderabad,14/03/2023,39.6,0.0,35,Clear
2721,Hyderabad,2024.06.12,22.7,208.1,44,Rainy
2722,Hyderabad,28/12/2024,23.7,0.0,47,Clear
2723,Hyderabad,01/17/2023,22.3,1.8,54,Clear
2724,Hyderabad,03/26/2024,28.5,0.0,84,Clear
2725,Hyderabad,08-05-2023,31.4,0.0,72,Rainy
2726,Hyderabad,2023.10.20,31.5,2.4,50,Clear
2727,Hyderabad,11/11/2024,27.7,13.5,-50,Cloudy
2728,Hyderabad,05/05/2023,27.0,0.0,48,Rainy
2729,Hyderabad,15-12-2024,17.0,0.0,88,Cloudy
2730,Hyderabad,2023-04-16,25.3,,45,Clear
2731,Hyderabad,04/01/2023,16.2,1.7,58,Cloudy
2732,Hyderabad,2023-03-13,38.4,27.2,41,Rainy
2733,Hyderabad,21/05/2024,38.8,10.3,71,Clear
2734,Hyderabad,11/18/2023,24.8,7.4,74,Cloudy
2735,Hyderabad,06/20/2023,28.2,10.4,69,Cloudy
2736,Hyderabad,2024-08-25,29.8,0.0,81,Clear
2737,Hyderabad,24-02-2023,10.9,1.2,65,Stormy
2738,Hyderabad,27-12-2023,16.7,7.1,45,Cloudy
2739,Hyderabad,29/07/2023,32.5,13.5,66,Clear
2740,Hyderabad,11/08/2023,28.1,0.0,54,Clear
2741,Hyderabad,2024.06.15,33.2,56.2,83,Foggy
2742,Hyderabad,2024.07.11,26.4,72.4,59,Cloudy
2743,Hyderabad,10-07-2023,30.7,145.2,70,Foggy
2744,Hyderabad,22/12/2023,14.5,3.3,21,Clear
2745,Hyderabad,12-11-2024,29.0,40.8,68,Stormy
2746,Hyderabad,2023-03-13,40.2,16.0,75,Clear
2747,Hyderabad,2024.08.04,19.1,0.0,57,Clear
2748,Hyderabad,05-07-2023,20.0,0.0,56,Clear
2749,Hyderabad,2023-03-09,31.9,0.9,70,Humid
2750,Hyderabad,06/02/2023,20.1,0.0,46,Foggy
2751,Hyderabad,12/01/2024,21.0,2.3,73,Clear
2752,Hyderabad,01-07-2024,26.8,11.9,51,Cloudy
2753,Hyderabad,2024-09-13,31.3,243.5,50,Rainy
2754,Hyderabad,2024.10.18,29.2,0.0,68,Foggy
2755,Hyderabad,29/11/2024,22.9,0.0,57,Clear
2756,Hyderabad,08/04/2023,31.4,110.3,41,Clear
2757,Hyderabad,2024-05-21,33.6,0.0,69,Humid
2758,Hyderabad,09/03/2023,25.2,0.0,74,Foggy
2759,Hyderabad,2023.07.09,22.5,110.9,50,Clear
2760,Hyderabad,02-06-2024,27.6,0.0,59,Humid
2761,Hyderabad,07-05-2024,41.2,17.2,70,Clear
2762,Hyderabad,14/10/2024,23.2,42.5,28,Clear
2763,Hyderabad,09/09/2023,26.2,135.8,67,Foggy
2764,Hyderabad,17/04/2024,35.5,16.5,66,Foggy
2765,Hyderabad,2024-08-26,22.4,34.7,61,Stormy
2766,Hyderabad,23/11/2024,27.1,30.8,76,Clear
2767,Hyderabad,13/06/2023,23.9,0.0,58,Rainy
2768,Hyderabad,01/09/2024,18.5,3.8,53,Cloudy
2769,Hyderabad,2023.03.28,35.0,3.5,74,Humid
2770,Hyderabad,2024-04-01,28.0,11.1,-67,Clear
2771,Hyderabad,27/06/2024,34.2,228.7,75,Clear
2772,Hyderabad,2024-08-02,25.5,175.3,48,Rainy
2773,Hyderabad,09/30/2023,29.4,0.0,45,Clear
2774,Hyderabad,24/02/2023,21.0,4.1,43,Clear
2775,Hyderabad,2024-02-22,15.3,4.9,63,Humid
2776,Hyderabad,2023.05.08,25.4,10.0,62,Foggy
2777,Hyderabad,2023.02.22,18.6,2.4,67,Clear
2778,Hyderabad,21/01/2024,19.1,7.8,89,Clear
2779,Hyderabad,2023-07-28,26.9,92.8,56,Humid
2780,Hyderabad,25/07/2023,28.8,162.3,99,Clear
2781,Hyderabad,2023-02-04,15.3,0.0,49,Humid
2782,Hyderabad,24-09-2024,21.1,0.0,62,Humid
2783,Hyderabad,06/25/2024,28.0,42.9,64,Clear
2784,Hyderabad,29-08-2023,31.7,0.0,65,Foggy
2785,Hyderabad,10/01/2024,15.6,6.2,53,Humid
2786,Hyderabad,07/11/2024,25.5,72.8,40,Foggy
2787,Hyderabad,2023-06-04,29.4,54.1,30,Clear
2788,Hyderabad,11-02-2023,19.0,32.3,77,Cloudy
2789,Hyderabad,03/08/2023,28.6,0.0,100,Clear
2790,Hyderabad,2023-06-26,29.6,0.0,76,Clear
2791,Hyderabad,27/06/2023,26.9,183.6,54,Cloudy
2792,Hyderabad,18-12-2024,19.4,0.0,55,Clear
2793,Hyderabad,08-03-2024,32.6,0.0,60,Cloudy
2794,Hyderabad,02/25/2023,18.5,0.0,80,Rainy
2795,Hyderabad,16-04-2024,37.5,9.6,81,Cloudy
2796,Hyderabad,2023-11-08,31.9,25.5,54,Cloudy
2797,Hyderabad,2023-08-12,33.4,,58,Humid
2798,Hyderabad,04/20/2024,28.9,5.5,59,Rainy
2799,Hyderabad,08-06-2024,33.4,0.0,63,Rainy
2800,Hyderabad,2024-12-03,19.8,5.1,55,Humid
2801,Hyderabad,2023-01-11,22.4,0.0,51,Humid
2802,Hyderabad,2023-11-22,17.5,41.8,65,Cloudy
2803,Hyderabad,15/01/2024,14.2,1.0,58,Clear
2804,Hyderabad,2023.05.28,34.2,3.8,64,Stormy
2805,Hyderabad,2024.07.07,21.3,196.5,57,Foggy
2806,Hyderabad,13-02-2024,20.0,5.4,92,Clear
2807,Hyderabad,2023-02-20,15.5,2.9,74,Cloudy
2808,Hyderabad,11/25/2024,22.1,0.0,63,Foggy
2809,Hyderabad,2023-11-23,20.2,0.0,59,Humid
2810,Hyderabad,15/11/2023,24.8,103.7,44,Humid
2811,Hyderabad,03/12/2023,34.6,0.4,37,Humid
2812,Hyderabad,2023.02.04,11.8,0.3,55,Clear
2813,Hyderabad,10/06/2023,26.4,63.0,62,Humid
2814,Hyderabad,12-05-2023,33.1,0.0,20,Cloudy
2815,Hyderabad,08/05/2024,25.7,2.9,84,Cloudy
2816,Hyderabad,2023.08.25,31.5,93.0,67,Cloudy
2817,Hyderabad,05/08/2023,22.0,,37,Foggy
2818,Hyderabad,25/01/2023,20.1,0.0,54,Cloudy
2819,Hyderabad,2024-05-22,37.4,7.0,38,Foggy
2820,Hyderabad,2023-03-21,40.7,0.3,52,Cloudy
2821,Hyderabad,2024-06-30,33.8,0.0,-64,Clear
2822,Hyderabad,21/09/2024,26.3,357.7,72,Cloudy
2823,Hyderabad,21/08/2024,28.7,37.5,53,Rainy
2824,Hyderabad,2024-06-22,26.2,0.0,66,Clear
2825,Hyderabad,09/20/2024,23.2,0.0,51,Foggy
2826,Hyderabad,07-07-2023,19.7,98.2,41,Clear
2827,Hyderabad,04/04/2024,35.4,1.6,61,Cloudy
2828,Hyderabad,2023.10.09,33.7,80.1,49,Stormy
2829,Hyderabad,04/26/2023,35.5,16.5,69,Humid
2830,Hyderabad,13-06-2024,28.1,0.0,82,Rainy
2831,Hyderabad,02/17/2023,51.1,7.0,65,Humid
2832,Hyderabad,13/07/2023,30.1,93.7,20,Cloudy
2833,Hyderabad,2024.01.27,13.7,5.7,64,Cloudy
2834,Hyderabad,2024-08-15,56.0,56.1,46,Foggy
2835,Hyderabad,12/14/2023,14.8,0.0,70,Cloudy
2836,Hyderabad,2023-08-12,26.8,54.4,31,Cloudy
2837,Hyderabad,08/14/2023,28.6,0.0,65,Clear
2838,Hyderabad,09/12/2024,13.3,9.3,73,Rainy
2839,Hyderabad,27/01/2024,15.1,,81,Cloudy
2840,Hyderabad,2024-10-19,29.0,4.8,59,Humid
2841,Hyderabad,09/07/2023,25.2,0.0,67,Stormy
2842,Hyderabad,2024.08.13,31.5,21.7,64,Rainy
2843,Hyderabad,2023.05.17,34.5,11.7,63,Clear
2844,Hyderabad,2024.10.10,26.2,0.0,78,Stormy
2845,Hyderabad,02/16/2023,18.3,7.3,82,Clear
2846,Hyderabad,2023.11.01,29.6,12.2,41,Humid
2847,Hyderabad,24/02/2024,18.8,0.0,59,Clear
2848,Hyderabad,2024-01-21,15.5,0.0,62,Clear
2849,Hyderabad,25-09-2024,29.9,47.3,48,Humid
2850,Hyderabad,25-10-2023,26.5,14.0,51,Rainy
2851,Hyderabad,2023.04.29,32.6,2.5,54,Stormy
2852,Hyderabad,11-02-2024,20.6,3.7,31,Cloudy
2853,Hyderabad,2024-07-23,25.2,378.9,62,Rainy
2854,Hyderabad,2024.03.03,25.0,13.3,46,Foggy
2855,Hyderabad,11/22/2024,23.2,0.0,65,Stormy
2856,Hyderabad,10/04/2023,24.5,12.2,46,Cloudy
2857,Hyderabad,2023-09-22,33.2,80.4,46,Rainy
2858,Hyderabad,08-08-2023,26.3,107.1,50,Foggy
2859,Hyderabad,2024.07.26,18.6,0.7,47,Clear
2860,Hyderabad,2023-11-11,30.1,2.5,66,Foggy
2861,Hyderabad,26/08/2023,29.1,307.7,66,Rainy
2862,Hyderabad,11/02/2023,33.4,10.7,54,Humid
2863,Hyderabad,27/10/2023,26.3,71.7,49,Humid
2864,Hyderabad,02/24/2023,15.9,0.0,65,Clear
2865,Hyderabad,13-01-2023,18.6,0.5,78,Clear
2866,Hyderabad,2024-08-26,31.9,10.7,84,Clear
2867,Hyderabad,2023-04-28,34.4,0.3,68,Clear
2868,Hyderabad,28-03-2023,31.9,0.0,62,Clear
2869,Hyderabad,24-10-2024,27.8,16.0,31,Rainy
2870,Hyderabad,18/11/2024,30.3,0.0,63,Rainy
2871,Hyderabad,22/06/2024,25.9,202.5,98,Foggy
2872,Hyderabad,2024-12-26,12.6,0.0,76,Clear
2873,Hyderabad,27/06/2024,20.4,200.1,79,Cloudy
2874,Hyderabad,03/07/2023,32.8,52.2,58,Humid
2875,Hyderabad,13/02/2024,21.3,5.8,73,Clear
2876,Hyderabad,2024.08.18,54.4,0.0,41,Rainy
2877,Hyderabad,08/28/2023,28.2,182.3,59,Stormy
2878,Hyderabad,2023.12.22,17.8,6.5,73,Cloudy
2879,Hyderabad,02/16/2023,13.3,2.8,48,Clear
2880,Hyderabad,2023-12-24,16.7,2.8,52,Rainy
2881,Hyderabad,2023.12.10,13.9,12.4,83,Stormy
2882,Hyderabad,05-09-2024,28.8,8.7,71,Humid
2883,Hyderabad,03/09/2023,26.4,11.0,67,Rainy
2884,Hyderabad,13-11-2023,19.4,3.5,46,Humid
2885,Hyderabad,2023-02-13,17.0,3.3,60,Cloudy
2886,Hyderabad,08-01-2023,20.6,10.5,84,Rainy
2887,Hyderabad,02/02/2024,17.4,0.0,70,Cloudy
2888,Hyderabad,2023-06-08,20.3,213.2,62,Clear
2889,Hyderabad,05/28/2023,28.8,0.0,64,Cloudy
2890,Hyderabad,26-05-2024,34.4,5.9,37,Cloudy
2891,Hyderabad,03/22/2023,31.0,0.6,70,Clear
2892,Hyderabad,20-12-2023,19.0,22.5,54,Rainy
2893,Hyderabad,2024-02-24,18.0,8.4,49,Clear
2894,Hyderabad,2023-04-17,26.9,3.2,62,Clear
2895,Hyderabad,25/10/2024,23.2,0.0,69,Cloudy
2896,Hyderabad,13/12/2023,14.3,0.0,76,Clear
2897,Hyderabad,2024-02-14,11.8,0.0,77,Clear
2898,Hyderabad,31/03/2023,27.1,5.3,72,Humid
2899,Hyderabad,2023.09.27,27.8,0.0,47,Humid
2900,Hyderabad,11/12/2023,20.7,3.4,54,Clear
2901,Hyderabad,2023-11-20,29.5,30.8,59,Cloudy
2902,Hyderabad,31/12/2024,25.7,7.8,76,Rainy
2903,Hyderabad,10/18/2024,24.9,4.0,41,Clear
2904,Hyderabad,2024.02.26,12.2,7.8,70,Cloudy
2905,Hyderabad,07/02/2023,12.6,6.0,45,Rainy
2906,Hyderabad,18-06-2023,25.9,308.9,85,Cloudy
2907,Hyderabad,19-03-2024,33.4,2.1,67,Clear
2908,Hyderabad,2023.10.12,21.6,48.3,52,Foggy
2909,Hyderabad,2024-10-01,24.5,28.7,62,Rainy
2910,Hyderabad,2023.10.21,27.0,7.4,65,Rainy
2911,Hyderabad,10/04/2024,25.3,0.0,36,Rainy
2912,Hyderabad,2023.07.26,25.2,0.0,69,Stormy
2913,Hyderabad,21-04-2024,29.7,17.5,52,Clear
2914,Hyderabad,29/04/2023,27.7,0.0,56,Humid
2915,Hyderabad,2023-07-24,21.3,12.1,63,Clear
2916,Hyderabad,05/01/2024,26.4,0.7,62,Clear
2917,Hyderabad,27/05/2024,35.8,0.0,91,Humid
2918,Hyderabad,30/08/2024,22.6,40.3,63,Stormy
2919,Hyderabad,2024.12.25,11.6,6.2,82,Cloudy
2920,Hyderabad,11/06/2024,26.1,354.9,64,Rainy
2921,Hyderabad,02-07-2023,27.2,9.3,48,Humid
2922,Hyderabad,03-06-2023,20.3,38.6,59,Humid
2923,Hyderabad,29/12/2023,23.4,1.8,63,Clear
2924,Hyderabad,2023.03.11,33.9,19.7,45,Cloudy
2925,Hyderabad,08/05/2023,31.5,4.5,86,Cloudy
2926,Hyderabad,2023-11-06,30.9,13.3,14,Clear
2927,Hyderabad,10-07-2024,26.3,2.8,32,Cloudy
2928,Hyderabad,30-10-2024,25.6,1.7,64,Rainy
2929,Hyderabad,30-07-2024,30.6,10.6,63,Humid
2930,Hyderabad,15/01/2023,13.8,5.0,63,Clear
2931,Hyderabad,2023-10-07,21.8,17.6,65,Clear
2932,Hyderabad,04/12/2023,32.8,13.2,71,Foggy
2933,Hyderabad,10/27/2023,19.5,8.0,65,Cloudy
2934,Hyderabad,30-11-2023,29.7,24.3,56,Foggy
2935,Hyderabad,2023.01.12,18.9,7.9,74,Cloudy
2936,Hyderabad,12/27/2023,18.6,0.8,61,Stormy
2937,Hyderabad,24/01/2023,9.2,,43,Stormy
2938,Hyderabad,2024.05.17,34.3,0.0,63,Clear
2939,Chennai,2024.03.22,29.3,0.0,88,Cloudy
2940,Chennai,15/07/2023,28.7,166.2,67,Cloudy
2941,Chennai,2024-08-13,29.3,0.0,49,Foggy
2942,Chennai,2024-01-17,20.8,0.0,64,Humid
2943,Chennai,20-08-2023,33.5,352.7,67,Clear
2944,Chennai,04/15/2023,39.2,0.0,75,Rainy
2945,Chennai,29/09/2023,32.2,170.2,74,Foggy
2946,Chennai,2023-06-27,27.0,0.0,65,Cloudy
2947,Chennai,09-12-2023,16.2,2.4,72,Stormy
2948,Chennai,31-05-2024,35.6,11.4,93,Cloudy
2949,Chennai,2024.05.22,30.1,0.0,48,Cloudy
2950,Chennai,12/16/2024,25.1,0.0,61,Cloudy
2951,Chennai,2024.06.23,26.2,38.1,69,Cloudy
2952,Chennai,2024.10.25,33.5,11.4,70,Clear
2953,Chennai,22-10-2024,19.5,17.8,57,Clear
2954,Chennai,10/09/2024,20.9,14.5,61,Humid
2955,Chennai,04/04/2023,31.1,15.7,50,Rainy
2956,Chennai,2023.01.27,15.6,,37,Clear
2957,Chennai,2023-02-19,17.6,1.0,65,Clear
2958,Chennai,01/14/2024,23.3,4.2,68,Cloudy
2959,Chennai,02/11/2023,23.2,15.2,57,Humid
2960,Chennai,2024-08-20,25.1,181.7,70,Rainy
2961,Chennai,01/05/2023,28.6,0.0,67,Clear
2962,Chennai,2023.09.11,31.6,0.0,63,Cloudy
2963,Chennai,2023-06-08,30.0,198.2,48,Cloudy
2964,Chennai,2023-09-21,24.9,109.6,88,Clear
2965,Chennai,28/09/2024,25.7,0.0,82,Humid
2966,Chennai,2023-01-23,24.1,0.0,45,Cloudy
2967,Chennai,2024-05-04,40.2,0.0,70,Stormy
2968,Chennai,07-01-2023,16.2,0.0,60,Clear
2969,Chennai,12-08-2024,29.8,119.1,56,Rainy
2970,Chennai,24-09-2023,28.6,22.1,65,Clear
2971,Chennai,2023-02-07,13.6,,64,Humid
2972,Chennai,15/12/2023,15.3,9.2,40,Cloudy
2973,Chennai,2024.02.10,54.6,1.6,57,Humid
2974,Chennai,05/11/2024,38.2,2.5,51,Cloudy
2975,Chennai,2024-04-28,29.8,0.0,36,Clear
2976,Chennai,23-10-2023,24.2,4.7,60,Humid
2977,Chennai,17-03-2023,32.8,6.5,52,Humid
2978,Chennai,2024.11.02,30.2,0.0,47,Humid
2979,Chennai,2024-09-13,20.4,150.4,69,Stormy
2980,Chennai,16-10-2023,20.7,47.8,85,Clear
2981,Chennai,03/21/2023,30.8,21.8,63,Foggy
2982,Chennai,06/27/2024,28.6,292.9,61,Clear
2983,Chennai,2023-06-29,28.5,2.6,53,Clear
2984,Chennai,23/03/2023,31.3,0.0,52,Humid
2985,Chennai,2024-06-29,24.6,3.2,42,Rainy
2986,Chennai,01/15/2024,15.8,0.0,69,Cloudy
2987,Chennai,06/20/2024,32.0,77.9,26,Humid
2988,Chennai,2024.02.29,22.4,1.7,74,Clear
2989,Chennai,2023-03-14,27.6,8.4,74,Clear
2990,Chennai,2023.11.01,24.3,4.3,33,Cloudy
2991,Chennai,19-04-2024,29.7,2.8,82,Clear
2992,Chennai,14-09-2023,23.9,37.6,51,Rainy
2993,Chennai,18/05/2023,26.8,3.7,36,Stormy
2994,Chennai,31-03-2023,32.6,6.6,52,Clear
2995,Chennai,2023.08.23,29.0,0.0,54,Cloudy
2996,Chennai,2024-04-02,38.1,8.6,40,Foggy
2997,Chennai,2024-12-19,13.5,2.2,60,Clear
2998,Chennai,2024.02.24,20.9,8.4,59,Stormy
2999,Chennai,12-06-2023,24.9,66.5,60,Rainy
3000,Chennai,08/29/2023,23.5,40.9,71,Humid
3001,Chennai,10/12/2023,15.6,27.2,44,Cloudy
3002,Chennai,2024-10-26,23.7,29.6,67,Humid
3003,Chennai,01-04-2024,31.0,0.0,27,Clear
3004,Chennai,2023-10-17,28.9,3.8,60,Humid
3005,Chennai,2023.01.13,20.4,0.0,84,Cloudy
3006,Chennai,2023.01.20,18.4,0.0,35,Clear
3007,Chennai,2024.03.26,41.1,0.0,41,Cloudy
3008,Chennai,2024-01-08,17.0,0.0,73,Cloudy
3009,Chennai,15-10-2023,27.0,116.4,38,Humid
3010,Chennai,2023-07-30,32.6,11.2,53,Clear
3011,Chennai,20/08/2024,23.8,116.7,85,Cloudy
3012,Chennai,11/12/2024,19.7,2.7,70,Cloudy
3013,Chennai,2024-02-07,18.8,5.1,66,Clear
3014,Chennai,28/05/2024,31.5,12.0,40,Clear
3015,Chennai,2023-02-06,16.7,4.6,58,Clear
3016,Chennai,21-08-2023,26.0,0.0,68,Clear
3017,Chennai,01/27/2023,19.9,0.9,41,Clear
3018,Chennai,2023.02.20,20.9,13.9,36,Cloudy
3019,Chennai,2023.07.10,25.7,129.0,40,Foggy
3020,Chennai,06/27/2024,29.8,9.8,75,Foggy
3021,Chennai,2024.08.23,27.8,,82,Cloudy
3022,Chennai,23/10/2024,24.5,51.6,57,Foggy
3023,Chennai,07-01-2023,19.7,10.8,54,Clear
3024,Chennai,21/02/2024,19.1,8.2,36,Humid
3025,Chennai,2023-07-06,22.7,24.4,70,Clear
3026,Chennai,2024-10-10,22.6,60.2,47,Cloudy
3027,Chennai,02-08-2023,27.5,219.9,85,Clear
3028,Chennai,25/11/2024,27.9,0.0,81,Rainy
3029,Chennai,2023.07.29,34.9,47.3,66,Rainy
3030,Chennai,07/07/2024,33.5,87.9,90,Clear
3031,Chennai,2024-11-24,25.8,4.4,83,Humid
3032,Chennai,11/23/2024,24.6,47.3,73,Humid
3033,Chennai,09/13/2023,23.8,7.5,43,Clear
3034,Chennai,05/25/2024,30.2,0.0,57,Clear
3035,Chennai,14/03/2023,37.6,2.0,33,Clear
3036,Chennai,2024.07.15,22.6,0.0,52,Clear
3037,Chennai,2024.01.21,20.5,20.1,53,Stormy
3038,Chennai,12/24/2023,23.3,4.4,72,Clear
3039,Chennai,2024.03.26,37.1,2.6,86,Clear
3040,Chennai,05/08/2023,17.9,0.0,56,Humid
3041,Chennai,10/10/2024,15.8,0.0,75,Cloudy
3042,Chennai,10/02/2024,26.7,0.0,52,Clear
3043,Chennai,10/21/2023,25.9,35.6,75,Clear
3044,Chennai,06/28/2024,28.2,84.3,56,Rainy
3045,Chennai,2024.12.01,13.9,1.0,56,Cloudy
3046,Chennai,14-10-2023,29.7,0.0,57,Foggy
3047,Chennai,10/24/2023,35.7,10.3,56,Rainy
3048,Chennai,04/08/2023,21.2,0.0,70,Clear
3049,Chennai,2024-02-05,12.5,4.1,48,Humid
3050,Chennai,06-08-2023,26.1,0.0,57,Humid
3051,Chennai,21/06/2023,37.3,145.8,52,Clear
3052,Chennai,03/31/2024,27.4,2.6,55,Humid
3053,Chennai,18/02/2024,16.4,0.6,58,Cloudy
3054,Chennai,2024.07.08,25.3,0.0,54,Rainy
3055,Chennai,07-01-2024,25.9,1.8,36,Foggy
3056,Chennai,2024.12.15,16.3,0.0,52,Cloudy
3057,Chennai,09/18/2023,32.3,145.1,43,Humid
3058,Chennai,04/07/2024,31.6,58.0,45,Humid
3059,Chennai,2024.05.16,33.3,1.0,73,Humid
3060,Chennai,11-08-2023,33.4,54.8,45,Stormy
3061,Chennai,14/10/2024,24.6,23.9,58,Foggy
3062,Chennai,23-10-2023,26.7,12.9,39,Clear
3063,Chennai,06/10/2024,31.3,0.0,60,Foggy
3064,Chennai,2023.07.28,27.0,114.4,67,Rainy
3065,Chennai,2024.06.11,26.5,161.6,72,Humid
3066,Chennai,01/15/2023,14.6,9.9,54,Clear
3067,Chennai,2024.07.09,29.5,63.8,64,Rainy
3068,Chennai,26-10-2023,25.7,34.7,67,Clear
3069,Chennai,01/08/2023,16.4,0.0,53,Cloudy
3070,Chennai,10/05/2024,25.6,149.1,58,Rainy
3071,Chennai,01/30/2023,26.0,2.2,40,Stormy
3072,Chennai,2024.02.24,14.1,0.1,65,Cloudy
3073,Chennai,2023-04-04,34.6,2.3,45,Clear
3074,Chennai,16-08-2023,22.3,42.0,27,Humid
3075,Chennai,03/16/2024,37.4,7.5,65,Rainy
3076,Chennai,2024-04-27,28.6,0.0,79,Clear
3077,Chennai,2023-04-28,30.8,15.0,66,Cloudy
3078,Chennai,2023.01.24,20.7,0.8,-81,Humid
3079,Chennai,2024-03-18,35.4,3.1,62,Cloudy
3080,Chennai,2024-03-19,34.9,,80,Cloudy
3081,Chennai,2024-09-23,26.0,273.0,47,Foggy
3082,Chennai,2023.01.01,15.6,6.0,71,Clear
3083,Chennai,27-08-2023,28.6,37.1,60,Humid
3084,Chennai,15-06-2023,27.1,11.3,47,Rainy
3085,Chennai,2024-12-20,18.7,8.1,74,Clear
3086,Chennai,2023.02.06,22.0,,73,Clear
3087,Chennai,2023.08.15,32.7,0.0,39,Clear
3088,Chennai,2023.07.10,24.0,150.0,73,Clear
3089,Chennai,25/06/2023,31.9,118.0,46,Rainy
3090,Chennai,09/20/2024,28.5,0.0,62,Clear
3091,Chennai,18-04-2023,32.6,18.6,70,Clear
3092,Chennai,06/10/2023,21.9,10.1,34,Clear
3093,Chennai,2024.12.19,18.4,0.5,80,Rainy
3094,Chennai,2024.02.13,22.6,0.0,69,Rainy
3095,Chennai,2023.09.03,34.2,0.0,35,Clear
3096,Chennai,2024-03-19,29.4,4.0,59,Cloudy
3097,Chennai,28/11/2024,22.4,70.5,55,Clear
3098,Chennai,2024-04-01,32.8,4.2,80,Cloudy
3099,Chennai,2024-01-11,18.6,0.0,60,Rainy
3100,Chennai,03/08/2023,29.9,59.9,19,Clear
3101,Chennai,2023-08-02,30.4,0.0,71,Stormy
3102,Chennai,22/05/2024,40.4,14.4,38,Humid
3103,Chennai,06/04/2024,26.8,247.9,48,Clear
3104,Chennai,10/01/2023,21.2,15.0,28,Humid
3105,Chennai,08-06-2024,25.7,30.3,63,Rainy
3106,Chennai,25/12/2024,16.0,0.0,45,Clear
3107,Chennai,10/15/2023,25.7,1.0,55,Cloudy
3108,Chennai,05/12/2023,32.0,0.0,17,Cloudy
3109,Chennai,15/11/2023,21.6,14.6,66,Cloudy
3110,Chennai,06/27/2024,27.4,0.0,79,Cloudy
3111,Chennai,02/16/2024,21.1,0.6,50,Humid
3112,Chennai,10/27/2024,28.1,75.9,58,Humid
3113,Chennai,09/28/2023,22.5,39.5,59,Foggy
3114,Chennai,06/04/2024,32.3,,41,Cloudy
3115,Chennai,2024.06.30,26.0,250.8,60,Cloudy
3116,Chennai,12/07/2024,17.4,0.0,75,Foggy
3117,Chennai,26-09-2024,33.3,0.0,81,Humid
3118,Chennai,2023.07.01,28.7,0.0,51,Clear
3119,Chennai,28/04/2024,30.0,0.0,86,Foggy
3120,Chennai,23/06/2023,27.7,76.7,48,Stormy
3121,Chennai,09/08/2024,31.7,113.9,86,Cloudy
3122,Chennai,2023-03-19,36.0,0.0,93,Clear
3123,Chennai,09-11-2023,29.0,7.6,70,Humid
3124,Chennai,2023-03-31,26.5,12.5,60,Humid
3125,Chennai,23-12-2024,19.1,0.3,35,Clear
3126,Chennai,2024-05-11,29.7,0.0,47,Clear
3127,Chennai,09/05/2023,26.2,11.8,57,Clear
3128,Chennai,18-03-2024,32.3,14.2,48,Clear
3129,Chennai,2024-03-30,31.9,0.0,41,Foggy
3130,Chennai,06-02-2023,17.4,0.0,88,Foggy
3131,Chennai,24/08/2024,21.7,66.1,73,Foggy
3132,Chennai,2023-12-18,15.7,1.6,51,Cloudy
3133,Chennai,06/26/2023,31.9,0.0,84,Clear
3134,Chennai,2023-10-18,30.2,16.0,49,Foggy
3135,Chennai,2023-12-20,26.3,3.0,87,Clear
3136,Chennai,03-07-2024,30.4,0.0,39,Humid
3137,Chennai,24/01/2024,16.8,6.8,72,Humid
3138,Chennai,2023.08.16,26.5,0.0,95,Cloudy
3139,Chennai,07/07/2024,36.1,176.8,81,Foggy
3140,Chennai,03/03/2023,31.6,12.1,58,Clear
3141,Chennai,2024-10-11,26.6,0.0,47,Cloudy
3142,Chennai,07-04-2024,30.2,12.0,73,Rainy
3143,Chennai,2023.02.25,15.7,2.0,49,Cloudy
3144,Chennai,2024-10-26,30.1,96.8,33,Rainy
3145,Chennai,12/20/2024,18.4,15.4,49,Clear
3146,Chennai,08-05-2024,30.2,0.0,57,Clear
3147,Chennai,05/31/2023,31.8,3.5,69,Cloudy
3148,Chennai,29-05-2023,30.5,24.2,77,Clear
3149,Chennai,19/01/2023,30.5,9.4,77,Foggy
3150,Chennai,2024.02.13,22.9,2.7,51,Clear
3151,Chennai,25/02/2023,18.2,1.0,39,Cloudy
3152,Chennai,2024.11.04,23.8,17.5,60,Cloudy
3153,Chennai,08/18/2023,40.6,16.5,89,Rainy
3154,Chennai,2024.12.16,21.5,0.0,65,Clear
3155,Chennai,2024-07-20,29.1,298.9,46,Clear
3156,Chennai,2024.02.14,14.6,2.4,49,Humid
3157,Chennai,06/03/2023,27.9,213.5,59,Cloudy
3158,Chennai,16/12/2024,18.2,0.0,56,Humid
3159,Chennai,2024-06-27,35.0,24.3,46,Cloudy
3160,Chennai,12/20/2023,23.6,8.3,55,Cloudy
3161,Chennai,17/03/2023,29.5,2.8,31,Foggy
3162,Chennai,03/30/2023,32.8,1.1,61,Cloudy
3163,Chennai,02/21/2023,20.8,6.4,43,Foggy
3164,Chennai,12-03-2023,33.2,1.9,44,Humid
3165,Chennai,2024.02.11,15.9,0.0,60,Cloudy
3166,Chennai,08/09/2024,28.8,0.0,74,Cloudy
3167,Chennai,01-03-2023,30.6,6.8,61,Clear
3168,Chennai,04-04-2024,33.0,26.5,40,Foggy
3169,Chennai,01-01-2023,18.6,15.7,44,Cloudy
3170,Chennai,2023-11-02,21.1,0.0,51,Rainy
3171,Chennai,2024.10.03,32.0,8.7,71,Rainy
3172,Chennai,05/18/2024,35.4,11.1,47,Stormy
3173,Chennai,17/08/2023,25.6,0.0,37,Clear
3174,Chennai,10-04-2024,34.6,0.0,37,Cloudy
3175,Chennai,06/08/2023,29.5,73.1,43,Stormy
3176,Chennai,14/12/2024,14.5,2.9,80,Clear
3177,Chennai,02-12-2024,19.8,0.0,49,Clear
3178,Chennai,26-03-2024,37.1,5.5,63,Clear
3179,Chennai,11/09/2023,23.4,80.2,59,Humid
3180,Chennai,28-08-2024,29.7,0.0,61,Stormy
3181,Chennai,2024.05.20,21.7,0.0,78,Clear
3182,Chennai,29-04-2023,40.4,3.3,52,Cloudy
3183,Chennai,2024.07.08,29.6,0.0,65,Cloudy
3184,Chennai,06/22/2023,28.1,303.1,80,Rainy
3185,Chennai,2024-07-27,31.7,0.0,42,Rainy
3186,Chennai,2024-10-28,26.0,,78,Clear
3187,Chennai,09/02/2024,34.8,6.7,66,Cloudy
3188,Chennai,01/24/2023,17.4,0.0,83,Rainy
3189,Chennai,15-09-2024,30.7,260.2,49,Foggy
3190,Chennai,2024.07.24,21.5,237.2,62,Cloudy
3191,Chennai,2023-10-07,31.8,0.0,73,Clear
3192,Chennai,2023.05.13,30.3,1.9,40,Clear
3193,Chennai,2023.03.06,33.0,15.1,61,Clear
3194,Chennai,11-11-2024,23.5,9.8,53,Humid
3195,Chennai,20-10-2024,28.4,0.0,84,Stormy
3196,Chennai,2023.08.31,32.0,232.4,59,Stormy
3197,Chennai,06/14/2023,31.2,193.4,18,Humid
3198,Chennai,2023.10.23,28.7,23.2,61,Clear
3199,Chennai,19-05-2024,37.1,11.9,56,Humid
3200,Chennai,26-08-2023,55.4,0.0,56,Clear
3201,Chennai,2024.05.15,28.9,0.0,56,Stormy
3202,Chennai,2024.09.05,28.7,39.8,57,Clear
3203,Chennai,2023.07.24,24.2,288.5,81,Rainy
3204,Chennai,18-07-2023,22.1,9.8,83,Clear
3205,Chennai,2024.07.23,21.0,37.8,69,Stormy
3206,Chennai,10/30/2024,28.3,17.9,47,Clear
3207,Chennai,26/12/2024,18.6,0.7,59,Humid
3208,Chennai,17/02/2023,24.1,2.0,62,Cloudy
3209,Chennai,2024.02.24,23.8,5.0,51,Cloudy
3210,Chennai,2024.04.20,27.6,1.8,65,Cloudy
3211,Chennai,2023-06-02,24.4,124.8,53,Humid
3212,Chennai,15-11-2023,22.7,37.1,77,Clear
3213,Chennai,2023.11.07,23.0,50.8,-80,Clear
3214,Chennai,2024-03-15,32.6,0.0,64,Clear
3215,Chennai,21-04-2023,31.7,10.9,58,Stormy
3216,Chennai,2023-08-31,28.8,0.0,78,Clear
3217,Chennai,2024.06.16,23.4,102.6,59,Clear
3218,Chennai,23/01/2023,14.1,0.0,73,Rainy
3219,Chennai,02/10/2023,25.1,24.9,68,Clear
3220,Chennai,2024-01-29,19.2,4.3,80,Clear
3221,Chennai,11/06/2023,23.6,48.8,70,Foggy
3222,Chennai,2024-02-05,13.8,0.5,66,Clear
3223,Chennai,19/01/2024,13.4,0.0,71,Cloudy
3224,Chennai,23-11-2023,25.6,36.1,54,Foggy
3225,Chennai,2024.09.27,26.3,0.0,68,Cloudy
3226,Chennai,05-01-2024,6.8,5.5,43,Clear
3227,Chennai,2023-11-30,22.3,0.0,72,Clear
3228,Chennai,2024-03-13,40.8,4.4,45,Clear
3229,Chennai,26-12-2023,25.2,0.6,67,Clear
3230,Chennai,2023.07.21,31.7,256.0,70,Clear
3231,Chennai,24-02-2023,18.6,0.0,61,Clear
3232,Chennai,04/11/2024,35.6,0.0,53,Cloudy
3233,Chennai,2024.09.03,30.0,9.9,44,Clear
3234,Chennai,2024.01.22,15.0,0.0,64,Cloudy
3235,Chennai,19/12/2024,13.0,13.9,41,Cloudy
3236,Chennai,27/02/2024,19.3,0.0,70,Humid
3237,Chennai,13-03-2024,34.3,0.0,68,Clear
3238,Chennai,2023-07-14,27.6,163.4,39,Rainy
3239,Chennai,2024.04.17,27.9,5.0,52,Foggy
3240,Chennai,03/08/2024,22.4,238.4,74,Foggy
3241,Chennai,11/01/2024,19.1,3.5,61,Humid
3242,Chennai,02/28/2023,21.8,4.7,42,Rainy
3243,Chennai,2024-05-08,34.6,4.3,57,Cloudy
3244,Chennai,2024.10.10,27.8,68.7,79,Rainy
3245,Chennai,2023-05-29,28.9,4.8,52,Cloudy
3246,Chennai,01/19/2024,21.3,0.0,68,Humid
3247,Chennai,2023.06.17,34.0,0.0,81,Cloudy
3248,Chennai,2023-05-08,32.3,1.7,59,Humid
3249,Chennai,24/11/2024,25.9,10.8,52,Foggy
3250,Chennai,2024-05-21,41.5,0.7,59,Cloudy
3251,Chennai,2024.02.11,18.8,0.0,40,Clear
3252,Chennai,15-08-2024,25.5,59.1,70,Cloudy
3253,Chennai,05/03/2024,34.8,0.8,94,Clear
3254,Chennai,03/20/2024,33.8,58.2,65,Clear
3255,Chennai,2023-07-15,31.3,8.7,39,Clear
3256,Chennai,23/08/2024,30.6,0.0,38,Humid
3257,Chennai,2024-10-25,24.7,8.5,67,Humid
3258,Chennai,2023.11.20,25.7,20.8,53,Cloudy
3259,Chennai,08/08/2024,26.0,147.9,53,Rainy
3260,Chennai,20-12-2023,20.0,6.0,65,Cloudy
3261,Chennai,03/14/2024,38.3,4.6,60,Foggy
3262,Chennai,20-10-2023,29.4,3.9,75,Cloudy
3263,Chennai,2024.07.05,31.3,32.9,43,Cloudy
3264,Chennai,2024.01.22,12.2,,48,Clear
3265,Chennai,19-10-2023,27.7,0.6,57,Foggy
3266,Chennai,20-04-2023,33.5,0.8,44,Stormy
3267,Chennai,2023.08.25,35.1,415.9,69,Rainy
3268,Chennai,2023.12.19,13.7,0.3,59,Rainy
3269,Chennai,28/07/2023,32.6,112.3,66,Humid
3270,Chennai,2023-09-20,28.2,77.9,40,Cloudy
3271,Chennai,03/05/2024,37.7,1.0,55,Clear
3272,Chennai,11/27/2024,26.4,5.1,64,Rainy
3273,Chennai,11-08-2023,28.2,310.2,73,Rainy
3274,Chennai,18-06-2023,33.1,188.8,87,Rainy
3275,Chennai,2024-10-29,30.4,40.0,65,Cloudy
3276,Chennai,2024.07.26,26.8,0.0,68,Foggy
3277,Chennai,2024.05.11,40.8,1.3,-62,Clear
3278,Chennai,2024-03-22,30.8,1.5,55,Humid
3279,Chennai,2024-07-12,26.3,0.0,33,Clear
3280,Chennai,2024.05.26,29.4,36.7,72,Humid
3281,Chennai,10/26/2024,23.1,0.0,62,Clear
3282,Chennai,2023.08.27,32.4,14.6,62,Cloudy
3283,Chennai,23/02/2024,21.4,0.6,82,Foggy
3284,Chennai,2024.01.06,16.1,0.0,57,Cloudy
3285,Chennai,24/04/2024,28.4,24.0,33,Rainy
3286,Chennai,12/11/2023,27.5,0.0,53,Cloudy
3287,Chennai,2024.07.05,24.8,216.7,56,Cloudy
3288,Chennai,05/04/2024,34.2,4.4,76,Humid
3289,Chennai,22/03/2024,31.9,14.8,65,Clear
3290,Chennai,09/24/2024,30.7,64.2,85,Humid
3291,Chennai,24/02/2023,22.7,0.0,67,Clear
3292,Chennai,22-05-2023,37.4,15.8,64,Foggy
3293,Chennai,08/05/2023,31.4,208.8,60,Clear
3294,Chennai,30/04/2023,40.3,1.5,52,Clear
3295,Chennai,08-03-2024,27.3,0.9,46,Clear
3296,Chennai,2024-02-15,21.0,13.3,70,Humid
3297,Chennai,11/10/2023,28.7,48.9,54,Cloudy
3298,Chennai,2023.02.14,10.3,9.9,80,Cloudy
3299,Chennai,24/03/2023,27.6,0.0,57,Foggy
3300,Chennai,2024-03-31,29.5,2.2,72,Rainy
3301,Chennai,2023-11-14,34.8,6.5,75,Humid
3302,Chennai,20/10/2024,22.4,0.7,49,Humid
3303,Chennai,22-04-2023,35.5,44.7,41,Clear
3304,Chennai,2023-07-16,29.4,55.5,50,Rainy
3305,Chennai,19/08/2023,31.4,47.0,62,Stormy
3306,Chennai,2023.08.11,26.3,0.0,53,Foggy
3307,Chennai,12/07/2024,15.7,0.0,66,Rainy
3308,Chennai,2024-04-30,36.2,5.6,73,Stormy
3309,Chennai,2023-09-16,30.2,0.0,89,Cloudy
3310,Chennai,06/11/2024,20.7,8.1,37,Humid
3311,Chennai,10/20/2023,29.3,48.4,59,Clear
3312,Chennai,2023.05.05,35.6,4.5,59,Cloudy
3313,Chennai,2024-04-06,36.1,0.8,36,Humid
3314,Chennai,25/01/2023,50.8,4.8,72,Clear
3315,Chennai,2024.12.27,18.9,0.0,56,Rainy
3316,Chennai,2024-04-06,26.7,8.7,76,Cloudy
3317,Chennai,10-11-2024,29.3,38.5,42,Cloudy
3318,Chennai,01/07/2024,8.6,6.2,62,Clear
3319,Chennai,12/21/2024,15.2,0.0,64,Clear
3320,Chennai,21-03-2024,30.2,18.3,72,Clear
3321,Chennai,11/28/2023,28.6,59.8,58,Humid
3322,Chennai,2024.09.18,32.9,550.5,80,Stormy
3323,Chennai,28-01-2024,22.3,0.8,80,Clear
3324,Chennai,2024.06.15,27.0,3.1,31,Humid
3325,Chennai,2023.10.15,29.2,68.4,67,Clear
3326,Chennai,15/02/2023,21.6,1.0,75,Foggy
3327,Chennai,2024-02-15,20.7,4.0,55,Clear
3328,Chennai,12-03-2024,34.5,5.4,66,Clear
3329,Chennai,13/05/2023,39.0,5.5,66,Foggy
3330,Chennai,2023-03-28,39.4,7.9,58,Clear
3331,Chennai,03/02/2024,18.4,0.0,40,Humid
3332,Chennai,14-07-2024,36.4,47.9,67,Cloudy
3333,Chennai,30/04/2023,28.9,0.0,51,Clear
3334,Chennai,09/22/2024,26.0,66.2,100,Humid
3335,Chennai,2023.01.13,15.7,2.4,60,Rainy
3336,Chennai,01-04-2024,31.4,0.0,59,Clear
3337,Chennai,17-07-2023,31.2,39.1,64,Clear
3338,Chennai,2023-11-03,19.8,4.4,64,Humid
3339,Chennai,06/21/2024,28.7,43.5,52,Stormy
3340,Chennai,07/06/2024,34.8,1.7,41,Clear
3341,Chennai,10/19/2023,21.9,12.0,47,Rainy
3342,Chennai,02-12-2024,16.7,1.5,75,Humid
3343,Chennai,25-03-2023,32.4,0.0,60,Humid
3344,Chennai,09/12/2024,17.3,7.2,57,Rainy
3345,Chennai,2024.06.17,23.6,38.4,57,Foggy
3346,Chennai,18-02-2024,17.8,0.0,81,Rainy
3347,Chennai,2024-04-14,32.0,29.2,78,Cloudy
3348,Chennai,16-11-2024,30.1,0.0,63,Clear
3349,Chennai,11/29/2023,25.0,0.0,64,Cloudy
3350,Chennai,27/09/2024,33.0,33.6,65,Clear
3351,Chennai,2024-02-18,19.4,10.4,-45,Foggy
3352,Chennai,27/09/2024,29.4,100.4,32,Rainy
3353,Chennai,2024.06.11,28.3,71.8,43,Foggy
3354,Chennai,2024.11.16,18.7,2.1,36,Stormy
3355,Chennai,2023-12-07,16.2,0.0,78,Cloudy
3356,Chennai,2024.04.12,32.7,0.0,60,Humid
3357,Chennai,2023.09.26,22.9,8.9,59,Foggy
3358,Chennai,13-04-2023,31.6,20.3,64,Cloudy
3359,Chennai,04/07/2023,27.3,0.0,78,Clear
3360,Chennai,07/06/2023,29.6,73.7,71,Humid
3361,Chennai,04/17/2023,36.3,0.0,41,Humid
3362,,2023.02.10,20.0,0.0,53,Humid
3363,Chennai,02/12/2023,17.7,0.7,69,Rainy
3364,Chennai,2024.02.25,18.6,0.0,66,Humid
3365,Chennai,11/07/2023,26.4,0.0,74,Rainy
3366,Chennai,2024-07-28,29.7,36.3,62,Rainy
3367,Chennai,12/12/2024,22.3,0.0,21,Clear
3368,Chennai,2023-01-17,15.3,1.4,82,Clear
3369,Chennai,30-11-2024,26.0,0.0,39,Rainy
3370,Chennai,2024.04.04,32.7,42.8,58,Rainy
3371,Chennai,2023.03.28,40.3,3.6,59,Clear
3372,Chennai,2024.12.13,20.0,0.0,53,Clear
3373,Chennai,2023.08.19,24.3,326.9,55,Rainy
3374,Chennai,2023.03.14,27.2,15.9,68,Cloudy
3375,Chennai,2024-09-20,31.6,2.6,35,Clear
3376,Chennai,13-11-2023,27.9,45.7,52,Humid
3377,Chennai,2023.12.15,14.8,0.0,84,Rainy
3378,Chennai,31-08-2024,28.8,0.0,51,Rainy
3379,Chennai,2023.08.11,31.0,366.7,59,Clear
3380,Chennai,11/02/2023,22.1,3.6,55,Foggy
3381,Chennai,13-07-2023,29.0,438.0,56,Rainy
3382,Chennai,26/09/2023,36.7,0.0,57,Humid
3383,Chennai,29/11/2024,29.6,13.3,43,Cloudy
3384,Chennai,12/13/2023,26.4,0.0,38,Cloudy
3385,Chennai,2024.03.01,28.9,16.5,40,Cloudy
3386,Chennai,2023-01-07,19.4,1.5,36,Rainy
3387,Chennai,08/03/2023,36.6,0.0,69,Foggy
3388,Chennai,16/04/2023,29.8,21.6,58,Clear
3389,Chennai,07/25/2024,23.6,444.3,74,Humid
3390,Chennai,2024.09.23,30.9,31.0,43,Clear
3391,Chennai,08-09-2023,28.0,338.8,67,Rainy
3392,Chennai,2024-12-07,14.2,0.0,58,Clear
3393,Chennai,2023.06.16,25.9,0.0,45,Cloudy
3394,Chennai,17/12/2023,21.5,1.8,78,Humid
3395,Chennai,2023.11.30,26.3,5.1,56,Clear
3396,Chennai,2024-02-04,18.0,2.1,56,Rainy
3397,Chennai,2023-08-12,25.1,9.8,52,Clear
3398,Chennai,2024-10-29,24.2,37.7,90,Clear
3399,Chennai,2023.02.23,16.8,3.6,47,Clear
3400,Chennai,01-09-2023,25.4,75.6,77,Clear
3401,Chennai,2024-11-28,19.9,0.0,73,Clear
3402,Chennai,08-09-2024,30.3,368.2,60,Cloudy
3403,Chennai,06/20/2023,30.4,0.0,56,Cloudy
3404,Chennai,08-11-2023,22.2,1.6,56,Stormy
3405,Chennai,02/02/2024,21.2,0.0,68,Humid
3406,Chennai,2024-10-15,25.7,0.0,74,Humid
3407,Chennai,27-02-2024,53.8,2.6,68,Humid
3408,Chennai,2023.12.25,24.6,10.2,63,Cloudy
3409,Chennai,2023-08-14,29.5,184.5,49,Cloudy
3410,Chennai,2024-04-17,32.1,0.0,49,Cloudy
3411,Chennai,12/01/2024,14.8,0.0,56,Foggy
3412,Chennai,2023-11-09,31.6,26.1,58,Clear
3413,Chennai,31-05-2024,29.1,5.5,80,Humid
3414,Chennai,07/27/2023,29.4,3.7,66,Clear
3415,Chennai,2024.03.25,30.2,5.6,53,Cloudy
3416,Chennai,29-07-2024,23.8,27.3,45,Stormy
3417,Chennai,22/05/2024,38.3,0.2,53,Humid
3418,Chennai,08/05/2023,21.9,0.0,46,Clear
3419,Chennai,2024.01.25,13.7,0.9,53,Rainy
3420,Chennai,10/24/2023,24.8,0.0,33,Foggy
3421,Chennai,07/09/2024,32.1,32.8,69,Clear
3422,Chennai,20-05-2023,31.2,0.0,75,Cloudy
3423,Chennai,2023.02.05,12.3,0.0,57,Cloudy
3424,Chennai,04-08-2024,58.5,40.1,77,Stormy
3425,Chennai,14/09/2024,23.5,16.2,70,Clear
3426,Chennai,09/21/2023,23.0,149.1,78,Rainy
3427,Chennai,2023-12-25,21.0,3.9,54,Rainy
3428,Chennai,2024.11.10,20.1,58.0,41,Clear
3429,Chennai,28/09/2024,27.1,0.0,71,Cloudy
3430,Chennai,07/16/2023,28.5,280.1,41,Foggy
3431,Chennai,06/15/2023,38.7,0.0,50,Clear
3432,Chennai,2023.01.12,22.0,0.0,47,Humid
3433,Chennai,27/01/2024,14.4,2.8,58,Clear
3434,Chennai,05/11/2023,26.3,31.4,66,Clear
3435,Chennai,17-03-2024,31.0,7.5,68,Clear
3436,Chennai,06/14/2024,29.1,5.6,52,Rainy
3437,Chennai,2023.08.20,24.4,0.4,53,Humid
3438,Chennai,2023-04-20,30.8,14.2,63,Cloudy
3439,Chennai,02/09/2024,25.1,106.4,32,Cloudy
3440,Chennai,05-10-2023,27.2,1.9,70,Clear
3441,Chennai,28/07/2024,30.3,218.1,78,Clear
3442,Chennai,17-10-2023,21.4,65.4,70,Foggy
3443,Chennai,2023.07.09,25.0,102.8,66,Humid
3444,Chennai,2024.12.26,17.2,0.0,76,Clear
3445,Chennai,2024-02-08,15.3,5.1,57,Rainy
3446,Chennai,2024.01.22,26.2,24.6,59,Rainy
3447,Chennai,08/14/2023,24.3,0.0,79,Clear
3448,Chennai,05/09/2024,27.4,87.5,58,Clear
3449,Chennai,10/14/2023,26.0,29.4,82,Clear
3450,Chennai,04/25/2024,31.6,25.9,54,Stormy
3451,Chennai,04/03/2023,40.8,26.2,57,Clear
3452,Chennai,12-10-2024,24.0,5.3,53,Clear
3453,Chennai,2023.04.10,34.8,0.0,78,Foggy
3454,Chennai,2023.04.06,37.6,1.7,45,Rainy
3455,Chennai,2023-07-28,22.4,34.0,51,Rainy
3456,Chennai,12/25/2024,21.7,0.0,48,Humid
3457,Chennai,18-07-2024,25.7,81.5,35,Humid
3458,Chennai,12/22/2024,18.0,1.2,-88,Cloudy
3459,Chennai,20-04-2023,35.3,0.0,44,Foggy
3460,Chennai,06/27/2023,27.9,0.0,44,Rainy
3461,Chennai,2023-05-05,30.1,14.7,49,Clear
3462,Chennai,13-07-2023,26.8,0.0,39,Clear
3463,Chennai,2023-11-05,20.7,44.8,75,Cloudy
3464,Chennai,2024-05-17,38.7,11.9,69,Cloudy
3465,Chennai,2024-03-28,33.8,4.5,67,Clear
3466,Chennai,07-07-2023,20.9,187.7,47,Cloudy
3467,Chennai,09/05/2023,30.0,0.0,28,Clear
3468,Chennai,30/03/2023,26.4,11.0,54,Clear
3469,Chennai,05/19/2023,26.3,0.0,65,Cloudy
3470,Chennai,2024-08-20,33.3,207.1,56,Stormy
3471,Chennai,2023.11.20,53.3,17.4,56,Clear
3472,Chennai,2023.11.17,25.7,0.0,51,Humid
3473,Chennai,08/24/2023,30.6,145.5,59,Humid
3474,Chennai,04/04/2023,32.8,1.5,75,Humid
3475,Chennai,2024.10.18,21.7,9.3,64,Clear
3476,Chennai,04/10/2024,21.5,9.5,80,Clear
3477,Chennai,16-09-2023,23.6,133.0,52,Cloudy
3478,Chennai,26-12-2024,13.3,3.2,67,Clear
3479,Chennai,17/07/2023,22.9,27.0,46,Rainy
3480,Chennai,11-07-2023,29.1,147.8,73,Humid
3481,Chennai,2024-04-09,33.5,5.0,76,Foggy
3482,Chennai,2023-04-21,38.6,5.6,76,Clear
3483,Chennai,18-01-2023,17.3,0.0,48,Clear
3484,Chennai,01-07-2023,37.5,0.0,52,Clear
3485,Chennai,2024.03.29,30.9,0.0,77,Clear
3486,Chennai,10-02-2023,15.4,2.1,55,Humid
3487,Chennai,05/20/2023,39.3,3.3,60,Clear
3488,Chennai,12/31/2024,15.2,1.4,80,Humid
3489,Chennai,2024-04-19,36.0,0.0,48,Humid
3490,Chennai,09/05/2024,34.3,3.8,75,Humid
3491,Chennai,2024-02-27,18.8,5.4,84,Humid
3492,Chennai,2024-02-07,22.3,1.1,76,Foggy
3493,Chennai,12-08-2024,31.5,58.6,52,Clear
3494,Chennai,2024-11-19,19.8,16.6,82,Stormy
3495,Chennai,21/01/2024,21.8,0.5,60,Clear
3496,Chennai,2023-04-15,39.3,2.3,45,Stormy
3497,Chennai,2024-11-01,33.8,81.2,68,Clear
3498,Chennai,02/01/2023,20.1,0.0,59,Foggy
3499,Chennai,01-07-2023,27.9,1.3,54,Humid
3500,Chennai,01-04-2023,30.0,0.0,68,Cloudy
3501,Chennai,04-09-2024,30.5,0.0,67,Rainy
3502,Chennai,06/05/2024,25.6,103.1,53,Foggy
3503,Chennai,26/01/2023,21.6,,60,Humid
3504,Chennai,2023.06.08,25.3,166.7,71,Clear
3505,Chennai,08/11/2024,27.0,10.9,40,Clear
3506,Chennai,2024-08-23,31.4,116.4,60,Humid
3507,Chennai,2024.06.14,23.4,32.0,72,Foggy
3508,,2023.11.15,21.9,8.3,54,Clear
3509,Chennai,30/10/2024,21.9,0.0,67,Cloudy
3510,Chennai,08/04/2023,31.6,0.0,59,Rainy
3511,Chennai,01/22/2023,20.0,3.2,77,Clear
3512,Chennai,11-11-2024,20.2,38.8,45,Humid
3513,Chennai,01-04-2024,30.4,9.2,73,Clear
3514,Chennai,22/10/2024,25.5,0.0,28,Cloudy
3515,Chennai,19/04/2023,30.3,14.9,67,Cloudy
3516,Chennai,04-07-2024,26.4,0.0,69,Cloudy
3517,Chennai,13/07/2023,30.0,45.9,85,Humid
3518,Chennai,05-01-2024,22.4,5.4,48,Humid
3519,Chennai,05/06/2024,21.4,0.0,43,Rainy
3520,Chennai,07/17/2023,22.2,,89,Humid
3521,Chennai,2024-05-02,39.2,0.0,79,Foggy
3522,Chennai,2024-04-20,33.3,2.9,58,Humid
3523,Chennai,10/25/2024,30.1,0.0,38,Foggy
3524,Chennai,06/29/2024,21.7,25.6,59,Clear
3525,Chennai,2023-10-29,22.0,15.0,68,Rainy
3526,Chennai,2023-04-02,35.1,13.3,61,Rainy
3527,Chennai,05/27/2024,30.2,0.0,59,Clear
3528,Chennai,14-02-2023,11.1,8.1,62,Cloudy
3529,Chennai,2024-06-08,29.6,0.0,65,Clear
3530,Chennai,25/04/2024,29.6,0.0,55,Humid
3531,Chennai,2024.03.11,35.2,0.9,63,Humid
3532,Chennai,2023-03-26,32.9,2.5,71,Foggy
3533,Chennai,07/15/2023,29.8,43.1,79,Clear
3534,Chennai,10/11/2023,23.7,15.9,52,Foggy
3535,Chennai,2023-03-11,31.6,0.0,42,Cloudy
3536,Chennai,20/12/2024,18.6,0.6,38,Humid
3537,Chennai,30/01/2023,23.7,15.2,63,Humid
3538,Chennai,09/01/2023,29.8,0.0,40,Clear
3539,Chennai,08/29/2023,22.5,0.0,56,Clear
3540,Chennai,27-12-2023,22.7,11.2,71,Humid
3541,Chennai,02/04/2023,35.0,5.6,45,Clear
3542,Chennai,2024-11-29,30.7,1.8,53,Humid
3543,Chennai,25-02-2023,22.1,1.4,57,Cloudy
3544,Chennai,2024.10.18,25.0,0.0,19,Clear
3545,Chennai,2024-01-18,18.7,0.0,84,Rainy
3546,Chennai,09/08/2023,33.7,169.2,53,Clear
3547,Chennai,25-03-2023,37.6,20.6,68,Rainy
3548,Chennai,11/04/2024,30.5,0.0,47,Clear
3549,Chennai,21-09-2024,25.8,72.4,65,Humid
3550,Chennai,07/03/2024,29.4,62.2,28,Rainy
3551,Chennai,2023-08-07,29.1,40.4,60,Clear
3552,Chennai,09-11-2024,27.5,0.0,72,Clear
3553,Chennai,2024-06-13,25.3,97.2,56,Cloudy
3554,Chennai,2024.03.12,38.0,0.0,97,Clear
3555,Chennai,2023.06.14,32.2,14.8,65,Foggy
3556,Chennai,23/05/2024,34.0,0.0,50,Humid
3557,Chennai,2023-05-25,36.0,15.1,59,Stormy
3558,Chennai,2023-08-24,27.3,73.2,66,Cloudy
3559,Chennai,2023-03-04,42.2,3.4,53,Stormy
3560,Chennai,2024.04.03,30.2,0.0,48,Clear
3561,Chennai,28-11-2024,28.4,0.0,26,Clear
3562,Chennai,2023.03.30,31.0,0.7,59,Humid
3563,Chennai,12/10/2023,28.1,0.6,28,Clear
3564,Chennai,22-12-2023,5.0,4.2,57,Foggy
3565,Chennai,08/20/2023,28.1,0.0,29,Stormy
3566,Chennai,2024-10-26,25.8,0.0,50,Humid
3567,Chennai,2023.02.07,21.2,0.0,68,Humid
3568,Chennai,04/11/2023,38.1,3.5,68,Humid
3569,Chennai,2024.03.31,33.5,0.0,70,Rainy
3570,Chennai,2023-02-20,17.7,0.0,65,Clear
3571,Chennai,2024-08-13,25.1,17.6,71,Stormy
3572,Chennai,04-01-2023,16.7,0.0,62,Cloudy
3573,Chennai,08/11/2023,23.8,0.2,84,Foggy
3574,Chennai,10/04/2024,36.7,30.7,57,Clear
3575,Chennai,07/26/2024,24.1,34.9,34,Clear
3576,Chennai,03-08-2024,28.3,169.3,20,Clear
3577,Chennai,2023.07.21,31.1,40.3,45,Rainy
3578,Chennai,2023-10-18,24.2,18.7,45,Clear
3579,Chennai,2023.06.29,29.1,32.4,41,Rainy
3580,Chennai,22/07/2023,53.8,25.2,76,Rainy
3581,Chennai,06/17/2024,25.0,24.1,60,Cloudy
3582,Chennai,13/04/2023,32.1,11.7,58,Cloudy
3583,Chennai,10/13/2023,23.6,109.1,38,Clear
3584,Chennai,2023-11-10,25.9,7.7,79,Cloudy
3585,Chennai,23/04/2024,40.4,1.4,55,Cloudy
3586,Chennai,2023-06-16,26.8,117.7,54,Clear
3587,Chennai,15/06/2024,22.5,294.7,77,Clear
3588,Chennai,10/30/2024,22.8,17.2,62,Cloudy
3589,Chennai,15/10/2023,27.6,65.1,40,Clear
3590,Chennai,06/05/2023,29.0,252.9,64,Foggy
3591,Chennai,01/05/2024,39.6,7.8,88,Humid
3592,Chennai,2023.10.23,17.2,13.2,75,Cloudy
3593,Chennai,2023.05.24,32.2,51.4,49,Cloudy
3594,Chennai,07/09/2023,20.6,35.9,38,Cloudy
3595,Chennai,04/03/2024,34.9,0.0,36,Rainy
3596,Chennai,13-11-2023,24.2,3.3,60,Humid
3597,Chennai,05/23/2024,32.4,0.0,58,Foggy
3598,Chennai,2024-05-11,32.3,0.5,47,Clear
3599,Chennai,19/09/2023,28.3,179.8,63,Rainy
3600,Chennai,2023.07.25,25.1,0.0,77,Clear
3601,Chennai,12-07-2024,22.6,80.6,71,Foggy
3602,Chennai,2024-04-18,33.5,2.2,71,Cloudy
3603,Chennai,2023-08-08,31.2,15.6,62,Humid
3604,Chennai,2023-05-31,37.1,0.0,69,Cloudy
3605,Chennai,22-05-2024,30.8,21.1,45,Clear
3606,Chennai,2023.01.28,22.2,12.6,50,Stormy
3607,Chennai,2024.02.12,19.4,0.0,43,Foggy
3608,Chennai,2023.04.11,37.8,6.7,98,Rainy
3609,Chennai,2023-01-06,11.4,0.0,30,Clear
3610,Chennai,30/10/2024,24.4,12.8,63,Clear
3611,Chennai,26/03/2023,27.0,0.6,59,Rainy
3612,Chennai,23-06-2023,21.7,0.0,59,Rainy
3613,Chennai,2024-08-21,27.1,78.0,75,Rainy
3614,Chennai,2024-06-27,29.1,119.2,53,Rainy
3615,Chennai,29-01-2023,20.2,15.9,71,Rainy
3616,Chennai,27/11/2024,20.3,20.7,85,Stormy
3617,Chennai,2024-04-01,34.2,0.0,47,Cloudy
3618,Chennai,04-07-2023,38.1,77.8,62,Cloudy
3619,Chennai,21-05-2023,33.6,7.6,46,Cloudy
3620,Chennai,2024.02.04,14.0,0.0,32,Cloudy
3621,Chennai,01/06/2024,19.4,4.1,63,Clear
3622,Chennai,2024.04.26,25.0,2.7,55,Clear
3623,Chennai,2024-06-25,28.1,44.7,61,Humid
3624,Chennai,2024-02-10,22.3,8.6,59,Clear
3625,Chennai,24/08/2024,24.3,0.0,48,Clear
3626,Chennai,2024-08-24,23.6,164.5,52,Rainy
3627,Chennai,01/10/2023,26.2,36.7,31,Clear
3628,Chennai,24-12-2023,15.2,0.0,72,Clear
3629,Chennai,12/25/2024,22.8,4.3,30,Cloudy
3630,Chennai,04/05/2024,30.1,,52,Humid
3631,Chennai,07/12/2024,23.5,0.0,72,Rainy
3632,Chennai,20/01/2023,16.6,0.3,76,Rainy
3633,Chennai,2024.02.19,14.3,7.3,49,Humid
3634,Chennai,2024.01.06,19.9,0.0,70,Humid
3635,Chennai,11/11/2024,32.1,26.4,72,Stormy
3636,Chennai,2023-04-17,29.5,1.8,48,Cloudy
3637,Chennai,2023-05-09,37.8,3.4,65,Clear
3638,Chennai,2023.12.09,14.8,4.5,48,Rainy
3639,Chennai,2024.09.01,25.8,208.8,57,Clear
3640,Chennai,28/06/2023,31.6,0.0,80,Humid
3641,Chennai,2024-03-29,26.9,4.6,58,Clear
3642,Chennai,2023-10-03,24.5,36.7,51,Stormy
3643,Chennai,2024-12-12,16.6,0.0,14,Foggy
3644,Chennai,06-11-2023,31.2,0.0,59,Clear
3645,Chennai,2023.09.09,36.4,32.6,57,Humid
3646,Chennai,17/11/2024,30.0,3.2,59,Cloudy
3647,Chennai,13-05-2023,36.5,7.8,60,Clear
3648,Chennai,01/09/2024,15.3,7.3,56,Clear
3649,Chennai,2023-05-27,36.9,10.7,67,Foggy
3650,Chennai,01/09/2023,16.1,7.7,47,Cloudy
3651,Chennai,10/04/2023,33.3,6.2,63,Clear
3652,Chennai,17/01/2024,16.6,2.2,57,Cloudy
3653,Chennai,01/27/2023,17.8,0.0,100,Clear
3654,Chennai,13/10/2023,27.5,54.5,60,Foggy
3655,Chennai,22-11-2023,28.7,60.8,65,Rainy
3656,Chennai,2024-02-27,14.5,1.0,68,Cloudy
3657,Chennai,2023-12-18,19.4,0.0,51,Rainy
3658,Chennai,17/03/2024,34.8,3.1,95,Foggy
3659,Chennai,2024.06.20,26.7,538.9,72,Cloudy
3660,Chennai,04/06/2024,31.2,66.9,75,Rainy
3661,Chennai,2023.09.06,33.5,99.2,56,Cloudy
3662,Kolkata,12/20/2024,21.2,1.9,63,Humid
3663,Kolkata,2023-01-20,21.9,0.7,82,Clear
3664,Kolkata,2024.04.10,29.9,11.7,81,Stormy
3665,Kolkata,2023-02-23,20.7,9.5,64,Clear
3666,Kolkata,17/06/2024,33.9,116.0,66,Foggy
3667,Kolkata,11/29/2024,22.6,7.5,46,Rainy
3668,Kolkata,2024-08-26,27.8,52.2,37,Clear
3669,Kolkata,2023-02-25,28.7,0.0,39,Foggy
3670,Kolkata,04/16/2024,32.5,0.0,44,Rainy
3671,Kolkata,2023-10-30,28.5,104.0,86,Clear
3672,Kolkata,05-08-2023,37.3,0.0,59,Clear
3673,Kolkata,29-05-2024,33.0,2.1,47,Humid
3674,Kolkata,2023.09.25,26.6,0.0,35,Clear
3675,Kolkata,2023.12.28,9.3,7.9,27,Foggy
3676,Kolkata,2024-04-20,34.6,0.1,57,Foggy
3677,Kolkata,10/01/2024,18.4,1.2,20,Clear
3678,Kolkata,11/25/2024,25.8,0.0,61,Clear
3679,Kolkata,2023-04-11,33.2,0.3,68,Clear
3680,Kolkata,29-10-2023,35.2,39.2,72,Clear
3681,Kolkata,02/07/2024,17.7,3.4,54,Foggy
3682,Kolkata,11/12/2023,13.2,0.0,36,Cloudy
3683,Kolkata,09-10-2023,21.5,22.2,64,Foggy
3684,Kolkata,2024-01-17,12.5,3.8,59,Clear
3685,Kolkata,28-07-2024,25.8,278.0,27,Rainy
3686,Kolkata,27-05-2024,40.1,7.0,69,Clear
3687,Kolkata,2023.01.26,17.1,15.9,95,Clear
3688,Kolkata,07/12/2023,24.2,60.0,59,Clear
3689,Kolkata,2024.05.07,35.5,2.3,59,Cloudy
3690,Kolkata,2024-12-25,22.3,1.6,73,Humid
3691,Kolkata,13-02-2024,17.3,5.8,69,Cloudy
3692,,28-12-2023,24.4,5.7,58,Clear
3693,Kolkata,2024.10.19,19.4,19.2,50,Humid
3694,Kolkata,15/06/2023,37.4,48.1,33,Cloudy
3695,Kolkata,06/09/2023,29.9,27.3,72,Rainy
3696,Kolkata,19-05-2024,33.9,26.5,50,Clear
3697,Kolkata,05-12-2024,16.8,0.0,62,Cloudy
3698,Kolkata,22/09/2023,32.5,0.0,57,Humid
3699,Kolkata,10/17/2023,19.1,19.5,66,Stormy
3700,Kolkata,23-04-2023,43.5,11.9,56,Clear
3701,Kolkata,01-07-2024,25.5,0.0,63,Clear
3702,Kolkata,11-03-2023,33.4,0.0,45,Cloudy
3703,Kolkata,2024.04.12,36.9,1.4,82,Cloudy
3704,Kolkata,10/18/2024,34.9,10.0,54,Cloudy
3705,Kolkata,03/03/2023,28.1,0.0,41,Clear
3706,Kolkata,2023.07.12,27.4,12.3,54,Clear
3707,Kolkata,17/09/2023,37.1,45.0,31,Foggy
3708,Kolkata,20/11/2023,26.4,6.1,54,Clear
3709,Kolkata,2024-09-01,24.9,115.9,60,Rainy
3710,Kolkata,20-11-2023,25.9,36.8,63,Clear
3711,Kolkata,18/10/2023,30.3,26.3,60,Humid
3712,Kolkata,22-10-2023,25.9,114.0,52,Clear
3713,Kolkata,2024-03-11,30.8,14.2,64,Clear
3714,Kolkata,2023.04.05,36.2,2.0,85,Clear
3715,Kolkata,06/18/2024,26.7,83.9,80,Clear
3716,Kolkata,14/01/2024,14.4,0.9,53,Clear
3717,Kolkata,09-06-2024,25.7,62.2,91,Clear
3718,Kolkata,19/12/2023,16.5,1.3,38,Foggy
3719,Kolkata,16-03-2024,26.9,0.0,81,Cloudy
3720,Kolkata,2024-03-19,32.1,13.4,29,Clear
3721,Kolkata,01/01/2023,10.6,0.3,43,Foggy
3722,Kolkata,2024.09.15,30.5,0.0,55,Clear
3723,Kolkata,13/11/2024,28.3,0.5,52,Rainy
3724,Kolkata,23-05-2024,34.6,0.0,52,Clear
3725,Kolkata,08-12-2023,22.0,0.0,83,Cloudy
3726,Kolkata,2023-06-17,31.0,0.0,57,Clear
3727,Kolkata,15-12-2024,16.5,3.1,43,Foggy
3728,Kolkata,2024.09.30,27.6,0.0,93,Clear
3729,Kolkata,2024.06.27,29.5,0.0,50,Foggy
3730,Kolkata,02-03-2023,38.1,10.8,38,Clear
3731,Kolkata,2023.11.04,29.9,81.4,69,Clear
3732,Kolkata,29-03-2023,35.0,0.0,56,Stormy
3733,Kolkata,24-05-2023,33.2,3.1,52,Rainy
3734,Kolkata,06-09-2024,23.9,355.4,71,Clear
3735,Kolkata,02-04-2023,34.0,0.0,55,Cloudy
3736,Kolkata,09/29/2023,33.8,80.7,75,Clear
3737,Kolkata,19-01-2024,16.9,10.0,32,Cloudy
3738,Kolkata,2024.07.17,27.2,0.0,78,Rainy
3739,Kolkata,11/17/2023,24.1,0.0,59,Clear
3740,Kolkata,21-10-2023,26.2,0.0,52,Humid
3741,Kolkata,2023-04-21,39.2,0.0,58,Stormy
3742,Kolkata,05/29/2024,34.2,0.0,77,Rainy
3743,Kolkata,2024.06.02,28.1,116.2,51,Foggy
3744,Kolkata,2024.03.22,32.5,15.6,44,Clear
3745,Kolkata,2024-11-18,30.7,32.5,88,Foggy
3746,Kolkata,08/03/2023,46.4,1.7,54,Rainy
3747,Kolkata,2023.02.10,26.1,0.4,61,Clear
3748,Kolkata,2023.12.25,21.4,11.1,66,Humid
3749,Kolkata,2024-01-05,19.3,0.0,70,Stormy
3750,Kolkata,14-07-2023,25.7,152.5,59,Humid
3751,Kolkata,08-08-2024,28.4,8.0,25,Cloudy
3752,Kolkata,2023-08-25,32.4,329.8,50,Humid
3753,Kolkata,13/03/2023,37.1,6.9,50,Clear
3754,Kolkata,14/06/2023,25.7,4.9,69,Humid
3755,Kolkata,2024.10.23,30.4,10.8,85,Foggy
3756,Kolkata,07/19/2023,19.9,0.0,68,Humid
3757,Kolkata,2024.09.11,25.5,0.0,75,Cloudy
3758,Kolkata,2024.08.11,33.1,,68,Clear
3759,Kolkata,13-11-2024,23.3,0.0,64,Cloudy
3760,Kolkata,2024.02.08,21.4,0.0,53,Clear
3761,Kolkata,02/02/2024,11.8,0.0,62,Clear
3762,Kolkata,2023-07-06,28.9,626.9,63,Humid
3763,Kolkata,08-11-2023,21.1,42.3,75,Clear
3764,Kolkata,2023.08.15,22.7,0.0,61,Humid
3765,Kolkata,13-03-2024,35.0,0.0,100,Stormy
3766,Kolkata,21-03-2024,32.1,4.1,77,Humid
3767,Kolkata,2024.03.15,31.9,6.0,35,Clear
3768,Kolkata,25/08/2024,26.0,316.0,45,Clear
3769,Kolkata,02/04/2023,34.7,4.1,59,Cloudy
3770,Kolkata,2024.08.14,30.5,271.2,71,Rainy
3771,Kolkata,2023-05-06,37.8,2.5,66,Foggy
3772,Kolkata,13-05-2023,36.8,26.1,67,Humid
3773,Kolkata,2024-03-09,33.3,9.1,64,Clear
3774,Kolkata,01/08/2024,27.3,85.3,57,Cloudy
3775,Kolkata,05/19/2024,27.3,0.0,-58,Cloudy
3776,Kolkata,2023-03-20,47.4,4.0,50,Clear
3777,Kolkata,2023.07.01,33.9,56.1,57,Rainy
3778,Kolkata,2024.05.04,37.7,20.1,48,Cloudy
3779,Kolkata,2023.06.03,23.2,0.0,75,Rainy
3780,Kolkata,10/21/2023,27.8,0.0,41,Cloudy
3781,Kolkata,12/04/2024,13.1,0.0,54,Clear
3782,Kolkata,25-04-2023,34.0,3.9,42,Cloudy
3783,Kolkata,2024.10.06,29.0,0.0,55,Clear
3784,Kolkata,20-11-2024,28.3,,-69,Clear
3785,Kolkata,01/09/2023,17.8,5.6,59,Rainy
3786,Kolkata,29/10/2024,26.7,83.6,77,Humid
3787,Kolkata,14-04-2024,35.4,33.9,53,Humid
3788,Kolkata,2023-09-06,29.9,0.0,49,Rainy
3789,Kolkata,25-05-2023,31.0,6.1,49,Clear
3790,Kolkata,2023.06.11,22.1,119.4,62,Foggy
3791,Kolkata,21/07/2024,29.3,243.4,55,Rainy
3792,Kolkata,2023-01-29,15.9,0.0,66,Clear
3793,Kolkata,2023-11-29,30.7,14.1,60,Rainy
3794,Kolkata,08/20/2023,24.3,94.2,59,Rainy
3795,Kolkata,01/24/2023,15.3,3.1,61,Rainy
3796,Kolkata,01-08-2024,27.6,0.0,44,Rainy
3797,Kolkata,23-04-2024,26.5,6.8,56,Clear
3798,Kolkata,20-06-2024,27.8,0.0,62,Humid
3799,Kolkata,2024-01-24,14.9,0.4,88,Cloudy
3800,Kolkata,08/17/2023,33.3,55.6,69,Cloudy
3801,Kolkata,12/05/2023,15.6,1.3,65,Foggy
3802,Kolkata,2023-11-09,23.9,0.0,67,Stormy
3803,Kolkata,12/04/2024,14.6,4.8,38,Humid
3804,Kolkata,2024.02.02,22.0,13.4,45,Clear
3805,Kolkata,06-04-2024,28.4,0.0,55,Clear
3806,Kolkata,2023.02.12,19.3,7.4,39,Rainy
3807,Kolkata,2024.01.11,11.5,7.8,73,Rainy
3808,Kolkata,07/05/2023,24.8,103.4,88,Rainy
3809,Kolkata,11-10-2024,28.7,1.9,68,Clear
3810,Kolkata,2023-09-07,28.9,5.0,74,Humid
3811,Kolkata,08/12/2024,14.6,16.9,60,Cloudy
3812,Kolkata,2023.06.18,27.5,107.4,63,Clear
3813,Kolkata,29/11/2023,53.3,30.2,53,Clear
3814,Kolkata,2023-01-10,15.8,1.8,76,Clear
3815,Kolkata,05/27/2023,30.1,11.0,82,Humid
3816,Kolkata,2023-01-17,15.0,,62,Foggy
3817,Kolkata,2023.11.17,26.0,37.9,60,Clear
3818,Kolkata,12/06/2024,33.1,264.6,74,Clear
3819,Kolkata,2023.04.07,32.6,0.0,41,Humid
3820,Kolkata,2024-09-30,26.0,40.6,92,Clear
3821,Kolkata,17/09/2024,21.9,1.1,54,Rainy
3822,Kolkata,2023-09-23,23.9,74.8,45,Cloudy
3823,Kolkata,2024.05.28,31.1,6.6,71,Clear
3824,Kolkata,2024.02.29,13.1,0.0,67,Clear
3825,Kolkata,19/07/2023,23.6,218.3,53,Clear
3826,Kolkata,2024-11-06,28.9,0.6,54,Stormy
3827,Kolkata,2023-04-27,27.1,3.7,77,Stormy
3828,Kolkata,2023-08-20,29.0,203.7,40,Cloudy
3829,Kolkata,2024.09.02,30.8,450.9,90,Rainy
3830,Kolkata,10/25/2024,25.7,12.8,35,Foggy
3831,Kolkata,12/06/2023,18.2,0.0,95,Clear
3832,Kolkata,2023-11-06,30.4,4.9,68,Clear
3833,Kolkata,26-01-2024,21.8,3.3,26,Foggy
3834,Kolkata,2023.02.08,19.6,7.8,-33,Clear
3835,Kolkata,2024-09-24,23.8,89.0,61,Cloudy
3836,Kolkata,22-02-2023,16.0,1.3,63,Clear
3837,Kolkata,04-05-2024,38.6,0.0,47,Rainy
3838,Kolkata,2023-06-03,34.0,55.4,46,Cloudy
3839,Kolkata,04/29/2024,35.8,10.3,51,Rainy
3840,Kolkata,15-08-2024,25.2,66.3,33,Clear
3841,Kolkata,24/06/2024,23.2,80.9,77,Rainy
3842,Kolkata,2024-04-07,32.2,15.1,53,Humid
3843,Kolkata,2023-07-10,26.2,356.7,100,Clear
3844,Kolkata,04/11/2024,22.3,164.2,58,Clear
3845,Kolkata,02/09/2023,17.2,0.7,65,Stormy
3846,Kolkata,2024.03.06,37.5,5.3,64,Cloudy
3847,Kolkata,04/05/2023,33.3,15.6,66,Cloudy
3848,Kolkata,20/01/2024,13.6,0.6,73,Clear
3849,Kolkata,19/10/2023,20.3,0.2,64,Stormy
3850,Kolkata,2024-12-19,20.7,0.0,49,Foggy
3851,Kolkata,2023.05.30,37.9,0.0,43,Foggy
3852,Kolkata,24-11-2023,30.5,26.0,60,Foggy
3853,Kolkata,04/30/2024,48.0,0.0,71,Clear
3854,Kolkata,2024-06-05,23.7,389.1,55,Clear
3855,Kolkata,15-11-2024,22.4,33.3,67,Cloudy
3856,Kolkata,17-08-2023,22.5,143.1,48,Clear
3857,Kolkata,24-03-2023,32.9,8.1,64,Foggy
3858,Kolkata,19/08/2023,25.0,,59,Rainy
3859,Kolkata,22-07-2024,25.0,193.2,57,Rainy
3860,Kolkata,2024-08-25,26.3,0.0,50,Cloudy
3861,Kolkata,03/08/2023,35.2,10.3,84,Humid
3862,Kolkata,04/06/2024,32.1,4.1,49,Rainy
3863,Kolkata,08/25/2023,33.3,55.2,59,Humid
3864,Kolkata,2024-09-02,26.6,0.0,54,Humid
3865,Kolkata,02/28/2023,18.0,13.9,53,Foggy
3866,Kolkata,04/07/2024,25.4,375.1,51,Stormy
3867,Kolkata,2023.10.30,17.9,20.1,20,Rainy
3868,Kolkata,03/02/2023,29.4,24.8,42,Clear
3869,Kolkata,11/04/2024,34.4,7.9,38,Stormy
3870,Kolkata,2024-10-22,26.2,92.4,31,Stormy
3871,Kolkata,2024-09-04,31.3,56.6,48,Stormy
3872,Kolkata,2024.12.12,16.1,0.7,64,Clear
3873,Kolkata,2024-02-13,17.7,18.3,48,Clear
3874,Kolkata,27/03/2024,35.3,0.0,45,Clear
3875,Kolkata,19/07/2024,24.2,54.9,45,Clear
3876,Kolkata,18-06-2023,32.2,7.9,49,Rainy
3877,Kolkata,27-02-2023,17.0,0.0,28,Clear
3878,Kolkata,08-11-2024,24.7,18.7,53,Cloudy
3879,Kolkata,2023-10-18,23.7,48.4,68,Cloudy
3880,Kolkata,2023.07.06,28.2,0.0,57,Cloudy
3881,Kolkata,2024-06-30,32.8,0.0,58,Rainy
3882,Kolkata,11/12/2024,13.0,2.7,71,Clear
3883,Kolkata,14/11/2023,28.4,33.6,66,Clear
3884,Kolkata,2024.08.06,25.0,250.8,60,Clear
3885,Kolkata,21-12-2023,20.7,4.0,78,Foggy
3886,Kolkata,2023.11.24,26.9,0.0,69,Cloudy
3887,Kolkata,05/28/2024,31.9,0.0,66,Clear
3888,Kolkata,2024.02.14,14.9,3.6,57,Cloudy
3889,Kolkata,23/08/2023,24.7,245.0,76,Foggy
3890,Kolkata,27-12-2024,18.2,1.0,30,Humid
3891,Kolkata,2024.07.19,29.7,199.7,60,Humid
3892,Kolkata,12/07/2023,19.0,0.2,29,Humid
3893,Kolkata,10/24/2024,27.8,0.0,43,Rainy
3894,Kolkata,2024.12.24,20.0,0.3,63,Clear
3895,Kolkata,07-01-2023,20.8,5.8,70,Foggy
3896,Kolkata,26/04/2023,34.2,19.8,74,Clear
3897,Kolkata,2023-03-05,27.3,0.0,72,Rainy
3898,Kolkata,2024.06.29,28.3,61.3,90,Humid
3899,Kolkata,2023.07.09,26.1,0.0,45,Rainy
3900,Kolkata,2023.08.06,23.6,22.6,-48,Rainy
3901,Kolkata,08/12/2023,29.9,189.4,69,Clear
3902,Kolkata,16-03-2023,33.8,0.0,43,Stormy
3903,Kolkata,2024-01-01,22.3,3.6,52,Clear
3904,Kolkata,10/06/2023,23.0,36.1,71,Clear
3905,Kolkata,08/22/2023,23.6,327.2,61,Rainy
3906,Kolkata,15/01/2024,18.0,0.0,74,Cloudy
3907,Kolkata,15/12/2024,13.6,4.6,66,Cloudy
3908,Kolkata,03/12/2023,22.3,4.2,63,Cloudy
3909,Kolkata,2024.06.28,23.4,346.0,67,Clear
3910,Kolkata,05/22/2023,29.0,8.4,48,Humid
3911,Kolkata,06/08/2024,27.4,71.4,54,Clear
3912,Kolkata,03-08-2023,26.9,5.1,53,Rainy
3913,Kolkata,27/02/2023,17.5,0.0,63,Clear
3914,Kolkata,2023-01-19,22.8,5.5,71,Cloudy
3915,Kolkata,2023.09.05,24.3,0.0,46,Stormy
3916,Kolkata,2024-03-06,38.0,14.1,53,Foggy
3917,Kolkata,05-02-2024,14.4,10.9,78,Foggy
3918,Kolkata,06/11/2024,24.8,0.0,84,Foggy
3919,Kolkata,27-01-2023,19.0,0.0,41,Stormy
3920,Kolkata,07/14/2024,27.2,37.3,60,Clear
3921,Kolkata,25-03-2023,32.9,2.5,72,Clear
3922,,12-08-2023,29.2,89.7,70,Humid
3923,Kolkata,03/14/2023,35.8,3.0,35,Cloudy
3924,Kolkata,01/06/2024,33.5,20.7,70,Stormy
3925,Kolkata,2023-08-03,28.8,0.0,64,Clear
3926,Kolkata,03/24/2023,29.0,19.3,62,Humid
3927,Kolkata,2023-11-26,26.1,21.8,79,Cloudy
3928,Kolkata,06/11/2023,34.1,173.4,76,Cloudy
3929,Kolkata,2023.05.18,40.7,1.5,89,Clear
3930,Kolkata,02/28/2023,20.8,0.0,56,Cloudy
3931,Kolkata,2024.11.28,24.0,12.3,36,Humid
3932,Kolkata,25/01/2024,18.1,2.0,59,Clear
3933,Kolkata,02/10/2024,9.9,6.7,77,Clear
3934,Kolkata,04/24/2023,34.9,0.0,69,Cloudy
3935,Kolkata,2024-02-25,18.2,1.9,65,Clear
3936,Kolkata,30-12-2024,20.9,1.5,52,Humid
3937,Kolkata,2023.09.04,25.9,212.3,57,Clear
3938,Kolkata,03/04/2023,33.6,5.0,54,Clear
3939,Kolkata,01-09-2024,32.9,131.4,80,Rainy
3940,Kolkata,2024-12-09,16.7,10.9,60,Clear
3941,Kolkata,15/10/2024,23.6,35.0,49,Cloudy
3942,Kolkata,14/01/2024,17.8,3.3,62,Stormy
3943,Kolkata,2023.06.10,25.1,68.6,14,Rainy
3944,Kolkata,04/24/2024,36.9,6.1,-85,Clear
3945,Kolkata,22/12/2023,19.7,2.2,65,Clear
3946,Kolkata,07-08-2024,32.9,0.0,65,Humid
3947,Kolkata,19-02-2023,20.5,0.8,76,Stormy
3948,Kolkata,16-01-2023,21.0,3.5,70,Rainy
3949,Kolkata,29-08-2023,26.9,1.4,50,Rainy
3950,Kolkata,28/04/2023,35.0,9.4,67,Cloudy
3951,Kolkata,06/11/2024,21.2,29.1,39,Clear
3952,Kolkata,2023-05-02,36.3,4.4,53,Cloudy
3953,Kolkata,01-10-2023,26.9,1.2,70,Clear
3954,Kolkata,31-08-2023,34.8,191.9,41,Cloudy
3955,Kolkata,2023-12-06,17.1,11.2,68,Cloudy
3956,Kolkata,12/08/2023,19.8,18.5,55,Clear
3957,Kolkata,2024-07-07,20.6,0.0,59,Clear
3958,Kolkata,19-12-2024,14.5,0.0,35,Clear
3959,Kolkata,05-08-2023,25.7,41.2,57,Rainy
3960,Kolkata,2024-02-08,15.4,1.7,48,Rainy
3961,Kolkata,10/19/2023,23.4,55.9,74,Clear
3962,Kolkata,2023.09.10,23.9,0.0,38,Rainy
3963,Kolkata,2023.11.24,29.3,7.0,36,Humid
3964,Kolkata,26-12-2024,26.6,0.2,55,Cloudy
3965,Kolkata,06/08/2023,20.5,0.0,-32,Humid
3966,Kolkata,2023-07-06,18.9,6.6,69,Rainy
3967,Kolkata,01/16/2024,20.8,5.6,55,Cloudy
3968,Kolkata,19-11-2023,28.6,0.5,75,Cloudy
3969,Kolkata,2024-01-04,18.0,16.0,58,Rainy
3970,Kolkata,2024-11-25,22.2,14.0,30,Foggy
3971,Kolkata,08-02-2024,17.2,0.2,55,Clear
3972,Kolkata,22/05/2023,31.5,0.5,68,Rainy
3973,Kolkata,2024.07.16,23.7,0.0,67,Humid
3974,Kolkata,01-11-2024,23.2,1.3,66,Cloudy
3975,Kolkata,2023.05.09,39.0,19.3,50,Rainy
3976,Kolkata,17-03-2024,30.8,3.0,39,Clear
3977,Kolkata,11-06-2024,24.2,61.3,68,Clear
3978,Kolkata,2023-11-19,29.7,0.0,59,Clear
3979,Kolkata,2023.10.31,29.2,36.6,59,Humid
3980,Kolkata,10/16/2024,30.0,0.0,54,Clear
3981,Kolkata,2023-10-08,27.6,36.0,45,Cloudy
3982,Kolkata,10/08/2024,20.8,11.8,60,Cloudy
3983,Kolkata,19-11-2023,37.9,0.0,65,Rainy
3984,Kolkata,07-01-2023,16.3,3.3,43,Clear
3985,Kolkata,10/09/2024,27.3,0.0,53,Cloudy
3986,Kolkata,12/12/2024,20.5,0.0,59,Cloudy
3987,Kolkata,29/08/2023,33.8,112.2,41,Cloudy
3988,Kolkata,05/14/2024,31.3,0.0,82,Humid
3989,Kolkata,2024-10-16,22.5,23.7,67,Cloudy
3990,Kolkata,05/21/2024,33.2,3.4,61,Clear
3991,Kolkata,2023-09-18,24.1,0.0,54,Clear
3992,Kolkata,2024-12-28,14.3,0.0,66,Humid
3993,Kolkata,2024-11-25,24.2,87.8,67,Cloudy
3994,Kolkata,2023.05.23,25.8,8.8,49,Clear
3995,Kolkata,2024.06.30,36.0,0.0,15,Rainy
3996,Kolkata,2024.01.19,14.8,0.1,38,Cloudy
3997,Kolkata,06/07/2024,31.8,28.6,46,Humid
3998,Kolkata,04-03-2023,32.6,0.0,61,Foggy
3999,Kolkata,31/07/2023,19.5,166.6,62,Cloudy
4000,Kolkata,18/08/2024,28.4,32.1,49,Foggy
4001,Kolkata,2023-11-19,26.9,0.6,53,Clear
4002,Kolkata,2023-04-29,38.9,0.0,54,Clear
4003,Kolkata,11/12/2024,19.1,27.2,76,Clear
4004,Kolkata,2024.07.07,29.6,132.4,33,Rainy
4005,Kolkata,01/06/2023,21.7,0.6,41,Foggy
4006,Kolkata,06/03/2023,36.3,6.9,61,Rainy
4007,Kolkata,07-12-2023,17.5,5.6,70,Rainy
4008,Kolkata,2023-05-26,34.8,0.8,34,Cloudy
4009,Kolkata,03/01/2024,41.1,0.5,77,Cloudy
4010,Kolkata,01/20/2024,19.5,7.2,53,Clear
4011,Kolkata,22-11-2024,35.7,0.0,57,Humid
4012,Kolkata,2023-06-25,19.6,102.4,48,Cloudy
4013,Kolkata,2023.03.12,30.8,5.4,86,Clear
4014,Kolkata,27-09-2023,24.5,0.0,42,Clear
4015,Kolkata,05/06/2024,30.9,0.0,46,Clear
4016,Kolkata,2023.11.21,19.4,20.7,67,Clear
4017,Kolkata,08/09/2024,24.2,15.0,71,Rainy
4018,Kolkata,06/14/2024,21.4,139.3,57,Clear
4019,Kolkata,20-06-2023,27.4,31.7,85,Clear
4020,Kolkata,28/03/2023,28.9,1.5,65,Stormy
4021,Kolkata,04-01-2023,23.2,0.0,54,Humid
4022,Kolkata,08/09/2023,25.5,141.7,65,Humid
4023,Kolkata,2024.06.11,31.8,7.2,56,Clear
4024,Kolkata,2024.01.02,20.6,0.0,49,Cloudy
4025,Kolkata,12-02-2023,20.3,0.3,38,Rainy
4026,Kolkata,20/09/2024,31.6,59.0,63,Rainy
4027,Kolkata,2023-12-18,15.9,11.8,57,Cloudy
4028,Kolkata,08/11/2024,33.3,18.2,74,Clear
4029,Kolkata,07/09/2024,22.0,27.1,66,Cloudy
4030,Kolkata,2024.11.25,25.9,19.0,43,Clear
4031,Kolkata,2024.08.25,25.3,105.5,72,Humid
4032,Kolkata,28/12/2024,9.6,13.5,90,Rainy
4033,Kolkata,08/09/2024,25.4,201.1,84,Cloudy
4034,Kolkata,25-05-2024,39.4,1.5,53,Foggy
4035,Kolkata,04/01/2024,31.5,2.0,59,Stormy
4036,Kolkata,22-04-2024,29.0,0.0,52,Stormy
4037,Kolkata,24/09/2023,36.5,29.5,46,Cloudy
4038,Kolkata,2024-01-13,24.7,1.8,77,Cloudy
4039,Kolkata,07-08-2023,28.4,26.2,47,Rainy
4040,,04/09/2023,32.6,4.7,66,Clear
4041,Kolkata,12/26/2024,11.6,0.2,55,Clear
4042,Kolkata,28/08/2024,22.1,204.5,52,Cloudy
4043,Kolkata,25/11/2024,25.9,22.0,77,Clear
4044,Kolkata,15/07/2024,27.9,1.8,69,Clear
4045,Kolkata,05/03/2024,33.7,30.7,71,Cloudy
4046,Kolkata,2023.12.31,16.9,2.1,56,Foggy
4047,Kolkata,31/10/2024,24.1,3.5,97,Clear
4048,Kolkata,05-05-2023,36.3,32.1,62,Clear
4049,Kolkata,28/06/2023,29.6,93.3,68,Rainy
4050,Kolkata,2024-11-09,31.9,0.0,63,Cloudy
4051,Kolkata,2024-09-23,24.7,0.0,41,Humid
4052,Kolkata,05-12-2024,18.2,0.0,39,Clear
4053,Kolkata,15/06/2024,23.9,0.0,56,Clear
4054,Kolkata,28-11-2024,28.0,47.6,37,Stormy
4055,Kolkata,2023.10.15,15.9,30.4,40,Humid
4056,Kolkata,04/02/2023,19.0,6.8,50,Humid
4057,Kolkata,2023.11.25,21.6,0.0,34,Clear
4058,Kolkata,21-11-2024,29.6,18.1,76,Clear
4059,Kolkata,04/03/2024,37.0,3.2,51,Cloudy
4060,Kolkata,2023.06.07,28.7,22.6,30,Clear
4061,Kolkata,06/27/2024,28.1,0.0,77,Clear
4062,Kolkata,04-09-2024,29.5,191.3,56,Clear
4063,Kolkata,2024-06-20,29.8,119.0,78,Clear
4064,Kolkata,05/28/2023,31.3,10.6,41,Clear
4065,Kolkata,2024.08.24,31.5,9.8,58,Rainy
4066,Kolkata,2023.02.24,13.6,0.5,60,Cloudy
4067,Kolkata,2024.11.11,22.5,11.3,35,Clear
4068,Kolkata,29-07-2024,25.7,130.0,58,Humid
4069,Kolkata,2024.01.01,10.3,0.1,76,Stormy
4070,Kolkata,2024-04-22,32.8,1.9,78,Clear
4071,Kolkata,2023-07-06,25.4,113.8,78,Clear
4072,Kolkata,24/12/2024,23.8,5.7,44,Rainy
4073,Kolkata,05/21/2024,29.6,10.8,79,Humid
4074,Kolkata,2023.12.17,17.2,14.9,49,Clear
4075,Kolkata,2023-03-26,22.9,0.0,50,Clear
4076,Kolkata,06/23/2024,35.4,44.3,81,Cloudy
4077,Kolkata,2023.09.06,23.8,86.9,45,Clear
4078,Kolkata,2023.10.13,30.6,16.8,63,Cloudy
4079,Kolkata,13/11/2023,22.9,0.0,71,Foggy
4080,Kolkata,2023.11.19,27.2,22.8,73,Humid
4081,Kolkata,2024.05.16,39.3,0.0,58,Clear
4082,Kolkata,2024.01.01,18.8,2.7,79,Humid
4083,Kolkata,2024.01.25,19.4,2.4,50,Cloudy
4084,Kolkata,07-04-2024,27.8,0.2,78,Foggy
4085,Kolkata,2023-09-19,32.4,105.5,51,Clear
4086,Kolkata,23/03/2023,34.5,1.8,58,Clear
4087,Kolkata,2023.02.18,17.6,4.1,39,Clear
4088,Kolkata,10-04-2024,35.7,2.6,62,Rainy
4089,Kolkata,2023.05.23,33.5,,62,Cloudy
4090,Kolkata,06/10/2024,30.6,19.6,68,Clear
4091,Kolkata,2023.10.28,18.2,57.8,52,Humid
4092,Kolkata,02/26/2023,18.0,0.1,75,Stormy
4093,Kolkata,08/01/2023,27.4,76.4,74,Cloudy
4094,Kolkata,01-03-2023,39.2,23.7,36,Clear
4095,Kolkata,2024-10-02,19.6,46.9,72,Foggy
4096,Kolkata,22-11-2024,24.9,0.0,63,Clear
4097,Kolkata,2023.03.07,26.5,0.6,58,Stormy
4098,Kolkata,03-04-2024,35.2,0.0,68,Rainy
4099,Kolkata,2023-09-25,30.4,125.5,42,Stormy
4100,Kolkata,15-12-2023,26.8,7.1,64,Humid
4101,Kolkata,2023-02-06,18.5,0.0,70,Rainy
4102,Kolkata,21/07/2023,24.1,0.7,37,Rainy
4103,Kolkata,2023-04-01,33.8,1.3,-60,Clear
4104,Kolkata,13/08/2024,26.4,0.0,43,Humid
4105,Kolkata,2024-02-04,19.7,2.1,51,Humid
4106,Kolkata,2023.05.25,29.3,2.9,31,Cloudy
4107,Kolkata,08/05/2024,30.8,0.0,47,Cloudy
4108,Kolkata,07/08/2023,28.7,0.0,61,Rainy
4109,Kolkata,2023-01-02,10.5,5.6,64,Clear
4110,Kolkata,16-08-2023,28.8,0.0,84,Clear
4111,Kolkata,21-10-2023,17.6,76.4,51,Clear
4112,Kolkata,2024.12.14,21.6,0.0,98,Clear
4113,Kolkata,22/11/2024,23.7,23.9,77,Humid
4114,Kolkata,2023.10.22,26.8,7.3,-49,Foggy
4115,Kolkata,10/10/2023,26.3,23.9,61,Cloudy
4116,Kolkata,2024.08.22,31.8,16.6,51,Rainy
4117,Kolkata,11/06/2024,29.7,57.8,59,Stormy
4118,Kolkata,2023.11.07,22.8,26.4,53,Clear
4119,Kolkata,12/03/2024,30.5,2.5,51,Cloudy
4120,Kolkata,09/05/2024,42.3,1.3,51,Stormy
4121,Kolkata,2024.06.23,33.1,0.0,61,Humid
4122,Kolkata,17/01/2023,21.0,0.0,56,Clear
4123,Kolkata,2023.05.02,26.2,14.6,55,Clear
4124,Kolkata,2024.07.01,28.5,0.0,55,Rainy
4125,Kolkata,2024.07.13,29.1,7.7,50,Humid
4126,Kolkata,19-11-2023,28.7,22.3,83,Rainy
4127,Kolkata,27/03/2024,32.3,17.4,41,Humid
4128,Kolkata,2023-07-15,29.5,17.6,78,Rainy
4129,Kolkata,2023.06.19,30.1,,63,Rainy
4130,Kolkata,2024-01-04,14.0,9.7,48,Clear
4131,Kolkata,08/13/2023,27.6,107.2,52,Clear
4132,Kolkata,12/11/2023,21.7,67.9,37,Stormy
4133,Kolkata,27-06-2023,27.3,0.0,70,Rainy
4134,Kolkata,05/05/2023,33.1,10.6,48,Clear
4135,Kolkata,28-12-2024,15.0,0.0,68,Clear
4136,Kolkata,2023-07-28,31.7,0.0,79,Cloudy
4137,Kolkata,01-02-2024,13.2,3.8,37,Clear
4138,Kolkata,2023-12-10,21.7,1.4,71,Stormy
4139,Kolkata,30-08-2023,23.2,304.6,48,Cloudy
4140,Kolkata,2024-07-27,27.2,104.4,59,Clear
4141,Kolkata,03/02/2023,12.3,0.0,24,Cloudy
4142,Kolkata,15-05-2023,31.1,2.1,69,Clear
4143,Kolkata,2024-08-06,32.5,66.6,58,Foggy
4144,Kolkata,01/08/2024,18.1,2.5,86,Clear
4145,Kolkata,10/28/2024,27.9,26.0,50,Cloudy
4146,Kolkata,2023-01-29,22.4,16.5,58,Humid
4147,Kolkata,19-01-2023,27.9,5.5,51,Cloudy
4148,Kolkata,2023-11-03,26.6,30.5,48,Foggy
4149,Kolkata,09/03/2023,27.1,0.0,56,Clear
4150,Kolkata,12-02-2024,23.8,3.3,51,Foggy
4151,Kolkata,26-11-2024,23.0,8.1,30,Foggy
4152,Kolkata,21-11-2023,18.7,49.8,62,Foggy
4153,Kolkata,21/10/2023,22.5,15.7,53,Clear
4154,Kolkata,2024.01.02,9.6,1.2,49,Clear
4155,Kolkata,2023.03.07,35.3,8.1,92,Humid
4156,Kolkata,21/12/2023,17.4,5.8,47,Rainy
4157,Kolkata,2024-09-07,27.4,0.0,64,Rainy
4158,Kolkata,2023.10.22,22.8,65.0,69,Clear
4159,Kolkata,07/04/2024,38.2,1.3,70,Clear
4160,Kolkata,2023.09.11,30.8,144.9,82,Foggy
4161,Kolkata,2024.02.13,21.7,3.3,44,Stormy
4162,Kolkata,05/06/2024,26.6,64.8,62,Clear
4163,Kolkata,2024-07-27,31.1,316.7,47,Clear
4164,Kolkata,08/16/2023,21.5,0.0,47,Cloudy
4165,Kolkata,04/29/2023,30.6,0.3,74,Rainy
4166,Kolkata,2023-11-12,26.8,1.7,60,Clear
4167,Kolkata,01-10-2024,27.2,38.1,67,Rainy
4168,Kolkata,2024.03.08,32.7,4.3,54,Cloudy
4169,Kolkata,16-06-2024,25.2,146.9,59,Foggy
4170,Kolkata,24/02/2023,17.9,1.0,62,Cloudy
4171,Kolkata,2024.11.19,27.7,1.6,68,Clear
4172,Kolkata,23-03-2024,34.9,8.6,65,Stormy
4173,Kolkata,2023-12-17,21.5,0.6,42,Cloudy
4174,Kolkata,2023.12.10,16.9,7.9,60,Rainy
4175,Kolkata,2023-09-27,34.4,110.6,45,Foggy
4176,Kolkata,11-12-2023,23.1,0.0,41,Stormy
4177,Kolkata,04/15/2023,35.3,0.0,59,Cloudy
4178,Kolkata,2024-05-11,30.3,0.1,56,Clear
4179,Kolkata,2023-04-18,31.1,0.0,26,Stormy
4180,Kolkata,2023.07.11,30.0,111.3,27,Stormy
4181,Kolkata,2023-03-13,31.0,6.5,55,Foggy
4182,Kolkata,23/01/2024,21.4,4.6,48,Clear
4183,Kolkata,2024.11.13,28.5,21.9,39,Foggy
4184,Kolkata,07-01-2023,10.2,0.0,55,Cloudy
4185,Kolkata,2023.08.20,27.2,47.2,52,Humid
4186,Kolkata,24/01/2023,19.2,3.0,56,Clear
4187,Kolkata,2024-10-04,27.1,90.0,71,Foggy
4188,Kolkata,10-07-2024,25.3,0.0,56,Rainy
4189,Kolkata,06-08-2023,26.2,24.6,54,Rainy
4190,Kolkata,13-04-2024,32.1,0.6,71,Clear
4191,Kolkata,22/12/2023,18.5,1.3,53,Cloudy
4192,Kolkata,2023-04-28,36.1,0.0,57,Clear
4193,Kolkata,11/13/2024,24.2,55.4,63,Humid
4194,Kolkata,05/06/2024,33.7,1.3,68,Humid
4195,Kolkata,03/29/2024,30.5,0.0,87,Humid
4196,Kolkata,2024-07-10,28.8,262.1,-70,Rainy
4197,Kolkata,26-11-2023,25.1,88.6,58,Clear
4198,Kolkata,2024-01-21,13.4,18.8,63,Humid
4199,Kolkata,04-08-2024,31.3,0.0,48,Clear
4200,Kolkata,04-08-2023,31.2,13.7,32,Cloudy
4201,Kolkata,04/02/2023,16.1,0.2,56,Clear
4202,Kolkata,10/23/2024,22.0,14.8,62,Humid
4203,Kolkata,17-06-2024,23.7,663.9,48,Cloudy
4204,Kolkata,12/05/2024,27.2,28.6,65,Rainy
4205,Kolkata,13-06-2023,31.2,186.5,51,Clear
4206,Kolkata,25/08/2024,28.0,18.5,27,Clear
4207,Kolkata,2024-08-03,24.6,4.0,94,Clear
4208,Kolkata,20-05-2023,34.6,12.4,70,Cloudy
4209,Kolkata,08/11/2023,18.9,0.0,82,Clear
4210,Kolkata,03/08/2023,34.5,0.0,74,Clear
4211,Kolkata,2024-07-21,24.6,0.0,50,Clear
4212,Kolkata,09/08/2023,29.3,26.9,55,Stormy
4213,Kolkata,2024-05-08,32.6,0.0,71,Clear
4214,Kolkata,06/07/2023,26.7,168.1,58,Humid
4215,Kolkata,29-07-2024,23.9,53.1,79,Humid
4216,Kolkata,2024-11-10,24.6,22.8,50,Clear
4217,Kolkata,01/08/2024,29.6,89.9,58,Humid
4218,Kolkata,2023.01.02,17.0,8.8,72,Clear
4219,Kolkata,2023-05-08,33.5,18.7,46,Cloudy
4220,Kolkata,2024-12-03,17.4,0.0,62,Clear
4221,Kolkata,2024.05.05,40.9,5.6,62,Humid
4222,Kolkata,07/01/2024,15.3,4.3,69,Stormy
4223,Kolkata,10/07/2024,27.9,2.0,53,Cloudy
4224,Kolkata,05/19/2023,39.6,0.0,33,Clear
4225,Kolkata,10/05/2024,23.7,26.3,69,Rainy
4226,Kolkata,2024-03-20,33.4,2.7,46,Cloudy
4227,Kolkata,09/10/2023,33.1,0.0,39,Humid
4228,Kolkata,23-07-2024,30.2,0.0,49,Cloudy
4229,Kolkata,13/04/2023,26.7,10.3,41,Humid
4230,Kolkata,05-09-2023,27.6,0.0,60,Humid
4231,Kolkata,2024.08.17,34.8,115.3,95,Clear
4232,Kolkata,07/24/2024,30.9,0.0,75,Cloudy
4233,Kolkata,01/02/2023,19.5,2.0,66,Cloudy
4234,Kolkata,2024.08.07,30.6,78.7,45,Clear
4235,Kolkata,2024.01.01,51.7,0.0,29,Rainy
4236,Kolkata,2023.12.15,22.8,5.1,39,Humid
4237,Kolkata,02/01/2024,16.5,0.6,71,Clear
4238,Kolkata,2024.06.26,25.5,50.4,72,Clear
4239,Kolkata,2024-09-16,28.7,0.0,74,Foggy
4240,Kolkata,15-08-2023,25.2,10.4,82,Cloudy
4241,Kolkata,10/09/2023,27.3,0.0,100,Clear
4242,Kolkata,09/19/2023,33.8,51.1,49,Foggy
4243,Kolkata,2023.04.09,42.2,7.0,38,Clear
4244,Kolkata,2024.08.25,31.2,0.0,35,Cloudy
4245,Kolkata,05/20/2023,38.9,7.6,69,Cloudy
4246,Kolkata,13/10/2023,28.6,1.7,74,Rainy
4247,Kolkata,05/06/2023,40.1,4.4,58,Humid
4248,Kolkata,2023-06-16,30.6,97.6,47,Clear
4249,Kolkata,03/10/2024,31.5,1.8,87,Clear
4250,Kolkata,2024-11-30,25.6,49.7,100,Cloudy
4251,Kolkata,2024-05-11,35.0,1.7,57,Clear
4252,Kolkata,12/12/2024,11.7,0.0,56,Cloudy
4253,Kolkata,2024.06.22,28.7,0.0,46,Rainy
4254,Kolkata,2023.08.08,25.5,0.0,77,Rainy
4255,Kolkata,2024.07.02,33.3,49.6,57,Rainy
4256,Kolkata,05/10/2024,28.8,0.0,57,Rainy
4257,Kolkata,02/27/2023,17.4,0.0,66,Clear
4258,Kolkata,2024-09-06,27.2,73.0,40,Foggy
4259,Kolkata,02/02/2024,18.2,0.4,58,Cloudy
4260,Kolkata,06-12-2023,53.9,0.0,38,Cloudy
4261,Kolkata,21-03-2023,34.8,1.7,100,Clear
4262,Kolkata,19-02-2023,14.7,0.0,50,Clear
4263,Kolkata,08-07-2023,17.6,79.7,62,Stormy
4264,Kolkata,25/05/2023,35.6,8.4,57,Clear
4265,Kolkata,24/06/2024,33.9,19.2,68,Humid
4266,Kolkata,05/23/2024,28.7,10.4,60,Humid
4267,Kolkata,27/08/2023,30.7,0.0,44,Humid
4268,Kolkata,08/21/2024,22.2,233.8,55,Clear
4269,Kolkata,13/12/2024,20.7,0.0,38,Clear
4270,Kolkata,2023-12-18,16.5,0.0,56,Foggy
4271,Kolkata,09/26/2024,28.6,0.0,29,Clear
4272,Kolkata,2024.12.13,25.3,9.4,44,Rainy
4273,Kolkata,14-05-2024,33.2,3.1,77,Humid
4274,Kolkata,05/01/2023,21.9,7.1,71,Cloudy
4275,Kolkata,07/07/2024,25.2,0.0,58,Rainy
4276,Kolkata,16/04/2023,42.4,1.6,72,Stormy
4277,Kolkata,31/10/2023,18.3,22.3,78,Clear
4278,Kolkata,09/14/2024,23.0,0.0,49,Clear
4279,Kolkata,11-12-2023,20.8,9.9,71,Cloudy
4280,Kolkata,2023.11.07,22.0,2.1,81,Clear
4281,Kolkata,16-03-2023,23.4,0.0,62,Cloudy
4282,Kolkata,2023.12.30,17.4,4.6,63,Stormy
4283,Kolkata,14/05/2024,33.5,7.2,41,Clear
4284,Kolkata,04/16/2023,41.3,0.0,80,Foggy
4285,Kolkata,2024-12-20,20.6,1.4,42,Foggy
4286,Kolkata,16/11/2023,29.6,1.1,24,Rainy
4287,Kolkata,2023.02.08,9.8,0.0,38,Rainy
4288,Kolkata,29/10/2024,29.0,9.5,60,Clear
4289,Kolkata,03/08/2024,28.5,22.4,49,Cloudy
4290,Kolkata,05/02/2024,19.7,0.0,84,Clear
4291,Kolkata,01/01/2024,15.4,0.0,51,Cloudy
4292,Kolkata,2024.09.13,25.0,0.0,35,Humid
4293,Kolkata,14/09/2024,25.8,0.0,67,Clear
4294,Kolkata,2023-03-09,25.9,5.9,71,Rainy
4295,Kolkata,13-10-2024,17.9,3.0,58,Clear
4296,Kolkata,03/15/2023,28.5,4.8,60,Humid
4297,Kolkata,05/08/2023,36.4,3.6,49,Foggy
4298,Kolkata,2023.10.23,19.5,8.9,86,Clear
4299,Kolkata,2023.07.11,23.5,15.7,60,Foggy
4300,Kolkata,2024-07-27,26.5,52.7,47,Clear
4301,Kolkata,2023-11-09,29.8,29.8,70,Humid
4302,Kolkata,14-11-2024,29.6,0.0,51,Humid
4303,Kolkata,14/08/2023,33.1,150.5,56,Rainy
4304,Kolkata,2023.05.14,32.9,0.0,70,Clear
4305,Kolkata,30/03/2024,41.1,0.3,38,Foggy
4306,Kolkata,11/06/2024,25.5,273.6,38,Rainy
4307,Kolkata,06-12-2023,24.6,6.2,74,Clear
4308,Kolkata,02/08/2024,30.8,80.3,64,Rainy
4309,Kolkata,08-07-2024,23.4,0.0,54,Cloudy
4310,Kolkata,2023.03.25,27.4,11.2,63,Humid
4311,Kolkata,01/07/2023,30.3,0.0,74,Cloudy
4312,Kolkata,11/02/2024,21.6,1.8,62,Clear
4313,Kolkata,2024.10.06,26.6,15.2,71,Foggy
4314,Kolkata,2024.02.27,17.7,1.9,53,Foggy
4315,Kolkata,2023-01-26,23.6,0.5,46,Humid
4316,Kolkata,2023.03.25,32.9,3.7,52,Stormy
4317,Kolkata,09/15/2023,23.8,0.0,50,Rainy
4318,Kolkata,2024-04-20,25.4,0.6,60,Cloudy
4319,Kolkata,20/03/2024,35.8,7.5,70,Cloudy
4320,Kolkata,18/09/2024,26.1,0.0,75,Clear
4321,Kolkata,23-07-2024,30.7,0.0,59,Foggy
4322,Kolkata,2024.11.05,20.7,22.9,62,Cloudy
4323,Kolkata,2024.01.21,20.7,19.3,24,Cloudy
4324,Kolkata,03-09-2024,33.3,409.5,33,Rainy
4325,Kolkata,12/23/2024,14.5,0.0,61,Humid
4326,Kolkata,2024.01.10,13.3,0.8,30,Humid
4327,Kolkata,2023.11.23,21.0,63.3,46,Foggy
4328,Kolkata,2024.07.04,58.7,66.9,55,Cloudy
4329,Kolkata,2024.03.09,33.4,0.0,58,Cloudy
4330,Kolkata,03/28/2023,29.1,0.0,77,Clear
4331,Kolkata,2023.04.03,32.2,2.2,73,Humid
4332,Kolkata,12/17/2024,9.3,0.0,71,Clear
4333,Kolkata,14-11-2024,23.4,0.0,37,Stormy
4334,Kolkata,11/22/2024,24.9,0.0,56,Rainy
4335,Kolkata,04/04/2023,31.4,10.3,61,Cloudy
4336,Kolkata,24-10-2023,12.3,47.6,-47,Clear
4337,Kolkata,23/12/2023,20.3,2.0,43,Clear
4338,Kolkata,03/29/2024,33.7,0.6,100,Clear
4339,Kolkata,2024-04-23,32.8,2.8,65,Foggy
4340,Kolkata,2024-05-14,32.7,0.0,64,Clear
4341,Kolkata,01/24/2023,17.8,6.9,94,Humid
4342,Kolkata,2024-10-16,22.0,13.8,75,Clear
4343,Kolkata,06-09-2024,29.1,113.7,55,Clear
4344,Kolkata,23-12-2024,19.0,0.7,75,Clear
4345,Kolkata,2024-01-11,16.3,10.5,70,Foggy
4346,Kolkata,01-01-2023,27.3,7.1,-61,Cloudy
4347,Kolkata,27-03-2024,37.3,30.8,79,Humid
4348,Kolkata,2023-09-27,24.8,48.1,66,Cloudy
4349,Kolkata,2023.09.22,22.5,116.9,42,Foggy
4350,Kolkata,2023.09.14,31.0,0.0,64,Humid
4351,Kolkata,25/03/2023,29.0,6.2,29,Clear
4352,Kolkata,01/12/2024,22.4,6.9,87,Cloudy
4353,Kolkata,05-08-2024,30.2,198.6,-34,Rainy
4354,Kolkata,22-11-2024,29.4,5.5,68,Foggy
4355,Kolkata,06-11-2024,29.0,12.1,94,Clear
4356,Kolkata,08/09/2024,54.8,91.7,58,Clear
4357,Kolkata,2024.01.12,14.6,0.0,68,Clear
4358,Kolkata,2023.06.01,30.6,0.0,86,Cloudy
4359,Kolkata,12/05/2023,19.3,0.0,70,Foggy
4360,Kolkata,06-07-2024,23.6,210.3,54,Humid
4361,Kolkata,2024-07-08,29.1,119.9,50,Foggy
4362,Kolkata,26-07-2024,27.7,32.5,53,Humid
4363,Kolkata,16-09-2024,31.7,0.0,74,Clear
4364,Kolkata,12/03/2024,14.2,3.7,61,Humid
4365,Kolkata,2024.05.02,31.1,0.0,40,Clear
4366,Kolkata,2023.08.26,28.7,0.0,43,Cloudy
4367,Kolkata,2024-07-29,22.0,14.8,44,Cloudy
4368,Kolkata,2024-12-16,13.9,16.0,49,Clear
4369,Kolkata,2024.04.20,31.6,13.5,73,Clear
4370,Kolkata,12/01/2023,15.6,3.5,26,Rainy
4371,Kolkata,2023-03-01,32.8,13.5,72,Clear
4372,Kolkata,2024-04-24,36.6,0.0,32,Foggy
4373,Kolkata,06/20/2024,26.9,103.0,19,Rainy
4374,Kolkata,2024.02.03,23.4,3.9,41,Clear
4375,Kolkata,11/24/2023,29.7,0.0,28,Clear
4376,Kolkata,01/05/2023,42.1,19.9,67,Cloudy
4377,Kolkata,08/07/2024,36.4,0.0,60,Humid
4378,Kolkata,2023.07.13,27.5,100.9,66,Clear
4379,Kolkata,2023-01-25,16.2,7.0,68,Cloudy
4380,Kolkata,04/13/2023,32.8,4.4,60,Clear
4381,Kolkata,01/05/2023,22.2,0.0,60,Clear
4382,Kolkata,2024-03-10,31.1,2.3,64,Cloudy
4383,Kolkata,03/03/2023,33.2,0.0,38,Cloudy
4384,Kolkata,2024.06.04,24.4,217.6,79,Clear
4385,Kolkata,08/01/2024,28.0,6.0,51,Clear
4386,Kolkata,16/05/2023,34.7,13.3,53,Humid
4387,Kolkata,2023.10.29,25.8,0.0,38,Rainy
4388,Kolkata,2023.11.24,31.3,20.7,59,Humid
4389,Kolkata,22-07-2024,27.5,65.2,62,Clear
4390,Kolkata,11-02-2024,15.2,0.0,67,Rainy
4391,Kolkata,14/04/2024,37.9,6.8,-54,Humid
4392,,2024-11-06,33.3,13.0,48,Clear
4393,Kolkata,2024.01.24,22.2,2.6,54,Foggy
4394,Kolkata,2023-11-29,25.1,0.0,58,Cloudy
4395,Kolkata,26-09-2023,22.0,0.0,49,Foggy
4396,Kolkata,04/11/2024,24.7,0.0,55,Cloudy
4397,Kolkata,2024.05.13,31.2,24.8,87,Foggy
4398,Kolkata,09/01/2024,20.7,0.0,56,Rainy
4399,Kolkata,29-09-2023,28.6,228.5,47,Humid
4400,Kolkata,2023-08-19,27.7,205.7,54,Foggy
4401,Kolkata,2023.02.18,17.3,4.6,70,Humid
4402,Kolkata,03/02/2024,36.6,13.9,60,Humid
4403,Kolkata,2024-10-25,36.7,3.9,73,Clear
4404,Kolkata,2024.12.23,21.0,7.0,67,Foggy
4405,Kolkata,25/01/2024,15.1,2.7,62,Rainy
4406,Kolkata,2023.10.08,24.0,0.0,49,Foggy
4407,Kolkata,12/18/2023,16.0,4.5,74,Cloudy
4408,Kolkata,06/10/2023,24.1,1.4,47,Foggy
4409,Kolkata,2023-09-24,25.8,75.7,86,Clear
4410,Kolkata,2023.04.20,29.0,0.0,45,Clear
4411,Kolkata,16/01/2024,11.8,0.0,17,Clear
4412,Kolkata,09/10/2023,34.8,0.0,76,Cloudy
4413,Kolkata,10/12/2024,19.0,2.6,74,Clear
4414,Kolkata,02/09/2024,22.1,28.3,49,Rainy
4415,Kolkata,13-02-2024,15.0,1.6,64,Foggy
4416,Kolkata,11-08-2023,34.3,24.7,-62,Cloudy
4417,Pune,30/08/2024,28.3,0.0,62,Cloudy
4418,Pune,06/29/2023,32.1,90.1,59,Humid
4419,Pune,02-02-2024,14.1,0.8,70,Clear
4420,Pune,13-10-2023,30.0,17.9,47,Cloudy
4421,Pune,15-12-2024,17.8,0.0,79,Clear
4422,Pune,2023-09-22,26.2,0.0,71,Humid
4423,Pune,2024-03-18,37.6,0.0,62,Foggy
4424,Pune,11-09-2024,25.0,0.0,51,Rainy
4425,Pune,2023-09-15,24.8,112.7,68,Humid
4426,Pune,2023.04.07,33.7,4.4,53,Clear
4427,Pune,05/19/2024,36.9,0.0,53,Clear
4428,Pune,14-03-2024,28.8,10.3,62,Foggy
4429,Pune,2023-04-23,32.5,1.4,78,Clear
4430,Pune,22/12/2023,14.2,,66,Humid
4431,Pune,06/01/2023,27.2,176.2,56,Foggy
4432,Pune,10/11/2023,20.6,7.1,74,Clear
4433,Pune,21-04-2023,36.2,3.1,81,Cloudy
4434,Pune,2024-05-23,37.7,0.0,64,Humid
4435,Pune,2023-02-07,50.5,,53,Clear
4436,Pune,05/09/2023,37.7,28.4,82,Humid
4437,Pune,08/17/2023,30.3,17.6,51,Clear
4438,Pune,19-11-2024,24.3,,68,Humid
4439,Pune,2023.08.21,26.8,12.9,50,Clear
4440,Pune,05/17/2023,36.5,3.9,79,Humid
4441,Pune,23-03-2023,36.4,5.8,46,Clear
4442,Pune,2023-11-27,23.6,38.8,50,Foggy
4443,Pune,06/15/2023,27.8,12.7,57,Foggy
4444,Pune,2024.02.12,17.2,14.2,71,Foggy
4445,Pune,2023-05-23,32.0,22.8,53,Stormy
4446,Pune,2024-09-04,27.9,38.6,46,Humid
4447,Pune,2024.05.20,27.7,0.3,69,Humid
4448,Pune,12-08-2023,28.6,0.0,39,Clear
4449,Pune,2024.11.29,25.3,0.0,89,Clear
4450,Pune,12-06-2024,23.4,28.2,48,Clear
4451,Pune,2024.12.07,24.0,2.2,60,Humid
4452,Pune,15-09-2024,23.2,96.1,66,Cloudy
4453,Pune,18-12-2023,16.7,1.4,51,Cloudy
4454,Pune,22-11-2024,22.4,32.5,39,Humid
4455,Pune,16/04/2023,28.5,0.0,59,Clear
4456,Pune,06/04/2023,28.3,5.6,38,Cloudy
4457,Pune,16/02/2023,18.7,0.0,46,Humid
4458,Pune,2023-03-05,34.3,23.0,30,Cloudy
4459,Pune,2024.08.18,31.6,168.9,87,Stormy
4460,Pune,2023-08-03,25.3,27.1,60,Clear
4461,Pune,17/06/2023,27.6,5.7,44,Clear
4462,Pune,17-11-2024,32.5,0.0,77,Stormy
4463,Pune,2024-09-29,20.3,0.0,54,Cloudy
4464,Pune,21-05-2024,41.7,1.1,78,Clear
4465,Pune,18/05/2024,38.1,23.1,75,Humid
4466,Pune,2023.09.13,26.1,3.5,74,Cloudy
4467,Pune,2023-03-07,32.8,2.6,92,Cloudy
4468,Pune,08-09-2023,36.2,196.8,42,Rainy
4469,Pune,09/01/2023,29.0,0.0,75,Cloudy
4470,Pune,04/22/2023,31.0,0.0,25,Cloudy
4471,Pune,04/17/2024,31.0,42.9,50,Clear
4472,Pune,2023.08.29,29.6,0.0,59,Foggy
4473,Pune,2023-02-02,17.7,1.7,75,Humid
4474,Pune,2024.10.14,32.0,47.6,57,Humid
4475,Pune,2023-05-06,28.7,0.0,41,Clear
4476,Pune,21-01-2024,15.4,11.5,38,Clear
4477,Pune,24-02-2024,15.2,1.7,68,Rainy
4478,Pune,2023.03.30,30.0,6.3,36,Stormy
4479,Pune,2024-01-26,13.0,11.6,32,Clear
4480,Pune,2023-12-01,20.5,1.0,100,Clear
4481,Pune,03/30/2024,33.2,5.5,85,Humid
4482,Pune,2023.08.11,29.1,25.0,28,Clear
4483,Pune,02/02/2024,20.4,0.0,43,Clear
4484,Pune,07-09-2023,30.6,0.0,93,Clear
4485,Pune,11/10/2023,23.3,0.0,72,Humid
4486,Pune,09/01/2024,19.8,0.0,61,Clear
4487,Pune,2023.10.12,21.4,17.3,54,Stormy
4488,Pune,25-10-2024,34.2,10.2,39,Cloudy
4489,Pune,07/09/2024,27.1,227.8,38,Cloudy
4490,Pune,2024.12.22,12.7,7.7,47,Rainy
4491,Pune,2024.02.14,18.9,2.4,59,Clear
4492,Pune,28/09/2023,24.8,0.0,34,Cloudy
4493,Pune,06/25/2023,30.4,267.9,50,Stormy
4494,Pune,05/12/2023,26.8,4.2,80,Cloudy
4495,Pune,2023-12-25,18.3,0.0,50,Foggy
4496,Pune,10-12-2023,13.0,0.0,49,Rainy
4497,Pune,15/07/2023,28.6,191.1,70,Cloudy
4498,Pune,25/01/2023,22.8,0.0,76,Cloudy
4499,Pune,05-10-2023,25.0,2.4,65,Humid
4500,Pune,09/13/2024,30.4,0.0,54,Rainy
4501,Pune,2023-01-12,11.5,3.4,80,Humid
4502,Pune,01-04-2024,32.3,0.0,56,Cloudy
4503,Pune,17/07/2024,29.5,48.0,75,Cloudy
4504,Pune,17-03-2023,31.5,,65,Humid
4505,Pune,08-05-2024,36.1,20.4,25,Cloudy
4506,Pune,06/10/2023,54.0,34.5,81,Foggy
4507,Pune,2023.11.20,31.4,52.0,54,Humid
4508,Pune,2023-01-01,18.5,0.0,87,Cloudy
4509,Pune,29/05/2023,34.4,0.0,59,Clear
4510,Pune,08/08/2024,58.2,0.0,50,Humid
4511,Pune,2023-11-16,21.2,0.0,55,Rainy
4512,Pune,11/21/2023,22.6,13.1,57,Cloudy
4513,Pune,23/04/2024,39.9,2.3,61,Stormy
4514,Pune,2024-12-31,18.3,0.7,79,Cloudy
4515,Pune,10/08/2024,22.5,49.6,64,Foggy
4516,Pune,2023-02-10,15.4,7.1,75,Humid
4517,Pune,2024-11-22,28.0,61.1,55,Foggy
4518,Pune,2024-06-10,26.5,0.0,71,Clear
4519,Pune,12/23/2023,11.4,0.5,59,Cloudy
4520,Pune,2024.04.07,28.4,31.7,85,Clear
4521,Pune,2024-10-30,27.0,101.5,50,Humid
4522,Pune,04/01/2024,24.2,0.9,56,Foggy
4523,Pune,16-10-2024,28.8,35.0,61,Clear
4524,Pune,2023-01-07,19.7,0.9,75,Clear
4525,,28/12/2024,20.4,1.6,73,Cloudy
4526,Pune,2023-11-28,23.2,5.5,64,Clear
4527,Pune,2023.08.09,27.5,262.7,66,Cloudy
4528,Pune,2023.05.16,28.8,16.2,70,Cloudy
4529,Pune,24/01/2024,19.4,0.4,89,Clear
4530,Pune,09/13/2024,32.3,154.1,75,Rainy
4531,Pune,2024-10-18,32.2,0.0,64,Rainy
4532,Pune,08/18/2024,27.7,15.2,57,Clear
4533,Pune,11/03/2024,25.0,34.6,62,Foggy
4534,Pune,06/18/2023,28.4,0.0,53,Clear
4535,Pune,2024.07.10,24.9,14.3,51,Stormy
4536,Pune,2023.08.29,34.8,130.4,53,Clear
4537,Pune,2024.08.16,29.6,25.6,63,Cloudy
4538,Pune,14/10/2023,25.7,12.7,63,Rainy
4539,Pune,09/02/2023,26.6,0.0,33,Cloudy
4540,Pune,12/08/2023,31.0,382.4,60,Clear
4541,Pune,2023.06.11,25.9,0.0,49,Humid
4542,Pune,2023-06-28,27.8,0.0,59,Stormy
4543,Pune,2024-06-03,23.8,29.9,57,Clear
4544,Pune,27/07/2023,27.8,117.2,56,Rainy
4545,Pune,03/28/2024,27.4,0.0,26,Humid
4546,Pune,27-05-2023,38.6,2.1,78,Cloudy
4547,Pune,2024.05.06,35.2,0.0,35,Clear
4548,Pune,06/29/2023,24.8,0.0,51,Clear
4549,Pune,23/07/2023,27.4,117.4,75,Cloudy
4550,Pune,12/12/2023,14.9,0.0,82,Humid
4551,Pune,2024.11.16,25.4,6.2,55,Clear
4552,Pune,09/30/2023,26.8,119.5,71,Foggy
4553,Pune,2023-09-04,29.2,118.6,60,Clear
4554,Pune,06/07/2024,23.6,364.2,84,Clear
4555,Pune,03/02/2023,18.2,0.0,20,Clear
4556,Pune,06/12/2023,10.3,0.0,59,Clear
4557,Pune,24-08-2023,28.2,218.2,63,Rainy
4558,Pune,2023.10.31,24.8,28.0,70,Clear
4559,Pune,25-12-2024,18.8,6.5,64,Stormy
4560,Pune,02/03/2023,22.9,3.6,58,Clear
4561,Pune,2023-12-25,25.6,2.4,52,Foggy
4562,Pune,2024-11-26,24.4,0.0,100,Rainy
4563,Pune,2023-09-29,30.2,47.8,35,Rainy
4564,Pune,11/01/2024,12.5,0.7,36,Foggy
4565,Pune,17-05-2024,30.8,0.1,57,Clear
4566,Pune,11-02-2024,15.3,0.0,43,Clear
4567,Pune,2024-11-05,24.4,0.0,62,Rainy
4568,Pune,30-06-2023,24.9,84.2,68,Cloudy
4569,Pune,24/12/2024,19.0,0.0,73,Clear
4570,Pune,2024.05.23,36.9,10.5,74,Cloudy
4571,Pune,09/12/2023,28.5,129.6,62,Cloudy
4572,Pune,02-12-2023,13.8,0.0,93,Foggy
4573,Pune,12-11-2023,25.0,0.5,38,Humid
4574,Pune,02/08/2023,18.4,0.4,67,Foggy
4575,Pune,03-04-2024,29.6,17.2,64,Rainy
4576,Pune,2023.07.26,20.9,23.0,58,Cloudy
4577,Pune,2023-12-18,16.4,0.0,61,Clear
4578,Pune,2024.08.20,31.7,0.0,80,Clear
4579,Pune,2023.07.25,26.9,227.5,78,Rainy
4580,Pune,2023-06-22,28.6,94.2,66,Clear
4581,Pune,20/06/2023,26.1,0.0,42,Foggy
4582,Pune,13/05/2024,29.0,1.6,57,Humid
4583,Pune,08/11/2024,36.3,0.0,79,Humid
4584,Pune,2024.11.19,19.3,69.5,47,Clear
4585,Pune,11-10-2024,57.8,4.5,78,Rainy
4586,Pune,2024.06.17,22.3,49.0,42,Rainy
4587,Pune,04/03/2024,31.6,6.2,57,Rainy
4588,Pune,2024-08-10,25.5,14.8,60,Cloudy
4589,Pune,20-01-2024,23.0,5.9,66,Clear
4590,Pune,07/17/2024,30.0,11.5,67,Cloudy
4591,Pune,2024-06-17,27.0,0.0,80,Clear
4592,Pune,25-05-2024,31.4,0.0,27,Clear
4593,Pune,11-06-2023,28.1,449.9,77,Stormy
4594,Pune,2024.09.29,26.1,116.8,81,Rainy
4595,Pune,03-05-2023,38.8,0.0,62,Clear
4596,Pune,2023.11.09,28.0,1.8,56,Humid
4597,Pune,04/30/2023,25.1,18.3,63,Cloudy
4598,Pune,2023.12.02,17.3,9.0,58,Cloudy
4599,Pune,14/02/2023,17.9,5.2,92,Rainy
4600,Pune,01/15/2023,18.3,3.9,80,Foggy
4601,Pune,2023-10-31,30.7,0.0,47,Rainy
4602,Pune,08/12/2023,17.1,2.5,70,Clear
4603,Pune,2024-06-10,34.4,0.0,79,Stormy
4604,Pune,29-08-2023,25.8,0.0,76,Rainy
4605,Pune,11/21/2024,23.0,0.0,76,Clear
4606,Pune,07-04-2024,28.1,9.9,100,Clear
4607,Pune,2024.11.18,24.2,10.1,78,Humid
4608,Pune,25/04/2024,31.6,30.4,72,Cloudy
4609,Pune,15-12-2023,19.2,9.5,82,Clear
4610,Pune,07/13/2023,32.2,0.0,78,Cloudy
4611,Pune,17-05-2023,35.7,15.5,69,Humid
4612,Pune,2023.08.01,21.7,222.7,61,Clear
4613,Pune,2023.08.04,23.4,6.1,84,Stormy
4614,Pune,28/10/2024,24.2,24.5,68,Clear
4615,Pune,2024-06-26,21.3,335.4,48,Cloudy
4616,Pune,04/19/2024,34.2,0.0,53,Humid
4617,Pune,2023-02-11,19.3,1.3,46,Clear
4618,Pune,09/18/2024,29.9,127.3,52,Rainy
4619,Pune,05/26/2024,35.4,4.9,64,Foggy
4620,Pune,17/09/2024,21.9,44.6,70,Clear
4621,Pune,24-07-2023,20.9,3.7,50,Rainy
4622,Pune,03-06-2023,32.9,126.0,51,Clear
4623,Pune,22-12-2023,22.1,1.3,79,Humid
4624,Pune,11/23/2024,26.5,22.7,71,Clear
4625,Pune,23/08/2023,20.5,37.5,56,Cloudy
4626,Pune,30/05/2023,31.3,21.3,78,Clear
4627,Pune,2023.01.21,20.6,8.0,53,Cloudy
4628,Pune,2023.03.07,31.0,0.0,46,Clear
4629,Pune,20-02-2023,13.8,2.2,53,Cloudy
4630,Pune,18-06-2023,30.6,192.8,75,Humid
4631,,2024-07-20,29.5,57.0,75,Rainy
4632,Pune,06/06/2024,25.6,65.0,70,Clear
4633,Pune,10-05-2023,28.6,0.0,67,Rainy
4634,Pune,07/10/2024,27.7,15.5,73,Clear
4635,Pune,2023-08-10,27.0,201.9,54,Clear
4636,Pune,2023.07.14,28.1,34.4,68,Clear
4637,Pune,13/07/2024,34.4,195.2,82,Rainy
4638,Pune,01/29/2024,13.3,0.0,41,Clear
4639,Pune,2023-12-12,14.3,0.9,32,Humid
4640,Pune,2023.08.24,29.4,11.4,50,Humid
4641,Pune,2024-07-13,25.6,35.1,51,Rainy
4642,Pune,06/08/2023,20.3,95.3,76,Cloudy
4643,Pune,12-11-2023,20.0,54.8,66,Humid
4644,Pune,06/23/2023,36.3,120.6,79,Rainy
4645,Pune,10/05/2024,20.9,14.4,74,Humid
4646,Pune,2023-05-29,35.3,23.3,50,Humid
4647,Pune,08/30/2024,20.7,0.0,59,Clear
4648,Pune,21-07-2024,24.4,31.1,79,Rainy
4649,Pune,2024-02-25,21.1,1.7,54,Clear
4650,Pune,09-05-2023,34.4,0.0,76,Clear
4651,Pune,09/07/2023,29.3,287.7,75,Clear
4652,Pune,06-02-2024,18.5,,74,Foggy
4653,Pune,08-03-2023,27.2,0.0,61,Rainy
4654,Pune,2023.09.06,27.3,47.8,50,Clear
4655,Pune,24/04/2023,41.4,1.4,63,Clear
4656,Pune,2024-05-23,35.7,4.8,54,Humid
4657,Pune,2023-04-14,37.0,,69,Cloudy
4658,Pune,11-03-2023,31.3,0.7,89,Cloudy
4659,Pune,03-08-2024,26.2,63.7,68,Humid
4660,Pune,06-11-2023,26.9,12.4,41,Clear
4661,Pune,14/12/2023,16.1,1.2,74,Clear
4662,Pune,24-02-2023,17.5,0.8,72,Clear
4663,Pune,2023-04-05,33.4,11.4,52,Clear
4664,Pune,2024.09.08,28.6,315.6,66,Rainy
4665,Pune,20/12/2023,13.4,0.0,62,Foggy
4666,Pune,2024.02.20,17.3,2.1,58,Humid
4667,Pune,10/21/2024,26.8,22.3,57,Stormy
4668,Pune,2024-02-26,20.1,0.0,56,Foggy
4669,Pune,10-09-2024,26.5,0.0,42,Clear
4670,Pune,27/10/2024,25.3,0.0,65,Clear
4671,Pune,18-06-2023,23.7,280.4,40,Foggy
4672,Pune,16-07-2023,26.8,518.9,40,Cloudy
4673,Pune,30/05/2023,34.7,0.0,55,Foggy
4674,Pune,25/03/2023,31.8,11.0,57,Foggy
4675,Pune,29/01/2023,16.2,10.7,50,Cloudy
4676,Pune,2024.04.11,33.7,15.6,56,Humid
4677,Pune,2023.04.17,35.2,0.0,53,Cloudy
4678,Pune,19-11-2024,22.6,39.1,67,Cloudy
4679,Pune,23-02-2024,29.0,3.7,67,Humid
4680,Pune,09/02/2024,9.9,1.2,68,Humid
4681,Pune,10/08/2023,25.0,63.8,66,Humid
4682,Pune,07/04/2023,23.0,38.7,58,Humid
4683,Pune,2023.10.12,31.0,1.6,65,Cloudy
4684,Pune,2023.04.21,35.6,13.5,45,Cloudy
4685,Pune,09-11-2024,25.5,24.4,54,Clear
4686,Pune,2023-06-03,28.1,,86,Cloudy
4687,Pune,2023-02-03,23.0,0.0,64,Humid
4688,Pune,03-09-2024,29.3,72.8,48,Clear
4689,Pune,27-06-2023,23.0,106.7,76,Clear
4690,Pune,2023.07.27,31.7,4.0,80,Rainy
4691,Pune,2024.08.22,24.5,88.2,51,Clear
4692,Pune,02/06/2024,24.8,0.0,40,Humid
4693,Pune,03/07/2023,35.6,23.7,93,Stormy
4694,Pune,06/03/2023,18.7,14.6,33,Cloudy
4695,Pune,10/03/2024,34.8,20.1,66,Clear
4696,Pune,17-12-2023,18.6,3.8,65,Clear
4697,Pune,2023.07.20,27.2,90.3,100,Clear
4698,Pune,2023.09.14,25.3,0.0,81,Cloudy
4699,Pune,01/02/2023,20.2,0.0,73,Foggy
4700,Pune,30-11-2023,26.0,51.2,33,Rainy
4701,Pune,06/06/2023,29.4,13.0,44,Clear
4702,Pune,21/03/2024,27.9,1.8,46,Stormy
4703,Pune,31/05/2024,31.3,3.4,66,Rainy
4704,Pune,2023-08-19,19.6,0.0,75,Clear
4705,Pune,13/10/2023,22.0,0.4,63,Foggy
4706,Pune,06/23/2024,29.8,36.3,77,Humid
4707,Pune,06/14/2023,34.1,,41,Rainy
4708,Pune,20/10/2024,22.5,17.0,43,Clear
4709,Pune,14/12/2023,30.8,3.3,62,Cloudy
4710,Pune,2023-07-22,28.3,42.7,85,Humid
4711,Pune,17-12-2023,21.4,0.0,69,Clear
4712,Pune,2023.07.01,28.5,9.5,57,Clear
4713,Pune,08/25/2024,21.1,0.0,56,Cloudy
4714,Pune,10-06-2024,24.8,0.0,61,Clear
4715,Pune,2023-05-09,31.1,0.0,45,Clear
4716,Pune,09-12-2023,24.2,0.4,65,Clear
4717,Pune,2023-02-26,21.8,5.2,47,Humid
4718,Pune,2024.06.25,31.0,0.0,79,Rainy
4719,Pune,2024.09.22,25.1,15.3,59,Rainy
4720,Pune,15/10/2023,24.2,22.2,53,Clear
4721,,10/09/2023,53.7,0.0,64,Humid
4722,Pune,15/08/2024,27.1,121.8,52,Clear
4723,Pune,08/09/2024,26.3,160.4,74,Rainy
4724,Pune,2023-01-24,18.6,4.7,64,Clear
4725,Pune,03/02/2024,20.9,2.1,57,Clear
4726,Pune,2023.01.09,14.0,3.1,92,Stormy
4727,Pune,11/24/2024,24.8,70.4,-45,Humid
4728,Pune,09-01-2023,19.3,6.6,88,Clear
4729,Pune,2023.04.03,31.3,1.3,48,Foggy
4730,Pune,03-01-2023,19.7,1.0,67,Humid
4731,Pune,03/08/2023,29.8,10.5,71,Clear
4732,Pune,2024.09.18,26.7,0.0,55,Cloudy
4733,Pune,22-04-2024,39.9,0.0,77,Cloudy
4734,Pune,2024-07-20,27.8,176.5,54,Rainy
4735,Pune,2024.06.30,30.0,342.2,64,Rainy
4736,Pune,07-10-2024,31.6,6.4,62,Clear
4737,Pune,20-10-2024,28.9,16.9,75,Foggy
4738,Pune,01/28/2024,21.9,15.3,79,Rainy
4739,Pune,05-08-2024,21.5,3.7,70,Cloudy
4740,Pune,2023-10-02,28.3,41.8,-62,Cloudy
4741,Pune,02/04/2024,30.9,1.0,55,Cloudy
4742,Pune,01/10/2023,10.2,0.0,53,Humid
4743,Pune,26/07/2023,26.7,17.6,76,Clear
4744,Pune,03-07-2023,27.3,149.0,77,Clear
4745,Pune,31-03-2024,35.6,1.7,67,Foggy
4746,Pune,03/18/2024,30.1,4.5,54,Clear
4747,Pune,03/18/2024,34.6,3.8,80,Foggy
4748,Pune,2024-11-23,28.5,22.5,73,Humid
4749,Pune,2023-06-02,30.4,128.2,42,Clear
4750,Pune,25-06-2024,23.7,264.5,58,Clear
4751,Pune,02-05-2024,23.3,2.2,39,Clear
4752,Pune,2024-02-16,16.0,0.0,47,Clear
4753,Pune,2023.01.30,11.1,0.1,83,Cloudy
4754,Pune,2024.06.04,28.1,201.5,48,Clear
4755,Pune,03/10/2023,22.9,11.9,40,Clear
4756,Pune,2024.04.11,40.0,7.8,57,Humid
4757,Pune,09/09/2024,29.1,172.9,76,Clear
4758,Pune,01/15/2024,16.1,2.1,57,Foggy
4759,Pune,29/01/2024,28.6,0.0,57,Cloudy
4760,Pune,04/05/2023,28.9,1.7,63,Cloudy
4761,Pune,27/09/2024,33.7,119.8,60,Humid
4762,Pune,2023-10-21,23.2,0.0,67,Clear
4763,Pune,06-05-2023,37.9,0.0,74,Clear
4764,Pune,03/03/2024,32.6,17.6,46,Humid
4765,Pune,2023.08.13,21.3,166.2,53,Clear
4766,Pune,10/12/2024,19.8,4.7,53,Cloudy
4767,Pune,08-10-2024,25.1,0.0,73,Foggy
4768,Pune,03/03/2024,35.0,0.0,53,Humid
4769,Pune,2024.07.17,25.0,26.8,35,Foggy
4770,Pune,02/08/2023,23.6,8.4,67,Cloudy
4771,Pune,05/11/2023,23.4,19.9,-68,Clear
4772,Pune,18/06/2023,26.7,485.4,46,Foggy
4773,Pune,2024-05-13,33.9,2.1,70,Cloudy
4774,Pune,24-08-2023,30.5,82.5,83,Clear
4775,Pune,2024.07.28,27.1,0.0,52,Foggy
4776,Pune,2024-09-13,21.4,159.6,64,Humid
4777,Pune,05/12/2023,17.4,9.2,51,Humid
4778,Pune,11-07-2024,24.9,20.2,71,Clear
4779,Pune,2023.01.04,12.3,10.0,65,Foggy
4780,Pune,11/02/2023,18.3,0.3,51,Rainy
4781,Pune,20/04/2024,29.1,12.1,56,Clear
4782,Pune,2024.01.15,14.3,0.0,63,Clear
4783,Pune,02-12-2023,22.1,1.1,87,Foggy
4784,Pune,2024.01.30,20.8,1.4,-75,Rainy
4785,Pune,2023.09.24,29.3,39.3,62,Foggy
4786,Pune,29/05/2024,30.5,0.0,68,Cloudy
4787,Pune,2024.04.26,28.6,16.1,54,Cloudy
4788,Pune,09/30/2024,21.0,316.7,39,Cloudy
4789,Pune,2023.08.29,29.8,10.5,69,Cloudy
4790,Pune,2024-06-19,23.6,0.0,57,Humid
4791,,07/09/2023,21.5,85.8,62,Cloudy
4792,Pune,18/01/2024,16.4,6.9,38,Clear
4793,Pune,21-05-2023,40.8,0.1,76,Foggy
4794,Pune,2023-02-26,17.2,1.5,55,Humid
4795,Pune,2024-10-01,18.5,0.0,49,Clear
4796,Pune,09/03/2023,26.8,9.0,39,Foggy
4797,Pune,2024-02-29,19.1,2.8,39,Cloudy
4798,Pune,2023-08-09,28.1,0.0,46,Clear
4799,Pune,22-10-2023,23.8,3.0,66,Clear
4800,Pune,2024.02.19,21.6,1.5,64,Foggy
4801,Pune,12/01/2024,16.9,0.0,50,Clear
4802,Pune,2023-01-29,20.8,0.3,72,Clear
4803,Pune,2024.03.30,32.5,0.0,69,Clear
4804,Pune,04/27/2023,29.7,6.7,79,Foggy
4805,Pune,2024.02.26,17.8,0.6,67,Cloudy
4806,Pune,01/08/2024,18.2,7.6,40,Cloudy
4807,Pune,2024-04-19,45.1,3.6,53,Rainy
4808,Pune,2024-10-15,35.5,34.2,56,Clear
4809,Pune,2024-12-28,20.9,10.4,44,Clear
4810,Pune,2023-02-20,18.6,18.2,75,Foggy
4811,,2023-11-20,23.6,,69,Clear
4812,Pune,07-07-2024,31.4,24.4,36,Rainy
4813,Pune,11/27/2024,31.2,44.0,99,Clear
4814,Pune,01/05/2023,32.5,3.6,65,Clear
4815,Pune,2024.09.10,22.2,474.7,75,Cloudy
4816,Pune,2024-05-31,34.3,4.1,66,Clear
4817,Pune,04-11-2023,23.0,23.0,54,Clear
4818,Pune,09-05-2023,36.4,1.2,67,Stormy
4819,Pune,13-11-2024,28.5,0.0,58,Rainy
4820,Pune,2023.08.12,32.2,208.8,90,Clear
4821,Pune,2024.08.12,28.4,0.0,20,Stormy
4822,Pune,11/27/2023,23.9,11.7,52,Rainy
4823,Pune,14/06/2023,31.8,130.5,77,Clear
4824,Pune,21-06-2023,22.8,352.6,58,Clear
4825,Pune,23/01/2024,19.6,0.1,57,Cloudy
4826,Pune,2024.02.04,18.5,0.4,70,Cloudy
4827,Pune,2024-07-15,27.6,269.5,81,Rainy
4828,Pune,2024-07-22,25.9,4.2,84,Clear
4829,Pune,11-11-2024,24.3,40.0,58,Cloudy
4830,Pune,10/07/2023,33.8,30.1,91,Clear
4831,Pune,2024-09-15,24.3,123.8,58,Clear
4832,Pune,25/09/2024,27.6,0.0,63,Cloudy
4833,Pune,2023.08.22,30.5,51.1,51,Clear
4834,Pune,2023-03-01,35.3,7.2,68,Humid
4835,Pune,01-03-2024,32.9,0.3,39,Clear
4836,Pune,06/04/2023,25.5,15.4,71,Clear
4837,Pune,2023.03.06,34.6,0.1,82,Humid
4838,Pune,17-02-2024,20.5,0.0,50,Foggy
4839,Pune,2023.02.10,12.1,2.0,67,Humid
4840,Pune,2023.07.27,28.9,24.6,35,Humid
4841,Pune,30-05-2024,31.6,10.2,48,Foggy
4842,Pune,2023.01.03,15.6,2.8,67,Clear
4843,Pune,07/20/2024,22.5,12.6,74,Rainy
4844,Pune,13-12-2024,18.4,9.7,27,Cloudy
4845,Pune,2024.08.11,23.1,0.0,76,Stormy
4846,Pune,05/10/2024,32.3,6.9,84,Humid
4847,Pune,02-06-2024,25.0,49.6,86,Cloudy
4848,Pune,02/15/2024,22.6,0.0,56,Clear
4849,Pune,2024-08-28,25.8,0.0,71,Rainy
4850,Pune,07/10/2023,28.4,197.5,30,Cloudy
4851,Pune,2023.07.05,29.8,1.1,47,Rainy
4852,Pune,2024.01.18,25.7,3.9,44,Clear
4853,Pune,2023-09-13,28.8,0.0,79,Clear
4854,Pune,07/07/2023,28.9,190.6,44,Cloudy
4855,Pune,2023.04.25,30.1,12.2,51,Cloudy
4856,Pune,2024.09.04,30.4,205.2,39,Foggy
4857,Pune,13-03-2024,32.8,0.8,57,Foggy
4858,Pune,03/03/2023,34.9,3.8,33,Rainy
4859,Pune,2023-03-15,31.0,0.0,32,Clear
4860,Pune,2024.03.18,28.7,12.9,50,Clear
4861,Pune,2024-04-19,30.5,1.9,42,Clear
4862,Pune,16/02/2024,16.8,7.6,46,Clear
4863,Pune,2024.08.16,52.2,14.8,55,Cloudy
4864,Pune,2023.01.17,19.1,7.1,71,Foggy
4865,Pune,2023-11-18,19.7,22.1,60,Stormy
4866,Pune,20-09-2023,32.6,85.5,76,Humid
4867,Pune,22/07/2024,32.8,298.9,55,Clear
4868,Pune,05/22/2023,34.4,0.0,69,Clear
4869,Pune,08/13/2023,22.3,0.0,82,Clear
4870,Pune,10/15/2024,21.0,3.6,34,Cloudy
4871,Pune,17-08-2024,25.3,123.1,39,Humid
4872,Pune,2023.04.06,32.0,0.0,32,Clear
4873,Pune,2024.01.29,22.0,3.9,63,Cloudy
4874,Pune,2024.03.05,36.6,0.6,75,Cloudy
4875,Pune,04-12-2023,18.1,4.1,43,Humid
4876,Pune,06/05/2024,33.6,0.0,77,Rainy
4877,Pune,02/12/2023,23.5,2.4,48,Foggy
4878,Pune,08/04/2023,35.7,33.9,21,Humid
4879,Pune,2023-07-19,24.0,0.0,58,Clear
4880,Pune,2023-06-17,31.5,65.9,72,Stormy
4881,Pune,12-12-2024,16.2,0.0,71,Humid
4882,Pune,2023.11.17,24.5,6.3,37,Clear
4883,Pune,2023.05.27,33.5,15.3,44,Rainy
4884,Pune,13/07/2024,34.5,24.2,17,Humid
4885,Pune,05/30/2023,30.1,1.1,63,Clear
4886,Pune,25-01-2023,13.7,0.1,69,Clear
4887,Pune,2024.07.14,25.4,472.3,60,Rainy
4888,Pune,2023-03-08,34.6,26.8,67,Clear
4889,Pune,25-02-2023,10.6,1.5,60,Clear
4890,Pune,07-09-2023,31.9,125.3,38,Clear
4891,Pune,03/29/2024,32.3,13.3,65,Humid
4892,Pune,17-05-2024,28.9,10.7,48,Foggy
4893,Pune,2023.02.17,10.8,0.4,52,Cloudy
4894,Pune,17-09-2024,31.6,0.7,47,Rainy
4895,Pune,05/21/2023,33.3,3.3,59,Clear
4896,Pune,01-01-2024,25.5,0.0,51,Cloudy
4897,Pune,2024-12-09,23.7,8.0,46,Cloudy
4898,Pune,01/01/2024,10.3,1.1,71,Clear
4899,Pune,27-06-2024,25.3,0.0,59,Clear
4900,Pune,19-10-2023,32.2,0.0,63,Humid
4901,Pune,2023.06.05,28.2,0.0,43,Rainy
4902,Pune,11/03/2023,25.3,10.0,82,Humid
4903,Pune,2024-05-26,34.2,4.3,87,Clear
4904,Pune,21-10-2023,25.4,111.3,95,Foggy
4905,Pune,17-10-2023,29.6,36.8,24,Clear
4906,Pune,11/16/2023,29.9,0.0,64,Cloudy
4907,Pune,2023.08.08,29.2,33.8,69,Cloudy
4908,Pune,2023.04.24,34.7,4.0,47,Cloudy
4909,Pune,2023.11.03,26.0,0.0,74,Humid
4910,Pune,23/02/2024,18.9,0.0,58,Humid
4911,Pune,2024-06-13,38.2,19.1,21,Cloudy
4912,Pune,2023-01-30,16.8,5.7,64,Cloudy
4913,Pune,22-07-2024,33.7,65.8,48,Cloudy
4914,Pune,14/06/2023,26.8,94.7,72,Foggy
4915,Pune,07/03/2024,29.3,0.0,58,Clear
4916,Pune,2024-01-04,15.3,14.1,71,Cloudy
4917,Pune,16-06-2023,27.3,0.0,62,Cloudy
4918,Pune,23-03-2023,36.9,0.0,42,Cloudy
4919,Pune,03/22/2024,36.7,1.1,58,Clear
4920,Pune,2023.02.02,19.5,4.1,61,Humid
4921,Pune,01-04-2023,25.3,1.1,29,Cloudy
4922,Pune,19/07/2023,36.3,86.6,66,Clear
4923,Pune,2023-02-04,20.1,3.1,39,Foggy
4924,Pune,2024.06.16,31.3,95.2,71,Rainy
4925,Pune,05-10-2024,16.6,61.4,43,Humid
4926,Pune,29-11-2023,22.5,22.2,67,Foggy
4927,Pune,21/10/2024,21.5,84.5,56,Rainy
4928,Pune,27-10-2023,22.0,6.7,69,Cloudy
4929,Pune,01/11/2024,24.9,25.5,66,Clear
4930,Pune,04/29/2024,32.7,2.9,73,Rainy
4931,Pune,2024-09-29,20.1,133.6,55,Stormy
4932,Pune,2023.10.06,23.9,37.0,77,Stormy
4933,Pune,03/10/2023,35.7,2.8,51,Cloudy
4934,Pune,03/08/2024,36.1,27.3,63,Foggy
4935,Pune,2023.04.19,22.1,15.0,56,Humid
4936,Pune,2024-10-24,25.3,61.3,47,Clear
4937,Pune,25-09-2023,28.1,0.0,70,Rainy
4938,Pune,20/02/2024,19.3,3.7,56,Cloudy
4939,Pune,2024.02.05,22.5,0.4,74,Humid
4940,Pune,28-12-2023,16.0,4.4,53,Stormy
4941,,2024.12.13,19.2,1.4,41,Humid
4942,Pune,2023.10.06,31.0,63.1,54,Cloudy
4943,Pune,24-07-2024,33.5,371.0,44,Clear
4944,Pune,10/01/2024,24.3,0.7,66,Rainy
4945,Pune,19/12/2024,25.7,2.8,75,Cloudy
4946,Pune,22-09-2024,28.5,127.3,65,Rainy
4947,Pune,31-08-2024,29.4,114.2,54,Clear
4948,Pune,10/28/2024,32.7,0.0,73,Foggy
4949,Pune,2024-07-13,16.8,69.2,63,Cloudy
4950,Pune,2024-11-21,28.4,18.3,66,Rainy
4951,Pune,2023-06-25,35.5,0.0,50,Clear
4952,Pune,2023.02.03,18.6,0.2,45,Rainy
4953,Pune,10/03/2024,35.3,0.5,49,Cloudy
4954,Pune,2024.09.06,28.1,33.1,46,Stormy
4955,Pune,2023-03-05,33.0,0.0,-89,Foggy
4956,Pune,2024-06-16,31.8,102.3,54,Clear
4957,Pune,2024.12.27,26.3,3.7,61,Cloudy
4958,Pune,2023-11-14,27.0,5.3,54,Rainy
4959,Pune,06-08-2024,24.6,40.6,71,Humid
4960,Pune,2023-07-25,28.8,160.0,50,Clear
4961,Pune,2024.01.18,16.4,7.7,68,Rainy
4962,Pune,2024-05-13,58.8,2.0,29,Cloudy
4963,Pune,04/25/2024,33.3,3.7,56,Clear
4964,Pune,18/07/2024,32.7,87.4,60,Cloudy
4965,Pune,06/15/2023,27.1,0.0,57,Rainy
4966,Pune,27/10/2024,16.4,14.7,52,Clear
4967,Pune,2023.11.04,21.7,39.1,61,Clear
4968,Pune,16-01-2024,12.3,6.8,61,Humid
4969,Pune,26-01-2023,17.8,26.9,65,Clear
4970,Pune,19/12/2023,19.3,7.4,72,Clear
4971,Pune,14-07-2023,28.5,0.0,35,Rainy
4972,Pune,09/12/2023,15.8,0.0,63,Clear
4973,Pune,2023.09.30,32.8,24.9,66,Rainy
4974,Pune,07/02/2023,10.8,0.0,55,Clear
4975,Pune,09-02-2023,15.1,8.3,77,Cloudy
4976,Pune,26/10/2024,24.3,0.0,44,Foggy
4977,Pune,04/12/2023,35.6,9.6,55,Cloudy
4978,Pune,25/08/2024,26.7,398.6,91,Rainy
4979,Pune,2024.02.28,24.5,7.0,48,Clear
4980,Pune,2023.02.15,20.1,0.0,89,Cloudy
4981,Pune,2023-09-02,23.1,0.0,39,Rainy
4982,Pune,2024.02.01,21.1,0.6,56,Humid
4983,Pune,07/15/2024,26.1,64.9,51,Clear
4984,Pune,23/06/2024,30.7,378.0,78,Clear
4985,Pune,2024-11-22,25.1,4.3,61,Rainy
4986,Pune,2024.06.14,58.7,238.6,65,Clear
4987,Pune,2024.04.05,38.0,2.9,37,Cloudy
4988,Pune,2023.11.03,20.1,9.9,76,Humid
4989,Pune,01/12/2024,19.3,4.5,39,Cloudy
4990,Pune,2023.01.04,12.9,9.9,52,Foggy
4991,Pune,2024.09.18,32.9,172.7,54,Rainy
4992,Pune,17-10-2023,30.1,0.0,64,Humid
4993,Pune,20-07-2023,26.2,37.5,59,Clear
4994,Pune,04/17/2023,39.4,6.5,68,Rainy
4995,Pune,25-04-2023,28.4,6.3,58,Stormy
4996,Pune,05-12-2024,14.5,0.0,41,Foggy
4997,Pune,01/29/2023,22.8,4.2,73,Foggy
4998,Pune,02/15/2024,17.5,0.0,64,Cloudy
4999,Pune,2024.08.24,26.0,,80,Rainy
5000,Pune,14/07/2023,36.1,0.0,71,Humid
5001,Pune,24/05/2024,35.9,12.1,49,Cloudy
5002,,2024-12-14,16.9,8.9,71,Cloudy
5003,Pune,2024.09.13,20.8,0.0,42,Humid
5004,Pune,2023.08.04,26.3,129.4,51,Clear
5005,Pune,02/09/2023,17.8,0.0,80,Rainy
5006,Pune,09/09/2023,28.8,70.9,40,Rainy
5007,Pune,06/26/2024,32.2,82.3,48,Rainy
5008,Pune,05/22/2023,32.2,5.3,37,Clear
5009,Pune,2023-11-07,29.0,3.4,50,Cloudy
5010,Pune,18-03-2023,35.4,4.4,66,Cloudy
5011,Pune,2023.09.04,29.1,162.5,49,Stormy
5012,Pune,23-07-2023,25.8,0.0,56,Clear
5013,Pune,20/03/2023,29.6,0.4,56,Humid
5014,Pune,17-09-2024,31.3,40.7,57,Rainy
5015,Pune,01/03/2024,15.6,1.2,90,Clear
5016,Pune,01/18/2024,20.8,2.9,64,Rainy
5017,Pune,08/11/2024,27.9,44.4,44,Rainy
5018,Pune,2023-05-28,33.3,3.5,72,Foggy
5019,Pune,2023-07-01,21.1,15.2,36,Clear
5020,Pune,16/12/2023,15.5,2.2,69,Clear
5021,Pune,2024.07.27,29.5,0.0,64,Rainy
5022,Pune,05/26/2024,36.6,8.2,30,Clear
5023,Pune,07-03-2024,32.1,1.6,55,Stormy
5024,Pune,2024.07.05,24.7,24.1,46,Rainy
5025,Pune,25/02/2023,21.0,0.0,36,Stormy
5026,Pune,08-06-2023,34.2,10.7,59,Foggy
5027,Pune,11-01-2023,21.6,6.5,34,Clear
5028,Pune,2024.09.16,27.2,136.5,77,Clear
5029,Pune,24/12/2023,22.1,0.1,63,Clear
5030,Pune,2023-12-09,18.1,1.8,63,Stormy
5031,Pune,2024-09-06,24.5,0.0,69,Clear
5032,Pune,2024.08.15,26.7,11.3,72,Clear
5033,Pune,30-11-2023,26.1,0.7,61,Clear
5034,Pune,02/18/2023,18.6,13.5,66,Clear
5035,Pune,24-02-2023,19.9,0.0,46,Clear
5036,Pune,09-01-2023,27.0,0.0,52,Clear
5037,Pune,2023-03-30,37.7,1.1,46,Foggy
5038,Pune,14-05-2023,29.0,0.0,46,Foggy
5039,Pune,09/08/2023,30.2,83.3,68,Foggy
5040,Pune,2023-11-28,25.7,0.0,40,Clear
5041,Pune,2024-04-11,27.5,0.0,65,Cloudy
5042,Pune,2024.08.27,29.1,68.8,32,Foggy
5043,Pune,01-04-2023,33.6,0.0,69,Clear
5044,Pune,13-01-2023,14.5,6.7,58,Clear
5045,Pune,04/09/2023,32.9,4.0,73,Clear
5046,Pune,12/06/2023,15.1,0.8,77,Clear
5047,Pune,2023-02-25,16.0,0.0,48,Clear
5048,Pune,05-07-2023,29.5,,50,Rainy
5049,Pune,11/02/2023,13.3,0.0,66,Clear
5050,Pune,2023-01-16,21.2,1.7,87,Cloudy
5051,Pune,16/12/2023,19.9,1.5,36,Clear
5052,Pune,2024-10-10,22.2,0.0,54,Clear
5053,Pune,03/17/2024,34.5,,63,Rainy
5054,Pune,09/11/2023,31.2,34.4,54,Rainy
5055,Pune,03/03/2023,33.5,9.4,55,Foggy
5056,Pune,2024-11-23,24.6,20.7,43,Rainy
5057,Pune,12/05/2024,10.5,0.0,59,Humid
5058,Pune,18-03-2024,27.2,16.5,80,Cloudy
5059,Pune,08/02/2024,21.8,0.0,58,Clear
5060,Pune,2024-09-14,28.8,58.0,47,Foggy
5061,Pune,05/13/2024,31.6,0.0,74,Cloudy
5062,Pune,2023.06.21,26.5,39.2,68,Cloudy
5063,Pune,2023-09-11,35.1,49.6,50,Humid
5064,Pune,2024-04-10,51.5,0.0,66,Clear
5065,Pune,10-04-2023,29.0,1.1,73,Clear
5066,Pune,04-06-2024,29.3,61.8,46,Rainy
5067,Pune,02/06/2024,12.6,2.4,65,Humid
5068,Pune,18-02-2024,19.1,0.0,52,Stormy
5069,Pune,02/09/2023,17.2,5.9,46,Clear
5070,Pune,21-04-2023,34.1,0.2,62,Stormy
5071,Pune,2024.06.07,26.8,349.6,75,Clear
5072,Pune,2023-05-22,25.2,6.8,85,Cloudy
5073,Pune,2024-10-27,24.2,50.7,64,Cloudy
5074,Pune,2023-07-31,21.0,11.1,72,Cloudy
5075,Pune,2023.03.10,23.1,0.0,92,Clear
5076,Pune,2024.01.14,24.2,2.1,56,Rainy
5077,Pune,10/09/2023,26.7,348.4,51,Foggy
5078,Pune,2024-03-07,28.1,1.2,43,Humid
5079,Pune,24/05/2023,39.0,2.8,65,Clear
5080,Pune,14/04/2023,29.6,2.3,39,Rainy
5081,Pune,05/02/2024,23.2,0.0,-47,Cloudy
5082,Pune,2024-08-12,29.3,2.5,67,Clear
5083,Pune,07-02-2024,20.9,0.6,58,Clear
5084,Pune,2024.10.30,25.5,7.0,64,Clear
5085,Pune,16-07-2023,29.0,50.1,70,Rainy
5086,Pune,2023-03-17,37.2,9.9,49,Cloudy
5087,Pune,01/18/2023,19.4,0.0,75,Cloudy
5088,Pune,03/02/2023,16.8,0.2,63,Humid
5089,Pune,01/01/2023,15.0,7.1,72,Clear
5090,Pune,24-09-2023,29.4,143.1,65,Humid
5091,Pune,05/12/2023,35.0,4.0,63,Clear
5092,Pune,27/08/2024,29.8,318.2,28,Clear
5093,Pune,2023-05-28,37.0,0.4,68,Clear
5094,Pune,06/26/2024,34.7,51.0,86,Foggy
5095,Pune,10/15/2023,31.4,2.0,74,Clear
5096,Pune,10-08-2024,23.2,204.8,73,Clear
5097,Pune,08/01/2024,20.2,1.3,40,Cloudy
5098,Pune,2024-02-27,13.0,8.3,82,Stormy
5099,Pune,2023.01.30,12.7,1.4,62,Foggy
5100,Pune,05/02/2024,6.3,0.0,39,Stormy
5101,Pune,2023-10-30,27.5,16.3,67,Humid
5102,Pune,03/15/2023,31.9,2.6,42,Cloudy
5103,Pune,02/25/2024,17.7,0.8,61,Clear
5104,Pune,2024.08.25,25.8,17.6,40,Cloudy
5105,Pune,04/10/2024,27.7,20.6,86,Clear
5106,Pune,12/17/2024,13.0,3.5,52,Stormy
5107,Pune,03/26/2024,38.1,21.2,60,Cloudy
5108,Pune,2023-03-05,30.9,4.6,72,Humid
5109,Pune,2023.06.27,33.3,0.0,80,Humid
5110,Pune,06-10-2023,33.4,88.3,78,Clear
5111,Pune,10/18/2024,23.1,27.2,83,Cloudy
5112,Pune,08/11/2024,25.7,479.6,61,Rainy
5113,Pune,10/26/2023,27.2,18.0,66,Clear
5114,Pune,09/07/2023,29.7,33.3,47,Foggy
5115,Pune,2024-03-18,32.6,0.0,70,Clear
5116,Pune,15-10-2024,31.9,12.1,79,Clear
5117,Pune,2023.01.10,21.9,0.8,66,Cloudy
5118,Pune,10-07-2024,22.6,18.8,43,Foggy
5119,Pune,25/12/2023,17.8,0.4,50,Rainy
5120,Pune,09/27/2024,26.9,216.7,77,Cloudy
5121,Pune,10-02-2023,25.4,8.6,61,Clear
5122,Pune,23/05/2024,32.4,2.4,67,Clear
5123,Pune,2024-04-15,34.8,0.0,40,Cloudy
5124,Pune,21/12/2024,12.9,3.1,58,Rainy
5125,Pune,2024-12-12,19.5,0.0,68,Humid
5126,Pune,25-03-2024,34.5,0.0,88,Cloudy
5127,Pune,2024-09-02,29.4,41.4,57,Clear
5128,Pune,21-05-2024,29.7,3.4,90,Cloudy
5129,Pune,2024-09-02,29.5,121.2,51,Humid
5130,Pune,2023.06.16,33.2,17.9,43,Stormy
5131,Pune,02-08-2023,19.7,5.5,53,Rainy
5132,Pune,06/23/2024,26.5,16.2,34,Cloudy
5133,Pune,10/19/2024,22.5,19.5,77,Foggy
5134,Pune,2023.09.27,32.8,158.3,65,Cloudy
5135,Pune,11-08-2024,20.4,760.8,43,Humid
5136,Pune,30-07-2023,29.9,0.0,76,Rainy
5137,Pune,08/07/2023,26.7,236.9,55,Foggy
5138,Pune,05/08/2023,25.8,38.5,55,Cloudy
5139,Pune,2023-09-09,25.9,177.1,-45,Clear
5140,Pune,01/18/2024,18.4,1.4,62,Foggy
5141,Pune,12/21/2023,18.2,0.0,75,Cloudy
5142,Pune,16-05-2023,30.9,30.1,71,Cloudy
5143,Pune,20-06-2024,32.3,115.1,47,Clear
5144,Pune,10-07-2023,30.4,503.5,56,Clear
5145,Pune,2023.10.15,25.2,0.3,37,Rainy
5146,Pune,13-05-2023,34.6,0.0,50,Humid
5147,Pune,2024-01-15,16.4,7.8,66,Clear
5148,Pune,2023.01.28,11.4,12.1,51,Rainy
5149,Pune,2023.10.04,36.5,34.9,56,Clear
5150,Pune,2024.11.10,25.9,0.0,81,Humid
5151,Pune,01/07/2023,21.5,0.4,39,Cloudy
5152,Pune,23/08/2024,27.6,174.5,50,Humid
5153,Pune,2023-10-02,27.4,8.0,46,Cloudy
5154,Pune,09/29/2024,32.3,248.4,46,Rainy
5155,Pune,07-02-2023,17.1,0.2,77,Cloudy
5156,Pune,13/02/2023,23.9,0.0,55,Cloudy
5157,Pune,16-04-2024,34.1,9.1,73,Rainy
5158,Pune,2024.12.05,20.1,6.6,59,Cloudy
5159,Ahmedabad,27/12/2023,14.1,1.3,41,Clear
5160,Ahmedabad,01/11/2024,17.2,0.0,45,Cloudy
5161,Ahmedabad,03/06/2024,30.9,15.6,63,Foggy
5162,Ahmedabad,04-08-2024,24.7,9.5,45,Rainy
5163,Ahmedabad,2023.10.08,16.9,0.0,41,Clear
5164,Ahmedabad,11-10-2023,25.4,0.9,63,Clear
5165,Ahmedabad,2024.04.22,35.2,0.0,71,Cloudy
5166,Ahmedabad,2023.01.09,16.1,0.0,38,Clear
5167,Ahmedabad,2023-04-03,37.4,8.2,55,Clear
5168,Ahmedabad,2023-01-12,13.4,0.5,66,Clear
5169,Ahmedabad,25-05-2023,39.0,0.0,78,Stormy
5170,Ahmedabad,2023-09-27,19.4,280.2,53,Rainy
5171,Ahmedabad,15/08/2024,34.8,0.0,50,Rainy
5172,Ahmedabad,04-10-2023,25.6,19.7,52,Clear
5173,Ahmedabad,11/01/2024,24.5,66.0,69,Humid
5174,Ahmedabad,2023.12.06,18.7,0.8,70,Cloudy
5175,Ahmedabad,2023-06-21,22.2,392.5,73,Humid
5176,Ahmedabad,2024.11.12,25.6,8.5,67,Clear
5177,Ahmedabad,05/01/2024,14.6,0.0,77,Clear
5178,Ahmedabad,2023-03-02,31.7,14.4,70,Clear
5179,Ahmedabad,04/22/2023,33.0,0.0,80,Clear
5180,Ahmedabad,10-02-2023,20.9,3.1,59,Clear
5181,Ahmedabad,29-06-2024,18.8,20.3,46,Humid
5182,Ahmedabad,2024.08.04,29.9,137.8,66,Rainy
5183,Ahmedabad,22-10-2024,28.2,80.3,52,Cloudy
5184,Ahmedabad,29/03/2023,36.6,0.0,72,Cloudy
5185,Ahmedabad,07/03/2024,22.2,0.9,42,Cloudy
5186,Ahmedabad,2023-09-26,29.8,149.3,55,Clear
5187,Ahmedabad,04/18/2024,38.8,3.2,83,Foggy
5188,Ahmedabad,16-05-2023,29.2,23.2,72,Clear
5189,Ahmedabad,27/01/2023,9.8,1.0,57,Humid
5190,Ahmedabad,26-11-2023,22.9,65.2,56,Rainy
5191,Ahmedabad,19-10-2023,24.1,0.0,55,Foggy
5192,Ahmedabad,2023.04.04,33.9,2.7,63,Rainy
5193,Ahmedabad,09/06/2023,24.3,3.6,52,Clear
5194,Ahmedabad,10/18/2024,20.2,0.0,63,Clear
5195,Ahmedabad,04/04/2023,37.2,0.0,69,Clear
5196,Ahmedabad,12/03/2023,32.5,15.9,60,Stormy
5197,Ahmedabad,31-12-2023,14.5,2.4,86,Humid
5198,Ahmedabad,03/07/2023,34.8,5.0,48,Stormy
5199,Ahmedabad,2024-06-02,24.8,15.2,62,Clear
5200,Ahmedabad,05/14/2023,32.8,0.4,52,Foggy
5201,Ahmedabad,01-01-2023,19.4,5.3,69,Rainy
5202,Ahmedabad,2024.04.27,31.8,7.4,75,Clear
5203,Ahmedabad,11/03/2024,28.4,0.0,48,Cloudy
5204,Ahmedabad,29-09-2024,29.6,128.8,40,Cloudy
5205,Ahmedabad,04/10/2024,22.0,57.3,69,Humid
5206,Ahmedabad,08/01/2024,17.2,3.1,50,Foggy
5207,Ahmedabad,07/07/2024,36.5,273.9,65,Rainy
5208,Ahmedabad,2024.01.07,24.2,0.2,68,Cloudy
5209,Ahmedabad,09/09/2024,32.1,0.0,54,Humid
5210,Ahmedabad,2023-08-11,26.2,80.3,85,Clear
5211,Ahmedabad,11-05-2024,26.2,5.5,59,Humid
5212,Ahmedabad,15-05-2023,28.2,3.3,87,Stormy
5213,Ahmedabad,26-11-2024,22.0,20.5,41,Rainy
5214,Ahmedabad,01/04/2024,20.7,0.0,60,Clear
5215,Ahmedabad,09/09/2023,32.8,340.5,56,Foggy
5216,Ahmedabad,04/05/2023,27.9,0.0,74,Clear
5217,Ahmedabad,2024.10.17,29.8,1.7,87,Rainy
5218,Ahmedabad,2024-09-09,37.0,50.2,64,Rainy
5219,Ahmedabad,01-07-2023,23.2,130.5,54,Cloudy
5220,Ahmedabad,2023-12-22,18.9,1.3,74,Clear
5221,Ahmedabad,2023.01.05,16.7,,51,Humid
5222,Ahmedabad,10/15/2023,33.8,68.1,49,Cloudy
5223,Ahmedabad,12/23/2024,10.9,1.5,81,Clear
5224,Ahmedabad,2024.09.13,35.5,41.1,94,Clear
5225,Ahmedabad,2023-11-25,24.0,8.4,44,Clear
5226,Ahmedabad,14-01-2023,26.7,11.6,83,Clear
5227,Ahmedabad,2024.02.18,13.0,9.1,60,Clear
5228,Ahmedabad,01/04/2023,35.3,0.0,71,Stormy
5229,Ahmedabad,06/04/2024,28.6,,75,Humid
5230,Ahmedabad,2023.08.20,33.3,4.4,64,Cloudy
5231,Ahmedabad,2023.12.12,19.8,3.2,58,Rainy
5232,Ahmedabad,05-01-2024,17.9,12.5,86,Clear
5233,Ahmedabad,05/21/2023,24.4,1.1,53,Foggy
5234,Ahmedabad,2023-02-11,17.9,0.4,75,Cloudy
5235,Ahmedabad,02/29/2024,20.2,0.5,59,Foggy
5236,Ahmedabad,2023.07.22,25.7,136.2,48,Cloudy
5237,Ahmedabad,12/18/2024,23.2,3.2,31,Foggy
5238,Ahmedabad,03/17/2023,33.3,0.3,65,Cloudy
5239,Ahmedabad,2023.05.07,32.6,0.8,70,Humid
5240,Ahmedabad,20/10/2023,28.8,40.7,82,Clear
5241,Ahmedabad,08/09/2023,27.0,28.7,75,Rainy
5242,Ahmedabad,2024-10-11,33.6,0.0,60,Cloudy
5243,Ahmedabad,07/21/2024,28.4,281.3,58,Clear
5244,Ahmedabad,2023-08-03,29.8,0.0,44,Cloudy
5245,Ahmedabad,05/15/2024,39.7,0.0,74,Clear
5246,Ahmedabad,20/06/2023,33.6,332.9,93,Rainy
5247,Ahmedabad,13-05-2024,34.1,0.0,66,Clear
5248,Ahmedabad,12-05-2024,32.0,2.7,57,Cloudy
5249,Ahmedabad,10/09/2024,24.1,0.0,79,Rainy
5250,Ahmedabad,2024.01.09,21.2,0.0,56,Foggy
5251,Ahmedabad,30/12/2023,16.6,5.6,-74,Cloudy
5252,Ahmedabad,2024-03-01,37.5,0.4,51,Clear
5253,Ahmedabad,17/04/2023,31.9,0.0,92,Cloudy
5254,Ahmedabad,16/09/2023,17.7,,65,Cloudy
5255,Ahmedabad,25-04-2024,32.6,0.0,75,Cloudy
5256,Ahmedabad,14-10-2024,27.3,16.4,54,Cloudy
5257,Ahmedabad,2024-03-15,39.6,24.5,50,Foggy
5258,Ahmedabad,11/01/2024,14.3,1.2,68,Clear
5259,Ahmedabad,2024.12.24,22.5,0.3,57,Clear
5260,Ahmedabad,2023.08.04,34.4,0.0,77,Humid
5261,Ahmedabad,04/01/2023,12.5,0.0,56,Cloudy
5262,Ahmedabad,2024-01-18,21.8,4.6,68,Foggy
5263,Ahmedabad,12/03/2023,34.7,12.5,42,Cloudy
5264,Ahmedabad,04/16/2023,34.9,0.0,50,Cloudy
5265,Ahmedabad,27-08-2024,28.5,94.0,62,Humid
5266,Ahmedabad,2023.03.07,31.5,0.0,43,Rainy
5267,Ahmedabad,2024-04-16,34.0,0.0,21,Cloudy
5268,Ahmedabad,2023-10-25,25.8,0.0,63,Clear
5269,Ahmedabad,2024-11-24,19.0,0.0,41,Cloudy
5270,Ahmedabad,20/03/2023,36.7,0.9,64,Foggy
5271,Ahmedabad,08/06/2023,31.2,45.3,67,Cloudy
5272,Ahmedabad,2024-12-10,18.6,5.9,45,Cloudy
5273,Ahmedabad,16/01/2024,15.1,0.0,78,Clear
5274,Ahmedabad,11-12-2023,24.3,0.0,60,Clear
5275,Ahmedabad,06/30/2024,27.7,211.8,57,Rainy
5276,Ahmedabad,05/10/2024,20.0,79.8,31,Clear
5277,Ahmedabad,03/01/2024,28.1,5.4,63,Rainy
5278,Ahmedabad,2024.06.15,25.7,44.4,53,Clear
5279,Ahmedabad,05-12-2024,13.9,2.0,37,Cloudy
5280,Ahmedabad,21/06/2023,26.3,47.1,35,Rainy
5281,Ahmedabad,16-12-2023,16.7,8.9,68,Rainy
5282,Ahmedabad,14-01-2024,19.6,2.0,64,Clear
5283,Ahmedabad,2024.02.23,15.2,0.0,30,Clear
5284,Ahmedabad,08/05/2023,24.2,32.4,79,Cloudy
5285,Ahmedabad,2023.06.30,32.7,0.0,72,Clear
5286,Ahmedabad,04-06-2024,33.1,192.1,62,Clear
5287,Ahmedabad,2024.11.14,22.3,13.0,54,Cloudy
5288,Ahmedabad,11/05/2023,30.9,8.0,71,Cloudy
5289,Ahmedabad,2024-01-30,11.9,0.1,68,Foggy
5290,Ahmedabad,09/03/2024,31.9,3.3,88,Clear
5291,Ahmedabad,2024.06.10,25.8,27.4,60,Clear
5292,Ahmedabad,26-05-2024,29.4,0.0,83,Stormy
5293,Ahmedabad,18-10-2024,29.9,0.0,65,Foggy
5294,Ahmedabad,2023.01.09,20.0,2.3,29,Cloudy
5295,Ahmedabad,2024.01.11,20.2,0.0,72,Clear
5296,Ahmedabad,14-10-2023,20.3,37.3,51,Cloudy
5297,Ahmedabad,2023.05.26,31.7,0.0,76,Humid
5298,Ahmedabad,05/23/2023,34.7,10.2,69,Cloudy
5299,Ahmedabad,2024-08-14,32.7,246.8,40,Clear
5300,Ahmedabad,2023-02-07,26.0,0.6,66,Cloudy
5301,Ahmedabad,2024-05-09,33.1,38.6,62,Clear
5302,Ahmedabad,07/18/2024,28.9,150.3,63,Clear
5303,Ahmedabad,2023-06-27,26.7,0.0,55,Clear
5304,Ahmedabad,11/22/2023,32.7,42.7,49,Clear
5305,Ahmedabad,28/06/2024,23.2,144.6,55,Foggy
5306,Ahmedabad,2024.08.06,33.2,31.2,56,Cloudy
5307,Ahmedabad,07/09/2024,30.0,18.4,30,Clear
5308,Ahmedabad,11-01-2024,20.9,0.0,66,Cloudy
5309,Ahmedabad,04/02/2023,30.2,0.5,28,Clear
5310,Ahmedabad,30-04-2024,28.6,4.6,63,Clear
5311,Ahmedabad,18-05-2023,33.1,0.5,80,Cloudy
5312,Ahmedabad,2023.09.12,32.9,68.9,66,Rainy
5313,Ahmedabad,2023.12.03,21.6,2.5,42,Rainy
5314,Ahmedabad,06/20/2023,29.0,55.1,75,Clear
5315,Ahmedabad,08-12-2023,32.6,7.5,63,Humid
5316,Ahmedabad,01/06/2023,19.8,13.3,38,Cloudy
5317,Ahmedabad,18/07/2023,29.3,0.0,45,Cloudy
5318,Ahmedabad,19/06/2024,25.2,0.0,35,Rainy
5319,Ahmedabad,16-04-2024,34.6,2.9,35,Humid
5320,Ahmedabad,07-05-2024,25.2,0.0,61,Rainy
5321,Ahmedabad,2023.10.08,24.4,142.2,60,Clear
5322,Ahmedabad,2024.01.10,14.7,4.0,46,Clear
5323,Ahmedabad,07/28/2023,33.5,267.6,40,Rainy
5324,Ahmedabad,2024.09.24,27.6,75.7,41,Clear
5325,Ahmedabad,13-05-2024,36.5,2.4,84,Clear
5326,Ahmedabad,2024-08-21,29.3,0.0,55,Rainy
5327,Ahmedabad,2023-07-07,22.5,80.1,59,Clear
5328,Ahmedabad,2023.02.17,25.0,0.0,51,Cloudy
5329,Ahmedabad,05-06-2024,26.5,0.0,66,Clear
5330,Ahmedabad,2024-09-25,22.3,27.1,41,Rainy
5331,Ahmedabad,06/24/2024,28.5,16.5,56,Rainy
5332,Ahmedabad,2023.06.21,24.8,210.4,52,Cloudy
5333,Ahmedabad,2024-09-01,23.0,2.8,53,Cloudy
5334,Ahmedabad,2024.05.03,31.1,7.0,37,Clear
5335,Ahmedabad,28/10/2023,26.0,12.3,63,Clear
5336,Ahmedabad,04/23/2023,28.6,0.0,61,Cloudy
5337,Ahmedabad,2023-07-25,26.9,6.8,44,Humid
5338,Ahmedabad,11/04/2024,36.2,1.3,74,Clear
5339,Ahmedabad,17-12-2023,17.0,0.0,61,Stormy
5340,Ahmedabad,06/19/2024,21.0,41.7,61,Rainy
5341,Ahmedabad,12/29/2024,13.5,1.2,63,Foggy
5342,Ahmedabad,03/17/2023,29.8,5.6,64,Rainy
5343,Ahmedabad,2023.01.06,13.5,1.3,63,Cloudy
5344,Ahmedabad,03/31/2024,29.9,0.0,79,Clear
5345,Ahmedabad,03/02/2023,31.7,3.4,52,Rainy
5346,Ahmedabad,2023-03-29,34.4,9.5,72,Cloudy
5347,Ahmedabad,06/08/2023,31.3,4.0,60,Rainy
5348,Ahmedabad,01/05/2024,32.8,11.5,82,Clear
5349,Ahmedabad,01/30/2023,18.2,1.9,54,Clear
5350,Ahmedabad,02/01/2024,15.5,0.0,51,Clear
5351,Ahmedabad,07/21/2024,28.6,0.0,64,Stormy
5352,Ahmedabad,09/20/2024,31.0,46.7,64,Foggy
5353,Ahmedabad,08/04/2023,30.8,112.1,21,Rainy
5354,Ahmedabad,2024.12.25,17.4,4.0,57,Clear
5355,Ahmedabad,10/07/2024,25.2,1.7,75,Cloudy
5356,Ahmedabad,05/25/2023,31.2,0.0,67,Humid
5357,Ahmedabad,2024.07.20,30.9,152.9,63,Rainy
5358,Ahmedabad,2024-01-06,19.8,7.9,52,Cloudy
5359,Ahmedabad,2023-09-02,29.1,0.0,65,Cloudy
5360,Ahmedabad,2024.08.29,28.5,37.3,36,Rainy
5361,Ahmedabad,2023.02.20,17.7,0.0,56,Cloudy
5362,Ahmedabad,2023.04.12,32.9,0.0,86,Cloudy
5363,Ahmedabad,2023-07-04,29.3,0.0,65,Clear
5364,Ahmedabad,2024-08-25,22.1,230.7,60,Cloudy
5365,Ahmedabad,01-01-2024,18.6,8.0,96,Rainy
5366,Ahmedabad,11/15/2024,31.6,38.5,56,Cloudy
5367,Ahmedabad,04/12/2024,15.1,0.6,46,Cloudy
5368,Ahmedabad,17/06/2023,25.9,0.0,77,Humid
5369,Ahmedabad,2024.11.03,27.8,40.0,67,Cloudy
5370,Ahmedabad,07/13/2023,26.3,0.0,73,Cloudy
5371,Ahmedabad,17/01/2024,22.7,5.0,63,Cloudy
5372,Ahmedabad,09-02-2024,16.6,39.4,47,Stormy
5373,Ahmedabad,2024.11.16,24.1,14.9,52,Foggy
5374,Ahmedabad,2023.08.08,22.1,78.2,38,Clear
5375,Ahmedabad,02/23/2024,18.8,0.0,59,Foggy
5376,Ahmedabad,22/08/2023,31.4,212.4,76,Humid
5377,Ahmedabad,2023-01-14,15.7,1.0,-60,Stormy
5378,Ahmedabad,2023.01.29,17.2,2.6,79,Clear
5379,Ahmedabad,03-09-2023,24.8,75.7,55,Stormy
5380,Ahmedabad,03/10/2024,28.0,42.7,55,Foggy
5381,Ahmedabad,06/08/2023,26.6,152.7,82,Humid
5382,Ahmedabad,16-04-2023,29.1,4.8,76,Clear
5383,Ahmedabad,01/24/2024,29.0,2.5,49,Humid
5384,Ahmedabad,01/01/2023,15.3,8.1,80,Cloudy
5385,Ahmedabad,2023.02.23,18.8,17.1,-42,Foggy
5386,Ahmedabad,2024.09.13,29.9,38.0,73,Clear
5387,Ahmedabad,2023-01-17,18.6,6.0,69,Humid
5388,Ahmedabad,01/11/2024,26.7,0.0,60,Rainy
5389,Ahmedabad,2024-12-27,14.0,4.1,73,Cloudy
5390,Ahmedabad,08/14/2024,23.1,0.0,37,Humid
5391,Ahmedabad,07/28/2023,27.0,0.0,45,Humid
5392,Ahmedabad,15-07-2023,29.2,265.2,55,Clear
5393,Ahmedabad,01/21/2024,15.4,9.6,96,Humid
5394,Ahmedabad,05-04-2024,33.4,5.7,74,Clear
5395,Ahmedabad,02/08/2024,24.3,115.6,70,Cloudy
5396,Ahmedabad,18/02/2024,19.9,13.3,48,Cloudy
5397,Ahmedabad,2024.06.17,35.0,182.7,79,Rainy
5398,Ahmedabad,2023.06.14,32.0,35.2,21,Clear
5399,Ahmedabad,2024.06.15,29.6,17.1,69,Humid
5400,Ahmedabad,06/28/2024,25.3,0.0,87,Cloudy
5401,Ahmedabad,2023.04.11,33.2,2.7,62,Cloudy
5402,Ahmedabad,2023-02-28,15.2,4.4,49,Humid
5403,Ahmedabad,2023.10.06,26.7,0.0,72,Cloudy
5404,Ahmedabad,2024.02.25,18.5,4.9,49,Humid
5405,Ahmedabad,28/09/2024,31.2,92.9,43,Humid
5406,Ahmedabad,27-04-2024,37.6,12.2,80,Clear
5407,Ahmedabad,2023-05-10,31.0,3.7,44,Clear
5408,Ahmedabad,03/19/2024,31.3,0.3,75,Humid
5409,Ahmedabad,2024.11.10,21.4,25.6,73,Rainy
5410,Ahmedabad,29-03-2024,27.5,2.0,69,Foggy
5411,Ahmedabad,01/03/2023,34.5,3.4,54,Rainy
5412,Ahmedabad,2024-10-15,29.6,6.8,43,Cloudy
5413,Ahmedabad,2023-09-15,28.3,91.2,69,Clear
5414,Ahmedabad,07/25/2024,28.2,213.9,54,Foggy
5415,Ahmedabad,01/20/2023,17.5,0.0,52,Rainy
5416,Ahmedabad,03/02/2023,9.5,2.3,81,Cloudy
5417,Ahmedabad,2023.06.23,23.7,0.0,50,Humid
5418,Ahmedabad,2024.11.28,23.9,0.0,73,Clear
5419,Ahmedabad,2023-06-21,30.6,142.2,68,Humid
5420,Ahmedabad,2024.06.20,31.4,99.5,45,Cloudy
5421,Ahmedabad,07/01/2023,29.2,0.0,62,Clear
5422,Ahmedabad,25/02/2023,16.6,1.5,43,Cloudy
5423,Ahmedabad,06-05-2023,30.3,17.6,53,Stormy
5424,Ahmedabad,2023.10.11,25.3,17.2,74,Humid
5425,Ahmedabad,16/07/2023,30.5,1.3,85,Foggy
5426,Ahmedabad,2023.07.23,31.3,0.0,68,Rainy
5427,Ahmedabad,07/04/2024,38.2,0.0,48,Foggy
5428,Ahmedabad,01/17/2024,19.8,5.1,62,Cloudy
5429,Ahmedabad,2024-08-18,34.0,17.3,66,Stormy
5430,Ahmedabad,12/11/2023,22.9,6.8,57,Clear
5431,Ahmedabad,13/01/2023,18.5,0.5,47,Foggy
5432,Ahmedabad,08/04/2024,34.1,0.0,49,Stormy
5433,Ahmedabad,26-08-2024,16.6,22.0,32,Rainy
5434,Ahmedabad,20-08-2024,35.6,0.0,63,Foggy
5435,Ahmedabad,03/31/2023,30.8,0.0,68,Clear
5436,Ahmedabad,2024-10-15,32.8,3.8,48,Clear
5437,Ahmedabad,01-09-2023,30.3,0.0,60,Clear
5438,Ahmedabad,10/25/2024,30.9,103.9,100,Rainy
5439,Ahmedabad,2024.05.26,27.8,5.1,70,Clear
5440,Ahmedabad,21/01/2023,11.4,4.4,69,Humid
5441,Ahmedabad,06/14/2024,34.5,0.0,68,Clear
5442,Ahmedabad,03/23/2024,31.5,1.6,58,Humid
5443,Ahmedabad,2023.03.07,23.3,1.6,43,Clear
5444,Ahmedabad,16-05-2024,31.7,6.8,71,Humid
5445,Ahmedabad,2024.12.19,21.4,9.0,49,Stormy
5446,Ahmedabad,09/07/2024,27.4,0.0,-83,Humid
5447,Ahmedabad,08/11/2024,24.3,42.0,43,Clear
5448,Ahmedabad,2023.03.27,41.0,0.0,47,Humid
5449,Ahmedabad,2023-05-29,36.2,17.4,56,Clear
5450,Ahmedabad,01-07-2024,30.8,2.0,60,Humid
5451,Ahmedabad,07/15/2024,26.5,382.4,63,Clear
5452,Ahmedabad,20/07/2023,32.0,90.8,69,Rainy
5453,Ahmedabad,01/10/2023,19.2,12.8,75,Clear
5454,Ahmedabad,08/23/2023,31.6,163.6,53,Rainy
5455,Ahmedabad,18/04/2024,34.6,0.0,82,Clear
5456,Ahmedabad,10/07/2023,27.3,106.2,44,Cloudy
5457,Ahmedabad,15/08/2023,27.5,0.0,47,Rainy
5458,Ahmedabad,2023.07.02,28.2,0.0,81,Clear
5459,Ahmedabad,2024.10.03,21.8,5.1,66,Humid
5460,Ahmedabad,01/12/2024,23.3,0.0,46,Cloudy
5461,Ahmedabad,2023.04.24,31.4,4.5,72,Foggy
5462,Ahmedabad,08/21/2023,24.7,55.8,54,Clear
5463,Ahmedabad,2024-03-16,28.7,0.0,57,Clear
5464,Ahmedabad,10/30/2023,25.0,22.5,68,Clear
5465,Ahmedabad,2024-04-15,30.2,13.0,65,Humid
5466,Ahmedabad,2024.09.11,26.7,0.0,48,Humid
5467,Ahmedabad,17-04-2024,34.1,1.0,56,Clear
5468,Ahmedabad,25-10-2024,22.6,0.1,77,Rainy
5469,Ahmedabad,2024-08-17,34.0,347.4,39,Rainy
5470,Ahmedabad,12/01/2023,20.7,6.1,58,Clear
5471,Ahmedabad,2023-11-23,24.0,19.5,80,Clear
5472,Ahmedabad,2023.02.15,18.8,13.4,42,Foggy
5473,Ahmedabad,2023.01.31,18.3,0.0,64,Cloudy
5474,Ahmedabad,07/22/2023,25.1,0.0,37,Clear
5475,Ahmedabad,20/10/2023,25.9,34.4,37,Foggy
5476,Ahmedabad,22/10/2023,18.4,7.9,38,Clear
5477,Ahmedabad,2023-08-20,28.6,59.5,57,Rainy
5478,Ahmedabad,2024-08-09,26.6,24.8,68,Humid
5479,Ahmedabad,03/04/2023,38.2,0.0,71,Clear
5480,Ahmedabad,2023.07.04,26.8,140.3,65,Humid
5481,Ahmedabad,12-05-2023,33.7,3.4,33,Cloudy
5482,Ahmedabad,13/03/2024,38.8,3.6,39,Cloudy
5483,Ahmedabad,2023-10-03,31.8,87.9,74,Humid
5484,Ahmedabad,26-04-2023,40.5,1.8,59,Humid
5485,Ahmedabad,2023-12-10,14.9,0.4,50,Cloudy
5486,Ahmedabad,2024-08-07,26.4,48.7,68,Humid
5487,Ahmedabad,2024.01.18,17.2,2.8,43,Cloudy
5488,Ahmedabad,04/07/2023,34.7,86.9,65,Clear
5489,Ahmedabad,14-09-2024,29.1,0.0,77,Clear
5490,Ahmedabad,2023-12-14,18.5,3.2,59,Clear
5491,Ahmedabad,2024.01.22,15.3,3.0,62,Rainy
5492,Ahmedabad,07/16/2023,28.3,2.3,52,Cloudy
5493,Ahmedabad,2024-05-01,30.4,0.0,62,Humid
5494,Ahmedabad,07/31/2024,25.7,7.0,69,Clear
5495,Ahmedabad,18-06-2023,28.8,30.6,-44,Clear
5496,Ahmedabad,03/22/2024,41.2,27.9,-41,Rainy
5497,Ahmedabad,11/02/2024,29.5,0.0,95,Clear
5498,Ahmedabad,25-05-2024,33.7,11.6,38,Humid
5499,Ahmedabad,10/28/2024,29.9,16.8,100,Foggy
5500,Ahmedabad,23/08/2023,30.8,64.5,42,Foggy
5501,Ahmedabad,2023.04.03,34.4,0.0,40,Rainy
5502,Ahmedabad,2023-01-11,19.2,0.0,76,Stormy
5503,Ahmedabad,09/10/2023,28.9,615.4,81,Foggy
5504,Ahmedabad,07/21/2023,32.5,26.8,51,Cloudy
5505,Ahmedabad,26-05-2024,37.5,11.3,54,Rainy
5506,Ahmedabad,21-11-2024,26.1,0.0,54,Stormy
5507,Ahmedabad,09/28/2024,25.3,54.5,71,Clear
5508,Ahmedabad,2024.01.19,54.7,6.5,82,Clear
5509,Ahmedabad,2023.03.11,34.9,0.0,53,Humid
5510,Ahmedabad,2023-08-26,30.9,121.3,58,Foggy
5511,Ahmedabad,31-03-2023,29.2,0.0,53,Foggy
5512,Ahmedabad,22-03-2024,32.7,5.5,45,Cloudy
5513,Ahmedabad,2024.11.08,27.8,0.0,65,Rainy
5514,Ahmedabad,09/01/2023,20.1,3.3,34,Rainy
5515,Ahmedabad,11/09/2024,27.0,72.9,54,Stormy
5516,Ahmedabad,03-08-2023,21.8,42.8,63,Clear
5517,Ahmedabad,2023-11-23,17.7,0.0,47,Cloudy
5518,Ahmedabad,16-08-2023,32.7,2.5,66,Clear
5519,Ahmedabad,17/05/2024,28.7,0.0,72,Cloudy
5520,Ahmedabad,2023-08-01,28.4,22.7,65,Clear
5521,Ahmedabad,2024.05.09,32.7,1.1,53,Humid
5522,Ahmedabad,11/02/2023,19.0,0.8,61,Clear
5523,Ahmedabad,10/10/2023,29.0,31.2,71,Rainy
5524,Ahmedabad,10/26/2024,29.2,0.4,53,Cloudy
5525,Ahmedabad,28-02-2023,16.4,7.7,45,Clear
5526,Ahmedabad,28/01/2024,15.0,4.1,90,Clear
5527,Ahmedabad,2024.11.27,29.1,43.8,60,Clear
5528,Ahmedabad,13-03-2023,29.7,1.3,77,Clear
5529,Ahmedabad,2024-04-07,29.6,0.0,35,Foggy
5530,Ahmedabad,2024-03-19,35.1,8.2,85,Cloudy
5531,Ahmedabad,02/14/2023,13.8,0.9,40,Clear
5532,Ahmedabad,26-06-2024,24.8,108.5,82,Clear
5533,Ahmedabad,2023.03.03,34.1,10.2,62,Humid
5534,Ahmedabad,2024.08.20,25.8,136.7,61,Humid
5535,Ahmedabad,2024-12-20,20.7,0.0,78,Clear
5536,Ahmedabad,2023.01.09,18.7,2.4,84,Humid
5537,Ahmedabad,05-11-2023,26.1,3.0,63,Rainy
5538,Ahmedabad,2023-08-23,24.2,42.6,54,Foggy
5539,Ahmedabad,2024.10.23,20.5,0.0,65,Cloudy
5540,Ahmedabad,05/15/2023,29.0,9.8,43,Clear
5541,Ahmedabad,26/03/2023,25.9,13.8,31,Cloudy
5542,Ahmedabad,2024-01-27,15.8,0.0,53,Stormy
5543,Ahmedabad,2023.09.07,33.5,122.7,10,Clear
5544,Ahmedabad,04/10/2024,36.3,3.9,34,Stormy
5545,Ahmedabad,2023.09.09,29.8,64.0,64,Rainy
5546,Ahmedabad,13/11/2024,27.8,0.0,43,Cloudy
5547,Ahmedabad,10/02/2024,15.3,20.5,68,Cloudy
5548,Ahmedabad,07/29/2023,27.6,73.0,27,Cloudy
5549,Ahmedabad,2024-12-31,17.5,0.0,59,Cloudy
5550,Ahmedabad,24-01-2024,21.5,6.5,47,Cloudy
5551,Ahmedabad,05/28/2023,30.7,3.3,32,Clear
5552,Ahmedabad,26/12/2024,22.6,4.3,54,Clear
5553,Ahmedabad,26/04/2023,33.0,0.0,74,Clear
5554,Ahmedabad,2024.03.16,34.9,0.0,47,Clear
5555,Ahmedabad,07/07/2023,31.5,76.9,72,Rainy
5556,Ahmedabad,09/05/2023,28.1,15.6,56,Cloudy
5557,Ahmedabad,01-04-2024,32.9,3.1,61,Rainy
5558,Ahmedabad,29/09/2024,36.6,291.4,73,Clear
5559,Ahmedabad,2023-02-14,15.7,10.3,53,Clear
5560,Ahmedabad,2024.01.08,18.1,1.4,67,Stormy
5561,Ahmedabad,20-02-2023,12.3,1.2,65,Clear
5562,Ahmedabad,21/12/2023,12.8,2.6,56,Clear
5563,Ahmedabad,08/06/2023,55.4,46.2,92,Clear
5564,Ahmedabad,2023.11.07,24.9,23.2,76,Cloudy
5565,Ahmedabad,21/11/2023,35.4,23.9,-38,Rainy
5566,Ahmedabad,23-06-2024,25.5,0.0,12,Foggy
5567,Ahmedabad,2024-05-01,27.4,5.1,61,Cloudy
5568,Ahmedabad,2023-06-26,21.2,82.4,89,Rainy
5569,Ahmedabad,13-03-2024,32.6,2.5,74,Clear
5570,Ahmedabad,30-03-2023,32.9,6.2,47,Cloudy
5571,Ahmedabad,24-12-2023,21.0,0.3,46,Foggy
5572,Ahmedabad,22/02/2024,21.4,2.3,61,Cloudy
5573,Ahmedabad,2023-12-06,18.5,0.8,74,Cloudy
5574,Ahmedabad,09-06-2024,22.1,,55,Cloudy
5575,Ahmedabad,2023.07.24,29.0,41.7,52,Rainy
5576,Ahmedabad,2024-08-22,24.6,292.6,47,Rainy
5577,Ahmedabad,20-03-2024,39.4,0.0,75,Humid
5578,Ahmedabad,2023-01-03,14.7,3.9,78,Clear
5579,Ahmedabad,25-02-2024,22.3,1.6,65,Rainy
5580,Ahmedabad,12/03/2024,32.9,11.8,73,Clear
5581,Ahmedabad,2023.09.02,28.6,0.6,69,Stormy
5582,Ahmedabad,05/05/2024,35.0,36.6,63,Cloudy
5583,Ahmedabad,07/23/2023,29.2,86.8,57,Stormy
5584,Ahmedabad,2024.06.15,30.1,18.9,50,Cloudy
5585,Ahmedabad,2023-07-15,31.5,76.8,59,Rainy
5586,Ahmedabad,19/02/2024,16.4,6.9,58,Clear
5587,Ahmedabad,07/07/2024,32.1,21.4,63,Rainy
5588,Ahmedabad,19-05-2023,27.0,0.1,51,Cloudy
5589,Ahmedabad,2023.03.17,31.2,10.3,64,Clear
5590,Ahmedabad,2023-06-19,27.2,183.9,46,Foggy
5591,Ahmedabad,2023.09.28,25.0,244.9,53,Clear
5592,Ahmedabad,2023-03-13,33.7,5.5,50,Clear
5593,Ahmedabad,11/04/2023,34.6,0.0,69,Clear
5594,Ahmedabad,11/08/2024,26.6,78.1,49,Foggy
5595,Ahmedabad,14-03-2024,31.8,2.8,84,Humid
5596,Ahmedabad,20/10/2024,22.0,12.5,64,Clear
5597,Ahmedabad,2024.10.23,19.1,18.8,81,Clear
5598,Ahmedabad,2023-08-25,38.0,0.0,34,Foggy
5599,Ahmedabad,06/04/2023,32.7,16.6,60,Rainy
5600,Ahmedabad,01/09/2023,15.8,0.0,44,Clear
5601,Ahmedabad,17-03-2023,43.0,17.5,50,Clear
5602,Ahmedabad,2023-12-13,21.0,7.2,56,Clear
5603,Ahmedabad,2024.01.12,15.6,0.0,78,Clear
5604,Ahmedabad,05/13/2023,35.0,0.9,38,Humid
5605,Ahmedabad,2024.10.01,31.7,10.7,56,Humid
5606,Ahmedabad,2024.11.01,25.3,14.6,65,Humid
5607,Ahmedabad,07/13/2023,36.9,159.5,48,Rainy
5608,Ahmedabad,2024.05.23,35.9,0.1,75,Cloudy
5609,Ahmedabad,15-01-2023,17.0,0.0,36,Stormy
5610,Ahmedabad,2024-10-03,23.4,0.0,78,Clear
5611,Ahmedabad,2024-05-04,30.0,0.0,60,Clear
5612,Ahmedabad,05/07/2024,31.1,0.0,49,Humid
5613,Ahmedabad,2024-11-07,31.2,0.0,65,Clear
5614,Ahmedabad,08/07/2023,32.5,0.0,72,Rainy
5615,Ahmedabad,07/14/2023,33.7,29.0,32,Humid
5616,Ahmedabad,2023-07-15,33.2,23.9,26,Cloudy
5617,Ahmedabad,13-01-2024,13.5,5.6,56,Cloudy
5618,Ahmedabad,06/13/2023,31.7,216.3,63,Cloudy
5619,Ahmedabad,03-12-2024,22.2,0.0,71,Clear
5620,Ahmedabad,30/01/2024,14.5,11.8,61,Stormy
5621,Ahmedabad,31/03/2024,37.6,8.1,72,Cloudy
5622,Ahmedabad,2023.01.07,13.9,4.9,61,Stormy
5623,Ahmedabad,04-03-2024,28.1,1.7,41,Stormy
5624,Ahmedabad,2023.01.24,15.3,4.8,42,Clear
5625,Ahmedabad,2023-11-20,19.2,59.9,59,Cloudy
5626,Ahmedabad,02/01/2024,16.5,0.0,47,Clear
5627,Ahmedabad,2024.05.21,34.6,0.0,-75,Clear
5628,Ahmedabad,2023.10.09,29.1,88.3,66,Clear
5629,Ahmedabad,07/06/2023,31.0,0.0,65,Humid
5630,Ahmedabad,2024-01-29,18.9,4.3,58,Clear
5631,Ahmedabad,2023-06-11,26.0,28.3,54,Rainy
5632,Ahmedabad,2023.11.12,30.8,0.0,47,Cloudy
5633,Ahmedabad,2024.09.10,30.3,26.2,94,Rainy
5634,Ahmedabad,13-10-2024,28.4,3.2,69,Clear
5635,Ahmedabad,18/05/2024,58.4,0.0,71,Rainy
5636,Ahmedabad,30/05/2023,30.5,0.6,45,Clear
5637,Ahmedabad,2024-07-21,27.6,0.0,75,Cloudy
5638,Ahmedabad,04-11-2023,26.4,6.0,53,Humid
5639,Ahmedabad,01/04/2023,34.7,9.7,76,Rainy
5640,Ahmedabad,2024-09-03,25.4,212.5,75,Clear
5641,Ahmedabad,2023.08.24,23.7,18.4,73,Foggy
5642,Ahmedabad,20-05-2024,33.9,0.0,62,Foggy
5643,Ahmedabad,2023-10-21,33.1,61.2,66,Cloudy
5644,Ahmedabad,30-10-2023,22.7,8.2,48,Foggy
5645,Ahmedabad,05/10/2023,29.2,8.6,25,Foggy
5646,Ahmedabad,25-12-2023,15.8,0.6,89,Stormy
5647,Ahmedabad,2023-10-12,27.7,5.1,75,Clear
5648,Ahmedabad,03/02/2023,13.8,1.1,57,Clear
5649,Ahmedabad,20-08-2023,27.2,42.2,72,Clear
5650,Ahmedabad,2024.05.03,33.4,2.5,56,Clear
5651,Ahmedabad,28/04/2023,25.4,0.0,43,Cloudy
5652,Ahmedabad,01-10-2023,23.5,44.9,57,Cloudy
5653,Ahmedabad,13-05-2024,41.6,0.0,64,Rainy
5654,Ahmedabad,24/11/2024,22.5,,38,Clear
5655,Ahmedabad,04/09/2023,27.6,2.7,40,Foggy
5656,Ahmedabad,10-09-2024,26.4,79.0,52,Humid
5657,Ahmedabad,22/02/2024,22.1,1.0,54,Humid
5658,Ahmedabad,11/05/2024,21.7,0.0,58,Clear
5659,Ahmedabad,09/30/2023,18.0,98.2,62,Humid
5660,Ahmedabad,2024-12-09,16.1,0.3,60,Cloudy
5661,Ahmedabad,08-05-2023,32.2,0.0,58,Humid
5662,Ahmedabad,02/11/2024,15.6,0.0,43,Foggy
5663,Ahmedabad,2024.03.31,34.2,1.4,64,Clear
5664,Ahmedabad,2023-01-26,12.0,0.0,85,Cloudy
5665,Ahmedabad,19/10/2024,25.9,26.2,73,Clear
5666,Ahmedabad,2024.04.23,33.4,4.9,67,Rainy
5667,Ahmedabad,2023-11-08,24.3,0.0,51,Cloudy
5668,Ahmedabad,2023-11-04,27.2,0.0,34,Stormy
5669,Ahmedabad,08/20/2023,26.9,0.0,59,Clear
5670,Ahmedabad,11/05/2023,36.5,10.8,72,Clear
5671,Ahmedabad,02/27/2024,22.6,6.6,48,Humid
5672,Ahmedabad,04/05/2024,35.0,0.0,71,Foggy
5673,Ahmedabad,25/09/2023,30.4,10.8,73,Rainy
5674,Ahmedabad,06/06/2023,22.2,208.5,53,Cloudy
5675,Ahmedabad,2024.03.21,37.1,,67,Clear
5676,Ahmedabad,10/23/2023,26.0,18.9,57,Cloudy
5677,Ahmedabad,08/31/2023,30.6,95.7,60,Humid
5678,Ahmedabad,01-01-2024,23.3,1.5,48,Clear
5679,Ahmedabad,2023-02-16,18.6,1.3,24,Cloudy
5680,Ahmedabad,2023-01-12,15.9,0.0,55,Humid
5681,Ahmedabad,2024.10.18,30.8,12.4,51,Humid
5682,Ahmedabad,2023.05.04,32.5,2.3,59,Rainy
5683,Ahmedabad,08/13/2023,28.8,203.8,63,Rainy
5684,Ahmedabad,2023.10.11,29.1,0.0,63,Humid
5685,Ahmedabad,08/05/2024,24.8,0.0,73,Rainy
5686,Ahmedabad,11/12/2024,24.1,0.0,76,Cloudy
5687,Ahmedabad,12/15/2023,18.8,2.1,82,Humid
5688,Ahmedabad,04/05/2024,35.8,11.2,69,Clear
5689,Ahmedabad,01/07/2023,14.6,12.4,64,Foggy
5690,Ahmedabad,2024.04.02,51.5,18.2,56,Foggy
5691,Ahmedabad,2023.11.15,27.6,60.5,56,Clear
5692,Ahmedabad,2023-01-18,22.0,13.5,38,Clear
5693,Ahmedabad,11/11/2024,34.7,88.8,54,Foggy
5694,Ahmedabad,2023-01-10,18.1,0.0,50,Clear
5695,Ahmedabad,25-08-2023,28.7,203.5,49,Clear
5696,Ahmedabad,29/06/2024,31.2,0.0,57,Clear
5697,Ahmedabad,09/03/2023,36.4,273.0,48,Rainy
5698,Ahmedabad,07/09/2024,23.0,6.5,76,Humid
5699,Ahmedabad,31-07-2024,34.9,63.8,87,Humid
5700,Ahmedabad,08/14/2023,32.4,90.8,67,Cloudy
5701,Ahmedabad,2024.08.26,24.8,200.8,74,Rainy
5702,Ahmedabad,20-01-2023,23.6,0.0,48,Clear
5703,Ahmedabad,20-06-2023,29.1,74.1,55,Clear
5704,Ahmedabad,03/03/2023,31.7,10.1,74,Rainy
5705,Ahmedabad,21/07/2023,27.8,497.9,62,Clear
5706,Ahmedabad,2023.03.09,37.4,1.8,49,Rainy
5707,Ahmedabad,2024.11.29,27.8,0.0,47,Foggy
5708,Ahmedabad,16/03/2023,18.1,1.4,64,Cloudy
5709,Ahmedabad,2024-03-14,33.6,9.8,54,Clear
5710,Ahmedabad,2024.08.23,25.8,78.1,69,Humid
5711,Ahmedabad,08/22/2024,23.7,0.0,76,Humid
5712,Ahmedabad,2023-01-16,14.7,4.0,57,Cloudy
5713,Ahmedabad,04/23/2024,35.2,2.5,60,Clear
5714,Ahmedabad,04-06-2024,29.9,30.9,62,Humid
5715,Ahmedabad,2024-10-28,24.7,13.2,59,Clear
5716,Ahmedabad,2023.07.26,22.8,53.6,88,Cloudy
5717,Ahmedabad,06/21/2023,24.7,0.0,90,Rainy
5718,Ahmedabad,11/03/2023,33.8,1.9,77,Cloudy
5719,Ahmedabad,29-01-2023,10.1,0.2,51,Humid
5720,Ahmedabad,2023-09-07,31.3,0.0,74,Clear
5721,Ahmedabad,12/21/2024,18.6,19.8,86,Clear
5722,Ahmedabad,22/05/2024,40.3,4.4,45,Rainy
5723,Ahmedabad,05/04/2024,34.1,0.5,75,Rainy
5724,Ahmedabad,2023-11-01,23.4,41.1,46,Clear
5725,Ahmedabad,09-12-2024,22.1,4.5,55,Clear
5726,Ahmedabad,2023-12-15,20.0,0.0,78,Cloudy
5727,Ahmedabad,2024-08-12,25.4,89.6,65,Rainy
5728,Ahmedabad,2024.01.26,17.9,0.6,55,Rainy
5729,Ahmedabad,2023-11-03,16.9,14.5,37,Clear
5730,Ahmedabad,05/02/2023,30.1,0.0,77,Cloudy
5731,Ahmedabad,06/30/2024,28.7,12.1,42,Clear
5732,Ahmedabad,07/03/2023,39.2,0.0,76,Rainy
5733,Ahmedabad,10-08-2024,28.8,78.7,61,Cloudy
5734,Ahmedabad,11/11/2024,19.2,38.9,67,Humid
5735,Ahmedabad,2023-08-22,33.5,0.0,53,Humid
5736,Ahmedabad,2023-10-04,31.9,10.0,73,Clear
5737,Ahmedabad,12/21/2023,17.1,0.0,50,Humid
5738,Ahmedabad,2023-12-26,20.2,9.2,38,Clear
5739,Ahmedabad,06/07/2024,20.6,174.9,83,Cloudy
5740,Ahmedabad,2023-10-29,18.1,22.1,60,Rainy
5741,Ahmedabad,27-01-2023,20.7,1.6,56,Clear
5742,Ahmedabad,03-03-2023,23.7,0.0,63,Humid
5743,Ahmedabad,2024-06-05,24.2,0.0,79,Cloudy
5744,Ahmedabad,04/02/2024,25.5,0.1,74,Humid
5745,Ahmedabad,2024-01-20,14.0,4.7,57,Clear
5746,Ahmedabad,2023.09.16,37.4,53.8,48,Foggy
5747,Ahmedabad,07/28/2024,29.7,0.0,84,Foggy
5748,Ahmedabad,05/03/2024,37.6,0.0,53,Clear
5749,Ahmedabad,10/28/2024,19.5,0.0,62,Cloudy
5750,Ahmedabad,11-05-2023,51.6,0.1,61,Cloudy
5751,Ahmedabad,03/22/2024,31.1,1.6,70,Clear
5752,Ahmedabad,01/29/2023,17.5,0.5,60,Foggy
5753,Ahmedabad,21/07/2023,23.8,76.1,76,Rainy
5754,Ahmedabad,02/08/2024,32.0,0.0,58,Clear
5755,Ahmedabad,10-03-2023,33.5,9.6,40,Clear
5756,Ahmedabad,2023.12.11,11.2,8.6,72,Cloudy
5757,Ahmedabad,21-11-2024,21.3,27.9,45,Rainy
5758,Ahmedabad,01/04/2024,38.3,0.5,57,Cloudy
5759,Ahmedabad,04/03/2023,34.7,3.6,91,Clear
5760,Ahmedabad,2024.08.20,25.0,39.7,62,Cloudy
5761,Ahmedabad,12/03/2023,39.7,0.0,77,Clear
5762,Ahmedabad,30/09/2024,25.8,136.7,59,Humid
5763,Ahmedabad,02-08-2023,36.4,0.0,52,Clear
5764,Ahmedabad,17-06-2023,27.7,0.0,54,Clear
5765,Ahmedabad,2024-05-11,39.4,3.2,64,Stormy
5766,Ahmedabad,2024.03.25,30.8,10.7,55,Rainy
5767,Ahmedabad,07/25/2023,18.5,268.0,54,Stormy
5768,Ahmedabad,17-04-2023,38.7,3.0,66,Foggy
5769,Ahmedabad,2024-09-09,33.3,0.0,77,Rainy
5770,Ahmedabad,24/04/2024,38.3,2.7,69,Foggy
5771,Ahmedabad,2023.03.17,24.0,3.4,41,Humid
5772,Ahmedabad,03-11-2024,23.8,36.7,52,Clear
5773,Ahmedabad,2023-02-16,22.2,4.1,67,Rainy
5774,Ahmedabad,05/12/2024,39.3,0.0,58,Humid
5775,Ahmedabad,24-05-2023,33.5,0.0,61,Stormy
5776,Ahmedabad,24/12/2023,21.6,0.0,61,Stormy
5777,Ahmedabad,23-04-2023,34.6,9.2,58,Foggy
5778,Ahmedabad,30/12/2023,16.0,0.0,76,Foggy
5779,Ahmedabad,05/09/2023,38.4,0.0,42,Rainy
5780,Ahmedabad,11/20/2023,28.7,23.3,62,Humid
5781,Ahmedabad,22/07/2024,27.6,151.7,69,Clear
5782,Ahmedabad,29/01/2024,25.7,3.5,76,Clear
5783,Ahmedabad,2024.11.07,29.7,0.0,61,Cloudy
5784,Ahmedabad,04-07-2024,26.5,0.0,66,Humid
5785,Ahmedabad,2024-10-30,27.2,2.4,43,Cloudy
5786,Ahmedabad,2024.11.20,21.2,0.0,71,Cloudy
5787,Ahmedabad,03-02-2023,17.8,0.5,67,Clear
5788,Ahmedabad,25/04/2024,36.7,0.0,38,Cloudy
5789,Ahmedabad,2024-06-09,30.7,73.0,55,Foggy
5790,Ahmedabad,12/03/2024,26.0,0.0,64,Clear
5791,Ahmedabad,15-02-2024,14.4,10.8,46,Clear
5792,Ahmedabad,17-11-2024,26.9,29.6,68,Clear
5793,Ahmedabad,02-02-2024,20.2,0.0,56,Foggy
5794,Ahmedabad,2023-05-14,37.1,47.3,59,Clear
5795,Ahmedabad,04-12-2023,15.5,1.8,72,Humid
5796,Ahmedabad,2023-02-17,18.2,2.4,94,Rainy
5797,Ahmedabad,2023.05.23,32.7,4.4,45,Clear
5798,Ahmedabad,2023-06-27,51.7,489.2,60,Stormy
5799,Ahmedabad,07/07/2024,31.5,139.3,61,Rainy
5800,Ahmedabad,30/12/2023,20.2,0.0,53,Cloudy
5801,Ahmedabad,12/15/2023,16.5,0.0,48,Cloudy
5802,Ahmedabad,2023.04.10,30.4,0.0,73,Cloudy
5803,Ahmedabad,23-01-2024,20.3,2.0,57,Cloudy
5804,Ahmedabad,2023-09-02,23.3,0.0,48,Humid
5805,Ahmedabad,12/18/2023,18.2,0.5,45,Cloudy
5806,Ahmedabad,23-10-2024,25.2,12.9,50,Foggy
5807,Ahmedabad,14/11/2023,28.4,15.1,36,Cloudy
5808,Ahmedabad,2023-06-15,30.1,18.0,76,Cloudy
5809,Ahmedabad,2024.01.17,15.6,3.7,62,Clear
5810,Ahmedabad,08/22/2024,33.7,29.3,62,Cloudy
5811,Ahmedabad,28-09-2023,27.3,37.4,91,Foggy
5812,Ahmedabad,2024-02-06,13.0,5.7,37,Rainy
5813,Ahmedabad,21/07/2024,35.1,48.7,64,Rainy
5814,Ahmedabad,27-10-2023,24.3,5.5,62,Cloudy
5815,Ahmedabad,16-06-2023,30.6,0.0,67,Cloudy
5816,Ahmedabad,2023-09-15,35.1,50.0,70,Cloudy
5817,Ahmedabad,11/20/2024,31.7,52.6,53,Rainy
5818,Ahmedabad,2023.03.09,41.0,0.0,65,Foggy
5819,Ahmedabad,2024.04.06,30.8,0.0,80,Cloudy
5820,Ahmedabad,2023-10-09,53.7,0.0,73,Humid
5821,Ahmedabad,2024-05-24,36.4,14.6,61,Humid
5822,Ahmedabad,13-02-2023,16.2,9.1,30,Humid
5823,Ahmedabad,25/02/2023,12.7,0.0,52,Rainy
5824,Ahmedabad,2023.02.13,21.1,5.3,50,Humid
5825,Ahmedabad,10/21/2024,23.1,0.0,56,Clear
5826,Ahmedabad,2024.02.05,13.1,9.5,63,Clear
5827,Ahmedabad,2023.02.08,16.9,8.2,41,Foggy
5828,Ahmedabad,05/07/2023,29.4,7.1,57,Rainy
5829,Ahmedabad,2024.03.08,34.2,10.0,35,Cloudy
5830,Ahmedabad,2023.10.26,26.9,0.0,49,Clear
5831,Ahmedabad,09-08-2024,28.3,14.0,64,Rainy
5832,Ahmedabad,03/27/2023,36.7,10.8,74,Foggy
5833,Ahmedabad,2023-12-31,19.0,5.1,51,Cloudy
5834,Ahmedabad,01/21/2024,14.4,,63,Clear
5835,Ahmedabad,17-05-2023,29.5,9.8,65,Humid
5836,Ahmedabad,2024-06-14,28.3,58.5,54,Rainy
5837,Ahmedabad,2024.05.23,28.0,0.0,15,Clear
5838,Ahmedabad,2023-12-27,21.3,1.8,71,Rainy
5839,Ahmedabad,2024-01-26,17.7,0.2,46,Cloudy
5840,Ahmedabad,04/25/2023,25.4,12.7,65,Clear
5841,Ahmedabad,2024.12.02,15.4,1.7,63,Humid
5842,Ahmedabad,25-09-2024,25.1,35.8,59,Humid
5843,Ahmedabad,20-03-2023,47.1,10.5,56,Clear
5844,Ahmedabad,04-10-2024,20.6,0.0,51,Foggy
5845,Ahmedabad,02/11/2024,12.2,0.0,56,Cloudy
5846,Ahmedabad,2024.03.17,29.8,7.3,37,Clear
5847,Ahmedabad,18/07/2024,26.3,84.7,41,Humid
5848,Ahmedabad,19-10-2024,27.1,25.5,75,Clear
5849,Ahmedabad,20-12-2023,13.0,8.1,56,Stormy
5850,Ahmedabad,2024.12.08,14.9,2.3,55,Humid
5851,Ahmedabad,2024-11-01,23.2,23.0,77,Clear
5852,Ahmedabad,14/06/2023,30.6,0.0,84,Rainy
5853,Ahmedabad,01/13/2024,10.5,4.2,41,Rainy
5854,Ahmedabad,2024.02.08,19.7,0.1,80,Clear
5855,Ahmedabad,2024.09.16,30.1,84.6,43,Cloudy
5856,Ahmedabad,2023-06-15,16.7,,71,Clear
5857,Ahmedabad,2024.04.26,36.1,0.0,48,Cloudy
5858,Ahmedabad,09/25/2024,28.9,64.5,70,Rainy
5859,Ahmedabad,02/10/2023,17.7,0.1,61,Cloudy
5860,Ahmedabad,29/11/2023,20.7,,59,Clear
5861,Ahmedabad,2023-06-15,23.9,29.4,86,Clear
5862,Ahmedabad,07-08-2023,30.6,0.0,72,Rainy
5863,Ahmedabad,04/06/2023,36.3,0.0,41,Foggy
5864,Ahmedabad,30-07-2023,32.2,256.7,37,Humid
5865,Ahmedabad,19-03-2024,26.4,8.3,80,Rainy
5866,Ahmedabad,2023.07.05,28.5,37.2,88,Clear
5867,Ahmedabad,18-05-2024,31.1,11.8,96,Stormy
5868,Ahmedabad,2023-11-12,28.2,7.1,38,Clear
5869,Ahmedabad,2024-09-26,29.4,41.5,70,Rainy
5870,Ahmedabad,02/01/2024,26.0,,67,Stormy
5871,Ahmedabad,17/09/2023,26.4,0.0,51,Foggy
5872,Ahmedabad,2023.04.09,32.3,6.8,46,Rainy
5873,Ahmedabad,2024-06-30,25.7,92.1,71,Cloudy
5874,Ahmedabad,04/09/2023,37.3,0.0,63,Clear
5875,Ahmedabad,28-07-2024,31.2,52.4,50,Cloudy
5876,Ahmedabad,03/04/2023,33.8,0.0,72,Humid
5877,Jaipur,22/05/2024,33.9,9.5,88,Cloudy
5878,Jaipur,2024-03-20,38.0,0.8,76,Cloudy
5879,Jaipur,2024.09.12,19.1,53.4,71,Cloudy
5880,Jaipur,10-03-2024,37.1,10.5,81,Foggy
5881,Jaipur,24-02-2024,17.9,5.7,65,Clear
5882,Jaipur,24-01-2024,14.5,8.3,57,Clear
5883,Jaipur,21-03-2023,32.9,2.7,70,Rainy
5884,Jaipur,2023.06.13,30.4,131.8,73,Rainy
5885,Jaipur,2024-10-21,29.5,21.6,24,Cloudy
5886,Jaipur,2023-12-02,20.9,2.7,55,Humid
5887,Jaipur,24/06/2023,31.2,36.2,85,Foggy
5888,Jaipur,03/04/2024,30.4,14.5,92,Cloudy
5889,Jaipur,2024.04.25,30.9,3.5,52,Foggy
5890,Jaipur,2023.08.11,21.5,19.7,49,Clear
5891,,2024.06.23,27.5,156.5,46,Cloudy
5892,Jaipur,06/19/2023,30.5,136.1,66,Cloudy
5893,Jaipur,01/03/2024,32.8,10.6,37,Cloudy
5894,Jaipur,22/03/2023,37.1,6.4,60,Stormy
5895,Jaipur,2024.12.06,20.0,21.7,64,Clear
5896,Jaipur,14/12/2024,13.5,11.0,41,Cloudy
5897,Jaipur,05/07/2023,38.6,1.6,56,Clear
5898,Jaipur,11/03/2024,20.9,6.5,100,Humid
5899,Jaipur,05/10/2024,26.0,0.0,71,Clear
5900,Jaipur,04/04/2023,26.6,17.4,59,Cloudy
5901,Jaipur,16-12-2023,19.3,4.1,50,Foggy
5902,Jaipur,18/02/2024,26.0,1.4,57,Foggy
5903,Jaipur,30-07-2024,23.0,41.2,46,Rainy
5904,Jaipur,08-07-2023,23.8,53.4,49,Stormy
5905,Jaipur,12/18/2024,18.2,0.0,89,Foggy
5906,Jaipur,05-11-2023,28.7,11.9,62,Cloudy
5907,Jaipur,2024.03.16,24.6,2.4,38,Rainy
5908,Jaipur,2024.07.16,26.8,141.4,30,Cloudy
5909,Jaipur,02/18/2024,18.5,0.0,79,Clear
5910,Jaipur,06-04-2023,31.3,9.4,62,Clear
5911,Jaipur,2023.09.15,21.9,0.0,87,Rainy
5912,Jaipur,02/23/2024,28.9,14.2,43,Cloudy
5913,Jaipur,01/14/2023,14.6,5.6,61,Cloudy
5914,Jaipur,2023-01-16,15.4,0.0,58,Clear
5915,Jaipur,19/07/2024,26.0,0.0,49,Rainy
5916,Jaipur,2024.11.04,31.6,6.5,94,Clear
5917,Jaipur,24/09/2024,20.4,4.1,70,Clear
5918,Jaipur,2024.02.11,12.7,2.6,74,Humid
5919,Jaipur,2023-09-12,32.8,161.9,27,Cloudy
5920,Jaipur,2023-04-06,36.8,0.0,61,Cloudy
5921,Jaipur,25/06/2023,27.9,140.0,59,Cloudy
5922,Jaipur,07/16/2024,25.3,63.8,76,Humid
5923,Jaipur,30-10-2024,23.6,1.7,85,Cloudy
5924,Jaipur,05-03-2023,36.7,2.9,60,Humid
5925,Jaipur,2023-03-31,20.3,11.9,41,Clear
5926,Jaipur,03/19/2024,34.5,0.0,52,Cloudy
5927,Jaipur,31/01/2023,28.1,1.3,66,Humid
5928,Jaipur,2024-08-12,29.6,70.4,62,Cloudy
5929,Jaipur,19-03-2023,29.8,0.0,72,Foggy
5930,Jaipur,09/10/2024,23.4,0.0,32,Clear
5931,Jaipur,2024-09-03,29.5,51.9,66,Humid
5932,Jaipur,30-01-2023,18.3,1.5,35,Clear
5933,Jaipur,02/20/2024,16.7,3.5,52,Clear
5934,Jaipur,2023-06-05,23.6,12.9,52,Foggy
5935,Jaipur,10-05-2024,24.2,0.0,71,Clear
5936,Jaipur,09-02-2024,21.2,10.0,49,Humid
5937,Jaipur,2024.05.11,39.5,6.8,53,Cloudy
5938,Jaipur,11/29/2024,29.4,22.4,55,Clear
5939,Jaipur,2024-01-12,16.8,3.5,49,Rainy
5940,Jaipur,2024.10.12,32.9,55.8,48,Clear
5941,Jaipur,05/07/2023,37.2,41.3,58,Clear
5942,Jaipur,20-07-2024,24.4,3.7,75,Clear
5943,Jaipur,2024-09-06,33.5,80.5,44,Clear
5944,Jaipur,02/23/2023,20.7,,43,Clear
5945,Jaipur,2024-03-07,35.7,2.5,57,Stormy
5946,Jaipur,09-07-2024,31.8,125.1,69,Foggy
5947,Jaipur,27/03/2024,32.4,0.0,61,Clear
5948,Jaipur,02/02/2024,17.6,3.5,71,Clear
5949,Jaipur,2023-06-17,22.3,26.9,56,Rainy
5950,Jaipur,26-01-2024,14.9,8.3,47,Cloudy
5951,Jaipur,2023.09.07,27.4,92.0,53,Clear
5952,Jaipur,09/19/2024,29.2,0.0,63,Clear
5953,Jaipur,06/05/2023,33.4,107.9,55,Rainy
5954,Jaipur,07-03-2024,25.3,2.1,58,Humid
5955,Jaipur,08/14/2024,22.9,3.2,54,Clear
5956,Jaipur,19/10/2024,22.1,108.7,73,Clear
5957,Jaipur,04/21/2024,35.3,12.5,74,Foggy
5958,Jaipur,2024-02-12,16.9,0.0,77,Clear
5959,Jaipur,05/07/2023,50.1,53.1,66,Foggy
5960,Jaipur,13/10/2023,33.6,0.0,78,Clear
5961,Jaipur,2023.01.28,22.7,0.0,86,Clear
5962,Jaipur,12/10/2024,24.9,10.5,60,Foggy
5963,Jaipur,14/12/2024,23.2,0.0,47,Humid
5964,Jaipur,31/07/2024,30.2,137.1,63,Rainy
5965,Jaipur,2024-09-23,27.2,0.0,60,Clear
5966,Jaipur,03/02/2024,35.5,4.3,54,Stormy
5967,Jaipur,12/25/2023,19.7,4.4,86,Cloudy
5968,Jaipur,17/07/2024,28.3,394.0,48,Humid
5969,Jaipur,26/05/2024,37.6,0.0,68,Rainy
5970,Jaipur,2023-09-21,31.7,0.0,59,Stormy
5971,Jaipur,2023.09.29,32.2,71.9,39,Clear
5972,Jaipur,2024-12-21,17.3,0.0,27,Clear
5973,Jaipur,28-03-2023,37.5,6.0,81,Rainy
5974,Jaipur,10/26/2024,22.1,0.0,49,Cloudy
5975,Jaipur,17/01/2024,23.9,7.8,61,Clear
5976,Jaipur,20/12/2024,21.7,0.8,67,Clear
5977,Jaipur,2024-12-05,14.6,4.1,57,Humid
5978,Jaipur,2023.10.23,26.6,19.0,60,Stormy
5979,Jaipur,08-12-2024,14.3,4.7,64,Clear
5980,Jaipur,2024.04.02,38.7,18.3,49,Cloudy
5981,Jaipur,2024.04.26,35.2,0.4,70,Clear
5982,Jaipur,2023.09.13,26.4,37.4,38,Foggy
5983,Jaipur,02-06-2024,24.6,47.0,66,Clear
5984,Jaipur,2023-04-26,40.2,3.6,53,Cloudy
5985,Jaipur,2024-12-02,27.4,0.2,56,Clear
5986,Jaipur,15/09/2023,29.2,0.0,80,Stormy
5987,Jaipur,08/21/2023,25.6,120.9,45,Clear
5988,Jaipur,2024.07.13,30.0,0.0,66,Rainy
5989,Jaipur,2024.05.19,37.2,7.9,65,Rainy
5990,Jaipur,2024-09-05,22.5,73.6,59,Cloudy
5991,Jaipur,07/09/2024,27.3,0.0,57,Clear
5992,Jaipur,2024.05.29,25.5,3.6,64,Cloudy
5993,Jaipur,2024.03.12,27.9,1.3,39,Clear
5994,Jaipur,2024.04.29,36.7,0.0,45,Cloudy
5995,Jaipur,07/11/2024,27.2,0.0,50,Rainy
5996,Jaipur,2023-08-02,36.3,68.4,37,Cloudy
5997,Jaipur,12/05/2023,20.2,0.0,72,Cloudy
5998,Jaipur,14/09/2023,25.2,0.0,52,Clear
5999,Jaipur,14/03/2023,55.8,0.0,65,Cloudy
6000,Jaipur,2024.02.06,19.0,2.0,53,Foggy
6001,Jaipur,08-12-2023,11.3,0.3,61,Rainy
6002,Jaipur,16-07-2024,23.9,41.6,55,Foggy
6003,Jaipur,2023.07.12,27.8,0.0,52,Rainy
6004,Jaipur,06/11/2023,25.9,6.6,83,Rainy
6005,Jaipur,14-11-2024,19.1,25.4,54,Clear
6006,Jaipur,2024.06.08,32.0,137.9,61,Rainy
6007,Jaipur,30-09-2024,31.9,112.7,49,Humid
6008,Jaipur,08/28/2023,22.7,44.9,35,Cloudy
6009,Jaipur,17-02-2024,28.0,6.4,69,Clear
6010,Jaipur,10-05-2023,27.4,5.3,62,Humid
6011,Jaipur,09/15/2023,29.6,133.9,46,Cloudy
6012,Jaipur,2024-03-19,32.4,5.2,56,Clear
6013,Jaipur,06/07/2023,31.5,21.9,46,Foggy
6014,Jaipur,04/25/2024,39.5,0.0,61,Clear
6015,Jaipur,2023.12.27,20.9,2.6,65,Clear
6016,Jaipur,31-12-2024,9.9,14.1,49,Humid
6017,Jaipur,08/16/2023,29.0,112.5,54,Rainy
6018,Jaipur,29-12-2024,57.0,1.6,62,Clear
6019,Jaipur,2023-03-31,39.4,0.7,77,Cloudy
6020,Jaipur,2023-05-20,27.9,3.2,70,Clear
6021,Jaipur,2024-04-25,29.1,2.2,40,Humid
6022,Jaipur,28/03/2023,40.9,3.5,79,Clear
6023,Jaipur,03/26/2024,32.9,0.0,53,Cloudy
6024,Jaipur,2024-07-11,24.1,0.0,53,Cloudy
6025,Jaipur,2023-08-19,25.5,16.5,53,Humid
6026,Jaipur,2023-03-02,38.1,6.4,57,Clear
6027,Jaipur,03/07/2023,32.1,6.2,71,Humid
6028,Jaipur,2023-03-29,37.9,0.3,80,Clear
6029,Jaipur,2023.01.21,23.3,0.9,63,Humid
6030,Jaipur,11/12/2023,28.3,4.1,49,Clear
6031,Jaipur,2023-05-30,30.8,1.5,73,Clear
6032,Jaipur,04-12-2024,19.9,0.0,76,Clear
6033,Jaipur,2023.02.09,22.3,14.0,57,Cloudy
6034,Jaipur,10/02/2023,16.1,4.6,53,Stormy
6035,Jaipur,2024-05-31,26.3,5.5,82,Clear
6036,Jaipur,2024-03-18,34.9,2.0,50,Rainy
6037,Jaipur,09/09/2023,34.6,268.7,66,Foggy
6038,Jaipur,2023.05.16,30.7,11.4,52,Cloudy
6039,Jaipur,2023-07-05,35.7,811.3,44,Stormy
6040,Jaipur,2023.07.25,34.7,86.2,41,Rainy
6041,Jaipur,2024-07-19,22.6,0.0,48,Rainy
6042,Jaipur,19/07/2024,29.5,71.9,-54,Rainy
6043,Jaipur,2024-04-26,39.6,9.6,43,Humid
6044,Jaipur,08-01-2023,14.8,2.8,86,Rainy
6045,Jaipur,2023-03-11,40.4,7.8,57,Humid
6046,Jaipur,11/11/2024,26.5,43.1,65,Humid
6047,Jaipur,06/06/2023,31.5,174.2,47,Clear
6048,Jaipur,2023-10-03,24.6,0.0,66,Clear
6049,Jaipur,2024.09.17,29.7,156.7,61,Humid
6050,Jaipur,07/01/2024,29.0,259.3,37,Foggy
6051,Jaipur,2024.12.14,23.2,,68,Rainy
6052,Jaipur,2024-04-01,33.1,0.0,92,Cloudy
6053,Jaipur,2023.01.10,17.5,13.1,73,Cloudy
6054,Jaipur,01/12/2023,22.9,4.8,68,Clear
6055,Jaipur,26-03-2024,31.1,2.9,35,Clear
6056,Jaipur,11/14/2024,18.2,23.0,89,Cloudy
6057,Jaipur,2023.04.09,26.4,0.0,79,Humid
6058,Jaipur,25/08/2023,29.0,,66,Rainy
6059,Jaipur,2024.03.26,30.8,10.5,77,Rainy
6060,Jaipur,11/20/2023,30.1,,76,Rainy
6061,Jaipur,27/11/2024,16.6,25.2,58,Foggy
6062,Jaipur,21/12/2024,18.2,0.0,84,Cloudy
6063,Jaipur,2023.09.30,31.4,54.4,65,Clear
6064,Jaipur,2024-08-11,29.5,277.1,58,Clear
6065,Jaipur,2024-02-19,23.5,0.5,34,Clear
6066,Jaipur,10/07/2023,21.4,44.1,53,Foggy
6067,Jaipur,2023-05-30,40.4,4.7,34,Stormy
6068,Jaipur,09-05-2024,32.4,14.0,53,Foggy
6069,Jaipur,2023-09-02,20.3,92.2,69,Humid
6070,Jaipur,2024.11.11,25.3,0.0,56,Stormy
6071,Jaipur,03-08-2023,26.4,33.2,49,Clear
6072,Jaipur,2024-01-27,18.7,3.0,72,Cloudy
6073,Jaipur,2024-12-15,16.6,1.3,63,Cloudy
6074,Jaipur,04/03/2023,32.0,20.2,75,Clear
6075,Jaipur,10/09/2024,26.8,125.5,65,Rainy
6076,Jaipur,23-08-2024,30.6,54.5,69,Cloudy
6077,Jaipur,02/13/2024,13.3,8.2,66,Clear
6078,Jaipur,2023-01-31,14.5,,42,Humid
6079,Jaipur,06/27/2024,24.3,140.2,40,Humid
6080,Jaipur,2024-12-12,13.9,3.7,72,Humid
6081,Jaipur,2023.12.15,21.1,0.0,47,Clear
6082,Jaipur,08-11-2023,26.5,21.7,76,Cloudy
6083,Jaipur,09/14/2024,28.5,49.8,66,Humid
6084,Jaipur,05/17/2024,36.2,12.9,56,Cloudy
6085,Jaipur,2023.12.29,21.6,3.3,62,Clear
6086,Jaipur,25-10-2024,22.0,38.8,72,Humid
6087,Jaipur,10-05-2024,36.8,0.8,54,Foggy
6088,Jaipur,19/08/2023,29.3,0.0,33,Clear
6089,Jaipur,05/11/2024,32.9,6.0,61,Rainy
6090,Jaipur,07/01/2023,23.0,51.6,60,Rainy
6091,Jaipur,04-12-2023,24.0,0.5,60,Clear
6092,Jaipur,11-03-2024,22.9,6.5,83,Clear
6093,Jaipur,02-01-2023,17.1,0.0,54,Humid
6094,Jaipur,30-11-2024,33.6,18.8,87,Cloudy
6095,Jaipur,2024.12.24,20.8,0.0,67,Foggy
6096,Jaipur,03/03/2023,29.7,0.0,56,Foggy
6097,Jaipur,2023.06.02,33.0,248.9,72,Clear
6098,Jaipur,01-06-2024,28.3,0.0,75,Clear
6099,Jaipur,2023-11-20,25.4,42.7,62,Foggy
6100,Jaipur,25/09/2024,32.9,128.7,32,Cloudy
6101,Jaipur,2023.04.23,37.7,2.7,45,Clear
6102,Jaipur,24-03-2023,27.8,4.0,70,Rainy
6103,Jaipur,2023-01-01,9.4,5.5,69,Clear
6104,Jaipur,2024.04.20,35.4,11.7,67,Humid
6105,Jaipur,2024.06.05,24.9,0.0,45,Rainy
6106,Jaipur,07-10-2024,20.3,0.0,42,Rainy
6107,Jaipur,03-03-2023,31.8,11.7,67,Cloudy
6108,Jaipur,2023.05.21,28.0,0.0,56,Humid
6109,Jaipur,2023.01.28,19.9,7.4,69,Humid
6110,,16/01/2023,18.3,3.2,71,Rainy
6111,Jaipur,2024-10-24,26.3,0.0,74,Clear
6112,Jaipur,11/27/2024,19.8,0.0,73,Cloudy
6113,Jaipur,2024.05.10,36.7,23.3,72,Cloudy
6114,Jaipur,2024.03.20,21.3,0.4,36,Humid
6115,Jaipur,24-10-2024,26.1,7.4,69,Rainy
6116,Jaipur,26/10/2024,24.0,,54,Humid
6117,Jaipur,2024.09.24,27.5,0.0,70,Rainy
6118,Jaipur,21/04/2024,29.6,0.2,58,Humid
6119,Jaipur,03/10/2023,33.7,39.7,22,Humid
6120,Jaipur,11/24/2024,27.5,0.0,54,Cloudy
6121,Jaipur,12/08/2024,28.3,163.4,86,Foggy
6122,Jaipur,2023.01.10,22.4,0.0,45,Clear
6123,Jaipur,2023.09.11,22.9,285.4,57,Cloudy
6124,Jaipur,06-11-2023,28.1,8.4,59,Clear
6125,Jaipur,2024-12-13,15.4,1.9,52,Clear
6126,Jaipur,05-04-2024,32.8,9.7,63,Clear
6127,Jaipur,10/08/2024,25.4,218.6,57,Foggy
6128,Jaipur,02/17/2024,16.4,0.2,80,Clear
6129,Jaipur,13-07-2023,27.1,0.0,40,Humid
6130,Jaipur,12/07/2023,33.4,79.5,79,Clear
6131,Jaipur,2024.08.03,28.8,28.6,41,Clear
6132,Jaipur,10-01-2024,17.1,0.0,57,Clear
6133,Jaipur,2024-04-11,31.2,0.0,45,Rainy
6134,Jaipur,10/05/2024,25.5,25.4,65,Cloudy
6135,Jaipur,2023.07.31,24.0,22.4,74,Cloudy
6136,Jaipur,2024-03-30,33.6,7.8,61,Cloudy
6137,Jaipur,2023-10-16,28.8,10.0,42,Foggy
6138,Jaipur,2023-08-11,24.5,0.0,86,Rainy
6139,Jaipur,19-04-2024,36.3,12.5,51,Foggy
6140,Jaipur,2023-08-22,31.6,348.4,27,Rainy
6141,Jaipur,26/02/2023,22.1,1.7,53,Humid
6142,Jaipur,2023-06-24,27.1,49.5,94,Rainy
6143,Jaipur,2024.05.16,28.0,4.6,52,Humid
6144,Jaipur,01/11/2024,26.4,17.0,46,Clear
6145,Jaipur,2024.04.18,31.8,1.5,28,Cloudy
6146,Jaipur,2023.06.27,29.6,4.3,69,Humid
6147,Jaipur,07/09/2024,31.8,60.9,74,Cloudy
6148,Jaipur,19/03/2024,28.3,0.0,76,Humid
6149,Jaipur,30/06/2024,26.4,64.0,94,Cloudy
6150,Jaipur,10/11/2024,25.5,37.3,67,Cloudy
6151,Jaipur,2024.11.14,29.2,0.0,49,Rainy
6152,Jaipur,2023-07-20,27.4,461.1,57,Clear
6153,Jaipur,2023-12-10,14.5,0.0,71,Humid
6154,Jaipur,24/05/2023,35.1,2.3,63,Foggy
6155,Jaipur,31/12/2023,10.9,9.2,68,Clear
6156,Jaipur,08/08/2024,29.4,134.6,46,Cloudy
6157,Jaipur,2023-01-09,21.2,0.9,62,Rainy
6158,Jaipur,17/03/2023,32.0,1.7,39,Stormy
6159,Jaipur,11/05/2023,25.4,16.4,76,Stormy
6160,Jaipur,2024-06-24,31.9,10.9,72,Foggy
6161,Jaipur,2023.12.04,23.2,9.3,46,Clear
6162,Jaipur,07/21/2023,28.8,34.4,82,Rainy
6163,Jaipur,08/25/2023,22.7,0.0,75,Rainy
6164,Jaipur,2023.10.25,25.3,21.3,70,Cloudy
6165,Jaipur,25-04-2024,28.7,37.3,64,Rainy
6166,Jaipur,25/05/2024,36.3,11.4,81,Clear
6167,Jaipur,12-07-2023,33.1,3.8,89,Cloudy
6168,Jaipur,2023-07-05,29.8,13.2,63,Clear
6169,Jaipur,2023-05-17,33.5,0.0,61,Foggy
6170,Jaipur,2024.02.23,18.5,3.0,50,Rainy
6171,Jaipur,27/06/2023,35.8,209.1,86,Clear
6172,Jaipur,2024-02-04,16.5,9.5,72,Foggy
6173,Jaipur,11/13/2023,33.6,146.0,48,Rainy
6174,Jaipur,2024.05.14,41.4,0.0,67,Clear
6175,Jaipur,2024-01-29,20.1,1.1,48,Clear
6176,Jaipur,28/09/2024,20.9,132.9,40,Clear
6177,Jaipur,2024.01.24,16.1,0.6,46,Cloudy
6178,Jaipur,06/05/2023,30.2,6.2,21,Cloudy
6179,Jaipur,2023-11-22,29.1,26.8,46,Humid
6180,Jaipur,2024-11-26,25.2,89.2,36,Clear
6181,Jaipur,03/02/2024,21.4,7.2,60,Clear
6182,Jaipur,2024-09-11,29.7,0.0,59,Clear
6183,Jaipur,10/25/2023,31.4,35.0,86,Clear
6184,Jaipur,2023.08.01,22.3,407.6,49,Clear
6185,Jaipur,2024.04.05,36.0,3.9,55,Clear
6186,Jaipur,2024-09-03,21.0,132.3,65,Humid
6187,Jaipur,2024-08-15,27.3,64.5,54,Rainy
6188,Jaipur,2023-08-03,24.0,174.5,64,Stormy
6189,Jaipur,17/03/2024,37.2,17.4,67,Cloudy
6190,Jaipur,2024-05-06,37.8,15.4,29,Foggy
6191,Jaipur,2023-12-13,19.7,0.1,100,Clear
6192,Jaipur,09/22/2024,29.4,0.0,40,Humid
6193,Jaipur,2023.11.08,23.1,1.7,59,Cloudy
6194,Jaipur,03/10/2024,29.7,0.0,79,Foggy
6195,Jaipur,11/12/2023,20.1,4.5,66,Humid
6196,Jaipur,02-02-2023,19.4,0.0,49,Stormy
6197,Jaipur,2023.12.04,21.8,5.3,61,Clear
6198,Jaipur,15-03-2023,31.2,0.0,71,Clear
6199,Jaipur,04/05/2024,29.5,3.4,60,Humid
6200,Jaipur,2023-05-04,35.4,6.9,68,Clear
6201,Jaipur,06/29/2024,24.0,,52,Clear
6202,Jaipur,2024-09-28,30.8,68.1,46,Clear
6203,Jaipur,04/11/2024,41.7,36.1,36,Cloudy
6204,Jaipur,2024-08-09,30.7,6.8,58,Rainy
6205,Jaipur,17-04-2024,28.8,0.0,50,Cloudy
6206,Jaipur,2024.05.05,32.1,0.6,31,Humid
6207,Jaipur,2023.11.30,28.3,54.5,48,Clear
6208,Jaipur,05-08-2023,26.5,58.5,55,Cloudy
6209,Jaipur,02-02-2023,15.6,2.1,54,Clear
6210,Jaipur,05/08/2023,37.6,4.5,64,Humid
6211,Jaipur,17-07-2023,29.5,36.1,87,Cloudy
6212,Jaipur,2023.12.25,20.5,3.4,69,Cloudy
6213,Jaipur,2024.02.09,14.5,17.4,34,Rainy
6214,Jaipur,2024.02.06,17.6,1.8,57,Clear
6215,Jaipur,2024-06-12,28.0,6.3,59,Clear
6216,Jaipur,2024-12-05,17.4,6.8,57,Clear
6217,Jaipur,22-05-2023,31.6,0.0,50,Rainy
6218,Jaipur,18-03-2024,25.9,0.0,72,Humid
6219,Jaipur,04/20/2024,35.7,1.2,60,Clear
6220,Jaipur,2024-07-25,25.7,1.6,79,Humid
6221,Jaipur,05/03/2024,39.0,6.2,79,Clear
6222,Jaipur,2024-01-02,22.7,3.4,53,Clear
6223,Jaipur,2024-08-07,29.6,257.4,67,Cloudy
6224,Jaipur,2023.05.12,27.2,0.0,85,Foggy
6225,Jaipur,03/04/2023,31.0,2.3,66,Cloudy
6226,Jaipur,2024-01-06,20.2,0.0,27,Rainy
6227,Jaipur,26-04-2024,27.9,31.2,59,Foggy
6228,Jaipur,03-09-2024,29.9,36.8,55,Clear
6229,Jaipur,16/07/2024,32.5,155.8,42,Foggy
6230,Jaipur,07/09/2023,21.5,0.0,30,Cloudy
6231,Jaipur,22/02/2023,21.2,0.5,49,Clear
6232,Jaipur,2024.04.09,38.7,0.0,68,Humid
6233,Jaipur,03/06/2023,32.4,25.6,31,Cloudy
6234,Jaipur,07/09/2024,31.2,278.1,48,Cloudy
6235,Jaipur,08/07/2024,27.9,0.0,78,Foggy
6236,Jaipur,2024-10-24,25.4,59.7,59,Stormy
6237,Jaipur,28-02-2023,18.0,3.4,68,Clear
6238,Jaipur,24/02/2023,22.6,1.2,19,Clear
6239,Jaipur,19-08-2024,25.3,29.8,79,Rainy
6240,Jaipur,18-10-2023,23.9,21.1,55,Clear
6241,Jaipur,2024-12-06,14.9,2.6,48,Rainy
6242,Jaipur,06/09/2023,31.3,479.3,36,Cloudy
6243,Jaipur,17-04-2023,33.3,0.5,63,Clear
6244,Jaipur,2023.10.24,29.6,42.0,28,Clear
6245,Jaipur,11-09-2024,24.0,1.5,53,Clear
6246,Jaipur,21-02-2024,24.2,2.2,48,Clear
6247,Jaipur,2023-06-10,25.5,115.9,57,Rainy
6248,Jaipur,2024-05-23,32.5,14.2,68,Cloudy
6249,Jaipur,2024.03.28,37.8,0.0,64,Clear
6250,Jaipur,04/05/2023,37.5,0.0,64,Humid
6251,Jaipur,19-09-2024,32.8,0.0,71,Cloudy
6252,Jaipur,05/21/2023,28.6,3.7,32,Humid
6253,Jaipur,01/29/2023,23.7,7.4,55,Humid
6254,Jaipur,2023.04.23,35.8,6.5,61,Clear
6255,Jaipur,02/23/2024,21.6,0.8,82,Stormy
6256,Jaipur,01/03/2023,33.6,0.0,61,Clear
6257,Jaipur,23-09-2024,32.7,480.4,75,Foggy
6258,Jaipur,2024-10-11,24.7,21.1,69,Cloudy
6259,Jaipur,10/06/2023,29.7,11.0,55,Clear
6260,Jaipur,07/13/2023,27.1,0.0,40,Clear
6261,Jaipur,12/21/2023,20.2,0.0,35,Stormy
6262,Jaipur,22-07-2023,26.7,186.2,53,Foggy
6263,Jaipur,06/30/2023,30.1,470.9,57,Rainy
6264,Jaipur,2024.07.24,27.3,0.0,61,Rainy
6265,Jaipur,03/06/2024,32.4,0.0,69,Cloudy
6266,Jaipur,23/03/2024,29.7,0.0,57,Cloudy
6267,Jaipur,31-10-2024,28.1,0.0,65,Cloudy
6268,Jaipur,2023.07.10,22.9,449.6,43,Foggy
6269,Jaipur,2024.05.07,34.7,0.0,47,Clear
6270,Jaipur,2023.01.08,23.6,9.8,52,Rainy
6271,Jaipur,2023-08-04,31.4,9.1,70,Foggy
6272,Jaipur,2023-11-30,24.0,0.0,60,Cloudy
6273,Jaipur,2024.06.14,29.9,0.0,67,Stormy
6274,Jaipur,12/09/2023,27.9,12.6,53,Cloudy
6275,Jaipur,03/25/2024,22.3,0.0,55,Humid
6276,Jaipur,2024.05.22,31.2,7.1,65,Clear
6277,Jaipur,06/12/2023,21.3,7.7,79,Clear
6278,Jaipur,2024-12-14,16.7,3.4,67,Cloudy
6279,Jaipur,12-06-2024,26.8,60.2,39,Clear
6280,Jaipur,09/03/2024,30.6,2.5,31,Foggy
6281,Jaipur,09/10/2024,22.2,0.0,47,Clear
6282,Jaipur,09/25/2024,31.3,41.9,68,Rainy
6283,Jaipur,01/13/2024,13.4,4.9,63,Cloudy
6284,Jaipur,14-06-2024,30.1,0.0,47,Rainy
6285,Jaipur,2024.03.25,31.9,2.4,24,Clear
6286,Jaipur,2023.03.06,28.0,1.9,66,Foggy
6287,Jaipur,2024-12-06,17.3,0.0,65,Clear
6288,Jaipur,04-08-2023,29.1,173.4,58,Cloudy
6289,Jaipur,27-12-2023,17.5,3.2,76,Humid
6290,Jaipur,2023.11.15,18.3,,51,Rainy
6291,Jaipur,11/19/2023,22.4,44.6,61,Cloudy
6292,Jaipur,2023-12-09,24.2,16.8,41,Foggy
6293,Jaipur,16/02/2024,24.4,0.0,39,Clear
6294,Jaipur,13-10-2023,23.0,8.0,43,Rainy
6295,Jaipur,14-10-2024,27.9,26.1,46,Clear
6296,Jaipur,2023.04.21,32.1,0.0,68,Rainy
6297,Jaipur,09-05-2024,34.3,4.5,65,Clear
6298,Jaipur,2024.07.30,24.1,79.1,62,Rainy
6299,Jaipur,17/12/2023,18.7,,55,Humid
6300,Jaipur,12/10/2023,13.4,5.6,53,Cloudy
6301,Jaipur,2023.01.03,18.9,0.0,69,Humid
6302,Jaipur,27-12-2023,12.4,8.8,53,Stormy
6303,Jaipur,2024-12-11,19.8,13.6,76,Humid
6304,Jaipur,18/06/2024,26.1,32.4,50,Clear
6305,Jaipur,2024-12-07,10.6,0.0,89,Cloudy
6306,Jaipur,17-01-2024,24.9,2.5,72,Clear
6307,Jaipur,13/03/2024,29.6,14.3,74,Clear
6308,Jaipur,2023.12.21,21.9,12.5,69,Cloudy
6309,Jaipur,2024.05.13,30.7,0.0,74,Clear
6310,Jaipur,20-03-2024,34.1,2.3,35,Foggy
6311,Jaipur,2023.10.24,30.7,41.0,32,Clear
6312,Jaipur,04/21/2023,27.7,0.0,80,Cloudy
6313,Jaipur,2023.12.19,20.8,0.0,59,Clear
6314,Jaipur,05/04/2023,38.4,9.7,56,Humid
6315,Jaipur,12/05/2023,27.2,0.5,58,Clear
6316,Jaipur,2023.09.05,31.5,0.0,59,Foggy
6317,Jaipur,18/06/2023,20.3,77.0,79,Cloudy
6318,Jaipur,2023.01.27,21.9,5.4,65,Humid
6319,Jaipur,30/09/2024,27.9,88.1,25,Cloudy
6320,Jaipur,08/02/2024,11.4,11.6,69,Cloudy
6321,Jaipur,2023.12.21,25.4,3.2,64,Stormy
6322,Jaipur,09/29/2024,29.9,84.5,46,Cloudy
6323,Jaipur,14-03-2023,36.2,0.0,35,Foggy
6324,Jaipur,2023.04.19,36.8,0.0,44,Stormy
6325,Jaipur,2024-02-15,23.2,4.6,56,Cloudy
6326,Jaipur,09/13/2023,17.7,16.2,63,Rainy
6327,Jaipur,22-12-2023,24.1,8.9,56,Rainy
6328,Jaipur,2024-01-06,14.0,0.9,46,Humid
6329,Jaipur,14-12-2023,21.8,1.2,57,Cloudy
6330,Jaipur,2023.12.08,22.8,6.4,61,Cloudy
6331,Jaipur,2024.09.22,23.6,478.2,69,Rainy
6332,Jaipur,09-08-2023,20.0,50.0,88,Foggy
6333,Jaipur,10/19/2024,22.5,43.4,78,Clear
6334,Jaipur,08/23/2023,23.8,197.4,34,Rainy
6335,Jaipur,2024-01-16,18.4,2.8,56,Humid
6336,Jaipur,29/02/2024,15.4,4.0,58,Foggy
6337,Jaipur,2024-03-10,21.6,10.6,54,Clear
6338,Jaipur,2024-02-03,14.0,0.0,65,Cloudy
6339,Jaipur,04/11/2023,30.8,0.0,58,Foggy
6340,Jaipur,07/17/2024,32.5,0.0,66,Clear
6341,Jaipur,10/04/2024,29.4,0.0,50,Clear
6342,Jaipur,08/24/2023,28.0,42.4,63,Rainy
6343,Jaipur,10/18/2024,19.8,5.1,43,Clear
6344,Jaipur,2024-10-08,30.7,39.5,78,Humid
6345,Jaipur,2023.07.30,36.6,135.2,58,Cloudy
6346,Jaipur,06/12/2023,24.5,120.9,79,Foggy
6347,Jaipur,06-01-2024,15.6,1.8,45,Clear
6348,Jaipur,04/19/2024,38.1,6.0,64,Rainy
6349,Jaipur,2024.01.31,24.5,0.9,64,Rainy
6350,Jaipur,2023-10-25,28.5,0.0,56,Stormy
6351,Jaipur,20/07/2024,26.0,1.8,66,Rainy
6352,Jaipur,11-09-2024,27.7,38.4,73,Cloudy
6353,Jaipur,2023-12-16,27.5,5.4,52,Cloudy
6354,Jaipur,04/07/2024,37.4,0.0,80,Humid
6355,Jaipur,17/02/2023,21.8,11.9,67,Foggy
6356,Jaipur,19-07-2024,26.7,43.0,46,Rainy
6357,Jaipur,11/13/2024,25.1,29.6,70,Clear
6358,Jaipur,16/07/2023,27.7,27.3,78,Humid
6359,Jaipur,06/20/2024,32.5,20.9,83,Clear
6360,Jaipur,09/25/2023,22.8,0.0,52,Rainy
6361,Jaipur,04/05/2024,26.5,0.0,56,Cloudy
6362,Jaipur,12/24/2024,15.2,4.6,29,Rainy
6363,Jaipur,2023-10-23,31.7,36.6,43,Humid
6364,Jaipur,2024.02.28,15.5,1.7,64,Cloudy
6365,Jaipur,09/10/2023,36.7,515.4,62,Cloudy
6366,Jaipur,2024.12.17,18.0,0.0,55,Clear
6367,Jaipur,12-11-2024,26.0,46.3,59,Rainy
6368,Jaipur,2024.04.21,25.8,7.8,89,Cloudy
6369,Jaipur,2024.01.01,24.1,0.0,51,Stormy
6370,Jaipur,10-03-2024,34.8,0.0,67,Humid
6371,Jaipur,2023.04.02,32.9,0.0,65,Cloudy
6372,Jaipur,2023.05.10,35.2,22.9,43,Clear
6373,Jaipur,2023.09.29,24.8,154.3,63,Foggy
6374,Jaipur,21-09-2023,35.0,0.0,41,Cloudy
6375,Jaipur,08-02-2024,17.7,2.1,76,Clear
6376,Jaipur,19-11-2023,28.2,10.6,78,Rainy
6377,Jaipur,2023.03.17,56.5,0.0,79,Rainy
6378,Jaipur,2024-11-02,25.5,16.8,55,Clear
6379,Jaipur,19/10/2023,25.5,4.4,66,Rainy
6380,Jaipur,18-12-2023,16.9,6.4,41,Clear
6381,Jaipur,2023-04-28,33.7,0.4,78,Rainy
6382,Jaipur,08/10/2023,26.7,1.2,35,Rainy
6383,Jaipur,28/11/2024,26.2,44.6,68,Foggy
6384,Jaipur,12/06/2023,16.3,11.1,46,Foggy
6385,Jaipur,2024.09.01,27.8,16.8,68,Clear
6386,Jaipur,2023-10-27,23.7,69.4,81,Stormy
6387,Jaipur,2024-05-12,28.8,15.6,68,Foggy
6388,Jaipur,01/26/2023,20.9,2.3,65,Cloudy
6389,Jaipur,11/10/2024,25.2,1.2,59,Clear
6390,Jaipur,04/12/2023,31.4,0.0,60,Cloudy
6391,,02/26/2024,25.7,0.0,73,Clear
6392,Jaipur,10-11-2024,28.9,49.2,71,Clear
6393,Jaipur,2024.04.07,33.2,0.0,56,Clear
6394,Jaipur,11/16/2023,38.0,28.3,76,Humid
6395,Jaipur,2023.02.01,14.1,7.2,98,Rainy
6396,Jaipur,04/24/2023,29.2,0.0,58,Humid
6397,Jaipur,10/15/2023,31.5,1.8,58,Clear
6398,Jaipur,08/21/2024,27.9,220.3,63,Clear
6399,Jaipur,2023.06.03,30.9,243.2,47,Cloudy
6400,Jaipur,08-06-2023,31.6,47.2,67,Clear
6401,Jaipur,30-08-2023,26.6,0.0,65,Stormy
6402,Jaipur,10/13/2024,19.0,28.7,63,Rainy
6403,Jaipur,2023-12-17,15.6,7.2,62,Humid
6404,Jaipur,11-05-2024,35.4,2.9,69,Humid
6405,Jaipur,2024.06.13,22.1,21.8,88,Cloudy
6406,Jaipur,08/03/2024,23.4,0.0,80,Cloudy
6407,Jaipur,25/02/2023,20.8,4.9,71,Cloudy
6408,Jaipur,2023.07.13,25.1,31.1,55,Foggy
6409,Jaipur,2024-06-30,31.2,44.6,41,Clear
6410,Jaipur,2024-10-22,27.6,0.2,65,Clear
6411,Jaipur,2024.01.03,9.7,0.5,-47,Rainy
6412,Jaipur,03-09-2024,31.9,251.1,55,Clear
6413,Jaipur,24-06-2024,25.0,180.6,62,Clear
6414,Jaipur,09/01/2023,20.7,0.0,57,Cloudy
6415,Jaipur,09/14/2023,25.2,0.0,66,Clear
6416,Jaipur,18/01/2023,23.5,0.0,27,Clear
6417,Jaipur,07/08/2023,30.6,344.1,84,Cloudy
6418,Jaipur,24-02-2024,18.6,20.8,87,Clear
6419,Jaipur,09/11/2023,33.5,123.9,-49,Cloudy
6420,Jaipur,2023-11-22,27.2,1.3,67,Clear
6421,Jaipur,03-12-2023,15.6,4.5,65,Humid
6422,Jaipur,2024.09.15,27.3,20.2,51,Clear
6423,Jaipur,2023.10.10,27.8,83.8,42,Clear
6424,Jaipur,12-01-2024,16.5,8.8,71,Clear
6425,Jaipur,05/20/2023,26.2,5.8,62,Cloudy
6426,Jaipur,18-12-2023,14.5,5.0,56,Clear
6427,Jaipur,06/18/2024,28.8,0.0,61,Foggy
6428,Jaipur,23/11/2024,25.1,16.2,62,Humid
6429,Jaipur,2024.03.13,32.2,0.9,46,Clear
6430,Jaipur,28/04/2024,34.6,19.4,57,Cloudy
6431,Jaipur,20/10/2023,26.9,7.4,32,Stormy
6432,Jaipur,16/03/2024,31.5,12.0,83,Humid
6433,Jaipur,2023-04-17,33.8,0.0,69,Humid
6434,Jaipur,11/28/2023,25.8,65.3,50,Cloudy
6435,Jaipur,2024-07-01,28.7,51.7,71,Cloudy
6436,Jaipur,2023.06.30,25.4,0.0,58,Rainy
6437,Jaipur,2024-05-18,31.6,5.6,44,Clear
6438,Jaipur,07/14/2023,29.9,286.6,38,Clear
6439,Jaipur,02/06/2024,17.6,0.0,83,Foggy
6440,Jaipur,2024.08.09,30.5,5.9,56,Rainy
6441,Jaipur,28/06/2023,33.6,0.0,64,Rainy
6442,Jaipur,03/15/2024,33.3,0.3,70,Foggy
6443,Jaipur,07/15/2023,59.7,173.6,60,Humid
6444,Jaipur,14/06/2024,31.9,56.9,57,Cloudy
6445,Jaipur,21-07-2024,22.3,0.0,57,Stormy
6446,Jaipur,04/22/2024,36.4,20.7,70,Foggy
6447,Jaipur,13-07-2023,28.1,3.6,64,Clear
6448,Jaipur,30-01-2024,21.3,0.4,100,Humid
6449,Jaipur,05/21/2023,31.5,1.0,59,Rainy
6450,Jaipur,2023-07-22,31.5,236.4,90,Stormy
6451,Jaipur,2024.03.28,38.2,0.0,86,Rainy
6452,Jaipur,02-02-2023,51.4,3.3,63,Cloudy
6453,Jaipur,06/08/2024,31.1,0.0,49,Clear
6454,Jaipur,23-03-2023,39.4,13.2,52,Humid
6455,Jaipur,2024-08-30,33.4,0.0,37,Clear
6456,Jaipur,30/07/2023,28.3,22.3,46,Clear
6457,Jaipur,2024-06-09,22.3,255.9,69,Clear
6458,Jaipur,12/09/2024,18.6,0.0,63,Cloudy
6459,Jaipur,08/05/2024,29.6,4.6,75,Cloudy
6460,Jaipur,18/07/2024,20.9,19.1,49,Foggy
6461,Jaipur,27/08/2024,23.8,88.3,81,Cloudy
6462,Jaipur,2024.11.26,32.1,31.7,41,Cloudy
6463,Jaipur,04/10/2023,27.8,0.0,34,Humid
6464,Jaipur,2023.12.10,17.8,2.0,56,Clear
6465,Jaipur,2024.11.21,26.5,5.3,52,Humid
6466,Jaipur,2024.08.21,35.1,0.0,53,Rainy
6467,Jaipur,2023.12.08,22.8,0.4,86,Foggy
6468,Jaipur,04-03-2023,40.7,3.6,55,Clear
6469,Jaipur,05/10/2023,25.4,51.9,39,Clear
6470,Jaipur,08-09-2023,27.4,0.0,65,Clear
6471,Jaipur,05/08/2024,37.9,11.0,78,Cloudy
6472,Jaipur,2023-09-24,21.5,60.8,42,Clear
6473,Jaipur,06-11-2024,21.0,0.0,74,Clear
6474,Jaipur,2024.02.15,21.7,2.3,39,Cloudy
6475,Jaipur,08/22/2023,25.7,15.7,62,Humid
6476,Jaipur,10/11/2024,23.4,0.0,76,Cloudy
6477,Jaipur,07/11/2023,27.8,7.6,71,Clear
6478,Jaipur,09/19/2023,34.7,144.1,58,Rainy
6479,Jaipur,09/27/2023,30.8,24.7,51,Cloudy
6480,Jaipur,2023-02-15,17.0,3.5,83,Cloudy
6481,Jaipur,29/09/2023,23.7,69.8,44,Cloudy
6482,Jaipur,2024-01-30,15.3,2.3,75,Clear
6483,Jaipur,03/18/2024,29.6,0.8,74,Clear
6484,Jaipur,2023-08-30,34.7,127.2,38,Clear
6485,Jaipur,13-01-2024,18.9,0.0,75,Foggy
6486,Jaipur,06/04/2024,29.1,79.6,77,Rainy
6487,Jaipur,04/01/2023,17.0,4.0,67,Cloudy
6488,Jaipur,16-07-2023,25.4,88.7,-64,Rainy
6489,Jaipur,2023-04-30,38.2,0.3,58,Clear
6490,Jaipur,06/05/2023,34.0,0.0,67,Cloudy
6491,Jaipur,10/08/2023,22.7,9.8,83,Humid
6492,Jaipur,20-06-2024,27.7,121.3,51,Clear
6493,Jaipur,2023.03.09,42.2,1.3,50,Rainy
6494,Jaipur,2024-05-18,39.4,14.1,50,Humid
6495,Jaipur,03/04/2024,34.6,2.5,43,Rainy
6496,Jaipur,01/06/2024,21.6,4.8,38,Cloudy
6497,Jaipur,2023-08-18,58.1,123.1,56,Rainy
6498,Jaipur,03/15/2024,37.6,5.8,82,Cloudy
6499,Jaipur,02/10/2023,25.5,13.1,49,Clear
6500,Jaipur,2024.01.24,28.9,0.0,66,Foggy
6501,Jaipur,2024-09-23,24.5,61.5,46,Clear
6502,Jaipur,2024.06.19,28.3,3.6,55,Clear
6503,Jaipur,09-05-2023,39.6,8.2,71,Humid
6504,Jaipur,11-06-2024,26.4,54.7,65,Foggy
6505,Jaipur,17-01-2023,11.1,0.8,77,Rainy
6506,Jaipur,2024-12-25,16.3,3.6,77,Cloudy
6507,Jaipur,2024.12.02,16.9,2.9,50,Foggy
6508,Jaipur,06/23/2024,28.9,0.0,79,Clear
6509,Jaipur,2023.10.24,30.0,0.4,62,Clear
6510,Jaipur,02-12-2024,23.0,0.0,58,Humid
6511,Jaipur,2024.03.17,38.2,11.2,43,Clear
6512,Jaipur,04-09-2024,24.3,133.6,58,Clear
6513,Jaipur,17/09/2024,24.1,18.2,42,Stormy
6514,Jaipur,2024.08.17,32.9,5.5,61,Clear
6515,Jaipur,10/04/2023,33.0,3.6,69,Foggy
6516,Jaipur,19/02/2024,20.9,0.0,46,Cloudy
6517,Jaipur,2023-10-30,17.6,2.6,63,Rainy
6518,Jaipur,15/05/2023,29.4,7.6,84,Stormy
6519,Jaipur,22/06/2023,31.2,44.6,61,Cloudy
6520,Jaipur,20/02/2024,19.0,0.8,78,Humid
6521,Jaipur,29-11-2023,25.7,6.6,71,Foggy
6522,Jaipur,2024-06-14,30.9,109.7,58,Foggy
6523,Jaipur,17/12/2024,16.1,6.1,52,Humid
6524,Jaipur,31-03-2023,36.5,9.0,46,Cloudy
6525,Jaipur,11/17/2023,21.0,0.0,56,Foggy
6526,Jaipur,01/27/2023,15.4,2.4,57,Rainy
6527,Jaipur,2024-06-26,28.6,394.5,59,Clear
6528,Jaipur,03-01-2023,22.1,3.0,60,Cloudy
6529,Jaipur,25/03/2023,26.3,13.7,68,Humid
6530,Jaipur,2023-08-28,31.4,34.7,39,Clear
6531,Jaipur,19/07/2023,25.8,43.5,39,Rainy
6532,Jaipur,2023-10-30,26.8,33.6,86,Clear
6533,Jaipur,14-12-2024,23.0,0.2,72,Humid
6534,Jaipur,2024-04-26,35.0,0.1,72,Clear
6535,Jaipur,08/03/2024,23.7,94.2,71,Rainy
6536,Jaipur,01/18/2023,12.2,3.2,57,Humid
6537,Jaipur,07-01-2024,18.3,0.0,47,Stormy
6538,Jaipur,2024-02-25,6.1,1.1,87,Humid
6539,Jaipur,2024-06-22,36.6,12.3,70,Clear
6540,Jaipur,27/06/2024,25.7,288.7,75,Rainy
6541,Jaipur,2024.10.18,22.2,54.1,48,Clear
6542,Jaipur,2023.04.25,32.6,1.1,51,Foggy
6543,Jaipur,2024-07-28,32.3,0.0,65,Rainy
6544,Jaipur,2023.10.15,26.9,,59,Foggy
6545,Jaipur,12/11/2023,18.7,0.0,26,Foggy
6546,Jaipur,05-11-2023,21.3,25.1,63,Clear
6547,Jaipur,06/20/2024,28.0,0.0,77,Stormy
6548,Jaipur,26/01/2023,7.7,3.2,67,Cloudy
6549,Jaipur,08/02/2023,33.9,1.5,81,Clear
6550,Jaipur,03/09/2024,38.6,1.2,-50,Clear
6551,Jaipur,29/04/2023,31.6,18.3,87,Foggy
6552,,12/04/2024,18.9,3.2,43,Cloudy
6553,Jaipur,02/07/2024,17.8,0.0,41,Clear
6554,Jaipur,2023.11.24,37.0,61.2,30,Clear
6555,Jaipur,2023-10-24,25.6,12.9,68,Cloudy
6556,Jaipur,2024.04.08,26.5,0.0,65,Clear
6557,Jaipur,04/06/2024,32.8,16.4,65,Foggy
6558,Jaipur,06-08-2024,30.2,0.0,60,Clear
6559,Jaipur,2023-01-03,17.2,0.0,35,Clear
6560,Jaipur,2023-01-14,16.7,11.9,57,Humid
6561,Jaipur,21-12-2024,17.2,4.1,47,Clear
6562,Jaipur,31-05-2023,33.9,8.1,74,Cloudy
6563,Jaipur,10/17/2023,27.3,3.4,40,Cloudy
6564,Jaipur,05/12/2023,37.7,0.0,52,Clear
6565,Jaipur,11/01/2024,30.0,0.0,85,Clear
6566,Jaipur,10/08/2024,22.4,15.8,58,Humid
6567,Jaipur,2023-02-09,19.3,5.1,43,Humid
6568,Jaipur,2024.03.24,40.0,16.2,67,Rainy
6569,Jaipur,06/04/2023,29.9,20.0,57,Clear
6570,Jaipur,2023-12-31,15.4,13.4,41,Humid
6571,Jaipur,06/11/2023,37.8,0.0,70,Clear
6572,Jaipur,29-09-2023,35.0,6.3,77,Foggy
6573,Jaipur,06/17/2024,35.3,353.1,79,Clear
6574,Jaipur,14/11/2024,19.0,38.9,84,Rainy
6575,Jaipur,2024-01-02,17.5,0.2,57,Humid
6576,Jaipur,21-08-2024,17.8,51.0,69,Cloudy
6577,Jaipur,2023.10.24,29.2,36.8,47,Stormy
6578,Jaipur,03-10-2023,26.4,0.0,69,Humid
6579,Jaipur,17-02-2023,17.9,9.5,75,Cloudy
6580,Jaipur,13-10-2023,20.9,0.0,67,Rainy
6581,Jaipur,15-10-2023,30.9,18.2,55,Clear
6582,Jaipur,14/06/2023,24.8,0.0,49,Humid
6583,Jaipur,07/11/2023,23.5,,56,Rainy
6584,Jaipur,16/03/2023,37.9,20.1,49,Cloudy
6585,Jaipur,08/03/2024,31.4,6.8,59,Clear
6586,Lucknow,04-07-2024,26.3,0.0,46,Foggy
6587,Lucknow,05/20/2023,32.3,6.1,57,Humid
6588,Lucknow,09/09/2023,19.0,113.6,64,Clear
6589,,23-08-2024,31.8,38.9,45,Clear
6590,Lucknow,04-12-2024,15.7,0.1,57,Rainy
6591,Lucknow,2024-05-07,33.5,0.0,58,Clear
6592,Lucknow,12/01/2024,19.3,0.0,46,Cloudy
6593,Lucknow,07/23/2023,29.7,2.6,70,Clear
6594,Lucknow,05-01-2023,15.9,0.1,46,Humid
6595,Lucknow,2023-01-30,14.1,7.2,74,Clear
6596,Lucknow,2023-07-24,28.4,314.8,50,Cloudy
6597,Lucknow,07/11/2024,33.3,0.0,59,Stormy
6598,Lucknow,03/02/2024,16.5,0.0,58,Cloudy
6599,Lucknow,2023.07.16,23.7,0.0,46,Humid
6600,Lucknow,2023-08-12,26.0,269.1,51,Rainy
6601,Lucknow,2024-07-27,33.8,77.9,79,Clear
6602,Lucknow,2023-02-01,13.9,0.8,84,Rainy
6603,Lucknow,05/05/2024,31.6,10.4,48,Clear
6604,Lucknow,04-01-2023,15.3,17.5,50,Cloudy
6605,Lucknow,2023-08-11,25.0,151.0,51,Clear
6606,Lucknow,08-05-2024,37.9,5.3,69,Clear
6607,Lucknow,14-12-2024,16.7,0.0,64,Foggy
6608,Lucknow,2024.03.16,32.7,1.4,76,Cloudy
6609,Lucknow,07/02/2023,24.9,9.3,39,Rainy
6610,Lucknow,05/11/2023,23.5,0.0,54,Clear
6611,Lucknow,11/10/2023,27.7,0.0,26,Clear
6612,Lucknow,2023.03.15,26.0,3.3,70,Clear
6613,Lucknow,2023-07-09,26.0,5.5,88,Clear
6614,Lucknow,11/01/2024,22.3,0.0,53,Clear
6615,Lucknow,2024-03-17,28.0,11.8,72,Humid
6616,Lucknow,29/11/2024,26.6,6.6,-32,Clear
6617,Lucknow,23-02-2023,23.3,0.0,79,Foggy
6618,Lucknow,05/15/2024,35.1,34.0,62,Clear
6619,Lucknow,2024-04-07,31.8,11.0,70,Foggy
6620,Lucknow,2023.05.12,32.7,0.0,76,Cloudy
6621,Lucknow,2024.09.30,32.8,24.1,55,Stormy
6622,Lucknow,29-06-2023,30.6,0.0,87,Clear
6623,Lucknow,2024.04.26,31.8,1.7,99,Rainy
6624,Lucknow,05/04/2024,40.1,0.0,65,Cloudy
6625,Lucknow,14-09-2023,18.8,152.5,69,Cloudy
6626,Lucknow,04/02/2023,32.3,15.9,74,Stormy
6627,Lucknow,14/05/2023,38.4,4.0,51,Clear
6628,Lucknow,2024.01.12,13.8,2.6,49,Foggy
6629,Lucknow,2023-03-28,32.1,0.0,51,Clear
6630,Lucknow,23-12-2024,16.4,0.0,61,Rainy
6631,Lucknow,17-05-2024,29.3,11.5,64,Humid
6632,Lucknow,20-09-2023,21.7,46.3,60,Humid
6633,Lucknow,2023-04-29,33.1,0.7,30,Foggy
6634,Lucknow,08/16/2023,28.7,32.1,54,Clear
6635,Lucknow,03/02/2023,12.3,6.1,45,Cloudy
6636,Lucknow,14-05-2024,51.6,11.0,81,Cloudy
6637,Lucknow,2024-02-18,20.5,4.9,67,Stormy
6638,Lucknow,13/04/2023,36.1,3.1,74,Cloudy
6639,Lucknow,2023.06.28,29.2,,62,Cloudy
6640,Lucknow,2024-09-26,38.2,0.1,52,Clear
6641,Lucknow,26-11-2023,18.5,17.5,60,Clear
6642,Lucknow,2023-07-23,31.2,128.0,43,Clear
6643,Lucknow,2023-12-12,23.2,0.0,59,Foggy
6644,Lucknow,2024-04-10,30.7,13.0,87,Rainy
6645,Lucknow,2024-09-04,35.8,516.5,99,Humid
6646,Lucknow,03/06/2024,31.7,0.5,57,Humid
6647,Lucknow,17-08-2024,27.7,72.1,72,Clear
6648,Lucknow,2023-07-29,28.2,0.0,60,Clear
6649,Lucknow,11/01/2024,31.4,20.2,69,Cloudy
6650,Lucknow,07/25/2023,35.7,92.2,23,Rainy
6651,Lucknow,19/05/2024,34.4,0.0,35,Foggy
6652,Lucknow,04/14/2024,30.8,4.0,64,Clear
6653,Lucknow,25-05-2024,30.9,0.0,57,Humid
6654,Lucknow,2023.05.10,31.5,14.3,49,Humid
6655,Lucknow,22-05-2024,35.7,3.7,67,Cloudy
6656,Lucknow,2023-11-05,27.4,52.4,58,Clear
6657,Lucknow,08/09/2024,35.4,12.8,74,Clear
6658,Lucknow,17-10-2024,28.1,0.0,71,Rainy
6659,Lucknow,03/11/2024,25.2,1.5,39,Clear
6660,Lucknow,2024-03-16,30.1,3.8,71,Foggy
6661,Lucknow,17/01/2024,16.3,0.0,50,Clear
6662,Lucknow,2023-02-27,20.3,,52,Rainy
6663,Lucknow,2024-02-06,11.6,5.5,63,Humid
6664,Lucknow,18-08-2024,30.2,61.2,76,Stormy
6665,Lucknow,04/23/2023,37.1,0.0,71,Cloudy
6666,Lucknow,08/01/2024,19.1,7.5,64,Foggy
6667,Lucknow,05-04-2024,38.3,,91,Clear
6668,Lucknow,2023.03.27,32.1,0.0,57,Cloudy
6669,Lucknow,2024.09.23,31.1,124.1,76,Rainy
6670,Lucknow,16/11/2023,23.2,79.0,70,Clear
6671,Lucknow,2023-08-29,24.0,292.7,31,Foggy
6672,Lucknow,2024-12-07,21.5,0.0,66,Humid
6673,Lucknow,09/12/2023,25.3,10.7,56,Humid
6674,Lucknow,28-09-2023,27.8,7.0,48,Humid
6675,Lucknow,2023.08.28,36.3,0.0,53,Humid
6676,Lucknow,02-06-2023,26.5,73.0,62,Rainy
6677,Lucknow,01/11/2023,26.7,8.9,51,Rainy
6678,Lucknow,05/15/2023,29.1,7.7,47,Foggy
6679,Lucknow,03/18/2023,26.7,0.0,67,Foggy
6680,Lucknow,05/06/2024,39.3,5.5,42,Cloudy
6681,Lucknow,14/07/2024,19.4,144.3,59,Humid
6682,Lucknow,03-12-2023,13.2,1.0,69,Clear
6683,Lucknow,06/17/2024,29.1,0.0,43,Foggy
6684,Lucknow,12/22/2024,17.5,2.0,51,Clear
6685,Lucknow,2024-10-26,19.9,14.0,81,Cloudy
6686,Lucknow,16-02-2023,19.5,0.0,83,Cloudy
6687,Lucknow,30/07/2024,25.8,22.9,60,Humid
6688,Lucknow,2023-03-09,32.3,6.8,60,Humid
6689,Lucknow,12-07-2024,26.0,101.0,65,Foggy
6690,Lucknow,2024.11.03,28.0,0.0,72,Foggy
6691,Lucknow,20/02/2023,14.0,6.6,57,Rainy
6692,Lucknow,2023-08-11,25.7,12.3,51,Clear
6693,Lucknow,12/09/2024,22.7,292.6,61,Foggy
6694,Lucknow,28-09-2023,23.9,436.9,50,Clear
6695,Lucknow,12/11/2024,24.8,1.0,65,Rainy
6696,Lucknow,20/12/2024,17.1,9.8,91,Clear
6697,Lucknow,2023.05.27,29.4,3.0,36,Clear
6698,Lucknow,18-03-2024,31.1,0.0,67,Rainy
6699,Lucknow,19-07-2024,26.9,81.8,56,Humid
6700,Lucknow,01/26/2024,17.4,0.0,53,Foggy
6701,Lucknow,08-10-2023,28.0,1.4,73,Clear
6702,Lucknow,07/03/2024,31.2,0.0,68,Cloudy
6703,Lucknow,2023-02-23,15.4,2.4,60,Clear
6704,Lucknow,22/12/2024,15.7,13.9,49,Clear
6705,Lucknow,17/05/2024,33.9,0.0,57,Cloudy
6706,Lucknow,2024-04-29,34.4,0.0,44,Clear
6707,Lucknow,2024.12.17,17.0,4.2,50,Clear
6708,Lucknow,11/03/2023,33.0,73.0,97,Cloudy
6709,Lucknow,2024-07-30,35.7,7.6,48,Rainy
6710,,2024-07-05,32.3,30.5,53,Humid
6711,Lucknow,09/24/2023,27.1,18.5,50,Foggy
6712,Lucknow,04/09/2024,31.0,4.6,57,Clear
6713,Lucknow,19/01/2023,16.0,0.0,53,Cloudy
6714,Lucknow,2024-09-02,29.3,0.0,87,Rainy
6715,Lucknow,2024-03-18,34.7,0.6,61,Cloudy
6716,Lucknow,04/14/2023,30.0,0.0,45,Clear
6717,Lucknow,09/10/2023,28.5,0.0,56,Clear
6718,Lucknow,2023-01-31,29.5,2.4,79,Rainy
6719,Lucknow,2023-10-11,23.2,17.6,53,Cloudy
6720,Lucknow,28/03/2024,36.1,1.6,63,Cloudy
6721,Lucknow,2024.03.20,38.9,0.0,72,Cloudy
6722,Lucknow,07/02/2023,17.3,,74,Cloudy
6723,,10-01-2024,17.5,3.7,47,Cloudy
6724,Lucknow,07-02-2024,21.2,6.2,47,Stormy
6725,Lucknow,11/06/2024,23.3,15.9,49,Rainy
6726,Lucknow,06/03/2024,35.8,0.0,57,Cloudy
6727,Lucknow,06/19/2024,29.6,0.0,91,Rainy
6728,Lucknow,08/03/2023,38.5,4.8,57,Humid
6729,Lucknow,07/01/2023,20.4,29.5,50,Foggy
6730,Lucknow,28-06-2023,29.6,198.0,57,Clear
6731,Lucknow,2024.08.05,32.0,12.5,60,Clear
6732,Lucknow,2023.01.17,18.6,0.0,64,Cloudy
6733,Lucknow,2024-09-12,28.3,36.8,54,Humid
6734,Lucknow,2024.03.22,30.2,3.3,73,Humid
6735,Lucknow,03/07/2024,22.0,,69,Rainy
6736,Lucknow,08/08/2024,26.8,38.7,70,Rainy
6737,Lucknow,28/01/2023,19.4,2.9,67,Clear
6738,Lucknow,2023-10-22,24.8,15.0,86,Clear
6739,Lucknow,2023.01.27,15.7,0.1,45,Stormy
6740,Lucknow,2023.06.19,29.4,191.6,41,Clear
6741,Lucknow,2024.07.09,26.6,4.9,56,Clear
6742,Lucknow,2024-10-20,26.7,55.0,50,Cloudy
6743,Lucknow,14-02-2023,24.6,6.2,50,Clear
6744,Lucknow,02/05/2023,33.5,0.0,38,Foggy
6745,Lucknow,05/13/2024,29.9,,69,Foggy
6746,Lucknow,2024-11-16,28.8,87.0,57,Rainy
6747,Lucknow,2023-09-22,30.0,26.1,38,Clear
6748,Lucknow,01/03/2023,31.2,3.3,71,Clear
6749,Lucknow,05-05-2023,33.8,15.4,54,Cloudy
6750,Lucknow,14-07-2024,25.0,0.0,71,Clear
6751,Lucknow,2023-08-19,30.1,91.7,73,Cloudy
6752,Lucknow,2023.06.12,29.1,75.5,61,Cloudy
6753,Lucknow,05/08/2024,25.6,0.0,51,Cloudy
6754,Lucknow,2024-08-27,20.1,131.1,75,Cloudy
6755,Lucknow,2024-01-29,11.9,9.0,48,Humid
6756,Lucknow,08/04/2023,28.9,1.0,72,Cloudy
6757,Lucknow,09-11-2023,27.2,41.3,43,Clear
6758,Lucknow,07-01-2024,25.6,10.2,73,Cloudy
6759,Lucknow,24-01-2024,21.1,0.0,66,Rainy
6760,Lucknow,26/05/2023,28.1,0.0,80,Clear
6761,Lucknow,2024-01-06,19.0,5.5,64,Rainy
6762,Lucknow,04/24/2024,29.3,1.4,58,Clear
6763,Lucknow,2023.09.25,26.7,167.1,79,Clear
6764,Lucknow,2024-07-25,30.0,227.5,31,Stormy
6765,Lucknow,08/20/2023,28.0,0.0,64,Rainy
6766,Lucknow,09/18/2023,34.5,0.0,39,Cloudy
6767,Lucknow,03/21/2023,30.3,1.7,55,Clear
6768,Lucknow,03/09/2024,34.1,149.7,70,Clear
6769,Lucknow,2023.05.20,31.6,3.5,48,Cloudy
6770,Lucknow,11-07-2024,32.4,55.9,66,Stormy
6771,Lucknow,10/11/2024,26.2,16.4,57,Clear
6772,Lucknow,2023-08-17,27.6,211.8,79,Clear
6773,Lucknow,31-01-2024,18.6,5.5,51,Clear
6774,Lucknow,2024.06.22,26.8,25.0,73,Rainy
6775,Lucknow,2023.09.21,29.2,26.4,55,Rainy
6776,Lucknow,2023.07.03,28.5,12.9,87,Clear
6777,Lucknow,04/11/2024,29.7,0.2,63,Humid
6778,Lucknow,19/09/2023,29.7,52.0,97,Humid
6779,Lucknow,14/07/2024,34.4,22.7,46,Cloudy
6780,Lucknow,2024.02.09,14.2,1.4,60,Stormy
6781,Lucknow,21-10-2023,22.3,45.6,70,Humid
6782,Lucknow,2023-10-14,28.4,0.0,47,Rainy
6783,Lucknow,2024.02.08,22.5,1.7,42,Clear
6784,Lucknow,18/11/2023,25.7,11.4,75,Foggy
6785,Lucknow,2023-06-07,24.5,344.2,67,Rainy
6786,Lucknow,01/03/2024,20.3,7.1,55,Humid
6787,Lucknow,08/30/2024,27.2,14.7,54,Foggy
6788,Lucknow,28/05/2023,32.2,13.5,100,Cloudy
6789,Lucknow,02/05/2023,35.0,1.2,55,Clear
6790,Lucknow,02-03-2023,39.3,5.9,54,Rainy
6791,Lucknow,2024.10.21,27.1,0.0,68,Clear
6792,Lucknow,2024-10-23,23.2,63.4,84,Foggy
6793,Lucknow,2024.12.23,17.1,21.7,62,Clear
6794,Lucknow,2023-12-26,10.4,0.0,60,Cloudy
6795,Lucknow,25-09-2023,50.4,225.0,57,Rainy
6796,Lucknow,2024.05.15,39.6,3.6,43,Clear
6797,Lucknow,04/05/2024,30.3,3.5,84,Clear
6798,Lucknow,2024-06-13,26.8,266.1,76,Rainy
6799,Lucknow,08/07/2023,29.6,118.6,38,Foggy
6800,Lucknow,24/05/2024,31.0,0.0,35,Humid
6801,Lucknow,2023.11.16,29.0,10.8,83,Rainy
6802,Lucknow,2023.02.07,19.3,0.4,83,Humid
6803,Lucknow,2024.11.23,27.9,0.0,82,Humid
6804,Lucknow,08/17/2023,27.6,147.1,65,Clear
6805,Lucknow,21-10-2024,20.5,7.1,62,Cloudy
6806,Lucknow,04/15/2024,39.9,5.3,83,Foggy
6807,Lucknow,2024.09.22,27.5,139.4,83,Clear
6808,Lucknow,04/02/2023,32.9,0.7,42,Cloudy
6809,Lucknow,23-06-2024,27.6,264.8,73,Clear
6810,Lucknow,04/06/2024,24.8,86.7,74,Humid
6811,Lucknow,2024.05.14,33.6,0.0,77,Clear
6812,Lucknow,12/08/2024,25.6,7.3,81,Clear
6813,Lucknow,2024.05.05,33.5,2.1,45,Clear
6814,Lucknow,02/22/2023,11.0,0.1,62,Humid
6815,Lucknow,09/25/2024,22.6,78.9,80,Cloudy
6816,Lucknow,26/11/2023,25.1,38.8,75,Rainy
6817,Lucknow,01-09-2024,29.8,23.8,63,Rainy
6818,Lucknow,2023.05.20,35.9,12.2,65,Clear
6819,Lucknow,2024.10.21,25.3,14.2,73,Cloudy
6820,Lucknow,04/22/2023,33.3,4.1,50,Clear
6821,Lucknow,2024.06.24,17.8,103.2,72,Rainy
6822,Lucknow,04/10/2024,24.7,24.3,77,Clear
6823,Lucknow,05-08-2024,22.5,0.0,59,Clear
6824,Lucknow,25-01-2023,19.1,0.0,82,Cloudy
6825,Lucknow,23-08-2023,28.7,79.1,59,Foggy
6826,Lucknow,07/03/2024,30.2,198.0,51,Rainy
6827,Lucknow,03/15/2024,34.6,4.3,50,Humid
6828,Lucknow,2024.01.14,22.3,1.4,65,Clear
6829,Lucknow,25-10-2024,26.5,7.1,55,Cloudy
6830,Lucknow,2023-11-25,32.9,24.6,51,Foggy
6831,Lucknow,2023-11-23,32.1,0.0,46,Clear
6832,Lucknow,2023.02.19,19.6,3.5,63,Rainy
6833,Lucknow,2024.10.26,27.5,13.5,63,Clear
6834,Lucknow,16/11/2024,24.0,32.0,58,Foggy
6835,Lucknow,2023.10.22,25.0,8.9,66,Rainy
6836,Lucknow,03/12/2024,13.3,3.3,57,Clear
6837,Lucknow,22-04-2024,32.4,0.0,78,Stormy
6838,Lucknow,27-09-2024,26.1,3.6,41,Clear
6839,Lucknow,03/06/2024,30.3,2.8,50,Humid
6840,Lucknow,2024-12-16,22.6,17.0,85,Clear
6841,Lucknow,12/08/2023,18.8,4.1,50,Cloudy
6842,Lucknow,2023.07.05,35.3,0.0,34,Clear
6843,Lucknow,2024.12.06,19.4,15.9,43,Cloudy
6844,Lucknow,2024-11-27,30.0,0.0,48,Cloudy
6845,Lucknow,09/23/2023,21.4,30.0,56,Cloudy
6846,Lucknow,17/12/2024,15.7,0.0,79,Humid
6847,Lucknow,18-09-2024,19.7,19.7,59,Humid
6848,Lucknow,04/12/2023,6.5,3.4,43,Rainy
6849,Lucknow,2023-05-10,40.5,11.8,33,Rainy
6850,Lucknow,10/06/2024,32.4,64.8,55,Clear
6851,Lucknow,2024-01-20,15.8,10.9,68,Humid
6852,Lucknow,10/17/2023,28.7,7.1,51,Rainy
6853,Lucknow,13/05/2024,32.0,0.5,36,Humid
6854,Lucknow,07/11/2023,25.1,22.6,51,Cloudy
6855,Lucknow,2023-02-13,22.1,0.8,64,Foggy
6856,Lucknow,05/21/2023,32.8,16.0,61,Clear
6857,Lucknow,10-10-2023,29.8,0.4,31,Clear
6858,Lucknow,01/03/2023,33.3,17.0,62,Clear
6859,Lucknow,03/04/2024,26.1,15.8,90,Humid
6860,Lucknow,2023-12-08,17.4,0.0,46,Cloudy
6861,Lucknow,2023-02-13,21.5,6.5,93,Clear
6862,Lucknow,30-04-2024,30.1,7.6,59,Rainy
6863,Lucknow,11/05/2023,25.7,12.2,49,Clear
6864,Lucknow,18/06/2024,27.4,61.3,53,Clear
6865,Lucknow,05/20/2023,27.5,9.5,75,Clear
6866,Lucknow,2024.08.27,33.5,161.0,51,Clear
6867,Lucknow,2023-09-03,33.4,17.2,71,Clear
6868,Lucknow,2024-04-22,36.4,4.0,51,Cloudy
6869,Lucknow,2024.10.06,27.2,0.0,52,Cloudy
6870,Lucknow,01/17/2024,17.8,1.5,44,Rainy
6871,Lucknow,15/02/2024,14.8,3.4,57,Stormy
6872,Lucknow,2023.03.08,33.7,2.4,75,Stormy
6873,Lucknow,04-05-2023,31.1,7.2,64,Humid
6874,Lucknow,26-05-2024,34.2,11.4,74,Stormy
6875,Lucknow,29-01-2023,16.1,0.8,39,Humid
6876,Lucknow,05/04/2023,32.7,0.0,61,Humid
6877,Lucknow,19-01-2024,24.5,0.0,55,Foggy
6878,Lucknow,29/10/2024,23.6,0.7,59,Clear
6879,Lucknow,2023.01.30,11.5,0.0,62,Rainy
6880,Lucknow,01/02/2023,18.6,0.0,52,Stormy
6881,Lucknow,04/06/2024,27.3,160.1,76,Humid
6882,Lucknow,01/08/2024,17.3,9.5,67,Foggy
6883,Lucknow,22-12-2024,14.4,2.5,57,Clear
6884,Lucknow,05/21/2024,36.0,7.4,52,Rainy
6885,Lucknow,06/15/2024,21.9,0.0,48,Clear
6886,Lucknow,09/02/2023,22.6,3.4,72,Rainy
6887,Lucknow,2024.01.17,13.2,0.2,50,Clear
6888,Lucknow,2023-08-11,27.7,18.0,71,Stormy
6889,Lucknow,04/11/2024,32.2,3.0,71,Humid
6890,Lucknow,11-01-2023,14.4,5.5,66,Clear
6891,Lucknow,03/19/2024,32.5,5.9,58,Clear
6892,Lucknow,24/02/2024,18.8,3.4,42,Rainy
6893,Lucknow,03/06/2024,29.4,52.8,38,Cloudy
6894,Lucknow,27-05-2024,29.8,0.0,23,Clear
6895,Lucknow,24-10-2024,27.8,22.7,49,Rainy
6896,Lucknow,19-09-2023,26.0,171.4,67,Cloudy
6897,Lucknow,30/10/2023,33.0,0.3,60,Humid
6898,Lucknow,03/02/2024,18.2,1.1,87,Cloudy
6899,Lucknow,2023-01-21,22.1,7.8,82,Clear
6900,Lucknow,04-03-2023,32.7,8.9,66,Clear
6901,Lucknow,01/31/2024,9.9,0.0,37,Humid
6902,Lucknow,2023.09.09,28.0,33.8,30,Cloudy
6903,Lucknow,13/12/2024,20.5,0.9,58,Clear
6904,Lucknow,02/06/2023,15.2,0.0,83,Cloudy
6905,Lucknow,09/21/2024,27.8,0.0,62,Humid
6906,Lucknow,2023-11-12,24.8,0.0,39,Clear
6907,Lucknow,2023-09-09,36.2,125.7,55,Clear
6908,Lucknow,06-11-2023,33.2,14.5,63,Cloudy
6909,Lucknow,01/16/2024,15.2,2.3,69,Foggy
6910,Lucknow,23/04/2023,29.8,7.2,71,Clear
6911,Lucknow,20/04/2023,28.9,2.4,80,Clear
6912,Lucknow,25-06-2024,28.1,0.0,55,Rainy
6913,Lucknow,07/04/2024,32.4,2.3,72,Clear
6914,Lucknow,18-12-2024,8.7,0.4,55,Stormy
6915,Lucknow,2024-09-16,29.9,105.8,53,Foggy
6916,Lucknow,06/11/2023,25.9,201.2,77,Rainy
6917,Lucknow,2023-08-17,22.9,110.2,63,Clear
6918,Lucknow,2024.12.31,15.3,0.2,67,Clear
6919,Lucknow,2024-06-29,28.8,0.0,41,Stormy
6920,Lucknow,28-02-2024,15.8,1.3,60,Clear
6921,Lucknow,2024.11.18,30.8,1.9,71,Cloudy
6922,Lucknow,2024-07-09,30.1,212.2,60,Rainy
6923,Lucknow,04-03-2023,33.9,4.3,37,Cloudy
6924,Lucknow,27/09/2024,23.7,106.0,61,Cloudy
6925,Lucknow,2024.05.07,34.3,5.7,69,Cloudy
6926,Lucknow,07-09-2024,33.3,49.9,61,Humid
6927,Lucknow,10/11/2023,27.0,20.3,72,Humid
6928,Lucknow,04/26/2024,31.6,0.0,47,Foggy
6929,Lucknow,23/11/2024,28.5,33.1,76,Foggy
6930,Lucknow,01-12-2024,20.6,11.6,42,Humid
6931,Lucknow,21/03/2023,31.3,0.0,57,Cloudy
6932,Lucknow,02-01-2024,17.1,5.1,45,Clear
6933,Lucknow,22/03/2023,30.7,0.4,43,Foggy
6934,Lucknow,05-05-2023,40.6,21.7,48,Clear
6935,Lucknow,2024-12-04,9.8,0.5,75,Humid
6936,Lucknow,2024.01.04,19.2,0.3,37,Clear
6937,Lucknow,05/21/2024,27.6,9.3,75,Clear
6938,Lucknow,2024.11.30,27.0,18.2,41,Humid
6939,Lucknow,21-04-2023,37.9,3.5,70,Clear
6940,Lucknow,2024.05.07,35.2,1.8,65,Clear
6941,Lucknow,2023-11-20,21.9,0.0,62,Clear
6942,Lucknow,29-03-2024,40.6,0.0,42,Clear
6943,Lucknow,2023.02.03,24.0,0.5,61,Stormy
6944,Lucknow,29/12/2024,17.4,0.0,77,Humid
6945,Lucknow,2023-10-19,30.6,6.7,35,Cloudy
6946,Lucknow,09/13/2024,29.7,8.2,76,Cloudy
6947,Lucknow,2023-08-24,32.0,0.0,66,Rainy
6948,Lucknow,26-03-2024,27.3,2.7,82,Cloudy
6949,Lucknow,2024.05.26,35.0,6.0,76,Clear
6950,Lucknow,2024-04-28,26.1,0.0,69,Clear
6951,Lucknow,12/02/2023,16.4,12.0,78,Foggy
6952,Lucknow,16/07/2024,25.6,102.4,29,Clear
6953,Lucknow,2024.04.29,30.1,2.3,58,Clear
6954,Lucknow,19/06/2024,32.9,0.0,67,Clear
6955,Lucknow,04/03/2024,28.8,4.9,62,Clear
6956,Lucknow,26/05/2023,35.3,6.1,85,Rainy
6957,Lucknow,2023-02-06,14.6,29.8,53,Stormy
6958,,2023-01-27,15.4,2.5,68,Rainy
6959,Lucknow,26/02/2023,20.6,0.0,63,Cloudy
6960,Lucknow,21/07/2023,34.0,26.3,57,Clear
6961,Lucknow,2024-07-30,34.5,4.5,64,Clear
6962,Lucknow,2023.12.31,25.1,0.0,55,Clear
6963,Lucknow,12/20/2024,12.7,11.1,52,Clear
6964,Lucknow,03-05-2023,39.5,0.0,49,Clear
6965,Lucknow,07/11/2023,20.7,0.0,60,Foggy
6966,Lucknow,2023.12.08,11.4,0.0,47,Humid
6967,Lucknow,2024.01.11,23.2,0.4,68,Clear
6968,Lucknow,01-11-2024,23.1,9.3,20,Humid
6969,Lucknow,01/12/2024,20.0,1.2,73,Clear
6970,Lucknow,05-09-2023,26.1,157.2,-96,Rainy
6971,Lucknow,2024.08.30,35.7,0.0,47,Rainy
6972,Lucknow,10/12/2023,24.8,3.4,41,Cloudy
6973,Lucknow,2023.11.01,25.3,32.8,66,Clear
6974,Lucknow,24-09-2023,24.7,74.3,78,Clear
6975,Lucknow,02/06/2024,20.4,0.0,57,Humid
6976,Lucknow,02/19/2024,24.9,9.7,30,Humid
6977,Lucknow,08/12/2024,29.2,129.1,53,Clear
6978,Lucknow,23/12/2024,16.2,1.7,59,Foggy
6979,Lucknow,2024-11-29,32.2,23.3,65,Stormy
6980,Lucknow,2023-08-10,29.0,0.0,-28,Humid
6981,Lucknow,2023-06-23,32.9,0.0,64,Humid
6982,Lucknow,23/02/2023,17.5,0.0,42,Stormy
6983,Lucknow,14-07-2024,24.5,57.7,86,Rainy
6984,Lucknow,2023.04.16,38.4,0.2,45,Clear
6985,Lucknow,2024-10-27,26.0,10.0,70,Stormy
6986,Lucknow,14/05/2023,28.8,0.0,33,Cloudy
6987,Lucknow,16/05/2023,40.7,3.1,53,Foggy
6988,Lucknow,30-11-2024,26.4,73.9,76,Cloudy
6989,Lucknow,18-05-2023,36.2,8.3,75,Clear
6990,Lucknow,10/11/2023,20.1,67.5,78,Clear
6991,Lucknow,10-01-2024,19.5,11.3,51,Foggy
6992,Lucknow,26/05/2023,33.4,22.6,60,Cloudy
6993,Lucknow,2023.12.10,15.6,21.3,41,Cloudy
6994,Lucknow,2023.04.03,32.1,,53,Clear
6995,Lucknow,12-02-2023,10.9,2.5,42,Clear
6996,Lucknow,2024-09-29,31.5,601.6,55,Clear
6997,Lucknow,04/01/2024,15.7,1.1,88,Foggy
6998,Lucknow,11/04/2023,30.9,0.0,68,Humid
6999,Lucknow,19/04/2024,25.6,4.4,70,Rainy
7000,Lucknow,04/03/2023,27.1,2.3,24,Clear
7001,Lucknow,2023-02-24,16.1,22.6,56,Clear
7002,Lucknow,02/12/2024,13.8,0.0,43,Clear
7003,Lucknow,2024-07-02,30.5,6.5,52,Clear
7004,Lucknow,27/02/2023,19.4,,35,Clear
7005,Lucknow,11/01/2024,20.7,8.8,49,Humid
7006,Lucknow,01/01/2023,23.1,1.2,88,Humid
7007,Lucknow,02-01-2024,20.9,9.1,57,Cloudy
7008,Lucknow,2023-03-10,34.8,7.2,73,Rainy
7009,Lucknow,2024.10.15,34.1,16.8,73,Clear
7010,Lucknow,2024-09-24,25.0,0.0,70,Rainy
7011,Lucknow,01/23/2024,20.7,0.0,66,Cloudy
7012,Lucknow,2024.12.12,15.6,0.0,45,Clear
7013,Lucknow,2023.08.18,27.8,2.9,54,Stormy
7014,Lucknow,25-04-2023,33.3,12.0,52,Clear
7015,Lucknow,2023.11.17,27.7,6.9,63,Clear
7016,Lucknow,19-08-2023,24.2,,27,Humid
7017,Lucknow,2023-02-08,17.1,1.1,71,Clear
7018,Lucknow,11/16/2023,21.9,17.9,54,Stormy
7019,Lucknow,2023-07-20,25.2,236.2,50,Cloudy
7020,Lucknow,08/26/2023,25.2,157.4,35,Clear
7021,Lucknow,23/08/2023,26.8,6.0,63,Stormy
7022,Lucknow,07/28/2024,29.1,107.6,45,Rainy
7023,Lucknow,20/06/2023,24.3,464.9,78,Rainy
7024,Lucknow,08/03/2024,26.8,0.0,59,Cloudy
7025,Lucknow,2023.11.20,28.6,39.9,57,Clear
7026,Lucknow,15/10/2024,26.5,0.0,41,Clear
7027,Lucknow,2023.10.03,24.1,0.0,36,Cloudy
7028,Lucknow,08/24/2023,24.9,43.6,64,Humid
7029,Lucknow,2024-12-20,18.5,1.9,47,Clear
7030,Lucknow,2023-03-24,33.9,12.2,80,Clear
7031,Lucknow,2023-11-04,28.4,30.9,70,Humid
7032,Lucknow,2023.03.05,33.6,17.8,47,Cloudy
7033,Lucknow,2024-01-23,17.9,0.0,60,Cloudy
7034,Lucknow,2024.09.12,23.3,0.0,41,Clear
7035,Lucknow,25-03-2024,28.6,21.2,66,Foggy
7036,Lucknow,2024-02-15,11.9,0.8,46,Humid
7037,Lucknow,11/23/2023,29.6,46.1,47,Humid
7038,Lucknow,2024-09-06,27.8,126.5,57,Rainy
7039,Lucknow,07/01/2023,34.9,119.6,56,Clear
7040,Lucknow,12/07/2024,25.0,9.2,44,Rainy
7041,Lucknow,2024-03-31,24.0,1.8,52,Foggy
7042,Lucknow,10/25/2023,28.7,70.9,43,Foggy
7043,Lucknow,2024-06-15,27.0,71.0,63,Stormy
7044,Lucknow,02/07/2024,23.1,0.0,86,Humid
7045,Lucknow,11/01/2023,24.4,36.4,53,Clear
7046,Lucknow,17/10/2023,18.7,22.7,51,Clear
7047,Lucknow,28-10-2023,28.4,17.5,37,Clear
7048,Lucknow,21-05-2024,26.0,0.3,47,Clear
7049,Lucknow,10/12/2023,18.2,0.0,40,Clear
7050,Lucknow,20-02-2024,22.6,0.0,48,Cloudy
7051,Lucknow,2023.12.12,12.8,3.1,54,Rainy
7052,Lucknow,25-05-2024,40.1,3.9,84,Clear
7053,Lucknow,2024.10.06,26.8,0.0,58,Humid
7054,Lucknow,23/09/2023,23.0,31.1,54,Clear
7055,Lucknow,08/24/2023,35.6,264.0,94,Rainy
7056,Lucknow,02/01/2024,17.3,4.8,62,Clear
7057,Lucknow,2023.10.09,19.6,1.3,53,Stormy
7058,Lucknow,2024-06-04,22.9,16.4,58,Clear
7059,Lucknow,2024.06.04,29.2,95.7,56,Clear
7060,Lucknow,07/02/2023,18.2,2.9,79,Clear
7061,Lucknow,11/26/2024,19.9,98.9,81,Clear
7062,Lucknow,04/21/2024,34.3,0.0,78,Clear
7063,Lucknow,10/23/2024,24.6,43.2,69,Stormy
7064,,06-06-2023,33.2,0.0,77,Clear
7065,Lucknow,08/01/2023,26.5,156.5,61,Foggy
7066,Lucknow,2024-05-16,31.8,0.0,46,Humid
7067,Lucknow,01/07/2023,31.9,311.8,85,Rainy
7068,Lucknow,20/08/2024,25.1,0.0,35,Cloudy
7069,Lucknow,10/03/2023,32.6,9.7,45,Clear
7070,Lucknow,26-11-2023,24.8,20.6,51,Cloudy
7071,Lucknow,07/06/2023,30.9,0.0,52,Clear
7072,Lucknow,26-10-2023,27.5,0.0,70,Clear
7073,Lucknow,04/12/2024,36.0,2.7,82,Stormy
7074,Lucknow,12/10/2023,24.8,34.5,41,Cloudy
7075,Lucknow,10/17/2024,26.3,1.1,38,Clear
7076,Lucknow,2023.05.10,24.8,22.8,55,Cloudy
7077,Lucknow,08/23/2023,24.6,83.0,79,Rainy
7078,Lucknow,17/09/2023,30.2,,51,Rainy
7079,Lucknow,06/03/2023,41.9,11.8,80,Clear
7080,Lucknow,23-05-2024,36.2,0.0,67,Clear
7081,Lucknow,2023-12-18,15.7,0.0,49,Cloudy
7082,Lucknow,27-12-2024,11.3,1.5,58,Rainy
7083,Lucknow,2024.01.26,9.0,0.0,55,Clear
7084,Lucknow,07/14/2024,27.9,0.0,71,Humid
7085,Lucknow,04/20/2024,35.5,18.8,81,Clear
7086,Lucknow,11/11/2024,23.6,0.0,60,Clear
7087,Lucknow,2023.12.03,22.4,0.0,70,Humid
7088,Lucknow,07/26/2024,22.7,65.2,66,Cloudy
7089,Lucknow,05/16/2024,29.3,21.0,69,Humid
7090,Lucknow,2023.05.25,26.3,1.1,58,Stormy
7091,Lucknow,11-12-2024,21.0,0.0,82,Cloudy
7092,Lucknow,29-09-2024,35.7,0.0,72,Rainy
7093,Lucknow,11-06-2023,28.4,163.2,57,Cloudy
7094,Lucknow,2023.09.07,24.5,0.0,55,Cloudy
7095,Lucknow,17-01-2024,21.3,12.1,67,Rainy
7096,Lucknow,2023.06.19,26.4,0.0,91,Rainy
7097,Lucknow,2023.09.13,26.0,95.6,62,Humid
7098,,17-05-2024,38.0,24.0,60,Clear
7099,Lucknow,08/04/2024,26.4,93.9,60,Cloudy
7100,Lucknow,11/11/2024,22.6,69.2,50,Cloudy
7101,Lucknow,09/08/2023,25.9,72.8,67,Rainy
7102,Lucknow,2023.02.11,11.4,0.0,29,Rainy
7103,Lucknow,19-08-2024,30.3,170.1,55,Clear
7104,Lucknow,09/03/2023,25.6,10.0,48,Humid
7105,Lucknow,2024.05.13,32.2,,55,Stormy
7106,Lucknow,06/04/2023,24.2,10.9,38,Clear
7107,Lucknow,2024-04-25,26.7,9.6,30,Cloudy
7108,,05/20/2024,30.0,0.0,29,Clear
7109,Lucknow,2024-12-26,15.6,5.8,58,Clear
7110,Lucknow,2023.08.10,36.3,25.0,61,Clear
7111,Lucknow,2024-10-28,22.3,75.6,54,Humid
7112,Lucknow,2024.02.13,17.7,1.1,37,Stormy
7113,Lucknow,06/09/2024,25.7,139.4,62,Clear
7114,Lucknow,01/25/2023,16.5,11.2,65,Stormy
7115,Lucknow,21/12/2024,22.9,0.8,71,Clear
7116,Lucknow,2023-09-30,34.9,77.6,36,Foggy
7117,Lucknow,26-08-2023,25.8,163.6,72,Foggy
7118,Lucknow,03/01/2023,37.4,3.8,63,Clear
7119,Lucknow,09-10-2023,24.5,112.2,68,Humid
7120,Lucknow,2024-11-06,27.0,21.7,67,Foggy
7121,Lucknow,2023.05.26,35.8,4.3,74,Cloudy
7122,Lucknow,05/03/2023,18.2,7.4,59,Clear
7123,Lucknow,2023-11-06,25.4,65.7,70,Clear
7124,Lucknow,2024.07.17,23.5,0.0,46,Humid
7125,Lucknow,23-01-2023,51.8,1.1,52,Cloudy
7126,Lucknow,31/07/2023,29.3,0.0,51,Clear
7127,Lucknow,2023-01-25,17.4,0.0,59,Foggy
7128,Lucknow,29-07-2024,26.4,,35,Clear
7129,Lucknow,09/07/2024,34.4,182.7,67,Rainy
7130,Lucknow,03/23/2024,27.9,0.0,29,Rainy
7131,Lucknow,09/13/2024,31.5,52.8,44,Clear
7132,Lucknow,31/01/2024,18.5,21.6,49,Rainy
7133,Lucknow,2023.09.03,25.5,3.4,60,Clear
7134,Lucknow,27-07-2023,30.6,208.0,63,Cloudy
7135,Lucknow,15/03/2023,32.5,0.0,77,Humid
7136,Lucknow,23/03/2024,37.7,2.6,44,Stormy
7137,Lucknow,2024-05-15,29.9,5.5,47,Clear
7138,Lucknow,2024-05-26,29.1,0.1,50,Humid
7139,Lucknow,2023.11.25,32.5,77.6,55,Cloudy
7140,Lucknow,12/11/2023,22.6,15.4,59,Cloudy
7141,Lucknow,09/24/2023,28.2,239.6,41,Foggy
7142,Lucknow,2023.10.17,32.6,89.8,37,Cloudy
7143,Lucknow,07/31/2024,26.2,81.6,77,Rainy
7144,Lucknow,2023.07.26,28.3,39.2,65,Foggy
7145,Lucknow,01/08/2024,22.2,196.6,61,Foggy
7146,Lucknow,2023.04.20,31.2,6.6,92,Cloudy
7147,Lucknow,05/07/2024,22.0,167.4,50,Clear
7148,Lucknow,01/07/2023,29.5,345.5,75,Rainy
7149,Lucknow,21-03-2024,33.9,0.0,73,Cloudy
7150,Lucknow,07-12-2023,19.8,10.1,93,Clear
7151,Lucknow,26-07-2023,25.8,80.8,94,Humid
7152,Lucknow,2024-03-14,36.4,18.8,61,Clear
7153,Lucknow,07/11/2023,31.1,12.1,45,Clear
7154,Lucknow,07/18/2023,28.8,109.0,60,Rainy
7155,Lucknow,2023.07.16,24.3,23.9,49,Rainy
7156,Lucknow,2024-03-09,32.1,6.8,72,Cloudy
7157,Lucknow,2023-11-02,27.0,74.5,71,Clear
7158,Lucknow,07/05/2024,27.6,13.6,58,Clear
7159,Lucknow,14/06/2024,31.5,135.2,48,Rainy
7160,Lucknow,28/04/2024,37.2,2.6,74,Cloudy
7161,Lucknow,2023.03.22,29.4,0.3,44,Humid
7162,Lucknow,2024.10.28,24.6,0.0,74,Cloudy
7163,Lucknow,2024.10.24,29.0,24.7,31,Rainy
7164,Lucknow,02/16/2023,22.8,2.2,60,Stormy
7165,Lucknow,07/22/2024,30.9,93.3,81,Rainy
7166,Lucknow,2023-07-29,32.9,0.0,66,Rainy
7167,Lucknow,03/07/2023,25.0,0.0,43,Rainy
7168,Lucknow,17-04-2023,27.8,3.6,91,Cloudy
7169,Lucknow,2024.07.17,25.7,54.0,52,Rainy
7170,Lucknow,25-02-2024,56.9,4.7,78,Clear
7171,Lucknow,02/02/2023,19.4,0.6,72,Foggy
7172,Lucknow,2023-07-06,34.7,,40,Clear
7173,Lucknow,2023-09-02,26.3,0.0,53,Humid
7174,Lucknow,10/29/2024,29.0,0.0,62,Cloudy
7175,Lucknow,02/19/2024,17.8,5.3,51,Stormy
7176,Lucknow,05/05/2023,38.1,2.4,43,Rainy
7177,Lucknow,22-12-2023,18.3,0.0,68,Rainy
7178,Lucknow,06-09-2023,31.8,,55,Clear
7179,Lucknow,2023-10-03,23.2,0.0,78,Clear
7180,Lucknow,04/10/2024,27.5,5.8,32,Rainy
7181,Lucknow,27/05/2023,42.9,6.8,45,Clear
7182,Lucknow,05-05-2024,30.6,2.5,52,Cloudy
7183,Lucknow,28/03/2023,31.6,,62,Foggy
7184,Lucknow,06/17/2024,32.6,0.0,42,Clear
7185,Lucknow,17-01-2023,20.6,0.0,67,Clear
7186,Lucknow,2024.12.25,26.8,1.0,70,Foggy
7187,Lucknow,10/05/2023,19.2,0.0,34,Cloudy
7188,Lucknow,2024-07-30,35.2,22.7,62,Humid
7189,Lucknow,2024-04-12,31.1,0.2,18,Humid
7190,Lucknow,05-10-2024,25.7,0.0,77,Clear
7191,Lucknow,13/10/2023,28.2,0.0,77,Clear
7192,Lucknow,2024.04.05,36.4,5.9,64,Foggy
7193,Lucknow,2023.04.06,30.1,5.1,59,Clear
7194,Lucknow,2023.11.04,25.2,25.9,69,Rainy
7195,Lucknow,20/06/2023,28.8,40.0,30,Clear
7196,Lucknow,25/12/2023,22.5,0.0,66,Humid
7197,Lucknow,09-05-2023,22.3,11.1,51,Stormy
7198,Lucknow,2024-09-17,33.1,0.0,60,Rainy
7199,Lucknow,2023-08-23,24.4,0.0,37,Clear
7200,Lucknow,2024.05.14,31.6,0.0,71,Clear
7201,Lucknow,21/10/2024,22.0,,44,Clear
7202,Lucknow,2023.12.27,11.0,0.0,63,Clear
7203,Lucknow,21-08-2023,28.5,32.4,61,Rainy
7204,Lucknow,2024.01.26,16.7,1.6,65,Cloudy
7205,Lucknow,2023.06.30,29.1,2.5,56,Humid
7206,Lucknow,16-05-2023,33.6,4.4,50,Cloudy
7207,Lucknow,06/05/2024,33.5,9.6,47,Cloudy
7208,Lucknow,10/26/2023,21.6,2.8,39,Rainy
7209,Lucknow,2024.06.14,31.4,539.0,57,Foggy
7210,Lucknow,2024.09.27,37.7,4.8,77,Foggy
7211,Lucknow,04/07/2023,24.4,442.0,51,Humid
7212,Lucknow,08-11-2024,29.2,25.0,48,Rainy
7213,Lucknow,16/12/2023,21.1,1.6,77,Clear
7214,Lucknow,17-12-2024,18.6,0.2,89,Clear
7215,Lucknow,2024.01.23,13.4,0.1,74,Humid
7216,Lucknow,2023-09-21,26.2,6.0,54,Foggy
7217,Lucknow,2023.09.24,21.9,141.3,59,Clear
7218,Lucknow,01/22/2023,22.1,3.0,73,Clear
7219,Lucknow,2024.09.22,27.2,79.2,57,Rainy
7220,Lucknow,26/03/2024,35.2,3.9,72,Clear
7221,Lucknow,2024.11.14,32.6,6.4,74,Clear
7222,Lucknow,16/07/2024,32.2,0.0,46,Humid
7223,Lucknow,07-06-2023,27.9,31.2,25,Clear
7224,Lucknow,2024-03-15,36.5,0.0,40,Foggy
7225,Lucknow,26/03/2023,37.3,7.2,56,Clear
7226,Lucknow,2023.08.08,33.9,56.9,65,Humid
7227,Lucknow,2023.01.13,18.4,0.0,74,Cloudy
7228,Lucknow,2024.05.13,36.0,41.6,65,Clear
7229,Lucknow,09-07-2023,34.9,2.7,92,Rainy
7230,Lucknow,16-09-2023,22.7,184.5,60,Rainy
7231,Lucknow,2023.04.08,34.8,5.4,17,Stormy
7232,Lucknow,2024-12-05,25.3,0.2,21,Clear
7233,Lucknow,2024.10.19,30.1,84.5,52,Cloudy
7234,Lucknow,2024.05.01,29.7,1.7,62,Foggy
7235,Lucknow,2023.08.19,39.2,153.3,42,Cloudy
7236,Lucknow,19/08/2024,25.5,63.2,67,Rainy
7237,Lucknow,2024.03.16,32.7,0.0,68,Clear
7238,Lucknow,30-09-2023,29.8,0.0,55,Cloudy
7239,Lucknow,05/09/2023,26.4,124.1,66,Rainy
7240,Lucknow,14-07-2024,25.6,197.1,58,Cloudy
7241,Lucknow,2023.01.25,11.1,4.4,-43,Clear
7242,Lucknow,14-12-2023,15.2,0.2,61,Foggy
7243,Lucknow,2023.09.03,29.4,45.6,62,Clear
7244,Lucknow,08/10/2024,17.5,321.8,54,Clear
7245,Lucknow,2023-01-13,22.6,1.0,43,Cloudy
7246,Lucknow,2024-06-04,32.4,419.5,50,Clear
7247,Lucknow,27/06/2024,24.0,240.5,39,Foggy
7248,Lucknow,2023-02-01,16.3,0.9,49,Cloudy
7249,Lucknow,26/02/2023,11.1,2.5,23,Clear
7250,Lucknow,2024.08.22,28.1,198.2,62,Rainy
7251,Lucknow,09/09/2024,24.9,36.4,67,Clear
7252,Lucknow,09/25/2024,25.9,0.0,55,Humid
7253,Lucknow,2023.09.13,30.0,65.6,34,Cloudy
7254,Lucknow,2024.04.28,34.4,0.4,89,Clear
7255,Lucknow,27-08-2024,34.2,222.4,28,Foggy
7256,Lucknow,2023-05-11,32.5,3.3,52,Clear
7257,Lucknow,29-02-2024,13.2,0.0,65,Clear
7258,Lucknow,04/03/2024,33.2,0.0,46,Humid
7259,Lucknow,04/01/2024,22.8,3.1,74,Cloudy
7260,Lucknow,2023.10.18,28.5,1.7,61,Cloudy
7261,Lucknow,02/07/2024,22.8,0.0,67,Rainy
7262,Lucknow,24/01/2024,20.8,0.8,49,Stormy
7263,Lucknow,20/09/2024,34.0,242.1,72,Stormy
7264,Lucknow,27-09-2023,19.7,133.4,35,Rainy
7265,Lucknow,17-10-2024,20.7,25.0,59,Clear
7266,Lucknow,19-11-2023,20.6,42.9,45,Clear
7267,Lucknow,01/21/2023,23.3,0.0,42,Rainy
7268,Lucknow,2023-09-09,31.1,30.7,59,Cloudy
7269,Lucknow,07/09/2023,31.0,6.0,37,Rainy
7270,Lucknow,09/22/2023,30.2,0.0,60,Rainy
7271,Lucknow,01/11/2024,21.8,11.7,61,Stormy
7272,Lucknow,10/13/2024,21.6,9.9,55,Foggy
7273,Lucknow,01-04-2024,34.0,12.2,72,Clear
7274,Lucknow,31/07/2024,28.9,378.8,32,Clear
7275,Lucknow,09/09/2024,29.7,415.7,60,Humid
7276,Lucknow,2024.06.01,22.4,414.5,45,Cloudy
7277,Lucknow,2024-09-14,27.6,,45,Cloudy
7278,Lucknow,05/07/2024,28.7,287.9,76,Foggy
7279,Lucknow,21/02/2024,18.4,6.4,49,Humid
7280,Lucknow,2024.09.30,28.5,42.8,81,Rainy
7281,Lucknow,19/08/2023,28.8,4.9,51,Clear
7282,Lucknow,2023-09-27,31.6,0.0,59,Cloudy
7283,Lucknow,2024.04.02,30.2,8.4,63,Clear
7284,Lucknow,25/11/2024,22.4,27.3,65,Humid
7285,Lucknow,10/21/2023,32.7,2.4,31,Foggy
7286,Lucknow,06/02/2023,23.9,32.3,76,Rainy
7287,Lucknow,10/08/2024,50.7,17.3,64,Clear
7288,Lucknow,07/29/2024,31.3,133.7,35,Clear
7289,Lucknow,24-12-2024,19.2,1.3,69,Clear
7290,Lucknow,2023.01.29,17.8,25.6,58,Cloudy
7291,Lucknow,2023-04-01,27.5,3.7,50,Cloudy
7292,Lucknow,06/10/2024,31.5,258.0,68,Clear
7293,Lucknow,07/23/2024,29.7,45.9,56,Rainy
7294,Lucknow,2024.12.12,20.5,0.0,75,Rainy
7295,Lucknow,17/11/2024,21.6,29.7,48,Rainy
7296,Lucknow,22/12/2024,20.0,7.0,80,Rainy
7297,Lucknow,07/06/2024,28.6,280.5,61,Clear
7298,Lucknow,23-02-2024,12.8,16.8,52,Cloudy
7299,Lucknow,17/04/2024,28.3,14.7,56,Clear
7300,Lucknow,2023-08-11,27.9,79.6,77,Foggy
7301,Lucknow,09/02/2024,18.4,3.3,46,Clear
7302,Lucknow,2024-12-03,21.3,1.7,75,Humid
7303,Lucknow,2023.06.18,30.1,556.7,49,Clear
7304,Lucknow,2024.11.18,24.2,72.2,63,Clear
7305,Lucknow,15/09/2023,28.4,0.0,52,Clear
7306,Lucknow,09/14/2024,27.1,,64,Humid
7307,Lucknow,06-04-2024,29.6,0.0,39,Cloudy
7308,Lucknow,18/02/2024,12.5,3.4,52,Humid
7309,Lucknow,08-05-2023,30.3,0.0,74,Rainy
7310,Lucknow,23-05-2024,28.3,1.2,65,Cloudy
7311,Lucknow,03-06-2024,28.8,72.0,76,Clear
7312,Lucknow,09/09/2024,30.4,5.7,47,Clear
7313,Lucknow,17/03/2024,37.8,8.1,52,Clear
7314,Lucknow,17/01/2023,18.3,0.0,58,Clear
7315,Lucknow,16-05-2024,39.7,0.0,48,Humid
7316,Lucknow,05/28/2024,30.4,0.0,36,Cloudy
7317,Lucknow,2023.05.04,31.7,1.5,82,Clear
7318,Lucknow,21-05-2024,33.6,0.0,51,Cloudy
7319,Lucknow,04/10/2024,27.7,4.5,67,Clear
7320,Lucknow,03-03-2023,35.8,0.0,54,Stormy
7321,Lucknow,20-08-2024,32.4,0.0,48,Clear
7322,Lucknow,12/17/2024,20.5,1.1,56,Foggy
7323,Lucknow,16-03-2024,34.0,22.9,84,Cloudy
7324,Lucknow,06/30/2024,23.2,224.7,42,Clear
7325,Lucknow,11/08/2024,24.8,37.0,60,Humid
7326,Lucknow,29-04-2024,34.5,,58,Clear
7327,Lucknow,01/15/2023,14.6,2.0,57,Rainy
7328,Lucknow,23/12/2024,21.2,4.0,65,Rainy
7329,Lucknow,2024.02.25,21.6,2.1,47,Rainy
7330,Lucknow,11/10/2023,25.3,12.9,32,Rainy
7331,Chandigarh,29-07-2023,28.0,73.1,27,Rainy
7332,Chandigarh,2024.01.14,22.1,1.9,74,Clear
7333,Chandigarh,29-10-2024,35.0,7.8,48,Rainy
7334,Chandigarh,22/08/2023,23.5,0.0,45,Stormy
7335,Chandigarh,21/08/2023,34.9,345.1,55,Clear
7336,Chandigarh,2024.08.30,22.9,60.9,72,Clear
7337,Chandigarh,17/12/2023,22.7,5.5,52,Rainy
7338,Chandigarh,11-08-2023,24.3,48.2,58,Rainy
7339,Chandigarh,01-01-2024,18.1,6.4,44,Clear
7340,Chandigarh,21-09-2023,35.7,3.7,81,Foggy
7341,Chandigarh,23-06-2024,19.4,82.8,59,Foggy
7342,Chandigarh,2024-01-09,17.4,2.0,47,Rainy
7343,Chandigarh,30/10/2024,23.2,14.4,64,Clear
7344,Chandigarh,24/07/2023,27.6,37.4,54,Stormy
7345,Chandigarh,2023.11.24,28.7,0.0,75,Foggy
7346,Chandigarh,2023-12-05,25.2,0.0,41,Clear
7347,Chandigarh,06-07-2023,30.1,54.8,58,Clear
7348,Chandigarh,24-07-2023,28.5,8.1,57,Clear
7349,Chandigarh,12/03/2023,22.0,1.0,60,Clear
7350,Chandigarh,09-10-2024,24.0,0.5,67,Clear
7351,Chandigarh,2023-11-05,23.0,25.0,51,Clear
7352,Chandigarh,08/01/2024,15.8,0.0,47,Clear
7353,Chandigarh,17/05/2024,39.2,0.5,53,Clear
7354,Chandigarh,2023-11-20,28.4,11.1,60,Rainy
7355,Chandigarh,2023-08-02,20.6,210.3,60,Clear
7356,Chandigarh,02/08/2023,18.3,1.0,58,Clear
7357,Chandigarh,01/09/2023,25.7,6.9,58,Foggy
7358,Chandigarh,03/20/2024,42.0,1.9,63,Humid
7359,Chandigarh,30/03/2023,39.8,26.2,57,Rainy
7360,Chandigarh,21-12-2024,25.9,12.8,99,Clear
7361,Chandigarh,02/22/2024,13.7,4.1,63,Clear
7362,Chandigarh,20/07/2023,22.3,228.5,65,Rainy
7363,Chandigarh,02/07/2024,28.8,51.1,65,Clear
7364,Chandigarh,2024-01-25,8.5,0.0,52,Cloudy
7365,Chandigarh,07/12/2023,28.9,210.0,59,Clear
7366,Chandigarh,05/29/2023,36.2,2.9,58,Cloudy
7367,Chandigarh,26/07/2023,30.8,99.0,39,Rainy
7368,Chandigarh,08/27/2024,24.0,278.5,54,Clear
7369,Chandigarh,16/01/2024,25.0,11.1,74,Humid
7370,Chandigarh,2023.03.26,30.8,8.4,55,Clear
7371,Chandigarh,2023-11-27,19.9,152.1,45,Humid
7372,Chandigarh,2024-04-11,25.6,2.0,70,Clear
7373,Chandigarh,17/07/2024,22.9,109.9,51,Humid
7374,Chandigarh,04/15/2024,34.8,8.4,97,Cloudy
7375,Chandigarh,02/08/2023,18.1,4.3,48,Rainy
7376,Chandigarh,01/14/2024,24.9,4.5,68,Foggy
7377,Chandigarh,05/12/2024,26.3,18.8,66,Stormy
7378,Chandigarh,2024-10-13,24.8,27.5,54,Foggy
7379,Chandigarh,09-04-2023,32.9,0.0,46,Foggy
7380,Chandigarh,2023.05.22,32.5,0.9,36,Clear
7381,Chandigarh,25-12-2024,22.2,9.9,72,Foggy
7382,Chandigarh,2023-03-06,31.1,0.4,55,Clear
7383,Chandigarh,2023.05.19,39.4,27.9,73,Rainy
7384,Chandigarh,19-03-2023,28.0,14.6,40,Cloudy
7385,Chandigarh,26/08/2024,29.0,46.9,64,Cloudy
7386,Chandigarh,05-02-2023,25.2,8.5,69,Humid
7387,Chandigarh,2023.05.03,34.7,15.2,64,Humid
7388,Chandigarh,2024.06.16,25.3,275.0,71,Clear
7389,Chandigarh,2024-01-10,16.9,0.0,74,Clear
7390,Chandigarh,15-05-2024,40.1,2.6,71,Clear
7391,Chandigarh,16-09-2024,24.7,188.5,38,Clear
7392,Chandigarh,2023.12.10,9.7,6.8,47,Clear
7393,Chandigarh,07-01-2024,18.7,9.1,39,Rainy
7394,Chandigarh,2023-09-14,26.3,78.5,67,Humid
7395,Chandigarh,08/06/2023,24.2,0.0,47,Humid
7396,Chandigarh,07/07/2024,27.1,33.8,51,Cloudy
7397,Chandigarh,2023.12.20,9.5,0.0,61,Clear
7398,Chandigarh,20/12/2023,16.9,1.2,38,Foggy
7399,Chandigarh,20/04/2024,37.8,1.0,72,Humid
7400,Chandigarh,2024.08.14,30.5,0.0,41,Humid
7401,Chandigarh,14-11-2024,22.3,86.3,79,Clear
7402,Chandigarh,2023-12-15,16.3,0.0,60,Stormy
7403,Chandigarh,2023.01.04,16.6,0.0,64,Stormy
7404,Chandigarh,20/06/2023,33.5,165.3,46,Foggy
7405,Chandigarh,22/01/2024,11.0,3.9,44,Clear
7406,Chandigarh,2024.06.26,31.4,228.8,80,Cloudy
7407,Chandigarh,06-03-2024,40.3,9.3,81,Stormy
7408,Chandigarh,2023.05.25,33.4,0.0,69,Humid
7409,Chandigarh,03-09-2023,30.9,188.8,74,Foggy
7410,Chandigarh,2024.02.19,14.9,0.0,71,Rainy
7411,Chandigarh,30-06-2023,26.3,86.3,56,Clear
7412,Chandigarh,16/07/2023,29.5,0.0,-63,Cloudy
7413,Chandigarh,2023.11.15,27.9,0.0,51,Stormy
7414,Chandigarh,08-08-2023,28.5,70.1,56,Cloudy
7415,Chandigarh,2024.01.28,6.3,0.0,40,Foggy
7416,Chandigarh,2023.09.09,31.0,92.1,69,Cloudy
7417,Chandigarh,22-11-2023,30.7,0.0,59,Stormy
7418,Chandigarh,23-07-2024,20.0,41.8,41,Rainy
7419,Chandigarh,04-07-2024,28.7,0.0,76,Rainy
7420,Chandigarh,08/03/2023,25.3,31.4,81,Rainy
7421,Chandigarh,27-03-2023,59.2,3.8,52,Rainy
7422,Chandigarh,04/13/2024,32.2,0.0,80,Humid
7423,Chandigarh,2023-07-12,28.8,13.8,80,Cloudy
7424,Chandigarh,29/01/2023,14.0,0.0,66,Foggy
7425,Chandigarh,2023-07-28,33.3,0.0,67,Clear
7426,Chandigarh,2024-09-19,32.6,0.0,82,Cloudy
7427,Chandigarh,02/26/2023,15.4,0.0,28,Clear
7428,Chandigarh,01/19/2024,24.4,1.3,63,Clear
7429,Chandigarh,2023-10-20,27.8,0.0,69,Clear
7430,Chandigarh,03/08/2024,21.9,87.8,86,Clear
7431,Chandigarh,02/04/2024,33.4,0.0,45,Stormy
7432,Chandigarh,22/02/2024,14.8,4.1,72,Humid
7433,Chandigarh,2024-12-26,19.2,12.2,58,Clear
7434,Chandigarh,20/02/2023,18.3,0.2,50,Clear
7435,Chandigarh,2023.11.13,26.2,0.0,50,Rainy
7436,Chandigarh,13-05-2023,35.3,10.4,53,Cloudy
7437,Chandigarh,2024.10.13,22.7,25.1,67,Clear
7438,Chandigarh,07-02-2024,19.4,11.1,43,Clear
7439,Chandigarh,12-06-2024,31.7,108.7,59,Rainy
7440,Chandigarh,02/27/2024,12.5,4.3,54,Humid
7441,Chandigarh,2023.09.03,29.9,83.2,60,Clear
7442,Chandigarh,2024.05.17,34.3,0.9,63,Stormy
7443,Chandigarh,2023-05-03,30.3,17.4,69,Humid
7444,Chandigarh,11-05-2024,30.1,8.9,32,Humid
7445,Chandigarh,2024-12-12,19.3,12.9,78,Humid
7446,Chandigarh,02-06-2024,23.5,184.4,23,Clear
7447,Chandigarh,2023-04-22,33.8,0.7,57,Humid
7448,Chandigarh,01/13/2023,10.0,0.0,63,Humid
7449,Chandigarh,10/26/2024,25.9,3.5,49,Clear
7450,Chandigarh,2023.02.12,21.7,8.0,58,Foggy
7451,Chandigarh,2024-02-02,20.4,7.6,55,Clear
7452,Chandigarh,06/05/2024,34.3,1.3,46,Clear
7453,Chandigarh,01/25/2023,16.0,5.4,71,Humid
7454,Chandigarh,2024.05.05,32.9,7.4,73,Cloudy
7455,Chandigarh,24-09-2024,27.9,139.9,56,Clear
7456,Chandigarh,2023-03-28,40.0,7.6,62,Cloudy
7457,Chandigarh,08/06/2024,28.2,305.7,65,Clear
7458,Chandigarh,2024.10.14,27.4,16.1,75,Clear
7459,Chandigarh,2024.05.23,36.4,5.8,52,Cloudy
7460,Chandigarh,22-01-2024,21.6,3.0,52,Clear
7461,Chandigarh,12/30/2024,18.7,6.2,50,Rainy
7462,Chandigarh,2023.08.13,30.4,0.0,74,Cloudy
7463,Chandigarh,16/03/2023,34.3,16.9,52,Humid
7464,Chandigarh,14/06/2024,31.7,100.4,63,Foggy
7465,Chandigarh,24-08-2024,28.2,61.2,65,Foggy
7466,Chandigarh,09/10/2024,27.4,158.9,60,Rainy
7467,Chandigarh,2023-01-11,7.3,7.6,39,Clear
7468,Chandigarh,14-02-2023,25.0,3.8,75,Cloudy
7469,Chandigarh,07/07/2024,31.5,34.6,88,Cloudy
7470,Chandigarh,2024.04.21,38.1,12.9,36,Rainy
7471,Chandigarh,10/13/2024,26.5,2.2,82,Rainy
7472,Chandigarh,2024-03-24,33.7,19.8,41,Cloudy
7473,Chandigarh,2024.11.13,27.6,19.9,65,Clear
7474,Chandigarh,2023.04.29,30.0,,42,Clear
7475,Chandigarh,26/09/2024,30.5,23.3,67,Rainy
7476,Chandigarh,30-11-2023,31.6,23.7,66,Cloudy
7477,Chandigarh,30-06-2024,22.4,93.4,80,Clear
7478,Chandigarh,04/02/2024,12.3,8.4,66,Cloudy
7479,Chandigarh,13/04/2024,31.4,4.7,63,Clear
7480,Chandigarh,2024.09.16,22.8,32.6,60,Humid
7481,Chandigarh,08/06/2023,23.7,14.8,38,Clear
7482,Chandigarh,19-07-2023,24.3,0.0,43,Rainy
7483,Chandigarh,2024-05-03,38.6,2.2,67,Rainy
7484,Chandigarh,11-09-2024,30.8,5.5,70,Rainy
7485,Chandigarh,18-03-2024,31.3,8.0,48,Foggy
7486,Chandigarh,02/03/2023,20.7,0.0,55,Cloudy
7487,Chandigarh,20/06/2024,23.3,0.0,65,Cloudy
7488,Chandigarh,09/16/2023,31.4,31.1,48,Rainy
7489,Chandigarh,2023.07.22,33.3,49.3,54,Cloudy
7490,Chandigarh,08/16/2024,23.4,98.8,81,Foggy
7491,Chandigarh,11/06/2023,31.5,55.7,46,Clear
7492,Chandigarh,2024-04-20,31.6,0.0,36,Rainy
7493,Chandigarh,2024-04-01,43.7,4.5,53,Cloudy
7494,Chandigarh,20-05-2023,45.6,31.7,60,Rainy
7495,Chandigarh,2023-03-18,32.5,41.7,50,Humid
7496,Chandigarh,02-02-2023,11.3,5.2,73,Cloudy
7497,Chandigarh,2024-07-18,24.7,0.0,35,Rainy
7498,Chandigarh,2024-08-15,20.4,24.7,94,Rainy
7499,Chandigarh,04/26/2023,35.6,9.6,78,Clear
7500,Chandigarh,11/08/2023,27.9,,82,Cloudy
7501,Chandigarh,20/02/2024,18.8,0.0,64,Foggy
7502,Chandigarh,2023.04.01,35.6,5.4,71,Cloudy
7503,Chandigarh,27/02/2023,16.9,,66,Humid
7504,Chandigarh,24/08/2024,34.7,53.7,43,Rainy
7505,Chandigarh,2024-05-20,31.2,4.3,33,Rainy
7506,Chandigarh,14-11-2024,25.2,7.2,64,Clear
7507,Chandigarh,2023.03.09,29.3,9.1,28,Humid
7508,Chandigarh,09-09-2023,24.3,121.6,56,Cloudy
7509,Chandigarh,21-05-2024,32.5,6.1,76,Rainy
7510,Chandigarh,22/12/2024,11.9,1.3,69,Clear
7511,Chandigarh,07/04/2024,33.4,0.0,59,Clear
7512,Chandigarh,2024.03.03,29.2,4.1,54,Humid
7513,Chandigarh,02-11-2023,27.5,14.0,64,Clear
7514,Chandigarh,2024-12-23,14.8,1.6,67,Clear
7515,Chandigarh,16/03/2024,32.1,38.2,48,Humid
7516,Chandigarh,2024-08-29,33.8,0.0,61,Rainy
7517,Chandigarh,18-11-2023,18.1,8.8,86,Clear
7518,Chandigarh,17-06-2024,30.8,0.0,42,Foggy
7519,Chandigarh,03/16/2023,32.9,15.6,63,Cloudy
7520,Chandigarh,11/09/2023,30.7,0.0,54,Cloudy
7521,Chandigarh,2023.02.17,16.2,1.0,100,Humid
7522,Chandigarh,17-10-2023,22.6,9.7,57,Cloudy
7523,Chandigarh,10/08/2024,28.4,37.2,44,Humid
7524,Chandigarh,2023-02-09,25.5,0.0,48,Cloudy
7525,Chandigarh,06/23/2023,24.9,,36,Humid
7526,Chandigarh,08/12/2023,14.1,1.9,46,Stormy
7527,Chandigarh,27/03/2023,32.0,19.8,72,Humid
7528,Chandigarh,09-04-2023,28.5,3.2,42,Stormy
7529,Chandigarh,14/03/2023,34.7,0.0,38,Cloudy
7530,Chandigarh,26/06/2023,23.5,23.9,35,Rainy
7531,Chandigarh,2023-08-03,37.8,0.0,24,Clear
7532,Chandigarh,06/04/2024,26.3,340.0,62,Cloudy
7533,Chandigarh,11/16/2023,26.8,29.0,29,Humid
7534,Chandigarh,26-11-2024,23.6,26.9,75,Clear
7535,Chandigarh,11/08/2023,32.7,121.8,56,Clear
7536,Chandigarh,2023-03-20,40.1,0.0,35,Humid
7537,Chandigarh,2024.10.24,25.0,39.9,42,Cloudy
7538,Chandigarh,2023-02-02,14.9,1.1,45,Rainy
7539,Chandigarh,14-04-2024,31.1,3.1,67,Stormy
7540,Chandigarh,20/11/2023,24.8,102.6,51,Clear
7541,Chandigarh,13/08/2024,29.1,29.6,52,Humid
7542,Chandigarh,07-02-2024,32.1,10.3,57,Cloudy
7543,Chandigarh,30-09-2023,25.1,16.3,37,Clear
7544,Chandigarh,10-09-2023,29.0,69.9,54,Clear
7545,Chandigarh,2023.04.17,34.9,,64,Cloudy
7546,Chandigarh,05/10/2023,20.5,32.1,73,Rainy
7547,Chandigarh,04-07-2023,35.0,34.1,57,Foggy
7548,Chandigarh,05-04-2023,28.1,4.4,42,Humid
7549,Chandigarh,07/31/2023,27.9,0.0,40,Foggy
7550,Chandigarh,27-01-2024,17.9,1.2,54,Foggy
7551,Chandigarh,01/06/2023,19.4,5.4,47,Rainy
7552,Chandigarh,2024-08-05,30.9,0.0,75,Rainy
7553,Chandigarh,05/10/2023,20.1,17.8,57,Cloudy
7554,Chandigarh,05/29/2024,33.8,6.9,54,Clear
7555,Chandigarh,05/15/2024,32.8,0.0,70,Foggy
7556,Chandigarh,2023.01.08,22.2,0.0,53,Humid
7557,Chandigarh,25/07/2024,26.4,177.5,79,Humid
7558,Chandigarh,2023.05.08,32.1,12.1,69,Cloudy
7559,Chandigarh,13/01/2024,25.4,1.0,70,Rainy
7560,Chandigarh,20/08/2023,26.1,218.4,57,Cloudy
7561,Chandigarh,04-07-2023,24.6,0.0,69,Clear
7562,Chandigarh,11/22/2024,29.2,9.7,58,Humid
7563,Chandigarh,07-03-2023,34.0,8.0,79,Clear
7564,Chandigarh,20/09/2024,22.2,0.0,44,Rainy
7565,Chandigarh,07-11-2024,25.1,10.5,44,Humid
7566,Chandigarh,2024.11.16,17.4,0.0,81,Clear
7567,Chandigarh,05/07/2023,31.5,4.9,38,Clear
7568,Chandigarh,03/08/2023,28.8,192.9,71,Cloudy
7569,Chandigarh,11/03/2023,24.4,41.2,79,Cloudy
7570,Chandigarh,05-10-2024,23.0,67.5,42,Clear
7571,Chandigarh,10/09/2024,27.4,33.3,56,Cloudy
7572,Chandigarh,16-02-2024,19.0,0.0,49,Clear
7573,Chandigarh,2023.08.30,22.2,145.6,92,Cloudy
7574,Chandigarh,04/09/2023,26.4,79.0,53,Humid
7575,Chandigarh,11/12/2023,18.0,7.5,80,Humid
7576,Chandigarh,2024-01-29,18.7,0.0,41,Humid
7577,Chandigarh,22-04-2023,30.0,5.1,43,Cloudy
7578,Chandigarh,2024.10.15,32.5,4.0,86,Clear
7579,Chandigarh,2023-04-25,28.5,6.9,53,Stormy
7580,Chandigarh,03/16/2024,34.9,1.5,69,Clear
7581,Chandigarh,29/03/2023,30.2,0.0,46,Clear
7582,Chandigarh,2023-05-29,29.2,6.3,63,Clear
7583,Chandigarh,2024.07.29,18.7,0.0,66,Clear
7584,Chandigarh,27-01-2024,15.5,0.0,42,Rainy
7585,Chandigarh,07-04-2024,36.5,1.3,64,Humid
7586,Chandigarh,2024-12-27,21.0,0.0,65,Cloudy
7587,Chandigarh,2023-07-07,28.3,11.1,32,Clear
7588,Chandigarh,08/11/2023,26.8,25.1,55,Rainy
7589,Chandigarh,2023-10-24,22.3,14.1,66,Clear
7590,Chandigarh,2024-11-13,59.9,19.3,61,Rainy
7591,Chandigarh,12-05-2024,31.2,3.2,71,Stormy
7592,Chandigarh,2023.09.09,35.7,196.7,66,Stormy
7593,Chandigarh,09/10/2024,33.2,23.3,90,Clear
7594,Chandigarh,02/12/2024,16.9,0.0,65,Humid
7595,Chandigarh,01/29/2024,14.4,1.5,84,Clear
7596,Chandigarh,16/02/2023,14.2,0.0,66,Cloudy
7597,Chandigarh,06-06-2023,35.8,138.1,78,Humid
7598,Chandigarh,10/20/2024,26.9,35.2,50,Stormy
7599,Chandigarh,2023.06.01,23.1,0.0,28,Cloudy
7600,Chandigarh,25/07/2023,21.3,0.0,81,Rainy
7601,Chandigarh,2024-05-11,28.8,10.6,38,Clear
7602,Chandigarh,07/31/2024,24.8,56.3,79,Cloudy
7603,Chandigarh,07/24/2023,22.7,80.3,85,Foggy
7604,Chandigarh,28-12-2024,16.5,2.5,76,Rainy
7605,Chandigarh,2023-04-12,30.7,,70,Cloudy
7606,Chandigarh,06/07/2023,34.9,0.0,54,Clear
7607,Chandigarh,07/18/2023,27.7,93.3,57,Clear
7608,Chandigarh,10-07-2023,27.0,28.5,68,Clear
7609,Chandigarh,01/16/2023,21.4,0.0,48,Cloudy
7610,Chandigarh,2023.10.03,17.6,88.3,44,Cloudy
7611,Chandigarh,2023.03.01,37.9,5.5,58,Clear
7612,Chandigarh,18/08/2024,30.2,4.1,67,Clear
7613,Chandigarh,2023-07-21,29.5,143.0,59,Foggy
7614,Chandigarh,24-05-2024,38.3,8.6,76,Cloudy
7615,Chandigarh,06/20/2023,34.7,0.0,82,Clear
7616,Chandigarh,2024.02.12,13.7,1.6,75,Clear
7617,Chandigarh,2024-10-11,27.7,63.0,60,Clear
7618,Chandigarh,11-04-2023,34.9,0.6,61,Stormy
7619,Chandigarh,2023.07.02,30.2,0.0,54,Foggy
7620,Chandigarh,31-12-2023,14.2,8.7,69,Cloudy
7621,Chandigarh,07/02/2024,21.5,,54,Humid
7622,Chandigarh,29/08/2023,21.7,386.4,69,Rainy
7623,Chandigarh,2023.04.07,35.1,1.7,51,Stormy
7624,Chandigarh,2024-12-11,13.5,0.0,60,Rainy
7625,Chandigarh,2023-03-06,32.2,2.1,85,Clear
7626,Chandigarh,2023-05-16,35.1,4.5,79,Cloudy
7627,Chandigarh,2023-10-24,25.4,81.1,49,Clear
7628,Chandigarh,29-08-2024,30.2,261.0,48,Humid
7629,Chandigarh,27/07/2023,35.0,161.4,62,Stormy
7630,Chandigarh,2023-05-22,34.0,8.3,41,Foggy
7631,Chandigarh,08/17/2023,33.3,74.0,80,Cloudy
7632,Chandigarh,15-05-2023,27.1,14.3,53,Cloudy
7633,Chandigarh,09/09/2023,30.9,0.0,58,Foggy
7634,Chandigarh,06-03-2024,29.4,9.6,55,Cloudy
7635,Chandigarh,21-04-2023,31.2,16.2,66,Cloudy
7636,Chandigarh,02/22/2024,13.9,7.7,64,Clear
7637,Chandigarh,2024.04.28,30.1,0.0,63,Cloudy
7638,Chandigarh,02-06-2024,33.3,8.0,72,Humid
7639,Chandigarh,31-03-2023,34.2,11.8,72,Clear
7640,Chandigarh,30/03/2024,34.9,0.0,54,Cloudy
7641,Chandigarh,2024.06.29,27.3,56.9,59,Clear
7642,Chandigarh,2023.05.17,32.8,5.0,80,Foggy
7643,Chandigarh,05/30/2024,35.7,0.0,54,Clear
7644,Chandigarh,2024.11.28,28.7,49.7,100,Cloudy
7645,Chandigarh,06/17/2023,31.1,253.4,57,Rainy
7646,Chandigarh,21/04/2023,35.7,0.7,58,Stormy
7647,Chandigarh,2023.04.16,35.9,3.5,66,Clear
7648,Chandigarh,02/01/2023,21.0,4.6,84,Foggy
7649,Chandigarh,09/16/2023,28.1,325.6,53,Stormy
7650,Chandigarh,2023.03.30,28.4,9.0,73,Stormy
7651,Chandigarh,14/12/2024,25.0,0.0,72,Clear
7652,Chandigarh,2023-10-14,22.0,1.2,73,Rainy
7653,Chandigarh,2023.01.09,13.8,1.8,65,Stormy
7654,Chandigarh,2024.04.05,36.5,12.8,78,Foggy
7655,Chandigarh,01-06-2024,29.7,365.3,-49,Rainy
7656,Chandigarh,04-07-2024,32.7,274.1,50,Rainy
7657,Chandigarh,2024.10.30,26.6,0.0,83,Rainy
7658,Chandigarh,2023.04.17,35.3,7.3,56,Clear
7659,Chandigarh,2024-05-16,31.5,0.0,61,Clear
7660,Chandigarh,22/11/2024,20.0,20.0,53,Clear
7661,Chandigarh,30/03/2023,34.7,0.0,79,Clear
7662,Chandigarh,2023.06.24,27.2,70.0,46,Humid
7663,Chandigarh,06/09/2024,26.3,0.0,72,Humid
7664,Chandigarh,13/08/2023,30.4,344.7,51,Clear
7665,Chandigarh,12/08/2023,27.6,,43,Rainy
7666,Chandigarh,01/31/2024,21.8,9.9,62,Clear
7667,Chandigarh,12-04-2024,39.0,1.7,56,Humid
7668,Chandigarh,2024-09-01,27.7,0.0,42,Clear
7669,Chandigarh,2023-02-22,21.8,0.1,73,Humid
7670,Chandigarh,05/06/2023,32.1,22.8,78,Clear
7671,Chandigarh,27/03/2023,22.4,29.8,57,Cloudy
7672,Chandigarh,2024-02-28,24.5,1.1,49,Clear
7673,Chandigarh,02-07-2024,31.2,0.0,55,Cloudy
7674,Chandigarh,03-12-2024,19.6,0.0,61,Cloudy
7675,Chandigarh,03-11-2024,29.0,1.0,69,Rainy
7676,Chandigarh,10/21/2024,22.2,15.2,40,Rainy
7677,Chandigarh,2023-10-27,28.6,32.9,54,Foggy
7678,Chandigarh,01-01-2024,15.2,0.0,46,Clear
7679,Chandigarh,05/18/2024,28.2,7.3,48,Humid
7680,Chandigarh,13/06/2023,26.1,49.7,64,Clear
7681,Chandigarh,17-10-2024,23.5,0.0,74,Clear
7682,Chandigarh,06-03-2023,28.5,0.0,52,Humid
7683,Chandigarh,12/08/2024,17.9,1.8,42,Rainy
7684,Chandigarh,12/20/2024,14.8,12.2,64,Foggy
7685,Chandigarh,20/06/2024,32.1,119.9,78,Rainy
7686,Chandigarh,2023.12.19,17.3,0.0,98,Humid
7687,Chandigarh,09/08/2024,27.4,154.8,40,Rainy
7688,Chandigarh,2023.04.09,34.2,12.8,-43,Humid
7689,Chandigarh,2023.01.17,16.1,0.8,57,Clear
7690,Chandigarh,19-02-2023,19.0,1.0,46,Cloudy
7691,Chandigarh,09/07/2023,26.3,204.7,64,Clear
7692,Chandigarh,2023.10.16,35.8,0.0,77,Cloudy
7693,Chandigarh,08-01-2024,20.2,1.5,70,Foggy
7694,Chandigarh,2024.08.08,30.6,0.0,52,Foggy
7695,Chandigarh,24/08/2023,23.5,174.1,75,Humid
7696,Chandigarh,11-08-2024,34.9,180.7,58,Clear
7697,Chandigarh,10/24/2024,31.1,53.1,56,Foggy
7698,Chandigarh,09/10/2024,35.3,19.1,61,Cloudy
7699,Chandigarh,2024-10-19,20.2,0.0,42,Humid
7700,Chandigarh,07/26/2023,24.4,76.0,45,Clear
7701,Chandigarh,2024.08.19,22.6,0.0,55,Cloudy
7702,Chandigarh,02-05-2024,35.8,0.0,61,Cloudy
7703,Chandigarh,2024-09-23,29.2,276.4,40,Rainy
7704,Chandigarh,2024.12.29,13.8,0.0,81,Cloudy
7705,Chandigarh,2024.06.27,27.2,0.0,56,Humid
7706,Chandigarh,2023-11-08,21.9,22.6,65,Humid
7707,Chandigarh,2023.03.16,30.7,5.8,65,Clear
7708,Chandigarh,15-04-2024,26.4,11.2,76,Clear
7709,Chandigarh,09-01-2024,13.8,1.0,55,Clear
7710,Chandigarh,2023.12.22,24.7,4.4,46,Humid
7711,Chandigarh,12/15/2023,24.7,4.4,59,Humid
7712,Chandigarh,2023.11.01,35.9,57.4,51,Cloudy
7713,Chandigarh,2023.07.27,29.9,83.7,47,Clear
7714,Chandigarh,2023-04-29,35.9,0.0,74,Cloudy
7715,Chandigarh,2024-05-17,38.5,9.5,34,Clear
7716,Chandigarh,2023-09-12,29.3,54.1,54,Rainy
7717,Chandigarh,17-03-2024,40.8,0.0,66,Foggy
7718,Chandigarh,01-09-2024,27.1,0.0,55,Foggy
7719,Chandigarh,09/21/2023,34.8,35.9,55,Cloudy
7720,Chandigarh,19/08/2023,26.2,297.2,64,Clear
7721,Chandigarh,2023.06.26,35.6,126.9,65,Clear
7722,Chandigarh,2023-11-21,24.2,32.9,79,Clear
7723,Chandigarh,2024.09.28,18.9,149.0,75,Clear
7724,Chandigarh,2024.06.02,21.4,31.5,68,Rainy
7725,Chandigarh,07/28/2023,30.8,101.7,36,Rainy
7726,Chandigarh,2024.08.01,24.3,128.0,45,Clear
7727,Chandigarh,11-02-2023,11.3,2.6,60,Clear
7728,Chandigarh,2023.05.22,34.5,5.1,49,Cloudy
7729,Chandigarh,03/07/2024,28.8,0.0,26,Rainy
7730,Chandigarh,07/04/2023,31.3,0.0,78,Stormy
7731,Chandigarh,16/12/2023,20.0,0.0,50,Humid
7732,Chandigarh,30/10/2023,23.8,0.0,81,Humid
7733,Chandigarh,2024-09-17,25.9,28.6,71,Foggy
7734,Chandigarh,02-11-2023,20.6,81.2,80,Cloudy
7735,Chandigarh,28-04-2024,28.9,0.0,76,Foggy
7736,Chandigarh,07/06/2023,19.3,318.1,74,Cloudy
7737,Chandigarh,04-12-2023,22.2,1.7,54,Humid
7738,Chandigarh,12/13/2023,16.5,1.8,71,Foggy
7739,Chandigarh,26/06/2024,30.4,0.0,75,Clear
7740,Chandigarh,2024.09.22,30.6,256.8,33,Rainy
7741,Chandigarh,11/09/2023,27.2,0.0,54,Clear
7742,Chandigarh,2023-05-20,40.7,10.8,70,Rainy
7743,Chandigarh,2023.11.01,36.2,9.2,54,Clear
7744,Chandigarh,19/01/2024,13.2,5.7,80,Humid
7745,Chandigarh,08/25/2023,20.3,60.1,61,Cloudy
7746,Chandigarh,31-07-2023,29.5,0.0,80,Foggy
7747,Chandigarh,02/29/2024,20.0,0.0,37,Foggy
7748,Chandigarh,19-12-2023,12.2,4.5,58,Clear
7749,Chandigarh,15-05-2024,40.7,0.0,52,Cloudy
7750,Chandigarh,2023-07-21,26.3,103.4,70,Clear
7751,Chandigarh,27-08-2023,30.0,13.1,33,Cloudy
7752,Chandigarh,2024-12-26,18.8,9.5,91,Clear
7753,Chandigarh,2024.07.18,25.9,28.9,82,Clear
7754,Chandigarh,2024-03-07,35.2,0.0,56,Clear
7755,Chandigarh,2024-08-24,19.3,0.0,43,Clear
7756,Chandigarh,2023.07.22,33.9,160.1,67,Rainy
7757,Chandigarh,14/09/2023,27.8,17.4,67,Rainy
7758,Chandigarh,2023.05.26,31.6,0.0,63,Humid
7759,Chandigarh,08-03-2023,32.5,2.5,54,Rainy
7760,Chandigarh,2024-08-30,28.6,367.0,31,Humid
7761,Chandigarh,07/01/2024,25.8,15.1,45,Cloudy
7762,Chandigarh,04/07/2023,33.2,0.0,66,Cloudy
7763,Chandigarh,2023-08-05,22.6,0.0,50,Stormy
7764,Chandigarh,09/29/2024,26.1,0.0,68,Cloudy
7765,Chandigarh,12/06/2024,19.9,1.0,62,Clear
7766,Chandigarh,15/06/2023,35.2,133.0,73,Clear
7767,Chandigarh,2023-07-08,27.7,0.0,66,Rainy
7768,Chandigarh,03-03-2024,29.6,6.9,64,Clear
7769,Chandigarh,2023-11-10,21.7,12.9,66,Cloudy
7770,Chandigarh,02-03-2024,38.2,3.4,78,Clear
7771,Chandigarh,15-03-2024,37.4,6.1,54,Humid
7772,Chandigarh,18-08-2024,21.8,65.9,81,Foggy
7773,Chandigarh,09-08-2024,23.9,106.1,53,Clear
7774,Chandigarh,2024-04-14,39.6,0.0,72,Cloudy
7775,Chandigarh,08/05/2023,33.8,1.3,72,Clear
7776,Chandigarh,2024.11.17,26.8,19.0,69,Rainy
7777,Chandigarh,2023.10.07,18.4,0.0,62,Foggy
7778,Chandigarh,2023.09.21,23.8,82.5,47,Cloudy
7779,Chandigarh,03-02-2024,18.1,7.2,34,Humid
7780,Chandigarh,2024.05.05,31.4,4.6,50,Cloudy
7781,Chandigarh,2023-06-07,30.9,105.7,16,Stormy
7782,Chandigarh,2024.05.12,38.2,10.5,57,Rainy
7783,Chandigarh,04-05-2023,35.1,0.0,68,Clear
7784,Chandigarh,11/05/2023,31.1,0.0,76,Clear
7785,Chandigarh,07-10-2024,25.2,40.0,52,Clear
7786,Chandigarh,23-12-2024,23.0,1.6,74,Rainy
7787,Chandigarh,14/08/2023,26.7,283.1,65,Humid
7788,Chandigarh,2024.12.28,14.9,3.5,86,Cloudy
7789,Chandigarh,2024.11.26,30.4,0.0,17,Clear
7790,Chandigarh,03/31/2024,35.8,2.2,56,Clear
7791,Chandigarh,2024-11-12,23.9,34.5,52,Clear
7792,Chandigarh,12-10-2024,27.3,99.6,73,Clear
7793,Chandigarh,31-12-2023,18.4,1.8,69,Clear
7794,Chandigarh,2024.03.22,25.7,2.2,47,Cloudy
7795,Chandigarh,11/29/2023,24.6,3.9,58,Clear
7796,Chandigarh,25/02/2023,15.2,0.8,94,Cloudy
7797,Chandigarh,12-01-2023,17.6,0.0,38,Cloudy
7798,Chandigarh,12/24/2023,13.1,0.2,51,Clear
7799,Chandigarh,2024.01.19,12.6,0.0,63,Foggy
7800,Chandigarh,2023.02.14,13.7,4.4,62,Cloudy
7801,Chandigarh,2024.10.06,27.7,17.0,62,Clear
7802,Chandigarh,2024-09-23,27.6,219.2,68,Cloudy
7803,Chandigarh,2023-08-08,28.1,78.2,83,Cloudy
7804,Chandigarh,2024.11.14,24.7,0.0,55,Humid
7805,Chandigarh,01/27/2024,19.1,5.7,46,Humid
7806,Chandigarh,09-10-2023,26.0,38.7,49,Humid
7807,Chandigarh,2023.04.27,28.4,1.4,31,Humid
7808,Chandigarh,2024.12.22,18.2,0.0,26,Humid
7809,Chandigarh,2023.01.31,18.4,0.4,70,Humid
7810,Chandigarh,2024-07-16,26.2,23.9,48,Rainy
7811,Chandigarh,01/02/2023,13.6,16.9,58,Foggy
7812,Chandigarh,2024.09.28,26.7,186.4,55,Rainy
7813,Chandigarh,09/23/2024,27.8,441.4,65,Rainy
7814,Chandigarh,06/25/2024,30.2,162.7,64,Clear
7815,Chandigarh,12/29/2024,14.9,7.8,55,Humid
7816,Chandigarh,2023.05.22,34.9,10.4,46,Foggy
7817,Chandigarh,15/07/2024,32.2,154.0,63,Humid
7818,Chandigarh,2023-04-17,33.4,4.4,53,Clear
7819,Chandigarh,31/03/2023,22.9,1.8,74,Clear
7820,Chandigarh,18-08-2023,25.2,0.5,48,Rainy
7821,Chandigarh,2024-08-19,27.3,0.0,59,Clear
7822,Chandigarh,26/07/2023,36.5,0.0,76,Rainy
7823,Chandigarh,10-09-2024,25.9,155.1,50,Clear
7824,Chandigarh,27/09/2024,24.2,0.0,77,Rainy
7825,Chandigarh,2023.05.29,34.5,0.0,64,Rainy
7826,Chandigarh,07/05/2023,36.0,10.6,73,Humid
7827,Chandigarh,2024.01.22,20.5,11.2,63,Cloudy
7828,Chandigarh,20/06/2023,32.4,50.8,74,Clear
7829,Chandigarh,08/26/2023,30.2,0.0,43,Foggy
7830,Chandigarh,20-03-2023,25.1,9.9,47,Clear
7831,Chandigarh,12/22/2023,16.6,7.5,40,Rainy
7832,Chandigarh,09/01/2024,29.8,106.7,74,Cloudy
7833,Chandigarh,2024.06.14,36.5,0.0,47,Stormy
7834,Chandigarh,24-09-2024,36.1,327.0,54,Rainy
7835,Chandigarh,2023-12-17,14.4,4.9,51,Cloudy
7836,Chandigarh,04/29/2024,26.4,0.0,55,Humid
7837,Chandigarh,09/09/2023,33.7,0.0,56,Cloudy
7838,Chandigarh,06/26/2024,24.4,25.2,37,Clear
7839,Chandigarh,04/17/2024,29.9,5.0,58,Humid
7840,Chandigarh,05/31/2023,30.7,2.9,37,Clear
7841,Chandigarh,01/27/2024,23.3,0.3,67,Clear
7842,Chandigarh,01/09/2024,13.2,6.2,70,Humid
7843,Chandigarh,09/15/2023,14.3,0.0,86,Humid
7844,Chandigarh,2023.06.04,34.9,0.0,48,Clear
7845,Chandigarh,2024.07.05,27.2,130.7,61,Cloudy
7846,Chandigarh,01-03-2024,35.5,27.3,71,Rainy
7847,Chandigarh,05-03-2023,30.9,12.0,58,Clear
7848,Chandigarh,2024-07-15,24.0,27.3,46,Cloudy
7849,Chandigarh,03/04/2023,37.6,0.0,64,Stormy
7850,Chandigarh,2024.02.17,18.0,1.1,52,Stormy
7851,Chandigarh,04/06/2023,30.7,6.4,34,Cloudy
7852,Chandigarh,2024-03-06,24.3,9.0,74,Stormy
7853,Chandigarh,30/01/2024,23.1,0.0,62,Humid
7854,Chandigarh,2023.09.19,32.7,11.3,54,Humid
7855,Chandigarh,2023-10-10,33.5,24.6,77,Cloudy
7856,Chandigarh,31-08-2024,24.9,200.9,77,Rainy
7857,Chandigarh,03-03-2023,28.8,0.1,41,Clear
7858,Chandigarh,21/05/2023,31.5,19.9,53,Humid
7859,Chandigarh,10/09/2023,16.5,5.1,69,Cloudy
7860,Chandigarh,01/05/2024,31.2,0.0,100,Rainy
7861,Chandigarh,10/04/2023,37.7,21.8,80,Clear
7862,Chandigarh,10/03/2023,28.5,0.0,67,Stormy
7863,Chandigarh,17-11-2023,28.5,0.0,55,Clear
7864,Chandigarh,11-12-2024,25.7,4.0,57,Humid
7865,Chandigarh,13/12/2024,14.5,0.0,50,Clear
7866,Chandigarh,04/13/2024,32.0,12.1,75,Clear
7867,Chandigarh,12/16/2024,24.2,0.1,88,Clear
7868,Chandigarh,25-04-2023,32.1,10.2,95,Rainy
7869,Chandigarh,2024-05-02,33.9,13.0,54,Cloudy
7870,Chandigarh,2024.11.30,26.5,47.8,57,Rainy
7871,Chandigarh,22-02-2024,22.5,19.7,60,Cloudy
7872,Chandigarh,2024-10-11,30.7,0.1,46,Cloudy
7873,Chandigarh,25-05-2024,31.5,0.9,50,Clear
7874,Chandigarh,03/09/2024,39.2,19.8,58,Clear
7875,Chandigarh,10-06-2023,21.8,1.1,51,Rainy
7876,Chandigarh,2023.10.22,23.9,25.0,54,Cloudy
7877,Chandigarh,2023.06.26,32.1,143.6,40,Foggy
7878,Chandigarh,2023.12.12,20.0,0.9,60,Clear
7879,Chandigarh,23-06-2024,31.5,9.3,76,Rainy
7880,Chandigarh,2024-04-17,37.9,8.0,43,Cloudy
7881,Chandigarh,12/18/2024,20.3,0.2,40,Rainy
7882,Chandigarh,2024.10.26,30.1,0.0,57,Rainy
7883,Chandigarh,09/30/2023,26.8,125.4,65,Rainy
7884,Chandigarh,2023.09.06,33.5,0.0,64,Cloudy
7885,Chandigarh,21-10-2023,23.8,15.0,70,Humid
7886,Chandigarh,2023.06.08,37.1,86.8,36,Rainy
7887,Chandigarh,08/30/2023,29.0,118.6,92,Rainy
7888,Chandigarh,10/25/2024,22.7,9.0,59,Rainy
7889,Chandigarh,2023.03.25,38.3,,63,Clear
7890,Chandigarh,07/26/2024,32.6,206.8,62,Rainy
7891,Chandigarh,2023.11.11,34.4,0.0,87,Clear
7892,Chandigarh,2023-02-05,15.7,1.5,83,Humid
7893,Chandigarh,2023-05-01,37.1,0.2,74,Cloudy
7894,Chandigarh,18/10/2023,27.2,20.8,72,Cloudy
7895,Chandigarh,31-12-2023,24.0,7.0,55,Rainy
7896,Chandigarh,09/30/2024,30.2,97.3,86,Humid
7897,Chandigarh,2023.10.16,29.8,0.0,67,Clear
7898,Chandigarh,2023-02-25,22.2,0.0,87,Cloudy
7899,Chandigarh,10/25/2024,28.9,0.0,60,Cloudy
7900,Chandigarh,17/10/2023,32.4,0.0,32,Stormy
7901,Chandigarh,2023-06-08,21.0,0.0,52,Clear
7902,Chandigarh,24/04/2023,34.9,,49,Clear
7903,Chandigarh,2023.10.28,27.3,0.0,82,Stormy
7904,Chandigarh,10/29/2023,20.0,2.8,59,Clear
7905,Chandigarh,2024-07-14,28.9,114.9,64,Rainy
7906,Chandigarh,10/10/2023,26.2,0.0,65,Humid
7907,Chandigarh,03/03/2024,37.0,10.6,57,Cloudy
7908,Chandigarh,09/19/2023,30.5,22.2,78,Cloudy
7909,Chandigarh,2024.04.12,27.0,0.0,76,Stormy
7910,Chandigarh,28/09/2023,28.4,228.8,36,Rainy
7911,Chandigarh,01/11/2024,10.5,1.7,49,Humid
7912,Chandigarh,2024.02.09,14.9,0.6,55,Foggy
7913,Chandigarh,05/30/2024,25.8,3.3,69,Humid
7914,Chandigarh,02/13/2023,24.6,0.0,32,Foggy
7915,Chandigarh,19/06/2023,20.8,42.3,38,Clear
7916,Chandigarh,28-07-2023,29.8,0.0,74,Humid
7917,Chandigarh,06/11/2023,28.4,0.0,46,Humid
7918,Chandigarh,10/31/2024,28.1,28.2,65,Cloudy
7919,Chandigarh,26-12-2024,19.3,6.8,36,Clear
7920,Chandigarh,2024.09.04,26.8,0.0,51,Clear
7921,Chandigarh,15/09/2023,35.3,0.0,70,Foggy
7922,Chandigarh,30-08-2023,30.3,67.4,51,Cloudy
7923,Chandigarh,30/10/2023,15.2,3.3,80,Clear
7924,Chandigarh,11-06-2024,20.1,70.7,70,Stormy
7925,Chandigarh,20-08-2024,27.7,65.9,56,Rainy
7926,Chandigarh,06/10/2024,15.4,7.2,67,Clear
7927,Chandigarh,22-07-2023,22.9,70.2,69,Clear
7928,Chandigarh,2023.09.21,30.0,906.8,84,Rainy
7929,Chandigarh,2024-05-20,35.4,0.0,84,Clear
7930,Chandigarh,03/09/2023,30.6,88.3,51,Cloudy
7931,Chandigarh,2024.10.01,25.7,30.5,44,Foggy
7932,Chandigarh,09/06/2024,24.5,157.9,68,Rainy
7933,Chandigarh,06/16/2024,28.2,290.4,62,Cloudy
7934,Chandigarh,14-01-2024,16.7,0.0,54,Clear
7935,Chandigarh,06/07/2023,24.9,42.4,61,Humid
7936,Chandigarh,01/08/2024,20.9,0.0,40,Foggy
7937,Chandigarh,11/04/2024,18.4,0.0,40,Humid
7938,Chandigarh,24/07/2023,26.3,85.4,41,Foggy
7939,Chandigarh,01/29/2024,19.4,8.0,72,Cloudy
7940,Chandigarh,06/22/2023,24.6,50.1,45,Foggy
7941,Chandigarh,07/05/2024,27.2,0.0,73,Clear
7942,Chandigarh,2023.01.25,16.2,4.0,43,Humid
7943,Chandigarh,2023-03-08,39.7,2.4,53,Foggy
7944,Chandigarh,28/09/2023,24.3,181.7,57,Clear
7945,Chandigarh,2024.03.30,24.5,0.0,74,Clear
7946,Chandigarh,2024.07.19,31.6,32.8,51,Rainy
7947,Chandigarh,2024-08-06,23.0,275.4,49,Humid
7948,Chandigarh,05/23/2023,28.5,0.0,50,Cloudy
7949,Chandigarh,2023-05-11,33.0,7.0,48,Foggy
7950,Chandigarh,2024.03.30,42.4,4.7,77,Humid
7951,Chandigarh,2023.06.02,28.5,156.5,59,Clear
7952,Chandigarh,04/12/2024,33.4,3.6,57,Humid
7953,Chandigarh,06/07/2024,29.1,0.0,50,Clear
7954,Chandigarh,08/03/2024,34.9,27.9,68,Cloudy
7955,Chandigarh,2024-01-30,17.1,13.3,77,Clear
7956,Chandigarh,10/05/2024,36.4,0.0,64,Clear
7957,Chandigarh,05/14/2023,31.8,12.5,67,Cloudy
7958,Chandigarh,03/09/2024,32.0,103.5,87,Rainy
7959,Chandigarh,11/25/2024,27.0,6.7,54,Cloudy
7960,Chandigarh,2024-11-03,19.0,28.1,81,Foggy
7961,Chandigarh,24/10/2023,30.3,18.2,43,Clear
7962,Chandigarh,2023-11-15,28.3,6.3,58,Rainy
7963,Chandigarh,20-06-2023,25.9,93.3,52,Rainy
7964,Chandigarh,29/01/2023,18.8,0.0,47,Cloudy
7965,Chandigarh,11-08-2024,32.3,51.0,41,Clear
7966,Chandigarh,04/05/2024,33.7,14.9,-64,Clear
7967,Chandigarh,04/03/2024,28.5,1.4,60,Cloudy
7968,Chandigarh,2024.02.15,22.1,0.0,42,Cloudy
7969,Chandigarh,09/02/2024,8.4,3.6,64,Cloudy
7970,Chandigarh,08/01/2023,26.3,77.1,36,Clear
7971,Chandigarh,30/10/2024,25.1,13.1,93,Cloudy
7972,Chandigarh,09/29/2024,26.6,239.2,69,Rainy
7973,Chandigarh,2024-01-31,21.0,3.3,91,Cloudy
7974,Chandigarh,2023-12-03,21.3,0.0,53,Stormy
7975,Chandigarh,2024.10.10,21.6,22.1,44,Humid
7976,Chandigarh,2024.05.19,29.8,1.1,56,Cloudy
7977,Chandigarh,2024-08-23,28.0,0.0,80,Humid
7978,Chandigarh,28-06-2023,27.4,0.0,49,Humid
7979,Chandigarh,2023.09.16,27.5,0.0,52,Humid
7980,Chandigarh,2024-05-20,37.1,2.0,76,Humid
7981,Chandigarh,2024-10-21,29.6,21.6,56,Clear
7982,Chandigarh,31/10/2024,27.1,0.0,40,Foggy
7983,Chandigarh,28/03/2024,27.3,1.7,79,Clear
7984,Chandigarh,28/12/2024,23.6,0.7,84,Clear
7985,Chandigarh,11/06/2023,27.4,34.5,61,Cloudy
7986,Chandigarh,26/06/2023,28.4,0.0,57,Clear
7987,Chandigarh,05/16/2024,32.6,8.9,66,Clear
7988,Chandigarh,2024-02-20,15.4,0.0,85,Humid
7989,Chandigarh,2024.03.23,36.3,18.4,40,Clear
7990,Chandigarh,19/07/2024,28.8,0.0,69,Rainy
7991,Chandigarh,24-02-2023,20.4,,54,Clear
7992,Chandigarh,02/05/2024,19.1,6.0,56,Clear
7993,Chandigarh,16-11-2024,26.2,29.0,61,Clear
7994,Chandigarh,02/13/2023,15.4,8.8,67,Cloudy
7995,Chandigarh,04-05-2024,38.0,26.5,65,Clear
7996,Chandigarh,27/11/2024,18.4,15.0,65,Cloudy
7997,Chandigarh,26/02/2024,14.7,0.2,59,Clear
7998,Chandigarh,03-03-2024,36.8,29.0,80,Foggy
7999,Chandigarh,03/15/2023,33.5,12.7,71,Rainy
8000,,04/23/2024,29.9,10.2,54,Clear
8001,Chandigarh,2024.02.26,11.6,7.8,50,Clear
8002,Chandigarh,23/03/2024,31.1,5.4,53,Humid
8003,Chandigarh,23-01-2024,19.7,1.3,35,Clear
8004,Chandigarh,16-01-2024,21.7,1.8,38,Clear
8005,Chandigarh,11/17/2023,21.4,1.5,56,Clear
8006,Chandigarh,2024.09.19,28.2,246.5,65,Rainy
8007,Chandigarh,09/21/2024,36.2,0.0,57,Rainy
8008,Chandigarh,01/02/2024,18.8,0.1,68,Cloudy
8009,Chandigarh,04/07/2024,28.8,0.0,58,Humid
8010,Chandigarh,04/12/2023,8.3,2.2,45,Clear
8011,Chandigarh,18-04-2023,29.9,4.6,60,Rainy
8012,Chandigarh,29-10-2024,29.5,1.0,76,Humid
8013,Chandigarh,2023.02.23,22.7,0.0,68,Clear
8014,Chandigarh,2023-01-11,16.9,8.3,56,Foggy
8015,Chandigarh,2023-03-17,36.7,17.0,60,Rainy
8016,Chandigarh,2024.06.20,26.5,61.2,-49,Clear
8017,Chandigarh,28-11-2024,17.5,5.9,86,Foggy
8018,Chandigarh,2023-10-18,25.0,2.0,64,Cloudy
8019,Chandigarh,2023.09.08,31.1,95.6,-73,Humid
8020,Chandigarh,09/12/2023,25.3,0.0,52,Clear
8021,Chandigarh,2024-02-04,17.8,1.3,92,Humid
8022,Chandigarh,2023.03.15,34.0,3.0,45,Rainy
8023,Chandigarh,06/23/2024,31.4,104.0,40,Clear
8024,Chandigarh,03-04-2024,31.4,4.2,51,Cloudy
8025,Chandigarh,10/27/2024,26.1,13.0,39,Stormy
8026,Chandigarh,01/05/2023,14.9,0.0,54,Cloudy
8027,Chandigarh,2023-06-02,24.5,1.2,40,Clear
8028,Chandigarh,2023-06-17,32.9,28.3,61,Cloudy
8029,Chandigarh,08/12/2024,25.6,3.6,75,Stormy
8030,Chandigarh,2024.01.28,19.6,0.0,46,Cloudy
8031,Chandigarh,2023-02-18,13.8,2.3,30,Foggy
8032,Chandigarh,02/22/2024,18.7,16.6,40,Clear
8033,Chandigarh,10/14/2024,24.2,0.0,48,Foggy
8034,Chandigarh,30/08/2023,32.0,150.7,59,Clear
8035,Surat,16/10/2023,25.3,12.9,67,Clear
8036,Surat,09-07-2023,28.9,18.8,74,Clear
8037,Surat,22/12/2024,16.6,0.2,63,Humid
8038,Surat,08/07/2023,25.9,0.0,44,Humid
8039,Surat,2023.02.23,18.6,5.4,84,Cloudy
8040,Surat,2024-03-30,26.7,0.0,77,Rainy
8041,Surat,21-12-2024,20.4,0.3,84,Cloudy
8042,Surat,14-08-2023,26.6,6.0,58,Clear
8043,Surat,11/29/2023,31.4,0.0,42,Clear
8044,Surat,2023-07-15,24.7,7.2,50,Clear
8045,Surat,05/28/2024,29.5,2.5,74,Humid
8046,Surat,05/31/2023,29.7,8.1,31,Cloudy
8047,Surat,02/07/2024,19.1,1.8,68,Cloudy
8048,Surat,10/09/2023,28.7,22.4,49,Clear
8049,Surat,14-05-2024,34.2,12.0,58,Clear
8050,Surat,01/17/2024,21.3,1.0,66,Cloudy
8051,Surat,2024-11-05,26.7,1.5,64,Rainy
8052,Surat,26/09/2024,30.0,212.8,50,Humid
8053,Surat,2024.01.17,15.4,3.3,81,Clear
8054,Surat,01/05/2024,20.8,0.6,68,Stormy
8055,Surat,2024.07.15,25.2,34.1,41,Humid
8056,Surat,2024.01.14,19.0,,65,Clear
8057,Surat,2023-04-23,34.4,0.0,40,Foggy
8058,Surat,2023-09-29,22.4,181.1,75,Clear
8059,Surat,2024-08-10,25.4,9.6,58,Clear
8060,Surat,28/07/2023,27.7,31.1,60,Humid
8061,Surat,2024.07.10,22.8,198.8,26,Rainy
8062,Surat,2024-07-13,26.1,419.2,48,Foggy
8063,Surat,31-07-2024,32.9,80.9,69,Cloudy
8064,Surat,2023-01-01,16.7,0.6,40,Humid
8065,Surat,27-07-2024,23.3,40.2,56,Clear
8066,Surat,01/06/2023,25.0,19.2,62,Rainy
8067,Surat,2023-05-18,33.4,5.6,40,Humid
8068,Surat,2024-01-18,11.3,4.4,76,Foggy
8069,Surat,22-04-2024,37.1,0.0,76,Foggy
8070,Surat,02/29/2024,14.6,0.2,69,Clear
8071,Surat,25/09/2023,22.5,58.2,67,Clear
8072,Surat,2023-05-19,24.1,0.0,67,Rainy
8073,Surat,2023.04.07,28.4,3.5,72,Rainy
8074,Surat,2023-12-07,20.5,1.2,49,Cloudy
8075,Surat,16-04-2023,34.4,0.0,80,Cloudy
8076,Surat,15/03/2024,42.6,0.0,40,Clear
8077,Surat,2023.06.22,19.9,70.9,45,Rainy
8078,Surat,2024-11-23,24.1,0.0,33,Clear
8079,Surat,08-06-2023,31.2,48.1,54,Foggy
8080,Surat,14/12/2024,19.8,0.0,64,Foggy
8081,Surat,12/03/2023,28.4,4.8,76,Humid
8082,Surat,2023.10.12,27.0,76.3,41,Rainy
8083,Surat,2024.06.16,26.4,75.3,77,Clear
8084,Surat,12/25/2023,12.7,3.7,60,Humid
8085,Surat,2023-01-31,13.1,,53,Cloudy
8086,Surat,2023-11-10,20.1,93.9,40,Rainy
8087,Surat,22/08/2023,29.8,26.7,76,Humid
8088,Surat,06/13/2023,26.1,5.3,71,Cloudy
8089,Surat,03/05/2023,30.1,0.0,72,Clear
8090,Surat,2024.03.06,35.4,0.0,30,Rainy
8091,Surat,2024-05-18,35.3,0.0,32,Stormy
8092,Surat,21-03-2024,34.4,15.6,80,Rainy
8093,Surat,28/03/2024,27.5,7.6,51,Humid
8094,Surat,12/05/2024,14.5,10.4,57,Clear
8095,Surat,01-01-2023,16.6,1.3,63,Cloudy
8096,Surat,02/24/2024,13.3,,42,Clear
8097,Surat,02/25/2023,18.3,0.2,56,Foggy
8098,Surat,17/09/2023,23.5,159.9,81,Rainy
8099,Surat,2024-10-07,20.0,8.1,75,Foggy
8100,Surat,13/01/2024,20.8,4.9,62,Clear
8101,Surat,2024.03.07,32.4,15.0,59,Cloudy
8102,Surat,02/03/2023,18.2,0.0,67,Humid
8103,Surat,2023.11.07,28.8,0.0,67,Stormy
8104,Surat,19/02/2024,17.6,0.0,59,Foggy
8105,Surat,01-10-2024,26.0,0.0,36,Cloudy
8106,Surat,25/11/2024,24.2,11.0,30,Clear
8107,Surat,04/07/2023,35.8,123.2,55,Rainy
8108,Surat,2023-10-06,28.3,20.1,31,Clear
8109,Surat,07/03/2023,33.6,4.6,45,Clear
8110,Surat,2023-10-12,25.1,21.0,75,Cloudy
8111,Surat,22-01-2024,10.7,5.9,45,Cloudy
8112,Surat,2024.11.07,24.4,0.0,71,Stormy
8113,Surat,2024-12-25,19.5,0.7,54,Clear
8114,Surat,07-11-2023,25.8,26.1,64,Humid
8115,Surat,04/08/2023,31.2,2.9,21,Clear
8116,Surat,28/06/2024,20.2,135.7,54,Stormy
8117,Surat,28/12/2024,18.3,2.6,24,Stormy
8118,Surat,2024-09-23,30.9,0.0,77,Rainy
8119,Surat,23/02/2023,12.8,0.0,53,Clear
8120,Surat,11/11/2024,25.1,0.0,85,Foggy
8121,Surat,31-01-2024,19.2,7.1,65,Stormy
8122,Surat,2024.04.06,30.5,29.5,59,Humid
8123,Surat,2023-09-10,31.0,270.4,78,Rainy
8124,Surat,05-05-2023,30.1,10.2,46,Cloudy
8125,Surat,14-06-2023,23.0,177.2,60,Clear
8126,Surat,07/30/2023,30.4,8.8,41,Foggy
8127,Surat,08/12/2023,26.4,95.8,66,Stormy
8128,Surat,05/07/2024,25.3,6.4,35,Clear
8129,Surat,07-10-2023,20.8,6.7,50,Stormy
8130,Surat,29-09-2024,23.5,128.2,44,Humid
8131,,01-01-2023,21.4,1.8,76,Humid
8132,Surat,08/08/2024,29.3,83.3,62,Clear
8133,Surat,02/11/2023,24.0,29.5,77,Clear
8134,Surat,02/09/2023,23.5,0.0,57,Rainy
8135,Surat,2024.02.05,18.2,0.8,34,Clear
8136,Surat,2023-07-21,27.7,172.6,50,Stormy
8137,Surat,2024-05-27,31.0,3.2,49,Foggy
8138,Surat,05/10/2023,32.1,8.5,46,Humid
8139,Surat,23/11/2023,24.0,130.3,50,Clear
8140,Surat,29-05-2023,33.0,23.5,53,Foggy
8141,Surat,24-08-2023,32.2,66.4,71,Clear
8142,Surat,13-03-2024,34.8,1.9,67,Clear
8143,Surat,01/12/2024,16.3,,71,Clear
8144,Surat,2024-04-24,30.2,0.0,51,Clear
8145,Surat,16/03/2023,40.8,0.0,22,Humid
8146,Surat,05/10/2024,26.6,3.6,95,Humid
8147,Surat,04/14/2024,30.8,0.3,64,Foggy
8148,Surat,2023-10-29,29.6,43.2,44,Cloudy
8149,Surat,2023-01-21,25.3,4.5,70,Humid
8150,Surat,2023-08-01,30.8,0.0,54,Stormy
8151,Surat,2023-11-29,18.0,29.0,51,Cloudy
8152,Surat,22-11-2024,27.0,19.6,64,Clear
8153,Surat,2023.02.18,25.0,1.3,35,Clear
8154,Surat,2024-06-04,58.3,158.8,64,Cloudy
8155,Surat,2023.07.20,55.3,152.5,76,Humid
8156,Surat,08/02/2024,31.1,132.8,67,Humid
8157,Surat,2023.12.29,22.5,1.0,62,Rainy
8158,Surat,2024.06.23,24.9,0.0,74,Clear
8159,Surat,2024-05-15,29.4,1.7,29,Stormy
8160,Surat,26/01/2024,24.4,0.0,50,Clear
8161,Surat,10-01-2024,24.9,3.1,79,Clear
8162,Surat,2024.12.10,17.6,0.0,78,Clear
8163,Surat,04/10/2023,24.7,18.8,57,Clear
8164,Surat,2024-09-22,27.3,0.0,72,Humid
8165,Surat,2023.01.19,12.4,0.0,79,Cloudy
8166,Surat,29-08-2023,25.9,0.0,61,Cloudy
8167,Surat,03/23/2024,33.9,2.3,49,Clear
8168,Surat,04/01/2024,32.7,0.0,86,Humid
8169,Surat,2023.11.28,27.7,6.1,54,Humid
8170,Surat,2024-08-31,25.9,171.0,55,Humid
8171,Surat,2024.05.11,41.7,0.1,45,Foggy
8172,Surat,05/25/2023,29.4,1.5,29,Cloudy
8173,Surat,04/07/2024,34.5,3.7,58,Clear
8174,Surat,18/08/2024,28.0,68.0,75,Clear
8175,Surat,2023.06.01,25.7,0.0,65,Rainy
8176,Surat,16-12-2024,21.5,,67,Foggy
8177,Surat,2024.10.01,18.4,5.1,75,Clear
8178,Surat,21/10/2023,24.6,4.9,57,Foggy
8179,Surat,2024.04.03,37.9,3.3,82,Rainy
8180,Surat,2023.08.28,30.9,153.8,66,Cloudy
8181,Surat,08/17/2024,28.1,64.1,50,Humid
8182,Surat,07/27/2024,28.4,16.8,68,Humid
8183,Surat,09/16/2024,31.5,185.1,56,Humid
8184,Surat,2024-11-28,24.9,21.0,29,Humid
8185,Surat,2024.07.14,27.3,0.0,63,Cloudy
8186,Surat,2023.12.25,17.2,6.1,41,Foggy
8187,Surat,20/02/2024,21.5,0.0,71,Clear
8188,Surat,2024-04-23,28.6,6.0,54,Cloudy
8189,Surat,28/05/2024,33.4,0.1,78,Clear
8190,Surat,12/08/2024,16.6,0.2,28,Clear
8191,Surat,06/15/2023,20.4,,63,Rainy
8192,Surat,2024.03.16,27.1,0.0,50,Clear
8193,Surat,09-09-2024,25.2,146.1,71,Rainy
8194,Surat,30-09-2024,32.5,214.3,67,Clear
8195,Surat,10/05/2024,36.4,0.1,68,Humid
8196,Surat,2023.01.27,16.6,1.3,64,Cloudy
8197,Surat,2024.11.29,29.0,1.4,63,Foggy
8198,Surat,27/11/2023,21.5,16.1,45,Humid
8199,Surat,2023-03-18,31.8,14.9,53,Clear
8200,Surat,03/02/2024,29.3,0.0,68,Humid
8201,Surat,2023.03.15,30.5,3.3,-52,Cloudy
8202,Surat,12/06/2023,28.4,169.5,70,Clear
8203,Surat,09/21/2023,24.8,13.4,33,Rainy
8204,Surat,31/01/2023,19.5,4.5,73,Humid
8205,Surat,2024.04.02,33.3,2.5,68,Foggy
8206,Surat,05/31/2024,36.9,0.1,58,Cloudy
8207,Surat,11/04/2024,39.8,0.0,61,Cloudy
8208,Surat,20-10-2024,25.9,58.3,35,Cloudy
8209,Surat,19/09/2023,25.6,335.1,51,Cloudy
8210,Surat,03-02-2023,19.9,5.9,57,Stormy
8211,Surat,2024-03-26,34.3,0.0,29,Rainy
8212,Surat,06-02-2024,15.6,2.2,61,Humid
8213,Surat,10/22/2023,27.8,7.8,68,Foggy
8214,Surat,08/28/2024,30.2,53.1,79,Clear
8215,Surat,07/01/2023,29.1,0.0,42,Clear
8216,Surat,14-11-2024,19.6,0.0,74,Cloudy
8217,Surat,03/02/2023,36.0,12.6,78,Clear
8218,Surat,26-02-2023,21.6,5.4,28,Cloudy
8219,Surat,07/28/2024,27.8,36.1,35,Rainy
8220,Surat,03/02/2023,33.2,0.0,54,Clear
8221,Surat,2023-06-13,32.8,119.6,44,Rainy
8222,Surat,10/15/2024,23.4,0.0,41,Clear
8223,Surat,02/28/2024,18.1,6.5,52,Humid
8224,Surat,28-06-2023,29.6,9.4,57,Clear
8225,Surat,2023-09-27,36.7,43.4,76,Cloudy
8226,Surat,04/04/2024,42.0,5.3,44,Humid
8227,Surat,03/07/2024,25.8,0.0,51,Rainy
8228,Surat,2024-05-23,25.6,0.0,83,Humid
8229,Surat,09/28/2024,26.5,1.1,56,Cloudy
8230,Surat,21-01-2024,22.5,0.1,70,Clear
8231,Surat,2024.03.21,31.7,7.8,65,Humid
8232,Surat,06/05/2023,26.7,195.5,86,Clear
8233,Surat,2023-12-20,19.9,5.0,62,Cloudy
8234,Surat,15-01-2024,22.9,5.0,45,Stormy
8235,Surat,18/02/2023,24.8,1.0,76,Clear
8236,Surat,2023-05-15,42.6,22.6,33,Clear
8237,Surat,15-05-2024,31.6,1.1,41,Cloudy
8238,Surat,03/17/2023,34.0,,43,Cloudy
8239,Surat,2023.10.19,28.5,18.6,69,Cloudy
8240,Surat,09/02/2024,24.4,0.0,85,Foggy
8241,Surat,02/01/2024,13.4,0.3,54,Cloudy
8242,Surat,27/03/2024,33.4,1.9,55,Clear
8243,Surat,2024.01.25,18.8,0.0,85,Cloudy
8244,Surat,08-01-2023,11.2,0.5,84,Clear
8245,Surat,2023-06-14,17.1,58.2,48,Humid
8246,Surat,13/09/2024,18.3,541.2,48,Stormy
8247,Surat,03/20/2023,29.9,0.9,62,Clear
8248,Surat,2024.07.24,29.4,108.4,56,Humid
8249,Surat,24-07-2023,31.2,47.9,20,Clear
8250,Surat,2024.09.05,26.9,5.9,57,Foggy
8251,Surat,22/01/2023,50.2,1.9,88,Cloudy
8252,Surat,2024.07.25,18.7,275.6,53,Cloudy
8253,Surat,27-12-2023,14.1,1.8,45,Clear
8254,Surat,10/24/2023,21.9,0.0,48,Foggy
8255,Surat,2024-04-05,34.9,18.6,14,Clear
8256,Surat,25/03/2024,26.4,0.0,60,Clear
8257,Surat,20/03/2023,31.9,0.0,44,Clear
8258,Surat,2024.11.30,21.7,19.0,51,Foggy
8259,Surat,27/10/2023,30.1,24.8,57,Clear
8260,Surat,2023.12.04,13.9,7.9,54,Foggy
8261,Surat,08/29/2024,33.9,109.7,87,Clear
8262,Surat,20/01/2024,22.4,0.8,58,Cloudy
8263,Surat,09-12-2024,17.3,21.0,60,Cloudy
8264,Surat,2024-05-11,22.1,7.1,33,Cloudy
8265,Surat,20/09/2023,35.9,0.0,60,Clear
8266,Surat,25-02-2023,27.4,0.1,72,Clear
8267,Surat,10/03/2023,37.8,1.3,80,Rainy
8268,Surat,09/22/2023,29.5,115.6,63,Foggy
8269,Surat,11/07/2024,22.1,35.3,66,Humid
8270,Surat,09-02-2023,19.4,2.3,75,Cloudy
8271,Surat,04-07-2023,26.9,275.1,47,Stormy
8272,Surat,12/23/2023,13.4,1.4,77,Cloudy
8273,Surat,07/05/2023,33.6,481.4,51,Clear
8274,Surat,2024.08.25,21.6,126.1,71,Humid
8275,Surat,15/07/2024,30.9,101.3,58,Rainy
8276,Surat,2024-07-22,32.5,52.1,84,Humid
8277,Surat,03/10/2023,29.0,9.5,71,Humid
8278,Surat,2024.03.01,27.8,2.6,40,Rainy
8279,Surat,05/01/2024,31.8,0.0,59,Rainy
8280,Surat,11/15/2024,18.6,0.0,66,Cloudy
8281,Surat,2023-11-26,25.4,0.0,69,Foggy
8282,Surat,2023-08-09,14.0,24.5,67,Rainy
8283,Surat,10/15/2023,25.3,0.0,68,Foggy
8284,Surat,23-11-2023,25.9,48.5,40,Foggy
8285,Surat,09/08/2023,33.3,111.2,70,Rainy
8286,Surat,11/01/2023,22.3,0.1,76,Rainy
8287,Surat,2024.03.30,33.3,0.0,70,Clear
8288,Surat,09-09-2023,18.9,0.0,46,Clear
8289,Surat,09/03/2024,35.0,0.0,77,Foggy
8290,Surat,2024.05.14,34.1,17.0,64,Clear
8291,Surat,12/23/2023,16.0,4.5,59,Rainy
8292,Surat,22-06-2024,26.1,0.0,59,Foggy
8293,Surat,11/07/2024,34.0,222.4,21,Clear
8294,Surat,17/02/2024,13.3,0.5,56,Clear
8295,Surat,16-09-2023,33.1,47.9,55,Cloudy
8296,Surat,2024-09-30,27.9,0.0,44,Cloudy
8297,Surat,01-08-2023,29.0,0.0,50,Humid
8298,Surat,2024-06-15,31.5,111.2,66,Cloudy
8299,Surat,09-07-2024,30.0,0.0,57,Clear
8300,Surat,04-04-2024,33.0,0.0,45,Cloudy
8301,Surat,28/06/2024,26.8,123.2,60,Rainy
8302,Surat,2023-11-08,29.6,39.4,77,Cloudy
8303,Surat,09/03/2023,22.6,482.9,78,Clear
8304,Surat,27/05/2024,36.1,0.0,58,Clear
8305,Surat,28-10-2024,22.8,51.4,56,Humid
8306,Surat,2024-03-01,28.8,0.0,73,Clear
8307,Surat,07/03/2023,26.6,0.7,61,Humid
8308,Surat,12-05-2023,39.5,2.1,69,Clear
8309,Surat,2024.11.23,20.7,22.1,74,Humid
8310,Surat,04-11-2023,29.1,0.0,17,Cloudy
8311,Surat,2024-12-05,12.9,6.1,66,Cloudy
8312,Surat,07/10/2023,29.4,0.0,84,Cloudy
8313,Surat,08/28/2024,30.4,80.2,57,Clear
8314,Surat,2023-10-26,55.9,26.2,54,Humid
8315,Surat,10/12/2024,31.2,0.0,71,Cloudy
8316,Surat,20/01/2024,21.5,1.8,55,Clear
8317,Surat,2024-04-06,36.6,10.6,51,Humid
8318,Surat,2024.02.16,25.9,8.8,51,Clear
8319,Surat,2024.10.20,21.2,27.9,65,Cloudy
8320,Surat,2024.12.02,19.0,6.8,57,Clear
8321,Surat,02/01/2024,16.0,1.7,59,Clear
8322,Surat,2024-08-09,29.2,118.3,83,Cloudy
8323,Surat,07/30/2024,35.4,424.3,61,Clear
8324,Surat,2023-10-24,21.7,0.0,55,Clear
8325,Surat,11-08-2023,29.9,,76,Clear
8326,Surat,2023-01-11,22.3,1.5,57,Foggy
8327,Surat,21-01-2023,10.0,6.4,46,Cloudy
8328,Surat,2024.09.06,29.1,188.5,45,Rainy
8329,Surat,15-03-2023,32.6,2.8,52,Clear
8330,Surat,10/10/2023,20.2,21.0,85,Cloudy
8331,Surat,2024-01-06,22.3,0.2,74,Humid
8332,Surat,02/09/2024,33.7,96.5,62,Rainy
8333,Surat,11/28/2023,32.9,14.3,56,Humid
8334,Surat,2023.04.19,34.5,5.4,56,Cloudy
8335,Surat,20-11-2023,38.9,108.3,45,Humid
8336,Surat,09/07/2023,32.1,81.4,69,Rainy
8337,Surat,08/19/2023,24.2,127.7,70,Rainy
8338,Surat,2024.01.26,15.3,0.8,88,Cloudy
8339,Surat,2024-07-03,28.6,86.5,39,Foggy
8340,Surat,25-08-2023,33.8,40.0,38,Cloudy
8341,Surat,01-05-2024,34.1,6.4,55,Rainy
8342,Surat,24-04-2024,35.6,0.0,49,Clear
8343,Surat,25-02-2023,11.5,8.3,68,Clear
8344,Surat,2023-02-18,18.8,5.4,67,Cloudy
8345,Surat,2024.01.23,14.0,3.5,65,Clear
8346,Surat,19/12/2024,12.1,1.1,57,Rainy
8347,Surat,05-09-2024,26.7,51.6,65,Rainy
8348,Surat,2024-09-26,30.0,0.0,44,Foggy
8349,Surat,2023-08-15,34.4,31.7,52,Rainy
8350,Surat,2024-02-17,16.3,1.3,27,Cloudy
8351,Surat,2024.11.21,24.2,0.0,66,Clear
8352,Surat,05/12/2024,13.9,,26,Humid
8353,Surat,09/28/2023,20.6,,82,Stormy
8354,Surat,2024.10.27,30.3,12.2,34,Clear
8355,Surat,13/05/2024,28.6,3.5,62,Clear
8356,Surat,2024-07-27,27.2,254.2,58,Cloudy
8357,Surat,12/26/2023,20.8,,59,Humid
8358,Surat,21-01-2023,18.6,15.7,70,Cloudy
8359,Surat,03-01-2024,23.1,20.4,45,Clear
8360,Surat,2024-11-14,21.4,0.0,50,Cloudy
8361,Surat,05/18/2024,31.1,17.1,44,Clear
8362,Surat,2024-03-29,37.3,4.0,55,Clear
8363,Surat,06/04/2023,31.9,0.0,48,Rainy
8364,Surat,08/05/2024,30.0,10.6,49,Clear
8365,Surat,24-04-2024,37.4,0.0,56,Clear
8366,Surat,15-04-2024,33.3,3.2,47,Cloudy
8367,Surat,11/21/2024,28.9,0.0,61,Foggy
8368,Surat,11/13/2023,17.6,11.6,88,Foggy
8369,Surat,25/05/2023,30.4,0.9,75,Clear
8370,Surat,01-04-2024,33.2,3.9,83,Clear
8371,Surat,10/16/2024,26.6,0.0,-61,Humid
8372,Surat,05/07/2024,27.7,3.1,34,Rainy
8373,Surat,05/28/2023,34.5,47.7,43,Foggy
8374,Surat,01/15/2023,13.9,4.4,60,Cloudy
8375,Surat,2023.11.28,30.8,4.3,60,Humid
8376,Surat,21/07/2024,24.3,50.9,88,Stormy
8377,Surat,26-08-2024,31.4,74.8,58,Cloudy
8378,Surat,21-04-2023,28.3,0.0,56,Clear
8379,Surat,05/09/2023,32.3,3.7,51,Rainy
8380,Surat,13/10/2023,19.5,9.3,52,Clear
8381,Surat,2024.12.11,23.5,4.1,54,Cloudy
8382,Surat,08-12-2023,10.0,0.0,60,Clear
8383,Surat,16-04-2023,39.6,0.0,78,Foggy
8384,Surat,2024-11-12,20.1,27.3,55,Clear
8385,Surat,14/11/2024,28.2,130.7,74,Clear
8386,Surat,2024.05.30,40.3,4.3,44,Clear
8387,Surat,02/18/2024,23.5,1.9,63,Cloudy
8388,Surat,2024-04-22,29.9,5.7,72,Cloudy
8389,Surat,02/11/2024,22.6,0.0,48,Clear
8390,Surat,24-09-2024,27.1,0.0,40,Rainy
8391,Surat,31/01/2023,17.4,2.1,40,Humid
8392,Surat,2024-10-01,24.3,114.4,32,Foggy
8393,Surat,01/19/2024,17.9,1.3,57,Cloudy
8394,Surat,2024-06-25,31.2,176.7,77,Foggy
8395,Surat,07/04/2023,30.3,105.9,48,Clear
8396,Surat,2024.09.01,29.8,0.0,41,Clear
8397,Surat,2024-02-20,21.4,6.9,55,Cloudy
8398,Surat,09/24/2023,22.5,0.0,45,Rainy
8399,Surat,06/30/2023,27.1,323.0,63,Cloudy
8400,Surat,2024-01-27,16.7,3.0,86,Clear
8401,Surat,24-08-2024,27.6,64.9,55,Clear
8402,Surat,30-04-2024,34.1,2.0,80,Clear
8403,Surat,24-09-2024,20.8,0.0,73,Clear
8404,Surat,2023.12.25,9.4,0.0,56,Cloudy
8405,Surat,05/06/2023,22.7,0.0,67,Clear
8406,Surat,05-05-2024,35.3,1.3,55,Foggy
8407,Surat,2024.09.11,24.0,18.5,29,Foggy
8408,Surat,2023-06-09,27.6,59.3,33,Clear
8409,Surat,2023-02-20,20.5,3.0,84,Cloudy
8410,Surat,2023-02-21,21.2,15.7,44,Clear
8411,Surat,03-08-2023,24.6,14.5,60,Cloudy
8412,Surat,23-12-2024,15.0,0.3,73,Cloudy
8413,Surat,30/05/2024,42.0,14.1,63,Rainy
8414,Surat,2023-10-27,22.7,0.0,65,Humid
8415,Surat,03-04-2023,37.2,0.0,68,Clear
8416,Surat,03/04/2023,37.6,12.1,46,Humid
8417,Surat,11-01-2024,24.6,0.0,65,Cloudy
8418,Surat,09/18/2023,27.2,0.0,50,Stormy
8419,Surat,09/29/2024,37.0,190.0,68,Humid
8420,Surat,02/11/2024,18.4,,63,Cloudy
8421,Surat,12/29/2023,19.6,0.6,58,Stormy
8422,Surat,2023.11.28,22.9,22.6,59,Clear
8423,Surat,03/12/2023,25.4,23.7,57,Clear
8424,Surat,2024-01-11,25.0,0.0,64,Humid
8425,Surat,07/10/2023,28.8,15.4,88,Humid
8426,Surat,23/01/2024,17.1,2.4,54,Clear
8427,Surat,2023-12-24,17.3,1.6,44,Cloudy
8428,Surat,12/18/2024,16.1,0.0,67,Clear
8429,Surat,24-12-2024,13.4,1.8,71,Humid
8430,Surat,17-10-2023,28.6,31.8,61,Cloudy
8431,Surat,2023.05.30,33.5,8.9,79,Clear
8432,Surat,2024-10-15,27.6,0.0,65,Foggy
8433,Surat,02/25/2023,22.8,1.4,71,Clear
8434,Surat,18/11/2023,26.7,2.6,67,Clear
8435,Surat,2023.08.06,22.7,35.6,58,Clear
8436,Surat,03/29/2023,33.3,0.0,86,Foggy
8437,Surat,07/21/2023,26.7,29.1,71,Cloudy
8438,Surat,2023.12.19,18.6,0.0,87,Cloudy
8439,Surat,07/17/2023,27.2,194.3,39,Rainy
8440,Surat,2023.03.18,31.5,2.8,52,Clear
8441,Surat,2023.07.19,26.5,189.0,39,Humid
8442,Surat,2023.01.02,17.3,4.5,55,Humid
8443,Surat,02/09/2024,32.5,19.0,42,Clear
8444,Surat,2024-11-10,27.4,22.8,56,Clear
8445,Surat,09/25/2024,31.5,0.0,61,Cloudy
8446,Surat,22-05-2023,33.4,0.4,44,Rainy
8447,Surat,2024-01-22,22.3,11.5,63,Clear
8448,Surat,12-03-2024,32.4,0.0,64,Foggy
8449,Surat,2023-07-18,26.5,31.6,65,Clear
8450,Surat,2023-12-23,22.7,2.8,40,Rainy
8451,Surat,23-03-2024,36.3,0.7,39,Clear
8452,Surat,2024-06-03,26.1,45.0,46,Clear
8453,Surat,12/20/2024,18.8,3.4,53,Foggy
8454,Surat,13/09/2024,28.5,0.0,50,Rainy
8455,Surat,12/22/2023,15.3,1.3,69,Clear
8456,Surat,27/03/2024,38.7,0.0,55,Clear
8457,Surat,29/04/2024,30.7,1.9,52,Clear
8458,Surat,04/15/2024,40.6,0.0,39,Rainy
8459,Surat,17/09/2023,28.1,131.4,44,Stormy
8460,Surat,13-06-2024,24.5,93.2,37,Humid
8461,Surat,26/04/2024,33.2,13.0,78,Rainy
8462,Surat,18/06/2023,24.8,25.5,61,Cloudy
8463,Surat,2023.03.04,25.8,0.0,49,Clear
8464,Surat,22/04/2024,36.5,3.5,69,Rainy
8465,Surat,2024.12.28,15.4,22.3,43,Rainy
8466,Surat,22-05-2023,32.5,0.6,52,Humid
8467,Surat,10-06-2024,29.6,0.0,73,Cloudy
8468,Surat,12/03/2024,31.7,2.7,48,Clear
8469,Surat,2024.07.10,26.9,12.4,77,Stormy
8470,Surat,22/06/2024,20.2,135.8,32,Clear
8471,Surat,04/15/2023,24.3,2.1,36,Rainy
8472,Surat,15-02-2024,25.5,6.3,35,Foggy
8473,Surat,06/11/2024,19.0,5.5,47,Rainy
8474,Surat,2024-07-23,26.1,67.8,53,Cloudy
8475,Surat,06-11-2023,25.3,16.1,49,Humid
8476,Surat,07/08/2023,28.5,0.0,81,Foggy
8477,Surat,13/02/2023,18.2,5.0,91,Cloudy
8478,Surat,08/18/2023,32.0,351.2,79,Cloudy
8479,Surat,11/30/2024,29.1,6.8,77,Clear
8480,Surat,02/06/2023,24.1,107.4,59,Humid
8481,Surat,2023-08-13,31.5,176.1,62,Clear
8482,Surat,2023-08-11,23.5,3.2,59,Foggy
8483,Surat,04-12-2023,15.1,1.0,56,Cloudy
8484,Surat,2023.08.13,28.7,290.0,63,Rainy
8485,Surat,08/11/2024,22.4,146.8,41,Cloudy
8486,Surat,2023-08-25,37.9,145.1,66,Cloudy
8487,Surat,2023-04-25,31.3,23.8,66,Humid
8488,Surat,11/23/2023,27.7,4.0,67,Foggy
8489,Surat,2024-03-15,32.2,16.2,53,Clear
8490,Surat,2023.02.17,13.9,11.9,69,Clear
8491,Surat,2024.05.28,29.9,34.3,94,Foggy
8492,Surat,13/10/2024,24.1,9.1,21,Clear
8493,Surat,2023-01-08,10.9,0.0,-72,Clear
8494,Surat,2024.05.10,31.9,4.1,81,Rainy
8495,Surat,24/03/2023,35.0,7.9,63,Clear
8496,Surat,28/12/2023,28.9,3.6,33,Humid
8497,Surat,2023.03.08,32.9,10.6,58,Rainy
8498,Surat,03-04-2023,28.8,4.6,63,Rainy
8499,Surat,2024-02-02,15.3,4.0,65,Cloudy
8500,Surat,31-12-2023,22.4,0.0,29,Humid
8501,Surat,2024.01.07,16.5,4.2,32,Foggy
8502,Surat,2024-12-30,16.6,1.7,34,Humid
8503,Surat,09/23/2023,29.7,189.3,48,Rainy
8504,Surat,2023.08.11,29.7,162.2,44,Humid
8505,Surat,06/12/2024,29.7,3.5,62,Rainy
8506,Surat,2023-08-16,25.6,0.0,83,Rainy
8507,Surat,12/09/2023,22.8,,37,Humid
8508,Surat,09/07/2024,23.6,87.0,78,Clear
8509,Surat,2023.03.06,32.6,0.3,68,Clear
8510,Surat,19-11-2024,29.0,55.3,43,Clear
8511,Surat,03-08-2024,23.3,0.0,52,Clear
8512,Surat,10/03/2023,26.4,0.0,50,Clear
8513,Surat,11/29/2023,26.4,11.5,44,Foggy
8514,Surat,22-06-2024,25.6,91.1,74,Humid
8515,Surat,09/05/2024,44.3,3.1,53,Cloudy
8516,Surat,28/06/2023,25.8,142.4,54,Foggy
8517,Surat,03/05/2024,32.9,0.7,66,Clear
8518,Surat,23/12/2023,22.4,0.6,65,Cloudy
8519,Surat,2024-05-10,31.5,3.0,42,Humid
8520,Surat,08/10/2023,29.2,63.5,80,Rainy
8521,Surat,2024.05.25,35.1,30.8,55,Humid
8522,Surat,11/25/2024,29.2,6.4,-77,Rainy
8523,Surat,16-06-2023,31.6,367.7,54,Clear
8524,Surat,2024.02.05,18.1,6.6,59,Stormy
8525,Surat,2023-11-06,29.1,73.0,51,Clear
8526,Surat,31-05-2023,31.9,0.0,72,Cloudy
8527,Surat,2024.05.02,31.2,0.3,67,Cloudy
8528,Surat,19-07-2024,29.3,0.0,72,Foggy
8529,Surat,2024-10-13,27.6,138.3,71,Humid
8530,Surat,2024.03.16,31.8,4.7,81,Cloudy
8531,Surat,2024-01-23,11.7,0.0,55,Clear
8532,Surat,23-01-2023,11.0,0.0,61,Clear
8533,Surat,01/19/2023,17.7,0.0,82,Clear
8534,Surat,2024.12.03,19.2,1.6,68,Rainy
8535,Surat,2023.12.12,9.8,0.0,58,Cloudy
8536,Surat,01-07-2023,31.7,145.5,76,Cloudy
8537,Surat,2023-03-27,32.5,0.0,61,Cloudy
8538,Surat,23/07/2024,34.2,269.6,70,Stormy
8539,Surat,2024-02-02,23.0,4.4,47,Clear
8540,Surat,2023-01-03,17.1,8.4,52,Humid
8541,Surat,17/08/2023,35.7,128.1,55,Rainy
8542,Surat,2024.12.06,22.5,0.0,47,Clear
8543,Surat,06/06/2023,58.3,149.4,69,Clear
8544,Surat,28/04/2023,38.1,3.3,54,Clear
8545,Surat,23/08/2024,16.2,4.8,75,Clear
8546,Surat,2024-12-26,18.6,4.8,38,Cloudy
8547,Surat,2023.10.21,27.3,4.6,63,Foggy
8548,Surat,18-03-2024,31.7,10.8,70,Clear
8549,Surat,23/05/2023,30.9,5.4,69,Clear
8550,Surat,24-03-2023,27.1,23.3,63,Clear
8551,Surat,2024.08.06,31.4,112.4,85,Rainy
8552,Surat,09/30/2024,23.4,0.4,47,Clear
8553,Surat,2024.01.23,16.0,0.0,100,Foggy
8554,Surat,04/16/2023,40.1,0.0,33,Cloudy
8555,Surat,01/04/2024,18.0,8.9,69,Foggy
8556,Surat,2023-09-03,30.1,144.3,68,Clear
8557,Surat,10/24/2023,22.9,18.4,58,Clear
8558,Surat,15-06-2024,28.0,38.1,54,Rainy
8559,Surat,2023-04-02,35.1,7.2,52,Stormy
8560,Surat,2023-07-08,22.1,472.1,53,Rainy
8561,Surat,09/07/2023,27.6,481.8,67,Stormy
8562,Surat,16-09-2024,31.6,75.3,32,Clear
8563,Surat,2024.05.11,34.9,4.6,86,Cloudy
8564,Surat,24-10-2024,24.6,58.0,51,Cloudy
8565,Surat,06/04/2024,37.5,0.4,64,Clear
8566,Surat,07/15/2024,22.0,137.6,73,Rainy
8567,Surat,2024-02-16,13.2,4.8,59,Humid
8568,Surat,2024-04-01,34.8,0.0,45,Humid
8569,Surat,2023-12-27,15.2,0.6,71,Cloudy
8570,Surat,19-09-2023,24.6,52.9,71,Clear
8571,Surat,14/12/2023,15.1,12.2,79,Foggy
8572,Surat,2024-06-23,26.4,104.3,46,Cloudy
8573,Surat,2023-07-24,25.0,0.0,73,Foggy
8574,Surat,2023-05-22,38.5,1.9,65,Clear
8575,Surat,03/30/2023,29.8,9.2,68,Cloudy
8576,Surat,2024-04-23,40.9,0.0,59,Clear
8577,Surat,2024.09.04,25.9,0.0,61,Humid
8578,Surat,2024-03-24,34.9,7.2,67,Clear
8579,Surat,2024.08.23,29.9,0.0,92,Rainy
8580,Surat,2023-12-16,14.4,0.0,63,Clear
8581,Surat,10-01-2023,16.3,3.7,57,Clear
8582,Surat,12/08/2023,13.4,0.0,58,Clear
8583,Surat,27-11-2023,28.6,17.7,55,Cloudy
8584,Surat,11/06/2023,33.1,6.9,79,Rainy
8585,Surat,2024.08.31,25.3,0.0,55,Rainy
8586,Surat,2024.10.16,31.7,41.8,51,Clear
8587,Surat,2023.12.13,16.7,0.0,53,Cloudy
8588,Surat,2024-10-23,28.5,0.0,43,Rainy
8589,Surat,2023-08-12,34.6,59.2,63,Stormy
8590,Surat,2024.11.21,22.1,54.5,65,Clear
8591,Surat,09/05/2024,29.2,0.0,99,Humid
8592,Surat,2024-02-19,19.2,11.5,64,Humid
8593,Surat,03/02/2024,19.3,6.4,69,Clear
8594,Surat,2024-04-29,31.3,3.9,42,Humid
8595,Surat,2023-09-17,38.8,31.1,63,Clear
8596,Surat,04/30/2024,28.1,7.6,55,Clear
8597,Surat,04/03/2023,30.2,11.2,68,Clear
8598,Surat,2024-11-02,24.8,28.7,63,Cloudy
8599,Surat,15/01/2024,20.8,2.7,42,Clear
8600,Surat,2024.03.20,39.1,25.5,56,Cloudy
8601,Surat,17/08/2024,24.0,16.3,35,Stormy
8602,Surat,2024-08-03,22.9,0.0,49,Cloudy
8603,Surat,12-02-2023,16.9,3.8,71,Humid
8604,Surat,11/04/2024,24.5,55.2,65,Humid
8605,Surat,2023-12-27,15.4,14.1,49,Cloudy
8606,Surat,24-03-2023,31.2,0.0,51,Stormy
8607,Surat,01/03/2024,27.5,1.6,76,Clear
8608,Surat,2023.12.14,25.0,2.9,68,Cloudy
8609,Surat,2023.10.07,20.2,12.0,51,Cloudy
8610,Surat,06-06-2024,32.6,67.8,40,Humid
8611,Surat,10/29/2023,28.6,136.3,60,Clear
8612,Surat,04/05/2024,34.1,2.7,69,Humid
8613,Surat,06/30/2023,33.5,0.0,77,Cloudy
8614,Surat,2023-10-02,19.9,6.2,72,Clear
8615,Surat,2024-12-26,18.3,2.4,72,Cloudy
8616,Surat,30/05/2024,32.1,3.5,61,Clear
8617,Surat,2023.02.21,18.8,4.4,32,Clear
8618,Surat,2024.03.28,42.4,6.9,41,Cloudy
8619,Surat,08/10/2024,25.5,0.0,48,Humid
8620,Surat,2023-09-18,29.8,0.0,60,Cloudy
8621,Surat,19-10-2024,33.2,54.5,77,Rainy
8622,Surat,2024-08-14,31.0,15.0,34,Clear
8623,Surat,08/04/2023,30.8,6.1,54,Cloudy
8624,Surat,30/01/2024,20.3,1.9,68,Clear
8625,Surat,07-03-2023,38.5,0.0,53,Clear
8626,Surat,05-10-2024,24.1,19.0,69,Cloudy
8627,Surat,10/15/2023,26.0,35.8,87,Humid
8628,Surat,06-12-2023,20.3,0.0,62,Cloudy
8629,Surat,2024-06-18,25.1,2.8,54,Clear
8630,Surat,24/12/2024,18.5,6.7,47,Humid
8631,Surat,28/09/2023,33.8,254.3,76,Humid
8632,Surat,12/27/2023,21.2,4.1,57,Cloudy
8633,Surat,06/26/2024,34.2,136.0,69,Stormy
8634,Surat,2023-10-30,51.6,0.0,51,Rainy
8635,Surat,10/08/2023,32.3,102.7,79,Clear
8636,Surat,2024.01.17,16.7,0.5,47,Humid
8637,Surat,27/11/2024,32.0,53.5,44,Cloudy
8638,Surat,03/01/2023,18.1,0.0,47,Cloudy
8639,Surat,2023-08-09,34.3,78.3,68,Stormy
8640,Surat,01/08/2023,17.3,4.9,51,Cloudy
8641,Surat,25/12/2024,14.4,1.4,60,Humid
8642,Surat,05/07/2023,21.5,150.2,53,Humid
8643,Surat,2024-01-25,17.2,9.3,55,Cloudy
8644,Surat,23-09-2023,35.7,0.0,54,Clear
8645,Surat,12/10/2023,21.0,77.6,71,Cloudy
8646,Surat,06-12-2023,26.2,6.8,45,Clear
8647,Surat,2024-06-11,23.7,81.4,70,Rainy
8648,Surat,11/29/2024,27.5,7.8,71,Clear
8649,Surat,24/03/2024,34.6,0.0,75,Cloudy
8650,Surat,2024-05-13,34.1,0.0,58,Cloudy
8651,Surat,04/29/2024,26.6,0.0,80,Clear
8652,Surat,2023.03.03,33.1,1.1,56,Rainy
8653,Surat,04/07/2024,33.5,6.7,81,Humid
8654,Surat,24-11-2024,32.8,22.4,50,Humid
8655,Surat,12/07/2024,25.7,105.5,37,Rainy
8656,Surat,2023-05-26,29.7,10.6,31,Humid
8657,Surat,08-03-2024,30.3,2.8,37,Stormy
8658,Surat,21-08-2023,24.3,40.5,62,Stormy
8659,Surat,15/11/2023,23.5,2.0,59,Clear
8660,Surat,15/05/2023,36.9,8.3,26,Clear
8661,Surat,2024-06-13,29.4,26.6,63,Stormy
8662,Surat,09/16/2024,24.4,1.2,54,Clear
8663,Surat,2024-02-12,14.3,0.0,57,Clear
8664,Surat,09/07/2024,25.2,66.2,-51,Cloudy
8665,Surat,09-11-2023,21.0,2.0,37,Rainy
8666,,2024.02.29,26.0,0.0,61,Humid
8667,Surat,2023-02-02,17.9,14.9,74,Cloudy
8668,Surat,2024.02.14,17.9,13.7,54,Humid
8669,Surat,04/09/2024,30.3,0.0,75,Clear
8670,Surat,2023.06.17,21.9,64.4,63,Rainy
8671,Surat,2024.07.11,31.6,43.5,48,Rainy
8672,Surat,2023.03.18,33.1,6.6,53,Rainy
8673,Surat,24/12/2024,25.8,7.7,46,Clear
8674,Surat,2023-02-18,15.9,0.4,89,Clear
8675,Surat,2023-12-02,21.7,0.0,37,Clear
8676,Surat,02/12/2023,19.7,0.0,66,Clear
8677,Surat,17-01-2023,20.5,0.0,75,Clear
8678,Surat,24-07-2024,38.4,27.6,56,Foggy
8679,Surat,2024.05.25,35.2,1.0,59,Clear
8680,Surat,15-12-2024,17.9,17.5,55,Humid
8681,Surat,07/24/2023,33.9,0.0,67,Humid
8682,Surat,03/29/2023,27.3,5.0,55,Clear
8683,Surat,2024-02-04,17.0,1.5,52,Rainy
8684,Surat,18/08/2024,25.4,46.9,71,Cloudy
8685,Surat,28/12/2023,14.6,11.2,50,Cloudy
8686,Surat,28/05/2024,32.3,2.8,-84,Clear
8687,Surat,2023.09.27,31.9,156.6,59,Rainy
8688,Surat,26-12-2024,15.7,6.7,81,Rainy
8689,Surat,04/02/2023,34.1,7.1,60,Humid
8690,Surat,24/10/2024,28.4,0.9,63,Cloudy
8691,Surat,2024-02-29,21.6,0.0,67,Rainy
8692,Surat,2024-08-10,27.3,37.4,66,Cloudy
8693,Surat,2024.01.19,19.5,24.7,65,Foggy
8694,,2024-05-17,31.1,0.0,64,Clear
8695,Surat,2024.08.15,28.4,0.0,49,Rainy
8696,Surat,07-02-2023,27.4,3.6,54,Foggy
8697,Surat,17-06-2023,26.8,0.0,73,Clear
8698,Surat,09/15/2024,26.3,153.7,65,Clear
8699,Surat,2023-08-27,30.6,201.5,68,Humid
8700,Surat,27/09/2023,23.8,31.3,53,Humid
8701,Surat,08-11-2023,32.8,15.6,35,Clear
8702,Surat,2023.01.04,16.4,0.0,67,Cloudy
8703,Surat,01/02/2024,22.0,1.1,59,Humid
8704,Surat,06/19/2023,29.6,46.1,44,Clear
8705,Surat,2023-10-25,27.7,7.1,50,Foggy
8706,Surat,2023-07-31,31.0,0.0,45,Stormy
8707,Surat,25-03-2024,30.1,8.7,52,Foggy
8708,Surat,15-02-2024,19.0,2.0,50,Foggy
8709,Surat,27-02-2024,19.7,8.1,59,Cloudy
8710,Surat,29-10-2023,30.3,22.3,17,Clear
8711,Surat,09/23/2024,29.9,0.0,37,Rainy
8712,Surat,13/07/2024,27.5,120.9,43,Humid
8713,Surat,2024.11.22,27.2,18.4,47,Humid
8714,Surat,03/02/2024,26.3,0.0,59,Humid
8715,Surat,08/27/2023,26.5,26.6,78,Rainy
8716,Surat,18/08/2024,34.3,164.2,88,Humid
8717,Surat,2023-10-19,25.3,107.3,-77,Humid
8718,Surat,23/12/2023,18.7,0.2,83,Cloudy
8719,Surat,03/06/2024,36.8,4.4,57,Cloudy
8720,Surat,15/08/2024,24.0,242.9,64,Rainy
8721,Surat,03/31/2023,39.4,0.0,56,Clear
8722,Surat,09-09-2024,26.7,0.0,82,Clear
8723,Surat,2024-06-01,34.2,0.0,73,Clear
8724,Surat,21/05/2023,33.3,13.4,83,Clear
8725,Surat,02-05-2024,33.6,0.0,72,Cloudy
8726,Surat,05/06/2023,34.3,16.8,55,Stormy
8727,Surat,2024.03.04,31.1,8.6,63,Foggy
8728,Surat,15/01/2023,25.4,4.9,50,Cloudy
8729,Surat,2024-05-23,35.5,0.0,33,Clear
8730,Surat,2023.03.08,33.0,5.3,59,Clear
8731,Surat,28/08/2023,23.8,43.5,76,Clear
8732,Surat,18-04-2023,32.3,7.5,58,Cloudy
8733,Surat,11-05-2024,26.8,23.4,69,Cloudy
8734,Surat,2023.06.06,29.2,0.0,-63,Humid
8735,Surat,2024-01-03,16.4,0.5,44,Foggy
8736,Surat,2024-03-23,36.0,1.9,76,Clear
8737,Surat,2023-04-22,35.3,6.0,77,Humid
8738,Surat,2024.03.14,29.3,6.1,55,Clear
8739,Surat,05/16/2023,33.9,1.8,53,Humid
8740,Surat,26-05-2024,32.7,10.4,78,Clear
8741,Surat,2023-09-15,32.5,0.0,42,Stormy
8742,Surat,2023-06-08,24.4,24.6,73,Humid
8743,Surat,13/04/2024,37.3,0.9,55,Clear
8744,Surat,2023.01.13,22.8,3.9,49,Foggy
8745,Surat,11/26/2023,26.5,15.5,-76,Humid
8746,Surat,11/03/2024,29.0,3.9,38,Cloudy
8747,Surat,2023-03-03,33.4,0.0,69,Foggy
8748,Surat,2024-09-01,26.7,32.2,53,Foggy
8749,Surat,11/15/2023,26.9,10.9,65,Stormy
8750,Surat,2024.08.14,27.4,93.4,55,Foggy
8751,Surat,2024-03-25,33.1,0.0,32,Clear
8752,Surat,04/19/2023,32.9,5.5,66,Clear
8753,Surat,14/04/2024,34.7,3.3,49,Rainy
8754,Surat,11-06-2024,27.4,117.6,71,Clear
8755,Surat,18-03-2023,29.1,2.7,57,Clear
8756,Surat,2024.02.26,18.6,3.5,74,Clear
8757,Surat,10/01/2023,21.0,0.0,69,Humid
8758,Surat,02-02-2024,12.7,0.4,61,Humid
8759,Surat,08-07-2023,24.8,130.0,100,Humid
8760,Surat,12-08-2023,27.0,18.0,71,Humid
8761,Surat,04/11/2023,24.0,59.8,65,Humid
8762,Surat,29-07-2024,34.9,202.3,71,Rainy
8763,Surat,07/31/2023,28.9,14.7,61,Rainy
8764,Surat,2023.06.29,28.7,13.6,71,Cloudy
8765,Surat,2023-10-02,30.8,48.5,63,Clear
8766,Surat,06-11-2024,29.2,0.0,71,Clear
8767,Surat,2024-07-03,25.4,57.2,52,Cloudy
8768,Surat,2024.01.20,23.2,0.0,76,Clear
8769,Surat,21-03-2024,33.8,9.5,66,Cloudy
8770,Surat,01/05/2023,10.6,0.8,80,Clear
8771,Nagpur,2024-09-27,22.4,7.2,62,Humid
8772,Nagpur,03/31/2024,28.8,3.7,42,Clear
8773,Nagpur,16-05-2024,33.1,12.7,-60,Clear
8774,Nagpur,05/30/2024,34.1,2.8,73,Clear
8775,Nagpur,21/05/2023,29.4,7.4,10,Foggy
8776,Nagpur,20-06-2023,33.4,40.5,73,Humid
8777,Nagpur,09/01/2023,29.2,0.0,70,Rainy
8778,Nagpur,2023-02-18,13.7,0.0,55,Clear
8779,Nagpur,19/10/2023,26.7,2.8,64,Clear
8780,Nagpur,2023-06-08,30.3,0.0,52,Cloudy
8781,Nagpur,22/04/2023,39.1,5.4,59,Clear
8782,Nagpur,03/05/2023,34.4,5.4,62,Clear
8783,Nagpur,26-12-2023,19.3,0.6,53,Rainy
8784,Nagpur,07/04/2023,31.9,0.5,89,Foggy
8785,Nagpur,02/15/2024,20.2,2.7,35,Foggy
8786,Nagpur,2024-08-10,22.7,127.9,70,Humid
8787,Nagpur,2024.11.02,24.1,0.2,89,Rainy
8788,Nagpur,30/01/2023,19.5,1.6,51,Cloudy
8789,Nagpur,15/06/2023,21.7,10.0,74,Cloudy
8790,Nagpur,2023.07.07,23.4,0.0,69,Rainy
8791,Nagpur,12/11/2024,16.9,12.8,88,Clear
8792,Nagpur,22/03/2024,32.0,7.6,34,Clear
8793,Nagpur,03/08/2023,32.6,0.0,60,Clear
8794,Nagpur,08/18/2023,26.1,182.7,57,Humid
8795,Nagpur,2024-06-04,23.9,196.1,51,Clear
8796,Nagpur,2024.07.15,25.7,191.1,44,Rainy
8797,Nagpur,2024-12-24,21.9,0.4,47,Cloudy
8798,Nagpur,07/12/2023,18.0,8.2,62,Rainy
8799,Nagpur,2024-08-25,29.0,168.6,47,Stormy
8800,Nagpur,21/08/2024,35.1,33.1,79,Cloudy
8801,Nagpur,2023-03-04,42.3,0.4,40,Cloudy
8802,Nagpur,07/12/2024,16.2,,50,Clear
8803,Nagpur,29-05-2023,32.4,0.0,44,Humid
8804,Nagpur,2023-04-19,41.5,0.0,88,Clear
8805,Nagpur,02/14/2023,16.3,0.7,70,Clear
8806,Nagpur,15-12-2024,19.8,0.0,58,Rainy
8807,Nagpur,02/07/2023,30.6,9.6,85,Clear
8808,Nagpur,21/05/2023,32.5,17.6,60,Clear
8809,Nagpur,19-04-2024,35.5,0.0,85,Foggy
8810,Nagpur,11/06/2024,34.8,22.8,54,Clear
8811,Nagpur,2023-07-02,24.9,53.4,44,Cloudy
8812,Nagpur,2023.03.21,33.5,11.8,40,Cloudy
8813,Nagpur,18-10-2024,23.5,29.8,56,Clear
8814,Nagpur,23/07/2023,25.7,48.8,42,Clear
8815,Nagpur,09-10-2023,28.2,0.0,75,Stormy
8816,Nagpur,01/07/2024,28.3,0.0,63,Stormy
8817,Nagpur,25/08/2023,26.1,33.1,20,Clear
8818,Nagpur,03-03-2023,39.1,14.7,65,Clear
8819,Nagpur,2023.07.11,25.2,179.1,50,Clear
8820,Nagpur,2023.04.09,30.9,1.8,96,Rainy
8821,Nagpur,06-09-2023,27.1,346.2,77,Rainy
8822,Nagpur,08/29/2024,27.6,112.2,56,Humid
8823,Nagpur,2024-01-02,16.3,1.4,54,Humid
8824,Nagpur,2024-08-16,29.9,0.0,59,Clear
8825,Nagpur,16-04-2023,36.6,0.0,55,Cloudy
8826,Nagpur,07/31/2023,24.0,0.0,50,Foggy
8827,Nagpur,07/11/2024,28.0,17.6,33,Foggy
8828,Nagpur,2024.08.19,25.6,0.0,42,Foggy
8829,Nagpur,12/03/2024,17.8,0.0,47,Foggy
8830,Nagpur,06/09/2024,32.5,0.0,60,Humid
8831,Nagpur,07/26/2024,35.5,62.4,90,Clear
8832,Nagpur,05/25/2023,31.9,5.9,55,Clear
8833,Nagpur,2023-07-12,29.4,86.1,88,Foggy
8834,Nagpur,20-07-2024,27.4,142.0,49,Clear
8835,Nagpur,01/09/2024,19.3,5.0,44,Foggy
8836,Nagpur,06/30/2023,25.2,0.0,54,Rainy
8837,Nagpur,23-08-2023,23.9,62.4,66,Cloudy
8838,Nagpur,06/02/2023,29.4,0.0,31,Clear
8839,Nagpur,11-04-2024,38.1,0.5,45,Clear
8840,Nagpur,2024-10-17,21.5,26.8,64,Humid
8841,Nagpur,2024-09-08,29.3,177.6,71,Clear
8842,Nagpur,14/10/2023,31.3,14.2,44,Cloudy
8843,Nagpur,01/05/2024,33.0,0.0,27,Rainy
8844,Nagpur,05/09/2024,36.9,0.0,85,Clear
8845,Nagpur,07/07/2024,27.0,23.2,65,Foggy
8846,Nagpur,29-12-2024,17.9,0.0,71,Humid
8847,Nagpur,2023.04.11,25.8,4.1,56,Cloudy
8848,Nagpur,03/29/2024,36.1,17.4,85,Humid
8849,Nagpur,2024.12.13,16.3,1.5,49,Clear
8850,Nagpur,03/16/2024,30.4,13.2,66,Clear
8851,Nagpur,2024.09.11,29.4,266.9,77,Rainy
8852,Nagpur,06/23/2024,21.4,180.0,48,Cloudy
8853,Nagpur,2023-03-30,34.7,2.7,81,Rainy
8854,Nagpur,2024.06.22,29.6,249.0,43,Humid
8855,Nagpur,2023-06-03,26.0,16.2,73,Rainy
8856,Nagpur,11/09/2024,30.5,134.7,58,Clear
8857,Nagpur,09/02/2023,20.4,2.5,49,Clear
8858,Nagpur,2023-08-17,25.9,65.9,65,Stormy
8859,Nagpur,25/05/2023,30.6,0.0,38,Cloudy
8860,Nagpur,20-10-2023,23.6,6.1,53,Clear
8861,Nagpur,06/28/2024,30.3,32.3,53,Rainy
8862,Nagpur,25-11-2023,25.5,17.7,80,Humid
8863,Nagpur,26-09-2023,29.4,31.4,99,Humid
8864,Nagpur,03/22/2024,40.6,3.5,45,Cloudy
8865,Nagpur,26/02/2023,19.4,7.5,56,Cloudy
8866,Nagpur,2024.08.28,24.7,25.8,50,Foggy
8867,Nagpur,29/06/2023,29.1,0.0,56,Clear
8868,Nagpur,2023.01.20,22.9,0.1,54,Clear
8869,Nagpur,2024.09.30,17.4,0.0,76,Clear
8870,Nagpur,2024-08-29,27.0,34.3,61,Cloudy
8871,Nagpur,2024-08-14,28.9,10.8,85,Clear
8872,Nagpur,02/22/2023,12.8,6.1,62,Humid
8873,Nagpur,2024-04-19,34.0,11.2,69,Cloudy
8874,Nagpur,26-02-2024,19.2,8.1,62,Humid
8875,Nagpur,2024.01.06,24.3,0.0,47,Humid
8876,Nagpur,17/08/2023,30.1,455.0,87,Clear
8877,Nagpur,16/04/2023,28.0,1.4,41,Cloudy
8878,Nagpur,15/05/2024,28.6,1.6,52,Humid
8879,Nagpur,04/17/2023,26.9,0.0,44,Humid
8880,Nagpur,13-10-2024,26.7,10.7,41,Clear
8881,Nagpur,10-06-2023,27.9,42.5,49,Rainy
8882,Nagpur,13-12-2023,17.2,7.8,71,Humid
8883,Nagpur,30-08-2024,34.3,3.2,88,Rainy
8884,Nagpur,2024.05.08,37.0,0.2,88,Foggy
8885,Nagpur,12/24/2023,18.7,3.6,45,Clear
8886,Nagpur,23/02/2024,14.6,3.1,45,Cloudy
8887,Nagpur,31-05-2024,35.0,7.4,55,Humid
8888,Nagpur,2024.01.01,20.8,4.9,74,Cloudy
8889,Nagpur,05-02-2023,19.6,1.8,61,Clear
8890,Nagpur,2024-02-03,15.4,3.6,58,Clear
8891,Nagpur,25/10/2023,21.7,0.0,81,Clear
8892,Nagpur,2023-11-13,25.2,0.0,76,Cloudy
8893,Nagpur,04/05/2024,32.4,8.7,38,Cloudy
8894,Nagpur,24/04/2024,37.4,10.6,56,Clear
8895,Nagpur,22/11/2024,21.2,0.0,52,Humid
8896,Nagpur,2024-08-06,26.3,110.3,57,Rainy
8897,Nagpur,19-05-2024,27.5,4.1,47,Cloudy
8898,Nagpur,25-05-2024,56.7,8.7,70,Cloudy
8899,Nagpur,27-06-2023,19.6,30.7,40,Clear
8900,Nagpur,2023-12-02,20.9,0.0,30,Stormy
8901,Nagpur,2024-06-28,25.5,0.0,59,Clear
8902,Nagpur,23-01-2023,15.8,0.0,50,Clear
8903,Nagpur,19/06/2024,26.5,68.0,59,Clear
8904,Nagpur,07/04/2023,31.4,27.6,59,Clear
8905,Nagpur,2023.03.27,33.8,0.0,68,Humid
8906,Nagpur,07/25/2023,27.3,37.1,78,Cloudy
8907,Nagpur,15/01/2024,13.2,1.9,35,Foggy
8908,Nagpur,2024-06-26,22.3,119.0,62,Rainy
8909,Nagpur,04/02/2023,17.3,0.4,34,Cloudy
8910,Nagpur,2024.06.28,33.5,0.0,64,Foggy
8911,Nagpur,04-07-2023,18.3,71.9,51,Cloudy
8912,Nagpur,2023-03-09,25.5,9.0,80,Cloudy
8913,Nagpur,11/15/2023,21.7,39.0,32,Foggy
8914,Nagpur,2023.07.06,27.8,25.7,20,Humid
8915,Nagpur,2023-03-07,31.0,1.3,100,Clear
8916,Nagpur,2024.07.31,34.0,84.5,69,Rainy
8917,Nagpur,2023-11-10,26.8,35.9,60,Stormy
8918,Nagpur,10/08/2024,28.4,138.8,64,Clear
8919,Nagpur,02-08-2023,24.6,118.5,45,Rainy
8920,Nagpur,2023.04.15,36.6,0.8,71,Humid
8921,Nagpur,2023.05.15,28.2,5.9,54,Rainy
8922,Nagpur,2023-11-02,34.0,24.4,81,Clear
8923,Nagpur,03-04-2023,37.3,2.2,62,Humid
8924,Nagpur,2024.02.17,19.4,3.0,68,Clear
8925,Nagpur,01/12/2024,20.2,0.5,42,Foggy
8926,Nagpur,2024-12-12,17.8,0.0,43,Stormy
8927,Nagpur,02-05-2024,30.1,2.2,81,Cloudy
8928,Nagpur,2024.02.19,15.8,0.0,65,Rainy
8929,Nagpur,2024-02-19,15.5,0.0,67,Stormy
8930,Nagpur,24-09-2023,27.8,197.1,66,Rainy
8931,Nagpur,27-06-2024,30.2,116.5,53,Humid
8932,Nagpur,2023-12-05,13.9,0.0,63,Cloudy
8933,Nagpur,10/19/2024,18.7,31.0,57,Foggy
8934,Nagpur,07/12/2023,26.0,1.2,60,Humid
8935,Nagpur,23-11-2023,32.1,25.1,44,Cloudy
8936,Nagpur,04/03/2024,33.9,10.8,78,Clear
8937,Nagpur,17/04/2024,31.9,0.0,53,Clear
8938,Nagpur,01/17/2023,12.9,11.2,62,Rainy
8939,Nagpur,2023.06.10,27.8,110.9,48,Clear
8940,Nagpur,05-03-2024,34.3,0.0,77,Clear
8941,Nagpur,10/03/2023,18.7,0.0,49,Humid
8942,Nagpur,03/13/2024,34.8,4.1,78,Cloudy
8943,Nagpur,2024-05-17,22.3,0.0,50,Clear
8944,Nagpur,30-03-2024,30.5,7.8,49,Clear
8945,Nagpur,2023-04-27,34.3,0.0,49,Rainy
8946,Nagpur,2024.01.29,19.3,9.3,51,Clear
8947,Nagpur,09/09/2024,31.4,0.0,53,Rainy
8948,Nagpur,05/08/2023,31.2,507.3,59,Rainy
8949,Nagpur,2023-05-27,30.7,6.5,83,Clear
8950,Nagpur,07/03/2023,30.7,121.3,45,Stormy
8951,Nagpur,29-10-2023,29.9,0.0,62,Cloudy
8952,Nagpur,2023.11.24,18.1,0.0,69,Clear
8953,Nagpur,2024.07.31,23.5,44.9,47,Humid
8954,Nagpur,2023.09.09,26.4,0.0,67,Clear
8955,Nagpur,2024.01.04,15.0,4.5,59,Clear
8956,Nagpur,12/06/2023,31.1,1.1,89,Cloudy
8957,Nagpur,11/03/2023,33.9,0.0,15,Rainy
8958,Nagpur,01/04/2024,36.0,0.7,72,Humid
8959,Nagpur,22-06-2023,32.0,136.1,50,Clear
8960,Nagpur,24-08-2023,25.9,86.0,74,Foggy
8961,Nagpur,2023-10-14,30.6,0.0,-42,Cloudy
8962,Nagpur,2024-04-10,32.6,0.0,66,Foggy
8963,Nagpur,07/09/2024,26.3,0.0,57,Clear
8964,Nagpur,08-09-2023,27.1,154.6,90,Cloudy
8965,Nagpur,2023.03.01,32.6,0.0,49,Foggy
8966,Nagpur,2024.01.22,14.9,0.0,33,Rainy
8967,Nagpur,07-10-2023,31.8,1.3,73,Clear
8968,Nagpur,2023-08-15,26.3,62.6,85,Clear
8969,Nagpur,24/09/2023,25.1,24.6,43,Humid
8970,Nagpur,20/12/2024,18.5,5.0,38,Cloudy
8971,Nagpur,2024.05.26,36.1,0.0,58,Cloudy
8972,Nagpur,18-06-2024,26.3,46.7,47,Clear
8973,Nagpur,13/04/2023,31.7,5.4,48,Clear
8974,Nagpur,2023-05-22,31.7,1.9,72,Humid
8975,Nagpur,07/10/2024,30.5,119.2,83,Clear
8976,Nagpur,07/23/2024,34.1,0.0,51,Clear
8977,Nagpur,08/09/2023,32.9,173.2,39,Rainy
8978,Nagpur,19/02/2024,19.7,0.2,63,Clear
8979,Nagpur,08/06/2024,28.9,0.0,93,Humid
8980,Nagpur,15-07-2023,21.9,142.1,64,Rainy
8981,Nagpur,2023-03-28,29.9,0.1,58,Rainy
8982,Nagpur,2023-02-08,16.3,0.0,62,Cloudy
8983,Nagpur,2023.10.23,19.5,3.0,69,Clear
8984,Nagpur,18/12/2024,20.4,2.9,52,Cloudy
8985,Nagpur,2024.04.16,38.7,4.5,49,Cloudy
8986,Nagpur,2024.11.27,28.4,5.3,56,Foggy
8987,Nagpur,2024-10-07,30.0,39.4,73,Clear
8988,Nagpur,2023.01.05,21.4,4.6,54,Clear
8989,Nagpur,23-05-2023,33.5,2.2,53,Clear
8990,Nagpur,07-10-2024,23.8,12.9,56,Clear
8991,Nagpur,17/06/2024,23.9,33.9,66,Clear
8992,Nagpur,10/23/2023,25.7,22.7,57,Rainy
8993,Nagpur,02-10-2024,26.1,17.2,90,Humid
8994,Nagpur,03/03/2023,30.5,7.9,66,Clear
8995,Nagpur,06/05/2024,32.5,37.8,59,Cloudy
8996,Nagpur,16-05-2023,34.8,2.4,61,Rainy
8997,Nagpur,06/07/2023,26.4,85.9,53,Rainy
8998,Nagpur,01/08/2024,13.1,7.4,56,Clear
8999,Nagpur,09/01/2024,21.4,0.0,58,Cloudy
9000,Nagpur,25/02/2024,23.3,4.1,65,Clear
9001,Nagpur,2023.09.25,24.9,43.6,42,Rainy
9002,Nagpur,27/12/2024,26.9,2.6,59,Rainy
9003,Nagpur,12-11-2023,23.6,4.3,52,Clear
9004,Nagpur,10/11/2023,27.9,1.2,70,Foggy
9005,Nagpur,2024-04-17,26.6,0.0,94,Foggy
9006,Nagpur,12/22/2023,18.1,18.4,49,Foggy
9007,Nagpur,2023-03-11,41.4,1.0,85,Humid
9008,Nagpur,19-03-2024,29.9,14.8,47,Cloudy
9009,Nagpur,2024-11-28,31.6,6.0,74,Foggy
9010,Nagpur,2024-02-20,19.0,19.1,77,Clear
9011,Nagpur,24/09/2024,29.1,34.7,68,Cloudy
9012,Nagpur,2023-06-28,23.9,126.5,53,Clear
9013,Nagpur,28/01/2023,21.5,4.7,74,Foggy
9014,Nagpur,29/11/2024,30.5,0.0,66,Clear
9015,Nagpur,2023.10.29,24.9,47.0,60,Cloudy
9016,Nagpur,2023-05-19,33.9,13.5,41,Rainy
9017,Nagpur,2024.09.07,30.3,0.0,39,Cloudy
9018,Nagpur,08/22/2024,26.1,471.1,44,Rainy
9019,Nagpur,2024.12.04,16.8,0.0,33,Clear
9020,Nagpur,09/15/2023,29.4,5.6,74,Clear
9021,Nagpur,02/20/2023,14.8,0.0,58,Clear
9022,Nagpur,15/08/2024,58.9,0.0,57,Clear
9023,Nagpur,30-04-2023,33.3,3.8,80,Rainy
9024,Nagpur,2024-03-29,39.8,8.7,65,Foggy
9025,,11/02/2024,8.7,2.9,18,Rainy
9026,Nagpur,04/25/2023,28.8,1.1,41,Clear
9027,Nagpur,03/25/2023,34.1,2.9,78,Clear
9028,Nagpur,21/08/2024,28.2,57.9,69,Rainy
9029,Nagpur,13-08-2024,23.9,188.4,74,Clear
9030,Nagpur,16/05/2024,35.2,10.9,72,Cloudy
9031,Nagpur,2024.06.30,32.0,160.0,62,Clear
9032,Nagpur,29/10/2024,27.9,17.1,71,Clear
9033,Nagpur,2023.10.15,25.4,1.1,54,Stormy
9034,Nagpur,2024-03-18,38.2,4.5,71,Rainy
9035,Nagpur,2023.09.21,24.9,149.5,95,Cloudy
9036,Nagpur,02-08-2023,20.6,146.2,66,Clear
9037,Nagpur,08/16/2023,21.7,292.6,66,Clear
9038,Nagpur,2023.11.27,22.9,14.4,52,Cloudy
9039,Nagpur,2023-11-12,28.8,7.8,54,Clear
9040,Nagpur,2023-09-03,27.6,16.6,58,Rainy
9041,Nagpur,08-09-2024,22.2,296.9,46,Foggy
9042,Nagpur,2024-12-25,18.4,4.2,54,Rainy
9043,Nagpur,10-07-2024,27.1,0.0,55,Cloudy
9044,Nagpur,06/03/2023,27.3,102.6,51,Rainy
9045,Nagpur,2024.01.17,18.1,0.6,54,Stormy
9046,Nagpur,13-03-2024,30.9,0.6,60,Humid
9047,Nagpur,2024-11-09,23.4,4.1,68,Cloudy
9048,Nagpur,04/25/2023,26.8,0.0,81,Cloudy
9049,Nagpur,2024.11.11,30.3,0.0,42,Cloudy
9050,Nagpur,2023-07-23,24.7,0.0,51,Rainy
9051,Nagpur,07/25/2024,29.9,608.2,65,Humid
9052,Nagpur,2023-11-27,26.9,34.2,52,Clear
9053,Nagpur,2023-03-17,29.7,0.6,64,Clear
9054,Nagpur,18/04/2023,25.4,18.3,76,Foggy
9055,Nagpur,2023.04.30,33.8,16.7,55,Foggy
9056,Nagpur,2024.05.14,35.1,0.0,83,Cloudy
9057,Nagpur,2024-09-13,31.5,174.1,63,Rainy
9058,Nagpur,04-12-2023,12.4,,48,Humid
9059,Nagpur,30-04-2023,23.7,0.0,73,Humid
9060,Nagpur,25/11/2024,24.7,27.6,-43,Foggy
9061,Nagpur,16/11/2023,31.4,8.2,37,Cloudy
9062,Nagpur,14/11/2023,26.2,,50,Foggy
9063,Nagpur,08/09/2023,30.8,,34,Rainy
9064,Nagpur,2024-11-02,24.9,34.4,49,Clear
9065,Nagpur,29-11-2023,33.6,25.6,70,Clear
9066,Nagpur,06/07/2023,26.2,113.0,52,Cloudy
9067,Nagpur,12/24/2024,18.7,0.0,79,Clear
9068,Nagpur,2024-03-15,31.7,0.0,64,Clear
9069,Nagpur,2024.01.12,53.4,5.8,53,Humid
9070,Nagpur,2023-10-07,31.9,0.0,38,Rainy
9071,Nagpur,04-09-2023,27.2,52.4,66,Clear
9072,Nagpur,12/04/2023,21.6,4.1,37,Rainy
9073,Nagpur,2024-01-16,16.1,0.0,43,Rainy
9074,Nagpur,2024-05-27,35.5,2.9,64,Cloudy
9075,Nagpur,2024-03-12,27.5,0.6,44,Cloudy
9076,Nagpur,2024-08-20,34.0,306.4,57,Rainy
9077,Nagpur,20/08/2023,29.5,0.0,59,Clear
9078,Nagpur,16-09-2024,19.6,57.5,70,Cloudy
9079,Nagpur,2024.11.09,30.8,47.6,67,Clear
9080,Nagpur,19/10/2023,22.9,103.2,62,Foggy
9081,Nagpur,2023.09.22,19.7,198.1,66,Foggy
9082,Nagpur,04/08/2024,35.5,5.6,92,Clear
9083,Nagpur,05/19/2023,36.1,2.1,66,Foggy
9084,Nagpur,09/17/2023,25.5,260.7,47,Humid
9085,Nagpur,06/17/2024,25.9,0.5,60,Cloudy
9086,Nagpur,10-05-2023,35.4,0.0,52,Clear
9087,Nagpur,12-09-2023,29.2,8.0,62,Cloudy
9088,Nagpur,01/18/2023,24.1,1.7,68,Cloudy
9089,Nagpur,16/09/2023,28.4,0.0,34,Clear
9090,Nagpur,08/12/2024,27.1,23.7,59,Cloudy
9091,Nagpur,02/17/2024,11.2,2.9,93,Clear
9092,Nagpur,2024-02-06,19.4,0.0,70,Stormy
9093,Nagpur,12/12/2024,24.0,1.6,62,Cloudy
9094,Nagpur,28/05/2024,30.5,0.0,55,Humid
9095,Nagpur,2024-01-22,15.2,2.6,79,Clear
9096,Nagpur,06/29/2023,27.8,143.5,59,Humid
9097,Nagpur,2024.02.06,20.3,22.5,42,Foggy
9098,Nagpur,2023.06.08,33.2,8.3,61,Clear
9099,Nagpur,2024-11-04,31.4,13.6,65,Humid
9100,Nagpur,11/20/2023,23.7,3.5,32,Clear
9101,Nagpur,2023.08.28,29.3,0.0,59,Humid
9102,Nagpur,2024-05-11,33.3,0.0,68,Foggy
9103,Nagpur,02/06/2024,35.7,328.0,66,Clear
9104,Nagpur,13-12-2024,20.6,1.5,44,Foggy
9105,Nagpur,2024.08.13,29.8,324.8,58,Cloudy
9106,Nagpur,20-11-2024,27.1,0.0,80,Rainy
9107,Nagpur,05/28/2024,33.4,6.5,68,Foggy
9108,Nagpur,02-09-2024,34.3,11.5,84,Clear
9109,Nagpur,2024.10.04,27.9,36.7,76,Clear
9110,Nagpur,27/08/2023,29.0,11.7,55,Rainy
9111,Nagpur,2023.09.08,23.0,134.0,35,Humid
9112,Nagpur,2024.12.14,25.1,8.9,65,Clear
9113,Nagpur,15-06-2023,28.2,96.5,40,Rainy
9114,Nagpur,08/08/2023,29.7,0.0,36,Clear
9115,Nagpur,06/23/2023,28.1,38.6,55,Rainy
9116,Nagpur,30/05/2024,37.3,19.3,19,Cloudy
9117,Nagpur,01/09/2024,19.2,1.5,58,Humid
9118,Nagpur,2023-03-29,45.0,30.3,11,Clear
9119,Nagpur,26/03/2024,37.8,12.9,42,Clear
9120,Nagpur,2023.01.14,14.8,4.5,86,Clear
9121,Nagpur,25-05-2024,31.6,1.2,65,Cloudy
9122,Nagpur,2024-02-20,12.1,4.9,61,Stormy
9123,Nagpur,05/07/2024,26.3,0.0,24,Clear
9124,Nagpur,03/02/2024,40.0,2.2,72,Rainy
9125,Nagpur,20/12/2023,14.1,4.8,65,Clear
9126,Nagpur,08/17/2024,27.5,0.0,48,Foggy
9127,Nagpur,01/19/2023,18.3,5.4,60,Rainy
9128,Nagpur,12/04/2023,37.4,0.0,73,Rainy
9129,Nagpur,01/07/2024,15.3,0.0,50,Clear
9130,Nagpur,2024.10.05,25.7,20.7,53,Clear
9131,Nagpur,08/11/2023,18.5,146.6,68,Clear
9132,Nagpur,10-04-2024,34.4,21.2,50,Clear
9133,Nagpur,2024.06.21,33.4,17.8,52,Clear
9134,Nagpur,2024.05.02,33.5,8.4,89,Humid
9135,Nagpur,03/21/2024,27.8,0.0,42,Clear
9136,Nagpur,04/06/2023,27.3,91.8,50,Clear
9137,Nagpur,2023-03-11,32.4,4.4,83,Rainy
9138,Nagpur,2023-01-02,16.3,4.7,49,Clear
9139,Nagpur,26-07-2023,25.7,0.0,46,Cloudy
9140,Nagpur,10-03-2024,25.6,0.0,62,Clear
9141,Nagpur,12/10/2023,26.5,0.0,58,Clear
9142,Nagpur,2024-07-16,29.2,0.0,83,Foggy
9143,Nagpur,28/04/2023,33.5,9.6,67,Cloudy
9144,Nagpur,04/10/2024,26.7,12.7,43,Clear
9145,Nagpur,10/09/2024,27.2,23.7,41,Stormy
9146,Nagpur,2023.01.05,21.7,6.0,64,Rainy
9147,Nagpur,11/07/2024,23.4,12.5,59,Clear
9148,Nagpur,2023.08.13,26.7,8.7,53,Rainy
9149,Nagpur,20/10/2023,26.3,54.0,58,Cloudy
9150,Nagpur,13-07-2024,27.4,0.2,56,Cloudy
9151,Nagpur,2024-03-12,37.8,5.8,55,Clear
9152,Nagpur,07/10/2023,28.4,152.3,76,Rainy
9153,Nagpur,02/09/2023,36.1,0.0,45,Cloudy
9154,Nagpur,2023-01-20,22.5,0.0,56,Humid
9155,Nagpur,05-03-2023,32.9,0.8,55,Cloudy
9156,Nagpur,2023-04-21,27.9,0.0,48,Clear
9157,Nagpur,07-12-2024,19.2,4.2,66,Cloudy
9158,Nagpur,31/10/2023,22.0,22.4,46,Clear
9159,Nagpur,2023.02.13,14.5,0.8,52,Cloudy
9160,Nagpur,2024-04-20,32.0,2.0,76,Clear
9161,Nagpur,2023.08.11,30.8,58.2,58,Clear
9162,Nagpur,2024-01-17,14.7,0.9,75,Cloudy
9163,Nagpur,06/16/2024,20.3,76.1,35,Clear
9164,Nagpur,16/04/2024,34.5,1.9,76,Cloudy
9165,Nagpur,03/29/2024,26.8,,44,Humid
9166,Nagpur,27-10-2023,27.9,11.1,59,Clear
9167,Nagpur,22/10/2024,26.9,0.0,52,Clear
9168,Nagpur,2024-07-23,31.2,0.0,37,Cloudy
9169,Nagpur,25/04/2024,35.9,4.2,61,Cloudy
9170,Nagpur,2024.06.09,31.1,0.0,59,Clear
9171,Nagpur,2024-08-08,22.8,0.0,59,Clear
9172,Nagpur,2023.12.08,19.2,0.0,76,Clear
9173,Nagpur,06/12/2024,29.7,141.0,61,Cloudy
9174,Nagpur,17/02/2024,14.9,0.0,40,Clear
9175,Nagpur,11/21/2024,33.5,27.9,57,Clear
9176,Nagpur,2023.03.19,32.8,1.7,51,Humid
9177,Nagpur,2023-08-21,27.6,294.6,98,Humid
9178,Nagpur,2024.07.11,22.2,0.0,28,Cloudy
9179,Nagpur,2024-04-22,38.5,7.8,52,Clear
9180,Nagpur,2024.10.16,25.3,11.3,42,Cloudy
9181,Nagpur,02/01/2023,18.8,1.9,46,Clear
9182,Nagpur,2024.06.15,30.2,23.0,56,Rainy
9183,Nagpur,06/11/2024,25.0,51.6,26,Foggy
9184,Nagpur,02/07/2024,32.6,0.0,61,Humid
9185,Nagpur,2024.02.27,16.9,0.0,47,Cloudy
9186,Nagpur,12/06/2023,26.7,219.5,61,Clear
9187,Nagpur,10/30/2024,23.4,49.5,35,Clear
9188,Nagpur,2024-10-13,25.5,18.2,70,Foggy
9189,Nagpur,12/13/2024,24.3,4.4,51,Foggy
9190,Nagpur,03-11-2023,25.4,3.9,55,Clear
9191,Nagpur,18/07/2024,27.9,0.0,85,Humid
9192,Nagpur,08-02-2024,18.6,4.1,61,Humid
9193,Nagpur,25-02-2024,23.4,7.5,77,Humid
9194,Nagpur,2024-07-23,30.1,56.2,84,Cloudy
9195,Nagpur,20/11/2023,24.2,14.3,47,Clear
9196,Nagpur,2023-09-28,24.6,333.9,55,Foggy
9197,Nagpur,2024-03-07,24.1,17.6,77,Clear
9198,Nagpur,2024-03-28,35.5,8.2,57,Foggy
9199,Nagpur,10/07/2023,21.6,0.0,74,Stormy
9200,Nagpur,04/06/2023,30.2,0.0,76,Cloudy
9201,Nagpur,2024.03.27,32.5,1.0,57,Cloudy
9202,Nagpur,2024-12-20,19.2,9.7,94,Clear
9203,Nagpur,2024-05-26,33.6,0.0,62,Clear
9204,Nagpur,10-12-2023,24.9,1.8,69,Rainy
9205,Nagpur,11/10/2024,25.7,28.7,49,Clear
9206,Nagpur,2023-06-15,23.4,0.0,75,Rainy
9207,Nagpur,2024.09.13,37.3,136.4,59,Humid
9208,Nagpur,16/05/2024,35.4,0.0,44,Clear
9209,Nagpur,2023-12-22,23.4,9.0,70,Clear
9210,Nagpur,28/12/2023,15.6,0.1,60,Clear
9211,Nagpur,2024-02-06,12.4,4.2,75,Clear
9212,Nagpur,18-05-2023,34.3,3.8,64,Rainy
9213,Nagpur,28-04-2023,35.4,0.8,51,Rainy
9214,Nagpur,03/31/2023,33.2,5.9,61,Stormy
9215,Nagpur,15-03-2023,37.3,42.3,63,Clear
9216,Nagpur,19-06-2023,32.6,0.0,48,Rainy
9217,Nagpur,03/27/2024,37.2,12.7,80,Cloudy
9218,Nagpur,05/22/2023,29.0,0.0,98,Humid
9219,Nagpur,26-03-2023,34.4,19.9,55,Clear
9220,Nagpur,17/09/2024,26.9,0.0,56,Clear
9221,Nagpur,12/01/2024,12.2,1.4,35,Clear
9222,Nagpur,05-03-2024,29.9,0.0,54,Cloudy
9223,Nagpur,2024.08.31,26.7,0.0,100,Humid
9224,Nagpur,2024.08.25,26.4,16.5,41,Clear
9225,Nagpur,10/22/2023,27.5,0.0,67,Clear
9226,Nagpur,12/22/2024,17.2,0.0,49,Humid
9227,Nagpur,2023-05-21,37.3,10.9,46,Clear
9228,Nagpur,10/29/2023,25.7,0.0,60,Clear
9229,Nagpur,02/09/2024,14.9,1.2,54,Clear
9230,Nagpur,2023-03-24,37.6,7.3,62,Stormy
9231,Nagpur,2023-06-07,27.7,77.7,91,Rainy
9232,Nagpur,01-09-2023,23.4,0.0,47,Rainy
9233,Nagpur,05/26/2023,35.1,0.6,66,Foggy
9234,Nagpur,2024-02-29,20.6,3.0,48,Rainy
9235,Nagpur,2024-09-09,25.7,138.0,71,Rainy
9236,Nagpur,01-05-2023,31.4,9.5,63,Humid
9237,Nagpur,2023-10-19,33.6,41.6,72,Stormy
9238,Nagpur,2023-08-17,32.1,0.0,73,Foggy
9239,Nagpur,25/01/2023,14.7,3.1,47,Humid
9240,Nagpur,20-05-2024,32.9,1.1,62,Clear
9241,Nagpur,03/14/2023,31.6,5.3,38,Clear
9242,Nagpur,2024.05.26,31.9,0.8,34,Humid
9243,Nagpur,07/08/2024,33.4,18.5,63,Rainy
9244,Nagpur,2024-09-09,27.0,98.7,46,Foggy
9245,Nagpur,06-10-2024,24.5,0.0,31,Cloudy
9246,Nagpur,2024.04.12,32.0,16.2,67,Foggy
9247,Nagpur,25-05-2024,31.7,3.5,-66,Clear
9248,Nagpur,20/09/2023,26.6,95.7,55,Cloudy
9249,Nagpur,2023-07-14,26.6,0.0,65,Clear
9250,Nagpur,11/06/2024,26.3,15.9,73,Rainy
9251,Nagpur,2024-04-14,31.6,2.8,74,Cloudy
9252,Nagpur,15-06-2023,31.2,0.0,50,Cloudy
9253,Nagpur,09/15/2024,57.3,100.6,63,Stormy
9254,Nagpur,05-02-2023,18.0,2.9,65,Humid
9255,Nagpur,2024.10.27,18.4,23.8,48,Humid
9256,Nagpur,06-06-2023,24.7,0.0,60,Clear
9257,Nagpur,28/01/2024,17.8,0.0,28,Stormy
9258,Nagpur,2023.07.12,29.8,39.8,64,Stormy
9259,Nagpur,2024-09-17,30.8,16.4,90,Rainy
9260,Nagpur,2023.12.02,21.2,0.0,65,Humid
9261,Nagpur,2024-04-27,34.4,10.4,46,Clear
9262,Nagpur,2023.08.28,29.0,0.0,47,Rainy
9263,Nagpur,2023-07-25,25.5,0.0,59,Clear
9264,Nagpur,2023-08-09,29.3,50.4,60,Cloudy
9265,Nagpur,2024.04.29,32.5,0.0,25,Humid
9266,Nagpur,15/08/2023,30.0,0.0,23,Clear
9267,Nagpur,09/11/2023,28.0,0.0,63,Foggy
9268,Nagpur,2024-12-18,15.2,1.2,80,Rainy
9269,Nagpur,01-11-2023,25.4,37.1,78,Clear
9270,Nagpur,2023.09.14,25.1,25.0,87,Humid
9271,Nagpur,16/03/2024,35.3,0.5,31,Foggy
9272,Nagpur,13-03-2023,29.6,14.0,-66,Clear
9273,Nagpur,2023-12-27,19.6,1.3,54,Clear
9274,Nagpur,2024-11-28,26.7,14.9,65,Clear
9275,Nagpur,26/05/2024,39.6,0.2,66,Cloudy
9276,Nagpur,2023.12.12,13.7,0.6,63,Stormy
9277,Nagpur,08/13/2024,21.9,0.0,59,Foggy
9278,Nagpur,03/04/2024,31.4,0.0,49,Cloudy
9279,Nagpur,2024-05-15,35.0,17.2,69,Clear
9280,Nagpur,2023.04.23,29.9,1.4,70,Rainy
9281,Nagpur,13/06/2023,30.3,4.4,54,Clear
9282,Nagpur,28-08-2024,23.5,15.7,62,Rainy
9283,Nagpur,21-08-2023,29.6,0.0,59,Foggy
9284,Nagpur,05/03/2024,29.9,0.0,56,Humid
9285,Nagpur,2024.05.17,35.5,22.0,39,Foggy
9286,Nagpur,02/18/2023,19.8,0.0,91,Clear
9287,Nagpur,03/13/2024,38.6,10.4,54,Clear
9288,Nagpur,08/23/2023,33.4,100.8,76,Rainy
9289,Nagpur,05/05/2023,38.3,1.5,65,Clear
9290,Nagpur,02/05/2023,32.8,0.0,79,Clear
9291,Nagpur,2024-02-29,16.3,8.6,78,Rainy
9292,Nagpur,06/19/2024,32.1,48.5,50,Humid
9293,Nagpur,12/01/2023,19.1,2.6,86,Rainy
9294,Nagpur,2023-01-04,17.9,9.3,80,Rainy
9295,Nagpur,2023-05-04,33.9,17.8,46,Clear
9296,Nagpur,04-10-2023,23.1,0.0,64,Cloudy
9297,Nagpur,25/03/2023,36.5,11.3,59,Clear
9298,Nagpur,06/04/2023,36.6,5.2,58,Clear
9299,Nagpur,25/04/2023,32.2,37.3,68,Cloudy
9300,Nagpur,08/12/2023,15.6,0.0,60,Cloudy
9301,Nagpur,13/07/2023,23.1,18.8,55,Stormy
9302,Nagpur,2024.05.10,33.6,0.0,77,Foggy
9303,Nagpur,22/08/2024,25.9,0.0,74,Clear
9304,Nagpur,30-12-2024,18.0,0.9,53,Foggy
9305,Nagpur,2024-08-09,24.3,78.9,71,Cloudy
9306,Nagpur,2023.09.06,24.5,156.5,81,Cloudy
9307,Nagpur,2024-02-29,15.9,4.1,48,Foggy
9308,Nagpur,2024.05.24,38.1,4.5,34,Cloudy
9309,Nagpur,2023-11-01,26.3,123.2,70,Clear
9310,Nagpur,2024-01-17,16.5,3.3,62,Foggy
9311,Nagpur,30/03/2024,34.8,0.0,77,Stormy
9312,Nagpur,2024.12.21,17.6,14.1,58,Rainy
9313,Nagpur,2023.03.30,32.7,0.0,66,Cloudy
9314,Nagpur,2024.11.26,31.3,17.4,55,Stormy
9315,Nagpur,09/06/2023,24.5,79.8,64,Clear
9316,Nagpur,02/24/2023,17.3,7.1,78,Cloudy
9317,Nagpur,31/12/2023,20.6,0.6,52,Clear
9318,Nagpur,11/03/2024,35.2,1.8,59,Humid
9319,Nagpur,2023.12.03,21.1,2.8,37,Clear
9320,Nagpur,13/07/2024,27.2,150.2,46,Clear
9321,Nagpur,2023-10-12,24.9,3.6,38,Stormy
9322,Nagpur,2024.01.18,18.6,2.2,80,Cloudy
9323,Nagpur,22-03-2023,29.4,3.7,79,Stormy
9324,Nagpur,22-03-2024,38.0,0.0,42,Clear
9325,Nagpur,2024-08-21,31.2,34.7,61,Cloudy
9326,Nagpur,04-07-2024,28.0,27.1,55,Rainy
9327,Nagpur,2023.07.10,22.3,35.6,48,Cloudy
9328,Nagpur,2023.03.20,35.1,0.4,55,Cloudy
9329,Nagpur,04/10/2023,27.5,21.2,83,Clear
9330,Nagpur,03/07/2024,22.8,49.7,73,Humid
9331,Nagpur,2024-01-25,23.6,11.8,83,Rainy
9332,Nagpur,26/10/2024,24.7,0.0,42,Clear
9333,Nagpur,23/12/2023,16.2,0.0,69,Stormy
9334,Nagpur,01/22/2024,18.4,2.9,77,Foggy
9335,Nagpur,2023.03.02,31.1,1.2,70,Clear
9336,Nagpur,19-04-2023,32.4,4.7,55,Humid
9337,Nagpur,2024-12-21,18.2,3.3,28,Clear
9338,Nagpur,2024.03.04,33.5,0.3,-82,Clear
9339,Nagpur,2024.09.29,31.1,0.0,61,Cloudy
9340,Nagpur,2023-03-21,31.1,17.7,52,Cloudy
9341,Nagpur,05-07-2023,25.8,51.8,68,Clear
9342,Nagpur,01/02/2024,23.3,0.8,64,Clear
9343,Nagpur,25-10-2023,21.0,0.0,63,Foggy
9344,Nagpur,2023.06.29,31.1,109.1,74,Rainy
9345,Nagpur,29-03-2023,33.4,0.0,44,Clear
9346,Nagpur,29/10/2023,23.4,1.4,55,Humid
9347,Nagpur,2023-12-27,18.7,0.7,81,Foggy
9348,Nagpur,2023-02-16,18.9,4.7,47,Clear
9349,Nagpur,2023-10-14,28.9,10.5,88,Stormy
9350,Nagpur,2024.02.02,19.2,0.6,62,Cloudy
9351,Nagpur,23-08-2024,27.6,0.0,46,Humid
9352,Nagpur,08/09/2023,29.6,0.0,48,Humid
9353,Nagpur,12-06-2023,24.7,57.9,52,Humid
9354,Nagpur,10/03/2023,32.3,16.1,59,Foggy
9355,Nagpur,08/09/2023,26.6,68.0,54,Clear
9356,Nagpur,2024.05.12,37.4,1.4,84,Stormy
9357,Nagpur,08-04-2023,33.4,5.8,74,Humid
9358,Nagpur,2023.07.21,17.3,0.0,95,Clear
9359,Nagpur,04/22/2023,25.1,14.1,75,Cloudy
9360,Nagpur,2024.05.24,35.7,6.8,47,Clear
9361,Nagpur,24/01/2024,23.9,5.6,42,Cloudy
9362,Nagpur,2024.07.24,26.8,0.0,53,Cloudy
9363,Nagpur,31-08-2023,30.8,0.0,60,Humid
9364,Nagpur,03/14/2024,36.0,0.0,59,Foggy
9365,Nagpur,2023.05.16,36.1,10.5,76,Humid
9366,Nagpur,12/01/2023,14.6,0.0,66,Clear
9367,Nagpur,11-10-2024,26.8,2.6,33,Cloudy
9368,Nagpur,20/03/2023,26.6,0.0,48,Clear
9369,Nagpur,2023-11-30,23.3,0.0,95,Cloudy
9370,Nagpur,2024.07.31,30.5,203.3,55,Cloudy
9371,Nagpur,23/02/2024,17.5,4.3,62,Humid
9372,Nagpur,2024.08.16,25.9,0.0,23,Clear
9373,Nagpur,04/22/2023,33.2,0.2,50,Clear
9374,Nagpur,16/09/2024,29.0,221.2,58,Stormy
9375,Nagpur,01/11/2024,24.6,0.0,81,Clear
9376,Nagpur,2023-09-23,23.2,0.0,51,Rainy
9377,Nagpur,28/02/2024,18.5,0.0,45,Clear
9378,Nagpur,2024.07.17,26.3,0.0,67,Cloudy
9379,Nagpur,08-06-2023,25.8,134.5,66,Humid
9380,Nagpur,19-12-2024,27.6,2.9,40,Humid
9381,Nagpur,2023.02.11,17.6,4.2,77,Clear
9382,Nagpur,12/07/2023,29.9,,44,Humid
9383,Nagpur,17-12-2023,19.4,0.1,65,Rainy
9384,Nagpur,01/27/2023,14.8,3.8,32,Clear
9385,Nagpur,2023-05-30,36.1,0.0,76,Humid
9386,Nagpur,03-12-2024,11.7,0.0,77,Clear
9387,Nagpur,09/25/2023,32.1,0.0,68,Rainy
9388,Nagpur,03/02/2024,30.7,6.7,90,Cloudy
9389,Nagpur,05/22/2023,36.9,0.0,80,Rainy
9390,Nagpur,12/11/2024,13.7,0.0,62,Clear
9391,Nagpur,2024.01.09,12.5,2.0,56,Foggy
9392,Nagpur,01-08-2023,33.7,203.9,71,Rainy
9393,Nagpur,15-04-2024,35.5,14.6,29,Humid
9394,Nagpur,2024-04-15,37.9,9.5,30,Cloudy
9395,Nagpur,2024.04.03,36.7,7.5,54,Clear
9396,Nagpur,07/08/2024,19.2,485.0,61,Foggy
9397,Nagpur,22/07/2023,22.1,20.7,76,Stormy
9398,Nagpur,26/06/2023,33.7,429.9,59,Humid
9399,Nagpur,2024-01-07,19.8,1.2,40,Cloudy
9400,Nagpur,2023-06-17,34.3,184.1,37,Foggy
9401,Nagpur,13/04/2024,29.5,1.1,18,Humid
9402,Nagpur,2023-04-11,32.6,0.8,84,Humid
9403,Nagpur,05/10/2024,25.8,31.6,32,Rainy
9404,Nagpur,2023.06.28,27.5,34.4,54,Foggy
9405,Nagpur,27/02/2023,16.1,1.5,77,Clear
9406,Nagpur,2024.12.21,22.6,4.7,55,Clear
9407,Nagpur,09/09/2024,26.4,0.0,64,Clear
9408,Nagpur,2024.08.02,22.5,220.3,72,Clear
9409,Nagpur,25/10/2024,23.3,33.3,82,Cloudy
9410,Nagpur,2024-07-20,26.6,0.0,56,Rainy
9411,Nagpur,06/30/2024,24.3,443.9,75,Cloudy
9412,Nagpur,09/11/2024,26.7,67.3,71,Cloudy
9413,Nagpur,2024.06.29,30.0,0.0,49,Clear
9414,Nagpur,11/30/2023,29.9,128.8,63,Clear
9415,Nagpur,01/30/2023,18.6,1.3,98,Clear
9416,,06/07/2023,29.9,21.6,72,Clear
9417,Nagpur,10-05-2024,29.0,0.0,62,Humid
9418,Nagpur,21-03-2023,30.9,13.7,68,Clear
9419,Nagpur,2024.03.05,33.3,7.9,69,Foggy
9420,Nagpur,11/17/2023,26.5,35.3,50,Clear
9421,Nagpur,2023.12.01,19.4,6.4,29,Cloudy
9422,Nagpur,06/08/2023,29.3,47.8,77,Humid
9423,Nagpur,2024.01.24,16.7,0.0,52,Rainy
9424,Nagpur,06-12-2024,14.7,0.0,55,Humid
9425,Nagpur,12/10/2024,14.1,4.9,36,Humid
9426,Nagpur,09/12/2023,16.7,5.4,55,Cloudy
9427,Nagpur,29-01-2024,11.2,2.4,69,Humid
9428,Nagpur,2024.05.04,32.2,0.0,52,Cloudy
9429,Nagpur,2023-08-30,33.3,0.0,50,Cloudy
9430,Nagpur,2024-10-28,29.6,90.2,70,Humid
9431,Nagpur,2023-12-19,16.2,0.6,57,Foggy
9432,Nagpur,10/02/2024,15.0,0.2,87,Cloudy
9433,Nagpur,21-05-2024,37.6,12.7,68,Clear
9434,Nagpur,2024.10.09,29.0,32.7,49,Clear
9435,Nagpur,2023.06.19,23.3,201.5,62,Clear
9436,Nagpur,02/02/2024,18.8,0.0,62,Clear
9437,Nagpur,11-07-2023,36.7,0.0,45,Humid
9438,Nagpur,04/07/2023,21.1,25.0,50,Clear
9439,Nagpur,16/11/2023,17.6,62.7,94,Rainy
9440,Nagpur,04/04/2024,31.7,5.7,-62,Humid
9441,Nagpur,2023.03.12,33.1,3.0,39,Stormy
9442,Nagpur,2023-08-04,35.1,91.7,76,Rainy
9443,Nagpur,2023-06-14,24.1,241.7,45,Rainy
9444,Nagpur,2023-07-29,21.7,55.9,52,Clear
9445,Nagpur,2023.09.02,22.5,41.8,57,Clear
9446,Nagpur,02/06/2024,22.6,3.1,37,Cloudy
9447,Nagpur,2023.08.23,25.0,148.1,60,Rainy
9448,Nagpur,2024.07.07,25.7,16.9,78,Rainy
9449,Nagpur,28/03/2024,30.9,0.0,65,Clear
9450,Nagpur,2023-11-17,22.1,4.7,46,Foggy
9451,Nagpur,05/19/2024,27.0,27.2,78,Cloudy
9452,Nagpur,12/24/2023,15.8,5.9,59,Foggy
9453,Nagpur,2023.11.11,26.7,13.8,69,Foggy
9454,Nagpur,24/09/2023,23.4,0.0,71,Rainy
9455,Nagpur,05-05-2023,38.2,4.4,55,Foggy
9456,Nagpur,2023.09.20,23.5,452.7,49,Rainy
9457,Nagpur,06/05/2024,30.4,28.2,70,Clear
9458,Nagpur,03-02-2024,15.5,4.8,58,Rainy
9459,Nagpur,2023.11.06,28.1,41.3,52,Foggy
9460,Nagpur,18/09/2024,27.8,0.0,79,Humid
9461,Nagpur,02/03/2024,21.1,0.4,49,Foggy
9462,Nagpur,08/26/2023,25.7,53.7,99,Clear
9463,Nagpur,26/12/2023,15.3,4.9,55,Clear
9464,Nagpur,30/10/2023,29.2,0.0,53,Cloudy
9465,Nagpur,21/09/2024,27.5,114.5,62,Clear
9466,Nagpur,19/04/2023,42.9,5.2,75,Clear
9467,Nagpur,2024-11-04,29.6,39.6,42,Clear
9468,Nagpur,2024-06-06,31.7,1.3,72,Rainy
9469,Nagpur,2024.01.12,13.8,2.7,60,Cloudy
9470,Nagpur,09/10/2024,27.8,16.5,66,Stormy
9471,Nagpur,07/08/2023,29.8,59.9,52,Stormy
9472,Nagpur,2024-08-09,27.6,199.7,47,Clear
9473,Nagpur,11/05/2023,31.6,0.0,62,Clear
9474,Nagpur,2024.10.22,25.1,7.3,48,Rainy
9475,Nagpur,08/07/2024,18.3,53.1,60,Rainy
9476,Nagpur,2024-03-24,53.0,5.9,31,Cloudy
9477,Nagpur,23-04-2024,35.1,3.4,67,Foggy
9478,Nagpur,15-11-2023,31.3,3.2,63,Cloudy
9479,Nagpur,2023-11-26,18.7,0.0,69,Foggy
9480,Nagpur,17/08/2023,27.1,48.5,46,Clear
9481,Nagpur,2023-11-05,19.0,21.4,49,Cloudy
9482,Indore,30/06/2024,25.6,0.0,80,Clear
9483,Indore,2023-07-11,30.5,1.8,44,Foggy
9484,Indore,19-10-2023,33.7,9.9,60,Humid
9485,Indore,2024.02.10,20.9,5.7,41,Clear
9486,Indore,2024-11-17,31.2,55.9,59,Clear
9487,Indore,27-09-2024,24.8,70.9,68,Rainy
9488,Indore,04/25/2024,30.6,19.2,59,Clear
9489,Indore,2024-08-04,29.5,77.6,63,Clear
9490,Indore,2023.09.08,24.8,9.3,68,Clear
9491,Indore,11/02/2023,24.0,14.6,75,Stormy
9492,Indore,2024.07.20,27.5,126.6,44,Humid
9493,Indore,2023.09.17,34.4,55.0,67,Cloudy
9494,Indore,2024.08.10,30.9,0.0,35,Humid
9495,Indore,2023-02-17,17.8,3.1,37,Humid
9496,Indore,11-06-2024,27.7,0.0,51,Clear
9497,Indore,15-12-2023,19.5,3.8,59,Clear
9498,Indore,2024-07-30,35.3,0.0,64,Rainy
9499,Indore,20-06-2023,29.1,171.0,75,Humid
9500,Indore,2024-04-30,40.7,7.7,74,Cloudy
9501,Indore,05/25/2024,30.2,0.0,81,Clear
9502,Indore,10/27/2024,28.2,41.8,69,Foggy
9503,Indore,12/16/2024,19.2,3.5,65,Stormy
9504,Indore,25-12-2024,14.1,4.1,74,Clear
9505,Indore,19-12-2023,15.9,9.4,89,Clear
9506,Indore,2024-03-06,31.0,7.5,78,Humid
9507,Indore,26/06/2023,23.8,107.0,51,Rainy
9508,Indore,06/20/2024,26.4,149.1,68,Rainy
9509,Indore,11/06/2024,22.1,10.7,39,Rainy
9510,Indore,2023.11.04,22.7,10.1,80,Humid
9511,Indore,31/10/2024,21.9,0.0,72,Foggy
9512,Indore,28-10-2023,25.8,0.0,38,Clear
9513,Indore,2023-11-13,26.5,1.7,50,Clear
9514,Indore,10/12/2023,21.8,0.0,49,Humid
9515,Indore,10/14/2023,21.0,66.6,61,Clear
9516,Indore,17-03-2023,38.9,1.6,41,Cloudy
9517,Indore,2024-11-30,29.5,27.7,49,Clear
9518,Indore,22-07-2024,30.4,66.6,65,Cloudy
9519,Indore,15/08/2024,26.6,134.1,43,Rainy
9520,Indore,2023-12-24,17.1,1.9,50,Rainy
9521,Indore,13/05/2024,32.5,0.0,38,Humid
9522,Indore,2023.06.20,29.2,44.1,55,Clear
9523,Indore,09/09/2023,31.2,231.8,49,Clear
9524,Indore,18-11-2024,25.0,16.6,46,Clear
9525,Indore,06-09-2024,27.6,0.0,52,Clear
9526,Indore,10-12-2023,19.2,3.7,57,Clear
9527,Indore,2023-07-16,18.9,0.0,45,Clear
9528,Indore,23/08/2024,30.0,253.1,58,Rainy
9529,Indore,17-12-2023,17.8,3.1,80,Rainy
9530,Indore,2024-06-24,28.7,0.0,81,Clear
9531,Indore,2024.03.14,31.8,5.8,68,Foggy
9532,Indore,09/18/2024,29.0,215.2,54,Humid
9533,Indore,2024-12-11,24.7,6.5,65,Humid
9534,Indore,02-07-2023,25.5,402.1,76,Rainy
9535,Indore,10/07/2024,30.0,42.1,87,Clear
9536,Indore,17-12-2023,8.5,8.7,66,Humid
9537,Indore,30-05-2023,36.3,10.4,43,Clear
9538,Indore,2024.08.06,28.8,5.7,59,Humid
9539,Indore,07/30/2024,26.3,0.0,46,Cloudy
9540,Indore,06-10-2024,25.2,0.0,73,Rainy
9541,Indore,2023-09-23,23.7,102.9,47,Stormy
9542,Indore,2023-12-06,14.7,0.0,45,Humid
9543,Indore,2023.09.12,29.3,175.6,54,Cloudy
9544,Indore,15-06-2024,28.1,40.4,54,Stormy
9545,Indore,2024-02-26,21.2,4.0,66,Clear
9546,Indore,2023-12-31,20.4,3.8,32,Rainy
9547,Indore,2023-03-10,40.8,1.2,85,Clear
9548,Indore,2024.08.30,24.8,0.0,48,Rainy
9549,Indore,02/06/2023,28.9,106.0,54,Clear
9550,Indore,25/08/2024,25.3,62.7,59,Rainy
9551,Indore,02-09-2024,27.7,0.3,71,Clear
9552,Indore,15-04-2024,38.1,13.1,46,Humid
9553,Indore,12/06/2023,28.3,2.2,71,Clear
9554,Indore,05/13/2024,37.4,16.1,79,Clear
9555,Indore,2024-10-16,25.4,0.0,-59,Humid
9556,Indore,12/07/2023,18.8,2.5,52,Rainy
9557,Indore,30/06/2023,25.2,39.0,36,Stormy
9558,Indore,06/17/2023,29.5,17.8,51,Clear
9559,Indore,2023-07-24,20.4,22.4,-62,Cloudy
9560,Indore,08/25/2023,35.3,160.7,71,Foggy
9561,Indore,02-04-2024,35.0,8.6,56,Foggy
9562,Indore,2023.12.20,23.0,0.5,38,Stormy
9563,Indore,2023.01.16,14.9,0.0,76,Rainy
9564,Indore,18/01/2024,12.8,0.0,44,Stormy
9565,Indore,07/11/2024,30.6,0.0,56,Clear
9566,Indore,08-09-2024,25.1,13.3,69,Foggy
9567,Indore,22-05-2024,29.6,0.7,48,Stormy
9568,Indore,2024-12-02,21.0,13.0,61,Humid
9569,Indore,26/10/2023,20.2,13.2,38,Humid
9570,Indore,08/24/2023,21.7,0.7,51,Clear
9571,Indore,23/05/2024,35.9,17.3,63,Clear
9572,Indore,2023-01-01,23.8,0.0,78,Rainy
9573,Indore,12-07-2024,27.7,,70,Stormy
9574,Indore,2023.08.06,26.9,98.8,27,Clear
9575,Indore,2023.06.09,30.5,276.3,78,Cloudy
9576,Indore,27/08/2024,23.3,99.4,82,Clear
9577,Indore,14-04-2023,34.5,15.3,71,Clear
9578,Indore,2024.05.09,34.7,11.2,64,Rainy
9579,Indore,2024.02.16,11.8,9.5,49,Rainy
9580,Indore,2023.03.24,31.2,,72,Humid
9581,Indore,24-07-2024,32.1,312.5,48,Clear
9582,Indore,13/09/2023,35.9,5.6,21,Rainy
9583,Indore,02/20/2023,10.2,6.2,58,Clear
9584,Indore,02/19/2023,20.3,1.1,42,Cloudy
9585,Indore,10/13/2023,30.4,46.6,46,Cloudy
9586,Indore,13/04/2024,30.1,12.0,65,Clear
9587,Indore,2023.07.29,35.7,127.2,56,Clear
9588,Indore,2024-08-01,23.1,0.0,40,Clear
9589,Indore,25-08-2023,36.6,43.0,48,Clear
9590,Indore,2024-12-21,18.9,,63,Clear
9591,Indore,24-07-2023,29.8,265.2,53,Clear
9592,Indore,2023.03.13,36.2,6.7,52,Clear
9593,Indore,24/03/2023,29.8,67.7,63,Clear
9594,Indore,2024-06-16,24.3,332.6,89,Cloudy
9595,Indore,04/18/2023,39.1,13.0,70,Rainy
9596,Indore,05-11-2023,24.3,0.0,51,Foggy
9597,Indore,2023.06.01,30.5,36.0,65,Foggy
9598,Indore,08/03/2024,28.6,5.2,55,Clear
9599,Indore,08/18/2024,31.5,216.7,32,Clear
9600,Indore,04/11/2023,31.0,2.8,60,Clear
9601,Indore,30-08-2024,25.9,0.0,63,Foggy
9602,Indore,30/11/2023,28.3,38.5,76,Clear
9603,,20-04-2023,31.6,2.5,69,Stormy
9604,Indore,2023.04.14,37.9,2.5,59,Stormy
9605,Indore,2023.10.09,24.8,13.7,41,Humid
9606,Indore,06/23/2024,31.1,180.5,57,Humid
9607,Indore,2024-12-03,16.0,0.2,54,Clear
9608,Indore,2024.02.04,18.1,0.0,46,Humid
9609,Indore,2023-02-22,21.2,1.1,61,Humid
9610,Indore,2023.08.20,34.1,0.0,68,Rainy
9611,Indore,03/20/2024,36.8,2.0,83,Clear
9612,Indore,10/18/2023,21.0,115.9,52,Cloudy
9613,Indore,02-02-2023,18.7,10.9,72,Humid
9614,Indore,2024-11-03,25.4,21.4,47,Rainy
9615,Indore,05/02/2023,38.8,7.1,79,Clear
9616,Indore,2023.05.13,28.2,0.0,18,Cloudy
9617,Indore,01/30/2024,17.3,2.8,64,Cloudy
9618,Indore,2024.12.28,15.7,0.0,52,Humid
9619,Indore,2024.12.24,18.9,2.1,38,Clear
9620,Indore,18-11-2023,26.7,10.6,83,Cloudy
9621,Indore,2024.03.30,30.6,0.0,86,Rainy
9622,Indore,12/23/2024,15.6,0.0,80,Foggy
9623,Indore,2024-05-23,34.4,11.4,90,Cloudy
9624,Indore,10/07/2023,24.0,18.7,56,Clear
9625,Indore,2023.09.02,32.7,25.7,70,Clear
9626,Indore,2023-07-07,23.4,11.4,70,Humid
9627,Indore,28/02/2023,12.3,5.9,36,Cloudy
9628,Indore,10/05/2023,32.0,0.0,52,Cloudy
9629,Indore,11/20/2023,30.1,0.0,53,Clear
9630,Indore,2024-11-28,36.0,66.6,80,Humid
9631,Indore,10/12/2023,19.9,4.3,40,Cloudy
9632,Indore,29-11-2024,30.3,0.0,60,Foggy
9633,Indore,2023.06.10,30.4,223.7,56,Stormy
9634,Indore,2023.01.20,18.5,1.8,83,Humid
9635,Indore,2024.01.27,15.5,10.0,70,Humid
9636,Indore,2023-07-14,34.2,158.4,84,Stormy
9637,Indore,16-06-2023,19.9,11.5,52,Clear
9638,Indore,2023-05-18,34.7,13.5,54,Cloudy
9639,Indore,07/01/2023,24.3,170.1,54,Rainy
9640,Indore,2023.12.07,20.3,0.0,78,Humid
9641,Indore,2024.01.13,17.6,2.0,-51,Clear
9642,Indore,2024.03.16,28.6,3.0,57,Rainy
9643,Indore,11/11/2023,30.6,52.3,62,Foggy
9644,Indore,2024.06.02,34.9,45.6,60,Clear
9645,Indore,01-01-2023,13.2,0.3,69,Cloudy
9646,Indore,2024-02-11,12.8,0.0,82,Cloudy
9647,Indore,05/05/2024,31.5,3.9,53,Stormy
9648,Indore,2024.06.16,32.1,53.0,79,Clear
9649,Indore,20/05/2023,31.0,0.2,59,Rainy
9650,Indore,01/03/2024,37.8,10.8,43,Cloudy
9651,Indore,2024.09.27,58.0,0.0,59,Humid
9652,Indore,12/23/2023,14.9,0.0,55,Clear
9653,Indore,11/09/2024,21.7,0.0,48,Cloudy
9654,Indore,2024.11.28,27.6,12.0,60,Rainy
9655,Indore,30-04-2024,36.7,0.0,58,Foggy
9656,Indore,2023-08-27,29.5,0.0,66,Humid
9657,Indore,09-09-2023,32.6,41.5,78,Rainy
9658,Indore,2024-05-31,36.2,18.0,65,Rainy
9659,Indore,03/02/2024,14.4,1.4,-74,Clear
9660,Indore,2023.04.01,32.8,10.0,65,Humid
9661,Indore,2024.04.15,32.3,8.2,57,Clear
9662,Indore,16/12/2024,14.8,0.1,92,Cloudy
9663,Indore,04/12/2023,26.0,5.2,64,Cloudy
9664,Indore,08/15/2023,27.1,0.0,46,Foggy
9665,Indore,2023-01-01,24.8,2.6,-72,Foggy
9666,Indore,2023.12.26,12.2,0.0,63,Clear
9667,Indore,2023.07.11,20.0,0.0,48,Cloudy
9668,Indore,2024-01-16,17.1,1.0,100,Rainy
9669,Indore,2023-04-05,32.5,0.0,51,Humid
9670,Indore,07/08/2024,26.3,0.0,43,Rainy
9671,Indore,05/08/2023,37.0,24.8,50,Clear
9672,Indore,01-11-2023,29.5,0.0,71,Clear
9673,Indore,2024-08-31,32.0,33.4,65,Humid
9674,Indore,2023-01-24,19.5,3.6,42,Cloudy
9675,Indore,14-06-2023,34.4,469.2,48,Foggy
9676,Indore,11-06-2024,32.6,341.9,82,Humid
9677,Indore,2023.04.24,31.8,0.0,38,Cloudy
9678,Indore,07/24/2024,27.3,771.3,67,Clear
9679,Indore,30-07-2023,55.9,212.5,22,Clear
9680,Indore,09/06/2024,27.8,0.0,53,Foggy
9681,Indore,19/11/2023,25.1,0.0,66,Rainy
9682,Indore,24/11/2023,31.2,2.5,64,Clear
9683,Indore,09/10/2023,22.9,88.1,44,Clear
9684,Indore,02/02/2024,17.3,13.5,40,Clear
9685,Indore,2023.06.03,31.9,92.1,46,Clear
9686,Indore,05/12/2023,14.1,19.4,49,Humid
9687,Indore,08/29/2023,26.5,0.0,59,Cloudy
9688,Indore,25/09/2023,20.6,203.5,49,Foggy
9689,Indore,2023.02.17,13.6,5.3,43,Stormy
9690,Indore,2023.11.24,27.9,29.2,56,Foggy
9691,Indore,2024-12-19,15.6,5.4,82,Humid
9692,Indore,02-01-2024,21.7,5.9,82,Rainy
9693,Indore,05/27/2023,31.7,6.7,46,Clear
9694,Indore,14/11/2023,28.9,30.4,-42,Rainy
9695,Indore,03/07/2023,33.0,4.4,36,Humid
9696,Indore,2023-05-14,30.0,0.0,59,Foggy
9697,Indore,12/10/2024,20.3,50.2,60,Clear
9698,Indore,25-12-2024,26.8,0.0,55,Foggy
9699,Indore,05/28/2024,35.2,4.2,56,Clear
9700,Indore,2024.09.28,26.5,144.0,40,Clear
9701,Indore,2023-12-07,21.7,8.3,70,Clear
9702,Indore,2023.01.29,14.6,8.4,-75,Cloudy
9703,Indore,16/08/2023,20.2,72.1,54,Cloudy
9704,Indore,10/23/2024,26.2,1.1,48,Clear
9705,Indore,22/06/2023,27.9,358.0,66,Stormy
9706,Indore,2024-03-22,30.8,0.0,39,Cloudy
9707,Indore,03/12/2024,32.7,16.8,69,Cloudy
9708,Indore,10/04/2024,32.4,29.2,44,Humid
9709,Indore,11/22/2023,19.0,0.0,29,Rainy
9710,Indore,01/09/2023,21.6,5.0,60,Humid
9711,Indore,19/07/2023,28.9,10.9,50,Foggy
9712,Indore,2024-01-13,14.2,0.5,48,Clear
9713,Indore,2023-02-10,19.0,2.7,80,Clear
9714,Indore,31/10/2023,24.5,73.7,75,Cloudy
9715,Indore,23/01/2024,5.0,0.0,48,Clear
9716,Indore,19/07/2023,31.7,0.0,64,Rainy
9717,Indore,2023.08.19,28.9,17.6,56,Clear
9718,Indore,04/29/2023,29.7,1.5,57,Clear
9719,Indore,2024.11.17,25.7,46.7,77,Clear
9720,Indore,2024-07-02,24.1,0.0,49,Rainy
9721,Indore,13-04-2023,32.3,2.1,83,Rainy
9722,Indore,2024-06-08,29.9,0.0,62,Humid
9723,Indore,2023-03-14,30.5,0.0,59,Foggy
9724,Indore,02-09-2023,25.8,93.7,74,Rainy
9725,Indore,2024.07.12,35.1,0.0,61,Rainy
9726,Indore,01/08/2023,19.2,0.0,57,Rainy
9727,Indore,28-09-2024,34.4,301.6,47,Clear
9728,Indore,10/27/2023,20.0,16.5,76,Cloudy
9729,Indore,21-11-2023,33.3,15.1,82,Cloudy
9730,Indore,2023.05.14,32.8,3.5,48,Clear
9731,Indore,10/18/2023,27.6,63.3,77,Clear
9732,Indore,18/10/2023,23.7,2.6,71,Clear
9733,Indore,2023.04.21,32.5,1.3,52,Foggy
9734,Indore,2024-02-09,13.7,1.7,52,Clear
9735,Indore,2023-11-07,26.4,98.2,73,Rainy
9736,Indore,06/18/2024,32.6,325.8,62,Clear
9737,Indore,05/07/2024,38.1,6.6,64,Rainy
9738,Indore,03/10/2024,27.5,78.5,58,Stormy
9739,Indore,2024.05.16,29.7,0.0,71,Clear
9740,Indore,2024.06.17,21.8,18.9,60,Clear
9741,Indore,07/14/2024,33.9,0.0,69,Clear
9742,Indore,07/01/2024,30.6,10.9,69,Cloudy
9743,Indore,09/26/2023,28.4,35.4,28,Clear
9744,Indore,05/07/2023,29.2,104.9,59,Cloudy
9745,Indore,2024.07.08,35.0,192.2,69,Humid
9746,Indore,24/06/2024,24.2,0.0,60,Clear
9747,Indore,01/22/2024,25.4,1.3,50,Clear
9748,Indore,2023.06.22,30.8,20.2,67,Humid
9749,Indore,11/09/2023,27.4,32.6,88,Foggy
9750,Indore,11-07-2024,24.5,93.8,55,Humid
9751,Indore,2024-04-30,31.9,2.5,46,Humid
9752,Indore,2023-12-28,19.2,0.0,83,Clear
9753,Indore,2024-12-31,12.6,0.0,87,Clear
9754,Indore,26-04-2023,32.5,0.0,64,Cloudy
9755,Indore,2023-03-24,41.5,0.0,46,Clear
9756,Indore,2024.06.28,29.6,410.5,72,Clear
9757,Indore,18/08/2023,24.0,53.0,46,Cloudy
9758,Indore,2023.10.25,31.5,51.7,50,Clear
9759,Indore,07/05/2023,26.2,163.2,55,Clear
9760,Indore,09/12/2024,17.8,4.2,66,Rainy
9761,Indore,14-09-2024,21.8,199.3,60,Rainy
9762,Indore,2024.10.06,28.4,0.0,37,Rainy
9763,Indore,09/19/2024,37.4,157.9,47,Clear
9764,Indore,2023.06.25,29.4,152.5,73,Humid
9765,Indore,2023.03.10,33.6,0.0,68,Clear
9766,Indore,2023.09.30,26.8,0.0,51,Rainy
9767,Indore,2023.07.04,23.4,0.0,69,Clear
9768,Indore,2024.07.24,26.3,30.1,58,Clear
9769,Indore,2024-01-12,21.7,0.1,67,Cloudy
9770,Indore,25-11-2023,24.6,42.2,41,Foggy
9771,Indore,16-06-2024,24.1,146.4,55,Clear
9772,Indore,05/25/2023,30.9,4.5,52,Clear
9773,Indore,2024-09-18,28.9,60.8,47,Clear
9774,Indore,22-02-2024,21.0,0.0,52,Clear
9775,Indore,2023.04.21,40.5,0.0,37,Cloudy
9776,Indore,10/22/2024,26.6,10.0,39,Humid
9777,Indore,14/07/2023,27.2,,53,Foggy
9778,Indore,2024.11.29,23.7,0.0,40,Humid
9779,Indore,2023.12.26,22.7,0.0,60,Rainy
9780,Indore,17-08-2023,29.5,34.9,85,Rainy
9781,Indore,2023.08.17,19.8,0.0,69,Rainy
9782,Indore,05-07-2023,59.4,46.6,34,Cloudy
9783,Indore,07-05-2023,24.8,0.3,43,Rainy
9784,Indore,12/03/2024,32.0,5.7,57,Humid
9785,Indore,2023.04.15,26.5,,51,Clear
9786,Indore,2024.10.16,22.9,0.0,71,Clear
9787,Indore,01/03/2023,33.5,0.4,62,Clear
9788,Indore,2024.07.17,20.9,258.9,55,Cloudy
9789,Indore,2024.12.03,12.9,6.7,74,Clear
9790,Indore,04/05/2024,27.4,5.3,60,Cloudy
9791,Indore,2023-11-05,25.0,23.4,77,Cloudy
9792,Indore,2023.08.10,38.6,39.0,70,Clear
9793,Indore,04/08/2024,30.1,18.4,43,Clear
9794,Indore,2023-11-07,21.7,0.5,66,Cloudy
9795,Indore,2024-05-30,30.7,37.0,31,Foggy
9796,Indore,13/09/2023,27.3,590.9,78,Cloudy
9797,Indore,2024-06-25,27.5,0.0,61,Clear
9798,Indore,18-09-2023,34.0,63.3,40,Clear
9799,Indore,07/17/2024,21.3,232.6,58,Stormy
9800,Indore,02/09/2023,31.8,127.1,56,Rainy
9801,Indore,2024.05.23,30.5,1.2,67,Rainy
9802,Indore,24-05-2023,30.1,3.2,75,Stormy
9803,Indore,21-03-2024,26.6,5.4,32,Cloudy
9804,Indore,2024.10.15,27.5,26.5,37,Clear
9805,Indore,2023.02.27,17.3,1.2,48,Cloudy
9806,Indore,2023-03-15,34.5,0.0,48,Rainy
9807,Indore,10/06/2024,29.6,0.0,59,Humid
9808,Indore,13-02-2024,23.5,0.9,51,Clear
9809,Indore,30-01-2024,11.7,0.6,87,Cloudy
9810,Indore,2024.09.12,21.5,0.0,51,Rainy
9811,Indore,07/08/2024,26.4,669.6,50,Foggy
9812,Indore,12/31/2023,12.9,3.3,63,Clear
9813,Indore,03-01-2023,10.3,0.0,73,Humid
9814,Indore,27/11/2024,25.5,46.0,28,Humid
9815,Indore,03-12-2023,26.8,2.6,51,Clear
9816,Indore,31-08-2024,31.4,0.0,66,Clear
9817,Indore,06/05/2024,25.5,0.0,66,Foggy
9818,Indore,12/08/2024,17.2,1.2,46,Cloudy
9819,Indore,2023.11.08,22.3,0.0,76,Clear
9820,Indore,06/30/2023,25.0,147.8,62,Rainy
9821,Indore,18/10/2023,24.0,3.3,69,Cloudy
9822,Indore,11-07-2023,21.9,374.4,64,Cloudy
9823,Indore,03-05-2024,37.0,0.0,66,Clear
9824,Indore,2023.08.01,26.9,7.5,52,Rainy
9825,Indore,2023-02-24,17.1,2.0,68,Clear
9826,Indore,2023-09-29,26.0,71.2,35,Foggy
9827,Indore,2023-09-30,25.0,15.7,67,Rainy
9828,Indore,2023.06.01,24.3,25.0,60,Stormy
9829,Indore,09-02-2023,18.5,5.1,91,Humid
9830,Indore,2024-07-14,27.3,0.0,59,Cloudy
9831,Indore,2023.12.18,13.8,1.5,58,Clear
9832,Indore,2023-02-21,18.0,0.0,49,Rainy
9833,Indore,04-09-2023,26.6,33.2,67,Foggy
9834,Indore,2023.10.02,27.0,25.5,60,Humid
9835,Indore,02/12/2024,18.5,0.0,78,Rainy
9836,Indore,2024.10.01,33.3,38.8,55,Humid
9837,Indore,03-01-2023,17.1,0.6,47,Foggy
9838,Indore,2023-02-17,17.0,15.3,57,Humid
9839,Indore,2024-05-27,38.8,0.0,65,Foggy
9840,Indore,2023-03-10,34.5,2.2,46,Cloudy
9841,Indore,05/24/2023,36.0,0.0,56,Clear
9842,Indore,29/03/2023,31.1,6.1,58,Humid
9843,Indore,11/11/2024,26.9,131.0,51,Humid
9844,Indore,2024-06-24,29.3,0.0,72,Rainy
9845,Indore,2023.09.28,37.7,110.5,50,Rainy
9846,Indore,01-12-2023,11.6,3.0,58,Cloudy
9847,Indore,08/12/2023,14.9,8.1,58,Humid
9848,Indore,2024.09.28,27.8,398.8,74,Cloudy
9849,Indore,2024-05-09,27.5,13.4,72,Clear
9850,Indore,23-06-2024,28.3,0.0,58,Rainy
9851,Indore,2023.07.09,33.3,31.6,56,Foggy
9852,Indore,11/15/2024,25.7,0.0,56,Clear
9853,Indore,12/04/2023,20.2,0.0,56,Cloudy
9854,Indore,2023.05.19,30.5,12.3,74,Humid
9855,Indore,03/18/2023,23.7,0.0,40,Stormy
9856,Indore,2023-11-05,30.1,21.1,66,Clear
9857,Indore,03/13/2023,31.1,20.4,69,Cloudy
9858,Indore,19-05-2024,34.0,39.9,37,Foggy
9859,Indore,2023.07.01,33.0,309.8,76,Humid
9860,Indore,21/09/2024,25.8,32.0,24,Humid
9861,Indore,17-12-2024,19.4,0.0,52,Rainy
9862,Indore,05/01/2023,34.7,0.0,59,Foggy
9863,Indore,11/24/2023,30.7,40.9,34,Clear
9864,Indore,11/26/2024,26.0,35.3,39,Cloudy
9865,Indore,07/28/2024,28.4,20.8,82,Clear
9866,Indore,08-03-2023,23.6,8.4,60,Stormy
9867,Indore,2023-01-15,21.6,3.4,74,Foggy
9868,Indore,22-01-2024,8.8,1.0,49,Clear
9869,Indore,2023.03.24,53.0,0.5,72,Rainy
9870,Indore,2023-05-12,36.8,9.6,72,Clear
9871,Indore,2024.08.26,28.3,15.4,40,Rainy
9872,Indore,17/09/2023,28.8,83.5,81,Cloudy
9873,Indore,17-07-2023,50.9,104.1,50,Clear
9874,Indore,19/10/2024,31.3,31.4,54,Humid
9875,Indore,2024.01.01,25.0,2.5,60,Clear
9876,Indore,01/11/2023,26.6,29.0,66,Clear
9877,Indore,30-07-2024,23.7,0.0,41,Clear
9878,Indore,2024.08.23,33.6,150.7,72,Clear
9879,Indore,17-10-2024,23.7,24.6,82,Cloudy
9880,Indore,05/31/2023,31.0,6.4,67,Clear
9881,Indore,01/22/2024,20.7,7.8,62,Clear
9882,Indore,2024.05.06,27.3,0.5,90,Rainy
9883,Indore,2023.09.21,23.8,8.4,73,Foggy
9884,Indore,09/26/2023,28.4,0.0,47,Humid
9885,Indore,2024.09.28,22.8,92.7,54,Clear
9886,Indore,20-08-2024,29.0,11.8,56,Clear
9887,Indore,20/01/2024,21.8,2.5,41,Rainy
9888,Indore,2024-04-16,25.6,4.5,74,Humid
9889,Indore,2024.11.27,25.5,0.0,97,Clear
9890,Indore,17/10/2023,26.3,11.6,61,Clear
9891,Indore,10/14/2024,22.8,0.0,88,Humid
9892,Indore,29-01-2024,16.1,0.0,39,Humid
9893,Indore,11/09/2024,24.6,65.2,78,Foggy
9894,Indore,2023-05-20,33.9,0.0,29,Foggy
9895,Indore,18/06/2024,32.9,0.0,31,Clear
9896,Indore,01-05-2023,31.8,0.0,38,Cloudy
9897,Indore,2023-09-08,29.1,0.0,30,Humid
9898,Indore,01/01/2024,21.3,2.0,63,Foggy
9899,Indore,03/18/2024,27.3,0.6,53,Cloudy
9900,Indore,2024-01-07,14.7,0.0,40,Foggy
9901,Indore,10/15/2024,19.0,74.8,65,Clear
9902,Indore,20-01-2024,12.6,0.4,59,Stormy
9903,Indore,2023-03-05,38.9,0.0,80,Clear
9904,Indore,29/07/2023,25.8,0.0,79,Clear
9905,Indore,09/02/2023,21.7,14.4,68,Clear
9906,Indore,27/04/2024,34.6,2.6,74,Clear
9907,Indore,02-03-2023,37.7,1.4,44,Clear
9908,Indore,11/03/2024,25.1,50.9,71,Clear
9909,Indore,2024-01-04,15.0,18.4,67,Rainy
9910,Indore,2024-06-21,20.2,146.3,47,Humid
9911,Indore,21/05/2023,34.0,7.2,64,Clear
9912,Indore,10-03-2023,33.9,28.4,66,Clear
9913,Indore,21/04/2023,39.1,0.0,39,Clear
9914,Indore,23/06/2024,33.8,274.2,80,Cloudy
9915,Indore,27-10-2023,22.9,71.2,44,Rainy
9916,Indore,2024-06-16,28.0,143.4,49,Clear
9917,Indore,12-06-2023,28.5,499.5,68,Rainy
9918,Indore,20/12/2024,8.3,10.8,45,Clear
9919,Indore,2024.05.27,33.1,0.0,55,Clear
9920,Indore,03-10-2024,28.7,39.9,52,Cloudy
9921,Indore,2024.10.13,35.0,46.5,57,Humid
9922,Indore,30-06-2023,28.3,66.7,63,Rainy
9923,Indore,14-02-2024,21.4,5.5,63,Foggy
9924,Indore,11/05/2023,24.0,3.5,47,Rainy
9925,Indore,2024-08-19,29.9,52.4,81,Clear
9926,Indore,2024.05.12,36.4,6.8,73,Cloudy
9927,Indore,2023-05-07,30.1,0.0,73,Cloudy
9928,Indore,09/15/2023,29.0,188.5,70,Rainy
9929,Indore,2023-02-10,16.1,20.4,52,Humid
9930,Indore,09/20/2023,30.1,56.5,62,Rainy
9931,Indore,02-07-2023,31.5,0.0,81,Stormy
9932,Indore,19-10-2024,22.3,0.2,57,Humid
9933,Indore,04/28/2023,53.3,0.3,54,Clear
9934,Indore,2023.12.30,15.4,7.2,74,Clear
9935,Indore,12-07-2024,32.3,0.0,43,Rainy
9936,Indore,10/16/2023,22.8,0.0,74,Clear
9937,Indore,2024-06-12,53.3,106.8,46,Clear
9938,Indore,02-02-2024,17.3,7.1,71,Clear
9939,Indore,2023.02.26,27.3,0.8,78,Clear
9940,Indore,15-02-2024,15.9,0.8,34,Clear
9941,Indore,07/30/2023,26.3,0.0,66,Rainy
9942,Indore,2023-07-09,18.5,98.6,66,Humid
9943,Indore,2024.06.23,19.6,284.1,74,Cloudy
9944,Indore,01/04/2023,15.1,0.0,47,Humid
9945,Indore,05/05/2023,37.7,1.7,-56,Cloudy
9946,Indore,29-04-2023,28.5,0.7,73,Rainy
9947,Indore,2023.04.30,32.8,6.9,41,Cloudy
9948,Indore,2024-05-12,40.4,0.0,57,Cloudy
9949,Indore,2024.12.07,22.7,4.2,38,Humid
9950,Indore,2024-09-21,24.2,312.7,50,Humid
9951,Indore,04/23/2023,31.2,0.0,17,Clear
9952,Indore,26/06/2024,30.8,58.9,64,Clear
9953,Indore,2024.09.24,30.1,71.4,46,Humid
9954,Indore,10-07-2024,29.0,0.0,53,Cloudy
9955,Indore,2023-02-25,19.1,0.0,40,Humid
9956,,2024-01-22,23.2,0.0,46,Clear
9957,Indore,06/22/2024,24.6,311.5,57,Humid
9958,,01/30/2024,8.1,0.9,69,Clear
9959,Indore,25/02/2023,56.2,1.3,51,Clear
9960,Indore,27/09/2024,25.2,0.0,51,Rainy
9961,Indore,09/04/2023,32.7,164.8,63,Humid
9962,Indore,28/05/2023,32.5,0.2,71,Humid
9963,Indore,2024-11-22,15.3,42.5,35,Rainy
9964,Indore,04/21/2023,41.0,6.7,64,Clear
9965,Indore,2024.03.06,33.7,13.5,35,Cloudy
9966,Indore,20-11-2024,27.2,7.3,46,Clear
9967,Indore,11/22/2024,23.2,9.3,50,Cloudy
9968,Indore,30/05/2023,25.9,0.0,89,Humid
9969,Indore,12/13/2024,18.5,1.3,34,Cloudy
9970,Indore,09/18/2024,23.4,136.4,38,Clear
9971,Indore,18-07-2023,27.4,7.6,97,Rainy
9972,Indore,2023.04.01,34.4,3.6,76,Foggy
9973,Indore,2023-02-22,16.7,0.4,58,Cloudy
9974,Indore,2023-02-26,18.5,12.3,42,Cloudy
9975,Indore,2024.10.10,26.0,0.0,54,Humid
9976,Indore,2024-10-14,22.9,17.1,63,Humid
9977,Indore,21-01-2024,10.0,3.3,91,Clear
9978,Indore,2024.01.12,16.4,0.0,56,Clear
9979,Indore,26-10-2024,31.5,0.0,77,Clear
9980,Indore,01/04/2023,33.3,0.0,76,Humid
9981,Indore,2024.02.03,15.1,6.0,88,Cloudy
9982,Indore,2024.09.23,30.9,8.3,57,Rainy
9983,Indore,30-01-2023,22.1,0.3,29,Clear
9984,Indore,2023.04.22,32.9,0.0,60,Clear
9985,Indore,06/28/2024,29.9,0.0,62,Foggy
9986,Indore,10/05/2023,32.8,0.0,59,Clear
9987,Indore,20-08-2024,24.5,88.3,61,Rainy
9988,Indore,2024.10.11,26.0,122.7,72,Clear
9989,Indore,06/21/2023,30.3,181.9,58,Rainy
9990,Indore,10/19/2024,26.9,0.0,49,Foggy
9991,Indore,2024-06-04,30.1,231.6,66,Clear
9992,Indore,2023-02-16,19.6,7.0,84,Humid
9993,Indore,2023.06.14,25.6,0.0,67,Rainy
9994,Indore,08/26/2024,30.1,224.2,67,Clear
9995,Indore,30-06-2023,32.8,124.2,39,Stormy
9996,Indore,08/08/2024,32.3,,51,Cloudy
9997,Indore,12/09/2023,26.2,387.7,72,Clear
9998,Indore,2023.03.29,34.9,4.7,68,Cloudy
9999,Indore,2023.12.10,18.5,4.0,65,Rainy
10000,Indore,03-09-2023,26.5,0.0,36,Clear
10001,Indore,2024-12-09,18.0,0.0,48,Humid
10002,Indore,27/05/2023,32.7,1.4,78,Rainy
10003,Indore,2024.03.09,32.5,0.0,68,Humid
10004,Indore,2023-08-26,24.4,64.5,45,Humid
10005,Indore,30/01/2023,53.3,7.3,72,Clear
10006,Indore,11/09/2024,20.5,9.4,66,Clear
10007,Indore,06/09/2023,28.6,0.0,55,Clear
10008,Indore,2024-08-19,30.6,22.6,35,Clear
10009,Indore,2023.02.03,24.3,0.0,57,Clear
10010,Indore,2023-07-15,25.7,0.0,95,Foggy
10011,Indore,2024.07.03,28.1,48.9,63,Foggy
10012,Indore,05/02/2023,14.4,3.7,52,Rainy
10013,Indore,2024.03.17,29.3,0.0,80,Clear
10014,Indore,2023-02-28,23.1,4.7,52,Clear
10015,Indore,2024-09-15,31.4,84.1,62,Rainy
10016,Indore,07-05-2023,39.7,0.0,68,Rainy
10017,Indore,2023-08-04,29.5,241.0,28,Cloudy
10018,Indore,31-03-2024,27.8,0.0,43,Clear
10019,Indore,2024.10.31,27.4,0.0,56,Clear
10020,Indore,06/09/2024,28.2,15.5,55,Clear
10021,Indore,08/07/2023,30.9,0.0,59,Clear
10022,Indore,2024-05-24,29.6,1.7,70,Stormy
10023,Indore,03/10/2023,34.3,1.1,85,Foggy
10024,Indore,2024.05.17,34.6,0.0,52,Clear
10025,Indore,28-08-2024,34.0,266.1,76,Clear
10026,Indore,06/28/2024,29.7,286.3,55,Cloudy
10027,Indore,06/19/2023,31.3,0.0,63,Clear
10028,Indore,03/03/2023,33.1,2.1,59,Clear
10029,Indore,2023-10-28,21.6,0.0,64,Cloudy
10030,Indore,08-07-2024,29.1,83.1,48,Clear
10031,Indore,2024.07.22,30.6,37.6,100,Clear
10032,Indore,11/03/2023,33.2,3.5,74,Clear
10033,Indore,01-09-2023,31.6,182.4,61,Foggy
10034,Indore,2024-01-14,21.1,1.7,40,Clear
10035,Indore,12/02/2024,12.4,4.7,55,Clear
10036,Indore,01/11/2024,14.3,2.5,65,Cloudy
10037,Indore,15-07-2024,30.4,92.5,36,Rainy
10038,Indore,04/11/2024,35.3,18.4,53,Clear
10039,Indore,03/08/2023,36.9,10.3,32,Clear
10040,Indore,05/28/2024,36.8,0.2,84,Cloudy
10041,Indore,05-10-2023,23.6,10.5,48,Cloudy
10042,Indore,22-03-2024,34.1,9.2,47,Clear
10043,Indore,2023.04.30,32.4,0.0,67,Stormy
10044,Indore,07/09/2023,30.3,181.3,25,Humid
10045,Indore,12/08/2024,16.4,1.1,28,Clear
10046,Indore,28-02-2024,19.3,6.9,52,Cloudy
10047,Indore,2023-03-11,37.5,3.1,59,Humid
10048,Indore,06/07/2023,28.2,0.0,66,Clear
10049,Indore,17/12/2023,21.9,,60,Cloudy
10050,Indore,15-04-2024,22.8,4.2,43,Humid
10051,Indore,06/01/2023,30.2,86.2,24,Stormy
10052,Indore,04/03/2024,28.7,6.1,52,Foggy
10053,Indore,03/15/2024,39.8,1.2,76,Foggy
10054,Indore,08-12-2024,23.0,0.0,67,Clear
10055,Indore,2024-04-18,29.1,16.8,54,Clear
10056,Indore,12-08-2023,31.2,0.0,60,Rainy
10057,Indore,01/03/2024,11.8,0.0,36,Foggy
10058,Indore,05/15/2024,33.1,0.9,64,Cloudy
10059,Indore,2023.09.14,27.3,36.0,44,Rainy
10060,Indore,08/25/2023,19.8,0.0,45,Rainy
10061,Indore,07/24/2024,30.1,0.0,54,Cloudy
10062,Indore,2024.07.10,24.6,66.8,63,Clear
10063,Indore,05-08-2023,32.5,423.9,31,Clear
10064,Indore,03-12-2024,22.0,1.1,78,Clear
10065,Indore,08/10/2024,26.0,3.3,62,Humid
10066,Indore,04-08-2024,31.3,0.0,57,Clear
10067,Indore,01/24/2024,15.4,1.2,63,Clear
10068,Indore,21/09/2024,29.4,32.4,72,Clear
10069,Indore,2024.05.11,38.3,43.6,82,Stormy
10070,Indore,02/10/2024,20.3,0.0,42,Stormy
10071,Indore,23-07-2023,29.9,95.2,53,Clear
10072,Indore,2023.10.16,24.1,0.0,73,Rainy
10073,Indore,23-08-2024,27.0,0.0,34,Humid
10074,Indore,24/02/2024,19.6,5.8,78,Rainy
10075,Indore,03/07/2023,28.1,12.0,55,Clear
10076,Indore,2024.05.14,29.0,3.2,67,Cloudy
10077,Indore,2024.02.07,16.9,0.7,68,Clear
10078,Indore,22-06-2023,26.9,0.0,56,Clear
10079,Indore,28/10/2024,31.7,3.2,72,Clear
10080,Indore,2024.10.31,23.1,0.0,53,Clear
10081,Indore,2024-11-10,31.9,31.4,28,Humid
10082,Indore,2023.12.28,23.4,14.2,63,Clear
10083,Indore,05-05-2023,30.7,0.0,59,Clear
10084,Indore,09/01/2023,27.5,231.4,76,Humid
10085,Indore,15/09/2024,25.6,42.9,70,Rainy
10086,Indore,2024.10.17,28.8,38.0,53,Clear
10087,Indore,02/08/2023,29.9,241.8,24,Foggy
10088,Indore,24/02/2023,19.7,3.8,57,Stormy
10089,Indore,06/11/2023,29.6,44.2,69,Humid
10090,Indore,03/01/2024,32.6,10.4,63,Cloudy
10091,Indore,07-04-2023,38.6,7.2,46,Clear
10092,Indore,2024-06-08,28.1,72.3,60,Rainy
10093,Indore,08-10-2023,21.8,0.0,38,Clear
10094,Indore,15/04/2024,33.6,0.0,58,Humid
10095,Indore,04/08/2023,24.0,0.0,40,Stormy
10096,Indore,2023-04-24,31.1,0.2,72,Clear
10097,Indore,24-08-2024,30.0,48.6,67,Clear
10098,Indore,09/30/2023,26.0,314.9,62,Humid
10099,Indore,23/11/2023,26.0,46.9,45,Foggy
10100,Indore,2024.05.30,31.1,0.0,49,Cloudy
10101,Indore,30-03-2023,31.5,17.3,72,Cloudy
10102,Indore,11-01-2024,17.9,0.5,85,Clear
10103,Indore,2023-02-04,21.2,0.0,77,Clear
10104,Indore,06/13/2024,26.0,75.3,68,Foggy
10105,Indore,2024-04-16,35.6,4.3,52,Clear
10106,Indore,11/26/2024,20.2,13.1,70,Foggy
10107,Indore,2024.01.02,23.2,1.4,55,Cloudy
10108,Indore,05/06/2024,30.1,144.7,58,Clear
10109,Indore,2023.02.26,21.7,13.6,80,Clear
10110,Indore,2024.02.23,15.4,0.0,16,Rainy
10111,Indore,2023.12.31,18.2,16.4,67,Clear
10112,Indore,2024.01.22,16.2,9.0,68,Foggy
10113,Indore,2024-11-25,17.2,,52,Humid
10114,Indore,01/19/2024,15.9,3.8,100,Foggy
10115,Indore,2023.04.30,33.9,19.4,38,Clear
10116,Indore,16/02/2024,12.8,2.4,64,Cloudy
10117,Indore,26/11/2023,24.1,0.0,56,Foggy
10118,Indore,2024-03-03,31.1,44.2,75,Clear
10119,Indore,31-08-2023,24.3,116.9,82,Rainy
10120,Indore,04/21/2024,37.1,41.4,72,Foggy
10121,Indore,04-05-2023,31.8,0.0,45,Clear
10122,Indore,07/24/2024,26.1,68.2,66,Rainy
10123,Indore,07/26/2023,31.1,194.3,66,Foggy
10124,Indore,2023-12-27,16.3,4.6,54,Clear
10125,Indore,2023.03.05,33.8,1.5,67,Clear
10126,Indore,2023.09.22,27.0,42.3,49,Rainy
10127,Indore,2023.04.09,31.6,1.6,48,Humid
10128,Indore,2023-12-16,14.3,0.0,53,Rainy
10129,Indore,2024.03.29,25.9,0.5,79,Foggy
10130,Indore,2024.12.06,20.4,6.2,66,Cloudy
10131,Indore,25-04-2023,36.0,0.0,53,Foggy
10132,Indore,04-09-2024,31.8,0.0,68,Rainy
10133,Indore,13/02/2023,25.0,1.2,71,Rainy
10134,Indore,02/20/2024,20.1,1.9,32,Cloudy
10135,Indore,2024.03.09,29.7,8.6,73,Cloudy
10136,Indore,2024.04.01,32.5,0.0,19,Clear
10137,Indore,2023-11-04,28.4,0.0,46,Foggy
10138,Indore,2023.05.15,38.5,2.2,34,Clear
10139,,06/12/2023,57.8,3.6,40,Stormy
10140,Indore,06/12/2023,15.7,1.3,38,Humid
10141,Indore,18-01-2023,18.8,8.6,64,Humid
10142,Indore,2024.04.10,35.3,6.4,91,Humid
10143,Indore,2024.11.21,24.1,48.1,63,Rainy
10144,Indore,04/07/2024,27.7,331.2,75,Clear
10145,Indore,11-05-2024,37.6,7.9,34,Clear
10146,Indore,13/06/2024,28.1,0.0,51,Cloudy
10147,Indore,31/08/2023,30.7,27.6,46,Clear
10148,Indore,08/19/2023,25.3,568.6,47,Rainy
10149,Indore,01/12/2023,25.3,1.2,70,Clear
10150,Indore,04/08/2023,25.4,10.3,91,Humid
10151,Indore,09/06/2023,27.3,585.3,69,Humid
10152,Indore,2024-08-09,28.4,63.4,56,Rainy
10153,Indore,09/10/2024,25.6,89.6,80,Cloudy
10154,Indore,2024.02.15,18.6,0.3,49,Cloudy
10155,Indore,10/20/2023,29.2,0.0,52,Clear
10156,Indore,04/27/2023,32.0,5.8,59,Clear
10157,Indore,03/03/2024,24.7,5.3,42,Clear
10158,Indore,2024.05.03,34.3,2.1,67,Clear
10159,Indore,06/03/2023,24.0,0.0,58,Rainy
10160,Indore,07/16/2023,31.8,0.0,81,Cloudy
10161,Indore,06/10/2023,33.1,28.6,55,Clear
10162,Indore,31-03-2023,35.2,7.5,38,Cloudy
10163,Indore,2024-01-08,19.5,0.0,72,Clear
10164,Indore,2023-11-18,26.7,60.5,36,Clear
10165,Indore,2024-12-07,13.0,1.5,72,Humid
10166,Indore,2023-04-20,35.9,45.2,28,Humid
10167,Indore,22/02/2024,19.0,0.0,55,Cloudy
10168,Indore,11/07/2023,22.2,0.0,63,Cloudy
10169,Indore,01-11-2024,23.5,4.6,86,Rainy
10170,Indore,2023-12-05,19.1,1.7,61,Foggy
10171,Indore,30/09/2024,33.1,29.1,60,Rainy
10172,Indore,2024-12-27,19.2,16.3,67,Cloudy
10173,Indore,2024-09-16,23.4,99.4,77,Cloudy
10174,Indore,12-05-2023,33.7,10.8,43,Clear
10175,Indore,08/13/2024,26.6,0.0,60,Humid
10176,Indore,2023.12.20,20.3,0.0,64,Foggy
10177,Indore,10-03-2023,32.4,,64,Cloudy
10178,Indore,2024-12-25,14.4,0.0,70,Rainy
10179,Indore,14-08-2023,37.3,112.8,43,Clear
10180,Indore,13/12/2023,20.7,0.0,44,Clear
10181,Indore,2023.01.23,20.3,2.1,49,Humid
10182,Indore,12/23/2023,18.9,0.2,59,Rainy
10183,Indore,2023.08.21,21.1,74.0,67,Rainy
10184,Indore,19-07-2023,28.4,166.1,35,Rainy
10185,Indore,21/12/2023,18.1,0.0,59,Foggy
10186,Indore,27/11/2023,31.4,5.0,69,Humid
10187,Indore,01/29/2024,22.1,0.6,68,Humid
10188,Indore,04/09/2023,27.0,16.3,61,Clear
10189,Indore,10/04/2024,28.0,0.0,47,Clear
10190,Indore,25-09-2024,30.3,131.0,56,Cloudy
10191,Indore,24/05/2023,32.5,1.9,47,Humid
10192,Indore,19-07-2023,27.7,0.0,64,Clear
10193,Indore,2024-10-08,22.7,4.2,46,Humid
10194,Indore,2023-11-08,24.6,0.0,67,Foggy
10195,Indore,02/03/2023,36.7,2.3,66,Cloudy
10196,Indore,09/08/2024,25.5,6.7,70,Rainy
10197,Indore,2024-07-15,29.0,97.8,45,Stormy
10198,Indore,19/01/2024,17.5,0.0,52,Humid
10199,Indore,14-04-2023,29.6,3.9,65,Clear
10200,Indore,13-06-2024,23.4,24.2,75,Rainy
10201,Indore,09-04-2024,30.3,7.0,54,Clear
10202,Indore,2024.09.17,36.8,678.7,61,Clear
10203,Indore,09/08/2024,29.0,0.0,77,Clear
10204,Indore,02/15/2024,17.0,2.3,56,Humid
10205,Indore,30/09/2024,32.1,71.0,17,Cloudy
10206,Indore,08-02-2024,19.1,0.0,53,Cloudy
10207,Indore,2024-02-21,58.3,1.3,84,Cloudy
10208,Indore,17-01-2023,20.8,0.0,57,Cloudy
10209,Indore,2023.01.05,21.4,1.0,53,Clear
10210,Indore,2023.04.28,40.4,17.7,55,Foggy
10211,Indore,22/07/2023,28.2,26.5,84,Rainy
10212,Indore,23-12-2023,16.0,0.8,85,Cloudy
10213,Indore,18/11/2023,24.8,19.9,44,Cloudy
10214,Indore,16-06-2024,20.0,126.9,41,Rainy
10215,Indore,07/02/2024,19.9,287.2,74,Clear
10216,Indore,2023.03.22,30.7,0.9,67,Stormy
10217,Indore,05/06/2024,31.7,4.2,64,Humid
10218,Indore,2023-06-25,26.8,22.2,40,Humid
10219,Indore,22-02-2023,18.0,3.4,53,Clear
10220,Indore,2023-11-07,19.2,,42,Clear
10221,Indore,10-11-2024,32.8,109.5,31,Humid
10222,Indore,11/24/2024,19.3,21.5,50,Clear
10223,Indore,01-07-2023,28.5,70.7,53,Clear
10224,Indore,2024-05-14,28.6,17.3,49,Foggy
10225,Indore,2024-08-20,21.5,25.7,56,Clear
10226,Indore,05/15/2023,31.1,3.0,38,Clear
10227,Indore,14-01-2023,15.4,6.7,63,Clear
10228,Indore,2024.07.06,28.7,0.0,95,Rainy
10229,Indore,11-09-2023,25.1,81.7,76,Rainy
10230,Indore,2023.06.27,27.8,71.5,48,Foggy
10231,Indore,2023-06-27,26.7,616.0,99,Clear
10232,Indore,10/11/2024,24.7,49.3,41,Cloudy
10233,Indore,07/24/2023,31.1,104.0,46,Rainy
10234,Indore,18-05-2023,33.8,10.1,73,Cloudy
10235,Indore,2024.03.28,28.0,0.0,92,Clear
10236,Indore,2024-04-12,32.0,18.4,50,Cloudy
10237,Indore,2024.10.23,23.4,0.0,78,Cloudy
10238,Indore,10/01/2023,26.6,0.0,47,Cloudy
10239,Indore,05/29/2024,28.4,0.0,53,Rainy
10240,Bhopal,14-05-2023,39.2,5.4,54,Clear
10241,Bhopal,2024.01.04,12.9,0.0,52,Humid
10242,Bhopal,2024-12-30,18.0,0.0,61,Cloudy
10243,Bhopal,2024-02-03,14.2,0.9,59,Foggy
10244,Bhopal,2024.04.08,29.6,20.4,81,Cloudy
10245,Bhopal,15/03/2023,33.0,22.6,59,Clear
10246,Bhopal,17/01/2023,16.5,2.3,55,Foggy
10247,Bhopal,2023-02-04,24.7,2.6,56,Cloudy
10248,Bhopal,15/05/2023,33.6,14.1,46,Cloudy
10249,Bhopal,02/02/2023,17.3,4.5,54,Clear
10250,Bhopal,10/09/2023,25.5,0.0,55,Rainy
10251,Bhopal,2023.11.30,24.7,0.0,65,Cloudy
10252,Bhopal,2023-08-05,29.5,239.5,67,Foggy
10253,Bhopal,2024-02-12,20.5,0.0,44,Rainy
10254,Bhopal,2023-06-13,23.4,255.9,15,Rainy
10255,Bhopal,05/01/2024,28.4,3.8,64,Stormy
10256,Bhopal,23/04/2024,29.9,0.0,57,Foggy
10257,Bhopal,08/20/2023,34.2,52.5,65,Stormy
10258,Bhopal,07/30/2024,34.8,157.4,59,Clear
10259,Bhopal,26/10/2023,24.8,11.8,42,Clear
10260,Bhopal,19-03-2023,40.6,0.0,56,Foggy
10261,Bhopal,27-11-2024,18.7,11.1,76,Humid
10262,Bhopal,27/04/2023,30.6,10.3,67,Rainy
10263,Bhopal,2024.06.17,26.9,53.4,34,Clear
10264,Bhopal,2024-11-13,27.2,0.0,90,Humid
10265,Bhopal,2024-10-31,32.5,10.5,48,Clear
10266,Bhopal,2024.12.03,13.0,0.0,45,Humid
10267,Bhopal,2023.10.31,29.0,84.3,67,Humid
10268,Bhopal,06/02/2024,28.5,18.4,49,Foggy
10269,Bhopal,19/04/2023,31.8,2.0,58,Humid
10270,Bhopal,2024-04-06,28.4,23.2,53,Clear
10271,Bhopal,15/11/2024,28.0,71.5,47,Rainy
10272,Bhopal,05/24/2023,32.7,19.8,62,Humid
10273,Bhopal,2024-05-27,29.6,9.0,94,Cloudy
10274,Bhopal,24-05-2023,33.1,0.0,88,Foggy
10275,Bhopal,2023.07.25,25.5,113.8,29,Cloudy
10276,Bhopal,2023-10-06,24.5,41.5,56,Humid
10277,Bhopal,2024.03.24,29.4,0.0,60,Humid
10278,Bhopal,01/26/2023,19.2,0.9,72,Clear
10279,Bhopal,2024.01.04,19.7,4.3,56,Foggy
10280,Bhopal,2023.09.05,26.2,205.5,84,Clear
10281,Bhopal,06/19/2023,32.2,93.1,52,Humid
10282,Bhopal,2024.11.12,27.3,28.5,66,Cloudy
10283,Bhopal,2024-10-20,23.7,27.0,56,Humid
10284,Bhopal,2023.06.29,26.4,1.3,62,Clear
10285,Bhopal,27-08-2024,27.5,62.0,64,Rainy
10286,Bhopal,2023.08.01,28.6,156.7,44,Rainy
10287,Bhopal,30-07-2023,26.3,35.8,71,Clear
10288,Bhopal,2024.08.17,28.7,7.4,84,Humid
10289,Bhopal,2023.09.10,23.4,4.6,63,Clear
10290,Bhopal,02/04/2023,15.6,0.7,61,Clear
10291,Bhopal,15-08-2023,28.7,107.2,57,Clear
10292,Bhopal,12/04/2024,34.7,0.9,81,Clear
10293,Bhopal,2023.01.31,16.4,6.2,55,Humid
10294,Bhopal,12/02/2024,11.9,11.4,52,Cloudy
10295,Bhopal,12-05-2023,31.0,0.0,77,Humid
10296,Bhopal,26/11/2024,25.5,1.9,71,Clear
10297,Bhopal,2023.04.30,31.3,2.0,68,Clear
10298,Bhopal,2024.02.15,13.0,2.3,55,Clear
10299,Bhopal,2024-12-17,15.5,0.0,81,Clear
10300,Bhopal,08/08/2024,27.3,14.5,53,Clear
10301,Bhopal,05-08-2023,30.9,35.6,57,Rainy
10302,Bhopal,11/01/2023,32.4,0.0,65,Clear
10303,Bhopal,2023.03.04,27.1,,58,Humid
10304,Bhopal,2023-04-04,40.3,0.0,63,Foggy
10305,Bhopal,11/30/2024,19.6,59.7,37,Foggy
10306,Bhopal,2024-08-02,25.1,365.5,88,Rainy
10307,Bhopal,2023.02.22,18.9,0.0,82,Foggy
10308,Bhopal,2023.07.02,26.9,35.9,78,Clear
10309,Bhopal,2023.05.03,30.9,0.0,81,Stormy
10310,Bhopal,15/03/2023,30.3,6.2,51,Clear
10311,Bhopal,22-09-2023,34.0,276.8,71,Cloudy
10312,Bhopal,04/09/2023,32.5,489.2,49,Clear
10313,Bhopal,15/08/2024,26.2,26.4,76,Cloudy
10314,Bhopal,2024-08-24,25.4,7.2,17,Humid
10315,Bhopal,2023.06.07,24.6,56.9,69,Clear
10316,Bhopal,31/08/2023,27.1,0.0,49,Rainy
10317,Bhopal,2023-04-25,29.9,3.9,61,Clear
10318,Bhopal,11/19/2023,31.7,6.3,51,Clear
10319,Bhopal,10/12/2024,28.2,22.2,46,Stormy
10320,Bhopal,2023-08-20,28.2,0.0,65,Clear
10321,Bhopal,23/06/2023,32.2,3.5,98,Rainy
10322,Bhopal,2024.08.24,24.4,188.5,46,Clear
10323,Bhopal,29/07/2024,24.3,129.0,37,Clear
10324,Bhopal,15-08-2023,26.5,216.5,78,Rainy
10325,Bhopal,28/11/2024,30.1,4.2,60,Clear
10326,Bhopal,06-07-2024,30.7,135.7,79,Foggy
10327,Bhopal,27/11/2023,24.7,41.6,41,Rainy
10328,Bhopal,13/12/2024,19.3,0.4,45,Clear
10329,Bhopal,12-12-2023,22.8,5.2,46,Humid
10330,Bhopal,12-09-2024,31.3,20.6,79,Foggy
10331,Bhopal,27/10/2023,18.5,0.0,60,Clear
10332,Bhopal,17-05-2023,31.7,2.5,63,Stormy
10333,Bhopal,2023.07.11,39.0,62.3,77,Clear
10334,Bhopal,11/09/2024,22.5,18.4,31,Rainy
10335,Bhopal,2024-04-23,28.4,12.5,66,Cloudy
10336,Bhopal,09/06/2023,35.6,64.7,65,Foggy
10337,Bhopal,12-12-2023,20.9,12.2,57,Humid
10338,Bhopal,16/03/2023,31.4,2.5,56,Clear
10339,Bhopal,04/06/2023,23.3,17.9,54,Cloudy
10340,Bhopal,2023-03-28,28.5,8.0,75,Clear
10341,Bhopal,09/24/2023,27.1,0.0,77,Cloudy
10342,Bhopal,2023-04-07,35.8,0.0,70,Rainy
10343,Bhopal,2023-12-07,26.9,3.8,68,Clear
10344,Bhopal,2023-06-11,23.8,0.0,75,Clear
10345,Bhopal,03/07/2024,20.4,0.0,45,Rainy
10346,Bhopal,2023-01-06,15.2,0.1,86,Cloudy
10347,Bhopal,10-08-2024,26.2,0.0,94,Clear
10348,Bhopal,2023-01-06,21.8,0.6,76,Clear
10349,Bhopal,05/09/2023,35.5,138.3,76,Clear
10350,Bhopal,2024-01-16,19.7,2.1,82,Clear
10351,Bhopal,14-10-2023,27.0,22.2,46,Cloudy
10352,Bhopal,25/01/2024,23.9,14.0,59,Foggy
10353,Bhopal,2023.06.01,27.8,0.0,35,Clear
10354,Bhopal,02/03/2024,26.8,3.9,65,Clear
10355,Bhopal,2024.02.19,20.7,1.3,33,Foggy
10356,Bhopal,10-12-2024,11.1,5.0,58,Humid
10357,Bhopal,01/26/2024,19.3,5.4,39,Rainy
10358,Bhopal,01/20/2023,19.7,1.3,63,Clear
10359,Bhopal,09/12/2023,32.1,89.9,100,Clear
10360,Bhopal,2023.08.24,23.1,0.0,70,Humid
10361,Bhopal,18/05/2024,32.1,2.2,71,Clear
10362,Bhopal,2023-10-02,24.0,6.7,35,Clear
10363,Bhopal,06/02/2024,24.6,0.0,48,Rainy
10364,Bhopal,07-10-2024,30.7,0.0,-41,Humid
10365,Bhopal,06/25/2023,31.6,0.0,51,Rainy
10366,Bhopal,06/03/2024,24.3,0.0,85,Foggy
10367,Bhopal,2023.03.31,40.3,0.0,70,Clear
10368,Bhopal,2023-09-05,26.7,0.0,63,Clear
10369,Bhopal,03/17/2024,29.0,0.0,64,Humid
10370,Bhopal,17-05-2024,30.6,0.0,65,Cloudy
10371,Bhopal,2023-09-22,28.7,82.5,63,Cloudy
10372,Bhopal,07/04/2024,28.3,128.1,58,Humid
10373,Bhopal,01-03-2023,37.2,1.0,50,Cloudy
10374,Bhopal,2024-12-28,18.6,8.7,34,Rainy
10375,Bhopal,09/07/2023,27.9,305.1,54,Clear
10376,,19/04/2023,28.7,15.8,30,Cloudy
10377,Bhopal,03/31/2023,35.8,2.2,83,Clear
10378,Bhopal,2024.11.27,30.4,21.4,73,Clear
10379,Bhopal,2024.10.08,30.0,43.9,56,Humid
10380,Bhopal,10/21/2023,22.1,0.0,23,Cloudy
10381,Bhopal,2024-06-27,22.9,37.2,42,Rainy
10382,Bhopal,09/02/2023,28.2,6.2,60,Cloudy
10383,Bhopal,2024-09-11,30.1,0.0,57,Rainy
10384,Bhopal,10/19/2024,28.9,6.9,66,Cloudy
10385,Bhopal,2023.04.18,23.9,9.1,54,Humid
10386,Bhopal,23/06/2023,24.6,188.5,28,Humid
10387,Bhopal,28/08/2023,31.5,64.3,47,Rainy
10388,Bhopal,01/11/2023,20.2,4.5,69,Foggy
10389,Bhopal,05/30/2023,25.5,4.8,36,Clear
10390,Bhopal,07/11/2023,28.0,23.8,51,Foggy
10391,Bhopal,10/28/2024,26.8,0.0,58,Clear
10392,Bhopal,09/09/2024,25.1,401.5,53,Cloudy
10393,Bhopal,04/21/2023,38.6,0.0,21,Humid
10394,Bhopal,2024.07.07,23.8,0.0,72,Stormy
10395,Bhopal,2024-05-16,35.2,0.0,53,Clear
10396,Bhopal,02/01/2023,10.7,3.3,45,Clear
10397,Bhopal,18/03/2023,30.7,1.9,55,Cloudy
10398,Bhopal,2024-02-02,14.8,3.3,54,Clear
10399,Bhopal,19/03/2023,34.3,5.6,36,Foggy
10400,Bhopal,28-08-2023,20.6,13.8,49,Clear
10401,Bhopal,2024-06-22,29.5,12.1,43,Clear
10402,Bhopal,07/07/2024,38.1,28.6,71,Cloudy
10403,Bhopal,04/27/2024,29.3,5.9,75,Clear
10404,Bhopal,2023-03-02,34.8,10.4,73,Foggy
10405,Bhopal,2024.05.07,30.6,14.8,31,Clear
10406,Bhopal,2023-12-25,17.8,10.6,70,Humid
10407,Bhopal,31-12-2024,14.7,0.0,42,Clear
10408,Bhopal,29/06/2024,28.5,337.8,43,Clear
10409,Bhopal,2024.06.17,24.1,60.5,87,Rainy
10410,Bhopal,2024.06.02,31.7,42.3,62,Clear
10411,Bhopal,2023.04.18,33.2,5.1,-61,Clear
10412,,2024.04.01,31.3,0.0,50,Clear
10413,Bhopal,06-02-2024,21.6,0.0,71,Foggy
10414,Bhopal,25-08-2023,43.2,62.6,54,Rainy
10415,Bhopal,2024-04-30,35.2,3.3,52,Humid
10416,Bhopal,04/29/2023,34.3,13.1,79,Clear
10417,Bhopal,2023.02.28,23.1,0.0,65,Foggy
10418,Bhopal,2023.01.17,8.2,1.4,22,Cloudy
10419,Bhopal,2024.04.15,38.0,2.5,50,Clear
10420,Bhopal,29-04-2024,37.9,0.0,36,Cloudy
10421,Bhopal,03-09-2024,19.2,263.9,60,Clear
10422,Bhopal,2024-11-20,31.5,0.0,84,Cloudy
10423,Bhopal,02/17/2024,10.9,2.3,71,Clear
10424,Bhopal,2024-01-02,16.5,25.9,54,Foggy
10425,Bhopal,2023-09-25,20.6,136.5,50,Humid
10426,Bhopal,2024-08-10,30.6,562.3,80,Humid
10427,Bhopal,15-06-2023,29.2,8.0,63,Cloudy
10428,Bhopal,2024-03-31,33.7,7.8,75,Clear
10429,Bhopal,10/14/2024,28.6,0.0,57,Clear
10430,Bhopal,2024-02-22,18.2,1.4,71,Clear
10431,Bhopal,22-05-2024,33.8,39.6,28,Clear
10432,Bhopal,2024.07.21,28.8,87.6,38,Clear
10433,Bhopal,06/19/2023,28.3,83.4,57,Clear
10434,Bhopal,18/05/2024,36.6,0.0,65,Clear
10435,Bhopal,2024.03.17,25.6,1.5,44,Clear
10436,Bhopal,05/01/2024,20.7,0.0,40,Cloudy
10437,Bhopal,09-05-2024,36.7,33.3,62,Humid
10438,Bhopal,08/11/2024,20.1,38.3,77,Foggy
10439,Bhopal,2024.01.25,19.4,1.8,54,Foggy
10440,Bhopal,2024-04-05,38.2,1.3,69,Clear
10441,,03/28/2024,33.2,5.7,61,Foggy
10442,Bhopal,2024.09.09,30.9,121.4,39,Rainy
10443,Bhopal,03/29/2023,36.2,0.0,59,Clear
10444,Bhopal,30/04/2023,29.3,4.7,55,Stormy
10445,Bhopal,2023.09.23,25.5,413.2,56,Rainy
10446,Bhopal,09-08-2023,28.4,,59,Cloudy
10447,Bhopal,2023.01.13,18.6,1.4,49,Clear
10448,Bhopal,2024.12.29,21.7,6.2,61,Cloudy
10449,Bhopal,2023-03-06,31.1,14.7,84,Cloudy
10450,Bhopal,14-05-2024,39.0,18.8,56,Clear
10451,Bhopal,09-03-2023,40.0,0.0,54,Clear
10452,Bhopal,10/06/2024,39.5,282.7,55,Cloudy
10453,Bhopal,17-02-2023,20.2,2.4,51,Cloudy
10454,Bhopal,17-07-2023,25.6,132.7,67,Cloudy
10455,Bhopal,26/03/2024,32.6,26.6,66,Clear
10456,Bhopal,11/21/2023,26.4,11.1,75,Humid
10457,Bhopal,14/02/2023,26.5,2.6,61,Humid
10458,Bhopal,07/17/2024,28.4,167.7,78,Humid
10459,Bhopal,20-05-2023,34.5,0.0,58,Clear
10460,Bhopal,22/01/2023,18.1,8.5,51,Cloudy
10461,Bhopal,2023.04.19,28.6,8.8,44,Clear
10462,Bhopal,05/29/2023,36.4,3.5,90,Cloudy
10463,Bhopal,04-03-2023,40.8,0.2,59,Foggy
10464,Bhopal,09/27/2024,30.1,101.5,49,Clear
10465,Bhopal,27/11/2023,26.9,10.5,15,Rainy
10466,Bhopal,09/13/2023,19.2,0.0,71,Clear
10467,Bhopal,2024-08-22,31.3,221.0,59,Rainy
10468,Bhopal,10/07/2024,28.3,17.8,43,Clear
10469,Bhopal,2024.05.06,30.4,0.0,49,Stormy
10470,Bhopal,2023-12-10,15.0,4.9,53,Rainy
10471,Bhopal,18/05/2024,30.5,20.3,96,Cloudy
10472,Bhopal,08/17/2023,26.1,4.1,68,Clear
10473,Bhopal,2023-09-03,30.2,0.0,61,Clear
10474,Bhopal,2024-04-30,29.4,16.1,68,Cloudy
10475,Bhopal,08/06/2023,32.2,121.4,67,Rainy
10476,Bhopal,11/21/2024,32.6,0.0,49,Cloudy
10477,Bhopal,10/02/2023,16.5,0.4,41,Foggy
10478,Bhopal,04/07/2023,25.8,18.8,69,Clear
10479,Bhopal,2024-12-31,20.3,0.6,63,Clear
10480,Bhopal,2023.05.24,37.6,2.9,70,Stormy
10481,Bhopal,2024-07-25,31.9,215.3,75,Rainy
10482,Bhopal,10/25/2023,27.5,,76,Clear
10483,Bhopal,23-01-2023,23.8,5.2,43,Humid
10484,Bhopal,2023.09.06,29.5,231.4,82,Clear
10485,Bhopal,25/05/2023,42.3,0.0,39,Cloudy
10486,Bhopal,2024.06.20,33.0,0.0,51,Humid
10487,Bhopal,2023.09.19,32.8,26.7,69,Foggy
10488,Bhopal,11-02-2024,15.3,5.5,69,Clear
10489,Bhopal,12/30/2023,19.9,15.8,39,Stormy
10490,Bhopal,2024-07-22,29.2,66.2,56,Rainy
10491,Bhopal,08/07/2024,26.0,13.5,23,Humid
10492,Bhopal,2024.08.31,27.0,244.4,73,Foggy
10493,Bhopal,2023-07-08,22.3,21.5,47,Cloudy
10494,Bhopal,23/09/2024,23.6,0.0,66,Foggy
10495,Bhopal,20-07-2023,33.6,155.3,78,Cloudy
10496,Bhopal,2023-09-29,29.4,0.0,59,Clear
10497,Bhopal,2024.07.21,23.7,0.0,51,Stormy
10498,Bhopal,2024.07.29,30.9,163.3,67,Clear
10499,Bhopal,20/11/2023,26.1,59.0,66,Cloudy
10500,Bhopal,2024.02.09,22.5,3.0,65,Rainy
10501,Bhopal,20-08-2023,30.4,0.0,46,Clear
10502,Bhopal,30/05/2023,26.7,0.2,60,Cloudy
10503,Bhopal,10-06-2023,25.2,89.7,74,Cloudy
10504,Bhopal,05-07-2023,30.0,178.4,52,Rainy
10505,Bhopal,09/19/2023,25.9,88.7,41,Clear
10506,Bhopal,09/03/2023,25.7,259.5,81,Clear
10507,Bhopal,05/25/2023,39.9,5.6,63,Clear
10508,Bhopal,06/14/2024,28.4,110.3,77,Rainy
10509,Bhopal,25-05-2023,34.4,0.0,-34,Cloudy
10510,Bhopal,01/25/2024,15.0,4.6,63,Clear
10511,Bhopal,04/01/2024,36.8,10.0,52,Foggy
10512,Bhopal,09/11/2023,24.7,0.0,45,Clear
10513,Bhopal,06/05/2023,24.8,0.0,59,Clear
10514,Bhopal,2023-11-09,25.8,43.3,75,Clear
10515,Bhopal,18-12-2024,18.8,0.0,45,Stormy
10516,,2024-07-20,29.9,0.0,65,Humid
10517,Bhopal,2024.09.30,30.6,0.0,52,Rainy
10518,Bhopal,01/17/2023,16.3,5.1,83,Humid
10519,Bhopal,05/07/2024,31.0,55.3,72,Rainy
10520,Bhopal,25/02/2024,15.8,0.1,67,Cloudy
10521,Bhopal,2024-09-07,23.8,0.0,61,Clear
10522,Bhopal,12/19/2023,19.3,4.0,30,Humid
10523,Bhopal,19-04-2024,28.8,3.7,56,Clear
10524,Bhopal,03/01/2024,54.3,2.7,88,Cloudy
10525,Bhopal,09-07-2023,32.4,77.3,73,Foggy
10526,Bhopal,15-08-2024,20.0,239.2,92,Foggy
10527,Bhopal,19-06-2024,26.1,0.0,56,Foggy
10528,Bhopal,02-06-2023,27.0,306.4,45,Clear
10529,Bhopal,02-01-2023,19.8,17.7,70,Clear
10530,Bhopal,04/30/2024,28.9,0.7,56,Clear
10531,Bhopal,19/04/2023,37.9,0.1,64,Cloudy
10532,Bhopal,2023.09.25,34.8,43.6,43,Foggy
10533,Bhopal,16-09-2023,32.7,35.7,92,Humid
10534,Bhopal,03/06/2023,27.1,0.0,51,Humid
10535,Bhopal,07/07/2023,29.0,15.4,57,Clear
10536,Bhopal,09/16/2023,29.3,89.3,74,Cloudy
10537,Bhopal,16/01/2023,23.4,0.2,47,Humid
10538,Bhopal,04/28/2024,34.4,12.3,68,Stormy
10539,Bhopal,2023-07-20,34.3,415.4,42,Clear
10540,Bhopal,04/15/2023,31.0,5.8,51,Cloudy
10541,Bhopal,2023.06.03,28.6,0.0,68,Humid
10542,Bhopal,04/21/2023,36.6,0.6,61,Cloudy
10543,Bhopal,2024.03.25,31.5,0.0,73,Foggy
10544,Bhopal,2024.05.08,29.5,0.0,60,Cloudy
10545,Bhopal,07/13/2024,26.0,0.0,57,Rainy
10546,Bhopal,10/02/2023,12.9,0.0,49,Humid
10547,Bhopal,2024.11.21,29.8,1.4,87,Foggy
10548,Bhopal,2024-11-24,28.4,36.0,62,Foggy
10549,Bhopal,02/06/2023,23.6,,-81,Foggy
10550,Bhopal,17/11/2023,18.1,27.6,67,Cloudy
10551,Bhopal,2023-04-23,33.9,3.0,59,Clear
10552,Bhopal,14/04/2024,38.2,6.7,-58,Clear
10553,Bhopal,01/28/2023,18.4,4.8,49,Clear
10554,Bhopal,07/12/2024,24.9,1.0,65,Cloudy
10555,Bhopal,24-11-2024,18.1,0.0,69,Cloudy
10556,Bhopal,02/12/2024,13.9,3.8,51,Clear
10557,Bhopal,2023.10.11,24.0,31.0,45,Clear
10558,Bhopal,04/12/2024,13.4,0.0,62,Rainy
10559,Bhopal,2024.06.03,29.3,189.5,24,Clear
10560,Bhopal,09/22/2024,29.9,211.1,54,Clear
10561,Bhopal,17-05-2023,21.0,8.2,76,Clear
10562,Bhopal,22/03/2024,31.6,0.0,58,Humid
10563,Bhopal,2024-01-04,23.6,12.5,57,Clear
10564,Bhopal,03-07-2024,31.7,199.0,82,Clear
10565,Bhopal,07/09/2024,30.3,0.0,43,Clear
10566,Bhopal,04/01/2024,19.2,3.9,39,Humid
10567,Bhopal,29-04-2023,32.1,16.9,66,Stormy
10568,Bhopal,2024.08.31,31.3,104.7,25,Humid
10569,Bhopal,09/05/2023,27.2,1.4,32,Clear
10570,Bhopal,2023-10-23,31.3,41.0,33,Cloudy
10571,Bhopal,08-12-2024,13.4,15.1,77,Humid
10572,Bhopal,05/01/2024,20.4,2.6,65,Stormy
10573,Bhopal,2024-08-29,24.9,180.1,48,Humid
10574,Bhopal,08/25/2023,27.8,17.4,61,Rainy
10575,Bhopal,04/07/2023,25.4,0.0,65,Cloudy
10576,Bhopal,17-09-2024,30.9,38.6,66,Cloudy
10577,Bhopal,01/04/2024,18.5,3.9,85,Foggy
10578,Bhopal,14-11-2023,27.3,17.7,49,Clear
10579,Bhopal,20/01/2023,21.2,2.0,91,Stormy
10580,Bhopal,03/26/2024,31.7,0.0,59,Clear
10581,Bhopal,2024-12-09,19.9,5.1,58,Humid
10582,Bhopal,14-05-2023,31.6,23.7,52,Cloudy
10583,Bhopal,19-06-2023,28.1,24.9,50,Rainy
10584,Bhopal,21/04/2023,37.8,5.4,44,Stormy
10585,Bhopal,09/05/2024,22.0,133.6,62,Foggy
10586,Bhopal,2023.06.28,15.0,72.0,87,Rainy
10587,Bhopal,2023-02-10,21.1,0.0,77,Cloudy
10588,Bhopal,08/26/2024,26.4,2.2,44,Rainy
10589,Bhopal,14/04/2023,34.6,12.2,48,Foggy
10590,Bhopal,2023-03-11,38.4,1.1,75,Cloudy
10591,Bhopal,18-11-2023,22.0,37.4,52,Cloudy
10592,Bhopal,2024-12-26,14.4,0.0,41,Cloudy
10593,Bhopal,2024.04.06,31.5,18.7,64,Stormy
10594,Bhopal,14-07-2024,28.5,53.7,48,Stormy
10595,Bhopal,03-02-2024,15.6,0.6,65,Cloudy
10596,Bhopal,2024.08.29,27.8,95.9,61,Rainy
10597,Bhopal,12/13/2023,21.6,4.3,42,Clear
10598,Bhopal,25/07/2024,22.3,28.5,50,Foggy
10599,Bhopal,18/07/2024,26.9,146.3,53,Stormy
10600,Bhopal,30-10-2024,24.6,3.7,55,Rainy
10601,Bhopal,29-08-2023,23.4,0.0,52,Cloudy
10602,Bhopal,26/04/2024,35.0,3.8,46,Cloudy
10603,Bhopal,2023-04-13,27.5,8.8,31,Clear
10604,Bhopal,2023-04-18,36.9,4.2,73,Humid
10605,Bhopal,30/04/2023,35.0,11.3,29,Rainy
10606,Bhopal,09/17/2024,32.8,0.0,76,Clear
10607,Bhopal,2023.12.01,14.9,12.6,63,Cloudy
10608,Bhopal,2023.09.12,25.0,273.7,53,Cloudy
10609,Bhopal,04/02/2024,18.2,3.2,73,Rainy
10610,Bhopal,2023-12-08,19.1,0.1,43,Foggy
10611,Bhopal,2024-04-12,33.8,4.4,75,Humid
10612,Bhopal,04/06/2023,26.8,56.6,59,Foggy
10613,Bhopal,27-10-2024,24.3,9.8,60,Clear
10614,Bhopal,2023-05-19,29.9,4.9,77,Rainy
10615,Bhopal,2023.12.18,14.1,0.0,69,Cloudy
10616,Bhopal,12/01/2023,14.1,0.0,69,Clear
10617,Bhopal,08/04/2024,28.5,2.3,55,Clear
10618,Bhopal,2024.06.11,28.2,11.2,81,Humid
10619,Bhopal,07/30/2023,36.4,0.0,38,Clear
10620,Bhopal,24-08-2023,26.2,0.0,100,Clear
10621,Bhopal,2024-03-16,35.2,1.0,79,Cloudy
10622,Bhopal,2023.01.19,14.6,6.2,44,Cloudy
10623,Bhopal,2024-10-24,30.0,0.0,73,Cloudy
10624,Bhopal,12/22/2024,13.0,2.9,58,Clear
10625,Bhopal,02/14/2023,19.1,6.4,52,Humid
10626,Bhopal,2024.06.15,24.9,0.0,35,Clear
10627,Bhopal,29/10/2023,25.8,28.9,87,Cloudy
10628,Bhopal,04-02-2023,9.2,0.0,63,Cloudy
10629,Bhopal,18-08-2023,30.2,51.5,21,Clear
10630,Bhopal,05-11-2024,27.8,59.2,38,Clear
10631,Bhopal,10/10/2024,27.8,0.2,65,Cloudy
10632,Bhopal,2023.04.13,35.5,7.4,47,Humid
10633,Bhopal,09/08/2024,35.6,110.5,78,Clear
10634,Bhopal,28-02-2023,19.9,4.9,62,Cloudy
10635,Bhopal,2023-11-10,25.5,15.0,62,Clear
10636,Bhopal,06-04-2024,32.0,9.3,35,Cloudy
10637,Bhopal,03-06-2024,24.7,392.1,32,Clear
10638,Bhopal,04/09/2023,37.8,10.7,74,Clear
10639,Bhopal,26/07/2023,23.8,68.2,67,Foggy
10640,Bhopal,15-11-2024,23.6,4.6,64,Humid
10641,Bhopal,03/04/2023,31.9,30.8,50,Cloudy
10642,Bhopal,21/12/2023,12.1,3.1,64,Rainy
10643,Bhopal,10/18/2023,31.4,23.8,84,Foggy
10644,Bhopal,05-10-2024,25.9,11.6,69,Clear
10645,Bhopal,2024-01-20,9.1,0.0,66,Clear
10646,Bhopal,2024-12-27,16.5,1.0,65,Clear
10647,Bhopal,06/02/2023,27.2,156.0,73,Humid
10648,Bhopal,25/09/2023,33.6,0.0,55,Foggy
10649,Bhopal,2024-04-24,38.3,10.6,67,Clear
10650,Bhopal,01-08-2024,33.7,189.4,66,Humid
10651,Bhopal,03/11/2023,26.4,0.0,61,Cloudy
10652,Bhopal,21-02-2024,14.5,1.1,76,Foggy
10653,Bhopal,2023-08-16,31.5,36.6,53,Foggy
10654,Bhopal,07/29/2023,28.0,157.2,65,Rainy
10655,Bhopal,29/08/2024,31.0,92.7,-59,Clear
10656,Bhopal,13/02/2023,23.7,5.7,61,Rainy
10657,Bhopal,2024.01.21,14.5,6.5,56,Humid
10658,Bhopal,06/03/2023,33.3,1.5,65,Stormy
10659,Bhopal,2024.08.11,30.6,0.0,43,Clear
10660,Bhopal,2023.05.24,56.9,0.0,36,Cloudy
10661,Bhopal,02/06/2024,25.0,101.7,40,Cloudy
10662,Bhopal,04/13/2024,33.7,41.8,84,Foggy
10663,Bhopal,09-02-2024,26.9,1.8,57,Foggy
10664,Bhopal,2023-05-08,33.0,11.6,66,Clear
10665,Bhopal,11/06/2024,21.5,83.7,48,Rainy
10666,Bhopal,01/22/2024,18.6,0.0,72,Cloudy
10667,Bhopal,04/19/2024,37.9,1.9,65,Cloudy
10668,Bhopal,10/04/2023,21.8,5.9,70,Humid
10669,Bhopal,2023.12.18,14.5,2.7,62,Humid
10670,Bhopal,2024-12-18,11.5,8.1,35,Clear
10671,Bhopal,20-01-2023,21.5,14.7,71,Cloudy
10672,Bhopal,08/29/2024,28.0,0.0,47,Stormy
10673,Bhopal,01/09/2023,19.1,5.3,54,Stormy
10674,Bhopal,08/08/2023,22.7,90.6,68,Cloudy
10675,Bhopal,30-11-2023,27.3,26.4,74,Clear
10676,Bhopal,2024.06.22,29.0,85.7,51,Rainy
10677,Bhopal,24-05-2024,33.8,0.8,87,Humid
10678,Bhopal,13-09-2023,26.3,0.0,44,Clear
10679,Bhopal,2024-05-21,31.7,0.0,70,Humid
10680,Bhopal,05/01/2024,14.4,0.0,56,Cloudy
10681,Bhopal,26-02-2024,18.2,0.6,67,Clear
10682,Bhopal,2024-01-13,16.6,0.0,59,Cloudy
10683,Bhopal,25/01/2023,19.6,1.6,50,Clear
10684,Bhopal,21-04-2023,30.9,2.3,75,Clear
10685,Bhopal,2024-11-22,23.4,82.1,66,Humid
10686,Bhopal,2023.02.25,11.0,1.8,92,Cloudy
10687,Bhopal,28-04-2024,27.5,5.8,37,Humid
10688,Bhopal,2023-05-19,31.5,2.4,57,Cloudy
10689,Bhopal,02/21/2023,22.7,0.1,55,Humid
10690,Bhopal,01/06/2023,26.3,0.0,44,Cloudy
10691,Bhopal,07/05/2024,22.7,269.8,78,Clear
10692,Bhopal,2023.03.31,26.2,0.0,42,Rainy
10693,Bhopal,2024-08-08,23.1,90.3,69,Clear
10694,Bhopal,2024.04.15,35.3,0.0,77,Humid
10695,Bhopal,2023-09-19,29.3,51.8,62,Clear
10696,Bhopal,25/07/2023,25.8,62.8,51,Clear
10697,Bhopal,30-01-2023,21.7,0.6,71,Foggy
10698,Bhopal,28-02-2023,17.6,0.0,51,Cloudy
10699,Bhopal,16-10-2023,28.2,0.0,56,Cloudy
10700,Bhopal,06/19/2023,32.8,95.8,77,Foggy
10701,Bhopal,02/10/2024,28.1,29.4,69,Stormy
10702,Bhopal,05/11/2023,25.2,8.6,52,Rainy
10703,Bhopal,19-09-2024,33.7,35.3,73,Humid
10704,Bhopal,2024.01.12,16.2,3.7,62,Cloudy
10705,Bhopal,2024-02-12,21.4,0.0,61,Foggy
10706,Bhopal,2024-04-22,33.8,3.2,48,Rainy
10707,Bhopal,2023.06.10,34.0,78.9,45,Rainy
10708,Bhopal,01-09-2024,33.3,0.0,79,Rainy
10709,Bhopal,2023.09.15,35.0,0.0,77,Rainy
10710,Bhopal,2024.08.26,27.1,58.8,69,Clear
10711,Bhopal,01/03/2023,12.6,0.1,84,Foggy
10712,Bhopal,02-02-2023,17.7,0.0,48,Rainy
10713,Bhopal,2024.08.21,30.3,93.6,37,Cloudy
10714,Bhopal,22-05-2023,32.5,9.6,70,Cloudy
10715,Bhopal,19-11-2024,26.2,132.7,76,Cloudy
10716,Bhopal,23-10-2024,27.7,0.0,73,Rainy
10717,Bhopal,07-08-2024,26.1,0.0,78,Rainy
10718,Bhopal,15-04-2024,34.2,13.4,62,Rainy
10719,Bhopal,26-12-2024,14.7,0.0,75,Clear
10720,Bhopal,2024-03-04,39.0,6.7,49,Cloudy
10721,Bhopal,19-07-2023,23.3,0.0,64,Humid
10722,Bhopal,10/25/2024,27.5,10.6,42,Clear
10723,Bhopal,2023.05.09,33.1,2.3,43,Foggy
10724,Bhopal,05/07/2024,28.8,306.1,51,Rainy
10725,Bhopal,03/18/2023,30.9,16.6,61,Clear
10726,Bhopal,15-06-2024,28.6,115.5,68,Rainy
10727,Bhopal,06/28/2023,33.0,97.1,42,Humid
10728,Bhopal,11-06-2023,25.7,0.0,43,Clear
10729,Bhopal,10-11-2024,23.0,35.6,51,Cloudy
10730,Bhopal,15/06/2024,24.6,55.9,56,Clear
10731,Bhopal,2024.05.09,34.1,6.9,74,Clear
10732,Bhopal,2024-08-01,33.3,309.5,70,Clear
10733,Bhopal,15-08-2023,28.1,180.4,43,Clear
10734,Bhopal,23-04-2024,33.8,0.0,65,Rainy
10735,Bhopal,10/11/2023,29.7,0.0,48,Humid
10736,Bhopal,2024-09-08,24.1,139.3,24,Cloudy
10737,Bhopal,12/15/2023,15.3,0.0,58,Foggy
10738,Bhopal,19/11/2023,29.6,,85,Foggy
10739,Bhopal,01/11/2024,19.2,0.4,30,Humid
10740,Bhopal,17/07/2023,28.9,89.1,62,Cloudy
10741,Bhopal,2024-02-19,18.7,0.0,50,Cloudy
10742,Bhopal,05/02/2024,35.3,0.0,29,Cloudy
10743,Bhopal,06-01-2023,14.0,5.2,54,Rainy
10744,Bhopal,03-02-2024,18.3,0.0,78,Foggy
10745,Bhopal,2024-08-19,26.7,179.4,50,Rainy
10746,Bhopal,28-05-2023,32.3,6.6,81,Clear
10747,Bhopal,2023.10.06,27.5,12.7,60,Clear
10748,Bhopal,19-01-2024,11.1,1.3,39,Clear
10749,Bhopal,2023-01-07,24.2,0.0,63,Clear
10750,Bhopal,11/22/2023,27.2,23.4,52,Humid
10751,Bhopal,17-02-2023,16.6,0.0,68,Humid
10752,Bhopal,13-09-2023,33.8,0.0,54,Cloudy
10753,Bhopal,2024.04.04,35.8,22.3,36,Humid
10754,Bhopal,05-10-2023,26.2,70.9,52,Stormy
10755,Bhopal,2024.11.09,29.2,0.0,53,Foggy
10756,Bhopal,30/04/2023,36.1,24.2,56,Clear
10757,Bhopal,24/07/2024,28.5,156.2,64,Clear
10758,Bhopal,30-08-2023,25.7,178.9,59,Clear
10759,Bhopal,08/02/2024,21.4,4.6,57,Clear
10760,Bhopal,2023.08.23,31.3,20.4,86,Rainy
10761,Bhopal,12/04/2023,17.9,10.1,62,Clear
10762,Bhopal,07/06/2023,38.8,0.0,39,Foggy
10763,Bhopal,2023-05-28,32.0,0.0,51,Humid
10764,Bhopal,17/03/2023,35.5,3.1,54,Clear
10765,Bhopal,23/08/2024,29.5,202.3,57,Stormy
10766,Bhopal,10/25/2024,26.7,12.8,54,Rainy
10767,Bhopal,04/13/2023,33.1,6.2,80,Humid
10768,Bhopal,09/09/2023,25.8,31.4,54,Clear
10769,Bhopal,2023-04-05,31.8,0.0,54,Stormy
10770,Bhopal,04/12/2023,28.0,39.5,83,Clear
10771,Bhopal,2023.01.05,23.3,0.0,87,Clear
10772,Bhopal,02/17/2024,17.2,6.2,50,Cloudy
10773,Bhopal,2024-01-15,21.8,1.6,60,Clear
10774,Bhopal,27/09/2023,23.3,185.0,63,Rainy
10775,Bhopal,2024.01.25,22.4,0.0,47,Humid
10776,Bhopal,2024.11.27,23.7,0.0,62,Clear
10777,Bhopal,08-05-2023,28.1,0.2,69,Clear
10778,Bhopal,2024-01-30,16.8,1.1,58,Clear
10779,Bhopal,2023-01-12,19.7,7.2,39,Clear
10780,Bhopal,17-10-2024,27.5,0.0,60,Clear
10781,Bhopal,2023.11.05,29.7,0.0,67,Humid
10782,Bhopal,22-05-2024,27.7,0.0,64,Rainy
10783,Bhopal,21/07/2023,26.2,326.6,85,Stormy
10784,Bhopal,27-07-2024,32.5,336.0,72,Foggy
10785,Bhopal,28/01/2024,21.4,2.8,35,Foggy
10786,Bhopal,20/01/2023,11.1,0.0,71,Humid
10787,Bhopal,03-02-2024,24.9,4.1,55,Rainy
10788,Bhopal,10/30/2023,25.6,0.0,61,Humid
10789,Bhopal,11/07/2023,27.2,67.1,56,Clear
10790,Bhopal,28/02/2024,52.6,0.1,57,Humid
10791,Bhopal,06-02-2024,25.3,2.8,91,Cloudy
10792,Bhopal,19-11-2023,24.9,47.2,65,Clear
10793,Bhopal,30/12/2024,17.8,2.1,70,Clear
10794,Bhopal,09/09/2024,30.9,42.0,75,Rainy
10795,Bhopal,2024-08-16,24.6,237.5,59,Cloudy
10796,Bhopal,22-06-2023,30.7,86.5,53,Humid
10797,Bhopal,2024.07.30,31.4,0.0,60,Rainy
10798,Bhopal,2024.10.15,31.6,0.0,73,Clear
10799,Bhopal,2024.05.25,37.4,22.3,39,Humid
10800,Bhopal,2024.04.13,36.3,0.0,-49,Humid
10801,Bhopal,04/08/2023,30.4,81.2,52,Rainy
10802,Bhopal,29/05/2024,38.2,17.8,32,Clear
10803,Bhopal,14/02/2024,14.7,4.8,82,Clear
10804,Bhopal,09/07/2023,31.0,0.0,38,Stormy
10805,Bhopal,2024.03.06,32.4,13.0,51,Cloudy
10806,Bhopal,2024-04-09,35.7,0.0,64,Cloudy
10807,Bhopal,06/29/2024,29.1,39.0,55,Foggy
10808,Bhopal,06/20/2024,23.6,508.2,64,Rainy
10809,Bhopal,09-03-2024,28.7,4.4,51,Cloudy
10810,Bhopal,20/02/2023,19.3,0.1,76,Stormy
10811,Bhopal,18-11-2024,27.2,16.6,61,Cloudy
10812,Bhopal,05/14/2023,32.0,15.1,73,Clear
10813,Bhopal,01/10/2023,27.3,9.9,59,Clear
10814,Bhopal,2023-07-26,29.1,4.2,84,Cloudy
10815,Bhopal,04/13/2023,32.0,0.0,-54,Cloudy
10816,Bhopal,2023-06-16,24.0,0.0,46,Clear
10817,Bhopal,06/19/2024,28.1,680.7,57,Rainy
10818,Bhopal,25/11/2024,31.9,32.1,74,Rainy
10819,Bhopal,22-04-2024,24.3,1.6,79,Rainy
10820,Bhopal,2023.12.24,22.1,6.6,71,Rainy
10821,Bhopal,2024-07-30,30.5,118.1,63,Humid
10822,Bhopal,05/06/2023,30.2,7.3,77,Cloudy
10823,Bhopal,2024.06.19,26.4,35.1,88,Clear
10824,Bhopal,2024-08-09,31.6,52.6,88,Humid
10825,Bhopal,10/19/2023,24.0,10.1,59,Cloudy
10826,Bhopal,04/03/2024,32.0,1.6,87,Clear
10827,Bhopal,09/01/2024,29.6,28.0,-59,Clear
10828,Bhopal,08/07/2024,28.1,0.0,97,Foggy
10829,Bhopal,06-07-2024,24.5,17.8,73,Clear
10830,Bhopal,2023.11.28,30.7,70.7,61,Foggy
10831,Bhopal,24/07/2024,24.0,26.1,59,Cloudy
10832,Bhopal,2024.07.20,20.1,426.8,72,Foggy
10833,Bhopal,21/02/2024,13.4,2.1,49,Humid
10834,Bhopal,20/09/2024,26.4,0.0,53,Clear
10835,Bhopal,29-01-2024,20.5,0.0,62,Foggy
10836,Bhopal,03/08/2023,34.2,8.0,55,Foggy
10837,Bhopal,11/07/2024,26.7,7.7,31,Cloudy
10838,Bhopal,23-09-2023,32.9,85.2,40,Clear
10839,Bhopal,2024.06.11,27.0,99.3,75,Stormy
10840,Bhopal,12/11/2023,17.8,0.3,57,Cloudy
10841,Bhopal,07/10/2023,29.0,0.0,76,Clear
10842,Bhopal,2024-10-18,25.7,69.4,72,Cloudy
10843,Bhopal,2023-06-03,29.8,115.4,46,Clear
10844,Bhopal,2023-05-22,29.3,3.3,59,Foggy
10845,Bhopal,09-10-2023,27.1,31.5,54,Clear
10846,Bhopal,2023.06.07,22.6,142.7,55,Cloudy
10847,Bhopal,2024.12.10,12.6,3.0,55,Clear
10848,Bhopal,10/05/2024,29.8,1.0,73,Foggy
10849,Bhopal,05/25/2024,33.9,3.2,80,Clear
10850,Bhopal,28/07/2023,30.6,0.0,38,Stormy
10851,Bhopal,2024.03.20,33.1,4.0,76,Clear
10852,Bhopal,09-11-2024,31.0,82.2,58,Cloudy
10853,Bhopal,2024.09.06,26.5,0.0,61,Cloudy
10854,Bhopal,2024.05.22,38.2,0.0,45,Cloudy
10855,Bhopal,04-01-2023,15.8,1.8,49,Foggy
10856,Bhopal,16/12/2023,23.8,2.6,46,Humid
10857,Bhopal,2024.02.14,23.6,5.7,74,Cloudy
10858,Bhopal,10/22/2024,21.6,0.0,64,Cloudy
10859,Bhopal,03-10-2024,27.8,0.0,78,Cloudy
10860,Bhopal,20-10-2024,26.7,22.5,90,Rainy
10861,Bhopal,22/07/2023,28.1,136.2,57,Rainy
10862,Bhopal,2024.01.28,21.7,0.0,60,Cloudy
10863,Bhopal,15-07-2024,29.8,0.0,38,Clear
10864,Bhopal,21/07/2023,25.1,0.0,82,Rainy
10865,Bhopal,2023-01-24,17.0,0.0,57,Cloudy
10866,Bhopal,09/09/2024,29.8,210.7,59,Humid
10867,Bhopal,10/04/2024,26.4,68.5,47,Rainy
10868,Bhopal,2023.09.30,26.3,70.7,45,Cloudy
10869,Bhopal,04-07-2023,31.4,228.1,31,Clear
10870,Bhopal,11/11/2024,26.1,0.0,50,Humid
10871,Bhopal,22-03-2024,34.4,53.6,57,Foggy
10872,Bhopal,28/12/2023,21.4,0.0,66,Clear
10873,Bhopal,04/13/2023,23.5,1.6,41,Clear
10874,Bhopal,2023.06.12,33.5,49.8,45,Cloudy
10875,Bhopal,2023.07.11,35.3,91.0,76,Cloudy
10876,Bhopal,10/07/2024,25.1,1.2,50,Cloudy
10877,Bhopal,26-09-2023,26.4,0.0,60,Humid
10878,Bhopal,11-09-2024,26.1,64.2,36,Foggy
10879,Bhopal,2024-09-22,25.5,8.3,77,Rainy
10880,Bhopal,2023-08-02,28.9,220.6,56,Humid
10881,Bhopal,2023-10-14,27.0,47.2,68,Humid
10882,Bhopal,27-04-2024,36.6,41.2,48,Foggy
10883,Bhopal,23/06/2024,28.8,15.8,76,Clear
10884,Bhopal,12/27/2023,14.9,4.2,67,Cloudy
10885,Bhopal,11/14/2024,32.2,0.0,66,Foggy
10886,Bhopal,2024.03.11,34.6,0.0,56,Rainy
10887,Bhopal,10/09/2024,30.5,135.0,67,Clear
10888,Bhopal,02/12/2023,18.4,4.7,-60,Humid
10889,Bhopal,15/09/2024,24.1,0.0,47,Clear
10890,Bhopal,05/10/2024,31.4,,84,Clear
10891,Bhopal,2023-09-07,26.6,0.0,44,Humid
10892,Bhopal,2024-06-06,32.9,50.4,39,Foggy
10893,Bhopal,07/27/2023,20.3,5.8,71,Cloudy
10894,Bhopal,03/24/2023,32.4,3.6,80,Humid
10895,Bhopal,10-11-2024,22.2,0.0,72,Clear
10896,Bhopal,06/02/2024,20.0,0.0,71,Foggy
10897,Bhopal,2024.06.02,57.1,124.9,83,Rainy
10898,Bhopal,05/01/2023,29.6,2.2,62,Humid
10899,Bhopal,07-11-2024,33.8,10.9,43,Cloudy
10900,Bhopal,09/10/2024,26.8,18.0,68,Cloudy
10901,Bhopal,20/06/2023,25.2,56.4,54,Clear
10902,Bhopal,2023.11.10,26.4,0.0,53,Humid
10903,Bhopal,02/17/2024,16.2,2.3,55,Cloudy
10904,Bhopal,02/08/2023,22.6,4.0,82,Stormy
10905,Bhopal,01/06/2024,38.4,55.8,34,Rainy
10906,Bhopal,2023.11.13,28.2,2.3,52,Clear
10907,Bhopal,2024-01-30,17.0,1.0,73,Clear
10908,Bhopal,10/06/2024,16.5,211.5,67,Foggy
10909,Bhopal,01/28/2023,21.8,1.3,45,Humid
10910,Bhopal,29/04/2023,31.7,5.3,32,Cloudy
10911,Bhopal,10/11/2023,20.2,77.8,42,Cloudy
10912,Bhopal,2023-03-15,27.8,1.7,45,Cloudy
10913,Bhopal,2024-07-22,26.7,0.0,68,Rainy
10914,Bhopal,2023.10.28,31.1,28.5,33,Clear
10915,Bhopal,01-02-2024,7.3,12.8,52,Cloudy
10916,Bhopal,2024-01-10,20.4,0.0,63,Humid
10917,Bhopal,2023-01-07,15.3,0.0,37,Humid
10918,Bhopal,14/05/2024,32.8,5.7,82,Clear
10919,Bhopal,02-08-2024,27.2,0.0,43,Clear
10920,Bhopal,14-10-2024,27.5,37.8,64,Cloudy
10921,Bhopal,15/06/2024,34.3,462.5,65,Rainy
10922,Bhopal,2024.02.03,15.5,4.4,78,Humid
10923,Bhopal,2023.12.03,13.4,1.3,65,Cloudy
10924,Bhopal,21/06/2024,25.7,127.9,58,Cloudy
10925,Bhopal,2023-07-03,27.5,0.0,52,Rainy
10926,Bhopal,03/07/2023,28.4,54.1,55,Cloudy
10927,Bhopal,2024-02-05,13.2,17.8,39,Humid
10928,Bhopal,2023.09.03,24.4,0.0,58,Clear
10929,Bhopal,2024.08.11,20.1,431.6,41,Rainy
10930,Bhopal,03/12/2024,23.6,0.0,60,Clear
10931,Bhopal,2024-07-13,25.3,75.6,35,Foggy
10932,Bhopal,02/09/2024,18.9,3.2,47,Cloudy
10933,Bhopal,2024.11.11,27.0,21.1,47,Foggy
10934,Bhopal,2024-05-11,41.0,13.1,62,Clear
10935,Bhopal,31/12/2024,15.0,0.0,70,Rainy
10936,Bhopal,08-10-2024,29.8,0.0,37,Humid
10937,Bhopal,2023.03.21,35.7,,79,Clear
10938,Bhopal,05/14/2024,36.1,0.0,64,Clear
10939,Bhopal,2024-12-17,15.7,3.7,40,Stormy
10940,Bhopal,07-08-2023,33.9,199.3,63,Cloudy
10941,Bhopal,06/05/2024,30.1,0.0,48,Clear
10942,Bhopal,10/02/2023,52.0,73.4,80,Clear
10943,Bhopal,2024.10.13,30.0,5.6,66,Foggy
10944,Bhopal,20/01/2024,19.6,0.1,97,Cloudy
10945,Bhopal,10/27/2023,25.8,3.9,62,Rainy
10946,Bhopal,2023.07.04,23.0,62.9,37,Clear
10947,Bhopal,08-10-2024,25.3,28.7,39,Clear
10948,Bhopal,2024-12-09,14.9,,59,Cloudy
10949,Bhopal,2023-11-22,32.0,268.3,76,Humid
10950,Bhopal,10-10-2023,22.8,14.8,58,Foggy
10951,Bhopal,12/25/2024,16.4,1.7,60,Cloudy
10952,Bhopal,14-08-2023,21.8,5.9,69,Cloudy
10953,Bhopal,18/03/2024,38.1,3.4,66,Cloudy
10954,Bhopal,20-09-2024,30.7,0.0,77,Humid
10955,Bhopal,06-11-2024,21.4,5.5,50,Clear
10956,Bhopal,2023-12-16,14.7,1.7,75,Humid
10957,Bhopal,09/01/2023,14.5,0.9,80,Clear
10958,Bhopal,2024-05-05,52.0,9.9,51,Humid
10959,Bhopal,2024.07.29,24.6,151.3,72,Rainy
10960,Bhopal,21-05-2023,27.7,11.8,51,Rainy
10961,Bhopal,12/02/2024,13.1,0.2,25,Clear
10962,Bhopal,25/11/2023,27.0,0.0,67,Cloudy
10963,Bhopal,20/09/2023,31.1,461.9,56,Foggy
10964,Bhopal,2024-07-09,27.2,135.7,82,Foggy
10965,Bhopal,23/06/2024,24.5,,70,Clear
10966,Bhopal,18/05/2024,39.9,0.0,40,Cloudy
10967,Bhopal,09/27/2023,28.4,,51,Cloudy
10968,Coimbatore,2023.10.18,24.7,12.9,47,Humid
10969,Coimbatore,01-02-2023,15.8,1.1,79,Stormy
10970,Coimbatore,2023.04.20,34.9,0.2,69,Humid
10971,Coimbatore,18-12-2024,6.2,1.6,54,Clear
10972,Coimbatore,02/10/2023,13.4,0.8,46,Clear
10973,Coimbatore,12/24/2023,20.3,11.3,82,Humid
10974,Coimbatore,04/18/2023,25.5,2.1,63,Clear
10975,Coimbatore,08-02-2024,19.6,0.9,43,Cloudy
10976,Coimbatore,28/11/2023,24.2,19.0,60,Foggy
10977,Coimbatore,03/21/2024,36.0,6.2,61,Cloudy
10978,Coimbatore,2024.05.07,31.4,,47,Clear
10979,Coimbatore,01/05/2024,35.6,15.9,56,Humid
10980,Coimbatore,16-11-2023,24.5,50.8,72,Rainy
10981,Coimbatore,07/21/2023,55.2,78.5,72,Rainy
10982,Coimbatore,07-07-2024,25.0,0.0,83,Humid
10983,Coimbatore,30/04/2024,38.6,0.0,47,Stormy
10984,Coimbatore,31/12/2024,53.9,6.0,65,Stormy
10985,Coimbatore,2023-03-03,32.1,0.0,54,Clear
10986,Coimbatore,23/08/2023,29.2,35.8,67,Rainy
10987,Coimbatore,11-06-2023,33.6,396.8,68,Humid
10988,Coimbatore,2023.08.27,38.1,0.0,53,Rainy
10989,Coimbatore,2023.12.15,17.8,20.1,63,Clear
10990,Coimbatore,26/06/2023,32.8,69.9,57,Clear
10991,Coimbatore,21-12-2024,15.5,0.0,68,Clear
10992,Coimbatore,11/29/2024,30.4,21.9,66,Clear
10993,Coimbatore,2023-02-15,21.8,0.0,40,Humid
10994,Coimbatore,2023-02-21,20.5,10.4,80,Clear
10995,Coimbatore,09-07-2024,25.8,0.0,64,Cloudy
10996,Coimbatore,28-01-2023,19.6,7.3,36,Rainy
10997,Coimbatore,2023.12.01,14.0,0.0,62,Humid
10998,Coimbatore,07/13/2023,28.6,0.0,56,Rainy
10999,Coimbatore,2024-10-13,30.7,53.6,72,Rainy
11000,Coimbatore,2024-03-29,35.2,0.3,43,Clear
11001,Coimbatore,2024.02.26,21.6,3.9,97,Clear
11002,Coimbatore,2023-06-25,25.9,26.7,89,Rainy
11003,Coimbatore,03-05-2024,34.4,27.2,94,Cloudy
11004,Coimbatore,2023.12.07,18.6,10.7,79,Clear
11005,Coimbatore,2023.10.24,22.9,0.0,45,Clear
11006,Coimbatore,2023-01-17,21.1,2.4,61,Cloudy
11007,Coimbatore,05-12-2023,18.9,0.0,59,Cloudy
11008,Coimbatore,2023.03.17,32.2,0.0,49,Clear
11009,Coimbatore,09-02-2024,18.3,16.3,82,Clear
11010,Coimbatore,12/08/2024,28.9,401.9,66,Humid
11011,Coimbatore,01/28/2024,14.4,0.0,51,Humid
11012,Coimbatore,04/12/2024,33.1,1.4,73,Stormy
11013,Coimbatore,10/10/2024,35.2,8.1,64,Stormy
11014,Coimbatore,24/11/2024,29.2,43.0,48,Cloudy
11015,Coimbatore,2024-05-03,40.3,0.0,36,Humid
11016,Coimbatore,17-12-2023,11.6,4.1,61,Clear
11017,Coimbatore,07/24/2023,20.9,191.9,73,Foggy
11018,Coimbatore,21-03-2024,35.9,3.6,61,Clear
11019,Coimbatore,01-02-2023,14.3,0.0,70,Humid
11020,Coimbatore,04/02/2024,28.3,,58,Rainy
11021,Coimbatore,29-08-2024,31.1,164.9,66,Cloudy
11022,Coimbatore,2023-12-17,18.9,0.0,48,Clear
11023,Coimbatore,01-09-2024,26.7,195.4,63,Foggy
11024,Coimbatore,2024-07-17,27.4,27.0,53,Rainy
11025,Coimbatore,2023-02-12,28.2,0.0,44,Clear
11026,Coimbatore,25-03-2024,34.9,0.0,69,Cloudy
11027,Coimbatore,2024.04.17,35.0,11.0,51,Cloudy
11028,Coimbatore,2023-07-09,22.4,3.2,65,Clear
11029,Coimbatore,2024-10-09,26.1,16.2,58,Clear
11030,Coimbatore,2023-07-29,33.6,0.0,78,Rainy
11031,Coimbatore,2024.12.31,23.0,0.6,72,Clear
11032,Coimbatore,2024.11.17,24.4,0.0,75,Humid
11033,Coimbatore,06/02/2023,18.9,0.3,61,Rainy
11034,Coimbatore,2024.10.19,24.3,0.0,71,Clear
11035,Coimbatore,29-04-2024,30.3,2.1,37,Cloudy
11036,Coimbatore,11-02-2023,18.9,3.3,59,Stormy
11037,Coimbatore,28-09-2024,22.1,0.0,72,Clear
11038,Coimbatore,16-03-2023,36.5,7.9,45,Clear
11039,Coimbatore,10/10/2024,20.2,117.8,66,Humid
11040,Coimbatore,06/08/2024,27.2,90.0,57,Cloudy
11041,Coimbatore,2024-05-04,34.2,0.7,37,Clear
11042,Coimbatore,18-11-2023,23.5,0.0,16,Clear
11043,Coimbatore,2023-12-26,14.0,8.8,76,Cloudy
11044,Coimbatore,24/06/2023,51.7,199.7,66,Cloudy
11045,Coimbatore,10/08/2024,27.5,125.6,75,Humid
11046,Coimbatore,08/01/2023,22.8,2.7,66,Clear
11047,Coimbatore,2023.06.23,28.1,26.6,74,Foggy
11048,Coimbatore,2023.03.05,26.0,0.0,69,Rainy
11049,Coimbatore,2023-06-23,27.7,0.0,36,Stormy
11050,Coimbatore,07-01-2024,17.5,27.4,64,Clear
11051,Coimbatore,28-07-2024,26.6,45.6,69,Cloudy
11052,Coimbatore,2023-05-16,42.4,0.0,41,Foggy
11053,Coimbatore,04/04/2023,28.5,2.8,59,Clear
11054,Coimbatore,2023.12.01,18.5,0.6,48,Clear
11055,Coimbatore,2024-09-21,26.0,25.0,69,Rainy
11056,Coimbatore,2024.05.12,32.3,0.2,39,Stormy
11057,Coimbatore,23/03/2024,41.1,6.7,71,Cloudy
11058,Coimbatore,26-10-2024,22.7,5.4,79,Humid
11059,Coimbatore,2024.07.18,33.4,0.0,52,Cloudy
11060,Coimbatore,2024.06.02,34.1,0.0,74,Rainy
11061,Coimbatore,2024-06-04,29.5,119.0,32,Clear
11062,Coimbatore,2023.02.19,18.6,2.7,41,Clear
11063,Coimbatore,2024.06.12,37.0,98.0,-72,Clear
11064,Coimbatore,2024-07-20,24.7,69.5,33,Humid
11065,Coimbatore,03-09-2023,29.0,6.9,62,Clear
11066,Coimbatore,08/23/2024,31.5,0.0,48,Rainy
11067,Coimbatore,05/28/2024,39.4,23.9,46,Rainy
11068,Coimbatore,01/02/2024,18.7,1.6,64,Cloudy
11069,Coimbatore,2024-01-12,21.5,1.5,71,Foggy
11070,Coimbatore,21-11-2024,25.4,0.0,54,Humid
11071,Coimbatore,01/18/2024,20.1,14.1,43,Cloudy
11072,Coimbatore,15-03-2023,37.6,10.8,56,Humid
11073,Coimbatore,19-06-2023,29.9,166.4,39,Clear
11074,Coimbatore,15-06-2023,25.0,21.4,42,Clear
11075,Coimbatore,2024.07.20,26.0,194.5,96,Clear
11076,Coimbatore,2023-01-18,15.0,2.6,69,Clear
11077,Coimbatore,06/05/2023,33.8,1.3,72,Clear
11078,Coimbatore,16/03/2023,39.0,0.5,67,Clear
11079,Coimbatore,12/08/2023,30.9,18.5,46,Cloudy
11080,Coimbatore,2023.10.03,28.2,2.7,61,Cloudy
11081,Coimbatore,31-08-2023,26.2,67.8,47,Rainy
11082,Coimbatore,2023-12-24,20.7,4.1,78,Rainy
11083,Coimbatore,12-04-2024,38.7,0.0,58,Stormy
11084,Coimbatore,2024.04.01,33.8,24.7,59,Clear
11085,Coimbatore,05/24/2023,37.8,6.8,59,Cloudy
11086,Coimbatore,17-05-2024,34.2,0.0,60,Clear
11087,Coimbatore,2024.12.04,13.0,2.4,74,Cloudy
11088,Coimbatore,20/09/2024,30.4,170.8,67,Cloudy
11089,Coimbatore,11-05-2023,38.1,0.0,79,Clear
11090,Coimbatore,17/01/2023,19.3,6.7,50,Clear
11091,Coimbatore,24/07/2023,30.6,0.0,67,Stormy
11092,Coimbatore,13-11-2024,21.3,0.0,41,Humid
11093,Coimbatore,2024-01-02,21.5,4.6,71,Cloudy
11094,Coimbatore,2024-02-03,25.4,23.6,98,Stormy
11095,Coimbatore,2023.07.20,22.6,256.9,63,Clear
11096,Coimbatore,20/08/2024,24.2,56.6,63,Cloudy
11097,Coimbatore,29-07-2023,31.2,0.0,62,Rainy
11098,Coimbatore,31/07/2024,32.8,0.6,44,Cloudy
11099,Coimbatore,09/11/2023,26.6,29.7,59,Cloudy
11100,Coimbatore,04-04-2024,31.9,1.1,73,Cloudy
11101,Coimbatore,08-07-2023,24.8,0.0,46,Foggy
11102,Coimbatore,11-01-2024,17.1,0.0,48,Clear
11103,Coimbatore,16/11/2023,33.3,2.9,43,Clear
11104,Coimbatore,2024-10-10,30.3,22.7,64,Clear
11105,Coimbatore,2023.01.15,25.0,21.4,22,Cloudy
11106,Coimbatore,05/24/2024,26.0,2.9,33,Clear
11107,Coimbatore,08/25/2024,31.1,76.7,73,Clear
11108,Coimbatore,2024.05.16,36.0,0.0,42,Clear
11109,Coimbatore,05/10/2024,30.8,0.0,-80,Stormy
11110,Coimbatore,2024.10.30,20.7,36.0,56,Cloudy
11111,Coimbatore,12/12/2024,18.3,0.2,59,Cloudy
11112,Coimbatore,07/15/2023,25.0,0.0,31,Cloudy
11113,Coimbatore,2024-12-04,19.7,3.8,44,Clear
11114,Coimbatore,2023-10-31,33.2,0.0,63,Cloudy
11115,Coimbatore,2024-03-23,31.7,0.7,51,Humid
11116,Coimbatore,22-09-2024,28.5,160.8,47,Rainy
11117,Coimbatore,16/03/2024,34.3,2.4,41,Clear
11118,Coimbatore,2024-11-26,25.6,38.8,54,Clear
11119,Coimbatore,28/02/2024,18.9,6.7,40,Foggy
11120,Coimbatore,2024.12.16,23.9,3.9,87,Clear
11121,Coimbatore,2023.04.25,29.0,0.0,46,Clear
11122,Coimbatore,04/04/2024,34.6,2.6,63,Foggy
11123,Coimbatore,09/07/2024,29.8,31.1,88,Rainy
11124,Coimbatore,04/04/2024,31.7,,52,Stormy
11125,Coimbatore,2024.02.13,13.0,10.3,54,Humid
11126,Coimbatore,2024-12-27,18.1,0.0,43,Foggy
11127,Coimbatore,2023-07-28,24.8,41.0,92,Rainy
11128,Coimbatore,2023-10-25,20.2,32.2,52,Humid
11129,Coimbatore,07/24/2024,27.7,26.3,24,Stormy
11130,Coimbatore,20/03/2024,31.7,17.5,41,Rainy
11131,Coimbatore,01/13/2024,17.0,1.0,60,Foggy
11132,Coimbatore,2023.12.14,21.0,0.0,46,Cloudy
11133,Coimbatore,09-04-2024,35.4,1.2,40,Clear
11134,Coimbatore,2024.05.23,35.6,0.0,53,Humid
11135,Coimbatore,12-11-2024,24.1,5.4,66,Clear
11136,Coimbatore,2024-05-25,31.1,12.3,-48,Cloudy
11137,Coimbatore,2024-11-16,24.7,0.0,60,Stormy
11138,Coimbatore,26/04/2024,34.3,4.5,73,Cloudy
11139,Coimbatore,01/06/2024,28.9,0.0,33,Foggy
11140,Coimbatore,30/09/2023,21.1,31.7,57,Clear
11141,Coimbatore,18-03-2023,36.1,28.5,63,Clear
11142,Coimbatore,02/29/2024,14.0,0.0,60,Rainy
11143,Coimbatore,17-05-2023,28.7,3.1,42,Rainy
11144,Coimbatore,2023-01-10,11.8,0.1,100,Clear
11145,Coimbatore,2023.02.15,19.3,5.1,67,Stormy
11146,Coimbatore,20-11-2023,23.9,65.8,78,Clear
11147,Coimbatore,31/08/2024,26.4,167.3,17,Rainy
11148,Coimbatore,2023.12.24,18.4,7.4,40,Foggy
11149,Coimbatore,06/09/2023,25.4,0.0,85,Cloudy
11150,Coimbatore,28-06-2024,25.4,72.3,46,Rainy
11151,Coimbatore,01-04-2024,32.9,0.0,59,Clear
11152,Coimbatore,06/15/2024,31.3,95.7,57,Clear
11153,Coimbatore,08/10/2024,23.0,37.5,70,Foggy
11154,Coimbatore,19-06-2024,28.4,0.0,86,Foggy
11155,Coimbatore,2023.12.05,16.4,1.8,33,Humid
11156,Coimbatore,2023.07.03,31.3,0.0,59,Clear
11157,Coimbatore,12/06/2023,28.5,0.0,60,Clear
11158,Coimbatore,2024-01-04,16.4,0.5,82,Clear
11159,Coimbatore,22-10-2023,30.2,133.5,49,Foggy
11160,Coimbatore,01/15/2024,17.1,0.0,50,Clear
11161,Coimbatore,05/05/2024,34.6,0.0,64,Cloudy
11162,Coimbatore,08/10/2023,30.5,20.9,51,Clear
11163,Coimbatore,01/05/2023,28.4,0.0,-51,Clear
11164,Coimbatore,12/20/2023,21.4,0.0,67,Clear
11165,Coimbatore,2024-06-16,24.9,,57,Cloudy
11166,Coimbatore,2023-02-24,18.4,13.8,91,Foggy
11167,Coimbatore,01/23/2024,11.6,0.5,70,Cloudy
11168,Coimbatore,2024.02.02,15.3,4.5,61,Clear
11169,Coimbatore,04/06/2024,36.6,160.2,100,Rainy
11170,Coimbatore,2023-02-14,12.4,10.1,-52,Rainy
11171,Coimbatore,2023-01-09,18.3,6.2,60,Cloudy
11172,Coimbatore,2024.12.21,14.1,1.3,56,Clear
11173,Coimbatore,2023.09.16,29.8,102.2,44,Humid
11174,Coimbatore,10/02/2023,20.2,21.5,67,Clear
11175,Coimbatore,11-03-2024,39.8,0.0,80,Clear
11176,Coimbatore,02/14/2023,13.5,3.7,64,Cloudy
11177,Coimbatore,2024.08.17,21.6,107.2,52,Rainy
11178,Coimbatore,22-07-2024,35.4,13.8,45,Clear
11179,Coimbatore,2024-09-16,32.0,0.0,58,Rainy
11180,Coimbatore,2024.07.08,20.5,52.3,53,Foggy
11181,Coimbatore,08/19/2024,23.2,14.9,58,Cloudy
11182,Coimbatore,06/12/2023,31.3,110.9,78,Cloudy
11183,Coimbatore,13-06-2023,36.4,17.3,67,Foggy
11184,Coimbatore,2023-11-10,28.6,9.4,58,Humid
11185,Coimbatore,17/11/2023,16.3,68.6,38,Cloudy
11186,Coimbatore,06/02/2023,14.9,3.3,68,Cloudy
11187,Coimbatore,22-06-2023,29.3,0.0,32,Foggy
11188,Coimbatore,08/20/2024,30.1,16.3,37,Stormy
11189,Coimbatore,2024-12-17,19.8,6.0,57,Humid
11190,Coimbatore,2024-10-14,22.0,77.4,76,Rainy
11191,Coimbatore,05/06/2024,36.9,93.4,50,Rainy
11192,Coimbatore,2023.03.22,31.0,27.9,47,Humid
11193,Coimbatore,31-07-2023,25.0,66.8,50,Cloudy
11194,Coimbatore,28/11/2023,26.7,0.0,45,Foggy
11195,Coimbatore,2023-05-29,28.6,0.0,67,Clear
11196,Coimbatore,18-12-2023,19.9,0.0,53,Rainy
11197,Coimbatore,2024-09-01,29.7,0.0,77,Cloudy
11198,Coimbatore,2024-07-22,23.3,90.6,68,Humid
11199,Coimbatore,05-04-2024,26.1,0.1,55,Rainy
11200,Coimbatore,13/02/2024,16.9,6.2,55,Clear
11201,Coimbatore,2024.04.08,34.4,35.7,75,Clear
11202,Coimbatore,29-11-2023,28.4,24.1,90,Humid
11203,Coimbatore,12/03/2023,33.2,0.5,88,Rainy
11204,Coimbatore,2023-05-08,32.5,0.0,50,Clear
11205,Coimbatore,2024.08.17,24.1,88.5,68,Cloudy
11206,Coimbatore,11/09/2024,27.4,132.3,53,Cloudy
11207,Coimbatore,06/10/2024,27.1,0.0,53,Cloudy
11208,Coimbatore,2023.08.21,25.2,0.0,31,Clear
11209,Coimbatore,2024-04-04,37.0,10.6,35,Cloudy
11210,Coimbatore,06-03-2024,36.7,12.5,62,Humid
11211,Coimbatore,19-12-2023,56.4,3.9,95,Rainy
11212,Coimbatore,27-12-2024,12.8,1.3,51,Rainy
11213,Coimbatore,02/09/2024,12.7,0.5,48,Clear
11214,Coimbatore,02-10-2024,29.6,4.3,50,Cloudy
11215,Coimbatore,09/02/2023,14.7,6.9,76,Clear
11216,Coimbatore,07/09/2023,26.0,148.9,61,Rainy
11217,Coimbatore,2024.01.03,10.4,0.6,76,Clear
11218,Coimbatore,11/03/2023,34.3,3.2,68,Clear
11219,Coimbatore,08-09-2024,24.8,0.0,37,Humid
11220,Coimbatore,2024-01-14,23.1,1.2,39,Clear
11221,Coimbatore,02/07/2023,20.9,0.0,74,Rainy
11222,Coimbatore,2024.03.05,33.9,8.0,52,Clear
11223,Coimbatore,30-12-2024,22.1,11.4,47,Rainy
11224,Coimbatore,2023.01.11,14.6,0.0,35,Humid
11225,Coimbatore,2024-12-02,15.6,0.0,49,Clear
11226,Coimbatore,03/08/2023,30.3,205.6,74,Cloudy
11227,Coimbatore,04/05/2024,33.5,0.0,63,Foggy
11228,Coimbatore,2023-10-26,24.1,9.4,52,Rainy
11229,Coimbatore,2024-09-08,36.7,9.7,44,Rainy
11230,Coimbatore,30/04/2024,34.5,0.0,47,Humid
11231,Coimbatore,08/12/2024,26.3,0.0,67,Humid
11232,Coimbatore,04/18/2023,34.7,17.3,77,Clear
11233,Coimbatore,2024.08.15,26.5,115.4,62,Cloudy
11234,Coimbatore,2023.11.05,25.6,10.1,40,Clear
11235,Coimbatore,05/21/2023,28.2,14.3,63,Foggy
11236,Coimbatore,18/07/2024,22.5,0.0,44,Rainy
11237,Coimbatore,2023-01-19,18.7,0.0,57,Foggy
11238,Coimbatore,2024.08.24,30.9,333.1,75,Clear
11239,Coimbatore,24/01/2024,13.0,1.9,73,Clear
11240,Coimbatore,06/30/2024,22.1,11.7,76,Cloudy
11241,Coimbatore,01/29/2024,12.5,0.0,59,Clear
11242,Coimbatore,05/05/2023,30.5,4.2,71,Cloudy
11243,Coimbatore,2023.06.06,19.7,58.7,52,Clear
11244,Coimbatore,2023-06-27,35.3,73.0,59,Rainy
11245,Coimbatore,16/04/2024,35.6,3.2,56,Cloudy
11246,Coimbatore,09/14/2024,29.2,161.3,60,Cloudy
11247,Coimbatore,07/10/2024,30.7,197.7,29,Cloudy
11248,Coimbatore,06/11/2024,23.5,0.0,70,Clear
11249,Coimbatore,2024.12.22,15.4,,72,Cloudy
11250,Coimbatore,2024.09.01,21.6,101.6,21,Cloudy
11251,Coimbatore,09/11/2023,32.1,121.9,54,Cloudy
11252,Coimbatore,17/07/2023,25.5,0.3,68,Cloudy
11253,Coimbatore,17-12-2023,17.7,1.8,64,Humid
11254,Coimbatore,02/10/2023,21.7,0.0,43,Cloudy
11255,Coimbatore,2023-07-07,27.5,371.6,42,Clear
11256,Coimbatore,2023-03-17,25.2,0.5,54,Clear
11257,Coimbatore,13/09/2024,26.3,63.3,44,Clear
11258,Coimbatore,2024-03-14,27.7,0.0,68,Clear
11259,Coimbatore,2023.09.18,20.8,210.6,70,Clear
11260,Coimbatore,14-01-2023,13.9,3.0,71,Clear
11261,Coimbatore,2024-01-25,19.6,20.3,37,Humid
11262,Coimbatore,08/29/2023,32.2,30.6,40,Humid
11263,Coimbatore,16-04-2024,37.9,16.1,63,Clear
11264,Coimbatore,17-02-2023,13.9,4.8,36,Rainy
11265,Coimbatore,2023.06.12,33.0,5.1,51,Clear
11266,Coimbatore,2023.04.13,34.6,0.6,67,Cloudy
11267,Coimbatore,13-05-2023,28.9,3.8,58,Rainy
11268,Coimbatore,15-05-2024,33.3,,74,Cloudy
11269,Coimbatore,10/20/2023,31.0,16.7,33,Cloudy
11270,Coimbatore,02/10/2023,19.8,0.3,77,Cloudy
11271,Coimbatore,2024-11-29,25.4,25.5,71,Rainy
11272,Coimbatore,10/10/2023,28.9,11.8,69,Rainy
11273,Coimbatore,05/14/2023,40.5,0.0,51,Humid
11274,Coimbatore,2023-08-08,25.7,0.0,59,Rainy
11275,Coimbatore,12-06-2024,25.6,155.3,48,Cloudy
11276,Coimbatore,28-11-2023,27.3,0.0,59,Clear
11277,Coimbatore,26-06-2023,27.8,97.4,83,Foggy
11278,Coimbatore,2023-09-10,23.8,254.6,51,Rainy
11279,Coimbatore,10-05-2023,31.0,20.5,85,Cloudy
11280,Coimbatore,09/01/2024,19.3,7.3,57,Humid
11281,Coimbatore,01/03/2023,34.6,0.0,61,Clear
11282,Coimbatore,04/26/2024,30.5,8.7,74,Humid
11283,Coimbatore,22-06-2023,28.8,185.2,73,Clear
11284,Coimbatore,2024-08-07,27.9,6.5,53,Clear
11285,Coimbatore,09/20/2023,26.3,170.8,53,Rainy
11286,Coimbatore,03/16/2024,33.5,23.8,48,Cloudy
11287,Coimbatore,20-12-2023,13.8,4.2,54,Cloudy
11288,Coimbatore,23/12/2024,20.8,1.6,36,Clear
11289,Coimbatore,17-01-2023,19.7,1.4,69,Humid
11290,Coimbatore,22-03-2023,33.3,0.8,52,Clear
11291,Coimbatore,2024-09-08,26.1,30.2,57,Humid
11292,Coimbatore,2024.06.13,35.0,29.2,64,Humid
11293,Coimbatore,2023-02-11,18.2,9.8,68,Cloudy
11294,Coimbatore,2023.12.25,20.8,0.0,86,Humid
11295,Coimbatore,19/04/2024,32.5,0.7,62,Rainy
11296,Coimbatore,09/04/2023,21.1,0.0,68,Humid
11297,Coimbatore,10/09/2023,23.3,4.2,32,Foggy
11298,Coimbatore,01-03-2023,31.9,4.0,75,Stormy
11299,Coimbatore,08-09-2023,30.9,116.2,58,Stormy
11300,Coimbatore,2024.03.20,28.0,4.4,38,Stormy
11301,Coimbatore,2024.03.02,33.0,3.1,46,Clear
11302,Coimbatore,2024-10-17,15.8,145.0,69,Clear
11303,Coimbatore,24-03-2024,25.7,8.9,51,Stormy
11304,Coimbatore,2024.10.03,26.7,2.7,52,Clear
11305,Coimbatore,2024.12.21,12.9,4.5,39,Clear
11306,Coimbatore,28-09-2024,31.9,179.4,49,Clear
11307,Coimbatore,2023.02.09,13.9,1.8,55,Rainy
11308,Coimbatore,15/08/2023,26.7,22.0,74,Rainy
11309,Coimbatore,2024-08-11,29.1,96.7,38,Rainy
11310,Coimbatore,05-12-2023,20.8,0.9,68,Clear
11311,Coimbatore,09/12/2024,32.2,101.8,52,Humid
11312,Coimbatore,25/02/2024,14.9,0.0,67,Clear
11313,Coimbatore,04/01/2023,30.1,9.8,57,Humid
11314,Coimbatore,28-05-2023,29.7,0.2,47,Clear
11315,Coimbatore,15/01/2023,13.9,3.1,72,Clear
11316,Coimbatore,01/01/2023,15.8,0.0,59,Cloudy
11317,Coimbatore,09/17/2024,24.3,27.2,73,Clear
11318,Coimbatore,09/02/2024,17.6,0.0,61,Foggy
11319,Coimbatore,09/04/2023,30.2,29.1,72,Rainy
11320,Coimbatore,16/06/2024,30.5,163.5,48,Rainy
11321,Coimbatore,29/12/2023,17.8,2.1,41,Clear
11322,Coimbatore,04/09/2024,30.3,18.9,24,Stormy
11323,Coimbatore,11/15/2024,21.4,0.0,55,Rainy
11324,Coimbatore,08/10/2024,24.8,16.0,78,Rainy
11325,Coimbatore,08-07-2023,29.6,0.0,48,Rainy
11326,Coimbatore,18-11-2023,26.2,1.3,65,Stormy
11327,Coimbatore,02-02-2023,21.2,9.8,75,Humid
11328,Coimbatore,22-11-2024,30.8,12.5,39,Clear
11329,Coimbatore,03/22/2024,31.5,2.9,49,Clear
11330,Coimbatore,04-07-2023,26.2,0.0,49,Clear
11331,Coimbatore,10/25/2023,35.5,20.2,58,Foggy
11332,Coimbatore,2024-07-22,21.7,0.0,42,Humid
11333,Coimbatore,14/01/2023,20.5,0.0,68,Humid
11334,Coimbatore,27-03-2024,31.5,34.7,87,Humid
11335,Coimbatore,2024-09-19,21.7,87.0,56,Clear
11336,Coimbatore,04/11/2024,33.8,1.1,-75,Humid
11337,Coimbatore,06/25/2024,30.7,25.6,67,Cloudy
11338,Coimbatore,2023.08.27,24.8,468.3,49,Humid
11339,Coimbatore,18/07/2023,29.1,71.1,39,Rainy
11340,Coimbatore,2024-02-18,17.1,0.0,-51,Cloudy
11341,Coimbatore,2024-12-18,23.9,0.0,74,Clear
11342,Coimbatore,2023-04-11,29.6,7.6,52,Foggy
11343,Coimbatore,2024-10-04,24.9,2.4,59,Cloudy
11344,Coimbatore,09/06/2023,29.1,14.9,55,Rainy
11345,Coimbatore,2024-09-20,34.4,175.4,42,Clear
11346,Coimbatore,12/23/2024,17.4,1.1,63,Clear
11347,Coimbatore,09/29/2023,29.1,0.0,58,Rainy
11348,Coimbatore,2023-11-11,28.5,11.2,53,Rainy
11349,Coimbatore,2024.10.20,30.7,27.6,54,Foggy
11350,Coimbatore,05/22/2023,34.1,16.0,51,Clear
11351,Coimbatore,2024.03.06,39.5,2.4,83,Cloudy
11352,Coimbatore,2024.02.03,20.3,20.3,35,Clear
11353,Coimbatore,2024.04.27,33.8,0.0,48,Rainy
11354,Coimbatore,06/25/2023,26.8,134.1,45,Clear
11355,Coimbatore,2024.01.14,18.5,24.5,58,Rainy
11356,Coimbatore,2024-07-20,28.8,49.4,74,Clear
11357,Coimbatore,23-05-2023,30.2,3.1,60,Clear
11358,Coimbatore,2023.07.10,36.5,0.0,53,Clear
11359,Coimbatore,19-05-2024,31.2,1.3,47,Stormy
11360,Coimbatore,10-02-2023,13.2,2.5,58,Clear
11361,Coimbatore,11-08-2024,27.8,0.0,17,Clear
11362,Coimbatore,11/14/2024,31.2,38.5,43,Foggy
11363,Coimbatore,08-10-2024,28.5,5.3,56,Cloudy
11364,Coimbatore,17/05/2023,35.1,0.7,72,Rainy
11365,Coimbatore,11/03/2023,37.8,1.4,35,Cloudy
11366,Coimbatore,2023-10-04,33.0,7.2,81,Cloudy
11367,Coimbatore,15-11-2024,25.5,43.4,90,Stormy
11368,Coimbatore,03/03/2023,27.2,17.5,46,Clear
11369,Coimbatore,2024.04.01,26.8,,62,Clear
11370,Coimbatore,14-09-2023,34.8,308.3,62,Clear
11371,Coimbatore,21/05/2024,35.1,0.0,80,Clear
11372,Coimbatore,08/25/2023,25.4,0.0,49,Stormy
11373,Coimbatore,04/05/2023,33.7,2.6,53,Clear
11374,Coimbatore,14-12-2023,15.6,9.7,81,Humid
11375,Coimbatore,2024-07-27,28.4,147.3,82,Rainy
11376,Coimbatore,20-08-2023,25.2,246.9,67,Cloudy
11377,Coimbatore,10/11/2023,25.7,2.8,78,Clear
11378,Coimbatore,2024-02-08,18.7,0.3,75,Humid
11379,Coimbatore,07-04-2023,34.5,0.0,89,Stormy
11380,Coimbatore,08/04/2023,28.5,67.7,61,Cloudy
11381,Coimbatore,03/05/2024,35.0,0.0,87,Clear
11382,Coimbatore,2023.08.17,23.3,0.0,38,Cloudy
11383,Coimbatore,07/02/2024,27.6,56.1,57,Clear
11384,Coimbatore,2023-01-26,18.7,2.2,67,Stormy
11385,Coimbatore,2024-01-31,19.8,6.4,52,Rainy
11386,Coimbatore,21-11-2023,25.2,15.6,62,Clear
11387,Coimbatore,02/14/2024,7.5,0.7,99,Foggy
11388,Coimbatore,2024-06-15,25.2,38.5,56,Clear
11389,Coimbatore,2024.04.02,35.8,0.0,50,Rainy
11390,Coimbatore,10/06/2023,31.3,30.5,50,Clear
11391,Coimbatore,30/06/2024,27.8,62.2,47,Stormy
11392,Coimbatore,2023-09-16,33.7,0.0,49,Humid
11393,Coimbatore,2024.04.11,33.7,0.0,60,Clear
11394,Coimbatore,2024.10.06,24.5,0.0,44,Foggy
11395,Coimbatore,2024.09.27,36.6,79.2,71,Clear
11396,Coimbatore,11/12/2023,22.6,0.0,74,Rainy
11397,Coimbatore,2023-11-24,22.8,0.0,90,Foggy
11398,Coimbatore,19-05-2023,30.7,27.2,37,Clear
11399,Coimbatore,03-08-2024,23.3,0.0,33,Humid
11400,Coimbatore,2024-01-19,14.5,1.5,67,Clear
11401,Coimbatore,2023-02-26,13.8,0.0,67,Clear
11402,Coimbatore,2024-06-02,32.8,2.9,57,Foggy
11403,Coimbatore,12/17/2023,14.9,0.0,56,Foggy
11404,Coimbatore,2023.07.22,32.7,0.3,65,Rainy
11405,Coimbatore,08/17/2024,28.5,27.2,64,Clear
11406,Coimbatore,12/13/2024,14.3,1.7,65,Clear
11407,Coimbatore,2024.02.26,16.4,0.0,50,Cloudy
11408,Coimbatore,2024.07.16,23.7,388.6,51,Clear
11409,Coimbatore,21/11/2024,27.8,0.0,60,Humid
11410,Coimbatore,2024.01.03,13.9,1.6,46,Foggy
11411,Coimbatore,2023.07.02,22.8,23.9,64,Clear
11412,Coimbatore,13/10/2023,28.4,37.9,49,Foggy
11413,Coimbatore,2023.02.06,20.9,0.0,60,Clear
11414,Coimbatore,15/08/2024,25.3,45.1,73,Clear
11415,Coimbatore,16/10/2023,25.4,14.8,73,Clear
11416,Coimbatore,2024-12-28,10.2,3.8,43,Clear
11417,Coimbatore,25-03-2024,32.5,9.5,48,Cloudy
11418,Coimbatore,12-12-2023,15.1,8.4,39,Foggy
11419,Coimbatore,2023-11-26,25.3,0.0,60,Cloudy
11420,Coimbatore,2024-03-07,33.3,0.0,61,Stormy
11421,Coimbatore,31-08-2024,33.5,36.0,23,Rainy
11422,Coimbatore,2024.01.21,22.0,0.0,86,Clear
11423,Coimbatore,22-11-2023,26.1,2.8,49,Humid
11424,Coimbatore,2024.03.16,55.6,5.0,63,Clear
11425,Coimbatore,2023-08-20,29.7,43.9,60,Clear
11426,Coimbatore,09-10-2024,25.7,5.0,60,Cloudy
11427,Coimbatore,17-06-2023,29.6,0.0,64,Clear
11428,Coimbatore,11/30/2024,30.0,0.0,56,Clear
11429,Coimbatore,28-11-2024,27.2,49.9,53,Clear
11430,Coimbatore,12/19/2023,19.4,6.1,50,Foggy
11431,Coimbatore,2023.06.05,30.2,0.0,44,Humid
11432,Coimbatore,07/07/2024,24.0,10.0,56,Cloudy
11433,Coimbatore,10/07/2023,22.4,38.2,48,Rainy
11434,Coimbatore,23-05-2023,33.4,3.4,87,Humid
11435,Coimbatore,09/03/2024,29.5,5.5,56,Rainy
11436,Coimbatore,09/14/2024,27.7,13.9,83,Humid
11437,Coimbatore,2023-10-22,24.3,40.0,50,Clear
11438,Coimbatore,2024-01-31,18.6,1.5,85,Humid
11439,Coimbatore,19/07/2024,23.3,166.3,59,Clear
11440,Coimbatore,08/05/2023,34.2,0.0,69,Clear
11441,Coimbatore,17/08/2023,34.6,89.4,49,Clear
11442,Coimbatore,2023.09.10,28.8,0.0,66,Humid
11443,Coimbatore,2024-05-22,31.0,5.2,56,Stormy
11444,Coimbatore,23-06-2023,29.9,0.0,58,Humid
11445,Coimbatore,2023.02.19,16.2,0.0,50,Foggy
11446,Coimbatore,2023-11-21,23.8,44.2,75,Cloudy
11447,Coimbatore,2024.10.18,26.6,10.8,43,Cloudy
11448,Coimbatore,2024.12.30,23.2,17.4,73,Rainy
11449,Coimbatore,2024.12.14,19.1,0.0,58,Cloudy
11450,Coimbatore,12-05-2024,32.0,0.6,55,Clear
11451,Coimbatore,30/08/2024,23.0,33.4,76,Rainy
11452,Coimbatore,2024.09.23,26.8,95.7,58,Stormy
11453,Coimbatore,03/31/2024,32.4,0.0,71,Clear
11454,Coimbatore,2023.07.06,18.0,64.0,74,Clear
11455,Coimbatore,2024-12-07,28.5,10.5,66,Cloudy
11456,Coimbatore,04/14/2024,34.5,2.3,66,Cloudy
11457,Coimbatore,02/12/2023,12.4,0.0,51,Clear
11458,Coimbatore,2023.01.19,17.2,0.0,69,Foggy
11459,Coimbatore,02/04/2023,41.2,22.9,41,Rainy
11460,Coimbatore,2023.10.22,25.7,12.7,41,Clear
11461,Coimbatore,19/07/2023,32.5,51.8,70,Cloudy
11462,Coimbatore,10/11/2023,30.3,0.2,85,Clear
11463,Coimbatore,2024-01-04,21.3,1.3,65,Foggy
11464,Coimbatore,23/07/2024,28.1,16.6,61,Humid
11465,Coimbatore,2023-01-09,18.4,13.1,43,Rainy
11466,Coimbatore,2023.07.18,24.2,60.9,62,Clear
11467,Coimbatore,12/27/2024,24.7,4.7,53,Clear
11468,Coimbatore,30-04-2024,33.6,0.0,51,Clear
11469,Coimbatore,22/10/2023,20.0,41.3,51,Humid
11470,Coimbatore,2023.07.20,26.0,151.4,41,Clear
11471,Coimbatore,2024.02.26,17.4,0.9,42,Clear
11472,Coimbatore,13/09/2023,23.1,307.4,38,Humid
11473,Coimbatore,2023.03.04,35.3,5.3,53,Cloudy
11474,Coimbatore,2023.09.14,27.4,105.5,55,Rainy
11475,Coimbatore,12/30/2024,18.0,0.0,72,Rainy
11476,Coimbatore,2024.11.24,14.6,5.0,93,Cloudy
11477,Coimbatore,12-10-2023,36.1,70.8,62,Cloudy
11478,Coimbatore,2024-12-23,18.8,1.0,34,Humid
11479,Coimbatore,2023-09-29,23.9,4.3,92,Clear
11480,Coimbatore,23/08/2023,28.0,104.6,62,Cloudy
11481,Coimbatore,2023-04-30,38.0,10.4,76,Cloudy
11482,Coimbatore,2023-01-10,25.2,2.6,62,Rainy
11483,Coimbatore,2023-10-23,21.2,32.9,66,Humid
11484,Coimbatore,03/09/2024,32.0,0.0,50,Cloudy
11485,Coimbatore,2023-10-02,32.8,73.8,78,Humid
11486,Coimbatore,03-06-2023,24.5,0.0,62,Cloudy
11487,Coimbatore,25/06/2024,22.0,80.1,64,Cloudy
11488,Coimbatore,2023-06-09,26.0,0.0,54,Clear
11489,Coimbatore,08-02-2023,27.1,0.6,65,Clear
11490,Coimbatore,09-10-2023,24.8,18.3,50,Clear
11491,Coimbatore,03/17/2023,26.2,11.6,75,Humid
11492,Coimbatore,13/02/2024,9.2,7.0,44,Clear
11493,Coimbatore,22/01/2023,18.9,5.1,63,Clear
11494,Coimbatore,2024-11-22,28.0,0.0,53,Humid
11495,Coimbatore,06/12/2023,24.8,2.9,73,Clear
11496,Coimbatore,12/12/2024,19.3,2.5,63,Humid
11497,Coimbatore,2024-08-03,22.7,0.0,57,Foggy
11498,Coimbatore,10/26/2024,22.7,0.0,71,Clear
11499,Coimbatore,2023-11-02,28.9,0.0,88,Clear
11500,Coimbatore,30/12/2024,22.1,0.0,60,Stormy
11501,Coimbatore,2023.04.23,32.1,,68,Cloudy
11502,Coimbatore,07/31/2023,28.4,122.6,75,Clear
11503,Coimbatore,19-02-2024,17.7,3.7,88,Rainy
11504,Coimbatore,2024-05-25,31.8,0.0,35,Clear
11505,Coimbatore,2024.04.22,35.5,0.0,42,Rainy
11506,Coimbatore,16-01-2023,16.6,0.0,70,Clear
11507,Coimbatore,2023-05-16,32.5,3.8,44,Cloudy
11508,Coimbatore,30-04-2024,32.6,15.1,35,Cloudy
11509,Coimbatore,2024-02-21,13.1,7.4,56,Humid
11510,Coimbatore,11/08/2023,30.4,104.4,61,Rainy
11511,Coimbatore,20-09-2023,21.6,38.5,77,Clear
11512,Coimbatore,26-09-2023,27.5,109.4,47,Foggy
11513,Coimbatore,2024-10-26,25.1,0.0,37,Rainy
11514,Coimbatore,2024-06-02,30.5,90.7,56,Rainy
11515,Coimbatore,2023.06.26,25.2,28.2,67,Rainy
11516,Coimbatore,01/10/2023,19.8,12.8,59,Clear
11517,Coimbatore,28-05-2023,34.1,10.0,43,Clear
11518,Coimbatore,26-05-2023,31.0,0.0,55,Stormy
11519,Coimbatore,2023.11.12,28.9,8.1,67,Rainy
11520,Coimbatore,2024-11-05,36.0,16.6,73,Clear
11521,Coimbatore,2024-12-26,12.8,8.5,39,Clear
11522,Coimbatore,2024-09-27,27.0,290.8,82,Cloudy
11523,Coimbatore,2024.11.23,30.9,10.6,82,Clear
11524,Coimbatore,2024.03.30,24.0,7.7,44,Rainy
11525,Coimbatore,2023-09-11,22.3,150.5,50,Rainy
11526,Coimbatore,20-05-2023,33.1,7.8,52,Cloudy
11527,Coimbatore,27/02/2024,15.8,0.0,73,Cloudy
11528,Coimbatore,2024.06.10,22.5,0.0,59,Rainy
11529,Coimbatore,2024.10.15,30.7,44.9,57,Clear
11530,Coimbatore,02-02-2024,13.4,2.2,58,Stormy
11531,Coimbatore,2023-02-26,8.7,6.7,86,Cloudy
11532,Coimbatore,23/11/2024,24.3,15.7,91,Clear
11533,Coimbatore,14-05-2023,33.5,0.0,50,Clear
11534,Coimbatore,09/03/2024,28.3,44.4,67,Stormy
11535,Coimbatore,19/09/2023,32.1,221.8,48,Humid
11536,Coimbatore,11-08-2024,29.8,0.0,59,Clear
11537,Coimbatore,2024.09.15,23.0,23.1,48,Humid
11538,Coimbatore,2024.10.15,26.7,6.9,51,Humid
11539,Coimbatore,03/15/2023,33.8,0.0,43,Cloudy
11540,Coimbatore,24/11/2023,30.5,0.0,71,Cloudy
11541,Coimbatore,2023-02-10,21.8,15.5,58,Cloudy
11542,Coimbatore,17/04/2023,31.5,12.3,68,Clear
11543,Coimbatore,06/26/2024,24.5,12.3,39,Rainy
11544,Coimbatore,2023-02-17,17.9,3.1,52,Humid
11545,Coimbatore,2023.03.05,33.4,7.0,67,Humid
11546,Coimbatore,06/08/2024,28.6,0.0,50,Rainy
11547,Coimbatore,12-04-2024,33.5,19.4,30,Foggy
11548,Coimbatore,14/09/2023,30.9,11.7,57,Cloudy
11549,Coimbatore,21-10-2024,26.7,34.8,51,Stormy
11550,Coimbatore,04/29/2024,33.8,26.3,59,Cloudy
11551,Coimbatore,2023-01-17,23.7,0.0,77,Stormy
11552,Coimbatore,2023-04-10,34.7,3.8,53,Foggy
11553,Coimbatore,11-06-2023,28.5,90.2,72,Clear
11554,Coimbatore,11/24/2023,27.0,8.1,65,Foggy
11555,Coimbatore,08/28/2024,32.9,81.1,59,Clear
11556,Coimbatore,02-06-2024,28.1,0.0,53,Clear
11557,Coimbatore,2023-10-17,27.8,45.8,64,Cloudy
11558,,15/04/2023,34.5,20.0,52,Cloudy
11559,Coimbatore,2024-11-14,18.4,34.2,77,Clear
11560,Coimbatore,13/06/2024,22.7,0.0,64,Stormy
11561,Coimbatore,10-09-2024,33.9,164.3,51,Clear
11562,Coimbatore,06/08/2023,30.0,178.8,62,Foggy
11563,Coimbatore,08/24/2023,28.9,7.6,74,Clear
11564,Coimbatore,2024-10-17,23.1,55.2,59,Clear
11565,Coimbatore,23/07/2024,31.8,160.5,40,Clear
11566,Coimbatore,22-08-2024,33.7,57.4,80,Humid
11567,Coimbatore,2023.09.15,34.0,125.6,57,Clear
11568,Coimbatore,2024.04.22,38.6,,74,Clear
11569,Coimbatore,04/10/2024,22.5,44.0,67,Rainy
11570,Coimbatore,11-09-2024,29.1,0.0,76,Foggy
11571,Coimbatore,2023-05-23,37.3,17.5,41,Humid
11572,Coimbatore,03/12/2024,19.9,0.5,79,Humid
11573,Coimbatore,2023.09.10,28.3,2.7,54,Clear
11574,Coimbatore,2024-04-20,26.4,0.0,57,Humid
11575,Coimbatore,04/07/2023,31.0,1.8,53,Clear
11576,Coimbatore,12-12-2024,24.5,3.8,43,Clear
11577,Coimbatore,2023-02-04,19.3,2.4,68,Clear
11578,Coimbatore,15/07/2024,28.1,87.5,87,Cloudy
11579,Coimbatore,06-06-2023,32.1,156.6,55,Rainy
11580,Coimbatore,31/07/2024,26.9,56.5,43,Rainy
11581,Coimbatore,01-11-2024,29.3,16.8,48,Clear
11582,Coimbatore,24/04/2024,30.5,13.0,50,Cloudy
11583,Coimbatore,2023-04-13,41.3,6.5,71,Clear
11584,Coimbatore,09/02/2023,21.3,8.3,37,Humid
11585,Coimbatore,20-12-2023,13.2,0.0,53,Clear
11586,Coimbatore,10/31/2023,31.1,81.7,65,Cloudy
11587,Coimbatore,01-10-2023,32.1,118.3,50,Humid
11588,Coimbatore,2024.01.06,17.3,2.4,72,Clear
11589,Coimbatore,04/11/2024,34.9,12.6,57,Clear
11590,Coimbatore,05/28/2024,39.2,0.7,76,Cloudy
11591,Coimbatore,28-10-2024,25.6,24.4,60,Clear
11592,Coimbatore,04/18/2024,29.5,58.5,72,Rainy
11593,Coimbatore,2023-08-19,30.4,0.0,60,Clear
11594,Coimbatore,11/06/2024,29.0,0.0,42,Rainy
11595,Coimbatore,2024.04.01,34.8,29.7,55,Clear
11596,Coimbatore,2024-04-01,28.2,35.2,73,Clear
11597,Coimbatore,10/02/2023,23.1,0.0,75,Cloudy
11598,Coimbatore,11/05/2023,30.8,13.5,74,Humid
11599,Coimbatore,11-04-2023,39.6,0.0,66,Humid
11600,Coimbatore,12/25/2023,12.2,17.1,87,Rainy
11601,Coimbatore,2023-05-18,41.8,5.0,44,Humid
11602,Coimbatore,2023-05-28,33.6,8.4,87,Cloudy
11603,Coimbatore,16-08-2024,27.6,73.4,53,Humid
11604,Coimbatore,05/02/2024,20.0,5.7,66,Humid
11605,Coimbatore,09-05-2024,36.0,3.4,45,Humid
11606,Coimbatore,01-04-2024,31.4,8.7,91,Clear
11607,Coimbatore,28-10-2023,20.7,119.7,56,Cloudy
11608,Coimbatore,2024-11-20,22.9,0.0,65,Rainy
11609,Coimbatore,03/09/2024,30.7,0.0,37,Foggy
11610,Coimbatore,08/12/2023,16.5,5.8,65,Clear
11611,Coimbatore,06/13/2023,26.4,390.9,55,Foggy
11612,Coimbatore,12/09/2023,22.4,0.0,60,Rainy
11613,Coimbatore,17/01/2024,19.5,1.9,78,Clear
11614,Coimbatore,29-07-2023,37.7,101.0,83,Foggy
11615,Coimbatore,12/13/2023,18.7,6.8,51,Humid
11616,Coimbatore,2023-06-28,23.7,0.0,54,Clear
11617,Coimbatore,2023.02.16,17.5,3.0,47,Clear
11618,Coimbatore,16/04/2023,32.8,5.0,47,Clear
11619,Coimbatore,30/05/2023,32.0,10.8,77,Humid
11620,Coimbatore,2023.04.21,35.5,5.6,31,Rainy
11621,Coimbatore,2023.06.26,23.2,349.6,68,Clear
11622,Coimbatore,27-05-2023,29.8,1.7,39,Clear
11623,Coimbatore,11/10/2023,23.8,0.0,58,Humid
11624,,11/10/2023,25.9,20.3,59,Humid
11625,Coimbatore,2023-03-07,34.0,1.7,61,Humid
11626,Coimbatore,06/13/2023,21.5,75.0,73,Rainy
11627,Coimbatore,27/07/2023,36.1,258.8,78,Rainy
11628,Coimbatore,26-01-2023,17.8,2.4,66,Clear
11629,Coimbatore,12/03/2023,29.8,0.9,77,Clear
11630,Coimbatore,14-12-2023,51.1,4.0,57,Clear
11631,Coimbatore,03-01-2024,21.0,1.5,70,Cloudy
11632,Coimbatore,2023-10-30,27.1,0.0,64,Stormy
11633,Coimbatore,2024-06-02,33.8,129.0,37,Clear
11634,Coimbatore,15/02/2024,21.2,6.5,61,Clear
11635,Coimbatore,24-12-2023,14.3,0.0,50,Cloudy
11636,Coimbatore,03/05/2023,25.3,2.1,53,Cloudy
11637,Coimbatore,2023.10.07,29.9,39.1,76,Humid
11638,Coimbatore,2023-12-31,15.2,0.0,60,Humid
11639,Coimbatore,2024-08-19,16.7,0.0,65,Rainy
11640,Coimbatore,2024-01-20,18.0,0.4,59,Cloudy
11641,Coimbatore,11/16/2023,24.0,24.0,57,Cloudy
11642,Coimbatore,2024-09-17,27.1,86.3,49,Humid
11643,Coimbatore,2024-03-11,33.3,1.5,33,Stormy
11644,Coimbatore,24/05/2024,39.1,3.9,51,Foggy
11645,Coimbatore,04/29/2024,35.8,1.0,46,Clear
11646,Coimbatore,2024-10-28,21.8,1.7,78,Clear
11647,Coimbatore,26/09/2023,22.2,380.0,80,Humid
11648,Coimbatore,2024.03.01,36.4,3.3,60,Clear
11649,Coimbatore,2023-05-21,36.7,27.9,60,Cloudy
11650,Coimbatore,13/12/2024,18.1,19.8,47,Clear
11651,Coimbatore,09/16/2023,23.6,258.3,85,Clear
11652,Coimbatore,2024.08.31,26.3,102.2,81,Rainy
11653,Coimbatore,2023-12-16,24.1,0.3,61,Clear
11654,Coimbatore,2023-02-03,14.6,0.0,57,Humid
11655,Coimbatore,2023.12.04,24.4,,74,Cloudy
11656,Coimbatore,12/17/2023,16.8,0.0,57,Clear
11657,Coimbatore,27-07-2024,27.8,367.7,62,Humid
11658,Coimbatore,25-03-2024,26.5,0.3,50,Cloudy
11659,Coimbatore,29/07/2023,30.8,84.4,60,Rainy
11660,Coimbatore,2023-03-15,30.2,8.5,39,Clear
11661,Coimbatore,2024.06.30,25.0,29.9,54,Humid
11662,Coimbatore,2023-09-22,24.5,127.9,51,Cloudy
11663,Coimbatore,01/28/2023,9.7,0.0,68,Humid
11664,Coimbatore,17/04/2024,36.6,0.0,53,Cloudy
11665,Coimbatore,12/09/2023,21.1,5.5,58,Clear
11666,Coimbatore,02/10/2024,24.0,7.2,71,Rainy
11667,Coimbatore,14/03/2023,32.2,2.0,84,Humid
11668,Coimbatore,08/11/2023,29.9,20.0,22,Foggy
11669,Coimbatore,04-08-2023,22.6,25.1,58,Rainy
11670,Coimbatore,2023.09.28,29.4,16.7,77,Stormy
11671,Coimbatore,12/27/2024,15.7,8.3,59,Cloudy
11672,Coimbatore,08/20/2023,32.1,82.4,56,Humid
11673,Coimbatore,2023.07.28,26.4,294.0,58,Clear
11674,Coimbatore,03/03/2023,38.0,0.0,46,Cloudy
11675,Coimbatore,08/05/2024,33.8,5.4,68,Cloudy
11676,Coimbatore,2024.07.03,31.9,73.6,50,Rainy
11677,Coimbatore,03/20/2023,35.4,7.0,41,Cloudy
11678,Coimbatore,04/08/2024,25.0,32.8,50,Clear
11679,Coimbatore,23-11-2024,22.0,70.3,49,Stormy
11680,Coimbatore,12/11/2023,13.2,0.3,63,Foggy
11681,Coimbatore,06/05/2024,31.6,8.1,41,Cloudy
11682,Coimbatore,04/06/2024,33.5,5.4,67,Cloudy
11683,Coimbatore,2024-05-13,27.8,4.2,71,Cloudy
11684,Coimbatore,2023.07.03,33.2,169.6,75,Cloudy
11685,Coimbatore,2023-05-11,36.0,0.0,82,Cloudy
11686,Coimbatore,03/17/2024,33.6,6.8,56,Cloudy
11687,Coimbatore,14-12-2023,22.9,1.1,63,Cloudy
11688,Coimbatore,2024.07.15,30.5,92.6,64,Rainy
11689,Coimbatore,04/08/2024,40.4,0.0,28,Clear
11690,Coimbatore,2024-01-09,13.9,16.2,82,Humid
11691,Coimbatore,2023-01-25,19.8,0.0,81,Clear
11692,Kochi,2023-07-22,35.3,0.0,53,Cloudy
11693,Kochi,2024-11-28,32.6,45.9,60,Foggy
11694,Kochi,05/28/2024,32.0,0.0,51,Humid
11695,Kochi,12-02-2023,17.2,3.1,56,Foggy
11696,Kochi,2023-10-28,24.8,6.2,66,Humid
11697,Kochi,2023.12.13,15.1,0.9,81,Humid
11698,Kochi,2024-06-24,24.3,21.0,57,Humid
11699,Kochi,2024-06-09,27.0,35.9,90,Foggy
11700,Kochi,03/23/2023,40.6,9.2,42,Stormy
11701,Kochi,10/06/2024,20.5,59.0,29,Rainy
11702,Kochi,2023.08.12,26.9,27.1,59,Foggy
11703,Kochi,2023.06.24,24.9,193.1,64,Rainy
11704,Kochi,01/31/2024,18.2,6.8,48,Clear
11705,Kochi,01/09/2024,18.2,0.1,65,Foggy
11706,Kochi,2024.11.14,25.9,5.9,55,Clear
11707,Kochi,04/16/2024,36.1,0.0,-28,Clear
11708,Kochi,18/11/2023,29.7,22.8,48,Clear
11709,Kochi,2024.11.07,20.5,0.2,43,Foggy
11710,Kochi,02-08-2024,21.8,,51,Humid
11711,Kochi,06/28/2023,27.0,0.0,46,Cloudy
11712,Kochi,04/05/2023,34.0,3.5,80,Clear
11713,Kochi,25/05/2023,38.9,6.2,45,Foggy
11714,Kochi,2024.01.24,20.3,1.4,66,Humid
11715,Kochi,2024-09-21,28.5,50.1,58,Cloudy
11716,Kochi,2023-06-14,22.8,0.0,74,Humid
11717,Kochi,09/17/2024,32.3,42.7,79,Cloudy
11718,Kochi,2024-06-29,37.2,91.9,75,Stormy
11719,Kochi,04/20/2024,34.6,7.1,56,Cloudy
11720,Kochi,2023-09-08,26.2,0.0,62,Clear
11721,Kochi,2023.09.25,23.4,126.2,77,Humid
11722,Kochi,05/01/2024,29.6,0.0,51,Humid
11723,Kochi,10/03/2023,30.5,2.4,73,Cloudy
11724,Kochi,07/21/2023,30.3,123.4,44,Cloudy
11725,Kochi,2023-03-23,38.1,10.5,46,Cloudy
11726,Kochi,2023-11-07,28.4,5.4,75,Cloudy
11727,Kochi,12/29/2024,13.5,4.1,52,Clear
11728,Kochi,20/09/2024,34.2,208.0,39,Clear
11729,Kochi,2023.09.30,30.3,109.7,51,Clear
11730,Kochi,2023.10.14,27.5,0.0,56,Cloudy
11731,Kochi,12/13/2024,15.5,2.2,57,Humid
11732,Kochi,2023-12-29,19.6,19.6,61,Rainy
11733,Kochi,25-08-2023,27.7,0.0,47,Rainy
11734,Kochi,2024-08-09,28.3,0.0,62,Cloudy
11735,Kochi,2024.01.26,12.8,4.9,51,Clear
11736,,11-09-2024,28.6,72.3,75,Rainy
11737,Kochi,09/06/2023,31.4,182.3,46,Humid
11738,Kochi,08/02/2023,29.4,303.7,69,Clear
11739,Kochi,2023-10-28,29.3,52.6,56,Stormy
11740,Kochi,27/03/2024,33.0,35.8,42,Cloudy
11741,Kochi,2024-10-02,25.9,0.0,71,Stormy
11742,Kochi,2024-12-24,17.4,0.2,100,Clear
11743,Kochi,2023.04.15,42.3,0.0,53,Clear
11744,Kochi,2023-09-12,34.4,58.2,69,Rainy
11745,Kochi,2023-02-26,23.0,4.0,65,Clear
11746,Kochi,15-04-2023,38.7,8.7,43,Cloudy
11747,Kochi,2023-07-19,30.2,0.0,64,Clear
11748,Kochi,2024-04-08,33.0,0.0,52,Clear
11749,Kochi,2024.11.30,31.3,22.4,72,Humid
11750,Kochi,29/10/2023,22.0,45.1,55,Cloudy
11751,Kochi,13/06/2023,30.4,64.6,60,Humid
11752,Kochi,2023-06-29,26.1,115.6,82,Cloudy
11753,Kochi,2024-10-14,25.8,18.3,49,Foggy
11754,Kochi,08/23/2023,27.2,0.0,61,Rainy
11755,Kochi,2023-10-14,25.7,0.0,85,Clear
11756,Kochi,2024.07.28,33.0,156.0,60,Stormy
11757,Kochi,2024-03-10,39.9,0.0,84,Cloudy
11758,Kochi,2024.10.13,28.3,0.0,50,Clear
11759,Kochi,2024-07-19,26.0,,63,Clear
11760,Kochi,2023.05.19,39.5,1.2,81,Clear
11761,Kochi,28-06-2023,29.0,382.5,57,Rainy
11762,Kochi,12-12-2023,20.0,0.0,80,Stormy
11763,Kochi,2023-04-03,30.8,6.7,53,Clear
11764,Kochi,2024.12.23,10.8,6.9,63,Foggy
11765,Kochi,2024.07.30,27.6,,57,Humid
11766,Kochi,2024-12-07,19.3,0.0,61,Clear
11767,Kochi,2024-07-11,25.0,61.7,69,Cloudy
11768,Kochi,25/07/2024,28.6,30.3,56,Clear
11769,Kochi,01/07/2024,29.5,0.0,63,Cloudy
11770,Kochi,2023-11-05,24.5,5.5,59,Cloudy
11771,Kochi,2023-12-01,22.6,6.3,42,Clear
11772,Kochi,09/23/2024,29.2,95.0,66,Stormy
11773,Kochi,06/07/2023,26.3,114.9,42,Humid
11774,Kochi,2024.12.26,17.0,2.1,77,Foggy
11775,Kochi,2023.04.25,34.4,1.2,45,Foggy
11776,Kochi,2024.11.29,25.6,18.8,82,Clear
11777,Kochi,2023.08.11,30.0,16.4,55,Foggy
11778,Kochi,2024.06.15,26.9,225.0,43,Cloudy
11779,Kochi,2024-04-21,29.8,14.9,76,Clear
11780,Kochi,02/05/2024,28.2,0.0,60,Clear
11781,Kochi,08-07-2024,28.2,58.4,20,Cloudy
11782,Kochi,03/17/2024,30.5,13.8,62,Foggy
11783,Kochi,17-03-2023,29.2,5.2,64,Clear
11784,Kochi,2023.12.23,10.6,2.9,62,Clear
11785,Kochi,10-10-2024,25.0,15.1,54,Humid
11786,Kochi,10/11/2023,22.3,0.0,64,Clear
11787,Kochi,2023-11-09,24.6,53.3,45,Cloudy
11788,Kochi,2024-11-17,25.4,7.5,38,Cloudy
11789,Kochi,04/04/2023,27.1,15.7,76,Stormy
11790,Kochi,2023.04.12,29.9,0.0,63,Cloudy
11791,Kochi,2023-02-01,19.3,0.0,69,Clear
11792,Kochi,31/05/2024,31.2,2.5,61,Clear
11793,Kochi,28-02-2023,17.4,1.6,92,Clear
11794,Kochi,04/12/2023,16.5,0.0,46,Humid
11795,Kochi,17/03/2024,45.1,13.8,58,Cloudy
11796,Kochi,11-05-2023,35.9,5.0,88,Clear
11797,Kochi,2024.05.11,31.6,4.2,52,Clear
11798,Kochi,2023-04-28,40.0,0.0,41,Foggy
11799,Kochi,01/15/2024,14.9,16.0,57,Clear
11800,Kochi,2023.01.24,56.3,6.0,56,Cloudy
11801,Kochi,19-06-2024,25.9,0.0,54,Rainy
11802,Kochi,2023.01.30,17.2,4.6,66,Clear
11803,Kochi,2024-09-24,31.2,20.7,55,Cloudy
11804,Kochi,2024-12-09,14.7,4.3,55,Humid
11805,Kochi,07/06/2024,25.7,0.0,78,Cloudy
11806,Kochi,2023-05-26,33.2,1.3,71,Clear
11807,Kochi,11/18/2024,16.9,0.0,63,Clear
11808,Kochi,14/04/2024,27.0,0.0,54,Clear
11809,Kochi,15/06/2024,27.1,61.8,94,Foggy
11810,Kochi,28/09/2024,31.8,106.9,76,Cloudy
11811,Kochi,06/22/2024,23.6,84.4,52,Clear
11812,Kochi,2024.07.26,27.9,72.2,41,Rainy
11813,Kochi,26-11-2024,19.8,0.0,65,Foggy
11814,Kochi,2023.11.11,23.7,68.0,61,Stormy
11815,Kochi,2024-09-06,24.5,137.3,63,Clear
11816,Kochi,19-12-2023,23.9,0.0,79,Clear
11817,Kochi,06/18/2023,30.0,0.0,47,Foggy
11818,Kochi,06-02-2023,15.1,10.6,85,Humid
11819,Kochi,2023-08-09,34.2,0.0,61,Clear
11820,Kochi,01-09-2023,18.7,26.1,40,Clear
11821,Kochi,24/08/2024,25.3,,54,Clear
11822,Kochi,16/01/2024,18.0,5.7,53,Stormy
11823,Kochi,2024.03.24,39.8,8.2,20,Rainy
11824,Kochi,01-03-2023,32.4,17.4,46,Humid
11825,Kochi,28-10-2024,29.6,71.1,61,Cloudy
11826,Kochi,2024.08.16,28.8,92.6,55,Stormy
11827,Kochi,28-02-2023,20.9,0.0,78,Clear
11828,Kochi,08/28/2023,23.1,243.6,66,Cloudy
11829,Kochi,2024.02.09,20.6,0.0,76,Rainy
11830,Kochi,2023-10-21,20.7,18.1,62,Clear
11831,Kochi,2023.07.28,22.1,0.0,52,Clear
11832,Kochi,02/08/2024,16.1,7.5,80,Humid
11833,Kochi,2023.10.20,26.6,0.0,46,Clear
11834,Kochi,09/26/2024,31.9,35.6,69,Clear
11835,Kochi,13-12-2023,19.8,0.9,76,Clear
11836,Kochi,10/04/2024,38.6,0.0,37,Clear
11837,Kochi,01/10/2023,25.3,4.3,54,Clear
11838,Kochi,2024.08.07,28.8,0.0,66,Rainy
11839,Kochi,06/03/2024,34.7,0.9,73,Humid
11840,Kochi,2023.11.15,37.7,0.0,58,Cloudy
11841,Kochi,27/08/2024,27.0,0.0,80,Rainy
11842,Kochi,02/23/2023,17.7,0.0,69,Humid
11843,Kochi,30-03-2023,37.6,13.4,53,Clear
11844,Kochi,2023-09-06,26.0,2.7,65,Clear
11845,Kochi,02/29/2024,15.8,0.7,53,Clear
11846,Kochi,2023-01-07,22.6,0.0,53,Rainy
11847,Kochi,26-04-2024,33.0,31.9,41,Clear
11848,Kochi,16/10/2023,25.4,30.0,73,Stormy
11849,Kochi,09/07/2023,30.0,113.0,77,Humid
11850,Kochi,2024.03.31,35.1,9.8,63,Clear
11851,Kochi,2023-08-18,29.8,99.1,64,Rainy
11852,Kochi,19-05-2024,35.7,0.5,74,Rainy
11853,Kochi,2024.01.11,18.4,,32,Humid
11854,Kochi,08/29/2024,28.6,149.1,68,Clear
11855,Kochi,26-01-2023,20.0,0.9,40,Stormy
11856,Kochi,05/20/2023,35.9,6.0,65,Stormy
11857,Kochi,2024.06.29,23.6,0.0,48,Foggy
11858,Kochi,05/22/2024,36.2,,58,Cloudy
11859,Kochi,2024-10-18,23.3,60.4,50,Clear
11860,Kochi,20/07/2023,19.6,0.0,44,Clear
11861,Kochi,14/01/2024,24.3,8.3,81,Clear
11862,Kochi,2024-01-22,15.5,7.7,77,Clear
11863,Kochi,05/07/2023,27.8,0.0,30,Cloudy
11864,Kochi,10/21/2024,26.1,10.0,78,Cloudy
11865,Kochi,2023.12.29,12.6,8.6,64,Humid
11866,Kochi,30/09/2024,22.2,1.9,58,Cloudy
11867,Kochi,2024-03-27,29.9,7.1,58,Clear
11868,Kochi,24/07/2024,30.9,0.0,76,Clear
11869,Kochi,2024-06-09,29.9,0.0,42,Clear
11870,Kochi,07-06-2023,26.2,11.5,49,Cloudy
11871,Kochi,2023-12-27,17.6,1.8,40,Rainy
11872,Kochi,05/18/2024,34.1,3.0,52,Stormy
11873,Kochi,2024.07.07,34.2,162.4,52,Clear
11874,Kochi,03-10-2023,24.3,3.7,62,Clear
11875,Kochi,2023-05-27,36.7,14.6,35,Clear
11876,Kochi,09/29/2024,21.9,0.0,49,Cloudy
11877,Kochi,2024.06.04,20.5,19.9,66,Clear
11878,Kochi,2024-05-09,31.4,14.2,76,Clear
11879,Kochi,01/21/2023,22.9,0.0,48,Clear
11880,Kochi,18-10-2024,16.5,12.9,75,Humid
11881,Kochi,2024.02.24,20.6,8.5,34,Humid
11882,Kochi,30/12/2023,17.2,2.1,81,Foggy
11883,Kochi,2024-08-14,29.0,31.3,46,Clear
11884,Kochi,2024.02.27,22.2,1.0,82,Humid
11885,Kochi,29-04-2023,34.2,0.0,72,Cloudy
11886,Kochi,28/10/2024,18.6,5.6,-59,Foggy
11887,Kochi,01/16/2023,21.5,0.0,64,Humid
11888,Kochi,2024.12.17,14.0,0.0,48,Clear
11889,Kochi,28/10/2023,23.9,28.1,62,Humid
11890,Kochi,2023-04-01,28.7,7.3,49,Cloudy
11891,Kochi,2023.10.25,25.5,31.8,84,Cloudy
11892,Kochi,04/03/2023,32.0,7.0,42,Cloudy
11893,Kochi,17/02/2024,15.9,1.3,67,Cloudy
11894,Kochi,2023.04.27,34.2,0.8,77,Humid
11895,Kochi,2024.05.09,32.5,1.0,56,Clear
11896,Kochi,2023.01.06,16.4,1.3,51,Clear
11897,Kochi,20/06/2023,26.5,34.7,85,Clear
11898,Kochi,03/22/2023,28.6,0.0,47,Clear
11899,Kochi,23-09-2023,28.3,26.7,58,Rainy
11900,Kochi,05/21/2023,28.8,18.3,71,Clear
11901,Kochi,2024.03.21,40.9,1.6,86,Cloudy
11902,Kochi,2023.12.09,15.8,0.6,58,Clear
11903,Kochi,04/04/2024,25.1,0.6,57,Rainy
11904,Kochi,2023-10-06,28.3,0.0,53,Clear
11905,Kochi,2023.11.20,22.0,0.0,70,Rainy
11906,,31/08/2023,30.5,33.6,62,Cloudy
11907,Kochi,06/04/2024,25.8,177.5,52,Humid
11908,Kochi,2024-11-03,24.2,2.6,59,Clear
11909,Kochi,08/02/2023,25.1,0.0,74,Clear
11910,Kochi,2024.02.05,17.8,3.2,37,Rainy
11911,Kochi,06/06/2023,25.5,0.9,58,Rainy
11912,Kochi,21/03/2024,26.0,3.2,44,Clear
11913,Kochi,05/01/2023,33.8,2.9,73,Clear
11914,Kochi,2024.09.26,27.0,0.0,78,Clear
11915,Kochi,26-06-2023,26.7,94.2,65,Rainy
11916,Kochi,07/12/2024,22.3,5.7,67,Cloudy
11917,Kochi,02/05/2023,17.2,3.3,71,Foggy
11918,Kochi,2024.08.31,23.2,200.5,83,Rainy
11919,Kochi,2023-02-28,19.4,0.0,39,Rainy
11920,Kochi,17-10-2023,22.0,15.5,74,Clear
11921,Kochi,10/15/2024,24.4,4.6,51,Clear
11922,Kochi,2024-06-17,21.2,85.3,52,Humid
11923,Kochi,18/07/2023,32.9,58.8,51,Rainy
11924,Kochi,29/01/2024,15.4,1.6,70,Clear
11925,Kochi,2024-01-27,20.9,2.3,53,Cloudy
11926,Kochi,04/28/2024,32.1,0.0,66,Humid
11927,Kochi,2023-06-08,25.1,0.0,57,Foggy
11928,Kochi,2023-08-22,33.4,225.7,50,Humid
11929,Kochi,18/10/2024,23.5,0.4,54,Clear
11930,Kochi,2024.07.02,23.1,150.2,56,Rainy
11931,Kochi,02-03-2023,31.5,0.5,64,Clear
11932,Kochi,04/03/2024,31.6,5.0,45,Cloudy
11933,Kochi,25-02-2023,18.6,10.8,61,Foggy
11934,Kochi,2023-04-11,34.6,3.6,60,Clear
11935,Kochi,05/10/2023,36.4,13.6,57,Clear
11936,Kochi,2023-09-01,29.1,44.3,34,Stormy
11937,Kochi,2023-05-11,32.6,9.2,71,Clear
11938,Kochi,02/19/2024,17.6,0.8,53,Clear
11939,Kochi,16/04/2023,30.8,14.2,-30,Humid
11940,Kochi,2024-11-17,21.3,46.1,55,Humid
11941,Kochi,2024.11.29,19.4,0.0,78,Rainy
11942,Kochi,05/09/2024,27.6,0.0,66,Clear
11943,Kochi,2023-03-02,34.1,31.2,75,Clear
11944,Kochi,2024-06-29,27.9,97.5,62,Rainy
11945,Kochi,13-11-2023,23.6,45.1,50,Clear
11946,Kochi,2023-06-19,36.8,211.4,51,Foggy
11947,Kochi,07/05/2023,29.7,1.5,42,Rainy
11948,Kochi,29-06-2023,25.4,1.7,51,Rainy
11949,Kochi,2023.03.28,39.8,15.6,31,Clear
11950,Kochi,2024.05.25,31.0,0.1,72,Foggy
11951,Kochi,07/13/2024,26.4,77.2,68,Cloudy
11952,Kochi,06/07/2023,25.7,0.0,56,Cloudy
11953,Kochi,2023-05-27,33.4,6.0,50,Foggy
11954,Kochi,2024-08-24,21.7,175.5,59,Rainy
11955,Kochi,2023.10.28,22.5,0.0,51,Foggy
11956,Kochi,2024.05.12,32.8,2.2,49,Clear
11957,Kochi,28-08-2023,31.2,57.6,89,Rainy
11958,Kochi,2023.05.19,32.2,3.7,74,Humid
11959,Kochi,2024-08-27,24.7,207.3,34,Cloudy
11960,Kochi,01/19/2023,20.9,4.2,49,Rainy
11961,Kochi,2024-06-11,33.6,206.0,75,Rainy
11962,Kochi,2023-09-02,24.6,179.7,57,Rainy
11963,Kochi,05/24/2023,29.4,15.5,60,Clear
11964,Kochi,20-03-2024,34.2,0.0,100,Clear
11965,Kochi,2023.06.02,25.2,232.1,35,Clear
11966,Kochi,06/12/2023,33.2,130.3,83,Humid
11967,Kochi,2024-11-28,53.8,0.0,51,Cloudy
11968,Kochi,2023.05.07,33.8,0.0,66,Clear
11969,Kochi,17-10-2024,22.0,14.6,37,Humid
11970,Kochi,2023.06.16,26.2,0.0,74,Rainy
11971,Kochi,16-08-2023,28.7,238.1,47,Clear
11972,Kochi,03/11/2023,32.0,11.3,71,Clear
11973,Kochi,2023.05.10,36.9,3.1,58,Clear
11974,Kochi,18/02/2024,19.7,0.0,75,Clear
11975,Kochi,2023-07-10,29.3,127.9,87,Rainy
11976,Kochi,2023-07-26,22.7,163.4,60,Clear
11977,Kochi,2023-03-31,35.4,1.4,81,Clear
11978,Kochi,2023.04.09,31.0,9.1,60,Clear
11979,Kochi,2024-03-31,35.6,3.7,65,Humid
11980,Kochi,28/06/2024,37.5,154.3,55,Foggy
11981,Kochi,01/11/2024,32.7,11.1,33,Stormy
11982,Kochi,2023-08-31,23.9,89.1,-67,Clear
11983,Kochi,2024-07-08,23.8,577.1,73,Stormy
11984,Kochi,2024.10.30,40.1,0.0,57,Clear
11985,Kochi,01/07/2024,21.0,0.0,70,Clear
11986,Kochi,02-01-2024,19.2,1.5,28,Clear
11987,Kochi,09/13/2024,27.3,35.2,75,Clear
11988,Kochi,07/01/2024,21.5,0.0,71,Foggy
11989,Kochi,27-06-2024,35.7,104.2,62,Rainy
11990,Kochi,06/09/2023,28.1,0.0,75,Rainy
11991,Kochi,07/09/2024,31.8,140.1,50,Cloudy
11992,Kochi,2024.08.24,33.8,11.0,64,Foggy
11993,Kochi,2023.01.16,10.6,1.2,70,Humid
11994,Kochi,07/30/2024,24.3,73.4,70,Clear
11995,Kochi,05/04/2024,34.1,0.0,62,Clear
11996,Kochi,08/23/2024,29.9,85.3,62,Rainy
11997,Kochi,2023-11-21,18.0,0.0,35,Clear
11998,Kochi,20/07/2024,36.8,,70,Humid
11999,Kochi,2024-03-18,36.1,0.0,53,Clear
12000,Kochi,06/02/2024,18.1,6.3,73,Clear
12001,Kochi,07/13/2024,24.5,10.9,65,Foggy
12002,Kochi,22-03-2024,32.2,3.7,69,Foggy
12003,Kochi,21/01/2024,27.2,15.5,10,Clear
12004,Kochi,05/09/2024,31.7,4.4,60,Humid
12005,Kochi,15/10/2023,33.8,39.9,37,Clear
12006,Kochi,11/08/2024,30.9,33.9,49,Clear
12007,Kochi,2023-05-09,30.4,0.0,67,Foggy
12008,Kochi,03-08-2023,34.9,281.3,55,Clear
12009,Kochi,01/02/2024,19.3,0.0,67,Clear
12010,Kochi,10-09-2023,33.1,91.8,73,Clear
12011,Kochi,11/08/2024,23.5,16.6,68,Rainy
12012,Kochi,01-05-2023,32.4,11.5,55,Humid
12013,Kochi,18-07-2023,32.2,0.0,31,Stormy
12014,Kochi,07/25/2024,19.5,239.5,72,Rainy
12015,Kochi,17/01/2023,13.4,0.0,64,Humid
12016,Kochi,29/03/2023,31.5,0.0,41,Clear
12017,Kochi,2024.01.05,25.8,4.2,68,Foggy
12018,Kochi,2024.05.29,30.6,3.1,49,Clear
12019,Kochi,27/05/2024,38.6,0.0,58,Rainy
12020,Kochi,2024-05-03,58.9,9.1,37,Clear
12021,Kochi,24-04-2024,36.8,,52,Rainy
12022,Kochi,06/01/2023,16.5,0.0,69,Clear
12023,Kochi,02/25/2023,23.3,3.4,53,Clear
12024,Kochi,03/07/2024,35.1,191.6,60,Cloudy
12025,Kochi,05/21/2024,25.9,1.6,71,Cloudy
12026,Kochi,07/06/2023,32.8,164.1,84,Cloudy
12027,Kochi,21-10-2024,29.8,3.0,31,Cloudy
12028,Kochi,2024.07.04,30.9,365.0,68,Clear
12029,Kochi,11-01-2023,8.6,0.9,28,Clear
12030,Kochi,04/20/2024,36.2,2.8,85,Humid
12031,Kochi,2024-05-17,37.2,6.1,33,Cloudy
12032,Kochi,2023.08.08,29.3,3.9,59,Rainy
12033,Kochi,21/05/2024,37.3,0.0,63,Clear
12034,Kochi,09/18/2023,30.5,83.2,60,Rainy
12035,Kochi,07/25/2024,26.6,0.0,84,Rainy
12036,Kochi,2023.11.15,25.8,18.4,36,Humid
12037,Kochi,05/09/2024,25.5,13.5,43,Stormy
12038,Kochi,03/29/2023,31.3,1.0,75,Humid
12039,Kochi,02/08/2024,21.0,4.1,53,Cloudy
12040,Kochi,26/09/2023,26.5,22.6,50,Humid
12041,Kochi,02/10/2023,19.5,0.0,55,Clear
12042,Kochi,21-08-2024,23.0,239.2,81,Clear
12043,Kochi,05-05-2023,39.1,6.1,58,Cloudy
12044,Kochi,05-05-2023,37.4,0.0,56,Humid
12045,Kochi,20-09-2023,31.9,12.6,44,Rainy
12046,Kochi,12-12-2023,23.7,0.0,38,Humid
12047,Kochi,03/02/2023,22.0,7.2,65,Humid
12048,Kochi,2023-07-02,29.0,181.7,86,Clear
12049,Kochi,04-07-2024,23.4,107.7,49,Rainy
12050,Kochi,09/11/2023,31.1,45.0,56,Clear
12051,Kochi,21-08-2024,31.2,89.9,58,Rainy
12052,Kochi,2023.04.21,37.5,14.0,91,Humid
12053,Kochi,08-12-2023,16.0,0.8,60,Cloudy
12054,Kochi,11/06/2024,16.5,26.0,53,Cloudy
12055,Kochi,02-05-2023,27.1,5.1,100,Rainy
12056,Kochi,07/29/2023,26.5,27.2,43,Rainy
12057,Kochi,04/01/2024,26.5,0.0,65,Humid
12058,Kochi,2024.03.16,34.8,0.8,67,Humid
12059,Kochi,2024-01-10,16.8,7.5,58,Clear
12060,Kochi,2024.10.19,28.5,0.0,52,Clear
12061,Kochi,2024.01.08,14.9,4.0,52,Foggy
12062,Kochi,05/27/2023,38.0,0.0,65,Cloudy
12063,Kochi,2024.03.07,35.7,0.0,58,Foggy
12064,Kochi,26/03/2024,38.0,22.6,64,Cloudy
12065,Kochi,06-12-2024,25.1,0.1,48,Clear
12066,Kochi,2024-02-09,17.0,5.6,80,Cloudy
12067,Kochi,01/01/2024,23.2,5.9,55,Cloudy
12068,Kochi,2023.05.12,36.9,0.5,60,Clear
12069,Kochi,2023-11-06,22.8,44.6,81,Stormy
12070,Kochi,02/04/2023,31.4,7.2,69,Humid
12071,Kochi,06/17/2024,25.7,242.4,58,Cloudy
12072,Kochi,10-07-2023,21.0,0.0,53,Foggy
12073,Kochi,21/04/2024,40.2,0.0,47,Cloudy
12074,Kochi,2023-07-28,22.0,44.7,76,Cloudy
12075,Kochi,16/06/2024,26.4,0.0,87,Rainy
12076,Kochi,2023.05.25,38.8,9.6,56,Clear
12077,Kochi,26-05-2024,38.2,13.2,77,Humid
12078,Kochi,24-11-2024,28.2,33.2,80,Humid
12079,Kochi,2024.11.17,30.2,5.0,90,Cloudy
12080,Kochi,04/10/2024,25.6,0.0,31,Cloudy
12081,Kochi,2023.03.08,36.8,17.7,41,Cloudy
12082,Kochi,07/18/2024,19.6,0.0,67,Foggy
12083,Kochi,05-11-2024,22.4,8.7,57,Cloudy
12084,Kochi,20-02-2024,19.9,0.0,51,Cloudy
12085,Kochi,14/07/2023,28.0,99.1,78,Stormy
12086,Kochi,06/13/2023,24.8,128.9,64,Cloudy
12087,Kochi,2024-11-24,26.4,0.0,76,Clear
12088,Kochi,27/03/2023,34.2,1.1,29,Rainy
12089,Kochi,09/13/2024,35.4,0.0,75,Clear
12090,Kochi,2023-02-09,25.2,0.0,73,Rainy
12091,Kochi,09/10/2024,18.8,0.0,61,Stormy
12092,Kochi,2023.09.02,27.4,0.0,58,Humid
12093,Kochi,2023.03.28,42.6,13.2,53,Humid
12094,Kochi,22/10/2023,22.7,71.8,88,Rainy
12095,Kochi,06/04/2023,34.8,3.1,63,Foggy
12096,Kochi,02/11/2024,13.7,9.2,41,Clear
12097,Kochi,2024-02-14,18.2,11.7,81,Clear
12098,Kochi,2023.01.19,17.0,2.0,52,Clear
12099,Kochi,2023-12-14,20.0,0.7,75,Rainy
12100,Kochi,02-03-2023,30.4,1.7,59,Clear
12101,Kochi,2023.07.02,25.4,102.4,59,Cloudy
12102,Kochi,2023-09-14,31.8,0.0,37,Foggy
12103,Kochi,2023-05-15,30.8,6.4,50,Clear
12104,Kochi,03/25/2023,34.5,0.7,74,Cloudy
12105,Kochi,07/13/2023,30.7,184.5,50,Clear
12106,Kochi,09/08/2024,22.7,0.0,55,Cloudy
12107,Kochi,14/11/2024,24.3,0.0,66,Rainy
12108,Kochi,12/26/2023,17.3,0.2,72,Rainy
12109,Kochi,23-11-2023,30.2,4.9,85,Cloudy
12110,Kochi,2024.12.10,13.7,20.9,53,Clear
12111,Kochi,2024.01.26,9.8,3.3,41,Clear
12112,Kochi,2024.11.25,26.4,9.0,82,Foggy
12113,Kochi,30-05-2024,37.6,1.8,81,Foggy
12114,Kochi,12-03-2024,39.4,0.0,37,Clear
12115,Kochi,2023-01-09,23.4,0.0,49,Clear
12116,Kochi,09/28/2023,21.9,5.1,58,Cloudy
12117,Kochi,22/06/2023,26.4,0.0,39,Rainy
12118,Kochi,02/23/2023,20.7,1.2,78,Cloudy
12119,Kochi,2024.07.22,30.5,0.0,50,Cloudy
12120,Kochi,23-07-2024,33.7,58.3,28,Clear
12121,,23-08-2024,24.9,118.6,31,Cloudy
12122,Kochi,2024.10.20,24.7,,75,Clear
12123,Kochi,07/28/2023,34.0,,47,Clear
12124,Kochi,06/19/2024,20.1,0.0,73,Clear
12125,Kochi,2024-05-17,34.8,26.9,69,Rainy
12126,Kochi,01/11/2024,14.6,0.0,47,Cloudy
12127,Kochi,05-01-2023,11.9,11.8,71,Stormy
12128,Kochi,26-04-2023,37.9,2.8,43,Humid
12129,Kochi,05-12-2023,14.8,0.0,57,Clear
12130,Kochi,2024.11.27,25.6,25.2,39,Humid
12131,Kochi,30-07-2023,24.8,48.2,66,Rainy
12132,Kochi,06-08-2024,37.0,89.6,28,Clear
12133,Kochi,02-09-2023,30.4,286.2,61,Clear
12134,,2024-11-03,24.1,13.3,63,Humid
12135,Kochi,2023-03-10,37.3,0.0,57,Clear
12136,Kochi,10/19/2023,27.0,48.1,64,Foggy
12137,Kochi,04/08/2024,34.1,11.1,38,Humid
12138,Kochi,08/30/2023,23.3,65.3,71,Rainy
12139,Kochi,2023-08-15,31.4,116.1,87,Cloudy
12140,Kochi,2024-07-02,21.6,42.1,56,Foggy
12141,Kochi,01/23/2024,17.5,13.8,56,Cloudy
12142,Kochi,09/24/2024,33.9,0.0,59,Foggy
12143,Kochi,2024-11-30,26.7,96.0,80,Humid
12144,Kochi,2023-04-25,31.6,4.0,60,Humid
12145,Kochi,27-11-2024,25.0,0.0,51,Foggy
12146,Kochi,28-01-2023,17.8,9.2,60,Rainy
12147,Kochi,2023.03.12,33.8,3.8,48,Humid
12148,Kochi,18/10/2023,20.6,0.0,41,Clear
12149,Kochi,12/07/2023,22.9,0.5,26,Clear
12150,Kochi,30/11/2023,28.6,135.6,75,Clear
12151,Kochi,05/20/2023,33.6,3.5,69,Rainy
12152,Kochi,31/05/2023,24.4,2.0,34,Clear
12153,Kochi,22-12-2023,16.7,0.0,61,Clear
12154,Kochi,2023-11-22,19.9,81.8,63,Cloudy
12155,Kochi,2024.12.13,19.8,2.3,56,Foggy
12156,Kochi,11/07/2023,25.0,0.0,46,Cloudy
12157,Kochi,2024.08.03,25.6,212.1,50,Clear
12158,Kochi,03-11-2023,37.8,0.0,50,Clear
12159,Kochi,2023-05-21,35.4,4.2,62,Clear
12160,Kochi,07/01/2023,24.3,174.7,63,Clear
12161,Kochi,2023-10-12,27.3,7.7,79,Foggy
12162,Kochi,13/08/2023,20.4,395.9,54,Clear
12163,Kochi,08/22/2023,27.9,52.3,56,Cloudy
12164,Kochi,2023-10-29,26.6,7.6,74,Stormy
12165,Kochi,12/30/2023,24.1,0.0,51,Cloudy
12166,Kochi,08-03-2023,29.0,1.6,46,Cloudy
12167,Kochi,07/30/2023,23.6,44.8,53,Rainy
12168,Kochi,31/03/2023,38.8,2.7,42,Clear
12169,Kochi,08/28/2023,26.9,233.5,57,Cloudy
12170,Kochi,2023.04.10,35.2,11.2,64,Clear
12171,Kochi,22-06-2024,20.0,0.0,49,Clear
12172,Kochi,14/06/2024,37.7,57.8,-47,Cloudy
12173,Kochi,2024-01-15,14.6,1.8,66,Clear
12174,Kochi,2024-10-06,21.7,3.7,85,Clear
12175,Kochi,2023.11.28,32.6,106.5,67,Stormy
12176,Kochi,2024.07.24,31.3,53.2,58,Clear
12177,Kochi,2024-03-27,30.8,6.4,19,Cloudy
12178,Kochi,08-06-2023,29.5,90.7,42,Clear
12179,Kochi,02/16/2023,16.2,0.6,76,Humid
12180,Kochi,11/15/2023,24.1,1.8,70,Clear
12181,Kochi,12/02/2023,17.6,0.0,74,Clear
12182,Kochi,13/06/2024,33.1,83.4,55,Humid
12183,Kochi,17-10-2024,26.2,54.9,48,Stormy
12184,Kochi,13-02-2024,21.0,7.1,86,Rainy
12185,Kochi,09/03/2023,34.9,45.3,60,Rainy
12186,Kochi,11/07/2023,19.7,27.9,69,Cloudy
12187,Kochi,09/05/2023,28.4,10.6,44,Rainy
12188,Kochi,13/02/2023,20.7,8.3,57,Clear
12189,Kochi,29/04/2023,29.5,0.0,44,Foggy
12190,Kochi,10/05/2024,23.9,0.0,47,Rainy
12191,Kochi,17-10-2024,27.5,26.1,48,Cloudy
12192,Kochi,2023-08-02,32.2,189.7,55,Stormy
12193,Kochi,10-10-2023,24.2,0.0,52,Cloudy
12194,Kochi,02-12-2024,24.4,0.0,90,Clear
12195,Kochi,17-06-2023,22.9,50.6,63,Humid
12196,Kochi,04/21/2024,34.3,2.2,37,Clear
12197,Kochi,2024.04.28,30.5,0.0,58,Clear
12198,Kochi,2023.07.09,26.7,0.0,69,Clear
12199,Kochi,20/08/2024,28.7,115.9,59,Cloudy
12200,Kochi,04-01-2024,14.9,0.0,47,Cloudy
12201,Kochi,29/01/2024,12.3,5.1,41,Clear
12202,Kochi,2024.04.18,42.5,0.9,44,Foggy
12203,Kochi,2023-04-22,32.1,5.1,34,Foggy
12204,Kochi,2023.09.06,30.6,0.0,71,Cloudy
12205,Kochi,2024-04-06,29.8,3.2,62,Foggy
12206,Kochi,13-05-2023,32.7,0.3,68,Rainy
12207,Kochi,12/01/2023,20.0,1.0,62,Humid
12208,Kochi,2023-06-30,32.3,0.0,46,Humid
12209,Kochi,13-05-2024,33.4,3.6,62,Cloudy
12210,Kochi,15/03/2023,38.3,15.3,92,Rainy
12211,Kochi,2023.09.05,29.4,41.9,58,Foggy
12212,Kochi,14-08-2023,27.0,0.0,72,Rainy
12213,,04/10/2024,21.0,29.5,51,Foggy
12214,Kochi,08/16/2023,24.9,107.9,73,Clear
12215,Kochi,2023-07-22,23.2,0.0,42,Rainy
12216,Kochi,2023-09-25,26.2,136.7,66,Humid
12217,Kochi,2024.08.08,27.1,17.8,73,Rainy
12218,Kochi,13-04-2024,33.6,5.4,56,Humid
12219,Kochi,26/02/2024,18.3,1.1,65,Cloudy
12220,Kochi,2024-07-11,24.1,162.7,71,Foggy
12221,Kochi,24-12-2024,21.6,0.8,-70,Humid
12222,Kochi,03-09-2023,27.6,0.0,67,Rainy
12223,Kochi,12-11-2023,31.0,0.0,75,Clear
12224,Kochi,06-04-2024,36.3,7.2,70,Rainy
12225,Kochi,2023-03-01,41.7,15.7,81,Humid
12226,Kochi,2024.02.18,12.7,5.6,39,Clear
12227,Kochi,2024.03.19,37.9,1.7,58,Rainy
12228,Kochi,09/01/2024,20.7,7.1,39,Clear
12229,Kochi,2023.10.06,21.4,6.3,51,Clear
12230,Kochi,2023-07-21,20.0,214.1,32,Rainy
12231,Kochi,2024.12.13,21.5,0.0,48,Rainy
12232,Kochi,03/08/2023,27.7,304.4,66,Stormy
12233,Kochi,28-02-2023,22.3,2.9,58,Cloudy
12234,Kochi,2023.05.02,29.9,0.5,71,Foggy
12235,Kochi,22/09/2023,28.2,30.1,67,Rainy
12236,Kochi,2024-09-16,34.1,0.0,43,Clear
12237,Kochi,2024.04.07,34.6,13.9,55,Humid
12238,Kochi,29-06-2023,25.9,7.9,58,Cloudy
12239,Kochi,2024-08-05,27.1,17.5,77,Clear
12240,Kochi,2023.06.15,32.0,0.0,-53,Cloudy
12241,,2023-04-06,30.6,0.0,45,Clear
12242,Kochi,12-09-2023,31.3,627.5,50,Clear
12243,Kochi,2023-08-05,29.5,10.9,70,Humid
12244,Kochi,16/11/2023,25.8,0.0,44,Clear
12245,Kochi,17/07/2024,31.8,89.5,91,Rainy
12246,Kochi,23/09/2023,27.4,11.4,48,Rainy
12247,Kochi,24/04/2024,34.5,5.6,86,Humid
12248,Kochi,2024-08-11,31.7,0.0,45,Rainy
12249,Kochi,2024.09.13,20.6,66.4,25,Clear
12250,Kochi,2023-06-27,26.4,111.3,61,Rainy
12251,Kochi,20/07/2024,29.5,112.0,62,Rainy
12252,Kochi,19/06/2023,29.2,40.4,28,Humid
12253,Kochi,10/31/2023,19.6,21.4,68,Clear
12254,Kochi,2023.09.13,31.5,230.5,74,Rainy
12255,Kochi,11/05/2023,30.9,0.0,93,Clear
12256,Kochi,2023.05.30,31.9,1.2,38,Clear
12257,Kochi,03-08-2024,19.8,142.4,56,Clear
12258,Kochi,18-12-2023,15.6,2.4,33,Clear
12259,Kochi,06/04/2023,37.6,14.9,60,Cloudy
12260,Kochi,2024.09.14,31.9,155.3,81,Humid
12261,Kochi,16-03-2024,33.1,0.0,88,Clear
12262,Kochi,01/11/2024,28.4,24.7,52,Cloudy
12263,Kochi,26-03-2023,33.6,,57,Cloudy
12264,Kochi,06/13/2024,24.1,183.9,71,Foggy
12265,Kochi,12/05/2023,13.0,20.5,53,Clear
12266,Kochi,02-07-2024,26.1,241.4,64,Cloudy
12267,Kochi,18/10/2023,27.9,91.7,50,Clear
12268,Kochi,06/11/2024,27.4,121.2,44,Cloudy
12269,Kochi,2023.01.28,21.1,0.0,51,Clear
12270,Kochi,02/07/2023,17.4,0.6,71,Clear
12271,Kochi,29-11-2023,30.4,61.7,79,Stormy
12272,Kochi,2024.01.07,19.5,15.5,62,Cloudy
12273,Kochi,15-01-2023,16.6,4.9,85,Cloudy
12274,Kochi,2024-12-08,18.4,1.3,66,Clear
12275,Kochi,24-07-2024,27.3,430.2,53,Humid
12276,Kochi,2024.09.11,31.1,0.0,92,Rainy
12277,Kochi,2024.08.16,27.8,67.9,32,Humid
12278,Kochi,2024.08.04,31.8,0.0,63,Clear
12279,Kochi,01-03-2023,34.1,3.8,39,Clear
12280,Kochi,11/21/2023,23.1,0.0,63,Clear
12281,Kochi,07-06-2024,32.2,231.5,62,Clear
12282,Kochi,13-08-2023,31.4,0.0,38,Clear
12283,Kochi,14/01/2024,18.5,21.9,47,Humid
12284,Kochi,15/09/2024,20.2,86.5,47,Clear
12285,Kochi,2023-09-13,29.5,256.2,45,Foggy
12286,Kochi,06/02/2024,26.1,165.8,72,Clear
12287,Kochi,20/05/2023,34.2,11.1,59,Humid
12288,Kochi,06/16/2024,32.5,25.5,50,Humid
12289,Kochi,09-07-2023,23.9,203.9,56,Clear
12290,Kochi,02/23/2024,11.0,0.0,43,Clear
12291,Kochi,12/25/2023,17.3,0.1,85,Clear
12292,Kochi,27/08/2023,28.9,68.5,70,Stormy
12293,Kochi,30-03-2024,32.3,16.2,55,Clear
12294,Kochi,11/03/2023,26.0,6.3,33,Foggy
12295,Kochi,2023-03-06,31.4,0.0,58,Foggy
12296,Kochi,05/05/2023,29.8,1.2,59,Cloudy
12297,Kochi,24/12/2024,12.6,7.5,54,Rainy
12298,Kochi,2024.08.10,31.2,97.3,87,Cloudy
12299,Kochi,14-12-2023,19.7,0.0,33,Clear
12300,Kochi,2024-02-12,19.3,0.6,59,Clear
12301,Kochi,2023.01.22,20.9,1.6,67,Clear
12302,Kochi,14-04-2024,35.8,0.0,56,Stormy
12303,Kochi,12/09/2023,24.1,1.0,56,Clear
12304,Kochi,2024-06-12,28.2,0.0,-69,Foggy
12305,Kochi,2024.10.29,29.5,62.4,36,Humid
12306,Kochi,2023.01.01,21.5,2.0,38,Cloudy
12307,Kochi,2023.04.23,42.5,5.0,50,Foggy
12308,Kochi,2024.02.06,26.4,1.1,69,Stormy
12309,Kochi,09/12/2024,27.5,34.5,55,Clear
12310,Kochi,02-01-2023,19.5,0.0,61,Cloudy
12311,Kochi,10/01/2023,26.5,0.0,57,Rainy
12312,Kochi,2023.01.28,22.8,0.0,64,Clear
12313,Kochi,2024-03-10,30.1,16.6,63,Clear
12314,Kochi,07-09-2023,24.9,0.0,37,Clear
12315,Kochi,2023-04-04,35.7,0.0,79,Clear
12316,Kochi,2023.03.22,32.1,4.2,69,Stormy
12317,Kochi,07/20/2024,18.2,0.0,46,Clear
12318,Kochi,11/15/2023,32.5,26.3,47,Cloudy
12319,Kochi,03-04-2024,31.9,9.6,68,Clear
12320,Kochi,16/08/2024,27.7,283.4,33,Rainy
12321,Kochi,29/09/2024,25.9,179.3,38,Clear
12322,Kochi,07/01/2024,57.5,101.0,83,Cloudy
12323,Kochi,2023-04-14,34.6,7.9,31,Humid
12324,Kochi,2023-06-13,29.2,428.8,49,Rainy
12325,Kochi,07/28/2024,23.3,24.0,68,Clear
12326,Kochi,06-01-2024,20.7,2.0,52,Humid
12327,Kochi,01/22/2023,13.8,8.1,56,Stormy
12328,Kochi,2024-02-04,14.5,2.5,63,Clear
12329,,2023.10.27,23.2,32.7,84,Cloudy
12330,Kochi,2024.05.05,32.5,20.6,41,Foggy
12331,Kochi,10/09/2023,21.9,0.0,62,Rainy
12332,Kochi,2024.02.26,13.1,13.3,65,Humid
12333,Kochi,01/19/2024,16.2,0.0,70,Clear
12334,Kochi,15/09/2024,26.2,0.2,65,Cloudy
12335,Kochi,26/02/2023,16.3,0.9,35,Cloudy
12336,Kochi,2023.01.01,13.5,2.0,80,Clear
12337,Kochi,2024.05.12,39.0,10.2,61,Humid
12338,Kochi,2023.01.04,19.3,0.0,73,Clear
12339,Kochi,2023-03-11,33.2,3.1,62,Clear
12340,Kochi,2023-05-07,33.0,7.0,70,Foggy
12341,Kochi,2024-04-04,28.7,0.0,52,Cloudy
12342,Kochi,2024-06-09,34.0,0.0,61,Clear
12343,Kochi,2023-07-06,26.7,167.1,62,Rainy
12344,Kochi,26-02-2023,14.4,6.0,35,Foggy
12345,Kochi,2023.07.20,27.2,264.3,66,Clear
12346,Kochi,2024.06.26,20.9,40.0,80,Foggy
12347,Kochi,25/01/2023,14.6,2.8,56,Clear
12348,Kochi,2023-03-29,38.9,0.0,80,Rainy
12349,Kochi,22-10-2024,25.0,10.8,38,Humid
12350,Kochi,2024.03.21,29.9,0.0,61,Clear
12351,Kochi,2023.02.07,18.5,0.4,50,Humid
12352,Kochi,05-06-2024,22.9,420.7,34,Clear
12353,Kochi,2024.01.21,15.7,7.4,67,Stormy
12354,Kochi,03/09/2023,26.6,278.7,69,Cloudy
12355,Kochi,04/24/2023,32.7,13.1,78,Clear
12356,Kochi,2024.06.11,32.1,54.6,65,Clear
12357,Kochi,2024.08.25,26.2,102.5,65,Clear
12358,Kochi,25/09/2024,29.4,212.7,86,Foggy
12359,Kochi,2024.02.10,16.6,5.5,64,Rainy
12360,Kochi,2023.01.24,22.4,1.3,60,Stormy
12361,Kochi,04-09-2024,28.4,372.4,58,Rainy
12362,Kochi,03/06/2024,32.9,9.7,66,Cloudy
12363,Kochi,2023-09-21,29.2,442.6,47,Clear
12364,Kochi,10/24/2024,26.0,0.0,40,Clear
12365,Kochi,10/22/2023,19.4,126.0,95,Clear
12366,Kochi,05/11/2024,39.2,0.0,82,Foggy
12367,Kochi,13-12-2023,13.3,6.0,66,Clear
12368,Kochi,11/28/2023,23.8,95.3,75,Cloudy
12369,Kochi,2024-06-26,26.4,0.0,39,Stormy
12370,Kochi,2023-10-03,21.1,40.5,65,Cloudy
12371,Kochi,17/02/2023,13.0,3.4,48,Clear
12372,Kochi,19-01-2024,21.2,18.3,23,Cloudy
12373,Kochi,24-01-2023,5.4,0.0,54,Clear
12374,Kochi,2023.11.20,19.4,13.3,43,Clear
12375,Kochi,2024.10.23,19.9,15.6,66,Clear
12376,Kochi,2023-05-04,26.7,11.4,72,Rainy
12377,Kochi,2023.11.22,28.2,33.8,41,Foggy
12378,Kochi,18-10-2023,23.8,0.0,58,Clear
12379,Kochi,20/01/2024,23.3,0.2,71,Foggy
12380,Kochi,2024.07.13,22.3,34.1,50,Rainy
12381,Kochi,2023.09.03,28.3,51.1,45,Foggy
12382,Kochi,2023-05-20,27.5,0.0,74,Cloudy
12383,Kochi,09-03-2023,25.8,5.4,35,Clear
12384,Kochi,2023-11-30,30.1,42.7,54,Humid
12385,Kochi,22/02/2023,15.6,0.0,54,Clear
12386,Kochi,27/11/2024,32.7,33.7,76,Cloudy
12387,Kochi,2023.03.20,33.9,0.8,53,Cloudy
12388,Kochi,2024.02.25,16.1,2.5,48,Clear
12389,Kochi,05-08-2023,26.2,55.0,44,Rainy
12390,Kochi,10-01-2024,17.7,0.0,83,Clear
12391,Kochi,01/12/2023,15.6,1.6,41,Humid
12392,Kochi,01/23/2023,10.5,1.0,43,Clear
12393,Kochi,12-11-2023,29.2,47.2,61,Clear
12394,Kochi,2024-12-05,22.7,0.0,52,Clear
12395,Kochi,24-10-2024,19.8,35.2,69,Clear
12396,Kochi,12/03/2023,36.0,0.0,59,Humid
12397,Kochi,2023-11-23,30.2,0.0,60,Stormy
12398,Kochi,24-09-2023,32.2,114.9,32,Humid
12399,Kochi,12-10-2024,27.1,19.7,64,Stormy
12400,Kochi,11/17/2023,26.4,0.0,54,Clear
12401,Kochi,02/04/2024,27.5,27.0,56,Rainy
12402,Kochi,13/10/2023,27.7,0.0,80,Stormy
12403,Kochi,2024-06-06,22.7,212.1,52,Clear
12404,Kochi,20/08/2023,35.3,0.0,84,Clear
12405,Kochi,06-02-2024,27.5,6.4,48,Cloudy
12406,Kochi,28-06-2024,23.4,83.2,75,Rainy
12407,Kochi,2023-03-11,40.4,3.4,39,Clear
12408,Kochi,28/08/2024,30.8,33.3,74,Rainy
12409,Kochi,08-11-2023,27.3,16.8,27,Humid
12410,Kochi,08/06/2023,31.3,40.7,66,Clear
12411,Kochi,31-12-2024,16.6,0.9,60,Rainy
12412,Visakhapatnam,2024.01.16,16.6,7.9,67,Cloudy
12413,Visakhapatnam,2024-11-16,30.1,10.1,82,Foggy
12414,Visakhapatnam,17-11-2023,30.9,19.1,57,Clear
12415,Visakhapatnam,18-12-2023,28.2,1.6,69,Clear
12416,Visakhapatnam,09/13/2023,27.5,162.2,40,Clear
12417,Visakhapatnam,04-06-2024,26.6,247.2,52,Clear
12418,Visakhapatnam,2023.05.02,37.1,32.8,68,Humid
12419,Visakhapatnam,2024.08.29,29.9,289.3,68,Cloudy
12420,Visakhapatnam,2024.09.03,29.7,97.8,72,Cloudy
12421,Visakhapatnam,27-06-2023,28.1,24.0,60,Foggy
12422,Visakhapatnam,19/09/2024,28.2,21.8,75,Clear
12423,Visakhapatnam,08/08/2023,34.5,27.1,61,Rainy
12424,Visakhapatnam,03-08-2024,22.1,871.9,54,Humid
12425,Visakhapatnam,2024-06-09,28.1,116.2,63,Cloudy
12426,Visakhapatnam,2023-10-21,26.2,18.3,60,Humid
12427,Visakhapatnam,14/12/2024,15.9,2.7,88,Cloudy
12428,Visakhapatnam,12/28/2023,15.1,4.9,45,Cloudy
12429,Visakhapatnam,09/06/2023,23.2,14.1,68,Foggy
12430,Visakhapatnam,14/08/2024,24.5,154.0,50,Rainy
12431,Visakhapatnam,05/21/2024,37.3,17.3,70,Humid
12432,Visakhapatnam,28-05-2023,28.5,0.0,76,Clear
12433,Visakhapatnam,29-03-2023,33.8,2.4,55,Stormy
12434,Visakhapatnam,09/05/2024,32.7,5.0,67,Cloudy
12435,Visakhapatnam,23-09-2024,30.1,13.0,65,Foggy
12436,Visakhapatnam,2023.06.30,27.9,0.0,63,Clear
12437,Visakhapatnam,2024-01-23,16.5,0.0,46,Cloudy
12438,Visakhapatnam,15/07/2023,25.3,0.0,71,Rainy
12439,Visakhapatnam,2023-07-27,28.3,45.9,59,Clear
12440,Visakhapatnam,21/05/2023,32.7,0.0,38,Cloudy
12441,Visakhapatnam,2023.06.16,30.3,84.1,60,Foggy
12442,Visakhapatnam,12/12/2023,11.3,0.0,48,Humid
12443,Visakhapatnam,07/09/2024,23.8,,67,Rainy
12444,Visakhapatnam,02/02/2024,13.1,0.0,69,Clear
12445,Visakhapatnam,20-07-2024,22.6,0.0,53,Clear
12446,Visakhapatnam,07/06/2024,28.2,18.3,68,Clear
12447,Visakhapatnam,11-07-2024,26.1,287.9,37,Clear
12448,Visakhapatnam,02/29/2024,17.9,4.3,52,Clear
12449,Visakhapatnam,2024-03-21,33.8,4.9,69,Cloudy
12450,Visakhapatnam,29/04/2023,22.5,0.0,38,Clear
12451,Visakhapatnam,26-11-2023,24.8,64.0,74,Cloudy
12452,Visakhapatnam,2023-08-24,21.9,0.0,58,Cloudy
12453,Visakhapatnam,2024.01.13,17.7,1.1,52,Humid
12454,Visakhapatnam,2023-06-29,25.6,0.0,57,Foggy
12455,Visakhapatnam,18/03/2024,32.6,2.6,-63,Clear
12456,Visakhapatnam,08/04/2024,31.3,0.5,45,Clear
12457,Visakhapatnam,26/05/2024,34.6,4.2,43,Clear
12458,Visakhapatnam,2024.10.17,50.2,10.8,77,Clear
12459,Visakhapatnam,13/07/2023,32.8,197.2,52,Rainy
12460,Visakhapatnam,2024-09-20,22.8,0.0,44,Clear
12461,Visakhapatnam,18/08/2023,29.7,644.3,58,Clear
12462,Visakhapatnam,2024.06.13,23.4,0.0,59,Clear
12463,Visakhapatnam,12/06/2023,24.1,83.5,79,Clear
12464,Visakhapatnam,2023.11.26,29.9,8.7,52,Clear
12465,Visakhapatnam,05/10/2023,36.8,6.3,48,Clear
12466,Visakhapatnam,2023-01-10,16.2,5.6,76,Cloudy
12467,Visakhapatnam,31/08/2023,28.5,211.1,34,Clear
12468,Visakhapatnam,2023.05.02,34.2,16.9,72,Cloudy
12469,Visakhapatnam,08-12-2024,11.9,10.4,41,Clear
12470,Visakhapatnam,2024.10.30,22.4,6.1,42,Cloudy
12471,Visakhapatnam,2023.06.30,26.8,87.6,64,Clear
12472,Visakhapatnam,24/08/2024,22.5,316.5,61,Rainy
12473,Visakhapatnam,21-10-2024,34.7,56.5,46,Clear
12474,Visakhapatnam,08/03/2024,24.6,1.5,47,Foggy
12475,Visakhapatnam,05/29/2023,30.3,4.3,55,Cloudy
12476,Visakhapatnam,2023.03.05,34.8,5.1,48,Humid
12477,Visakhapatnam,12/07/2024,27.6,104.1,69,Clear
12478,Visakhapatnam,08/07/2024,30.1,0.0,57,Rainy
12479,Visakhapatnam,2024-08-28,31.5,84.7,75,Rainy
12480,Visakhapatnam,09-08-2023,25.9,71.7,79,Clear
12481,Visakhapatnam,25/03/2024,32.8,14.7,77,Clear
12482,Visakhapatnam,17/06/2023,23.3,11.8,90,Foggy
12483,Visakhapatnam,09/21/2024,30.3,0.0,58,Humid
12484,Visakhapatnam,2024-07-22,31.7,0.0,52,Rainy
12485,Visakhapatnam,02/19/2024,16.2,0.0,62,Cloudy
12486,Visakhapatnam,2024.02.10,19.8,2.8,46,Clear
12487,Visakhapatnam,2024-11-05,21.1,0.2,40,Rainy
12488,Visakhapatnam,2023-04-14,31.6,2.3,51,Foggy
12489,Visakhapatnam,27/03/2023,34.2,7.5,48,Foggy
12490,Visakhapatnam,04/11/2024,31.5,1.8,70,Clear
12491,Visakhapatnam,2023-08-19,21.9,112.0,68,Stormy
12492,Visakhapatnam,2023.03.07,37.0,11.1,52,Foggy
12493,,2024.01.26,20.0,11.5,81,Clear
12494,Visakhapatnam,02-01-2024,15.1,13.6,46,Humid
12495,Visakhapatnam,25-04-2023,28.5,4.4,54,Clear
12496,Visakhapatnam,04-09-2024,31.8,79.6,66,Clear
12497,Visakhapatnam,07/25/2024,27.6,55.5,40,Humid
12498,Visakhapatnam,2023.12.08,22.8,10.1,52,Cloudy
12499,Visakhapatnam,05/20/2024,35.6,0.9,61,Cloudy
12500,Visakhapatnam,12-04-2023,38.1,0.0,40,Clear
12501,Visakhapatnam,2024.02.16,23.4,0.9,51,Clear
12502,Visakhapatnam,09/11/2024,21.0,60.8,61,Foggy
12503,Visakhapatnam,2024.08.24,28.8,38.2,51,Clear
12504,Visakhapatnam,29-12-2023,10.3,0.0,55,Clear
12505,Visakhapatnam,2024-08-04,30.0,9.4,51,Foggy
12506,Visakhapatnam,2023-06-15,30.2,0.0,57,Rainy
12507,Visakhapatnam,18-07-2024,26.4,0.0,70,Humid
12508,Visakhapatnam,09/20/2024,31.0,0.0,63,Clear
12509,Visakhapatnam,2023-07-11,25.9,174.2,47,Clear
12510,Visakhapatnam,01/01/2024,18.8,11.3,64,Humid
12511,Visakhapatnam,2024.09.01,27.1,85.4,61,Foggy
12512,Visakhapatnam,08/22/2023,34.0,2.1,61,Rainy
12513,Visakhapatnam,09/15/2024,19.0,,28,Clear
12514,Visakhapatnam,23/06/2024,29.5,0.0,61,Rainy
12515,Visakhapatnam,2024.05.26,26.5,3.9,68,Cloudy
12516,Visakhapatnam,01/06/2024,25.5,0.0,57,Clear
12517,Visakhapatnam,30/11/2024,23.6,78.0,57,Cloudy
12518,Visakhapatnam,14-12-2024,26.9,2.4,52,Foggy
12519,Visakhapatnam,2023-12-16,19.9,0.8,58,Clear
12520,Visakhapatnam,09/16/2024,30.2,122.0,48,Clear
12521,Visakhapatnam,2023.06.29,33.5,0.0,50,Humid
12522,Visakhapatnam,10-08-2024,33.5,261.0,88,Clear
12523,Visakhapatnam,11/26/2024,24.5,25.7,56,Clear
12524,Visakhapatnam,2024.08.25,30.7,100.2,75,Stormy
12525,Visakhapatnam,2023-08-19,29.8,0.0,38,Clear
12526,Visakhapatnam,2023.08.04,27.7,0.0,53,Humid
12527,Visakhapatnam,12-10-2023,24.3,0.0,56,Humid
12528,Visakhapatnam,02/24/2023,20.8,1.3,26,Clear
12529,Visakhapatnam,21/06/2023,32.5,34.9,51,Clear
12530,Visakhapatnam,03/21/2024,32.7,15.5,53,Cloudy
12531,Visakhapatnam,11-01-2023,12.7,2.1,51,Rainy
12532,Visakhapatnam,2023-09-21,33.5,175.9,39,Cloudy
12533,Visakhapatnam,2023.10.16,23.8,0.1,36,Clear
12534,Visakhapatnam,06/17/2024,22.5,24.2,48,Foggy
12535,Visakhapatnam,2023.07.25,29.3,86.1,52,Rainy
12536,Visakhapatnam,2024-06-13,34.5,,73,Clear
12537,Visakhapatnam,10/04/2024,23.9,1.6,61,Clear
12538,Visakhapatnam,05/19/2023,30.3,7.5,44,Humid
12539,Visakhapatnam,15-11-2024,24.9,0.0,98,Foggy
12540,Visakhapatnam,01/25/2024,20.7,0.5,54,Humid
12541,Visakhapatnam,04/12/2023,12.3,3.3,39,Rainy
12542,Visakhapatnam,03-06-2024,25.1,6.2,85,Rainy
12543,Visakhapatnam,2024.12.10,19.1,0.5,58,Humid
12544,Visakhapatnam,11/04/2023,41.1,3.4,98,Clear
12545,Visakhapatnam,02-06-2023,30.5,87.8,41,Rainy
12546,Visakhapatnam,02/02/2023,19.5,1.6,43,Clear
12547,Visakhapatnam,06/28/2023,29.7,24.9,66,Humid
12548,Visakhapatnam,2024-06-20,25.8,330.9,57,Clear
12549,Visakhapatnam,2024.11.20,25.8,0.0,73,Cloudy
12550,Visakhapatnam,24-09-2023,27.4,59.5,62,Clear
12551,Visakhapatnam,2024-11-18,27.1,39.2,71,Cloudy
12552,Visakhapatnam,2024.04.23,33.6,10.6,27,Clear
12553,Visakhapatnam,2024.11.29,25.1,6.3,54,Humid
12554,Visakhapatnam,26-09-2023,27.4,188.8,85,Clear
12555,Visakhapatnam,23-11-2023,29.6,0.1,-48,Cloudy
12556,Visakhapatnam,12/10/2023,27.2,5.6,63,Clear
12557,Visakhapatnam,2023.03.19,28.3,18.4,69,Humid
12558,Visakhapatnam,29/04/2023,29.4,21.7,71,Humid
12559,Visakhapatnam,19-05-2024,28.2,10.1,40,Clear
12560,Visakhapatnam,16-05-2024,33.7,11.8,74,Clear
12561,Visakhapatnam,12/09/2024,15.4,4.3,54,Cloudy
12562,Visakhapatnam,11-01-2023,15.3,7.0,42,Cloudy
12563,Visakhapatnam,19-07-2024,30.7,0.0,100,Foggy
12564,Visakhapatnam,2024.04.02,37.6,0.0,58,Cloudy
12565,Visakhapatnam,28/04/2024,31.2,0.0,39,Foggy
12566,Visakhapatnam,10/22/2024,26.6,0.0,100,Stormy
12567,Visakhapatnam,28-11-2024,26.4,6.4,57,Humid
12568,Visakhapatnam,10/06/2024,24.0,31.4,63,Cloudy
12569,Visakhapatnam,2024-07-10,26.0,50.3,85,Clear
12570,Visakhapatnam,24/11/2024,28.0,30.5,52,Cloudy
12571,Visakhapatnam,19/01/2024,18.7,0.0,51,Foggy
12572,Visakhapatnam,08/25/2023,32.3,0.0,59,Rainy
12573,Visakhapatnam,08/05/2024,31.2,4.3,98,Stormy
12574,Visakhapatnam,01-06-2023,26.5,10.9,52,Clear
12575,Visakhapatnam,02/04/2024,16.8,5.2,66,Clear
12576,Visakhapatnam,2023.01.08,19.7,3.5,79,Clear
12577,Visakhapatnam,07/04/2023,27.9,0.0,75,Clear
12578,Visakhapatnam,18-04-2024,39.1,0.0,57,Humid
12579,Visakhapatnam,07/12/2024,23.4,183.1,75,Foggy
12580,Visakhapatnam,2024.06.12,28.9,290.2,37,Clear
12581,Visakhapatnam,10/10/2023,25.6,29.5,59,Clear
12582,Visakhapatnam,16-04-2024,28.9,0.2,63,Clear
12583,Visakhapatnam,18/03/2023,32.5,12.0,73,Foggy
12584,Visakhapatnam,2024-07-21,23.5,179.9,72,Clear
12585,Visakhapatnam,2024-02-20,22.6,0.5,67,Stormy
12586,Visakhapatnam,2024.06.15,25.0,0.0,65,Rainy
12587,Visakhapatnam,2023.03.26,29.1,27.9,92,Clear
12588,Visakhapatnam,08/06/2024,24.3,244.9,55,Clear
12589,Visakhapatnam,26-04-2023,29.6,0.4,44,Cloudy
12590,Visakhapatnam,2023-08-19,27.5,147.5,78,Clear
12591,Visakhapatnam,08/15/2023,34.6,0.0,100,Clear
12592,Visakhapatnam,10/17/2024,23.7,0.0,67,Clear
12593,Visakhapatnam,2023-09-24,31.0,91.0,40,Rainy
12594,Visakhapatnam,07/20/2024,29.4,31.2,44,Clear
12595,Visakhapatnam,2023.07.20,23.2,144.3,28,Foggy
12596,Visakhapatnam,24-11-2023,24.3,0.0,40,Rainy
12597,Visakhapatnam,07/09/2024,23.4,172.6,58,Clear
12598,Visakhapatnam,01/27/2024,20.0,0.0,61,Stormy
12599,Visakhapatnam,2024-07-05,29.9,13.6,75,Clear
12600,Visakhapatnam,2023.05.16,25.1,0.0,66,Clear
12601,Visakhapatnam,12/08/2024,16.0,0.0,69,Foggy
12602,Visakhapatnam,2023.12.11,16.7,0.0,75,Cloudy
12603,Visakhapatnam,05-03-2024,45.2,15.3,77,Cloudy
12604,Visakhapatnam,2024.10.24,31.7,8.0,73,Clear
12605,Visakhapatnam,2024-02-08,21.8,1.8,46,Humid
12606,Visakhapatnam,23/07/2024,33.5,45.2,64,Cloudy
12607,Visakhapatnam,05/22/2023,29.0,0.0,66,Clear
12608,Visakhapatnam,14/11/2023,24.4,21.4,73,Stormy
12609,Visakhapatnam,14/05/2023,33.9,5.4,51,Clear
12610,Visakhapatnam,08/21/2023,24.3,29.1,71,Rainy
12611,Visakhapatnam,04/15/2024,19.8,7.7,73,Clear
12612,Visakhapatnam,12/04/2024,15.2,0.2,44,Humid
12613,Visakhapatnam,31-01-2024,23.3,12.6,37,Clear
12614,Visakhapatnam,20-02-2023,16.4,0.8,52,Rainy
12615,Visakhapatnam,2023-06-22,28.5,67.1,63,Cloudy
12616,Visakhapatnam,2024.02.07,13.3,0.0,86,Clear
12617,Visakhapatnam,2024-07-19,33.7,7.3,85,Rainy
12618,Visakhapatnam,2024.10.20,27.5,42.1,67,Clear
12619,Visakhapatnam,01-01-2023,13.8,0.0,31,Stormy
12620,Visakhapatnam,24/04/2024,33.5,0.1,55,Rainy
12621,Visakhapatnam,2023.08.10,20.6,0.0,63,Clear
12622,Visakhapatnam,2024.04.29,29.7,1.7,76,Cloudy
12623,Visakhapatnam,2023.03.30,33.6,2.6,50,Stormy
12624,Visakhapatnam,19-10-2023,20.6,1.1,43,Humid
12625,Visakhapatnam,2023.08.25,31.1,32.8,58,Clear
12626,Visakhapatnam,2024-09-23,33.1,305.8,64,Clear
12627,Visakhapatnam,08-07-2024,30.9,25.0,52,Cloudy
12628,Visakhapatnam,02/02/2024,20.2,0.9,70,Humid
12629,Visakhapatnam,09/10/2024,21.3,0.0,76,Foggy
12630,Visakhapatnam,01/21/2023,10.5,0.0,69,Humid
12631,Visakhapatnam,01/12/2023,22.2,9.6,62,Clear
12632,Visakhapatnam,12/11/2023,15.1,0.0,68,Stormy
12633,Visakhapatnam,27-05-2024,31.7,0.0,82,Humid
12634,Visakhapatnam,2023-08-29,23.4,0.0,55,Foggy
12635,Visakhapatnam,2023.10.11,22.0,0.0,72,Clear
12636,Visakhapatnam,2023-07-05,30.6,50.3,70,Rainy
12637,Visakhapatnam,08/15/2023,31.5,37.1,66,Cloudy
12638,Visakhapatnam,12/03/2024,16.8,1.2,60,Humid
12639,Visakhapatnam,12/08/2024,14.4,15.5,60,Clear
12640,Visakhapatnam,2024-06-06,23.3,109.0,73,Rainy
12641,Visakhapatnam,2023-10-01,27.7,64.3,44,Humid
12642,Visakhapatnam,05/09/2024,32.2,0.0,43,Clear
12643,Visakhapatnam,09-08-2023,28.5,220.5,45,Clear
12644,Visakhapatnam,2024-11-15,29.6,4.0,46,Clear
12645,,2023.06.11,31.0,44.4,48,Foggy
12646,Visakhapatnam,2024-03-28,29.4,7.9,40,Clear
12647,Visakhapatnam,2023-12-06,17.4,7.4,97,Humid
12648,Visakhapatnam,2024.11.16,23.8,89.1,41,Cloudy
12649,Visakhapatnam,2023-04-20,28.3,17.2,75,Clear
12650,Visakhapatnam,2024.10.24,31.1,34.5,44,Clear
12651,Visakhapatnam,23/08/2024,30.6,89.8,67,Rainy
12652,Visakhapatnam,07/11/2023,23.3,27.6,68,Foggy
12653,Visakhapatnam,2024-04-11,32.3,9.5,80,Humid
12654,Visakhapatnam,09/25/2024,23.3,59.5,59,Clear
12655,Visakhapatnam,2023-09-30,30.4,0.0,65,Rainy
12656,Visakhapatnam,26-09-2023,31.9,0.0,61,Clear
12657,Visakhapatnam,2023-06-20,31.3,0.0,48,Humid
12658,Visakhapatnam,02/07/2024,31.1,17.0,76,Cloudy
12659,Visakhapatnam,08/23/2023,25.5,44.6,56,Clear
12660,Visakhapatnam,2024-01-09,17.0,3.2,35,Rainy
12661,Visakhapatnam,2023-07-15,22.6,37.7,68,Rainy
12662,Visakhapatnam,2023.11.29,25.4,0.0,32,Rainy
12663,Visakhapatnam,23-09-2024,28.8,0.0,35,Rainy
12664,Visakhapatnam,2024-03-31,37.8,0.5,49,Clear
12665,Visakhapatnam,2023-04-23,36.7,2.4,55,Foggy
12666,Visakhapatnam,2023.05.17,34.6,0.5,65,Cloudy
12667,Visakhapatnam,10/06/2023,26.9,0.0,31,Foggy
12668,Visakhapatnam,15/02/2024,14.9,0.0,64,Foggy
12669,Visakhapatnam,20-07-2023,26.6,0.0,43,Clear
12670,Visakhapatnam,2024-12-30,18.0,0.0,75,Clear
12671,Visakhapatnam,2024.01.18,16.5,0.0,61,Cloudy
12672,Visakhapatnam,29/08/2024,26.4,5.0,64,Rainy
12673,Visakhapatnam,2023-12-09,17.4,5.9,68,Rainy
12674,Visakhapatnam,05/30/2023,26.6,0.0,45,Rainy
12675,Visakhapatnam,2024.10.10,28.8,65.8,73,Clear
12676,Visakhapatnam,11/12/2023,27.9,60.2,56,Clear
12677,Visakhapatnam,28/07/2023,30.4,248.3,59,Cloudy
12678,Visakhapatnam,09/26/2023,24.7,0.0,70,Clear
12679,Visakhapatnam,2024-12-11,23.2,0.3,67,Foggy
12680,Visakhapatnam,07/12/2024,28.3,25.1,35,Humid
12681,Visakhapatnam,30/06/2023,18.7,36.5,55,Cloudy
12682,Visakhapatnam,26/06/2024,34.5,19.2,38,Clear
12683,Visakhapatnam,2023-06-27,30.9,0.0,78,Humid
12684,Visakhapatnam,28/10/2024,30.0,0.0,72,Foggy
12685,Visakhapatnam,2024-08-29,26.8,0.0,37,Clear
12686,Visakhapatnam,21/01/2024,59.0,0.4,70,Foggy
12687,Visakhapatnam,11/04/2024,31.4,3.4,40,Cloudy
12688,Visakhapatnam,09-12-2023,19.9,0.0,54,Cloudy
12689,Visakhapatnam,2023-05-10,36.1,0.0,63,Clear
12690,Visakhapatnam,07/07/2024,27.2,53.8,52,Rainy
12691,Visakhapatnam,2023-12-30,19.6,0.3,72,Humid
12692,Visakhapatnam,09-06-2024,31.8,39.6,49,Cloudy
12693,Visakhapatnam,11/30/2023,23.0,0.0,31,Clear
12694,Visakhapatnam,03/09/2023,41.3,1.3,85,Foggy
12695,Visakhapatnam,2023-08-29,31.2,37.1,56,Clear
12696,Visakhapatnam,2024-07-03,30.9,0.0,67,Rainy
12697,Visakhapatnam,28-10-2024,22.7,0.0,72,Clear
12698,Visakhapatnam,2024-06-20,30.7,11.7,60,Rainy
12699,Visakhapatnam,25-11-2023,19.7,0.0,53,Foggy
12700,Visakhapatnam,11/09/2023,28.6,209.7,63,Humid
12701,Visakhapatnam,23/09/2023,31.6,184.3,85,Clear
12702,Visakhapatnam,11/01/2024,18.0,0.0,62,Clear
12703,Visakhapatnam,05/09/2023,24.7,4.8,49,Humid
12704,Visakhapatnam,2024-09-09,24.4,177.6,59,Clear
12705,Visakhapatnam,02-10-2023,26.0,24.5,53,Humid
12706,Visakhapatnam,01/06/2024,11.0,0.0,60,Clear
12707,Visakhapatnam,30/09/2023,30.9,47.7,59,Clear
12708,Visakhapatnam,2023.02.16,13.7,1.4,64,Clear
12709,Visakhapatnam,05/01/2023,19.6,3.8,25,Clear
12710,Visakhapatnam,2024.07.02,25.9,339.7,59,Clear
12711,Visakhapatnam,09/03/2023,26.2,298.3,68,Rainy
12712,Visakhapatnam,2023-12-25,22.1,2.4,49,Humid
12713,Visakhapatnam,14/11/2024,21.9,0.0,49,Clear
12714,Visakhapatnam,2023.10.22,25.9,33.9,53,Stormy
12715,Visakhapatnam,2023-01-03,19.0,3.2,64,Cloudy
12716,Visakhapatnam,08/17/2024,25.3,323.2,37,Rainy
12717,Visakhapatnam,2024.12.10,16.9,0.5,76,Clear
12718,Visakhapatnam,2024-03-23,32.4,1.2,33,Cloudy
12719,Visakhapatnam,17-10-2024,25.8,0.0,52,Clear
12720,Visakhapatnam,23/05/2024,30.9,2.4,45,Clear
12721,Visakhapatnam,2024-03-13,32.9,1.8,61,Cloudy
12722,Visakhapatnam,26/11/2024,32.9,0.0,78,Humid
12723,Visakhapatnam,2023.05.27,34.5,6.5,80,Cloudy
12724,Visakhapatnam,28/03/2024,39.6,0.0,68,Clear
12725,Visakhapatnam,30-12-2023,16.0,0.6,66,Humid
12726,Visakhapatnam,31/01/2023,12.2,6.8,50,Cloudy
12727,Visakhapatnam,23-11-2024,19.4,0.0,48,Foggy
12728,Visakhapatnam,2023-04-05,32.7,11.1,73,Clear
12729,Visakhapatnam,31/12/2023,20.1,0.0,65,Rainy
12730,Visakhapatnam,05-01-2024,16.4,1.5,62,Cloudy
12731,Visakhapatnam,2023.12.20,27.7,0.0,50,Rainy
12732,Visakhapatnam,07-08-2023,27.0,6.2,62,Rainy
12733,Visakhapatnam,2023.09.05,35.8,139.1,79,Clear
12734,Visakhapatnam,2023-12-06,18.8,3.5,56,Cloudy
12735,Visakhapatnam,2023.12.06,21.0,1.7,49,Cloudy
12736,Visakhapatnam,13/09/2024,23.7,17.6,79,Stormy
12737,Visakhapatnam,2023-03-11,31.5,0.8,39,Stormy
12738,Visakhapatnam,2023-02-27,21.6,0.0,94,Cloudy
12739,Visakhapatnam,2024-02-24,18.3,1.5,66,Stormy
12740,Visakhapatnam,04-02-2023,18.1,24.9,55,Clear
12741,Visakhapatnam,03/26/2023,34.0,4.4,56,Foggy
12742,Visakhapatnam,2024-04-08,26.9,8.3,33,Humid
12743,Visakhapatnam,2023-11-22,28.9,32.9,43,Cloudy
12744,Visakhapatnam,2024.02.29,19.1,0.0,57,Clear
12745,Visakhapatnam,2024-10-29,31.5,20.6,50,Cloudy
12746,Visakhapatnam,11/01/2024,25.1,0.2,43,Cloudy
12747,Visakhapatnam,05/28/2023,38.0,0.3,57,Clear
12748,Visakhapatnam,2024-10-01,20.2,0.0,59,Clear
12749,Visakhapatnam,2023-05-03,32.1,0.0,43,Humid
12750,Visakhapatnam,09-05-2023,35.2,,50,Clear
12751,Visakhapatnam,2024-10-02,27.3,41.3,62,Rainy
12752,Visakhapatnam,11/18/2024,22.8,22.2,43,Foggy
12753,Visakhapatnam,26-12-2023,16.7,0.0,48,Clear
12754,Visakhapatnam,2023.06.06,25.1,0.0,82,Rainy
12755,Visakhapatnam,2024.06.12,30.8,183.3,87,Humid
12756,Visakhapatnam,2024-10-28,20.9,78.2,-54,Clear
12757,Visakhapatnam,2023-11-02,26.8,15.2,68,Foggy
12758,Visakhapatnam,15/09/2023,33.3,3.8,56,Rainy
12759,Visakhapatnam,11/18/2024,25.5,0.0,42,Stormy
12760,Visakhapatnam,2023.03.18,31.9,0.2,70,Humid
12761,Visakhapatnam,2024.04.05,32.6,0.0,26,Clear
12762,Visakhapatnam,03/20/2024,33.4,0.2,82,Humid
12763,Visakhapatnam,2024-07-14,22.2,30.2,42,Clear
12764,Visakhapatnam,26-09-2024,26.1,0.0,81,Cloudy
12765,Visakhapatnam,11/09/2024,29.8,20.3,80,Cloudy
12766,Visakhapatnam,2023-06-02,29.4,400.7,42,Rainy
12767,Visakhapatnam,25-07-2023,29.0,0.0,100,Cloudy
12768,Visakhapatnam,06/03/2023,36.3,4.2,-70,Clear
12769,Visakhapatnam,07/23/2024,30.0,0.0,76,Clear
12770,Visakhapatnam,2023-01-14,20.3,19.9,79,Clear
12771,Visakhapatnam,17-02-2023,17.4,2.0,46,Rainy
12772,Visakhapatnam,2024-01-05,24.0,5.2,65,Stormy
12773,Visakhapatnam,2023.09.20,26.4,0.0,75,Stormy
12774,Visakhapatnam,2023-09-22,21.8,419.6,72,Clear
12775,Visakhapatnam,2024-09-04,26.8,9.7,73,Rainy
12776,Visakhapatnam,11/20/2023,29.3,8.4,47,Clear
12777,,2023.12.21,21.6,1.1,54,Clear
12778,Visakhapatnam,11/17/2023,27.9,29.2,61,Cloudy
12779,Visakhapatnam,2023.08.22,24.1,33.8,79,Rainy
12780,Visakhapatnam,2024.02.23,22.3,4.5,62,Rainy
12781,Visakhapatnam,29/11/2024,31.1,19.5,64,Rainy
12782,Visakhapatnam,2023.01.07,15.2,2.7,73,Clear
12783,Visakhapatnam,04/22/2024,37.0,0.0,81,Foggy
12784,Visakhapatnam,10/05/2023,21.1,1.9,45,Clear
12785,Visakhapatnam,29/11/2023,27.4,3.0,74,Cloudy
12786,Visakhapatnam,2023-12-09,21.6,9.7,80,Rainy
12787,Visakhapatnam,13/03/2024,58.3,3.0,51,Clear
12788,Visakhapatnam,12/10/2024,24.3,42.0,49,Clear
12789,Visakhapatnam,07-07-2023,26.7,0.0,62,Humid
12790,Visakhapatnam,23-12-2024,22.8,0.0,51,Clear
12791,Visakhapatnam,02-02-2024,13.7,0.0,69,Cloudy
12792,Visakhapatnam,2024-12-09,21.2,0.0,58,Humid
12793,Visakhapatnam,11/26/2023,23.6,0.0,40,Foggy
12794,Visakhapatnam,03-02-2023,14.8,0.0,62,Clear
12795,Visakhapatnam,2024.07.18,31.0,116.9,68,Humid
12796,Visakhapatnam,01/06/2024,9.4,9.8,61,Clear
12797,Visakhapatnam,29-03-2023,30.0,0.0,75,Clear
12798,Visakhapatnam,09/01/2024,29.2,0.0,-41,Foggy
12799,Visakhapatnam,12/06/2023,22.5,0.0,52,Foggy
12800,Visakhapatnam,2023-04-21,34.4,0.2,51,Clear
12801,Visakhapatnam,07/04/2024,30.9,6.9,68,Clear
12802,Visakhapatnam,11-03-2024,34.5,0.6,67,Clear
12803,Visakhapatnam,2024-06-11,38.0,52.2,63,Clear
12804,Visakhapatnam,11/05/2024,29.4,0.0,65,Foggy
12805,Visakhapatnam,13/11/2024,24.0,46.5,59,Humid
12806,Visakhapatnam,29-07-2024,20.2,0.0,55,Clear
12807,Visakhapatnam,2023-01-25,20.1,13.6,57,Clear
12808,Visakhapatnam,27-12-2023,13.6,1.7,74,Cloudy
12809,Visakhapatnam,04/15/2023,42.0,5.3,47,Humid
12810,Visakhapatnam,2023-02-06,20.4,6.1,63,Foggy
12811,Visakhapatnam,02/08/2024,24.3,8.9,81,Stormy
12812,Visakhapatnam,27/08/2024,23.9,64.3,85,Rainy
12813,Visakhapatnam,2023-08-04,25.2,42.2,62,Rainy
12814,Visakhapatnam,11/04/2023,23.4,7.6,81,Clear
12815,Visakhapatnam,23/08/2024,27.8,308.0,73,Clear
12816,Visakhapatnam,16/08/2024,27.4,133.0,51,Foggy
12817,Visakhapatnam,24/12/2023,17.6,9.4,46,Clear
12818,Visakhapatnam,06/02/2023,12.1,4.0,59,Rainy
12819,Visakhapatnam,02-07-2024,31.2,396.8,73,Clear
12820,Visakhapatnam,08-07-2023,29.3,25.1,85,Clear
12821,Visakhapatnam,12/09/2024,32.6,656.9,66,Cloudy
12822,Visakhapatnam,2023.02.16,17.8,3.6,51,Rainy
12823,Visakhapatnam,2023-02-10,21.2,0.0,53,Cloudy
12824,Visakhapatnam,04/12/2023,34.8,16.5,47,Foggy
12825,Visakhapatnam,26-03-2024,31.4,10.1,64,Clear
12826,Visakhapatnam,2024.01.26,19.4,0.0,41,Humid
12827,Visakhapatnam,25-01-2023,22.7,5.3,46,Stormy
12828,Visakhapatnam,02/19/2023,19.7,0.0,85,Humid
12829,Visakhapatnam,19/03/2023,31.1,5.8,65,Foggy
12830,Visakhapatnam,14/06/2024,32.4,29.3,55,Clear
12831,Visakhapatnam,27-06-2023,31.7,0.0,75,Rainy
12832,Visakhapatnam,2023-11-27,24.9,0.1,30,Stormy
12833,Visakhapatnam,24/09/2023,26.4,51.3,92,Clear
12834,Visakhapatnam,04/10/2023,40.6,20.6,65,Humid
12835,Visakhapatnam,12/20/2023,16.9,3.6,66,Cloudy
12836,Visakhapatnam,2023.06.27,25.0,58.5,62,Rainy
12837,Visakhapatnam,11-06-2023,27.9,48.1,72,Rainy
12838,Visakhapatnam,02-12-2023,16.2,6.0,70,Rainy
12839,Visakhapatnam,06/09/2024,29.8,0.0,31,Foggy
12840,Visakhapatnam,2024-03-03,33.7,0.0,97,Humid
12841,Visakhapatnam,19/02/2024,22.5,4.1,71,Cloudy
12842,Visakhapatnam,19/04/2023,31.7,4.1,75,Cloudy
12843,Visakhapatnam,02/24/2024,17.9,7.6,46,Cloudy
12844,Visakhapatnam,2023-06-14,25.1,0.0,75,Cloudy
12845,Visakhapatnam,2023.05.26,32.5,0.0,44,Rainy
12846,Visakhapatnam,2024-05-15,34.6,8.6,56,Clear
12847,Visakhapatnam,2023.03.30,34.0,0.0,61,Humid
12848,Visakhapatnam,2023.03.04,32.7,4.6,57,Clear
12849,Visakhapatnam,2023.06.21,27.6,119.8,57,Humid
12850,Visakhapatnam,30-04-2024,28.2,7.1,62,Clear
12851,Visakhapatnam,14/03/2023,37.8,0.0,79,Cloudy
12852,Visakhapatnam,06-09-2023,27.5,84.8,63,Humid
12853,Visakhapatnam,01-07-2023,30.4,57.3,23,Clear
12854,Visakhapatnam,2024.09.30,31.4,28.0,58,Rainy
12855,Visakhapatnam,2024.11.22,25.7,135.6,57,Humid
12856,Visakhapatnam,10/06/2023,29.1,64.1,71,Humid
12857,Visakhapatnam,2024.04.01,32.9,14.2,72,Rainy
12858,Visakhapatnam,08-01-2023,17.9,0.0,38,Cloudy
12859,Visakhapatnam,09/02/2023,27.1,40.8,59,Cloudy
12860,Visakhapatnam,01/02/2024,20.1,0.6,80,Humid
12861,Visakhapatnam,09/14/2024,22.4,111.8,69,Stormy
12862,Visakhapatnam,2023-05-23,35.1,3.9,75,Clear
12863,Visakhapatnam,22/12/2023,17.7,0.0,55,Foggy
12864,Visakhapatnam,02/29/2024,16.4,0.6,36,Clear
12865,Visakhapatnam,15-04-2024,29.8,0.0,41,Clear
12866,Visakhapatnam,2023.12.01,14.8,4.6,52,Foggy
12867,Visakhapatnam,03/03/2023,28.2,2.9,62,Clear
12868,Visakhapatnam,2024.03.04,36.3,0.0,62,Humid
12869,Visakhapatnam,03-06-2023,25.7,0.0,65,Clear
12870,Visakhapatnam,2023.05.18,31.7,0.0,30,Clear
12871,Visakhapatnam,04/05/2024,31.0,21.4,92,Cloudy
12872,Visakhapatnam,11/01/2023,22.6,0.0,94,Cloudy
12873,Visakhapatnam,2024-01-25,18.0,1.8,56,Cloudy
12874,Visakhapatnam,30-01-2023,10.7,7.9,53,Foggy
12875,Visakhapatnam,14-05-2024,40.9,23.5,40,Clear
12876,Visakhapatnam,2023.05.28,32.0,0.0,68,Rainy
12877,Visakhapatnam,02/07/2023,15.5,0.1,49,Clear
12878,Visakhapatnam,07-08-2024,30.1,60.9,78,Clear
12879,Visakhapatnam,07/03/2023,26.9,0.3,42,Clear
12880,Visakhapatnam,05/26/2023,35.2,11.4,76,Cloudy
12881,Visakhapatnam,16-03-2024,35.6,12.1,65,Foggy
12882,Visakhapatnam,28/09/2023,25.6,26.3,42,Foggy
12883,Visakhapatnam,2023.04.08,30.3,1.0,67,Clear
12884,Visakhapatnam,12/05/2024,30.1,1.4,47,Foggy
12885,Visakhapatnam,12/01/2024,16.5,5.3,48,Clear
12886,Visakhapatnam,2024-11-21,24.5,,38,Clear
12887,Visakhapatnam,24-09-2024,34.5,22.2,51,Clear
12888,Visakhapatnam,07/27/2024,29.4,0.0,45,Cloudy
12889,Visakhapatnam,2024.10.08,30.4,37.5,71,Humid
12890,Visakhapatnam,20/05/2023,37.9,,71,Clear
12891,Visakhapatnam,2023-07-17,28.3,35.7,42,Foggy
12892,Visakhapatnam,06/21/2024,32.5,0.0,77,Humid
12893,Visakhapatnam,2023-07-27,23.9,88.6,57,Clear
12894,Visakhapatnam,2024-10-27,28.5,18.2,76,Clear
12895,Visakhapatnam,26/06/2023,30.7,271.3,51,Humid
12896,Visakhapatnam,23-12-2024,16.8,0.0,38,Clear
12897,Visakhapatnam,09/04/2024,28.3,58.9,54,Rainy
12898,Visakhapatnam,17/02/2024,20.6,0.0,51,Clear
12899,Visakhapatnam,02/13/2023,14.9,1.0,62,Clear
12900,Visakhapatnam,12-11-2024,30.2,33.6,60,Clear
12901,Visakhapatnam,30/10/2023,18.4,12.5,62,Foggy
12902,Visakhapatnam,25-02-2023,20.3,0.7,39,Rainy
12903,Visakhapatnam,2023-07-29,30.6,98.1,29,Clear
12904,Visakhapatnam,05/12/2023,36.0,0.0,77,Humid
12905,Visakhapatnam,2023-12-26,20.4,5.1,56,Clear
12906,Visakhapatnam,2023.06.07,28.2,0.0,63,Clear
12907,Visakhapatnam,11-12-2024,14.4,1.7,90,Cloudy
12908,Visakhapatnam,04/30/2024,31.0,3.0,71,Foggy
12909,Visakhapatnam,2023-12-10,26.1,0.0,64,Humid
12910,Visakhapatnam,06/22/2023,23.5,0.0,92,Rainy
12911,Visakhapatnam,09/29/2023,34.3,7.9,40,Rainy
12912,Visakhapatnam,12/03/2024,13.6,4.4,86,Humid
12913,Visakhapatnam,09/18/2024,30.8,65.1,95,Cloudy
12914,Visakhapatnam,04-05-2023,39.3,0.0,71,Cloudy
12915,Visakhapatnam,2024.05.25,30.5,0.0,47,Clear
12916,Visakhapatnam,22-10-2023,24.2,11.6,61,Humid
12917,Visakhapatnam,2024.05.26,30.9,0.0,43,Clear
12918,Visakhapatnam,02-09-2023,31.6,94.2,79,Cloudy
12919,Visakhapatnam,2023-05-30,39.0,11.4,51,Clear
12920,Visakhapatnam,2023.12.08,14.2,0.0,77,Clear
12921,Visakhapatnam,11-06-2024,29.6,52.2,46,Cloudy
12922,Visakhapatnam,21/07/2023,32.7,32.2,70,Cloudy
12923,Visakhapatnam,03/14/2023,29.9,5.3,42,Clear
12924,Visakhapatnam,04-08-2024,20.0,92.8,59,Clear
12925,Visakhapatnam,30/06/2023,18.4,56.6,68,Humid
12926,Visakhapatnam,2023.12.13,12.1,0.0,52,Humid
12927,Visakhapatnam,23-12-2024,9.2,0.0,87,Clear
12928,Visakhapatnam,2023.02.09,14.2,0.0,53,Clear
12929,Visakhapatnam,07/28/2023,29.4,181.4,52,Clear
12930,Visakhapatnam,2023-08-22,21.4,7.9,65,Clear
12931,Visakhapatnam,2024.07.29,30.4,0.0,57,Clear
12932,Visakhapatnam,08/24/2024,30.3,95.8,75,Cloudy
12933,Visakhapatnam,01/12/2023,17.2,5.2,77,Cloudy
12934,Visakhapatnam,2023.09.09,25.6,70.6,82,Humid
12935,Visakhapatnam,2024-03-16,34.4,,53,Clear
12936,Visakhapatnam,2023-10-19,21.6,27.5,56,Rainy
12937,Visakhapatnam,2024.07.27,28.7,27.8,73,Clear
12938,Visakhapatnam,21-06-2023,28.6,0.0,39,Clear
12939,Visakhapatnam,11/08/2023,23.9,102.2,70,Rainy
12940,Visakhapatnam,02/25/2024,18.7,5.6,61,Foggy
12941,Visakhapatnam,2024-03-06,38.7,1.6,61,Rainy
12942,Visakhapatnam,27-07-2024,23.4,51.6,46,Humid
12943,Visakhapatnam,11/12/2024,22.5,0.0,53,Cloudy
12944,Visakhapatnam,2024.07.11,32.5,79.4,42,Cloudy
12945,Visakhapatnam,07/04/2024,36.3,19.5,48,Clear
12946,Visakhapatnam,2023-03-18,34.1,1.7,89,Clear
12947,Visakhapatnam,12/31/2023,18.8,6.3,46,Stormy
12948,Visakhapatnam,2024.02.21,16.6,0.0,80,Clear
12949,Visakhapatnam,09/24/2024,33.0,31.2,46,Rainy
12950,Visakhapatnam,2024-07-15,22.4,96.7,47,Rainy
12951,Visakhapatnam,12/20/2024,25.0,0.0,37,Clear
12952,Visakhapatnam,2024.06.02,56.0,28.7,73,Humid
12953,Visakhapatnam,23-04-2023,36.6,0.5,40,Clear
12954,Visakhapatnam,05-08-2023,19.5,77.6,68,Clear
12955,Visakhapatnam,30-09-2024,30.7,201.6,70,Rainy
12956,Visakhapatnam,2024.01.03,14.5,0.0,17,Clear
12957,Visakhapatnam,08/10/2024,32.6,31.8,86,Rainy
12958,Visakhapatnam,2024-10-08,23.3,0.0,43,Clear
12959,Visakhapatnam,2023-10-05,32.7,0.1,65,Clear
12960,Visakhapatnam,08-11-2023,24.5,30.2,59,Cloudy
12961,Visakhapatnam,2023.09.05,34.7,107.2,68,Clear
12962,Visakhapatnam,22-10-2023,29.5,54.2,72,Foggy
12963,Visakhapatnam,02/11/2024,18.7,4.7,53,Clear
12964,Visakhapatnam,19/11/2024,21.5,16.7,72,Clear
12965,Visakhapatnam,04-04-2023,37.5,7.2,73,Cloudy
12966,Visakhapatnam,2024.02.04,11.0,0.5,66,Humid
12967,Visakhapatnam,11/06/2024,24.6,46.8,49,Cloudy
12968,Visakhapatnam,02/22/2024,18.2,0.7,55,Humid
12969,Visakhapatnam,2023-01-28,22.5,3.7,42,Clear
12970,Visakhapatnam,06/07/2023,23.2,0.0,40,Clear
12971,Visakhapatnam,12/02/2024,11.1,14.5,96,Clear
12972,Visakhapatnam,21/10/2023,26.0,7.3,88,Cloudy
12973,Visakhapatnam,2024.11.30,22.1,0.0,64,Clear
12974,Visakhapatnam,2023-10-13,27.6,0.0,54,Cloudy
12975,Visakhapatnam,2023-12-27,16.1,0.3,79,Cloudy
12976,Visakhapatnam,2024.12.14,18.7,10.0,49,Cloudy
12977,Visakhapatnam,30-08-2023,25.0,7.6,59,Clear
12978,Visakhapatnam,2024-01-12,20.8,0.0,49,Clear
12979,Visakhapatnam,11/22/2024,22.7,17.9,77,Humid
12980,Visakhapatnam,09/20/2024,28.8,0.0,71,Cloudy
12981,Visakhapatnam,2024-11-23,26.1,5.9,75,Stormy
12982,Visakhapatnam,16/06/2024,19.0,175.3,52,Rainy
12983,Visakhapatnam,2024-08-19,20.7,0.0,71,Cloudy
12984,Visakhapatnam,25-07-2024,27.8,115.0,81,Rainy
12985,Visakhapatnam,2024.12.31,15.9,0.8,43,Foggy
12986,Visakhapatnam,02/24/2023,10.0,0.5,82,Rainy
12987,Visakhapatnam,2023.05.18,30.7,0.0,78,Clear
12988,Visakhapatnam,21-07-2024,26.1,87.7,67,Humid
12989,Visakhapatnam,2024.09.12,24.2,140.1,47,Clear
12990,Visakhapatnam,2023.06.25,32.0,12.1,54,Rainy
12991,Visakhapatnam,28-04-2023,31.0,32.3,74,Rainy
12992,Visakhapatnam,04/10/2023,33.3,0.0,67,Clear
12993,Visakhapatnam,25/02/2024,14.6,12.7,81,Cloudy
12994,Visakhapatnam,2024-06-17,31.6,92.5,55,Cloudy
12995,Visakhapatnam,10/24/2024,25.4,0.0,66,Clear
12996,Visakhapatnam,2024.03.10,37.0,3.4,41,Humid
12997,Visakhapatnam,2024-03-10,25.5,22.7,61,Stormy
12998,Visakhapatnam,17-06-2023,28.4,0.0,73,Clear
12999,Visakhapatnam,2023.11.13,24.0,11.9,53,Clear
13000,Visakhapatnam,2023-03-03,28.2,1.7,25,Clear
13001,Visakhapatnam,13/01/2024,15.6,6.1,56,Rainy
13002,Visakhapatnam,31/08/2023,25.6,0.0,73,Rainy
13003,Visakhapatnam,2023-05-28,32.0,2.8,56,Clear
13004,Visakhapatnam,27/03/2023,41.2,0.1,61,Clear
13005,Visakhapatnam,05/07/2023,34.7,3.4,66,Clear
13006,,25-03-2024,33.6,4.8,88,Clear
13007,Visakhapatnam,15/02/2023,14.8,1.2,55,Clear
13008,Visakhapatnam,29-03-2024,37.9,,49,Cloudy
13009,Visakhapatnam,2024-07-29,23.3,0.0,48,Humid
13010,Visakhapatnam,22/11/2024,25.7,0.0,67,Rainy
13011,Visakhapatnam,09/11/2024,31.6,6.1,42,Foggy
13012,Visakhapatnam,2023-03-07,35.1,10.3,55,Humid
13013,Visakhapatnam,2023-11-14,21.2,13.2,82,Foggy
13014,Visakhapatnam,25/10/2023,15.5,21.7,72,Humid
13015,Visakhapatnam,2023-01-18,18.0,0.0,44,Clear
13016,Visakhapatnam,10/05/2024,24.4,24.9,51,Foggy
13017,Visakhapatnam,2023-09-28,32.0,144.2,62,Rainy
13018,Visakhapatnam,14/07/2023,27.6,185.3,52,Rainy
13019,Visakhapatnam,2024-06-20,27.4,0.0,64,Foggy
13020,Visakhapatnam,15-09-2023,21.3,41.7,32,Clear
13021,Visakhapatnam,2024.05.29,30.9,15.3,56,Humid
13022,Visakhapatnam,2023.09.30,26.7,108.8,55,Rainy
13023,Visakhapatnam,2024.03.19,29.4,0.7,67,Cloudy
13024,Visakhapatnam,2024.02.07,16.4,0.0,35,Clear
13025,Visakhapatnam,2024.02.27,20.6,4.6,37,Clear
13026,Visakhapatnam,2023.08.14,25.8,83.1,78,Foggy
13027,Visakhapatnam,2024-07-20,28.5,155.5,75,Clear
13028,Visakhapatnam,02/24/2023,16.3,0.9,39,Cloudy
13029,Visakhapatnam,10/15/2024,28.5,6.1,70,Cloudy
13030,Visakhapatnam,01/02/2023,19.6,0.0,51,Cloudy
13031,Visakhapatnam,24-06-2023,25.7,57.6,57,Clear
13032,Visakhapatnam,03-07-2024,26.9,82.8,75,Rainy
13033,Visakhapatnam,01/24/2023,23.2,0.0,68,Stormy
13034,Visakhapatnam,2024.11.09,27.1,15.0,40,Clear
13035,Visakhapatnam,22/03/2024,27.4,0.0,54,Foggy
13036,Visakhapatnam,2023-01-06,19.9,3.6,47,Clear
13037,Visakhapatnam,10/26/2024,29.2,4.8,54,Humid
13038,Visakhapatnam,28-09-2024,28.5,48.5,70,Clear
13039,Visakhapatnam,2023.11.09,23.8,25.2,67,Cloudy
13040,Visakhapatnam,2023.07.24,29.3,245.7,40,Cloudy
13041,Visakhapatnam,23/08/2023,30.1,54.4,45,Humid
13042,Visakhapatnam,2024-04-22,34.6,0.0,51,Clear
13043,Visakhapatnam,03/10/2023,37.9,1.6,86,Rainy
13044,Visakhapatnam,01/09/2024,24.5,0.0,69,Humid
13045,Visakhapatnam,29-05-2024,32.1,6.2,48,Clear
13046,Visakhapatnam,03/05/2024,30.1,0.0,69,Cloudy
13047,Visakhapatnam,2023-10-09,26.7,13.6,52,Cloudy
13048,Visakhapatnam,03/08/2023,36.2,55.1,73,Rainy
13049,Visakhapatnam,03/16/2024,32.2,1.9,56,Foggy
13050,Visakhapatnam,14/04/2023,33.3,47.5,36,Cloudy
13051,Visakhapatnam,2024-05-22,28.6,6.7,58,Cloudy
13052,Visakhapatnam,2024.06.19,27.3,55.3,68,Rainy
13053,Visakhapatnam,2024.09.17,23.9,2.8,48,Humid
13054,Visakhapatnam,07-06-2024,35.7,0.0,48,Stormy
13055,Visakhapatnam,2024.01.16,20.9,11.5,70,Clear
13056,Visakhapatnam,2023.11.18,27.6,24.8,81,Cloudy
13057,Visakhapatnam,02-02-2024,12.5,0.5,85,Foggy
13058,Visakhapatnam,07/23/2023,30.5,19.9,67,Humid
13059,Visakhapatnam,2024.10.22,19.2,0.0,82,Humid
13060,Visakhapatnam,12/06/2024,33.5,621.3,43,Rainy
13061,Visakhapatnam,01/21/2024,17.8,0.4,78,Cloudy
13062,Visakhapatnam,06/06/2023,21.5,0.0,56,Clear
13063,Visakhapatnam,2023-01-19,16.3,0.4,67,Rainy
13064,Visakhapatnam,19/03/2023,36.4,0.0,80,Rainy
13065,Visakhapatnam,26/07/2023,27.9,0.0,46,Clear
13066,Visakhapatnam,23-11-2024,59.5,28.9,58,Cloudy
13067,Visakhapatnam,2023-10-03,27.5,22.7,50,Clear
13068,Visakhapatnam,2024.02.27,18.3,3.3,52,Clear
13069,Visakhapatnam,2024-03-28,28.5,0.0,57,Rainy
13070,Visakhapatnam,16-06-2023,28.9,61.8,53,Clear
13071,Visakhapatnam,29-11-2023,31.7,24.7,55,Rainy
13072,Visakhapatnam,11/15/2023,28.1,34.2,88,Clear
13073,Visakhapatnam,20-08-2023,27.1,5.4,36,Rainy
13074,Visakhapatnam,2024-01-23,24.3,0.0,58,Clear
13075,Visakhapatnam,2023-04-04,38.9,0.0,79,Clear
13076,Visakhapatnam,2023.05.08,36.8,8.7,30,Rainy
13077,Visakhapatnam,02/25/2023,23.1,0.0,60,Clear
13078,Visakhapatnam,08/03/2023,30.1,36.5,39,Clear
13079,Visakhapatnam,02-05-2023,38.7,0.0,57,Rainy
13080,Visakhapatnam,2024.10.17,28.9,20.5,80,Foggy
13081,Visakhapatnam,2023.09.30,22.8,0.0,62,Clear
13082,Visakhapatnam,2023-03-14,39.0,0.1,28,Cloudy
13083,Visakhapatnam,11/29/2023,24.4,25.5,60,Cloudy
13084,Visakhapatnam,23/11/2023,19.6,3.8,34,Humid
13085,Visakhapatnam,11/01/2023,21.8,0.0,45,Rainy
13086,Visakhapatnam,2023.04.01,37.1,5.9,67,Cloudy
13087,Visakhapatnam,2023-08-24,28.6,0.0,37,Clear
13088,,07/16/2023,24.1,0.0,39,Rainy
13089,Visakhapatnam,22/03/2024,33.7,1.7,78,Clear
13090,Visakhapatnam,04/06/2023,28.8,102.2,49,Clear
13091,Visakhapatnam,02/17/2023,13.1,6.4,73,Rainy
13092,Visakhapatnam,04/06/2024,31.6,55.4,48,Clear
13093,Visakhapatnam,2024-06-09,35.1,72.4,45,Clear
13094,Visakhapatnam,18/01/2023,20.1,4.9,48,Clear
13095,Visakhapatnam,2024-01-10,15.3,1.6,65,Rainy
13096,Visakhapatnam,2023.12.26,19.8,0.0,51,Clear
13097,Visakhapatnam,27-07-2024,30.1,149.6,56,Rainy
13098,Visakhapatnam,09/06/2024,26.3,97.8,58,Foggy
13099,Visakhapatnam,03/07/2024,29.5,218.0,76,Rainy
13100,Visakhapatnam,21-11-2023,31.5,15.8,74,Humid
13101,Visakhapatnam,2023-05-12,27.5,0.0,43,Cloudy
13102,Visakhapatnam,10-11-2024,25.2,21.8,67,Clear
13103,Visakhapatnam,2023-10-24,28.1,0.0,40,Cloudy
13104,Visakhapatnam,13-09-2023,28.6,278.6,65,Rainy
13105,Visakhapatnam,29/08/2024,34.4,45.5,73,Clear
13106,Visakhapatnam,05/12/2024,36.5,1.3,64,Cloudy
13107,Visakhapatnam,2024-04-15,37.8,8.6,60,Clear
13108,Visakhapatnam,14-04-2023,32.6,0.0,40,Rainy
13109,Visakhapatnam,09/10/2023,30.3,,46,Cloudy
13110,Visakhapatnam,2023.02.12,21.0,3.3,36,Foggy
13111,Visakhapatnam,2023-06-03,29.5,2.6,74,Rainy
13112,Visakhapatnam,2023.01.15,16.0,9.2,53,Foggy
13113,Visakhapatnam,12/28/2024,19.6,7.7,52,Humid
13114,Visakhapatnam,13/04/2024,28.4,13.5,88,Rainy
13115,Visakhapatnam,12/08/2024,14.2,0.0,68,Humid
13116,Visakhapatnam,08/30/2023,25.9,172.6,60,Rainy
13117,Visakhapatnam,04/21/2023,45.6,3.1,57,Cloudy
13118,Visakhapatnam,08/03/2023,36.3,25.5,35,Humid
13119,Visakhapatnam,03/12/2024,15.9,4.8,59,Humid
13120,Visakhapatnam,22-05-2024,27.3,1.4,86,Clear
13121,Visakhapatnam,2024.03.27,31.0,41.7,48,Rainy
13122,Visakhapatnam,17-02-2024,22.4,0.6,62,Clear
13123,Visakhapatnam,05/14/2023,53.6,9.0,59,Clear
13124,Visakhapatnam,15-03-2023,28.9,0.0,39,Foggy
13125,Visakhapatnam,2023.10.06,23.2,60.8,26,Foggy
13126,Visakhapatnam,2023-10-31,26.3,0.0,67,Clear
13127,Visakhapatnam,2024-07-24,26.1,184.2,54,Clear
13128,Visakhapatnam,12-12-2023,17.3,7.2,63,Clear
13129,Visakhapatnam,07-04-2023,42.1,0.0,54,Rainy
13130,Visakhapatnam,11/05/2023,30.0,0.0,48,Clear
13131,Visakhapatnam,2023.12.16,24.6,1.0,64,Clear
13132,Visakhapatnam,10/04/2023,25.9,17.3,64,Cloudy
13133,Visakhapatnam,01/08/2024,20.4,0.4,58,Stormy
13134,Visakhapatnam,2024-09-26,30.2,151.4,31,Clear
13135,Visakhapatnam,03/04/2023,35.7,11.0,63,Rainy
13136,Visakhapatnam,03/16/2024,31.7,7.3,41,Clear
13137,Visakhapatnam,2023.05.17,35.1,2.6,44,Clear
13138,Visakhapatnam,06/30/2023,28.5,84.4,34,Humid
13139,Visakhapatnam,24-09-2023,28.9,0.0,76,Humid
13140,Visakhapatnam,09-02-2023,27.1,0.0,60,Rainy
13141,Visakhapatnam,07/03/2023,30.3,0.0,95,Foggy
13142,Visakhapatnam,14-04-2024,31.1,15.7,32,Foggy
13143,Visakhapatnam,2024-01-04,21.6,4.1,55,Foggy
13144,Visakhapatnam,2024-08-18,23.1,187.4,37,Cloudy
13145,Visakhapatnam,05/09/2023,35.9,8.3,44,Humid
13146,Visakhapatnam,22/01/2023,18.3,3.2,54,Clear
13147,Visakhapatnam,28/05/2024,31.5,18.1,56,Cloudy
13148,Visakhapatnam,20-08-2024,25.2,20.6,83,Stormy
13149,Visakhapatnam,10-02-2024,17.8,1.2,76,Clear
13150,Visakhapatnam,01-09-2024,27.4,0.0,70,Clear
13151,Visakhapatnam,22/08/2024,20.4,0.0,86,Clear
13152,Visakhapatnam,2024-01-10,16.5,4.6,42,Cloudy
13153,Patna,09-12-2023,15.9,6.4,44,Cloudy
13154,Patna,2024-06-29,21.0,88.0,68,Rainy
13155,Patna,06-10-2023,26.5,8.8,44,Humid
13156,Patna,2023-09-28,26.3,82.3,67,Foggy
13157,Patna,11-05-2024,28.2,0.0,56,Humid
13158,Patna,2024-12-24,21.4,0.0,73,Cloudy
13159,Patna,2023.07.19,24.5,11.0,56,Foggy
13160,Patna,2024-04-05,36.8,0.0,78,Rainy
13161,Patna,18/05/2024,32.1,0.8,64,Rainy
13162,Patna,14-11-2024,31.2,3.1,63,Humid
13163,Patna,09/06/2024,29.5,0.0,67,Clear
13164,Patna,16/04/2024,30.7,1.6,77,Clear
13165,Patna,08-12-2023,13.8,0.0,76,Clear
13166,Patna,20-03-2023,31.9,4.8,49,Clear
13167,Patna,2023-06-28,34.5,120.9,59,Cloudy
13168,Patna,2024.12.24,20.9,2.7,48,Cloudy
13169,Patna,14/03/2023,32.9,14.6,60,Cloudy
13170,Patna,08-07-2023,27.2,38.5,44,Foggy
13171,Patna,20/10/2024,22.9,0.0,51,Clear
13172,Patna,03/08/2024,38.6,49.9,42,Foggy
13173,Patna,2024-03-21,30.1,2.0,70,Cloudy
13174,Patna,12/04/2023,20.8,0.0,59,Cloudy
13175,Patna,2024.10.08,24.3,4.9,54,Clear
13176,Patna,01/16/2023,20.4,0.0,60,Clear
13177,Patna,2024-01-07,16.5,2.8,24,Cloudy
13178,Patna,01/09/2023,26.7,0.0,42,Stormy
13179,Patna,30-11-2024,29.9,21.9,43,Humid
13180,Patna,16-11-2023,27.4,0.0,28,Foggy
13181,Patna,30/12/2024,20.4,1.6,68,Clear
13182,Patna,02/12/2024,24.6,4.3,78,Clear
13183,Patna,2024.01.08,17.0,1.8,61,Clear
13184,Patna,18/09/2023,30.6,0.0,79,Clear
13185,Patna,31/05/2023,32.9,3.3,52,Clear
13186,Patna,13-09-2023,26.7,0.0,53,Cloudy
13187,Patna,2024-02-06,23.3,0.0,61,Rainy
13188,Patna,2024.06.15,26.6,44.1,62,Foggy
13189,Patna,26-03-2023,30.0,16.0,47,Foggy
13190,Patna,2024.06.20,27.9,0.0,62,Rainy
13191,Patna,01/06/2023,32.9,104.1,66,Cloudy
13192,Patna,06/06/2024,31.1,59.3,78,Foggy
13193,Patna,2024-01-18,21.5,1.3,54,Cloudy
13194,Patna,04/02/2024,14.4,4.8,75,Clear
13195,Patna,30/07/2023,24.7,385.3,83,Cloudy
13196,Patna,18/05/2024,35.2,0.5,67,Clear
13197,Patna,2024.07.25,38.8,0.0,60,Humid
13198,Patna,13-08-2023,30.0,0.0,66,Foggy
13199,Patna,2024-10-02,27.7,14.0,50,Cloudy
13200,Patna,2024-10-02,22.4,0.0,86,Rainy
13201,Patna,2024.07.19,27.3,23.5,44,Cloudy
13202,Patna,2023.08.21,28.4,170.0,65,Clear
13203,Patna,01-02-2023,19.3,0.3,69,Clear
13204,Patna,17-08-2023,19.9,90.1,52,Cloudy
13205,Patna,2023.07.12,31.6,58.1,41,Cloudy
13206,Patna,20/03/2023,32.1,8.6,44,Foggy
13207,Patna,2024.02.22,26.7,0.0,54,Rainy
13208,Patna,28/09/2024,29.0,210.1,63,Rainy
13209,Patna,2023-09-10,27.9,310.3,46,Clear
13210,Patna,10/18/2024,29.8,71.1,36,Cloudy
13211,Patna,2023.03.02,30.3,3.0,10,Stormy
13212,Patna,2024-11-29,23.2,113.9,60,Clear
13213,Patna,16-11-2024,25.5,39.5,68,Cloudy
13214,Patna,26/07/2024,36.7,191.8,56,Stormy
13215,Patna,20/10/2023,27.1,1.4,79,Rainy
13216,Patna,27-04-2024,33.9,4.2,61,Clear
13217,Patna,2024.11.27,28.7,11.0,62,Clear
13218,Patna,05-04-2023,36.0,0.0,52,Foggy
13219,Patna,2024-03-07,30.5,8.2,54,Clear
13220,Patna,01/10/2024,32.1,65.2,62,Foggy
13221,Patna,2024.08.23,33.4,0.0,48,Clear
13222,Patna,27/08/2023,30.3,0.0,57,Humid
13223,Patna,2024-12-05,8.0,21.9,53,Foggy
13224,Patna,31-05-2023,27.0,28.0,34,Rainy
13225,Patna,09/16/2023,20.5,405.5,46,Rainy
13226,Patna,03/10/2023,33.6,10.8,36,Clear
13227,Patna,2024.01.26,16.2,1.3,36,Clear
13228,Patna,10/29/2023,28.8,62.2,64,Foggy
13229,Patna,08/05/2023,27.5,11.6,69,Clear
13230,,2024-12-02,20.2,0.0,34,Clear
13231,Patna,11/14/2023,27.9,6.6,62,Clear
13232,Patna,12/15/2023,22.0,9.4,49,Rainy
13233,Patna,2023.01.24,13.9,7.1,74,Clear
13234,Patna,19-08-2024,30.9,0.0,71,Foggy
13235,Patna,26/03/2024,39.9,0.3,68,Rainy
13236,Patna,27-07-2023,27.9,0.0,80,Humid
13237,Patna,15-02-2023,25.4,6.0,43,Humid
13238,Patna,03/13/2024,34.7,20.1,51,Clear
13239,Patna,2023-08-07,26.4,300.6,59,Clear
13240,Patna,2024-05-20,32.2,0.2,42,Foggy
13241,Patna,07/22/2024,33.3,122.8,55,Humid
13242,Patna,2024.10.21,35.0,81.9,79,Clear
13243,Patna,2024-06-24,30.4,11.3,50,Foggy
13244,Patna,2023.06.14,57.9,12.9,84,Humid
13245,Patna,02-02-2023,13.2,16.1,80,Humid
13246,Patna,28-03-2023,30.0,0.0,49,Rainy
13247,Patna,10/30/2024,27.1,21.8,69,Cloudy
13248,Patna,02/02/2023,20.9,2.2,51,Cloudy
13249,Patna,09-09-2024,30.7,183.4,63,Clear
13250,Patna,05/07/2023,27.8,2.8,62,Rainy
13251,Patna,2024-03-06,59.2,3.7,41,Clear
13252,Patna,01/06/2024,30.9,0.0,49,Rainy
13253,Patna,2024.10.09,23.3,100.7,70,Clear
13254,Patna,05/04/2024,34.2,3.8,58,Stormy
13255,Patna,2023-01-17,18.1,9.3,78,Humid
13256,Patna,12-03-2023,40.4,7.0,42,Humid
13257,Patna,03/20/2024,34.1,0.0,28,Clear
13258,Patna,23-05-2023,33.7,8.0,65,Clear
13259,Patna,01-01-2023,17.4,14.1,21,Clear
13260,Patna,09/21/2024,27.0,14.1,68,Clear
13261,Patna,2024.08.07,33.0,8.4,39,Rainy
13262,Patna,2023-03-26,38.4,0.0,50,Clear
13263,Patna,2024-10-16,22.4,9.1,33,Humid
13264,Patna,2023.12.01,15.5,0.0,63,Clear
13265,Patna,14-10-2024,20.3,0.0,57,Clear
13266,Patna,14/11/2024,28.1,0.7,65,Humid
13267,Patna,2023.07.30,30.2,51.9,52,Cloudy
13268,Patna,11/04/2023,30.9,0.0,60,Clear
13269,Patna,10-08-2023,26.8,48.5,48,Cloudy
13270,Patna,04/09/2023,28.0,4.7,71,Humid
13271,Patna,24/04/2023,40.1,0.0,56,Clear
13272,Patna,2023.03.17,22.5,0.0,41,Foggy
13273,Patna,2023.09.21,57.3,0.0,82,Cloudy
13274,Patna,2023.05.03,29.6,15.3,68,Clear
13275,Patna,18/08/2023,24.3,342.2,71,Rainy
13276,Patna,2023-05-15,31.2,0.0,31,Clear
13277,Patna,23/05/2024,35.2,0.0,58,Cloudy
13278,Patna,2024-06-20,32.2,39.2,60,Humid
13279,Patna,2023-01-20,18.4,5.7,49,Foggy
13280,Patna,06/05/2023,29.9,65.1,57,Clear
13281,Patna,2023-04-01,28.3,6.7,68,Clear
13282,Patna,2023.11.28,23.3,66.0,49,Cloudy
13283,Patna,2023.05.10,32.1,1.2,-72,Clear
13284,Patna,2023-12-10,25.4,1.9,62,Clear
13285,Patna,2023-03-15,27.8,0.8,59,Humid
13286,Patna,2024-04-30,36.6,0.6,54,Cloudy
13287,,01-07-2024,27.1,131.4,45,Rainy
13288,Patna,25/09/2024,30.2,0.0,56,Clear
13289,Patna,2024.06.13,25.6,0.0,88,Clear
13290,Patna,12-01-2024,18.5,3.4,58,Clear
13291,Patna,2023-03-05,32.1,12.8,80,Foggy
13292,Patna,01/22/2024,17.5,0.0,61,Rainy
13293,Patna,2024.04.17,32.6,0.0,69,Cloudy
13294,Patna,2023-01-11,19.0,3.9,62,Foggy
13295,Patna,16-05-2023,31.8,0.0,75,Clear
13296,Patna,25/09/2024,28.3,349.1,69,Foggy
13297,Patna,2023.02.03,34.3,0.0,58,Stormy
13298,Patna,2023.02.19,12.9,3.0,50,Clear
13299,Patna,06/03/2023,37.0,2.4,55,Stormy
13300,Patna,02/14/2024,16.7,0.0,43,Clear
13301,Patna,20/12/2024,19.8,3.6,81,Clear
13302,Patna,10-11-2023,21.7,50.3,66,Clear
13303,Patna,24-07-2023,25.8,7.5,44,Clear
13304,Patna,02-09-2023,28.0,41.2,45,Cloudy
13305,Patna,2023-09-25,26.3,0.0,79,Clear
13306,Patna,2024-12-19,21.2,10.1,76,Stormy
13307,Patna,2024-04-24,30.4,8.8,84,Stormy
13308,Patna,15-02-2023,20.2,0.6,68,Clear
13309,Patna,2024-05-17,37.5,5.2,74,Clear
13310,Patna,2024.08.28,26.1,3.0,72,Stormy
13311,Patna,12/22/2024,10.2,0.0,55,Rainy
13312,Patna,07/31/2023,25.1,13.1,62,Clear
13313,Patna,03-08-2024,27.2,0.0,61,Clear
13314,Patna,12-11-2024,23.2,30.5,42,Cloudy
13315,Patna,2024.10.25,23.5,0.0,36,Rainy
13316,Patna,2023.07.15,35.6,59.3,71,Clear
13317,Patna,09-07-2024,32.2,134.1,69,Clear
13318,Patna,21-06-2023,56.8,81.7,62,Clear
13319,Patna,07/06/2023,24.0,420.9,53,Clear
13320,Patna,01-01-2024,13.8,7.4,52,Cloudy
13321,Patna,2023.09.11,35.9,14.7,37,Clear
13322,Patna,2023-11-08,31.2,0.0,51,Clear
13323,Patna,07-12-2023,12.3,1.1,77,Clear
13324,Patna,13/07/2024,30.9,15.0,40,Clear
13325,Patna,12/05/2023,15.1,5.9,67,Clear
13326,Patna,17-12-2023,14.7,1.6,44,Clear
13327,Patna,12/22/2023,11.3,8.9,46,Clear
13328,Patna,06/25/2024,26.1,244.9,61,Humid
13329,Patna,13/01/2024,19.1,0.0,63,Foggy
13330,Patna,19/03/2024,34.8,2.6,59,Clear
13331,Patna,23-10-2023,32.6,9.2,32,Foggy
13332,Patna,31-10-2023,24.8,0.0,47,Cloudy
13333,Patna,22/08/2023,27.0,27.9,34,Stormy
13334,Patna,14/01/2024,15.3,1.3,53,Clear
13335,Patna,07/30/2024,32.5,15.9,95,Clear
13336,Patna,23-11-2024,29.9,127.5,60,Clear
13337,Patna,02-12-2024,8.9,0.0,78,Stormy
13338,Patna,2024-09-23,29.3,105.0,46,Cloudy
13339,Patna,2024.09.13,29.8,129.5,55,Cloudy
13340,Patna,14-10-2024,21.3,,51,Cloudy
13341,Patna,2024.01.12,13.5,7.1,35,Clear
13342,Patna,2023-06-13,33.7,58.2,78,Clear
13343,Patna,06/15/2023,26.4,144.7,64,Cloudy
13344,Patna,2023.08.28,32.2,188.8,69,Rainy
13345,Patna,13/11/2024,33.0,2.8,64,Foggy
13346,Patna,2024.07.14,28.8,41.7,78,Humid
13347,Patna,2023.10.13,29.0,11.1,69,Clear
13348,Patna,05/20/2023,38.1,8.3,31,Clear
13349,Patna,21-05-2023,33.9,0.0,34,Foggy
13350,Patna,2023.04.27,30.2,6.2,36,Cloudy
13351,Patna,09/03/2024,27.0,195.2,62,Rainy
13352,Patna,2024.03.27,30.2,10.1,70,Humid
13353,Patna,19-12-2023,15.4,2.3,68,Clear
13354,Patna,20-04-2024,28.5,14.5,55,Clear
13355,Patna,2024.08.22,28.3,16.3,39,Rainy
13356,Patna,02/09/2023,30.9,270.0,49,Humid
13357,Patna,03-02-2023,14.7,0.0,28,Humid
13358,Patna,2023-01-12,19.8,1.8,59,Foggy
13359,Patna,24-08-2024,24.3,286.3,59,Cloudy
13360,Patna,2024.07.12,29.7,0.0,48,Rainy
13361,Patna,01/24/2023,17.8,2.3,60,Clear
13362,Patna,2023-05-13,36.9,3.1,66,Cloudy
13363,Patna,2024-01-17,13.0,1.2,32,Rainy
13364,Patna,13-09-2023,21.3,269.3,64,Foggy
13365,Patna,2024-08-07,25.0,0.0,67,Clear
13366,Patna,2023-09-17,29.3,83.5,58,Clear
13367,Patna,12/31/2024,10.3,6.2,21,Rainy
13368,Patna,03-10-2023,28.8,0.0,78,Humid
13369,Patna,10/07/2023,24.4,0.0,83,Cloudy
13370,Patna,2024.01.04,19.2,12.1,64,Cloudy
13371,Patna,29-11-2024,51.4,0.0,55,Clear
13372,Patna,2024-10-19,20.1,12.4,83,Clear
13373,Patna,2023-01-14,18.6,0.0,64,Rainy
13374,Patna,21/05/2024,37.6,2.4,35,Foggy
13375,Patna,25/02/2023,23.6,0.5,99,Clear
13376,Patna,22-05-2024,51.1,20.7,64,Rainy
13377,Patna,2024.07.21,32.1,111.4,58,Humid
13378,Patna,18/12/2024,20.3,2.4,38,Cloudy
13379,Patna,03/11/2024,20.7,6.7,86,Humid
13380,Patna,21-08-2023,20.5,121.6,61,Humid
13381,Patna,18-01-2023,17.3,0.1,74,Cloudy
13382,Patna,09/23/2024,33.8,0.0,100,Rainy
13383,Patna,09-08-2024,34.3,61.3,59,Humid
13384,Patna,2024.01.14,16.1,0.6,84,Clear
13385,Patna,2024-03-25,39.2,25.3,71,Clear
13386,Patna,10/21/2024,29.4,11.1,48,Stormy
13387,Patna,08/30/2023,31.9,353.0,41,Clear
13388,Patna,26/07/2024,30.4,,41,Clear
13389,Patna,12-04-2023,29.7,0.0,67,Clear
13390,Patna,02-07-2024,28.3,175.2,45,Clear
13391,Patna,2023.12.28,15.6,0.7,46,Stormy
13392,Patna,04/14/2024,32.8,3.7,71,Clear
13393,Patna,05/12/2024,30.7,2.2,74,Clear
13394,Patna,01/08/2023,11.8,0.3,47,Cloudy
13395,Patna,2024-11-15,26.4,2.9,69,Rainy
13396,Patna,24-08-2024,28.3,29.9,74,Clear
13397,Patna,2024-08-12,26.5,0.0,42,Cloudy
13398,Patna,21/06/2024,31.8,271.9,59,Humid
13399,Patna,2024.10.09,35.3,27.1,57,Rainy
13400,Patna,2024.07.30,30.5,10.0,61,Stormy
13401,Patna,2024-05-30,26.2,0.0,84,Clear
13402,Patna,08/16/2024,30.0,0.0,55,Rainy
13403,Patna,02/29/2024,22.5,2.0,61,Rainy
13404,Patna,2023.06.26,24.4,18.2,65,Foggy
13405,Patna,17-07-2024,26.1,107.7,37,Clear
13406,Patna,2024-07-23,29.5,55.6,76,Rainy
13407,Patna,20-09-2024,26.0,392.9,55,Clear
13408,Patna,22/05/2024,34.2,21.9,46,Rainy
13409,Patna,29/04/2023,37.8,4.2,80,Cloudy
13410,Patna,2024-05-05,36.3,12.7,45,Cloudy
13411,Patna,26/05/2023,57.6,20.1,62,Humid
13412,Patna,23/08/2024,25.6,33.4,65,Cloudy
13413,Patna,2023.11.08,27.2,42.5,77,Clear
13414,Patna,27/09/2024,26.2,91.5,74,Clear
13415,Patna,2024.04.29,31.5,5.6,39,Cloudy
13416,Patna,2023.10.14,26.5,12.1,72,Clear
13417,Patna,18/03/2024,33.6,0.0,63,Rainy
13418,Patna,10/24/2024,28.2,11.3,50,Cloudy
13419,Patna,2024.12.17,23.3,5.4,66,Rainy
13420,Patna,2024.05.09,30.1,25.9,49,Humid
13421,Patna,07/26/2023,32.7,20.2,-52,Cloudy
13422,Patna,2024.10.27,19.7,26.6,31,Rainy
13423,Patna,11/14/2023,26.0,16.8,58,Clear
13424,Patna,14/04/2023,24.5,1.0,66,Clear
13425,Patna,17-12-2023,23.4,4.6,34,Cloudy
13426,Patna,16-10-2024,26.0,12.9,63,Cloudy
13427,Patna,2024.08.12,31.4,226.6,84,Rainy
13428,Patna,05/04/2024,31.1,0.0,33,Humid
13429,Patna,2023.08.22,21.1,0.0,32,Clear
13430,Patna,2023.07.05,28.6,108.9,55,Cloudy
13431,Patna,2023.03.04,34.8,13.9,62,Rainy
13432,Patna,13/01/2023,13.7,0.0,51,Cloudy
13433,Patna,13-06-2024,31.1,31.3,44,Rainy
13434,Patna,26/08/2023,30.0,110.5,64,Clear
13435,Patna,20-03-2024,27.2,1.4,61,Humid
13436,Patna,28/11/2023,20.2,0.0,58,Stormy
13437,Patna,25/02/2023,18.3,6.8,65,Humid
13438,Patna,25-03-2024,30.6,,54,Rainy
13439,Patna,14-07-2024,35.7,65.9,83,Cloudy
13440,Patna,11/08/2023,31.4,21.9,64,Foggy
13441,Patna,10-06-2024,39.0,22.5,49,Clear
13442,Patna,10/19/2023,13.5,33.4,70,Rainy
13443,Patna,05/05/2024,30.3,0.0,50,Humid
13444,Patna,11-04-2024,37.6,0.0,49,Clear
13445,Patna,2024-08-19,26.3,0.0,83,Clear
13446,Patna,2024.01.03,22.1,4.8,39,Cloudy
13447,Patna,03/29/2024,39.2,0.0,62,Humid
13448,Patna,2024-10-20,21.5,56.1,46,Clear
13449,Patna,06-08-2024,31.5,115.1,33,Humid
13450,Patna,2023.07.11,23.3,40.4,67,Clear
13451,Patna,06/15/2023,27.7,0.0,75,Stormy
13452,Patna,13-01-2024,20.3,7.2,65,Cloudy
13453,Patna,2023-07-06,23.8,247.4,48,Clear
13454,Patna,20-08-2024,28.3,,46,Rainy
13455,Patna,03/23/2023,30.0,7.3,39,Clear
13456,Patna,2023-06-05,25.0,0.0,51,Clear
13457,Patna,15-01-2023,20.4,0.0,68,Humid
13458,Patna,06/21/2024,27.1,0.0,71,Rainy
13459,Patna,20-03-2024,29.2,0.0,65,Clear
13460,Patna,18-05-2023,40.9,23.0,86,Rainy
13461,Patna,15-12-2023,21.1,34.1,60,Clear
13462,Patna,02/02/2024,19.5,0.0,55,Humid
13463,Patna,29/02/2024,16.5,9.9,77,Cloudy
13464,Patna,2024-01-10,28.9,8.7,47,Rainy
13465,Patna,2023-09-08,26.6,0.0,51,Clear
13466,Patna,2023.10.28,24.9,60.9,45,Rainy
13467,Patna,24-08-2024,23.4,88.7,42,Rainy
13468,Patna,2024-03-05,28.4,1.6,82,Cloudy
13469,Patna,2024.08.27,34.3,156.4,72,Stormy
13470,Patna,01/08/2024,28.7,212.9,57,Cloudy
13471,Patna,2023.07.18,22.7,0.0,66,Rainy
13472,Patna,08/08/2023,33.1,0.0,31,Cloudy
13473,Patna,17/10/2023,26.4,17.0,42,Cloudy
13474,Patna,21-08-2023,35.2,270.0,56,Clear
13475,Patna,11/20/2023,22.5,15.6,77,Humid
13476,Patna,09/06/2024,27.3,302.3,67,Humid
13477,Patna,04/19/2024,32.1,0.0,52,Clear
13478,Patna,2024-09-02,31.0,1.3,65,Clear
13479,Patna,07-11-2024,26.3,13.8,48,Clear
13480,Patna,21/07/2024,31.8,24.6,80,Clear
13481,Patna,2024-10-21,21.2,2.3,49,Clear
13482,Patna,08-04-2024,31.1,0.0,58,Humid
13483,Patna,2023-10-18,23.0,17.6,51,Foggy
13484,Patna,24/04/2024,35.2,0.0,78,Clear
13485,Patna,15/12/2023,18.9,0.0,95,Clear
13486,Patna,2023.09.03,30.2,163.8,56,Foggy
13487,Patna,25/09/2024,26.6,16.8,60,Rainy
13488,Patna,2024.02.06,23.1,1.5,47,Clear
13489,Patna,2024-11-07,26.8,107.5,65,Clear
13490,Patna,05/05/2023,30.0,0.0,96,Clear
13491,Patna,11/07/2024,26.8,3.9,74,Cloudy
13492,Patna,05-02-2023,17.6,23.4,57,Clear
13493,Patna,2024.04.30,55.5,0.0,68,Clear
13494,Patna,11/11/2023,26.7,0.6,47,Rainy
13495,Patna,02/10/2024,20.5,3.3,65,Clear
13496,Patna,2023-05-23,35.5,14.1,63,Rainy
13497,Patna,22-11-2023,37.8,21.7,52,Clear
13498,Patna,2023-02-18,17.0,3.7,60,Rainy
13499,Patna,12/05/2023,22.1,9.8,47,Humid
13500,Patna,09-12-2024,19.2,2.1,61,Clear
13501,Patna,03/12/2024,20.5,0.0,62,Foggy
13502,Patna,24-05-2023,28.9,0.6,40,Clear
13503,Patna,2024-10-28,21.7,32.8,44,Clear
13504,Patna,31-10-2024,26.6,11.2,51,Clear
13505,Patna,2023.08.17,27.7,25.8,38,Cloudy
13506,Patna,05/10/2024,51.8,0.0,65,Clear
13507,Patna,2023-05-19,28.6,10.7,63,Cloudy
13508,Patna,28-08-2023,34.6,92.7,49,Foggy
13509,Patna,10/10/2023,26.8,9.5,60,Cloudy
13510,Patna,2023.03.06,35.2,1.3,49,Rainy
13511,Patna,12/08/2023,22.2,74.5,50,Humid
13512,Patna,25-09-2023,30.6,0.0,41,Rainy
13513,Patna,25/04/2024,31.8,4.4,59,Cloudy
13514,Patna,03-06-2024,23.5,28.0,74,Clear
13515,Patna,2023-07-09,30.3,159.1,36,Clear
13516,Patna,25/07/2023,28.8,43.0,86,Stormy
13517,Patna,2024.01.03,14.4,2.8,66,Cloudy
13518,Patna,11/12/2024,18.1,1.8,43,Clear
13519,Patna,07/21/2023,28.8,41.8,71,Stormy
13520,Patna,07/01/2023,21.4,3.4,48,Cloudy
13521,Patna,2024-05-10,38.0,0.0,73,Rainy
13522,Patna,10-08-2023,32.3,11.8,76,Clear
13523,Patna,15/10/2023,26.5,0.0,77,Rainy
13524,Patna,2024-03-23,38.8,0.0,54,Foggy
13525,Patna,11-04-2023,26.5,5.5,64,Clear
13526,Patna,2024-05-26,32.7,0.0,57,Rainy
13527,Patna,06/28/2024,32.0,134.2,74,Rainy
13528,Patna,21/09/2024,30.4,198.4,75,Clear
13529,Patna,02/05/2024,35.3,0.0,56,Rainy
13530,Patna,2023-04-27,34.7,18.6,53,Foggy
13531,Patna,2023.10.02,24.7,24.8,66,Rainy
13532,Patna,03/02/2023,38.2,1.5,75,Rainy
13533,Patna,20/03/2023,32.7,14.5,25,Humid
13534,Patna,10-04-2023,32.3,0.0,68,Cloudy
13535,Patna,02/05/2023,22.9,2.2,45,Clear
13536,Patna,27/05/2023,30.0,0.0,67,Clear
13537,Patna,21/08/2023,35.9,214.6,64,Stormy
13538,Patna,27/01/2023,18.4,0.0,49,Clear
13539,Patna,29/09/2024,20.6,131.8,58,Clear
13540,Patna,07/27/2024,30.6,25.5,47,Clear
13541,Patna,18/02/2024,21.3,6.7,75,Rainy
13542,Patna,10/25/2024,29.5,0.0,54,Rainy
13543,Patna,02-04-2024,27.3,20.2,52,Cloudy
13544,Patna,2024.05.16,40.3,12.5,36,Clear
13545,Patna,19/04/2024,31.4,0.0,74,Clear
13546,Patna,2023.01.06,23.7,8.4,82,Stormy
13547,Patna,2023-07-31,24.5,0.0,62,Cloudy
13548,Patna,08/06/2023,29.9,96.3,67,Rainy
13549,Patna,27-04-2023,29.2,0.0,66,Clear
13550,Patna,02/26/2023,16.5,2.0,60,Clear
13551,Patna,2024.02.14,24.1,10.3,22,Clear
13552,Patna,2023.05.03,34.5,0.0,64,Rainy
13553,Patna,2024-08-30,30.1,10.8,61,Clear
13554,Patna,17/07/2024,28.2,75.6,48,Clear
13555,Patna,06/12/2023,23.2,0.0,77,Foggy
13556,Patna,2023-12-29,12.6,3.1,49,Rainy
13557,Patna,2024-10-14,59.0,35.5,58,Cloudy
13558,Patna,2023.09.07,29.9,38.8,91,Clear
13559,Patna,02/01/2024,24.7,0.0,48,Clear
13560,Patna,2023-11-26,24.5,11.2,54,Clear
13561,Patna,03-10-2024,21.1,6.9,80,Humid
13562,Patna,11/29/2023,20.0,0.0,52,Humid
13563,Patna,04/14/2023,32.8,0.0,50,Humid
13564,Patna,2024-12-01,17.9,0.4,54,Humid
13565,Patna,2023-06-05,33.1,55.3,86,Cloudy
13566,Patna,09/05/2024,33.4,0.0,61,Cloudy
13567,Patna,03-04-2023,35.8,0.0,49,Clear
13568,Patna,2023.05.05,36.0,17.5,75,Clear
13569,Patna,2023-10-08,31.2,34.5,68,Foggy
13570,Patna,02/17/2023,27.0,7.4,75,Cloudy
13571,Patna,2024-04-03,31.8,9.2,53,Foggy
13572,Patna,09/07/2024,31.8,0.0,76,Clear
13573,Patna,10/15/2023,31.2,54.4,46,Clear
13574,Patna,24/09/2024,24.7,0.0,34,Cloudy
13575,Patna,2024.12.09,18.4,2.2,42,Foggy
13576,Patna,2024.04.06,38.9,14.8,38,Clear
13577,Patna,03-02-2023,19.9,0.8,43,Clear
13578,Patna,31-03-2023,31.0,3.3,81,Clear
13579,Patna,05/11/2023,33.3,0.7,39,Rainy
13580,Patna,21-10-2024,26.3,0.0,31,Clear
13581,Patna,2024-12-15,16.0,0.8,48,Clear
13582,Patna,2023-11-01,32.5,58.7,84,Cloudy
13583,Patna,2024-09-10,26.5,0.0,49,Cloudy
13584,Patna,2023.02.22,20.6,31.0,69,Clear
13585,Patna,02-04-2024,30.4,3.2,70,Humid
13586,Patna,21-06-2024,27.2,193.5,54,Clear
13587,Patna,13-12-2024,30.5,5.9,40,Foggy
13588,Patna,20-01-2023,23.3,22.0,57,Clear
13589,Patna,02-11-2023,25.6,109.6,84,Clear
13590,Patna,01-04-2024,29.2,1.7,48,Humid
13591,Patna,01/12/2024,21.8,,66,Cloudy
13592,Patna,2023.01.23,16.2,10.5,87,Humid
13593,Patna,24-05-2024,35.3,0.0,60,Clear
13594,Patna,10/06/2023,22.7,,47,Rainy
13595,Patna,2023-11-06,16.8,0.0,52,Cloudy
13596,Patna,14-08-2023,30.3,0.0,61,Cloudy
13597,Patna,2024.11.05,29.2,5.0,63,Clear
13598,Patna,24/02/2024,18.1,0.0,66,Clear
13599,Patna,2024.11.13,24.5,64.6,65,Cloudy
13600,Patna,2024.06.20,24.4,27.6,47,Clear
13601,Patna,2024-05-22,26.0,8.5,59,Clear
13602,Patna,13/02/2023,16.6,0.0,39,Clear
13603,Patna,12-11-2023,26.0,55.2,72,Cloudy
13604,Patna,2023-05-17,25.4,0.2,47,Clear
13605,Patna,08/02/2024,26.0,362.0,79,Cloudy
13606,Patna,06/01/2024,26.4,118.9,75,Cloudy
13607,Patna,15-09-2023,29.0,177.5,59,Cloudy
13608,Patna,2023.11.06,19.7,80.9,60,Humid
13609,Patna,2024.10.03,21.9,0.0,56,Clear
13610,Patna,2024-12-19,20.5,1.1,69,Foggy
13611,Patna,04/23/2024,34.1,8.6,58,Clear
13612,Patna,07-09-2024,32.6,46.2,55,Cloudy
13613,Patna,2023.06.10,27.4,48.9,51,Clear
13614,Patna,2024.05.17,35.8,12.4,57,Clear
13615,Patna,2023-05-22,26.3,4.9,73,Cloudy
13616,Patna,05/07/2023,28.0,0.0,72,Humid
13617,Patna,27-08-2023,27.2,78.4,31,Foggy
13618,Patna,2023-12-07,15.5,9.0,57,Clear
13619,Patna,2023-11-21,19.2,1.9,44,Clear
13620,Patna,05-05-2024,31.3,0.2,66,Rainy
13621,Patna,26/03/2023,30.5,15.3,45,Clear
13622,Patna,09-04-2024,31.2,3.0,70,Foggy
13623,Patna,2023-12-15,19.1,5.4,66,Cloudy
13624,Patna,2023.09.30,34.0,60.8,29,Humid
13625,Patna,2024.02.05,53.0,0.4,43,Stormy
13626,Patna,2023-04-04,28.7,17.6,53,Clear
13627,Patna,14-10-2023,32.9,0.0,65,Cloudy
13628,Patna,02/24/2023,21.6,0.0,58,Clear
13629,Patna,06/09/2023,29.0,150.1,60,Rainy
13630,Patna,28/04/2024,30.8,0.0,46,Cloudy
13631,Patna,03/20/2024,27.0,0.5,64,Humid
13632,Patna,2024-04-20,35.2,13.8,32,Clear
13633,Patna,01/29/2023,18.6,0.0,70,Humid
13634,Patna,07/01/2023,19.5,9.2,92,Clear
13635,Patna,2024-11-27,27.4,41.0,58,Stormy
13636,Patna,2023-01-30,19.1,2.1,57,Rainy
13637,Patna,2024-09-24,32.6,160.5,71,Foggy
13638,Patna,11/03/2024,22.8,3.3,62,Rainy
13639,Patna,08/06/2023,26.3,103.1,61,Stormy
13640,Patna,2024.04.25,34.9,0.0,72,Rainy
13641,Patna,2024.11.05,30.2,33.6,66,Humid
13642,Patna,09/13/2023,26.8,20.5,61,Rainy
13643,Patna,27-11-2024,26.1,0.0,71,Clear
13644,Patna,14/09/2023,24.8,0.0,61,Humid
13645,Patna,2024.03.31,37.3,1.9,63,Humid
13646,Patna,04/23/2024,29.0,17.0,86,Cloudy
13647,Patna,2024.05.02,29.0,12.0,72,Clear
13648,Patna,2023.06.26,24.7,33.8,64,Humid
13649,Patna,01/23/2024,16.1,10.0,56,Stormy
13650,Patna,08/06/2023,29.4,72.6,64,Clear
13651,Patna,2023.12.04,15.1,0.0,80,Clear
13652,Patna,26-04-2023,30.1,9.0,74,Humid
13653,Patna,2023.08.10,29.4,0.0,44,Humid
13654,Patna,2024-05-22,29.9,4.4,51,Cloudy
13655,Patna,11/12/2023,26.4,55.2,54,Clear
13656,Patna,18-07-2023,24.3,0.0,68,Clear
13657,Patna,02/11/2024,28.8,0.0,67,Humid
13658,Patna,2023.04.19,28.9,15.1,54,Stormy
13659,Patna,06/24/2024,24.0,0.0,74,Humid
13660,Patna,17/11/2023,24.8,19.9,87,Cloudy
13661,Patna,2023-07-15,20.7,282.9,47,Rainy
13662,Patna,06/28/2024,25.6,89.2,77,Clear
13663,Patna,11/23/2023,24.4,13.5,59,Foggy
13664,Patna,02/01/2024,15.7,11.7,86,Humid
13665,Patna,29-12-2023,23.8,2.9,97,Rainy
13666,Patna,06/27/2023,27.8,0.0,49,Rainy
13667,Patna,2024-01-17,17.9,0.0,42,Cloudy
13668,Patna,2024-03-13,36.1,18.0,53,Rainy
13669,Patna,2023-01-18,9.4,0.0,42,Humid
13670,Patna,2023.12.30,14.0,0.2,74,Cloudy
13671,Patna,28/04/2023,32.9,8.6,85,Clear
13672,Patna,06/11/2024,30.4,0.0,70,Rainy
13673,Patna,2023.03.28,42.9,0.0,67,Stormy
13674,Patna,2023.10.10,37.7,25.8,77,Clear
13675,Patna,21/10/2023,24.4,2.1,64,Cloudy
13676,Patna,2024.07.10,28.0,289.3,39,Clear
13677,Patna,2024.04.14,32.2,3.5,56,Cloudy
13678,Patna,06/10/2024,27.4,200.1,100,Cloudy
13679,Patna,08/11/2024,30.8,0.0,56,Clear
13680,Patna,06/07/2024,32.0,0.0,55,Rainy
13681,Patna,09/09/2023,29.8,29.2,71,Clear
13682,Patna,27-07-2024,26.9,15.4,64,Foggy
13683,Patna,2023.01.16,15.4,4.0,59,Clear
13684,Patna,12/17/2024,15.4,8.1,51,Stormy
13685,Patna,01/05/2023,22.4,0.0,59,Rainy
13686,Patna,24/02/2024,22.8,7.2,48,Clear
13687,Patna,2023.07.12,28.1,0.0,56,Foggy
13688,Patna,2023.04.08,35.0,0.0,55,Foggy
13689,Patna,2023-01-13,17.4,1.3,61,Rainy
13690,Patna,2024-10-28,28.4,31.6,59,Clear
13691,Patna,2023.01.26,12.4,1.1,65,Clear
13692,Patna,2023-02-18,16.9,1.2,77,Foggy
13693,Patna,04/25/2023,30.0,0.0,65,Rainy
13694,Patna,2024.01.05,11.1,0.0,52,Clear
13695,Patna,2023.05.21,37.0,0.0,62,Humid
13696,Patna,01/20/2023,19.5,3.3,90,Clear
13697,Patna,2024.07.04,26.9,43.0,31,Cloudy
13698,Patna,01/29/2023,25.2,7.2,64,Foggy
13699,Patna,07-05-2023,37.8,18.3,72,Clear
13700,Patna,31/10/2023,23.7,0.0,54,Cloudy
13701,Patna,04-09-2024,27.7,187.5,79,Clear
13702,Patna,04/29/2023,35.7,9.0,32,Cloudy
13703,Patna,06/03/2023,30.8,155.4,53,Clear
13704,Patna,10/02/2024,13.2,0.0,46,Clear
13705,Patna,01-02-2024,20.1,8.3,79,Clear
13706,Patna,26-10-2024,28.6,44.8,74,Humid
13707,Patna,2023.07.28,53.2,0.0,68,Rainy
13708,Patna,2023.05.11,34.3,9.2,41,Clear
13709,Patna,04/04/2023,37.9,46.3,58,Cloudy
13710,Patna,20-09-2024,26.3,0.0,61,Rainy
13711,Patna,2023-04-16,31.8,7.5,80,Humid
13712,Patna,2024.02.19,20.1,0.5,68,Humid
13713,Patna,04/10/2023,37.2,6.5,53,Cloudy
13714,Patna,15/05/2023,27.6,3.9,68,Humid
13715,Patna,04/05/2023,32.5,1.7,39,Cloudy
13716,Patna,03/09/2023,31.5,3.0,58,Cloudy
13717,Patna,05/26/2023,34.4,0.0,66,Cloudy
13718,Patna,2024.10.09,21.8,0.0,59,Clear
13719,Patna,2024-07-10,38.2,0.0,69,Rainy
13720,Patna,29-07-2024,34.2,0.0,59,Rainy
13721,Patna,2024-11-04,29.4,36.4,57,Foggy
13722,Patna,27/09/2024,33.7,39.4,79,Clear
13723,Patna,03/03/2023,41.0,0.0,56,Humid
13724,Patna,2024-11-01,29.3,62.2,46,Clear
13725,Patna,08/29/2024,23.4,320.9,69,Cloudy
13726,Patna,18-06-2024,29.8,49.2,59,Rainy
13727,Patna,12/01/2023,24.3,0.6,66,Foggy
13728,Patna,2024-06-10,27.1,35.6,68,Stormy
13729,Patna,06/18/2024,29.3,2.9,30,Foggy
13730,Patna,09/29/2024,23.4,195.6,77,Humid
13731,Patna,2024-10-04,32.5,34.4,70,Rainy
13732,Patna,30/09/2023,34.4,0.0,46,Foggy
13733,Patna,2023-02-14,20.2,0.0,58,Clear
13734,Patna,2023-01-20,23.3,2.7,37,Cloudy
13735,Patna,14-05-2024,33.0,0.0,73,Rainy
13736,Patna,18/03/2023,30.5,62.6,72,Rainy
13737,Patna,03-07-2024,28.7,0.0,76,Rainy
13738,Patna,09-09-2023,25.3,199.0,81,Rainy
13739,Patna,10/22/2024,19.7,14.1,61,Clear
13740,Patna,14-08-2023,30.7,0.0,53,Rainy
13741,Patna,09/12/2023,14.0,1.1,58,Humid
13742,Patna,10-12-2023,24.1,0.0,74,Humid
13743,Patna,21-01-2023,21.1,3.9,70,Foggy
13744,Patna,01/22/2024,14.6,0.0,59,Clear
13745,Patna,06/11/2023,30.7,172.3,41,Clear
13746,Patna,2024.08.13,28.0,173.4,73,Rainy
13747,Patna,2024-09-06,24.6,27.7,61,Cloudy
13748,Patna,07/10/2023,27.6,10.0,41,Clear
13749,Patna,27-08-2024,31.2,662.6,54,Clear
13750,Patna,05/13/2023,27.3,3.3,56,Clear
13751,Patna,28/06/2024,25.4,65.1,72,Cloudy
13752,Patna,19-05-2023,30.2,11.4,64,Humid
13753,Patna,2024.04.15,38.4,47.9,60,Stormy
13754,Patna,02/15/2023,20.8,0.3,46,Clear
13755,Patna,2023-11-20,28.6,40.8,56,Humid
13756,Patna,07/06/2024,30.0,87.0,46,Cloudy
13757,Patna,28/03/2024,31.4,1.5,73,Clear
13758,Patna,2023.08.15,24.1,0.0,60,Rainy
13759,Patna,28/10/2024,24.2,32.4,53,Humid
13760,Patna,2024.08.31,29.8,0.0,63,Clear
13761,Patna,22/02/2024,22.9,0.8,47,Clear
13762,Patna,10/11/2024,23.7,13.7,66,Cloudy
13763,Patna,2023-08-12,36.2,70.4,43,Humid
13764,Patna,2023-06-25,34.9,139.3,68,Rainy
13765,Patna,13-01-2024,14.8,0.0,44,Rainy
13766,Patna,2024-12-17,22.3,0.0,-68,Clear
13767,Patna,02-03-2023,37.5,0.0,57,Rainy
13768,Patna,2024.08.12,27.0,86.1,67,Cloudy
13769,Patna,2024.08.17,29.7,173.9,78,Cloudy
13770,Patna,02/12/2023,24.4,0.0,34,Cloudy
13771,Patna,10/06/2024,27.0,4.5,83,Rainy
13772,Patna,30/06/2023,24.4,0.0,35,Cloudy
13773,Patna,2023-09-26,29.2,18.0,52,Rainy
13774,Patna,01/11/2024,20.4,44.5,58,Stormy
13775,Patna,2023.04.13,35.7,0.4,63,Cloudy
13776,Patna,2024-09-15,30.5,130.7,48,Rainy
13777,Patna,2023-01-31,17.6,3.9,47,Rainy
13778,Patna,2023.04.05,31.3,0.7,82,Foggy
13779,Patna,01/09/2023,26.5,3.9,59,Humid
13780,Patna,08/16/2023,19.0,4.0,66,Rainy
13781,Patna,23-04-2024,38.1,4.4,44,Humid
13782,Patna,29-07-2023,27.3,38.9,30,Foggy
13783,Patna,11/22/2024,23.3,6.0,61,Clear
13784,Patna,2024-02-16,15.1,3.2,29,Clear
13785,Patna,06-08-2023,30.2,20.2,60,Clear
13786,Patna,2024.04.19,35.9,8.9,65,Rainy
13787,Patna,02-04-2023,29.7,0.0,94,Cloudy
13788,Patna,01-04-2024,29.7,11.8,58,Humid
13789,Patna,10/16/2023,28.8,13.2,61,Rainy
13790,Patna,22-07-2023,23.2,0.0,31,Clear
13791,Patna,03/21/2023,34.7,0.0,67,Clear
13792,Patna,01/25/2023,13.7,0.0,59,Humid
13793,Patna,20/06/2023,23.3,41.5,62,Clear
13794,Patna,2024.05.06,29.0,0.0,69,Clear
13795,Patna,07/10/2024,22.8,76.0,68,Clear
13796,Patna,05/31/2024,24.3,2.8,46,Clear
13797,Patna,02/26/2023,13.7,0.6,67,Clear
13798,Patna,2024.09.06,26.2,210.0,49,Cloudy
13799,Patna,2024-01-24,23.3,2.6,59,Clear
13800,Patna,08/09/2024,27.1,0.0,52,Cloudy
13801,Patna,06/01/2023,15.2,1.6,44,Clear
13802,Patna,2024-04-29,27.8,5.9,60,Cloudy
13803,Patna,10-07-2024,32.6,34.3,64,Rainy
13804,Patna,2023.09.04,30.4,17.9,40,Clear
13805,Patna,03/31/2023,28.0,0.0,63,Cloudy
13806,Patna,04/04/2023,38.5,0.0,34,Humid
13807,Patna,17/02/2024,21.2,14.7,29,Humid
13808,Patna,2024.09.09,19.0,102.6,27,Clear
13809,Patna,12-06-2023,29.0,4.2,44,Humid
13810,Patna,2023-06-30,32.6,41.9,50,Clear
13811,Patna,12/03/2024,33.9,0.0,68,Cloudy
13812,Patna,26/12/2024,17.5,0.5,74,Cloudy
13813,Patna,2023-07-23,29.9,23.8,38,Rainy
13814,Patna,2023.07.16,31.3,0.0,54,Cloudy
13815,Patna,2023.05.26,34.3,6.5,67,Rainy
13816,Patna,2023-07-28,21.4,4.0,61,Rainy
13817,Patna,2023.04.10,31.8,3.3,71,Clear
13818,Patna,02/02/2023,18.2,2.0,62,Cloudy
13819,Patna,04-10-2023,35.1,69.0,87,Humid
13820,Patna,2023-05-10,31.0,0.0,74,Humid
13821,Patna,2024.05.22,35.5,0.5,67,Clear
13822,Patna,29-06-2023,30.6,116.3,67,Humid
13823,Patna,2024.02.23,19.4,2.3,64,Clear
13824,Patna,2023-12-18,14.4,1.0,54,Foggy
13825,Patna,04/18/2023,32.7,16.7,46,Rainy
13826,Patna,2023-01-06,10.9,16.2,41,Stormy
13827,Patna,2023-05-20,35.1,6.2,64,Foggy
13828,Patna,2023-10-22,25.8,59.0,57,Foggy
13829,Patna,08/12/2024,13.7,1.2,39,Humid
13830,Patna,20-06-2024,28.2,31.8,24,Clear
13831,Patna,2024-02-28,15.0,5.2,82,Foggy
13832,Patna,04/20/2024,31.6,26.4,55,Cloudy
13833,Patna,09/08/2023,34.3,0.0,75,Rainy
13834,Patna,2023-08-18,33.6,29.1,45,Clear
13835,Patna,2023.04.26,37.4,5.8,42,Foggy
13836,Patna,2024-05-08,35.4,14.5,84,Humid
13837,Patna,2024-03-26,38.4,7.1,34,Humid
13838,Patna,25/12/2024,15.1,5.2,35,Clear
13839,Patna,2024.07.16,31.9,0.0,48,Stormy
13840,Patna,01/29/2023,24.0,1.6,69,Rainy
13841,Patna,26/11/2023,26.5,5.3,64,Stormy
13842,Patna,10-12-2023,15.6,0.2,83,Humid
13843,Patna,05/15/2023,28.3,0.0,74,Rainy
13844,Patna,2024.11.27,22.2,7.7,40,Clear
13845,Patna,24/07/2023,27.1,163.0,39,Humid
13846,Patna,03-05-2023,39.1,15.5,47,Clear
13847,Patna,2023.06.28,29.6,33.8,55,Rainy
13848,Patna,07/09/2024,24.3,156.5,54,Clear
13849,Patna,05/07/2024,28.0,149.0,49,Clear
13850,Patna,14/09/2023,30.5,99.9,56,Rainy
13851,Patna,2023.12.22,20.7,3.7,38,Cloudy
13852,Patna,29-09-2023,33.0,0.0,57,Rainy
13853,Patna,2023.04.25,25.5,9.4,67,Foggy
13854,Patna,2024.04.20,26.5,9.9,61,Cloudy
13855,Patna,05-09-2023,23.1,0.0,61,Cloudy
13856,Patna,05-10-2023,29.6,,75,Clear
13857,Patna,02/05/2024,12.6,0.0,45,Rainy
13858,Patna,2024-02-24,23.1,5.9,40,Clear
13859,Patna,14/05/2024,30.4,0.0,48,Rainy
13860,Patna,29/05/2023,33.2,35.2,43,Humid
13861,Patna,2024.09.03,29.0,0.0,64,Rainy
13862,Patna,2023-09-27,29.1,9.0,77,Rainy
13863,Patna,2023-10-14,21.3,24.5,39,Stormy
13864,Patna,2024.08.14,27.8,,52,Clear
13865,Patna,09/06/2023,31.6,233.9,53,Rainy
13866,Bhubaneswar,2023-08-13,25.7,363.8,51,Clear
13867,Bhubaneswar,16-06-2023,32.2,209.5,67,Cloudy
13868,Bhubaneswar,12/09/2024,13.3,1.5,68,Cloudy
13869,Bhubaneswar,04/21/2024,38.2,0.3,54,Cloudy
13870,Bhubaneswar,26/01/2024,17.8,0.6,45,Cloudy
13871,Bhubaneswar,2024.06.12,29.8,9.0,64,Clear
13872,Bhubaneswar,04/01/2024,21.9,2.9,100,Clear
13873,Bhubaneswar,10/17/2023,23.0,1.2,56,Clear
13874,Bhubaneswar,07/30/2024,24.2,69.9,61,Clear
13875,Bhubaneswar,02/05/2024,32.4,0.9,59,Cloudy
13876,Bhubaneswar,16-08-2023,26.2,23.9,64,Rainy
13877,Bhubaneswar,20-08-2023,23.4,10.1,51,Rainy
13878,Bhubaneswar,24-04-2024,31.3,7.8,67,Clear
13879,Bhubaneswar,12/06/2024,29.8,71.0,42,Clear
13880,Bhubaneswar,2024.05.14,23.0,0.0,73,Cloudy
13881,Bhubaneswar,2024.01.19,21.6,0.0,51,Humid
13882,Bhubaneswar,28-05-2024,31.4,0.0,54,Cloudy
13883,Bhubaneswar,2024-11-02,31.0,17.8,44,Rainy
13884,Bhubaneswar,2024-11-30,25.2,24.3,67,Cloudy
13885,Bhubaneswar,2024-04-11,35.8,9.6,73,Clear
13886,Bhubaneswar,02/24/2023,22.7,1.6,74,Clear
13887,Bhubaneswar,2023.08.03,25.4,0.0,51,Cloudy
13888,Bhubaneswar,2024.12.17,15.2,8.5,54,Rainy
13889,Bhubaneswar,2023-07-01,25.4,0.0,42,Foggy
13890,Bhubaneswar,07/03/2024,38.3,12.2,86,Humid
13891,Bhubaneswar,2023.06.13,31.9,6.6,71,Humid
13892,Bhubaneswar,10/14/2023,24.3,0.0,66,Clear
13893,Bhubaneswar,28/01/2024,20.9,5.6,67,Clear
13894,Bhubaneswar,2024-07-29,26.9,322.2,91,Rainy
13895,Bhubaneswar,2024.06.13,28.6,137.5,37,Humid
13896,Bhubaneswar,29-12-2024,25.1,0.9,38,Cloudy
13897,Bhubaneswar,2023-06-18,20.3,451.0,65,Cloudy
13898,Bhubaneswar,28/01/2024,19.1,4.3,81,Clear
13899,Bhubaneswar,17-08-2023,24.9,26.6,44,Stormy
13900,Bhubaneswar,2024.04.22,36.5,23.1,60,Stormy
13901,Bhubaneswar,2023-12-15,13.1,0.0,88,Clear
13902,Bhubaneswar,22-02-2023,15.0,0.0,67,Foggy
13903,Bhubaneswar,2024-10-03,25.1,43.1,94,Clear
13904,Bhubaneswar,2023-09-12,32.0,0.0,63,Clear
13905,,13/03/2023,33.3,0.0,69,Stormy
13906,Bhubaneswar,08/03/2024,27.2,132.9,38,Clear
13907,Bhubaneswar,2023-09-24,26.4,0.0,64,Clear
13908,Bhubaneswar,2023.10.01,24.7,0.0,52,Clear
13909,Bhubaneswar,12/10/2023,13.4,0.4,70,Cloudy
13910,Bhubaneswar,08/31/2023,27.8,0.0,73,Cloudy
13911,Bhubaneswar,21-11-2023,30.4,0.0,74,Clear
13912,Bhubaneswar,2024-07-22,30.2,0.0,62,Cloudy
13913,Bhubaneswar,2023.02.03,9.2,1.8,57,Humid
13914,Bhubaneswar,14-11-2024,26.8,0.0,77,Stormy
13915,Bhubaneswar,08/26/2023,22.1,0.0,72,Stormy
13916,Bhubaneswar,2024-06-13,32.8,10.3,80,Clear
13917,Bhubaneswar,30-12-2023,20.1,0.0,58,Clear
13918,Bhubaneswar,2023.05.25,27.4,10.1,76,Humid
13919,Bhubaneswar,2024.11.08,29.2,6.3,41,Rainy
13920,Bhubaneswar,2024.02.23,18.1,0.0,97,Humid
13921,Bhubaneswar,2024.10.31,28.3,0.0,60,Clear
13922,Bhubaneswar,21-04-2024,35.4,15.5,51,Humid
13923,Bhubaneswar,09-10-2023,25.6,85.9,62,Clear
13924,Bhubaneswar,27-07-2024,31.9,135.7,62,Rainy
13925,Bhubaneswar,2023-07-17,29.1,217.5,33,Clear
13926,Bhubaneswar,24/06/2023,27.7,0.0,62,Cloudy
13927,Bhubaneswar,2023.12.11,19.4,29.9,47,Clear
13928,Bhubaneswar,06/20/2023,26.0,74.4,54,Clear
13929,Bhubaneswar,02/08/2024,26.7,231.7,59,Humid
13930,Bhubaneswar,10/11/2023,19.1,160.4,86,Humid
13931,Bhubaneswar,2024.12.01,22.4,0.0,53,Clear
13932,Bhubaneswar,03/03/2024,32.4,5.8,61,Foggy
13933,Bhubaneswar,2024-10-23,28.0,2.6,59,Rainy
13934,Bhubaneswar,18-04-2023,34.2,0.6,65,Humid
13935,Bhubaneswar,08/02/2023,17.7,0.0,59,Cloudy
13936,Bhubaneswar,05/15/2023,32.7,20.4,64,Cloudy
13937,Bhubaneswar,02/03/2023,17.9,5.1,21,Clear
13938,Bhubaneswar,01-12-2023,19.7,5.1,82,Clear
13939,Bhubaneswar,11/24/2023,18.1,0.0,89,Clear
13940,Bhubaneswar,2024-03-15,28.3,10.7,56,Rainy
13941,Bhubaneswar,03-12-2023,19.7,9.9,73,Rainy
13942,Bhubaneswar,23/11/2024,24.0,3.2,90,Foggy
13943,Bhubaneswar,25-01-2023,19.7,0.9,54,Cloudy
13944,Bhubaneswar,2023-01-24,26.8,0.3,83,Clear
13945,Bhubaneswar,2023.10.09,23.2,16.9,19,Humid
13946,Bhubaneswar,2024.11.30,28.4,0.6,54,Cloudy
13947,Bhubaneswar,2023-02-03,11.0,1.6,35,Clear
13948,Bhubaneswar,12/08/2023,58.0,0.1,66,Stormy
13949,Bhubaneswar,03-06-2023,29.4,284.6,55,Clear
13950,Bhubaneswar,02/06/2024,32.1,0.0,51,Humid
13951,Bhubaneswar,2024.04.09,34.4,11.8,63,Rainy
13952,Bhubaneswar,21-03-2023,33.8,2.4,64,Foggy
13953,Bhubaneswar,2024-03-09,34.3,3.4,40,Humid
13954,Bhubaneswar,20/08/2024,25.8,123.8,53,Humid
13955,Bhubaneswar,26-02-2023,51.6,1.4,84,Rainy
13956,Bhubaneswar,01-09-2023,30.0,38.8,38,Humid
13957,Bhubaneswar,2024-10-05,26.8,0.0,59,Foggy
13958,Bhubaneswar,05-08-2023,31.4,116.2,56,Rainy
13959,Bhubaneswar,09/12/2023,29.2,0.0,67,Cloudy
13960,Bhubaneswar,15-04-2023,59.9,7.9,63,Cloudy
13961,Bhubaneswar,23/03/2024,28.8,15.8,84,Clear
13962,Bhubaneswar,2023.09.07,27.3,60.5,45,Clear
13963,Bhubaneswar,2023-01-26,24.0,1.4,62,Humid
13964,Bhubaneswar,27/05/2023,30.9,0.0,69,Cloudy
13965,Bhubaneswar,25-01-2024,18.0,2.8,67,Clear
13966,Bhubaneswar,2023.01.06,18.6,0.0,57,Stormy
13967,Bhubaneswar,27-08-2023,24.6,0.0,61,Humid
13968,Bhubaneswar,30-01-2023,18.9,12.1,46,Cloudy
13969,Bhubaneswar,2024-11-16,21.5,205.5,51,Cloudy
13970,Bhubaneswar,2023.05.04,39.8,0.0,72,Clear
13971,Bhubaneswar,04/28/2023,32.2,0.0,58,Foggy
13972,Bhubaneswar,03/31/2023,32.7,3.7,57,Humid
13973,Bhubaneswar,03/16/2023,34.2,4.7,60,Humid
13974,Bhubaneswar,2023.06.08,25.1,19.4,51,Foggy
13975,Bhubaneswar,2024-08-19,25.4,5.1,45,Clear
13976,Bhubaneswar,11/22/2024,32.0,6.2,38,Cloudy
13977,Bhubaneswar,2024.11.21,17.3,29.4,31,Humid
13978,Bhubaneswar,06/19/2024,18.5,53.0,76,Clear
13979,Bhubaneswar,2023-01-14,14.4,0.9,54,Humid
13980,Bhubaneswar,2023-06-20,32.3,61.8,65,Clear
13981,Bhubaneswar,2024.05.03,31.5,10.5,56,Clear
13982,Bhubaneswar,13/08/2023,28.9,46.3,50,Clear
13983,Bhubaneswar,14-02-2023,17.8,22.8,52,Cloudy
13984,Bhubaneswar,2024-08-07,33.6,238.8,70,Rainy
13985,Bhubaneswar,19-06-2024,32.6,0.0,53,Clear
13986,Bhubaneswar,2024.05.17,31.3,16.3,30,Foggy
13987,Bhubaneswar,10/26/2023,24.9,7.0,49,Clear
13988,Bhubaneswar,15/06/2024,37.4,140.4,66,Clear
13989,Bhubaneswar,2024.10.16,30.5,0.0,73,Clear
13990,Bhubaneswar,20-02-2023,18.2,0.0,36,Clear
13991,Bhubaneswar,04/08/2024,25.3,37.8,80,Clear
13992,Bhubaneswar,08/27/2023,32.6,0.0,60,Foggy
13993,Bhubaneswar,28-08-2023,26.4,0.2,56,Stormy
13994,Bhubaneswar,16/03/2024,29.6,0.0,77,Cloudy
13995,Bhubaneswar,2024.03.04,39.4,0.2,61,Humid
13996,Bhubaneswar,2024.02.05,52.2,4.8,69,Clear
13997,Bhubaneswar,2024-05-07,32.7,27.7,65,Clear
13998,Bhubaneswar,14-11-2023,25.0,,57,Clear
13999,Bhubaneswar,11/07/2024,22.1,18.0,59,Stormy
14000,Bhubaneswar,06/10/2023,27.4,399.9,78,Cloudy
14001,Bhubaneswar,2024.01.29,7.1,0.3,52,Clear
14002,Bhubaneswar,07-04-2024,30.6,0.0,65,Clear
14003,Bhubaneswar,2024-08-30,23.8,28.9,38,Rainy
14004,Bhubaneswar,2024-04-01,23.2,0.0,59,Cloudy
14005,Bhubaneswar,2023.10.22,29.5,12.3,47,Clear
14006,Bhubaneswar,27-04-2023,33.4,5.7,92,Clear
14007,Bhubaneswar,01-11-2023,30.5,8.4,41,Clear
14008,Bhubaneswar,2023-09-03,26.8,157.8,61,Stormy
14009,Bhubaneswar,26-05-2023,34.5,4.1,50,Clear
14010,Bhubaneswar,2024.09.30,28.3,89.2,71,Humid
14011,Bhubaneswar,2023.02.09,11.1,0.0,64,Humid
14012,Bhubaneswar,2023.08.15,25.4,134.8,69,Clear
14013,Bhubaneswar,2024-09-27,27.6,83.5,57,Clear
14014,Bhubaneswar,30/11/2023,35.4,3.7,85,Cloudy
14015,Bhubaneswar,13/10/2024,26.7,5.3,61,Cloudy
14016,Bhubaneswar,2024.05.25,35.7,1.4,74,Humid
14017,Bhubaneswar,16-07-2024,24.9,0.0,43,Rainy
14018,Bhubaneswar,2024.07.27,26.5,157.7,63,Stormy
14019,Bhubaneswar,28/07/2024,21.3,209.1,52,Rainy
14020,Bhubaneswar,23-10-2023,29.6,102.2,70,Clear
14021,Bhubaneswar,08/02/2024,21.1,1.4,72,Cloudy
14022,Bhubaneswar,27/10/2023,25.5,54.8,54,Cloudy
14023,Bhubaneswar,2023-04-17,40.8,8.7,40,Cloudy
14024,Bhubaneswar,2023.03.12,27.0,3.4,63,Clear
14025,Bhubaneswar,03/24/2024,38.6,0.0,65,Foggy
14026,Bhubaneswar,27-05-2023,38.7,4.6,36,Humid
14027,Bhubaneswar,2023.12.26,21.5,9.6,64,Humid
14028,Bhubaneswar,21-09-2024,21.5,116.5,48,Cloudy
14029,Bhubaneswar,18-06-2024,30.0,0.0,66,Rainy
14030,Bhubaneswar,2023-01-06,16.3,13.5,50,Clear
14031,Bhubaneswar,2023-01-03,21.4,5.0,59,Clear
14032,Bhubaneswar,05/02/2023,35.9,7.9,72,Humid
14033,Bhubaneswar,04/12/2023,13.0,1.3,60,Cloudy
14034,Bhubaneswar,30-04-2023,35.9,1.7,65,Foggy
14035,Bhubaneswar,02/05/2024,32.4,23.8,58,Clear
14036,Bhubaneswar,03/10/2024,21.5,0.0,70,Humid
14037,Bhubaneswar,2024.12.24,15.2,2.3,39,Cloudy
14038,Bhubaneswar,2023-11-17,16.0,91.8,41,Clear
14039,Bhubaneswar,16/12/2024,19.6,11.7,55,Cloudy
14040,Bhubaneswar,18/01/2024,19.6,0.0,62,Clear
14041,Bhubaneswar,12/24/2024,19.2,0.5,74,Clear
14042,Bhubaneswar,2023-05-17,35.1,3.3,62,Clear
14043,Bhubaneswar,09-10-2024,25.9,41.9,75,Clear
14044,Bhubaneswar,02/11/2023,31.3,46.7,61,Clear
14045,Bhubaneswar,05/21/2024,30.6,19.1,69,Rainy
14046,Bhubaneswar,31-03-2024,25.8,0.0,67,Stormy
14047,Bhubaneswar,26-11-2023,23.7,26.7,78,Clear
14048,Bhubaneswar,08-06-2024,26.1,21.6,25,Rainy
14049,Bhubaneswar,2023.11.19,29.7,52.4,51,Stormy
14050,Bhubaneswar,09/15/2024,25.6,79.9,63,Foggy
14051,Bhubaneswar,26-02-2024,11.7,7.6,66,Humid
14052,Bhubaneswar,12-01-2024,15.4,9.3,69,Foggy
14053,Bhubaneswar,2024.05.09,32.4,7.6,42,Clear
14054,Bhubaneswar,03-10-2023,31.2,8.4,49,Clear
14055,Bhubaneswar,22/11/2024,26.1,19.5,80,Cloudy
14056,Bhubaneswar,2023.03.11,34.9,5.2,64,Humid
14057,Bhubaneswar,2024.01.15,12.3,0.0,76,Clear
14058,Bhubaneswar,11/15/2024,27.2,0.0,74,Rainy
14059,Bhubaneswar,24-02-2024,16.8,20.0,53,Cloudy
14060,Bhubaneswar,2024-08-15,32.3,114.8,50,Rainy
14061,Bhubaneswar,2023-07-27,18.7,86.8,75,Clear
14062,Bhubaneswar,29/01/2023,24.0,1.5,78,Humid
14063,Bhubaneswar,29-01-2024,18.8,3.1,34,Humid
14064,Bhubaneswar,2023-03-24,26.5,28.0,73,Clear
14065,Bhubaneswar,07/26/2023,30.6,,40,Humid
14066,Bhubaneswar,29-05-2023,35.1,9.4,66,Cloudy
14067,Bhubaneswar,2023-05-03,34.3,15.9,76,Humid
14068,Bhubaneswar,09/19/2023,29.0,71.3,65,Stormy
14069,Bhubaneswar,04/17/2023,33.8,0.0,45,Cloudy
14070,Bhubaneswar,03-07-2024,33.1,0.0,35,Foggy
14071,Bhubaneswar,29-03-2023,29.2,12.7,79,Clear
14072,Bhubaneswar,06/02/2023,17.2,2.7,49,Rainy
14073,Bhubaneswar,2023-11-01,26.1,20.3,40,Cloudy
14074,Bhubaneswar,01/08/2023,28.2,,41,Humid
14075,Bhubaneswar,11/09/2024,29.8,54.8,91,Cloudy
14076,Bhubaneswar,17/05/2024,30.8,0.0,75,Humid
14077,Bhubaneswar,21-10-2024,25.7,81.0,66,Clear
14078,Bhubaneswar,2024-09-10,27.5,140.8,66,Foggy
14079,Bhubaneswar,2023.12.19,16.1,0.0,33,Humid
14080,Bhubaneswar,27/11/2024,26.3,3.6,68,Clear
14081,Bhubaneswar,27-11-2023,24.7,40.2,41,Foggy
14082,Bhubaneswar,2023.11.09,25.3,0.0,35,Humid
14083,Bhubaneswar,17/09/2023,27.8,46.7,64,Cloudy
14084,Bhubaneswar,07/07/2023,31.3,19.4,53,Clear
14085,Bhubaneswar,2023-09-24,28.2,0.0,86,Clear
14086,Bhubaneswar,18/03/2023,36.2,1.4,77,Clear
14087,Bhubaneswar,2024.11.07,29.7,44.0,60,Cloudy
14088,Bhubaneswar,03-07-2024,33.1,106.3,84,Cloudy
14089,Bhubaneswar,06/25/2024,30.2,0.0,71,Cloudy
14090,Bhubaneswar,02/24/2024,18.6,8.6,55,Clear
14091,Bhubaneswar,30-06-2024,31.0,210.9,61,Clear
14092,Bhubaneswar,2023.07.02,31.9,154.4,61,Cloudy
14093,Bhubaneswar,2024.04.11,38.0,1.6,56,Clear
14094,Bhubaneswar,2024-02-22,15.8,0.0,67,Stormy
14095,Bhubaneswar,2023-01-13,13.7,15.0,61,Clear
14096,Bhubaneswar,19-12-2024,13.0,3.5,57,Clear
14097,Bhubaneswar,2024.03.20,34.1,3.5,59,Clear
14098,Bhubaneswar,04-09-2023,32.6,155.5,71,Rainy
14099,Bhubaneswar,2024.10.29,26.0,15.5,43,Cloudy
14100,Bhubaneswar,2023-12-10,20.2,0.0,42,Stormy
14101,Bhubaneswar,10/22/2023,23.1,2.1,53,Foggy
14102,Bhubaneswar,04/04/2024,37.6,1.3,69,Clear
14103,Bhubaneswar,07/22/2023,24.4,57.6,51,Clear
14104,Bhubaneswar,27/03/2023,30.1,4.8,70,Clear
14105,Bhubaneswar,2024-06-19,27.7,0.0,52,Foggy
14106,Bhubaneswar,2023-02-05,23.2,0.3,70,Clear
14107,Bhubaneswar,03/03/2024,30.3,0.8,60,Foggy
14108,Bhubaneswar,2024-11-14,22.6,5.3,65,Clear
14109,Bhubaneswar,11/01/2023,55.7,106.4,52,Rainy
14110,Bhubaneswar,01-07-2023,38.3,124.6,68,Foggy
14111,Bhubaneswar,30-09-2023,30.2,117.2,76,Rainy
14112,Bhubaneswar,07/05/2023,30.7,7.0,50,Clear
14113,Bhubaneswar,09/04/2023,28.9,0.0,46,Clear
14114,Bhubaneswar,02/05/2024,15.7,1.0,58,Rainy
14115,Bhubaneswar,01/01/2024,10.2,4.1,72,Clear
14116,Bhubaneswar,28/08/2023,22.9,199.0,71,Humid
14117,Bhubaneswar,2023-02-22,23.7,0.4,37,Cloudy
14118,Bhubaneswar,2024-11-15,21.6,10.1,57,Clear
14119,Bhubaneswar,2023-10-04,33.6,21.8,61,Clear
14120,Bhubaneswar,2024-05-26,32.8,2.6,64,Clear
14121,Bhubaneswar,11/03/2024,28.8,35.4,57,Rainy
14122,Bhubaneswar,2023-06-01,33.2,73.8,46,Rainy
14123,Bhubaneswar,14/03/2024,32.9,0.0,71,Foggy
14124,Bhubaneswar,21/01/2024,17.1,0.0,91,Clear
14125,Bhubaneswar,04/10/2023,20.1,0.0,46,Foggy
14126,Bhubaneswar,10-04-2024,37.9,11.7,57,Stormy
14127,Bhubaneswar,10/19/2023,24.7,19.4,74,Cloudy
14128,Bhubaneswar,2023.10.13,30.3,4.7,66,Cloudy
14129,Bhubaneswar,2023.01.21,20.6,0.0,67,Cloudy
14130,Bhubaneswar,10-09-2024,27.3,25.6,66,Clear
14131,Bhubaneswar,2023.10.14,24.8,14.2,48,Humid
14132,Bhubaneswar,2024-07-26,25.9,32.3,82,Humid
14133,Bhubaneswar,18-03-2023,36.4,0.0,45,Foggy
14134,Bhubaneswar,10-12-2023,19.9,8.4,71,Clear
14135,Bhubaneswar,2024.02.06,22.5,0.0,60,Clear
14136,Bhubaneswar,03-06-2023,27.6,0.0,88,Rainy
14137,Bhubaneswar,2023.03.23,32.7,12.8,56,Cloudy
14138,Bhubaneswar,2024-06-08,27.0,189.0,58,Clear
14139,Bhubaneswar,24/04/2024,40.5,0.2,71,Clear
14140,Bhubaneswar,2023-07-09,28.6,0.0,58,Clear
14141,Bhubaneswar,30-05-2024,30.3,14.5,72,Clear
14142,Bhubaneswar,13-08-2024,31.8,99.4,47,Rainy
14143,Bhubaneswar,2023.11.07,26.3,35.6,54,Humid
14144,Bhubaneswar,2023.07.20,22.4,11.6,66,Stormy
14145,Bhubaneswar,16/07/2024,33.0,0.0,83,Humid
14146,Bhubaneswar,2023-09-28,27.1,153.0,64,Clear
14147,Bhubaneswar,03/28/2024,25.6,7.4,62,Cloudy
14148,Bhubaneswar,2023-11-18,23.5,29.1,60,Foggy
14149,Bhubaneswar,05-01-2023,17.2,0.7,60,Stormy
14150,Bhubaneswar,08/26/2023,31.3,86.7,62,Stormy
14151,Bhubaneswar,2024.04.25,29.6,11.2,58,Cloudy
14152,Bhubaneswar,14/10/2023,30.0,0.0,86,Foggy
14153,Bhubaneswar,2023.01.24,16.1,1.3,-71,Clear
14154,Bhubaneswar,29/04/2024,29.2,0.0,89,Cloudy
14155,Bhubaneswar,11-11-2024,31.9,0.0,56,Foggy
14156,Bhubaneswar,2023.12.25,15.5,0.0,55,Clear
14157,Bhubaneswar,2023.09.01,31.9,,56,Cloudy
14158,Bhubaneswar,2024-06-06,26.7,61.4,39,Rainy
14159,Bhubaneswar,26-02-2024,23.3,0.0,64,Clear
14160,Bhubaneswar,09/18/2024,36.9,0.0,47,Rainy
14161,Bhubaneswar,27-08-2023,21.7,127.9,75,Rainy
14162,Bhubaneswar,11/21/2023,24.2,23.7,55,Cloudy
14163,Bhubaneswar,09/12/2023,15.1,2.2,52,Rainy
14164,Bhubaneswar,2023-10-23,28.9,0.0,68,Clear
14165,Bhubaneswar,2024-10-22,27.9,8.5,56,Foggy
14166,Bhubaneswar,2024.01.20,16.6,1.0,63,Cloudy
14167,Bhubaneswar,10/03/2023,19.4,51.1,67,Clear
14168,Bhubaneswar,2024.09.14,20.2,0.0,62,Cloudy
14169,Bhubaneswar,05-03-2023,34.2,10.0,52,Humid
14170,,09/13/2023,29.8,6.5,73,Clear
14171,Bhubaneswar,2023.02.05,11.3,2.4,60,Clear
14172,Bhubaneswar,2024.04.02,35.5,0.0,26,Humid
14173,Bhubaneswar,26-02-2024,17.1,0.0,39,Rainy
14174,Bhubaneswar,31/08/2023,31.9,134.6,70,Clear
14175,Bhubaneswar,2023.07.21,26.6,0.0,63,Humid
14176,Bhubaneswar,10/17/2024,30.8,14.1,45,Clear
14177,Bhubaneswar,2023-03-01,38.6,0.0,31,Clear
14178,Bhubaneswar,07/27/2024,32.3,10.7,69,Rainy
14179,Bhubaneswar,03/12/2023,18.6,0.1,77,Foggy
14180,Bhubaneswar,09/01/2023,23.9,15.3,49,Clear
14181,Bhubaneswar,05/20/2024,34.8,1.3,66,Stormy
14182,Bhubaneswar,04/14/2024,37.7,12.7,51,Rainy
14183,Bhubaneswar,06/21/2023,34.3,139.5,56,Rainy
14184,Bhubaneswar,2024-02-03,16.8,1.5,49,Rainy
14185,Bhubaneswar,2024-12-05,19.6,0.0,65,Cloudy
14186,Bhubaneswar,2024.03.20,35.1,11.0,70,Clear
14187,Bhubaneswar,02-07-2023,30.6,0.0,35,Clear
14188,Bhubaneswar,04/24/2023,31.4,14.3,74,Cloudy
14189,Bhubaneswar,22/03/2023,34.1,5.1,65,Clear
14190,Bhubaneswar,2024.11.10,25.0,38.8,47,Clear
14191,Bhubaneswar,12-04-2023,29.4,0.0,65,Cloudy
14192,Bhubaneswar,10/26/2023,28.0,0.0,79,Clear
14193,Bhubaneswar,11/22/2024,23.0,0.0,50,Clear
14194,Bhubaneswar,22/12/2024,16.0,0.0,51,Humid
14195,Bhubaneswar,2024.12.03,19.1,15.0,67,Stormy
14196,Bhubaneswar,2024.04.29,30.0,4.3,48,Foggy
14197,Bhubaneswar,2024.10.08,34.5,66.2,53,Clear
14198,Bhubaneswar,24/04/2023,42.3,0.5,-57,Foggy
14199,Bhubaneswar,2023-08-03,29.9,254.4,67,Clear
14200,Bhubaneswar,2023.06.10,23.3,151.8,62,Stormy
14201,Bhubaneswar,2024-08-15,23.2,29.6,82,Clear
14202,Bhubaneswar,12/01/2023,22.5,3.9,65,Cloudy
14203,Bhubaneswar,2024.05.27,29.2,5.2,66,Cloudy
14204,Bhubaneswar,2024-12-06,11.8,0.0,77,Stormy
14205,Bhubaneswar,2024.12.15,19.5,10.7,59,Cloudy
14206,Bhubaneswar,04/21/2023,38.8,2.6,46,Rainy
14207,Bhubaneswar,2024.08.03,26.6,125.6,62,Clear
14208,Bhubaneswar,2024-01-07,16.6,2.3,43,Clear
14209,Bhubaneswar,04/02/2024,17.8,0.4,76,Foggy
14210,Bhubaneswar,27/07/2023,27.2,0.0,79,Stormy
14211,Bhubaneswar,2024-09-12,28.4,0.0,84,Clear
14212,Bhubaneswar,2024-03-27,41.7,15.5,45,Cloudy
14213,Bhubaneswar,2023.11.14,24.8,37.2,65,Cloudy
14214,Bhubaneswar,2023-08-10,24.6,117.4,61,Foggy
14215,Bhubaneswar,13/12/2023,14.4,8.4,41,Clear
14216,Bhubaneswar,2023.07.02,29.5,16.7,68,Clear
14217,Bhubaneswar,02/08/2024,18.3,3.3,76,Foggy
14218,Bhubaneswar,04/05/2023,32.3,20.3,73,Stormy
14219,Bhubaneswar,2023-12-06,14.2,4.2,-73,Stormy
14220,Bhubaneswar,13-08-2023,25.4,32.3,73,Foggy
14221,Bhubaneswar,08/05/2024,26.7,17.6,67,Clear
14222,Bhubaneswar,2023-07-17,18.2,10.4,73,Foggy
14223,Bhubaneswar,06/17/2024,26.3,151.6,38,Rainy
14224,Bhubaneswar,19/03/2023,32.2,0.0,56,Humid
14225,Bhubaneswar,16-12-2023,19.4,1.9,91,Foggy
14226,Bhubaneswar,28-09-2024,33.9,0.0,48,Cloudy
14227,Bhubaneswar,09/13/2023,30.7,47.4,29,Rainy
14228,Bhubaneswar,2024-04-20,36.5,0.8,65,Rainy
14229,Bhubaneswar,2023.07.27,33.7,84.1,65,Rainy
14230,Bhubaneswar,07/03/2024,32.7,0.0,56,Humid
14231,Bhubaneswar,2024-07-12,27.0,0.0,51,Clear
14232,Bhubaneswar,05/08/2023,26.5,11.4,54,Cloudy
14233,Bhubaneswar,2023-10-21,22.3,109.2,100,Clear
14234,Bhubaneswar,13/02/2024,16.8,1.2,81,Cloudy
14235,Bhubaneswar,07/05/2024,22.2,198.0,52,Clear
14236,Bhubaneswar,2023-06-15,29.9,12.1,49,Clear
14237,Bhubaneswar,17-02-2024,24.5,1.5,73,Cloudy
14238,Bhubaneswar,2024.04.14,33.2,2.9,55,Rainy
14239,Bhubaneswar,2024-01-13,15.3,3.5,41,Clear
14240,Bhubaneswar,2024-05-10,33.0,12.7,66,Cloudy
14241,Bhubaneswar,31-05-2023,36.3,9.6,40,Cloudy
14242,Bhubaneswar,22/06/2024,26.4,46.8,58,Humid
14243,Bhubaneswar,03/28/2023,25.5,34.1,41,Clear
14244,Bhubaneswar,05/25/2024,59.7,0.0,60,Clear
14245,Bhubaneswar,06-10-2024,23.3,43.5,54,Clear
14246,Bhubaneswar,2023-03-31,38.5,0.0,71,Clear
14247,Bhubaneswar,04/04/2024,35.7,8.6,45,Cloudy
14248,Bhubaneswar,2023-11-22,23.7,19.6,53,Cloudy
14249,Bhubaneswar,2023.05.03,28.1,15.2,70,Cloudy
14250,Bhubaneswar,30-11-2024,29.6,81.6,43,Clear
14251,Bhubaneswar,22-04-2024,25.8,0.0,82,Clear
14252,Bhubaneswar,17/08/2024,28.0,0.0,79,Humid
14253,Bhubaneswar,22/04/2023,30.8,0.0,73,Clear
14254,Bhubaneswar,05/13/2023,32.9,13.4,84,Clear
14255,Bhubaneswar,22-07-2024,37.3,87.3,43,Stormy
14256,Bhubaneswar,2024.05.12,36.9,1.6,77,Clear
14257,Bhubaneswar,2023-11-24,24.7,13.2,62,Clear
14258,Bhubaneswar,03/09/2023,34.1,73.7,64,Rainy
14259,Bhubaneswar,24/02/2024,20.1,15.8,71,Rainy
14260,Bhubaneswar,2023-07-29,30.1,0.0,44,Cloudy
14261,Bhubaneswar,16/06/2024,29.9,40.7,67,Clear
14262,Bhubaneswar,2023-08-15,28.2,182.0,85,Rainy
14263,Bhubaneswar,01/09/2024,27.0,14.9,47,Humid
14264,Bhubaneswar,02/03/2023,31.1,3.9,84,Foggy
14265,Bhubaneswar,27/08/2024,21.9,167.5,42,Rainy
14266,Bhubaneswar,2023-12-03,18.6,6.4,64,Cloudy
14267,Bhubaneswar,04/22/2024,36.1,8.2,-58,Clear
14268,Bhubaneswar,13-05-2023,30.9,0.0,-57,Cloudy
14269,Bhubaneswar,04/06/2023,30.7,643.0,45,Cloudy
14270,Bhubaneswar,2024.04.25,38.4,0.4,60,Cloudy
14271,Bhubaneswar,2024-07-03,28.6,0.0,53,Clear
14272,Bhubaneswar,02-05-2024,36.8,3.5,86,Foggy
14273,Bhubaneswar,2024-04-13,34.7,28.7,37,Cloudy
14274,Bhubaneswar,2024-02-28,19.0,0.0,36,Cloudy
14275,Bhubaneswar,2023-10-31,27.8,33.3,59,Humid
14276,Bhubaneswar,2023-03-29,34.5,0.0,64,Foggy
14277,Bhubaneswar,2023.06.21,28.7,0.0,68,Clear
14278,Bhubaneswar,04/03/2023,33.6,8.7,72,Foggy
14279,Bhubaneswar,2024.04.13,36.5,0.0,72,Cloudy
14280,Bhubaneswar,18-04-2024,26.1,0.0,71,Cloudy
14281,Bhubaneswar,21-06-2024,27.2,55.9,34,Stormy
14282,Bhubaneswar,2023-04-09,26.9,0.5,47,Humid
14283,Bhubaneswar,28/08/2024,24.8,42.0,73,Cloudy
14284,Bhubaneswar,2023.05.12,33.2,27.9,25,Humid
14285,Bhubaneswar,10/24/2023,27.7,0.0,43,Cloudy
14286,Bhubaneswar,09-11-2023,25.9,0.0,65,Rainy
14287,Bhubaneswar,07/04/2023,26.2,161.2,39,Cloudy
14288,Bhubaneswar,2023.03.02,30.7,0.6,51,Clear
14289,Bhubaneswar,2023-12-28,17.5,0.0,62,Cloudy
14290,Bhubaneswar,01/08/2024,17.3,0.3,55,Clear
14291,Bhubaneswar,22-02-2024,18.1,0.0,59,Cloudy
14292,Bhubaneswar,04/04/2023,34.6,0.0,74,Rainy
14293,Bhubaneswar,20/12/2024,24.0,8.5,51,Cloudy
14294,Bhubaneswar,2024.12.12,19.2,8.5,37,Foggy
14295,Bhubaneswar,25/09/2023,25.7,291.4,56,Rainy
14296,Bhubaneswar,16-11-2023,29.3,2.6,70,Foggy
14297,Bhubaneswar,2024-11-15,23.9,21.3,54,Clear
14298,Bhubaneswar,11/03/2023,30.0,44.7,50,Clear
14299,Bhubaneswar,03-04-2024,33.0,0.8,70,Clear
14300,Bhubaneswar,12-12-2024,22.6,0.0,41,Humid
14301,Bhubaneswar,05-10-2024,30.0,26.0,30,Foggy
14302,Bhubaneswar,2023.11.11,22.6,13.8,55,Humid
14303,Bhubaneswar,19/07/2023,32.9,5.0,60,Foggy
14304,Bhubaneswar,01-06-2024,31.7,0.0,42,Cloudy
14305,Bhubaneswar,2024.01.24,13.9,0.0,58,Rainy
14306,Bhubaneswar,09/19/2024,27.9,155.9,57,Foggy
14307,Bhubaneswar,18-12-2024,19.2,2.4,61,Clear
14308,Bhubaneswar,2024-02-01,16.9,0.0,81,Cloudy
14309,Bhubaneswar,23/06/2024,27.5,62.1,60,Rainy
14310,Bhubaneswar,29-10-2023,24.9,66.1,61,Foggy
14311,Bhubaneswar,2023-10-19,57.4,59.6,72,Stormy
14312,Bhubaneswar,2023.06.17,28.8,164.2,50,Clear
14313,Bhubaneswar,12/03/2024,18.9,7.0,74,Rainy
14314,Bhubaneswar,21/06/2023,23.3,104.8,73,Cloudy
14315,Bhubaneswar,11/10/2024,25.7,16.0,46,Clear
14316,Bhubaneswar,13/12/2024,16.3,0.1,69,Cloudy
14317,Bhubaneswar,03-12-2024,56.2,,67,Rainy
14318,Bhubaneswar,13/08/2024,28.9,0.0,49,Stormy
14319,Bhubaneswar,10/10/2023,21.6,64.0,78,Foggy
14320,Bhubaneswar,2024-05-03,36.4,0.0,73,Stormy
14321,Bhubaneswar,07-03-2024,28.9,2.9,58,Clear
14322,Bhubaneswar,06/08/2023,23.9,0.0,78,Rainy
14323,Bhubaneswar,08/16/2024,33.0,121.2,72,Clear
14324,Bhubaneswar,27/08/2024,30.3,31.4,85,Foggy
14325,Bhubaneswar,2023.04.22,45.3,12.2,53,Clear
14326,Bhubaneswar,09/07/2024,27.9,28.0,60,Humid
14327,Bhubaneswar,12/06/2023,34.8,208.2,59,Foggy
14328,Bhubaneswar,03/03/2023,39.7,0.0,29,Rainy
14329,Bhubaneswar,2024.01.06,21.2,8.5,52,Clear
14330,Bhubaneswar,09/14/2023,32.9,0.0,45,Foggy
14331,Bhubaneswar,23/09/2023,32.1,59.5,56,Clear
14332,Bhubaneswar,2023-07-30,30.1,130.0,75,Humid
14333,Bhubaneswar,29-09-2023,27.7,0.0,66,Rainy
14334,Bhubaneswar,14-05-2023,32.0,0.0,31,Humid
14335,Bhubaneswar,2023-03-08,30.3,4.6,40,Clear
14336,Bhubaneswar,2023.10.22,23.0,0.0,55,Cloudy
14337,Bhubaneswar,27/04/2023,36.5,0.0,74,Humid
14338,Bhubaneswar,03/01/2024,28.6,6.9,71,Cloudy
14339,Bhubaneswar,01/03/2023,21.3,1.0,62,Clear
14340,Bhubaneswar,2024.06.01,29.6,21.6,51,Cloudy
14341,Bhubaneswar,2024.10.13,29.0,0.0,66,Clear
14342,Bhubaneswar,21/01/2023,19.3,8.0,44,Clear
14343,Bhubaneswar,2023.09.13,31.0,80.2,49,Cloudy
14344,Bhubaneswar,15-04-2024,28.4,13.1,64,Rainy
14345,Bhubaneswar,29-06-2023,28.1,0.0,64,Rainy
14346,Bhubaneswar,02/11/2023,23.4,0.0,75,Cloudy
14347,Bhubaneswar,2023.09.03,34.1,13.3,-61,Cloudy
14348,Bhubaneswar,2024-05-28,39.3,1.8,40,Cloudy
14349,Bhubaneswar,29/09/2024,31.6,214.3,63,Humid
14350,Bhubaneswar,20-07-2023,23.9,0.0,45,Rainy
14351,Bhubaneswar,2023.05.06,28.4,17.8,62,Clear
14352,Bhubaneswar,29/07/2023,31.8,224.8,44,Humid
14353,Bhubaneswar,07-05-2024,33.3,6.1,83,Foggy
14354,Bhubaneswar,2024.06.25,23.8,256.4,75,Clear
14355,Bhubaneswar,16/05/2023,30.8,0.0,69,Humid
14356,Bhubaneswar,26-10-2024,21.6,15.3,79,Stormy
14357,Bhubaneswar,2023.12.19,11.0,0.0,35,Rainy
14358,Bhubaneswar,2024-10-31,32.7,20.2,71,Cloudy
14359,Bhubaneswar,24/03/2024,31.0,7.8,25,Cloudy
14360,Bhubaneswar,2023-12-04,17.8,0.0,76,Clear
14361,Bhubaneswar,10/23/2023,26.7,52.0,89,Humid
14362,Bhubaneswar,2023-01-18,25.9,0.0,46,Clear
14363,Bhubaneswar,2024-09-19,26.3,104.1,46,Clear
14364,Bhubaneswar,01/03/2024,31.7,5.1,76,Clear
14365,Bhubaneswar,2024.08.13,22.9,40.1,60,Clear
14366,Bhubaneswar,27/02/2024,9.8,0.0,72,Clear
14367,Bhubaneswar,25-10-2023,27.4,0.0,54,Rainy
14368,Bhubaneswar,23-02-2024,18.7,4.0,67,Clear
14369,Bhubaneswar,25/08/2024,31.8,229.2,65,Cloudy
14370,Bhubaneswar,2023-01-12,18.9,9.7,59,Cloudy
14371,Bhubaneswar,09/05/2024,32.4,38.1,81,Cloudy
14372,Bhubaneswar,2024.09.27,22.6,14.3,61,Foggy
14373,Bhubaneswar,2024.04.10,37.3,3.1,54,Clear
14374,Bhubaneswar,26-01-2024,22.6,0.0,42,Clear
14375,Bhubaneswar,2024-11-06,23.8,12.5,50,Stormy
14376,Bhubaneswar,2024-08-03,30.9,81.2,65,Humid
14377,Bhubaneswar,13/12/2023,26.9,2.5,62,Rainy
14378,Bhubaneswar,2023-07-21,32.6,74.2,60,Humid
14379,Bhubaneswar,03-06-2024,26.8,142.0,60,Humid
14380,Bhubaneswar,2024-06-09,29.1,,42,Rainy
14381,Bhubaneswar,14/07/2023,23.8,204.2,69,Clear
14382,Bhubaneswar,2024.11.19,21.2,64.6,51,Clear
14383,Bhubaneswar,2024-03-03,32.5,0.0,60,Foggy
14384,Bhubaneswar,06/05/2023,36.1,7.4,43,Rainy
14385,Bhubaneswar,06/07/2023,32.4,11.6,75,Clear
14386,Bhubaneswar,10/17/2023,34.3,52.6,47,Foggy
14387,Bhubaneswar,2024-03-02,33.0,0.0,55,Humid
14388,Bhubaneswar,28/05/2024,33.1,4.9,63,Cloudy
14389,Bhubaneswar,12/25/2024,16.7,0.0,63,Humid
14390,Bhubaneswar,11-02-2024,12.8,0.0,26,Cloudy
14391,Bhubaneswar,2023.06.30,22.7,0.0,55,Humid
14392,Bhubaneswar,31-07-2024,27.4,0.0,90,Cloudy
14393,Bhubaneswar,19/12/2023,22.6,0.7,83,Clear
14394,Bhubaneswar,21-05-2024,33.9,0.6,70,Cloudy
14395,Bhubaneswar,2024-09-01,21.6,171.9,79,Cloudy
14396,Bhubaneswar,15/02/2024,23.9,4.0,47,Clear
14397,Bhubaneswar,2023-07-08,32.7,0.0,76,Rainy
14398,Bhubaneswar,04/26/2024,34.5,0.0,66,Clear
14399,Bhubaneswar,2024.06.08,30.8,466.4,57,Clear
14400,Bhubaneswar,10/04/2024,20.9,,46,Humid
14401,Bhubaneswar,2023.01.02,19.3,0.9,76,Humid
14402,Bhubaneswar,08/12/2024,30.9,0.0,58,Foggy
14403,Bhubaneswar,2024-02-27,17.0,2.2,77,Rainy
14404,Bhubaneswar,23/01/2024,12.7,0.0,78,Rainy
14405,Bhubaneswar,2024-10-27,25.2,,77,Rainy
14406,Bhubaneswar,27/02/2023,14.5,8.5,63,Foggy
14407,Bhubaneswar,04/06/2023,25.9,112.8,45,Humid
14408,Bhubaneswar,03/19/2023,37.0,0.0,66,Humid
14409,Bhubaneswar,24/08/2024,25.4,0.0,61,Rainy
14410,Bhubaneswar,2023.12.22,21.6,1.0,55,Foggy
14411,Bhubaneswar,2023.11.28,29.1,44.8,62,Clear
14412,Bhubaneswar,2023-11-03,26.4,0.0,39,Humid
14413,Bhubaneswar,08/27/2024,31.0,35.8,67,Humid
14414,Bhubaneswar,04/12/2023,33.2,10.5,57,Humid
14415,Bhubaneswar,2023.05.24,38.3,12.8,44,Clear
14416,Bhubaneswar,2024.09.26,32.0,20.2,47,Rainy
14417,Bhubaneswar,2023-05-08,27.4,2.0,42,Clear
14418,Bhubaneswar,09/07/2023,33.7,174.6,47,Cloudy
14419,Bhubaneswar,2023-11-19,28.9,5.7,57,Rainy
14420,Bhubaneswar,28/03/2023,31.9,4.7,59,Cloudy
14421,Bhubaneswar,31/03/2024,36.0,0.6,74,Rainy
14422,Bhubaneswar,2023.11.13,29.8,8.3,78,Humid
14423,Bhubaneswar,20-07-2024,21.7,31.3,70,Rainy
14424,Bhubaneswar,15/05/2023,35.4,21.6,36,Rainy
14425,Bhubaneswar,15/12/2023,16.3,0.0,36,Foggy
14426,Bhubaneswar,2024.03.24,37.7,6.5,29,Rainy
14427,Bhubaneswar,10/02/2023,20.3,2.9,63,Rainy
14428,Bhubaneswar,2023.08.11,28.2,36.0,72,Clear
14429,Bhubaneswar,09-05-2023,31.1,0.0,25,Rainy
14430,Bhubaneswar,02-02-2024,21.9,0.5,68,Clear
14431,Bhubaneswar,23-07-2024,31.6,,39,Rainy
14432,Bhubaneswar,2024-10-28,26.3,29.1,78,Cloudy
14433,Bhubaneswar,13/02/2024,17.4,3.6,56,Clear
14434,Bhubaneswar,01/03/2024,20.5,5.8,73,Clear
14435,Bhubaneswar,19/08/2024,27.8,64.1,67,Clear
14436,Bhubaneswar,2023.09.06,31.4,89.3,56,Clear
14437,Bhubaneswar,19/10/2023,27.7,18.3,44,Clear
14438,Bhubaneswar,2023.05.11,33.7,1.0,52,Foggy
14439,Bhubaneswar,2024-06-13,29.6,47.6,76,Foggy
14440,Bhubaneswar,2023.11.09,25.3,2.9,83,Cloudy
14441,Bhubaneswar,2024-03-26,31.8,22.6,60,Clear
14442,Bhubaneswar,2024.12.13,6.9,0.0,70,Foggy
14443,Bhubaneswar,07/07/2023,31.5,229.4,61,Cloudy
14444,Bhubaneswar,10/27/2023,24.3,0.0,76,Cloudy
14445,Bhubaneswar,30/10/2024,29.3,10.1,54,Humid
14446,Bhubaneswar,22/03/2024,34.3,2.7,47,Clear
14447,Bhubaneswar,10/06/2024,24.8,121.4,64,Rainy
14448,Bhubaneswar,08-06-2024,33.9,178.7,42,Rainy
14449,Bhubaneswar,2024.04.12,32.3,0.0,57,Rainy
14450,Bhubaneswar,18/11/2024,31.4,23.3,100,Cloudy
14451,Bhubaneswar,2023-08-23,27.4,148.2,52,Humid
14452,Bhubaneswar,11/11/2024,30.2,6.5,59,Rainy
14453,Bhubaneswar,30/10/2023,29.1,0.0,37,Clear
14454,Bhubaneswar,19/03/2023,27.7,1.1,65,Clear
14455,Bhubaneswar,2024-01-12,13.7,17.3,46,Clear
14456,Bhubaneswar,2023-02-21,9.0,4.1,63,Foggy
14457,Bhubaneswar,12/01/2024,19.9,1.4,53,Cloudy
14458,Bhubaneswar,21/07/2023,29.6,98.6,62,Cloudy
14459,Bhubaneswar,13/11/2023,26.7,38.0,76,Humid
14460,Bhubaneswar,2024-05-12,36.0,4.2,61,Humid
14461,Bhubaneswar,2023.02.17,11.1,3.6,-42,Rainy
14462,Bhubaneswar,07/10/2023,31.0,39.0,71,Cloudy
14463,Bhubaneswar,09/20/2024,22.3,391.1,54,Rainy
14464,Bhubaneswar,2024.03.30,41.0,12.3,51,Cloudy
14465,Bhubaneswar,20-07-2023,41.2,0.0,28,Humid
14466,Bhubaneswar,03-06-2023,26.9,38.8,72,Rainy
14467,Bhubaneswar,2023-10-26,27.4,0.0,53,Humid
14468,Bhubaneswar,2024.08.07,32.1,96.1,56,Humid
14469,Bhubaneswar,2024.03.21,30.5,0.5,58,Cloudy
14470,Bhubaneswar,29/08/2023,23.0,0.0,54,Clear
14471,Bhubaneswar,03/02/2023,16.0,5.1,66,Humid
14472,Bhubaneswar,2024.09.28,29.2,88.3,70,Rainy
14473,Bhubaneswar,16-06-2024,29.7,256.7,69,Rainy
14474,Bhubaneswar,07/25/2023,27.2,0.0,26,Clear
14475,Bhubaneswar,2024.09.13,30.3,18.4,-65,Clear
14476,Bhubaneswar,07-11-2024,27.5,0.0,44,Foggy
14477,Bhubaneswar,02-03-2024,25.7,0.5,81,Humid
14478,Bhubaneswar,07-12-2024,22.9,2.7,67,Clear
14479,Bhubaneswar,2023-11-26,22.9,2.0,78,Humid
14480,Bhubaneswar,13/05/2023,36.6,0.0,35,Stormy
14481,Bhubaneswar,22-07-2023,29.9,0.0,64,Rainy
14482,Bhubaneswar,16-03-2024,33.7,4.0,63,Humid
14483,Bhubaneswar,2024.01.01,11.9,2.2,58,Foggy
14484,Bhubaneswar,25-06-2024,24.3,100.1,60,Cloudy
14485,Bhubaneswar,23-07-2023,32.7,0.0,51,Clear
14486,Bhubaneswar,25/10/2023,29.4,0.0,42,Cloudy
14487,Bhubaneswar,2023.07.09,16.4,160.1,86,Humid
14488,Bhubaneswar,2024.05.04,29.9,0.0,61,Rainy
14489,Bhubaneswar,2023-07-17,34.1,19.9,48,Foggy
14490,Bhubaneswar,16/04/2023,34.9,12.4,69,Stormy
14491,Bhubaneswar,08-09-2023,20.6,119.8,61,Cloudy
14492,Bhubaneswar,2023-08-25,27.9,0.0,67,Foggy
14493,Bhubaneswar,10/07/2023,30.9,11.3,70,Cloudy
14494,Bhubaneswar,2024-11-21,30.6,15.1,48,Clear
14495,Bhubaneswar,26-07-2023,26.1,30.1,-51,Humid
14496,Bhubaneswar,08-11-2024,29.1,5.2,62,Clear
14497,Bhubaneswar,2023.12.28,17.9,0.0,65,Clear
14498,Bhubaneswar,11/21/2023,34.9,40.2,51,Rainy
14499,Bhubaneswar,30-06-2023,28.8,4.0,56,Foggy
14500,Bhubaneswar,02/05/2024,21.5,0.7,61,Foggy
14501,Bhubaneswar,10-05-2024,32.9,0.0,91,Cloudy
14502,Bhubaneswar,2023-07-05,29.9,0.0,64,Clear
14503,Bhubaneswar,12-11-2023,28.3,0.0,78,Foggy
14504,Bhubaneswar,2023.12.06,22.8,2.1,55,Stormy
14505,Bhubaneswar,09/04/2023,33.4,0.0,56,Cloudy
14506,Bhubaneswar,09-10-2023,19.1,0.0,94,Humid
14507,Bhubaneswar,09/09/2023,33.0,44.5,59,Rainy
14508,Bhubaneswar,16/08/2023,23.5,0.0,78,Cloudy
14509,Bhubaneswar,13/04/2023,27.0,9.3,39,Humid
14510,Bhubaneswar,2024-06-25,28.5,87.7,73,Rainy
14511,Bhubaneswar,01/17/2023,18.6,0.0,42,Cloudy
14512,Bhubaneswar,26-11-2024,23.2,16.6,71,Stormy
14513,Bhubaneswar,18-01-2023,25.1,0.0,66,Cloudy
14514,Bhubaneswar,2023.09.15,32.5,297.2,51,Rainy
14515,Bhubaneswar,2023.06.13,22.1,75.3,51,Clear
14516,Bhubaneswar,05/09/2024,20.4,218.2,80,Humid
14517,Bhubaneswar,2023-12-11,22.4,4.9,49,Humid
14518,Bhubaneswar,01/05/2024,34.6,1.5,40,Humid
14519,Bhubaneswar,11-04-2024,29.7,14.3,44,Clear
14520,Bhubaneswar,28/11/2024,23.1,,67,Clear
14521,Bhubaneswar,2023-08-02,26.7,85.0,56,Clear
14522,Bhubaneswar,2024-05-27,29.1,0.0,58,Humid
14523,Bhubaneswar,2024.02.17,26.0,14.8,70,Clear
14524,Bhubaneswar,2023.09.04,22.0,0.0,33,Cloudy
14525,Bhubaneswar,17-03-2024,29.4,4.4,53,Clear
14526,Bhubaneswar,06/03/2024,28.8,0.0,53,Cloudy
14527,Bhubaneswar,12/25/2024,19.6,16.1,82,Foggy
14528,Bhubaneswar,2024.09.08,28.5,158.6,43,Rainy
14529,Bhubaneswar,2023-02-06,15.8,4.8,88,Cloudy
14530,Bhubaneswar,2023-02-05,17.7,5.0,57,Clear
14531,Bhubaneswar,12/06/2023,17.3,5.6,73,Foggy
14532,Bhubaneswar,2023-03-24,30.2,3.2,81,Humid
14533,Bhubaneswar,02/03/2023,26.2,0.0,20,Clear
14534,Bhubaneswar,08/15/2024,58.1,0.0,64,Foggy
14535,Bhubaneswar,2023.10.03,17.6,14.6,38,Clear
14536,Bhubaneswar,2024.02.24,11.1,0.7,58,Humid
14537,Bhubaneswar,01/04/2023,37.4,72.0,70,Clear
14538,Bhubaneswar,2024-03-07,30.0,2.2,60,Rainy
14539,Bhubaneswar,01/22/2024,19.7,3.3,79,Stormy
14540,Bhubaneswar,17-09-2023,26.4,35.1,55,Cloudy
14541,Bhubaneswar,27-07-2023,34.7,72.0,59,Clear
14542,Bhubaneswar,10/10/2024,27.6,67.7,69,Clear
14543,Bhubaneswar,01/16/2023,20.4,40.6,71,Clear
14544,Bhubaneswar,02/11/2023,18.0,4.5,62,Clear
14545,Bhubaneswar,2023.08.05,25.4,0.0,75,Clear
14546,Bhubaneswar,06-10-2024,27.9,15.0,53,Cloudy
14547,Bhubaneswar,02-12-2023,16.9,6.8,51,Rainy
14548,Bhubaneswar,2023-06-01,22.8,22.6,82,Rainy
14549,Bhubaneswar,12/26/2024,15.6,2.4,81,Foggy
14550,Bhubaneswar,2023-06-08,23.5,1.1,-94,Rainy
14551,Bhubaneswar,2023.09.13,30.6,136.2,63,Humid
14552,Bhubaneswar,2024.02.07,16.7,7.7,68,Clear
14553,Bhubaneswar,2024.09.21,27.4,0.0,42,Foggy
14554,Bhubaneswar,27-08-2024,25.4,81.3,-97,Clear
14555,Bhubaneswar,12/11/2023,24.9,0.0,73,Rainy
14556,Bhubaneswar,02/04/2023,35.9,11.2,69,Humid
14557,Bhubaneswar,2024.08.15,27.5,57.2,56,Clear
14558,Bhubaneswar,2024.01.14,21.6,0.0,45,Foggy
14559,Bhubaneswar,11/10/2024,28.1,99.7,25,Cloudy
14560,Bhubaneswar,23/11/2023,23.3,39.8,38,Foggy
14561,Bhubaneswar,27/11/2023,26.8,3.0,57,Clear
14562,Bhubaneswar,09/15/2024,26.3,350.8,55,Clear
14563,Bhubaneswar,05/22/2024,25.5,15.1,61,Clear
14564,Bhubaneswar,2024-12-24,16.9,0.0,68,Clear
14565,Bhubaneswar,2024-10-23,29.2,5.8,66,Clear
14566,Bhubaneswar,2024-08-28,26.9,0.0,62,Cloudy
14567,Bhubaneswar,2024-06-17,23.7,9.7,56,Rainy
14568,Bhubaneswar,10/10/2023,25.4,0.0,78,Clear
14569,Bhubaneswar,23-11-2023,23.2,6.0,54,Foggy
14570,Bhubaneswar,2024.01.29,14.4,4.0,65,Clear
14571,Bhubaneswar,2024.09.04,24.2,253.2,58,Stormy
14572,Bhubaneswar,14-08-2024,25.6,116.1,73,Clear
14573,Bhubaneswar,2024.03.02,31.0,1.8,85,Clear
14574,Bhubaneswar,2024-03-20,35.9,1.5,94,Clear
14575,Bhubaneswar,03/24/2024,34.8,0.0,42,Foggy
14576,Bhubaneswar,10/05/2023,27.7,0.0,43,Clear
14577,Bhubaneswar,2024-08-19,29.3,28.0,68,Foggy
14578,Bhubaneswar,2024-09-16,25.8,0.0,79,Clear
14579,Bhubaneswar,06/24/2024,34.2,116.1,56,Rainy
14580,Bhubaneswar,09/11/2024,25.0,30.9,41,Clear
14581,Bhubaneswar,12/01/2023,18.6,4.2,69,Rainy
14582,Bhubaneswar,09/14/2024,27.5,102.7,27,Humid
14583,Guwahati,2024-06-12,30.0,217.4,66,Humid
14584,Guwahati,2024.06.08,20.2,221.6,57,Foggy
14585,Guwahati,04/06/2023,23.0,4.1,61,Foggy
14586,Guwahati,09-12-2024,14.5,0.8,43,Foggy
14587,Guwahati,05/04/2023,41.5,0.0,65,Foggy
14588,Guwahati,10-06-2024,17.6,10.9,40,Clear
14589,Guwahati,05/09/2023,33.1,5.6,65,Cloudy
14590,Guwahati,2023.02.08,11.5,,76,Clear
14591,Guwahati,2024.07.14,42.6,127.2,58,Humid
14592,Guwahati,15-02-2023,14.5,10.7,50,Cloudy
14593,Guwahati,20/04/2024,30.1,11.8,57,Cloudy
14594,Guwahati,2023-11-08,22.2,9.7,69,Cloudy
14595,Guwahati,09/17/2023,27.1,214.4,45,Rainy
14596,Guwahati,16-05-2024,38.5,3.8,58,Clear
14597,Guwahati,09-01-2023,13.9,0.0,54,Cloudy
14598,Guwahati,10/01/2023,36.4,0.0,-64,Clear
14599,Guwahati,13/05/2023,34.7,18.6,75,Clear
14600,Guwahati,2024.09.27,28.8,0.0,54,Clear
14601,Guwahati,2024-05-26,32.9,0.0,52,Stormy
14602,Guwahati,2024.07.22,23.4,42.7,58,Clear
14603,Guwahati,22/08/2023,28.6,298.3,77,Clear
14604,Guwahati,2023-12-30,13.7,4.1,61,Cloudy
14605,Guwahati,2024-05-04,32.1,10.9,38,Humid
14606,Guwahati,2023.05.02,29.9,14.8,79,Foggy
14607,Guwahati,27-12-2024,18.8,3.4,62,Foggy
14608,Guwahati,02/28/2024,13.5,4.1,90,Foggy
14609,Guwahati,03/18/2023,32.4,3.0,53,Clear
14610,Guwahati,2024-04-26,32.9,5.0,87,Clear
14611,Guwahati,2023.09.06,35.2,30.2,65,Cloudy
14612,Guwahati,2023.05.27,32.3,0.0,70,Humid
14613,Guwahati,27-07-2023,32.2,238.6,52,Rainy
14614,Guwahati,14/09/2023,25.3,116.0,47,Clear
14615,Guwahati,09-02-2024,20.8,0.0,54,Clear
14616,Guwahati,2024-06-16,33.6,33.2,76,Humid
14617,Guwahati,07/04/2024,37.4,0.0,69,Clear
14618,Guwahati,29/09/2024,29.4,170.3,48,Humid
14619,Guwahati,10/19/2023,24.0,0.0,50,Clear
14620,Guwahati,13/03/2024,39.7,0.3,49,Cloudy
14621,Guwahati,26-08-2023,41.5,0.0,47,Cloudy
14622,Guwahati,27-05-2023,34.0,2.9,44,Cloudy
14623,Guwahati,2024-02-01,17.9,0.3,91,Clear
14624,Guwahati,22/07/2024,28.2,0.0,64,Clear
14625,Guwahati,2023.02.05,11.3,6.3,66,Clear
14626,Guwahati,2024-07-13,36.9,8.0,68,Rainy
14627,Guwahati,19/08/2024,25.7,333.3,64,Clear
14628,Guwahati,2024.04.02,33.9,1.4,58,Cloudy
14629,Guwahati,12/12/2023,21.6,18.6,58,Clear
14630,Guwahati,2023-11-01,30.2,0.0,70,Cloudy
14631,Guwahati,04/09/2024,28.3,0.0,36,Clear
14632,Guwahati,2023-05-22,30.5,2.9,90,Humid
14633,Guwahati,2023.01.14,13.8,6.7,67,Cloudy
14634,Guwahati,2024.01.01,19.8,13.5,51,Cloudy
14635,Guwahati,22/07/2023,23.1,0.0,70,Stormy
14636,Guwahati,02/04/2023,18.2,1.2,39,Cloudy
14637,Guwahati,12/01/2024,7.7,2.1,66,Cloudy
14638,Guwahati,09-03-2023,35.4,,66,Humid
14639,Guwahati,06-01-2023,21.2,3.8,76,Foggy
14640,Guwahati,09/16/2024,29.3,34.5,54,Foggy
14641,Guwahati,05-06-2024,25.6,0.0,55,Rainy
14642,Guwahati,01/04/2024,28.8,0.0,62,Cloudy
14643,Guwahati,2024.06.20,29.6,179.0,41,Rainy
14644,Guwahati,2024.04.02,38.1,17.8,63,Clear
14645,Guwahati,03/11/2024,27.0,0.0,40,Stormy
14646,Guwahati,2023.12.26,22.6,5.5,68,Cloudy
14647,Guwahati,30/06/2024,29.4,343.7,54,Humid
14648,Guwahati,2023-09-26,32.8,62.7,59,Clear
14649,Guwahati,2024-03-01,28.1,0.0,57,Clear
14650,Guwahati,25/10/2024,29.0,89.4,58,Clear
14651,Guwahati,05/03/2024,31.5,0.0,45,Clear
14652,Guwahati,2024.10.30,22.7,12.5,76,Cloudy
14653,Guwahati,18-02-2024,20.4,6.2,53,Stormy
14654,Guwahati,11/05/2024,34.1,8.7,92,Rainy
14655,Guwahati,04/11/2024,33.6,1.1,72,Humid
14656,Guwahati,10/08/2024,24.3,10.4,51,Stormy
14657,Guwahati,06-05-2023,28.7,0.0,61,Clear
14658,Guwahati,2023-04-03,29.0,0.0,65,Clear
14659,Guwahati,2024-07-23,20.6,0.0,72,Clear
14660,Guwahati,2023-01-13,13.4,0.0,80,Cloudy
14661,Guwahati,2023.08.10,32.2,207.9,56,Stormy
14662,Guwahati,2023-04-06,31.6,0.0,55,Clear
14663,Guwahati,2023-03-03,38.4,0.0,56,Cloudy
14664,Guwahati,29/03/2023,29.7,11.3,51,Clear
14665,Guwahati,10/17/2024,28.9,54.5,59,Rainy
14666,Guwahati,24-05-2024,32.4,4.5,77,Clear
14667,Guwahati,2024-01-19,10.7,7.3,69,Clear
14668,Guwahati,26-07-2023,20.3,82.7,64,Clear
14669,Guwahati,03/13/2023,29.5,0.0,41,Foggy
14670,Guwahati,20-02-2023,17.8,0.0,76,Rainy
14671,Guwahati,2024.05.04,37.6,2.1,45,Humid
14672,Guwahati,06-10-2023,19.4,0.0,45,Clear
14673,Guwahati,21-05-2024,34.5,3.4,65,Clear
14674,Guwahati,2023.03.31,31.1,0.0,63,Cloudy
14675,Guwahati,2024-12-04,17.5,2.1,40,Clear
14676,Guwahati,05/15/2023,37.3,2.8,61,Clear
14677,Guwahati,2023.07.13,34.3,237.3,59,Clear
14678,Guwahati,03/22/2024,33.3,0.0,69,Humid
14679,Guwahati,2024.07.26,37.1,0.0,45,Cloudy
14680,Guwahati,08-02-2023,15.6,0.0,41,Clear
14681,Guwahati,10/26/2023,28.5,41.7,82,Clear
14682,Guwahati,04/19/2023,33.1,0.0,47,Cloudy
14683,Guwahati,2024-10-02,27.5,3.9,63,Clear
14684,Guwahati,26-09-2024,32.6,135.0,61,Clear
14685,Guwahati,2024-09-14,28.0,0.0,64,Rainy
14686,Guwahati,2024.02.21,15.1,0.7,85,Clear
14687,Guwahati,08/30/2024,26.5,152.2,65,Cloudy
14688,Guwahati,04-03-2023,24.9,1.7,64,Humid
14689,Guwahati,2023-03-06,32.0,8.2,95,Cloudy
14690,Guwahati,2023.08.16,32.1,48.9,52,Clear
14691,Guwahati,07/06/2023,23.1,11.7,89,Rainy
14692,Guwahati,2023.09.07,23.4,26.1,69,Stormy
14693,Guwahati,2023-02-24,13.6,5.4,64,Stormy
14694,Guwahati,2024.07.31,30.3,863.4,45,Clear
14695,Guwahati,2024-08-05,30.3,196.5,51,Humid
14696,Guwahati,04/12/2024,15.5,4.2,43,Cloudy
14697,Guwahati,06/15/2024,33.1,0.0,48,Clear
14698,Guwahati,2023.04.02,55.4,0.5,53,Humid
14699,Guwahati,2024.12.18,22.0,2.2,57,Cloudy
14700,Guwahati,2023.08.19,32.9,271.2,44,Clear
14701,Guwahati,09-04-2024,35.1,0.0,46,Humid
14702,Guwahati,14-12-2024,22.7,1.6,36,Cloudy
14703,Guwahati,2024-12-31,19.7,0.0,71,Humid
14704,Guwahati,2023.04.08,35.3,0.0,44,Humid
14705,Guwahati,2023.04.18,31.0,17.1,60,Humid
14706,Guwahati,30-11-2024,27.5,11.2,36,Humid
14707,Guwahati,2024-03-11,35.8,4.0,31,Clear
14708,Guwahati,10/20/2024,30.3,6.6,15,Cloudy
14709,Guwahati,2024-07-17,21.5,0.0,61,Cloudy
14710,Guwahati,11/03/2024,24.3,15.9,43,Foggy
14711,Guwahati,2023-09-20,22.8,0.0,43,Rainy
14712,Guwahati,2024.08.04,28.1,221.1,68,Cloudy
14713,Guwahati,22-07-2024,32.2,5.1,47,Humid
14714,Guwahati,2023-06-17,35.7,120.5,77,Stormy
14715,Guwahati,2023-12-07,57.5,4.4,100,Clear
14716,Guwahati,04/04/2023,25.5,6.5,51,Foggy
14717,Guwahati,2024.04.16,33.3,4.7,80,Humid
14718,Guwahati,10/01/2023,33.6,3.8,60,Humid
14719,Guwahati,31/03/2024,33.4,6.8,54,Clear
14720,Guwahati,03-03-2023,58.7,0.7,62,Clear
14721,Guwahati,24-06-2023,35.0,19.3,11,Foggy
14722,Guwahati,30-06-2024,23.6,140.6,51,Clear
14723,Guwahati,2023.11.12,23.7,4.2,68,Clear
14724,Guwahati,2023.05.16,33.1,0.0,58,Humid
14725,Guwahati,2023.11.26,30.2,3.3,48,Stormy
14726,Guwahati,2024.12.23,21.6,0.9,82,Clear
14727,Guwahati,2023-04-16,24.3,0.0,60,Humid
14728,Guwahati,06-10-2023,30.3,19.1,27,Rainy
14729,Guwahati,16/08/2023,27.0,0.0,42,Stormy
14730,Guwahati,2024.04.23,31.6,7.3,89,Cloudy
14731,Guwahati,2024.08.19,29.4,0.0,85,Cloudy
14732,Guwahati,05/23/2023,35.0,5.1,70,Cloudy
14733,Guwahati,21/11/2023,35.8,53.7,71,Clear
14734,Guwahati,28/08/2024,27.4,54.9,62,Humid
14735,Guwahati,2024.01.27,19.8,9.9,71,Clear
14736,Guwahati,09-04-2024,31.1,1.3,55,Clear
14737,Guwahati,01-09-2023,33.4,0.0,29,Clear
14738,Guwahati,04/12/2024,28.8,15.4,74,Humid
14739,Guwahati,11/29/2024,25.4,73.9,85,Foggy
14740,Guwahati,2023-06-20,29.5,25.8,53,Clear
14741,Guwahati,05/28/2024,33.8,37.4,69,Cloudy
14742,Guwahati,2023.05.30,37.8,6.6,45,Clear
14743,Guwahati,2023.12.07,12.9,1.5,29,Cloudy
14744,Guwahati,11/10/2023,19.2,41.6,64,Clear
14745,Guwahati,16-04-2024,32.5,6.9,50,Rainy
14746,Guwahati,2023-08-08,26.9,0.0,53,Rainy
14747,Guwahati,03/18/2023,37.3,5.3,78,Cloudy
14748,Guwahati,2023.12.18,13.7,8.6,82,Humid
14749,Guwahati,10/12/2024,22.7,4.8,45,Stormy
14750,Guwahati,25/10/2024,29.3,0.0,51,Rainy
14751,Guwahati,2023-06-28,28.5,181.3,97,Cloudy
14752,Guwahati,03/23/2024,29.7,2.1,34,Rainy
14753,Guwahati,2023.12.13,14.4,3.5,55,Humid
14754,Guwahati,2024.05.06,27.5,1.0,68,Clear
14755,Guwahati,23-02-2023,22.4,0.0,75,Clear
14756,Guwahati,16/03/2024,30.7,20.0,61,Clear
14757,Guwahati,2024.09.08,32.4,,23,Cloudy
14758,Guwahati,26/08/2024,22.4,0.0,52,Humid
14759,Guwahati,03-02-2023,21.0,3.6,51,Clear
14760,Guwahati,2023-01-23,22.1,0.0,66,Foggy
14761,Guwahati,27/12/2024,14.4,0.0,55,Clear
14762,Guwahati,08/27/2024,25.3,92.5,61,Foggy
14763,Guwahati,27/01/2024,19.3,2.5,50,Clear
14764,Guwahati,2023-01-31,10.8,0.0,65,Clear
14765,Guwahati,2024-07-12,25.2,43.3,35,Cloudy
14766,Guwahati,03/02/2023,23.8,14.3,50,Cloudy
14767,Guwahati,2023-09-16,30.8,244.1,44,Clear
14768,Guwahati,03/03/2024,37.8,0.0,67,Foggy
14769,Guwahati,11-08-2024,25.5,132.1,51,Cloudy
14770,Guwahati,2023.04.12,35.4,0.7,66,Clear
14771,Guwahati,2023-09-25,23.8,95.3,37,Clear
14772,Guwahati,05/11/2024,30.8,3.4,71,Clear
14773,Guwahati,2024.06.13,31.1,0.0,10,Humid
14774,Guwahati,16/10/2023,33.0,26.0,65,Rainy
14775,Guwahati,2023-08-16,35.6,89.9,63,Clear
14776,Guwahati,2023-05-03,32.3,23.0,88,Rainy
14777,Guwahati,10-12-2023,22.2,5.7,63,Cloudy
14778,Guwahati,2023-02-25,16.0,24.8,66,Clear
14779,Guwahati,29/08/2024,21.1,271.0,30,Stormy
14780,Guwahati,2024-07-29,34.5,52.9,66,Stormy
14781,Guwahati,01/07/2023,14.5,9.9,55,Clear
14782,Guwahati,2024.09.14,34.1,0.0,71,Rainy
14783,Guwahati,2024.09.01,24.3,77.6,73,Humid
14784,Guwahati,2024.01.13,13.3,18.0,38,Humid
14785,Guwahati,06/10/2023,17.5,26.9,74,Clear
14786,Guwahati,07/01/2024,28.6,202.7,78,Rainy
14787,Guwahati,02-03-2023,34.6,0.0,79,Cloudy
14788,Guwahati,18/12/2024,24.5,7.8,74,Clear
14789,Guwahati,11/25/2023,22.9,0.0,67,Humid
14790,Guwahati,20/12/2023,13.7,0.0,68,Cloudy
14791,Guwahati,2024-09-18,26.8,0.0,87,Clear
14792,Guwahati,2024-05-09,24.4,0.0,23,Clear
14793,Guwahati,2024.04.17,36.5,0.0,37,Stormy
14794,Guwahati,07/05/2023,41.0,10.4,48,Cloudy
14795,Guwahati,27/12/2024,15.1,0.0,71,Foggy
14796,Guwahati,2024-03-26,33.1,0.5,46,Foggy
14797,Guwahati,12/07/2023,14.0,0.1,65,Humid
14798,Guwahati,22/12/2024,20.7,7.3,55,Cloudy
14799,Guwahati,2023-04-27,33.3,2.4,55,Humid
14800,Guwahati,12-02-2023,23.4,0.0,54,Clear
14801,Guwahati,2023.06.03,26.4,0.0,65,Humid
14802,Guwahati,22-04-2024,32.5,0.9,78,Humid
14803,Guwahati,2024-02-03,14.4,0.0,50,Humid
14804,Guwahati,05/25/2023,21.3,,90,Humid
14805,Guwahati,2023-03-12,30.3,4.9,76,Cloudy
14806,Guwahati,2024.09.25,29.9,53.2,83,Cloudy
14807,Guwahati,2024.09.21,27.1,5.2,46,Cloudy
14808,Guwahati,30/09/2024,28.5,0.0,48,Humid
14809,Guwahati,17/05/2023,33.1,0.0,54,Foggy
14810,Guwahati,03/17/2023,34.7,0.0,59,Cloudy
14811,Guwahati,01/19/2023,16.2,6.3,72,Clear
14812,Guwahati,08/15/2023,23.9,111.2,51,Rainy
14813,Guwahati,2023-05-01,41.1,0.0,92,Foggy
14814,Guwahati,08/19/2023,35.2,212.7,81,Rainy
14815,Guwahati,2024.07.31,31.6,60.3,65,Clear
14816,Guwahati,17/04/2024,33.7,1.5,45,Clear
14817,Guwahati,20/08/2024,34.7,66.3,64,Foggy
14818,Guwahati,03/11/2024,24.1,1.1,66,Cloudy
14819,Guwahati,12/15/2023,23.7,0.0,69,Humid
14820,Guwahati,2023-03-14,30.3,11.7,57,Cloudy
14821,Guwahati,11/18/2023,16.9,47.9,65,Cloudy
14822,Guwahati,2024-03-30,24.6,0.2,62,Rainy
14823,Guwahati,16/06/2024,25.6,2.4,65,Foggy
14824,Guwahati,10/19/2024,27.1,3.1,56,Foggy
14825,Guwahati,2024.01.05,17.3,1.7,66,Clear
14826,Guwahati,2023-10-15,26.3,7.6,74,Rainy
14827,Guwahati,01/27/2023,18.6,4.7,42,Humid
14828,Guwahati,09-12-2024,14.3,2.9,43,Rainy
14829,Guwahati,26-07-2023,31.5,303.0,43,Stormy
14830,Guwahati,01-04-2024,33.9,12.3,40,Cloudy
14831,Guwahati,2024.02.03,56.4,0.0,64,Clear
14832,Guwahati,09/22/2024,57.8,176.7,51,Clear
14833,Guwahati,2023.02.25,17.3,3.6,75,Clear
14834,Guwahati,2023.09.28,20.2,,63,Rainy
14835,Guwahati,2024.04.24,40.5,10.0,74,Rainy
14836,Guwahati,2024-11-03,33.4,0.0,30,Clear
14837,Guwahati,05/05/2024,33.1,15.1,56,Cloudy
14838,Guwahati,2024.01.01,11.1,4.6,42,Clear
14839,Guwahati,02/11/2023,23.1,0.0,45,Rainy
14840,Guwahati,23/07/2023,30.8,15.1,45,Clear
14841,Guwahati,02/06/2024,25.0,0.0,46,Humid
14842,Guwahati,28-05-2024,34.5,22.9,77,Clear
14843,Guwahati,24-04-2023,31.0,0.0,40,Rainy
14844,Guwahati,06/11/2024,29.0,53.3,48,Foggy
14845,Guwahati,05/22/2024,32.8,3.8,34,Humid
14846,Guwahati,13-11-2023,20.9,0.0,77,Humid
14847,Guwahati,25-01-2023,19.5,3.2,38,Clear
14848,Guwahati,09/06/2023,28.8,279.7,71,Clear
14849,Guwahati,2023-07-19,19.7,111.9,100,Foggy
14850,Guwahati,27-01-2023,24.8,0.0,66,Rainy
14851,Guwahati,14-09-2023,33.8,34.9,-60,Rainy
14852,Guwahati,2024.03.07,33.3,3.7,50,Foggy
14853,Guwahati,04/29/2023,32.5,16.0,100,Clear
14854,Guwahati,09/27/2023,27.0,32.8,81,Foggy
14855,Guwahati,2024.05.16,36.1,0.0,61,Clear
14856,Guwahati,2023.08.06,25.0,0.0,70,Cloudy
14857,Guwahati,10/03/2023,23.1,34.3,49,Stormy
14858,Guwahati,05/07/2024,34.4,449.6,57,Humid
14859,Guwahati,2023.01.20,26.6,0.0,60,Rainy
14860,Guwahati,10/30/2023,15.1,58.1,50,Humid
14861,Guwahati,27/05/2024,37.6,20.2,76,Cloudy
14862,Guwahati,2023-05-13,33.3,1.8,45,Humid
14863,Guwahati,2024-07-20,30.8,66.3,55,Clear
14864,Guwahati,03/24/2024,29.1,15.8,55,Clear
14865,Guwahati,10-03-2023,29.6,0.0,57,Humid
14866,Guwahati,19/12/2023,18.1,10.3,58,Clear
14867,Guwahati,26/05/2023,35.9,14.8,74,Clear
14868,Guwahati,13-04-2024,34.4,3.4,62,Foggy
14869,Guwahati,08/05/2023,32.4,2.0,48,Rainy
14870,Guwahati,02/05/2024,14.6,0.0,62,Foggy
14871,Guwahati,09/23/2023,26.5,65.6,37,Clear
14872,Guwahati,08/20/2023,26.9,54.9,63,Clear
14873,Guwahati,2024-02-05,20.7,0.0,78,Foggy
14874,Guwahati,2024-01-25,17.5,1.3,34,Foggy
14875,Guwahati,2023.03.02,31.6,6.3,61,Clear
14876,Guwahati,20-10-2023,24.2,3.3,53,Cloudy
14877,Guwahati,09/11/2024,25.1,25.1,51,Clear
14878,Guwahati,2023.04.05,31.5,0.0,50,Humid
14879,Guwahati,2024-10-07,27.4,0.0,47,Foggy
14880,Guwahati,07/12/2023,22.6,0.0,69,Humid
14881,Guwahati,2024.11.04,23.7,82.8,69,Clear
14882,Guwahati,2024.01.01,12.2,0.6,78,Rainy
14883,Guwahati,06/11/2023,30.2,0.0,63,Rainy
14884,Guwahati,2024.07.20,27.9,0.0,55,Foggy
14885,Guwahati,02/25/2023,10.8,18.7,68,Clear
14886,Guwahati,10-02-2024,16.7,1.4,61,Rainy
14887,Guwahati,12/11/2023,26.9,0.0,59,Humid
14888,Guwahati,2024-06-22,26.2,39.8,72,Rainy
14889,Guwahati,24/11/2024,38.8,14.8,45,Clear
14890,Guwahati,2023-09-24,26.7,0.0,28,Clear
14891,Guwahati,2023.03.22,29.0,46.6,57,Clear
14892,Guwahati,26/10/2023,30.7,126.2,79,Clear
14893,Guwahati,2023.08.07,26.6,0.0,54,Clear
14894,Guwahati,2024-12-15,17.1,13.3,62,Rainy
14895,Guwahati,2023.04.04,33.9,5.9,48,Cloudy
14896,Guwahati,2024-02-21,51.5,0.0,40,Rainy
14897,Guwahati,2024.10.27,23.6,47.7,35,Humid
14898,Guwahati,2024.01.08,25.3,0.0,42,Humid
14899,Guwahati,20/02/2024,16.7,0.0,58,Clear
14900,Guwahati,2024.11.04,30.3,2.2,46,Clear
14901,Guwahati,2023-02-16,19.9,5.4,46,Foggy
14902,Guwahati,2024.07.25,18.8,37.5,48,Cloudy
14903,Guwahati,2023.01.03,26.7,0.0,54,Cloudy
14904,Guwahati,2024.11.16,25.9,6.6,56,Cloudy
14905,Guwahati,06/01/2023,24.1,40.3,70,Rainy
14906,Guwahati,2023-09-25,20.6,23.1,36,Stormy
14907,Guwahati,22-09-2024,25.7,0.0,49,Foggy
14908,Guwahati,2024.08.07,30.4,20.1,44,Rainy
14909,Guwahati,2024-01-02,13.8,4.1,70,Foggy
14910,Guwahati,21-04-2023,27.8,0.0,62,Clear
14911,Guwahati,2024-03-01,33.2,4.3,64,Clear
14912,Guwahati,06/01/2023,18.2,11.8,44,Rainy
14913,Guwahati,12/21/2023,25.2,10.2,64,Cloudy
14914,Guwahati,04-01-2023,15.3,1.7,64,Clear
14915,Guwahati,22-05-2024,34.5,9.1,40,Clear
14916,Guwahati,03/06/2024,24.8,15.9,78,Stormy
14917,Guwahati,27/06/2023,23.0,222.2,58,Clear
14918,Guwahati,2024-08-23,27.8,127.3,44,Rainy
14919,Guwahati,15-02-2024,17.3,0.0,48,Humid
14920,Guwahati,07/30/2023,28.6,1.8,46,Rainy
14921,Guwahati,01/11/2023,12.8,0.3,57,Cloudy
14922,Guwahati,2024.09.08,24.6,445.8,68,Clear
14923,Guwahati,2023-08-08,34.0,0.0,48,Cloudy
14924,Guwahati,12/05/2023,14.0,6.3,60,Clear
14925,Guwahati,29-06-2023,24.6,0.0,79,Foggy
14926,Guwahati,04/28/2024,36.7,0.5,69,Stormy
14927,Guwahati,2024.07.12,28.1,104.9,57,Rainy
14928,Guwahati,2024-11-21,23.5,90.6,49,Clear
14929,Guwahati,2024-01-05,10.2,0.0,44,Cloudy
14930,Guwahati,2024.03.16,41.4,,43,Rainy
14931,Guwahati,2024-03-27,28.1,0.0,71,Cloudy
14932,Guwahati,04/01/2023,31.8,0.0,67,Cloudy
14933,Guwahati,2024.08.04,30.9,57.3,40,Clear
14934,Guwahati,2023.08.22,27.7,48.3,40,Rainy
14935,Guwahati,2024.12.23,16.9,2.1,30,Stormy
14936,Guwahati,2024-08-13,32.2,38.1,52,Rainy
14937,Guwahati,2024.01.21,13.5,0.0,73,Clear
14938,Guwahati,02/26/2023,18.3,0.0,45,Clear
14939,Guwahati,11/04/2023,30.4,8.5,43,Rainy
14940,Guwahati,2023-06-30,26.0,63.4,55,Rainy
14941,Guwahati,16/05/2023,30.5,1.0,62,Cloudy
14942,Guwahati,25/07/2023,21.1,155.7,47,Rainy
14943,Guwahati,02-10-2023,31.4,0.3,51,Foggy
14944,Guwahati,28-02-2023,16.7,0.0,66,Foggy
14945,Guwahati,2023.01.15,10.2,11.3,80,Clear
14946,Guwahati,2023-03-11,33.0,0.0,55,Cloudy
14947,Guwahati,13-02-2023,17.4,2.7,64,Humid
14948,Guwahati,2023-03-04,31.0,1.6,58,Rainy
14949,Guwahati,2024-12-18,22.1,1.4,61,Clear
14950,Guwahati,21/11/2024,26.4,47.3,67,Rainy
14951,Guwahati,2024.07.22,30.1,116.4,44,Stormy
14952,Guwahati,2023-06-28,27.7,103.7,74,Rainy
14953,Guwahati,2023.09.22,22.8,28.0,52,Humid
14954,Guwahati,2023-02-28,15.2,,50,Humid
14955,Guwahati,27-11-2024,24.4,131.3,100,Rainy
14956,Guwahati,2024-06-08,20.3,77.0,29,Rainy
14957,Guwahati,2024-10-19,20.4,0.0,-52,Clear
14958,Guwahati,2024.10.05,28.2,19.8,36,Cloudy
14959,Guwahati,21/04/2024,35.3,0.0,61,Clear
14960,Guwahati,2023-03-10,31.0,22.4,71,Cloudy
14961,Guwahati,03/27/2023,24.6,0.0,60,Clear
14962,Guwahati,09/01/2024,24.9,3.7,61,Humid
14963,Guwahati,2023.04.30,35.5,4.2,47,Clear
14964,Guwahati,02/26/2024,25.9,18.3,46,Cloudy
14965,Guwahati,01-06-2024,23.8,319.1,60,Rainy
14966,Guwahati,01-02-2023,20.5,3.7,77,Clear
14967,Guwahati,2023-12-07,20.6,0.0,51,Clear
14968,Guwahati,14-04-2023,25.6,8.3,53,Clear
14969,Guwahati,2023-06-23,28.6,200.5,48,Foggy
14970,Guwahati,2023.12.30,19.9,3.2,86,Clear
14971,,23/10/2023,30.1,1.4,51,Clear
14972,Guwahati,04/23/2024,36.6,24.1,63,Clear
14973,Guwahati,09/20/2023,57.3,449.9,79,Clear
14974,Guwahati,25/12/2024,11.0,2.2,69,Clear
14975,Guwahati,10-04-2024,30.6,4.2,57,Cloudy
14976,Guwahati,12/29/2024,23.9,0.0,39,Humid
14977,Guwahati,14/02/2023,18.1,4.2,58,Humid
14978,Guwahati,2023.09.30,18.0,32.8,88,Clear
14979,Guwahati,12/04/2024,32.8,15.7,43,Cloudy
14980,Guwahati,2023.07.05,30.5,159.0,58,Humid
14981,Guwahati,07/12/2024,32.6,362.7,39,Humid
14982,Guwahati,2024.10.14,32.0,0.0,50,Clear
14983,Guwahati,19/02/2023,19.0,0.0,58,Clear
14984,Guwahati,17/06/2024,22.4,0.0,85,Cloudy
14985,Guwahati,2023-12-14,13.1,1.8,55,Clear
14986,Guwahati,08/22/2024,26.8,183.4,63,Cloudy
14987,Guwahati,08/23/2024,27.3,30.5,24,Rainy
14988,Guwahati,03/13/2024,29.5,0.0,44,Humid
14989,Guwahati,09/10/2023,23.1,38.9,56,Cloudy
14990,Guwahati,09/23/2023,30.1,29.2,58,Clear
14991,Guwahati,13-07-2023,31.5,119.9,56,Humid
14992,Guwahati,2024.04.10,31.0,0.0,68,Stormy
14993,Guwahati,13-08-2024,28.2,158.9,49,Cloudy
14994,Guwahati,23-04-2024,38.6,6.8,59,Foggy
14995,Guwahati,01/12/2024,16.6,0.0,90,Humid
14996,Guwahati,04/04/2024,35.9,0.0,74,Humid
14997,Guwahati,11/17/2023,55.1,0.0,88,Cloudy
14998,Guwahati,08/01/2023,21.4,4.4,46,Clear
14999,Guwahati,2024-11-06,31.9,7.2,63,Rainy
15000,Guwahati,28/05/2024,30.2,6.9,75,Foggy
15001,Guwahati,07/03/2023,32.5,0.0,59,Humid
15002,Guwahati,2023-04-14,33.6,0.6,80,Clear
15003,Guwahati,21-11-2024,20.1,14.7,83,Foggy
15004,Guwahati,25/09/2023,34.0,39.5,50,Rainy
15005,Guwahati,2023-03-24,36.0,9.2,44,Cloudy
15006,Guwahati,03/24/2023,26.4,16.8,70,Rainy
15007,Guwahati,29/05/2024,36.6,0.0,74,Cloudy
15008,Guwahati,2024.06.06,30.5,349.7,64,Cloudy
15009,Guwahati,2024-11-20,29.7,0.0,70,Stormy
15010,Guwahati,2024.12.03,14.8,0.3,45,Clear
15011,Guwahati,12/17/2024,17.4,1.2,54,Humid
15012,Guwahati,21/09/2024,19.6,240.6,40,Clear
15013,Guwahati,04/19/2024,38.8,3.2,33,Clear
15014,Guwahati,2023-10-12,32.1,58.5,34,Cloudy
15015,Guwahati,2024-10-05,26.8,42.3,79,Cloudy
15016,Guwahati,2024-11-03,24.8,0.0,59,Cloudy
15017,Guwahati,24-08-2023,27.6,130.6,74,Humid
15018,Guwahati,2023.10.06,33.1,9.0,48,Cloudy
15019,Guwahati,12/14/2024,15.6,2.9,46,Clear
15020,Guwahati,2024-01-03,15.6,19.9,48,Humid
15021,Guwahati,28/03/2023,35.0,2.3,52,Foggy
15022,Guwahati,2023-01-07,13.6,6.6,92,Foggy
15023,Guwahati,2023-07-19,32.3,0.0,84,Clear
15024,Guwahati,2024.01.02,57.0,3.6,86,Rainy
15025,Guwahati,2023.01.29,22.3,9.2,78,Clear
15026,Guwahati,01/20/2024,20.7,6.7,58,Rainy
15027,Guwahati,21-09-2024,28.8,,52,Cloudy
15028,Guwahati,19-11-2024,24.8,,61,Clear
15029,Guwahati,04/02/2023,15.3,5.8,77,Rainy
15030,Guwahati,2024.10.24,25.5,166.7,66,Rainy
15031,Guwahati,2024.01.29,21.7,6.3,49,Cloudy
15032,Guwahati,25/08/2023,29.9,14.0,66,Rainy
15033,Guwahati,06-05-2023,32.2,5.7,79,Humid
15034,Guwahati,04/18/2024,25.9,0.5,47,Clear
15035,Guwahati,11/22/2024,22.2,0.0,71,Cloudy
15036,Guwahati,09-01-2023,17.5,3.5,61,Clear
15037,Guwahati,22-10-2024,21.4,58.3,48,Rainy
15038,Guwahati,2024.05.22,32.4,9.0,41,Clear
15039,Guwahati,30-05-2024,32.9,0.1,82,Foggy
15040,Guwahati,2024-07-12,26.1,41.8,86,Clear
15041,Guwahati,22/03/2024,42.8,3.9,70,Clear
15042,Guwahati,2024.11.26,27.3,40.3,73,Cloudy
15043,Guwahati,2024-06-06,19.0,105.7,33,Clear
15044,Guwahati,2023-07-23,28.6,223.3,60,Stormy
15045,Guwahati,12/20/2024,11.9,4.3,70,Humid
15046,Guwahati,2023-08-24,27.5,44.1,63,Foggy
15047,Guwahati,2024-07-05,26.5,0.0,69,Clear
15048,Guwahati,23-11-2023,25.1,0.0,59,Clear
15049,Guwahati,2023-11-24,25.2,4.4,66,Clear
15050,Guwahati,08/14/2024,20.8,4.6,87,Rainy
15051,Guwahati,13/11/2024,23.0,4.9,46,Clear
15052,Guwahati,22-03-2023,36.0,12.4,60,Clear
15053,Guwahati,16/12/2024,15.4,15.3,79,Humid
15054,Guwahati,11/18/2023,16.7,13.2,37,Foggy
15055,Guwahati,24/01/2024,17.9,16.7,78,Clear
15056,Guwahati,12/16/2023,13.5,3.5,77,Cloudy
15057,Guwahati,16-06-2024,32.3,0.0,44,Cloudy
15058,Guwahati,2023-07-06,24.1,92.9,62,Stormy
15059,Guwahati,2024-10-27,22.1,0.0,83,Rainy
15060,Guwahati,12/10/2024,17.2,0.0,67,Cloudy
15061,Guwahati,18/04/2024,35.2,0.0,27,Humid
15062,Guwahati,01/04/2024,13.7,7.0,83,Rainy
15063,Guwahati,27/01/2024,11.8,0.0,50,Cloudy
15064,Guwahati,04/28/2023,54.8,0.0,20,Cloudy
15065,Guwahati,2024-06-02,27.5,62.3,56,Cloudy
15066,Guwahati,11/03/2023,27.8,8.9,53,Cloudy
15067,Guwahati,29-01-2023,20.8,2.4,64,Cloudy
15068,Guwahati,15-11-2024,22.3,0.0,36,Cloudy
15069,Guwahati,2023-01-21,10.5,5.0,-43,Foggy
15070,Guwahati,28/12/2024,19.1,0.4,60,Clear
15071,Guwahati,2024-01-24,20.3,0.0,31,Clear
15072,Guwahati,2024-12-31,14.3,19.2,64,Rainy
15073,Guwahati,05/08/2023,27.0,0.0,43,Foggy
15074,Guwahati,2023.03.04,32.5,0.0,40,Foggy
15075,Guwahati,2024.06.29,21.5,,47,Foggy
15076,Guwahati,2024-03-20,35.1,0.5,66,Clear
15077,Guwahati,03/05/2023,30.6,10.2,71,Humid
15078,Guwahati,2023-05-25,29.1,0.0,92,Humid
15079,Guwahati,12/02/2023,21.8,0.6,80,Cloudy
15080,Guwahati,04-09-2023,27.9,30.0,81,Humid
15081,Guwahati,2023.11.01,27.8,17.6,93,Clear
15082,Guwahati,2024.10.28,27.3,115.8,97,Foggy
15083,Guwahati,10/11/2023,27.2,1.8,58,Cloudy
15084,Guwahati,2024-04-03,36.9,9.5,70,Clear
15085,Guwahati,29-06-2024,23.9,24.0,77,Foggy
15086,Guwahati,05/18/2023,30.5,0.0,55,Foggy
15087,Guwahati,04/10/2023,29.1,0.0,41,Clear
15088,Guwahati,11/26/2023,22.2,9.0,66,Clear
15089,Guwahati,2023.07.14,26.2,31.9,40,Clear
15090,Guwahati,2024.08.11,27.3,0.0,54,Humid
15091,Guwahati,05/15/2023,30.9,0.0,54,Foggy
15092,Guwahati,15/11/2023,23.4,1.2,48,Clear
15093,Guwahati,12/19/2024,22.1,3.9,58,Clear
15094,Guwahati,2024-06-13,32.4,516.4,46,Rainy
15095,Guwahati,2024-01-22,12.6,0.0,43,Stormy
15096,Guwahati,12/02/2023,15.4,27.8,64,Clear
15097,Guwahati,02-01-2023,15.8,0.0,54,Rainy
15098,Guwahati,2023.09.05,25.8,35.0,64,Rainy
15099,,30-06-2024,23.4,350.4,70,Stormy
15100,Guwahati,31-07-2024,28.0,196.0,64,Humid
15101,Guwahati,2023-09-09,23.5,0.0,70,Cloudy
15102,Guwahati,10-07-2023,32.7,8.8,79,Foggy
15103,Guwahati,28-10-2023,19.8,44.4,51,Foggy
15104,Guwahati,2024.05.03,37.9,0.0,46,Humid
15105,Guwahati,15-04-2024,57.6,10.6,68,Humid
15106,Guwahati,2023.01.06,18.8,4.2,75,Clear
15107,Guwahati,01/15/2023,20.0,3.1,38,Clear
15108,Guwahati,13/09/2024,32.6,42.3,65,Foggy
15109,Guwahati,05/10/2023,30.4,31.1,60,Clear
15110,Guwahati,2024.04.10,29.3,,68,Rainy
15111,Guwahati,2024-10-21,25.9,0.0,67,Foggy
15112,Guwahati,05/19/2023,35.2,7.5,40,Stormy
15113,Guwahati,24-07-2023,17.4,157.7,62,Cloudy
15114,Guwahati,2024-04-22,35.9,0.0,70,Clear
15115,Guwahati,16/11/2023,24.2,24.8,67,Humid
15116,Guwahati,2024.03.30,32.2,4.7,48,Foggy
15117,Guwahati,17/12/2023,16.5,0.0,55,Stormy
15118,Guwahati,07/10/2024,31.3,,47,Cloudy
15119,Guwahati,2023.08.03,26.9,0.0,27,Clear
15120,Guwahati,23-09-2023,28.4,72.3,70,Clear
15121,Guwahati,2024-10-14,31.1,2.3,55,Clear
15122,Guwahati,03/17/2023,36.6,0.8,58,Foggy
15123,Guwahati,2024.05.13,39.7,10.5,71,Clear
15124,Guwahati,06/05/2024,29.9,11.6,44,Cloudy
15125,Guwahati,2023.03.16,33.4,6.2,65,Rainy
15126,Guwahati,10/03/2023,35.0,0.0,93,Cloudy
15127,Guwahati,01-06-2023,25.1,0.0,51,Stormy
15128,Guwahati,2023.12.05,21.9,0.0,78,Cloudy
15129,Guwahati,2024.03.21,27.3,8.9,35,Cloudy
15130,Guwahati,06/01/2023,17.5,10.5,49,Stormy
15131,Guwahati,08/11/2023,22.3,28.0,78,Humid
15132,Guwahati,2024.09.11,20.9,11.7,67,Stormy
15133,Guwahati,21/06/2023,34.0,11.9,51,Rainy
15134,Guwahati,05-05-2023,31.8,4.3,66,Foggy
15135,Guwahati,2023.02.14,26.7,0.5,37,Clear
15136,Guwahati,16-04-2024,33.0,,62,Clear
15137,Guwahati,18/10/2023,28.0,21.6,71,Foggy
15138,Guwahati,2024-12-24,21.7,2.2,71,Humid
15139,Guwahati,08/27/2024,28.0,3.0,44,Clear
15140,Guwahati,02-08-2023,31.0,0.0,36,Cloudy
15141,Guwahati,2024.12.23,14.8,6.1,39,Humid
15142,Guwahati,27-03-2023,25.6,3.7,56,Clear
15143,Guwahati,01/18/2024,22.6,0.4,64,Clear
15144,Guwahati,2024-05-06,35.7,0.0,69,Humid
15145,Guwahati,19/08/2023,20.4,102.7,46,Clear
15146,Guwahati,22-08-2024,25.9,0.0,64,Clear
15147,Guwahati,12/15/2024,26.5,2.0,56,Clear
15148,Guwahati,2024.06.15,26.6,88.3,52,Clear
15149,Guwahati,19-07-2024,18.2,23.2,48,Rainy
15150,Guwahati,01/06/2023,16.6,8.3,50,Humid
15151,Guwahati,2024-02-08,17.3,0.7,48,Clear
15152,Guwahati,2023-04-17,31.8,1.9,61,Cloudy
15153,Guwahati,01/14/2023,18.1,2.4,83,Clear
15154,Guwahati,10/31/2024,28.9,30.7,33,Cloudy
15155,Guwahati,22-02-2024,16.3,3.6,61,Stormy
15156,Guwahati,2023.05.21,32.0,5.5,50,Foggy
15157,Guwahati,07/07/2023,29.4,45.3,51,Clear
15158,Guwahati,2023.08.19,31.9,0.0,93,Cloudy
15159,Guwahati,2024-03-07,37.4,12.0,63,Cloudy
15160,Guwahati,2024-10-26,22.9,36.6,63,Clear
15161,Guwahati,02/07/2023,26.9,10.0,75,Clear
15162,Guwahati,06/28/2024,28.1,39.6,57,Clear
15163,Guwahati,2024-12-21,18.2,7.3,45,Clear
15164,Guwahati,25/09/2023,27.9,0.0,48,Foggy
15165,Guwahati,2024-07-20,28.4,26.5,58,Humid
15166,Guwahati,2024.10.14,23.8,110.7,70,Rainy
15167,Guwahati,2024.03.24,28.4,1.9,92,Clear
15168,Guwahati,30-04-2024,34.8,37.0,49,Clear
15169,Guwahati,2024-04-22,45.0,0.0,74,Humid
15170,Guwahati,25/04/2024,29.1,1.2,69,Cloudy
15171,Guwahati,25-02-2023,16.9,0.1,60,Clear
15172,Guwahati,20-02-2023,9.2,9.5,61,Cloudy
15173,Guwahati,09/06/2024,30.2,113.5,35,Cloudy
15174,Guwahati,2024-03-27,35.9,3.4,73,Cloudy
15175,Guwahati,01/28/2024,22.1,2.9,71,Humid
15176,Guwahati,09/01/2023,34.7,88.5,49,Humid
15177,Guwahati,2024-08-12,50.4,,49,Humid
15178,Guwahati,2023-07-18,23.5,0.0,50,Cloudy
15179,Guwahati,21-09-2024,29.1,53.0,81,Clear
15180,Guwahati,30-10-2024,31.2,0.0,85,Cloudy
15181,Guwahati,05/12/2023,40.4,25.5,67,Rainy
15182,Guwahati,21-05-2024,42.0,14.2,58,Clear
15183,Guwahati,03-12-2024,25.7,0.6,54,Clear
15184,Guwahati,06-08-2023,30.6,99.7,92,Clear
15185,Guwahati,2023.08.22,23.7,0.0,64,Humid
15186,Guwahati,02-11-2023,25.5,0.0,51,Cloudy
15187,Guwahati,2024.10.01,27.0,22.2,60,Clear
15188,Guwahati,2023-02-20,14.0,1.4,86,Clear
15189,Guwahati,2024-10-09,30.7,57.9,51,Cloudy
15190,Guwahati,05/13/2023,33.0,1.2,59,Humid
15191,Guwahati,11/02/2023,17.5,5.9,39,Cloudy
15192,Guwahati,25-05-2024,33.4,0.0,50,Clear
15193,Guwahati,2024.10.10,19.0,21.2,76,Cloudy
15194,Guwahati,19/10/2024,30.3,2.4,54,Cloudy
15195,Guwahati,09-12-2024,14.1,10.9,56,Rainy
15196,Guwahati,04/06/2024,33.1,6.7,70,Clear
15197,Guwahati,16/08/2024,34.5,243.8,38,Clear
15198,Guwahati,2023-09-07,27.0,0.0,85,Humid
15199,Guwahati,11/28/2024,35.2,14.4,45,Humid
15200,Guwahati,29/12/2024,16.1,1.8,61,Humid
15201,Guwahati,2023-08-31,28.6,267.9,71,Rainy
15202,Guwahati,05/04/2024,32.3,1.9,68,Clear
15203,Guwahati,02/20/2024,21.5,0.0,85,Clear
15204,Guwahati,15-03-2024,34.4,5.1,82,Stormy
15205,Guwahati,2024.08.23,26.6,58.4,60,Clear
15206,Guwahati,2024.03.06,35.1,2.7,43,Humid
15207,Guwahati,12-04-2023,36.4,2.0,66,Foggy
15208,Guwahati,2024-03-01,31.2,20.2,19,Clear
15209,Guwahati,03-12-2024,13.0,2.3,89,Humid
15210,Guwahati,2024.12.11,18.1,6.8,50,Clear
15211,Guwahati,10/02/2023,19.4,4.8,72,Stormy
15212,Guwahati,2024-11-19,28.1,0.0,41,Clear
15213,Guwahati,18-06-2024,29.8,79.0,37,Clear
15214,Guwahati,02/06/2024,28.5,52.0,57,Humid
15215,Guwahati,17/11/2024,28.8,9.7,43,Clear
15216,Guwahati,15/04/2023,29.4,0.0,54,Cloudy
15217,Guwahati,2023.03.05,36.7,0.0,68,Clear
15218,Guwahati,2024.10.08,30.2,,56,Foggy
15219,Guwahati,18/10/2024,26.2,47.2,59,Clear
15220,Guwahati,08/08/2024,19.8,0.0,68,Clear
15221,Guwahati,18/09/2024,29.5,30.8,42,Clear
15222,Guwahati,11-06-2024,31.7,238.4,62,Rainy
15223,Guwahati,2023-09-12,28.0,14.6,86,Humid
15224,Guwahati,07/06/2023,25.9,7.8,52,Rainy
15225,Guwahati,2024.03.02,30.4,10.0,71,Cloudy
15226,Guwahati,2024.08.01,27.3,229.0,79,Rainy
15227,Guwahati,21/07/2023,37.2,53.2,60,Clear
15228,Guwahati,15-11-2024,27.3,10.8,87,Cloudy
15229,Guwahati,2024-11-10,34.7,39.2,60,Cloudy
15230,Guwahati,2023.09.21,33.6,1.7,60,Clear
15231,Guwahati,2024-10-13,22.0,0.0,56,Rainy
15232,Guwahati,2023.09.08,28.1,,67,Clear
15233,Guwahati,27-08-2024,30.4,20.0,45,Clear
15234,Guwahati,04/09/2024,35.9,0.2,77,Clear
15235,Guwahati,26-06-2023,32.4,40.4,86,Clear
15236,Guwahati,10/23/2023,30.9,4.1,72,Humid
15237,Guwahati,02/06/2023,22.6,11.2,50,Clear
15238,Guwahati,2024.05.06,33.3,0.0,73,Clear
15239,Guwahati,2023-08-13,31.5,0.0,65,Rainy
15240,Guwahati,2024.12.15,13.4,0.0,60,Cloudy
15241,Guwahati,05/12/2024,33.4,0.0,53,Foggy
15242,Guwahati,2024.08.09,33.7,0.0,55,Humid
15243,Guwahati,2024-05-01,32.7,1.2,89,Humid
15244,Guwahati,06/11/2023,29.5,0.6,68,Cloudy
15245,Guwahati,12/21/2024,22.9,2.2,69,Stormy
15246,Guwahati,31/10/2023,31.6,14.1,60,Cloudy
15247,Guwahati,05/02/2023,37.6,11.2,54,Clear
15248,Guwahati,2024-09-01,31.1,78.5,47,Cloudy
15249,Guwahati,2023.09.26,32.3,201.4,75,Cloudy
15250,Guwahati,12/25/2024,16.4,0.4,47,Clear
15251,Guwahati,2023.03.11,33.1,3.9,58,Humid
15252,Guwahati,11-09-2024,28.7,261.7,65,Foggy
15253,Guwahati,04/04/2024,29.2,0.0,85,Clear
15254,Guwahati,10-10-2024,24.3,5.8,80,Clear
15255,Guwahati,2023-07-14,33.0,113.6,39,Clear
15256,Guwahati,30-07-2023,23.4,14.9,47,Rainy
15257,Guwahati,2023-09-16,20.7,194.3,-79,Stormy
15258,Guwahati,2023.02.22,13.6,0.0,54,Clear
15259,Guwahati,2023.09.23,27.3,0.0,48,Clear
15260,Guwahati,2023-02-02,14.1,0.0,49,Clear
15261,Guwahati,2023-10-21,29.0,100.3,69,Clear
15262,Guwahati,12/04/2024,35.1,0.0,65,Clear
15263,Guwahati,2023-05-11,31.0,6.5,56,Clear
15264,Guwahati,2024-09-10,26.9,28.1,86,Cloudy
15265,Guwahati,2024.11.27,30.1,30.2,46,Cloudy
15266,Guwahati,24/12/2023,17.4,3.6,77,Humid
15267,Guwahati,2024-06-10,28.7,44.5,48,Rainy
15268,Guwahati,2024-03-20,29.5,0.5,71,Clear
15269,Guwahati,2023.03.27,30.3,15.9,48,Foggy
15270,Guwahati,02/21/2024,15.6,0.0,74,Clear
15271,Guwahati,11-03-2023,34.0,6.5,57,Foggy
15272,Guwahati,13/12/2024,21.6,8.2,52,Clear
15273,Guwahati,01/17/2023,18.4,4.8,56,Clear
15274,Guwahati,21/07/2023,20.2,0.0,63,Cloudy
15275,Guwahati,06/25/2023,24.5,109.8,72,Humid
15276,Guwahati,01/16/2023,7.1,1.0,54,Rainy
15277,Guwahati,05/08/2023,26.5,0.0,34,Rainy
15278,Guwahati,2023.02.06,25.0,1.6,73,Clear
15279,Guwahati,14/07/2024,24.6,9.6,87,Humid
15280,Guwahati,2024.12.20,22.8,16.0,83,Humid
15281,Guwahati,02/10/2023,25.0,50.2,52,Cloudy
15282,Guwahati,2024-07-19,27.9,408.7,55,Rainy
15283,Guwahati,13/10/2024,33.1,14.2,65,Cloudy
15284,Guwahati,06-01-2024,16.1,0.3,56,Humid
15285,Guwahati,05/12/2023,25.6,18.1,46,Clear
15286,Nashik,22/05/2023,27.7,0.0,61,Clear
15287,Nashik,07/01/2023,18.6,5.5,37,Cloudy
15288,Nashik,2023-12-08,14.2,11.2,68,Foggy
15289,Nashik,14-06-2024,24.9,183.6,60,Humid
15290,Nashik,08/22/2024,26.7,45.3,31,Cloudy
15291,Nashik,25/04/2023,32.6,3.8,82,Clear
15292,Nashik,2024-01-31,18.8,1.6,76,Humid
15293,Nashik,2023.03.15,38.1,0.0,52,Cloudy
15294,Nashik,02/07/2023,14.0,0.0,77,Clear
15295,Nashik,14/10/2024,32.0,116.7,54,Cloudy
15296,Nashik,12/29/2024,18.1,0.0,55,Foggy
15297,Nashik,05/29/2024,26.6,2.6,69,Clear
15298,Nashik,2024-03-30,31.7,12.9,43,Humid
15299,Nashik,23/01/2024,19.9,5.7,47,Humid
15300,Nashik,12/28/2023,17.8,2.4,72,Foggy
15301,Nashik,2023.04.09,30.7,1.6,69,Cloudy
15302,Nashik,06/02/2024,27.7,160.4,47,Humid
15303,Nashik,2024-07-19,22.3,11.9,49,Clear
15304,Nashik,2023.09.02,26.2,0.0,69,Foggy
15305,Nashik,10/14/2023,27.5,0.9,29,Foggy
15306,Nashik,04-10-2023,20.8,0.0,56,Rainy
15307,Nashik,04/12/2024,29.5,7.7,43,Cloudy
15308,Nashik,15/09/2024,26.2,133.6,100,Rainy
15309,Nashik,07/20/2023,23.8,0.0,74,Rainy
15310,Nashik,15/02/2024,13.0,0.0,83,Humid
15311,Nashik,2024.06.25,23.3,0.0,73,Clear
15312,Nashik,2023.07.11,26.5,40.4,74,Humid
15313,Nashik,30-12-2023,8.9,0.2,83,Clear
15314,Nashik,19/01/2024,16.7,1.8,79,Clear
15315,Nashik,06-02-2023,23.7,0.0,81,Cloudy
15316,Nashik,11/05/2023,31.4,3.4,92,Cloudy
15317,Nashik,21/05/2024,37.0,15.8,68,Cloudy
15318,Nashik,13-03-2024,38.0,0.0,61,Foggy
15319,Nashik,06/05/2023,25.8,43.4,45,Clear
15320,Nashik,2023-09-21,36.9,186.3,50,Foggy
15321,Nashik,26/09/2023,27.1,0.0,48,Rainy
15322,Nashik,2023-01-20,17.6,0.0,51,Clear
15323,Nashik,2023-09-13,25.6,60.0,49,Clear
15324,Nashik,17/04/2023,31.1,10.0,-57,Clear
15325,Nashik,09/29/2024,29.9,0.0,83,Cloudy
15326,Nashik,29-04-2024,27.4,16.3,57,Clear
15327,Nashik,2023-09-17,24.6,306.8,60,Rainy
15328,Nashik,03/12/2024,18.8,2.0,71,Clear
15329,Nashik,14-10-2023,23.2,52.3,92,Clear
15330,Nashik,03/03/2024,36.0,0.0,80,Cloudy
15331,Nashik,2024-01-21,19.1,3.4,24,Clear
15332,Nashik,11/01/2023,18.8,3.5,53,Foggy
15333,Nashik,12-07-2023,25.3,0.0,60,Clear
15334,Nashik,27-01-2024,16.2,9.2,52,Clear
15335,Nashik,2023.08.24,28.4,9.1,48,Cloudy
15336,Nashik,2023.11.06,28.1,16.0,77,Rainy
15337,Nashik,06/28/2024,25.0,36.5,88,Cloudy
15338,Nashik,01/19/2024,18.3,6.5,62,Humid
15339,Nashik,07/14/2023,29.2,0.0,50,Clear
15340,Nashik,04/08/2024,31.2,0.0,77,Rainy
15341,Nashik,02/05/2024,19.5,0.1,70,Humid
15342,Nashik,12-08-2024,27.8,375.7,60,Clear
15343,Nashik,08/07/2023,34.2,0.0,44,Cloudy
15344,Nashik,04/02/2023,29.3,0.0,87,Clear
15345,Nashik,09-06-2024,50.6,73.4,47,Clear
15346,Nashik,2024.02.16,21.6,0.0,86,Cloudy
15347,Nashik,18-08-2023,31.6,6.4,47,Clear
15348,Nashik,29/10/2023,25.2,3.6,74,Foggy
15349,Nashik,2024-03-23,34.6,10.8,70,Humid
15350,Nashik,2024-01-08,15.1,5.7,67,Stormy
15351,Nashik,13/11/2023,24.4,0.0,52,Cloudy
15352,Nashik,2024.07.03,25.0,235.6,77,Clear
15353,Nashik,2024-07-29,29.7,56.7,48,Foggy
15354,Nashik,28-12-2024,10.9,3.7,55,Foggy
15355,Nashik,2024.05.13,31.9,4.0,59,Cloudy
15356,Nashik,2024-10-03,25.5,0.0,62,Stormy
15357,Nashik,19-02-2024,21.5,11.7,65,Foggy
15358,Nashik,2024.01.24,15.7,5.5,73,Foggy
15359,Nashik,2023.09.26,23.7,83.8,68,Cloudy
15360,Nashik,09/10/2023,23.6,238.7,50,Foggy
15361,Nashik,11/27/2024,20.1,5.2,52,Foggy
15362,Nashik,09/21/2023,29.4,425.2,52,Clear
15363,Nashik,07/06/2024,23.3,817.6,59,Foggy
15364,Nashik,2023-08-28,23.5,0.0,44,Foggy
15365,Nashik,10/19/2024,15.7,3.9,82,Clear
15366,Nashik,09/28/2024,22.8,0.0,61,Rainy
15367,Nashik,09/13/2023,25.8,103.0,88,Rainy
15368,Nashik,2023.08.29,21.6,120.2,79,Clear
15369,Nashik,30/08/2024,31.4,47.1,36,Foggy
15370,Nashik,2023.12.21,23.0,0.2,71,Stormy
15371,Nashik,12/02/2024,19.2,1.7,70,Clear
15372,Nashik,2023-04-18,40.9,14.0,54,Cloudy
15373,Nashik,05/12/2024,18.4,0.5,44,Foggy
15374,Nashik,09/08/2023,29.8,16.3,55,Clear
15375,Nashik,25-10-2023,20.7,15.4,55,Clear
15376,Nashik,2023-08-14,31.3,30.7,47,Clear
15377,Nashik,2023-10-13,28.4,76.0,71,Clear
15378,Nashik,2024-06-25,29.2,203.5,65,Cloudy
15379,Nashik,2024-08-17,33.8,0.0,84,Rainy
15380,Nashik,04/10/2023,26.2,31.5,70,Rainy
15381,Nashik,2024-04-17,38.3,0.6,58,Humid
15382,Nashik,2024.10.14,59.3,86.8,49,Humid
15383,Nashik,05/13/2023,32.4,3.1,78,Foggy
15384,Nashik,09/12/2024,18.6,5.1,32,Clear
15385,Nashik,2023-01-18,24.2,2.2,64,Clear
15386,Nashik,29/04/2023,58.0,21.9,76,Humid
15387,Nashik,07/05/2023,29.9,1.1,30,Humid
15388,Nashik,2023-07-11,24.1,98.5,84,Stormy
15389,Nashik,2023.06.20,31.0,143.4,63,Rainy
15390,Nashik,2024-04-09,28.5,0.0,69,Clear
15391,Nashik,2024-11-26,20.4,1.5,54,Clear
15392,Nashik,23-12-2024,19.4,2.1,33,Foggy
15393,Nashik,2024.07.10,30.9,36.0,56,Foggy
15394,Nashik,07/02/2024,29.6,19.3,51,Clear
15395,Nashik,29-11-2023,26.6,0.0,63,Cloudy
15396,Nashik,08/01/2023,13.2,0.7,45,Humid
15397,Nashik,2024-05-19,26.1,6.6,65,Cloudy
15398,Nashik,07/18/2024,27.3,35.7,70,Foggy
15399,Nashik,03/21/2024,32.3,0.9,60,Humid
15400,Nashik,27/09/2024,27.2,121.8,57,Clear
15401,Nashik,2024.05.19,32.8,0.0,57,Clear
15402,Nashik,07/12/2024,24.2,10.9,49,Clear
15403,Nashik,21-01-2024,17.3,0.0,70,Rainy
15404,Nashik,21/10/2024,25.4,0.0,41,Cloudy
15405,Nashik,29-08-2024,26.0,45.7,30,Clear
15406,Nashik,08-07-2023,31.6,141.0,64,Stormy
15407,Nashik,10/25/2024,27.6,0.0,51,Humid
15408,Nashik,25/08/2024,26.0,102.3,78,Clear
15409,Nashik,26-11-2024,22.8,5.3,71,Clear
15410,Nashik,15/02/2024,11.0,2.0,66,Stormy
15411,Nashik,22/02/2024,8.0,5.3,50,Foggy
15412,Nashik,09/03/2024,28.7,0.0,53,Clear
15413,Nashik,01/05/2024,26.3,8.5,70,Humid
15414,Nashik,2023.03.06,28.9,0.0,51,Humid
15415,Nashik,2024.04.07,34.6,3.4,72,Clear
15416,Nashik,2024.02.19,18.1,8.3,62,Humid
15417,Nashik,03/18/2024,39.8,0.6,47,Humid
15418,Nashik,15-05-2023,32.9,6.4,46,Humid
15419,Nashik,11-03-2024,33.3,4.9,57,Foggy
15420,Nashik,31-01-2024,20.1,0.4,47,Foggy
15421,Nashik,08/26/2023,24.1,0.0,91,Clear
15422,Nashik,05/02/2024,19.7,0.9,44,Clear
15423,Nashik,07/25/2024,35.2,63.8,74,Stormy
15424,Nashik,31-12-2024,19.1,2.2,32,Cloudy
15425,Nashik,21/01/2023,19.8,0.0,44,Clear
15426,Nashik,20-12-2023,19.6,6.2,61,Stormy
15427,Nashik,11/10/2023,22.7,0.0,57,Clear
15428,Nashik,04/10/2024,22.4,0.0,-50,Humid
15429,Nashik,2023.02.07,12.5,0.0,47,Cloudy
15430,Nashik,07/01/2023,10.1,0.5,79,Foggy
15431,Nashik,2023.02.14,22.1,0.0,73,Clear
15432,Nashik,2023-04-27,33.4,1.8,67,Cloudy
15433,Nashik,04/07/2023,26.9,0.0,58,Rainy
15434,Nashik,2023.10.16,28.8,0.0,48,Foggy
15435,Nashik,19/04/2024,25.8,0.0,76,Cloudy
15436,Nashik,01/24/2024,15.2,2.4,41,Clear
15437,Nashik,25-03-2023,27.0,8.4,62,Humid
15438,Nashik,27/12/2023,21.4,0.5,44,Foggy
15439,Nashik,2023-09-23,19.1,0.0,56,Clear
15440,Nashik,15/01/2023,16.7,3.9,52,Cloudy
15441,Nashik,15/03/2023,36.7,3.9,61,Humid
15442,Nashik,2024-06-01,33.2,34.5,57,Cloudy
15443,Nashik,2023-12-31,23.5,0.4,61,Humid
15444,Nashik,14-02-2024,10.9,18.2,78,Stormy
15445,Nashik,05-06-2023,28.9,140.1,46,Rainy
15446,Nashik,01/12/2023,16.3,0.0,66,Rainy
15447,Nashik,07/15/2024,29.0,179.8,66,Humid
15448,Nashik,01-01-2024,15.0,10.5,54,Cloudy
15449,Nashik,2023.12.07,17.9,,71,Rainy
15450,Nashik,2023-05-23,26.5,0.0,16,Clear
15451,Nashik,28-11-2024,29.4,1.4,42,Cloudy
15452,Nashik,06-10-2023,32.5,25.1,84,Foggy
15453,Nashik,30/08/2024,32.5,82.8,73,Cloudy
15454,Nashik,11/28/2023,32.0,0.0,69,Clear
15455,Nashik,2023.02.08,20.1,0.0,64,Clear
15456,Nashik,18-11-2024,26.5,16.0,68,Clear
15457,Nashik,29/09/2024,28.3,341.4,51,Foggy
15458,Nashik,04-04-2023,34.3,3.0,57,Cloudy
15459,Nashik,02/07/2023,24.5,5.4,57,Cloudy
15460,Nashik,2023-05-05,36.0,0.0,79,Clear
15461,Nashik,2023.05.24,25.5,20.7,65,Humid
15462,Nashik,02/20/2024,14.1,5.7,64,Clear
15463,Nashik,2024-12-15,21.1,8.2,44,Cloudy
15464,Nashik,2023.03.14,34.5,2.4,54,Humid
15465,Nashik,06-06-2024,26.8,0.0,55,Clear
15466,Nashik,11/04/2024,19.1,0.0,74,Clear
15467,Nashik,06/03/2023,22.2,0.0,66,Clear
15468,Nashik,05/20/2023,33.9,0.0,55,Stormy
15469,Nashik,08/05/2023,26.9,475.8,30,Foggy
15470,Nashik,2023.06.06,30.4,0.0,54,Clear
15471,Nashik,10/13/2023,22.8,20.2,-62,Clear
15472,Nashik,04/28/2024,30.6,3.3,70,Clear
15473,Nashik,2024.04.01,37.1,0.1,59,Humid
15474,Nashik,15-01-2023,10.7,4.3,55,Clear
15475,Nashik,2024-06-22,23.6,55.1,48,Cloudy
15476,Nashik,2024.06.18,25.8,0.0,43,Humid
15477,Nashik,2023-08-31,27.6,53.7,64,Cloudy
15478,Nashik,2024.05.23,32.7,0.0,68,Cloudy
15479,Nashik,31/03/2024,39.9,0.0,58,Clear
15480,Nashik,2023-10-18,24.3,95.9,37,Rainy
15481,Nashik,02/15/2024,16.7,4.9,54,Cloudy
15482,,02/21/2024,9.0,3.4,72,Clear
15483,Nashik,2024-05-10,41.3,6.4,55,Humid
15484,Nashik,2024.03.05,30.7,0.0,63,Foggy
15485,Nashik,2024.09.20,28.8,86.5,61,Rainy
15486,Nashik,06/14/2023,29.2,12.9,87,Cloudy
15487,Nashik,2024.05.20,26.3,7.2,44,Clear
15488,Nashik,03/29/2024,32.3,24.4,75,Stormy
15489,Nashik,02-11-2023,12.2,8.7,57,Humid
15490,Nashik,03-02-2023,18.2,6.8,87,Clear
15491,Nashik,2023.08.01,24.0,78.6,63,Rainy
15492,Nashik,2023-08-12,33.8,137.5,64,Rainy
15493,Nashik,30-01-2023,23.4,0.0,65,Humid
15494,Nashik,2023.03.06,35.9,6.7,66,Foggy
15495,Nashik,24/10/2023,28.1,39.0,74,Clear
15496,Nashik,26-03-2024,36.1,12.8,57,Rainy
15497,Nashik,09/03/2024,29.8,0.0,48,Clear
15498,Nashik,07/24/2023,26.9,155.4,64,Rainy
15499,Nashik,05/08/2023,28.1,0.0,43,Clear
15500,Nashik,12/24/2023,10.7,8.7,64,Cloudy
15501,Nashik,22-12-2024,11.1,0.0,52,Clear
15502,Nashik,2023.12.06,19.7,4.5,56,Clear
15503,Nashik,2024.06.24,28.7,86.5,51,Foggy
15504,Nashik,26-12-2024,16.4,11.1,57,Foggy
15505,Nashik,2024.01.25,19.5,0.4,64,Cloudy
15506,Nashik,2024.12.03,18.1,0.9,65,Stormy
15507,Nashik,2024-04-06,35.8,3.8,73,Rainy
15508,Nashik,04/15/2024,34.3,0.6,67,Clear
15509,Nashik,06/13/2024,26.1,7.2,71,Clear
15510,Nashik,2024.03.22,30.9,0.2,49,Humid
15511,Nashik,14-11-2023,20.4,0.0,37,Cloudy
15512,Nashik,02-03-2024,31.4,,72,Humid
15513,Nashik,2023.07.04,21.5,6.9,69,Clear
15514,,25-05-2023,37.8,2.0,55,Cloudy
15515,Nashik,21-07-2024,23.0,0.0,45,Rainy
15516,Nashik,08/19/2023,35.8,47.8,56,Clear
15517,Nashik,2023.07.09,30.8,0.0,39,Humid
15518,Nashik,15-12-2023,20.8,1.4,38,Clear
15519,Nashik,11-09-2024,25.1,52.5,52,Clear
15520,Nashik,24/04/2023,31.8,0.0,47,Stormy
15521,Nashik,22-03-2024,35.3,12.7,72,Cloudy
15522,Nashik,2024.04.05,32.1,5.6,74,Rainy
15523,Nashik,01/03/2024,37.9,0.0,63,Humid
15524,Nashik,2024-04-15,29.4,8.3,86,Humid
15525,Nashik,07/01/2023,19.9,0.0,47,Rainy
15526,Nashik,06/12/2023,24.8,0.1,68,Foggy
15527,Nashik,06/06/2023,23.7,117.6,38,Rainy
15528,Nashik,2023-10-24,27.4,27.8,73,Cloudy
15529,Nashik,01/31/2023,19.8,1.3,54,Clear
15530,Nashik,07/27/2024,25.9,122.4,55,Stormy
15531,Nashik,18/05/2023,32.5,0.0,85,Humid
15532,Nashik,2023.12.21,11.5,0.0,47,Rainy
15533,Nashik,03/18/2023,32.3,14.3,53,Clear
15534,Nashik,2023.01.06,17.2,12.7,57,Foggy
15535,Nashik,2024-03-15,25.2,0.0,59,Clear
15536,Nashik,01-08-2024,22.0,68.6,72,Clear
15537,Nashik,30/06/2024,32.0,36.8,80,Foggy
15538,Nashik,2024-05-24,37.4,0.0,53,Humid
15539,Nashik,2023.11.19,26.7,0.0,57,Foggy
15540,Nashik,2023.06.04,35.0,0.0,58,Rainy
15541,Nashik,27-02-2023,19.7,0.0,68,Cloudy
15542,Nashik,29/04/2023,35.2,10.0,45,Cloudy
15543,Nashik,2024.10.16,29.2,0.0,52,Foggy
15544,Nashik,26/06/2024,35.7,0.0,85,Rainy
15545,Nashik,10/01/2024,19.8,2.5,54,Clear
15546,Nashik,03/05/2024,35.1,11.0,41,Humid
15547,Nashik,30/04/2023,38.9,6.4,39,Clear
15548,Nashik,2023-11-14,22.7,13.6,45,Foggy
15549,Nashik,29-12-2024,18.4,10.4,35,Clear
15550,Nashik,03/11/2023,32.3,30.5,58,Humid
15551,Nashik,09/11/2023,24.0,0.0,50,Humid
15552,Nashik,10-03-2023,37.6,6.7,53,Humid
15553,Nashik,09/12/2024,14.5,0.3,30,Rainy
15554,Nashik,11/05/2023,27.4,8.2,39,Cloudy
15555,Nashik,02/20/2024,19.7,9.9,46,Clear
15556,Nashik,08-01-2023,25.0,5.3,65,Clear
15557,Nashik,10/08/2024,28.5,391.9,80,Humid
15558,Nashik,03/03/2023,31.9,0.0,94,Clear
15559,Nashik,2023-05-17,29.3,12.4,41,Clear
15560,Nashik,2023-07-02,31.6,314.5,47,Clear
15561,Nashik,2023.11.14,28.2,0.0,70,Clear
15562,Nashik,30-04-2023,38.9,24.3,50,Clear
15563,Nashik,12/11/2023,18.5,1.5,67,Cloudy
15564,Nashik,2023-10-29,20.3,0.0,66,Cloudy
15565,Nashik,11/01/2023,18.6,9.4,70,Clear
15566,Nashik,20/05/2023,33.5,49.4,82,Rainy
15567,Nashik,2023-11-24,32.2,103.3,58,Stormy
15568,Nashik,2023.08.09,28.5,0.0,56,Humid
15569,Nashik,22/01/2023,22.3,6.8,67,Foggy
15570,Nashik,2024.12.16,16.5,0.5,69,Stormy
15571,Nashik,17/12/2024,52.5,2.6,64,Stormy
15572,Nashik,11-03-2024,31.7,13.9,58,Cloudy
15573,Nashik,05/05/2023,29.9,0.0,47,Clear
15574,Nashik,12/07/2023,33.3,365.1,74,Humid
15575,Nashik,27-11-2023,13.8,0.1,57,Clear
15576,Nashik,12/23/2024,15.5,0.0,72,Rainy
15577,Nashik,27-06-2024,23.2,67.1,59,Clear
15578,Nashik,2023.08.29,23.6,0.0,62,Foggy
15579,Nashik,28-05-2024,30.9,2.5,84,Clear
15580,Nashik,12-04-2024,37.1,5.0,53,Cloudy
15581,Nashik,21/05/2023,32.0,4.0,44,Clear
15582,Nashik,20/05/2024,28.6,4.0,43,Cloudy
15583,Nashik,11/15/2024,29.6,75.9,68,Clear
15584,Nashik,2024.04.09,34.9,0.0,91,Foggy
15585,Nashik,2024.12.08,16.3,0.0,55,Clear
15586,Nashik,08/08/2024,27.1,90.9,53,Clear
15587,Nashik,15/09/2024,33.1,0.0,76,Clear
15588,Nashik,18-07-2023,27.3,7.9,66,Cloudy
15589,Nashik,27/06/2023,31.6,52.4,45,Clear
15590,Nashik,03-06-2023,23.2,48.5,72,Clear
15591,Nashik,08/30/2023,27.8,16.7,70,Humid
15592,Nashik,2024.08.28,35.3,3.6,61,Clear
15593,Nashik,2023.03.02,29.8,2.3,25,Humid
15594,Nashik,2024.12.22,10.7,0.1,69,Humid
15595,Nashik,07/31/2024,25.5,42.0,52,Humid
15596,Nashik,2024-06-27,29.7,0.0,64,Clear
15597,Nashik,2023.06.07,35.1,0.0,53,Clear
15598,Nashik,2023-12-26,12.5,3.2,73,Clear
15599,Nashik,02/21/2024,14.0,7.3,63,Clear
15600,Nashik,2024-06-08,27.9,98.8,66,Cloudy
15601,,29/03/2023,23.6,0.0,71,Humid
15602,Nashik,01/05/2023,18.0,23.9,60,Clear
15603,Nashik,03/10/2024,30.0,19.9,42,Clear
15604,Nashik,14/07/2023,23.8,0.0,77,Clear
15605,Nashik,11/27/2023,29.6,11.4,44,Cloudy
15606,Nashik,29/07/2023,25.6,0.0,62,Cloudy
15607,Nashik,28/01/2024,15.2,0.0,65,Humid
15608,Nashik,27-09-2024,25.4,,19,Cloudy
15609,Nashik,2024-04-10,32.3,2.0,70,Clear
15610,Nashik,08/08/2023,31.4,0.0,70,Rainy
15611,Nashik,2024-09-17,31.2,183.4,52,Clear
15612,Nashik,25-10-2024,26.0,48.9,67,Humid
15613,Nashik,2023-08-06,25.4,137.4,67,Cloudy
15614,Nashik,17/01/2024,16.1,1.7,67,Clear
15615,Nashik,05-12-2023,13.7,5.4,56,Cloudy
15616,Nashik,24/10/2023,24.7,19.7,51,Clear
15617,Nashik,2023-07-04,25.1,305.2,81,Clear
15618,Nashik,2024.03.05,33.3,0.0,41,Rainy
15619,Nashik,2024.01.26,12.3,0.0,58,Clear
15620,Nashik,29-10-2024,23.0,0.0,70,Cloudy
15621,Nashik,2023-09-23,25.6,310.8,62,Rainy
15622,Nashik,2024.05.14,38.9,2.9,46,Clear
15623,Nashik,09/01/2023,32.2,191.0,42,Clear
15624,Nashik,16-05-2024,40.4,0.0,84,Foggy
15625,Nashik,23/07/2024,27.7,0.0,44,Rainy
15626,Nashik,21/04/2023,31.8,0.2,50,Stormy
15627,Nashik,2023-03-06,40.3,4.6,34,Clear
15628,Nashik,27/09/2023,24.9,0.0,38,Cloudy
15629,Nashik,2024-01-22,19.3,3.4,59,Humid
15630,Nashik,2024-02-04,22.6,1.9,74,Rainy
15631,Nashik,02/09/2023,20.4,0.0,56,Cloudy
15632,Nashik,2024.04.08,34.2,25.9,26,Clear
15633,Nashik,06/17/2024,32.0,35.3,50,Humid
15634,Nashik,26-07-2023,23.9,90.4,64,Foggy
15635,Nashik,2024.04.15,33.5,0.0,63,Cloudy
15636,Nashik,25-04-2023,33.3,0.0,79,Clear
15637,Nashik,14/11/2023,28.9,8.5,56,Clear
15638,Nashik,2023-11-22,22.4,3.5,43,Foggy
15639,Nashik,2023.01.29,13.9,3.9,36,Humid
15640,Nashik,24-04-2023,25.1,,79,Clear
15641,Nashik,01/05/2024,30.1,3.6,29,Cloudy
15642,Nashik,04-01-2023,21.1,9.7,54,Clear
15643,Nashik,2024.03.13,32.0,0.0,55,Clear
15644,Nashik,22-02-2023,21.3,6.1,43,Stormy
15645,Nashik,04/18/2023,32.6,0.0,62,Clear
15646,Nashik,2024.01.15,18.9,0.0,70,Humid
15647,Nashik,19-09-2023,26.2,113.0,70,Rainy
15648,Nashik,2023.10.03,15.9,47.9,-78,Foggy
15649,Nashik,24-05-2023,29.4,15.8,80,Humid
15650,Nashik,30/12/2023,23.2,4.4,82,Cloudy
15651,Nashik,2024.08.11,31.1,160.3,74,Clear
15652,Nashik,07/03/2023,33.7,10.5,61,Humid
15653,Nashik,15-01-2024,17.4,3.1,56,Cloudy
15654,Nashik,2023.08.05,23.5,73.8,57,Rainy
15655,Nashik,2023.11.24,30.8,31.1,90,Clear
15656,Nashik,2024.03.27,32.1,12.3,70,Cloudy
15657,Nashik,25-07-2023,25.3,0.0,39,Foggy
15658,Nashik,2023-03-09,33.2,15.2,36,Rainy
15659,Nashik,30/10/2024,22.3,38.2,52,Rainy
15660,Nashik,2023-06-09,29.1,136.9,81,Cloudy
15661,Nashik,05/05/2024,28.7,4.2,90,Clear
15662,Nashik,16-11-2024,27.8,7.0,62,Clear
15663,Nashik,02/16/2023,14.7,0.2,49,Clear
15664,,12-10-2023,24.1,0.0,70,Rainy
15665,Nashik,2024.07.20,29.4,14.4,66,Rainy
15666,Nashik,2024-10-03,29.3,108.2,62,Stormy
15667,Nashik,2024-09-05,25.8,0.0,70,Cloudy
15668,Nashik,09/11/2024,20.5,0.0,46,Cloudy
15669,Nashik,27-02-2024,13.8,0.0,72,Clear
15670,Nashik,2024-07-25,32.4,23.8,72,Rainy
15671,Nashik,2023-03-02,28.0,7.7,51,Clear
15672,Nashik,22/02/2024,11.4,19.1,37,Cloudy
15673,Nashik,31/12/2024,21.9,0.0,67,Clear
15674,Nashik,2024-02-01,16.1,0.8,76,Rainy
15675,Nashik,04-12-2023,22.3,1.7,71,Humid
15676,Nashik,29-11-2024,28.5,14.7,-10,Clear
15677,Nashik,04-11-2023,19.9,0.0,58,Humid
15678,Nashik,03/08/2023,37.4,0.0,65,Foggy
15679,Nashik,2023.09.10,31.6,236.4,61,Stormy
15680,Nashik,03-02-2023,16.8,37.1,33,Cloudy
15681,Nashik,05/04/2023,36.1,4.6,41,Clear
15682,Nashik,2024.03.29,37.0,11.3,67,Humid
15683,Nashik,2023.09.10,29.4,0.0,57,Cloudy
15684,Nashik,2023-07-07,34.0,12.8,64,Clear
15685,Nashik,11/10/2023,30.5,0.0,82,Humid
15686,Nashik,10/30/2024,22.2,11.7,63,Cloudy
15687,Nashik,03/08/2023,33.0,1.9,45,Clear
15688,Nashik,2023.03.28,36.8,3.5,57,Stormy
15689,Nashik,2023-12-29,13.7,3.6,76,Foggy
15690,Nashik,16-06-2024,27.6,0.0,82,Rainy
15691,Nashik,02/23/2023,16.3,1.9,53,Cloudy
15692,Nashik,2024.06.25,31.0,0.0,64,Humid
15693,Nashik,24/06/2023,33.2,19.0,27,Clear
15694,Nashik,29/10/2023,23.8,6.3,55,Humid
15695,Nashik,2023.06.27,30.5,30.3,65,Cloudy
15696,Nashik,2023-09-30,29.2,207.8,73,Clear
15697,Nashik,14-09-2023,29.7,283.2,76,Rainy
15698,Nashik,15-05-2024,28.4,11.0,61,Humid
15699,Nashik,14/01/2023,17.0,10.3,64,Clear
15700,Nashik,22-07-2024,25.2,0.0,59,Clear
15701,Nashik,2024-05-12,32.7,0.0,49,Humid
15702,Nashik,09/08/2024,29.1,7.7,55,Cloudy
15703,Nashik,21/08/2024,28.3,33.2,77,Clear
15704,Nashik,05/06/2023,32.5,12.3,58,Clear
15705,Nashik,06/25/2023,21.7,63.6,37,Clear
15706,Nashik,2023.11.07,26.2,69.7,66,Humid
15707,Nashik,10/11/2023,22.3,0.0,54,Clear
15708,Nashik,2024.11.13,28.8,12.1,44,Cloudy
15709,Nashik,13-10-2024,21.6,91.7,67,Cloudy
15710,Nashik,02/27/2024,14.4,1.1,70,Clear
15711,Nashik,2023-08-18,30.6,26.4,54,Rainy
15712,Nashik,16-03-2024,31.1,0.0,44,Humid
15713,Nashik,26/04/2023,35.6,0.0,43,Foggy
15714,Nashik,2023.07.30,32.9,0.0,68,Clear
15715,Nashik,2024-08-30,26.4,303.7,37,Clear
15716,Nashik,25/02/2024,11.3,0.0,62,Cloudy
15717,Nashik,2023.02.03,9.3,0.0,67,Clear
15718,Nashik,20-10-2024,24.6,14.1,51,Clear
15719,Nashik,02/19/2024,18.6,0.0,72,Clear
15720,Nashik,2024-05-02,46.0,0.8,51,Clear
15721,Nashik,09/11/2023,18.5,59.0,46,Stormy
15722,Nashik,09/06/2023,30.1,587.7,64,Humid
15723,Nashik,2024.07.13,18.9,0.0,51,Rainy
15724,Nashik,05/26/2023,22.7,3.1,47,Foggy
15725,Nashik,2024.06.28,27.4,0.0,48,Clear
15726,Nashik,2023.04.10,39.2,13.7,43,Stormy
15727,Nashik,2024-04-14,39.3,0.0,81,Clear
15728,Nashik,2023-10-09,28.1,6.0,85,Clear
15729,Nashik,2024-09-06,34.2,0.0,68,Cloudy
15730,Nashik,24-01-2024,25.0,11.7,58,Foggy
15731,Nashik,2023-11-30,18.9,0.0,75,Rainy
15732,Nashik,08/11/2023,28.4,103.2,65,Clear
15733,Nashik,2024.05.25,33.5,0.0,78,Humid
15734,Nashik,01-07-2023,27.4,0.0,90,Rainy
15735,Nashik,2023.07.19,27.9,316.4,84,Foggy
15736,Nashik,01/12/2024,23.3,0.9,50,Rainy
15737,Nashik,17-07-2023,27.5,4.2,62,Cloudy
15738,Nashik,2023-12-04,14.2,8.7,65,Humid
15739,Nashik,03/09/2024,28.7,95.1,35,Rainy
15740,Nashik,2024-08-12,29.6,59.5,36,Rainy
15741,Nashik,12-02-2023,20.3,9.9,54,Cloudy
15742,Nashik,2023.08.05,28.2,30.4,77,Clear
15743,Nashik,2024.11.19,27.8,22.9,60,Clear
15744,Nashik,28/02/2023,8.9,3.7,77,Cloudy
15745,Nashik,2024-02-11,14.1,0.0,45,Clear
15746,Nashik,21-08-2023,34.8,0.0,69,Cloudy
15747,Nashik,11/07/2023,28.3,0.0,74,Cloudy
15748,Nashik,2024-03-22,25.9,0.0,41,Humid
15749,Nashik,18/02/2024,29.1,2.1,50,Stormy
15750,Nashik,02/18/2023,22.9,0.0,51,Foggy
15751,Nashik,2024-09-13,33.4,0.0,62,Rainy
15752,Nashik,2024.08.03,27.8,70.2,80,Clear
15753,Nashik,2023-06-07,29.4,52.3,72,Clear
15754,Nashik,16-06-2023,32.1,0.0,54,Stormy
15755,Nashik,2024-12-25,19.4,0.3,87,Humid
15756,Nashik,02/14/2023,17.9,1.9,67,Foggy
15757,Nashik,2024-05-13,33.4,45.0,45,Humid
15758,Nashik,05/20/2023,29.1,0.0,56,Humid
15759,Nashik,09/01/2024,19.6,0.0,56,Cloudy
15760,Nashik,2023.10.25,29.7,0.0,70,Humid
15761,Nashik,08/16/2023,29.8,0.0,56,Clear
15762,Nashik,01/12/2023,11.9,5.3,57,Clear
15763,Nashik,11/16/2024,28.1,25.6,58,Humid
15764,Nashik,2024-05-02,30.8,20.0,54,Clear
15765,Nashik,22-12-2023,16.8,16.0,99,Clear
15766,Nashik,10/11/2023,29.8,0.0,48,Clear
15767,Nashik,10/09/2024,23.2,48.9,70,Stormy
15768,Nashik,07/05/2024,27.8,46.8,51,Foggy
15769,Nashik,08/01/2024,13.5,7.5,89,Foggy
15770,Nashik,2023-05-21,28.4,0.0,42,Clear
15771,Nashik,2023-01-26,19.1,0.0,71,Stormy
15772,Nashik,01/14/2024,22.8,0.6,70,Humid
15773,Nashik,02/08/2023,15.6,4.7,51,Clear
15774,Nashik,19/09/2024,25.7,116.3,62,Foggy
15775,Nashik,30-05-2023,37.8,0.2,57,Humid
15776,Nashik,2024.05.15,40.3,0.0,73,Stormy
15777,Nashik,19/03/2023,34.2,2.3,66,Cloudy
15778,Nashik,08-05-2023,29.1,2.4,52,Rainy
15779,Nashik,2023-05-29,35.8,5.5,60,Humid
15780,Nashik,23-01-2023,9.0,0.9,40,Rainy
15781,Nashik,2023.06.13,31.4,0.0,39,Clear
15782,Nashik,2023-01-20,20.5,1.6,56,Foggy
15783,Nashik,2024-07-31,29.5,244.9,53,Humid
15784,Nashik,01/15/2024,17.6,15.1,65,Clear
15785,Nashik,2023-11-11,26.2,24.2,36,Humid
15786,Nashik,31-07-2024,26.7,305.5,86,Clear
15787,Nashik,2024-07-01,28.1,79.0,55,Humid
15788,Nashik,2024.07.27,26.2,30.4,30,Clear
15789,Nashik,07/22/2024,26.5,366.0,66,Clear
15790,Nashik,05/14/2023,31.7,1.4,37,Clear
15791,Nashik,07/01/2023,27.4,113.3,83,Cloudy
15792,Nashik,03-12-2023,23.4,4.1,66,Clear
15793,Nashik,2023.05.12,41.7,5.4,52,Humid
15794,Nashik,2024-01-19,20.4,18.4,70,Foggy
15795,Nashik,04/30/2024,36.1,,75,Rainy
15796,Nashik,2024-12-31,19.3,0.0,53,Clear
15797,Nashik,2024.11.19,26.1,59.6,45,Foggy
15798,Nashik,22-01-2023,19.3,0.0,55,Cloudy
15799,Nashik,10/19/2024,37.0,1.0,49,Cloudy
15800,Nashik,07/22/2023,28.8,66.7,73,Clear
15801,Nashik,05/31/2023,34.8,0.0,79,Rainy
15802,Nashik,06-01-2024,10.7,0.0,84,Rainy
15803,Nashik,2024.04.30,34.6,13.5,65,Clear
15804,Nashik,06-01-2024,14.1,9.3,75,Humid
15805,Nashik,22-04-2024,38.4,0.0,62,Rainy
15806,Nashik,13-11-2024,29.8,0.0,68,Cloudy
15807,Nashik,30-07-2023,31.3,176.2,66,Cloudy
15808,Nashik,27-12-2023,19.9,6.5,83,Rainy
15809,Nashik,2024-01-07,18.3,2.9,55,Clear
15810,Nashik,2024-12-04,23.3,1.8,63,Humid
15811,Nashik,2024.11.03,32.2,33.6,47,Clear
15812,Nashik,08/11/2024,27.7,29.8,41,Clear
15813,Nashik,2024-07-11,39.9,0.0,48,Clear
15814,Nashik,21/05/2023,34.2,16.1,61,Clear
15815,Nashik,23-09-2023,25.4,0.0,70,Stormy
15816,Nashik,2024-12-31,10.7,0.1,73,Rainy
15817,Nashik,04/09/2024,26.9,0.0,74,Foggy
15818,Nashik,31-07-2023,32.3,3.8,77,Cloudy
15819,Nashik,16/02/2023,20.2,3.6,60,Humid
15820,Nashik,2024.04.09,31.9,0.0,52,Foggy
15821,Nashik,2024.08.01,26.8,46.8,55,Rainy
15822,Nashik,08/03/2023,29.8,0.1,63,Clear
15823,Nashik,03/11/2024,24.7,19.7,59,Clear
15824,Nashik,11/22/2023,21.1,0.0,-50,Rainy
15825,Nashik,05/03/2024,27.1,17.5,-49,Rainy
15826,Nashik,11/23/2024,34.4,11.0,51,Cloudy
15827,Nashik,21-09-2023,30.5,165.0,46,Cloudy
15828,Nashik,2024.06.03,35.4,80.7,63,Humid
15829,Nashik,11/11/2023,27.8,0.0,61,Rainy
15830,Nashik,2023.07.12,29.6,23.5,68,Rainy
15831,Nashik,11/13/2024,33.4,29.1,66,Cloudy
15832,Nashik,20/04/2024,33.7,7.2,89,Cloudy
15833,Nashik,2024-08-19,26.4,170.3,75,Cloudy
15834,Nashik,09/08/2023,17.7,470.1,48,Cloudy
15835,Nashik,2023-05-03,32.5,3.6,40,Stormy
15836,Nashik,17/08/2023,27.5,109.4,57,Cloudy
15837,Nashik,2023-09-13,34.3,49.7,71,Cloudy
15838,Nashik,11/13/2024,28.1,91.5,71,Cloudy
15839,Nashik,2023.05.27,26.1,,71,Humid
15840,Nashik,02-09-2024,21.3,291.5,51,Clear
15841,Nashik,23-08-2024,36.0,20.8,58,Rainy
15842,Nashik,29-12-2024,20.1,0.0,55,Rainy
15843,Nashik,2024.10.12,26.0,0.0,59,Rainy
15844,Nashik,28/01/2024,23.5,2.9,53,Clear
15845,Nashik,2024.05.05,36.5,0.5,74,Humid
15846,Nashik,2024.06.17,27.6,0.0,53,Clear
15847,Nashik,09/11/2023,26.2,29.4,57,Foggy
15848,Nashik,2023.11.01,18.9,34.3,57,Humid
15849,Nashik,2024-02-15,17.7,0.0,39,Cloudy
15850,Nashik,15-12-2023,17.2,0.0,48,Clear
15851,Nashik,28/02/2023,15.2,4.7,72,Foggy
15852,Nashik,2023.02.17,12.0,0.0,70,Humid
15853,Nashik,03/12/2024,18.1,0.0,54,Clear
15854,Nashik,07-05-2023,34.4,0.0,73,Clear
15855,Nashik,03/30/2024,35.4,0.2,72,Cloudy
15856,Nashik,2024-10-15,31.2,12.4,58,Clear
15857,Nashik,2023.12.28,16.5,10.1,52,Cloudy
15858,Nashik,2024-06-05,23.6,153.7,53,Cloudy
15859,Nashik,2024.03.31,34.5,17.5,88,Clear
15860,Nashik,2024-06-07,27.4,321.9,74,Clear
15861,Nashik,2024-11-16,27.4,32.8,46,Clear
15862,Nashik,02/06/2023,17.4,3.2,82,Clear
15863,Nashik,2023-05-11,32.6,0.0,53,Foggy
15864,Nashik,11/14/2023,31.5,0.0,73,Clear
15865,Nashik,01/08/2023,25.7,166.9,46,Humid
15866,Nashik,05/10/2023,33.7,0.0,40,Cloudy
15867,Nashik,14-02-2024,18.5,2.3,52,Clear
15868,Nashik,2024-07-19,22.0,0.0,-68,Humid
15869,Nashik,07/11/2023,27.1,49.8,79,Humid
15870,Nashik,2024-05-20,35.7,25.2,67,Clear
15871,Nashik,2023-12-08,23.1,6.7,78,Cloudy
15872,Nashik,16/05/2024,28.3,4.6,33,Clear
15873,Nashik,02/29/2024,24.5,0.0,51,Clear
15874,Nashik,2024.11.10,29.1,0.0,42,Clear
15875,Nashik,2023-10-11,28.8,0.0,60,Humid
15876,Nashik,2024.03.24,33.8,7.2,49,Clear
15877,Nashik,07/01/2023,28.6,0.0,39,Cloudy
15878,Nashik,25/05/2023,34.9,0.0,31,Humid
15879,Nashik,02/16/2023,21.7,13.3,46,Clear
15880,Nashik,2023.06.08,34.5,0.0,37,Cloudy
15881,Nashik,2023-08-20,30.7,3.4,63,Clear
15882,Nashik,2024.10.19,28.1,0.0,54,Humid
15883,Nashik,04/02/2024,32.6,5.2,43,Cloudy
15884,Nashik,2024-09-05,28.1,5.3,78,Rainy
15885,Nashik,16/02/2023,15.5,0.4,49,Foggy
15886,Nashik,2023.04.16,27.6,6.2,43,Clear
15887,Nashik,2023-10-01,22.6,11.5,73,Cloudy
15888,Nashik,16-06-2024,28.2,74.4,73,Cloudy
15889,Nashik,14-04-2023,36.3,0.0,76,Clear
15890,Nashik,10/04/2023,34.9,3.9,71,Stormy
15891,Nashik,07/15/2023,28.1,11.2,64,Rainy
15892,Nashik,17-10-2024,24.6,0.0,73,Clear
15893,Nashik,2023.04.23,30.2,13.7,24,Humid
15894,Nashik,03/16/2024,37.9,0.0,80,Clear
15895,Nashik,26-03-2024,29.2,2.1,83,Cloudy
15896,Nashik,2024-07-06,23.0,69.8,71,Rainy
15897,Nashik,2023.05.18,34.0,0.0,82,Cloudy
15898,Nashik,08/11/2023,33.0,0.0,61,Rainy
15899,Nashik,2024.04.22,40.6,0.0,51,Clear
15900,Nashik,26-12-2023,20.9,0.0,72,Clear
15901,Nashik,21-01-2024,12.5,0.0,83,Clear
15902,Nashik,2024-04-29,25.7,2.7,55,Cloudy
15903,Nashik,26-11-2024,27.2,5.5,64,Cloudy
15904,Nashik,2024-11-03,23.0,0.0,55,Rainy
15905,Nashik,02/05/2024,35.3,1.6,67,Cloudy
15906,,01/19/2023,19.8,3.8,52,Rainy
15907,Nashik,01/24/2023,18.6,6.2,39,Cloudy
15908,Nashik,01/02/2023,14.1,0.0,54,Clear
15909,Nashik,12/23/2024,14.6,1.1,75,Cloudy
15910,Nashik,28/02/2024,13.7,3.9,73,Clear
15911,Nashik,2024.10.09,26.0,3.5,51,Cloudy
15912,Nashik,2023-07-02,26.8,0.0,75,Clear
15913,Nashik,16/06/2024,29.3,126.9,72,Rainy
15914,Nashik,2024-02-27,20.9,23.9,65,Cloudy
15915,Nashik,11/19/2024,25.1,93.2,69,Rainy
15916,Nashik,13/12/2023,19.0,0.0,96,Clear
15917,Nashik,02/18/2023,23.1,7.8,63,Clear
15918,Nashik,26/06/2023,26.0,19.5,40,Rainy
15919,Nashik,04-10-2023,28.2,36.0,59,Foggy
15920,Nashik,30/04/2024,29.6,1.0,53,Clear
15921,Nashik,09-07-2024,25.9,185.0,54,Rainy
15922,Nashik,17-12-2024,21.2,0.0,17,Humid
15923,Nashik,2024-12-24,17.4,4.1,60,Cloudy
15924,Nashik,2024.10.10,29.3,3.0,51,Cloudy
15925,Nashik,06/05/2024,29.9,289.5,58,Foggy
15926,Nashik,25/05/2024,28.0,0.0,46,Clear
15927,Nashik,2024.07.26,36.6,0.0,56,Clear
15928,Nashik,2024-06-03,28.7,0.0,71,Rainy
15929,Nashik,10/09/2024,32.8,133.5,68,Humid
15930,Nashik,22/10/2024,17.6,0.0,61,Foggy
15931,Nashik,2024-01-23,25.9,0.0,62,Humid
15932,Nashik,04/12/2024,24.1,16.3,48,Foggy
15933,Nashik,2023.02.05,26.4,0.0,53,Cloudy
15934,Nashik,2024-02-01,19.4,5.3,63,Rainy
15935,Nashik,01-06-2024,23.1,0.0,54,Clear
15936,Nashik,05-08-2024,27.7,1.0,53,Cloudy
15937,Nashik,07/22/2024,32.7,206.4,34,Rainy
15938,Nashik,23/05/2023,29.3,9.4,61,Humid
15939,Nashik,14/05/2023,27.5,7.1,50,Clear
15940,Nashik,14/04/2024,28.8,0.0,55,Clear
15941,Nashik,2024.02.22,50.6,5.5,73,Clear
15942,Nashik,13/04/2023,36.2,6.3,41,Cloudy
15943,Nashik,2023.01.20,17.5,5.0,56,Clear
15944,Nashik,2023.11.23,25.3,19.6,54,Clear
15945,Nashik,2024-05-15,30.9,2.0,78,Humid
15946,Nashik,17-09-2024,29.6,257.4,76,Clear
15947,Nashik,06-12-2024,15.2,11.0,71,Humid
15948,Nashik,2024.10.01,25.6,33.1,65,Foggy
15949,Nashik,20-05-2023,31.2,0.0,47,Stormy
15950,Nashik,2024-06-24,26.3,145.7,79,Rainy
15951,Nashik,2023.01.08,18.4,2.7,73,Clear
15952,Nashik,2024-06-24,30.0,136.5,49,Rainy
15953,Nashik,2024.03.23,35.5,2.1,48,Cloudy
15954,Nashik,12-04-2023,34.3,0.0,74,Foggy
15955,Nashik,2023.04.04,29.1,5.2,38,Cloudy
15956,Nashik,2023-05-06,30.4,19.6,77,Cloudy
15957,Nashik,2023-04-15,35.7,2.8,73,Foggy
15958,Nashik,13-08-2024,21.9,0.9,66,Cloudy
15959,Nashik,21-06-2024,28.7,118.3,72,Humid
15960,Nashik,16-09-2023,30.7,139.5,77,Cloudy
15961,Nashik,2024-04-10,28.9,2.5,53,Foggy
15962,Nashik,12/23/2023,17.6,8.1,58,Rainy
15963,Nashik,24-07-2023,22.5,0.0,71,Cloudy
15964,Nashik,09/14/2023,33.1,0.0,56,Clear
15965,Nashik,06-12-2023,16.3,3.9,42,Humid
15966,Nashik,2024.11.12,34.1,8.8,61,Clear
15967,Nashik,02/22/2023,20.4,5.1,51,Foggy
15968,Nashik,04/05/2023,35.6,1.4,53,Stormy
15969,Nashik,25/06/2023,57.3,426.5,52,Cloudy
15970,Nashik,26/11/2023,28.6,0.0,37,Clear
15971,Nashik,12-08-2023,33.4,146.0,56,Cloudy
15972,Nashik,2023.01.18,54.3,0.0,48,Foggy
15973,Nashik,19-06-2024,17.9,94.6,63,Clear
15974,Nashik,2024.12.01,18.5,14.0,83,Cloudy
15975,Nashik,22/10/2024,28.3,80.8,44,Clear
15976,Nashik,2023.04.27,38.8,0.5,73,Clear
15977,Nashik,10-08-2024,21.5,163.1,71,Foggy
15978,Nashik,12/11/2023,25.0,0.0,68,Clear
15979,Nashik,11-02-2024,16.5,3.1,66,Humid
15980,Nashik,17/03/2024,27.1,2.2,70,Stormy
15981,Nashik,2024-11-06,19.5,10.2,66,Clear
15982,Nashik,15/09/2023,38.3,100.2,49,Clear
15983,Nashik,02/10/2023,13.4,12.2,39,Clear
15984,Nashik,2023.01.09,22.2,2.8,69,Foggy
15985,Nashik,01-10-2023,30.0,8.0,60,Foggy
15986,Nashik,12/30/2023,21.8,3.8,65,Humid
15987,Nashik,07/09/2023,30.1,98.3,63,Humid
15988,Nashik,13/09/2023,18.6,0.0,64,Stormy
15989,Nashik,06/04/2024,54.5,1.7,47,Clear
15990,Nashik,2023.06.13,31.8,41.0,74,Foggy
15991,Nashik,12-02-2024,19.5,10.5,45,Humid
15992,Nashik,11/16/2024,28.0,0.0,63,Clear
15993,Nashik,24/09/2023,33.6,298.0,76,Clear
15994,Nashik,02/19/2023,12.6,1.3,86,Humid
15995,Nashik,2023.11.22,30.0,0.0,70,Humid
15996,Nashik,2023.01.04,22.4,0.0,59,Foggy
15997,Nashik,22/10/2023,21.1,31.4,82,Cloudy
15998,Nashik,02-04-2023,27.4,4.2,75,Cloudy
15999,Nashik,2024-06-16,33.4,0.0,49,Cloudy
16000,Nashik,22-02-2024,16.2,0.0,78,Rainy
16001,Nashik,2024.02.10,15.8,9.8,41,Rainy
16002,Nashik,2023.05.26,30.6,4.4,67,Humid
16003,Nashik,2024.10.25,28.7,0.0,69,Clear
16004,Nashik,2023-03-03,34.9,3.7,83,Cloudy
16005,Nashik,2023-06-16,28.2,214.7,50,Foggy
16006,Nashik,12/04/2023,15.7,0.0,60,Clear
16007,Nashik,03/31/2023,34.5,12.6,52,Clear
16008,Nashik,2023.11.20,25.7,39.2,29,Foggy
16009,Nashik,09/30/2024,34.9,21.0,43,Clear
16010,Nashik,27-06-2024,28.3,112.3,46,Rainy
16011,Nashik,2023.01.27,17.6,0.6,47,Rainy
16012,Nashik,26-12-2024,19.0,2.1,48,Cloudy
16013,Nashik,05/29/2023,30.3,0.0,34,Clear
16014,Nashik,05/24/2023,32.4,4.2,50,Foggy
16015,Nashik,2023.01.27,22.4,4.5,53,Cloudy
16016,Nashik,25-02-2023,16.5,5.1,53,Humid
16017,Nashik,2024.11.06,35.0,0.4,53,Clear
16018,Nashik,2024.12.25,15.6,9.0,37,Clear
16019,Nashik,03/07/2024,23.9,0.0,71,Cloudy
16020,Nashik,2024-09-19,29.3,668.3,41,Rainy
16021,Nashik,06/20/2024,28.5,76.4,73,Rainy
16022,Nashik,01-07-2024,22.9,10.5,56,Rainy
16023,Nashik,10/08/2024,23.2,6.7,49,Cloudy
16024,Ludhiana,09/07/2024,26.3,0.0,61,Foggy
16025,Ludhiana,2023-07-21,29.4,27.5,63,Clear
16026,Ludhiana,27/05/2024,36.8,0.0,47,Humid
16027,Ludhiana,2024.05.23,31.4,2.8,61,Humid
16028,Ludhiana,2023.02.09,12.8,2.0,78,Clear
16029,Ludhiana,2024.07.07,28.1,0.0,65,Foggy
16030,Ludhiana,2024-04-30,31.7,0.0,85,Humid
16031,Ludhiana,28-12-2024,22.5,0.0,69,Cloudy
16032,Ludhiana,03/18/2023,29.3,8.1,49,Clear
16033,Ludhiana,07/06/2024,57.6,38.6,76,Clear
16034,Ludhiana,2024-06-23,24.7,0.0,43,Rainy
16035,Ludhiana,2023-12-25,24.2,0.4,39,Stormy
16036,Ludhiana,07/19/2023,25.0,40.9,58,Stormy
16037,Ludhiana,03-11-2024,26.6,27.5,79,Clear
16038,Ludhiana,2023-02-13,8.5,0.0,72,Clear
16039,Ludhiana,2023.01.01,18.8,6.8,71,Clear
16040,Ludhiana,22-11-2023,32.4,7.9,41,Cloudy
16041,Ludhiana,05-07-2023,26.6,0.0,59,Cloudy
16042,Ludhiana,2023.06.21,34.9,23.5,47,Foggy
16043,Ludhiana,09-04-2023,28.3,0.0,46,Humid
16044,Ludhiana,08-04-2024,40.4,7.0,64,Foggy
16045,Ludhiana,2024.09.23,26.6,0.0,72,Clear
16046,Ludhiana,2024-08-30,30.8,207.6,59,Clear
16047,Ludhiana,01/02/2023,17.7,2.4,21,Clear
16048,Ludhiana,2024-05-16,28.7,0.0,53,Clear
16049,Ludhiana,10/06/2023,29.0,34.9,46,Clear
16050,Ludhiana,2024.08.22,24.0,0.0,62,Cloudy
16051,Ludhiana,24-08-2024,26.5,78.8,51,Cloudy
16052,Ludhiana,2024.01.09,17.2,0.0,72,Clear
16053,Ludhiana,2024-12-10,15.2,0.0,32,Humid
16054,Ludhiana,2023.12.10,21.3,7.1,63,Clear
16055,Ludhiana,2024.10.30,30.9,47.0,53,Humid
16056,Ludhiana,2023-10-20,27.0,0.0,52,Clear
16057,Ludhiana,04/21/2024,34.9,4.4,48,Foggy
16058,Ludhiana,2024-07-30,29.6,163.1,57,Humid
16059,Ludhiana,23-04-2023,30.1,20.1,68,Cloudy
16060,Ludhiana,03/07/2023,38.2,4.5,77,Rainy
16061,Ludhiana,25-03-2024,28.0,0.0,53,Humid
16062,Ludhiana,12-10-2023,25.6,1.0,47,Clear
16063,Ludhiana,2023-11-20,32.8,58.4,66,Clear
16064,Ludhiana,11/25/2023,28.6,42.9,47,Clear
16065,Ludhiana,2023.04.19,29.6,0.0,59,Humid
16066,Ludhiana,17-10-2024,25.0,0.0,57,Clear
16067,Ludhiana,01/06/2024,13.6,0.0,63,Cloudy
16068,Ludhiana,22-04-2023,30.7,0.0,55,Clear
16069,Ludhiana,02/07/2024,18.4,,15,Humid
16070,Ludhiana,2024.10.15,27.6,0.0,47,Clear
16071,Ludhiana,19-09-2024,30.7,0.0,74,Clear
16072,Ludhiana,14-11-2024,28.5,20.0,67,Clear
16073,Ludhiana,2023.06.09,37.7,54.4,61,Rainy
16074,Ludhiana,04/03/2023,30.9,4.2,42,Clear
16075,Ludhiana,2024-06-19,31.9,11.7,55,Rainy
16076,Ludhiana,2024.01.11,14.7,3.3,71,Humid
16077,Ludhiana,2023.05.26,53.1,9.5,52,Rainy
16078,Ludhiana,2024-07-15,28.8,0.0,48,Clear
16079,Ludhiana,03/24/2023,28.9,18.1,68,Rainy
16080,Ludhiana,08-07-2023,29.3,36.4,47,Cloudy
16081,Ludhiana,21-02-2023,8.4,0.2,72,Clear
16082,Ludhiana,2024-04-05,36.2,0.0,80,Clear
16083,Ludhiana,28-08-2024,23.3,,47,Foggy
16084,Ludhiana,2024.03.03,36.4,0.7,-43,Cloudy
16085,Ludhiana,13/03/2024,26.5,0.8,60,Clear
16086,Ludhiana,14-05-2023,43.2,,79,Cloudy
16087,Ludhiana,2023.12.09,13.6,2.4,70,Foggy
16088,Ludhiana,04/07/2024,23.8,67.1,36,Cloudy
16089,Ludhiana,11/26/2024,24.0,20.5,40,Cloudy
16090,Ludhiana,06/19/2023,23.7,112.3,56,Rainy
16091,Ludhiana,2023.09.25,28.3,71.7,81,Clear
16092,Ludhiana,01/28/2023,22.7,2.3,38,Clear
16093,Ludhiana,11-02-2023,14.7,11.1,69,Stormy
16094,Ludhiana,2024-01-05,16.9,0.0,69,Clear
16095,Ludhiana,13/01/2024,17.0,1.1,60,Stormy
16096,Ludhiana,12/29/2023,12.2,4.3,22,Foggy
16097,Ludhiana,11-10-2024,23.8,32.9,80,Cloudy
16098,Ludhiana,18/03/2023,31.5,0.0,45,Clear
16099,Ludhiana,2024.05.24,35.0,0.0,34,Cloudy
16100,Ludhiana,07/21/2023,52.2,36.5,58,Humid
16101,Ludhiana,10/28/2023,24.5,0.0,76,Clear
16102,Ludhiana,24/12/2024,18.1,7.5,38,Foggy
16103,Ludhiana,20-01-2023,17.2,,61,Foggy
16104,Ludhiana,22/08/2024,24.0,12.1,37,Cloudy
16105,Ludhiana,11/06/2024,27.4,170.3,27,Clear
16106,Ludhiana,02/17/2024,15.3,,56,Clear
16107,Ludhiana,2024-11-19,24.0,0.0,49,Clear
16108,Ludhiana,2024-08-09,20.6,22.0,70,Rainy
16109,Ludhiana,01/22/2024,9.1,9.4,56,Humid
16110,Ludhiana,22-10-2024,28.5,63.6,68,Cloudy
16111,Ludhiana,26/05/2023,32.6,0.0,64,Clear
16112,Ludhiana,2023-05-27,32.7,,65,Clear
16113,Ludhiana,29-03-2024,33.6,0.0,64,Foggy
16114,Ludhiana,04/28/2023,39.0,25.8,71,Clear
16115,Ludhiana,2024-12-22,17.4,0.0,73,Clear
16116,Ludhiana,01/01/2023,19.3,0.0,61,Clear
16117,Ludhiana,23-08-2023,30.5,145.0,31,Cloudy
16118,Ludhiana,05-09-2023,29.6,3.3,68,Foggy
16119,Ludhiana,2023.05.11,32.7,7.1,64,Cloudy
16120,Ludhiana,2023-09-15,35.8,36.0,55,Foggy
16121,Ludhiana,03/12/2023,12.4,0.0,45,Foggy
16122,Ludhiana,12/20/2024,13.3,3.8,65,Rainy
16123,Ludhiana,03-08-2024,25.1,0.0,84,Clear
16124,Ludhiana,18/05/2024,31.3,0.3,54,Clear
16125,Ludhiana,2023-05-23,29.9,25.8,55,Humid
16126,Ludhiana,06/18/2024,27.4,8.7,48,Clear
16127,Ludhiana,12/12/2024,17.5,0.0,80,Clear
16128,Ludhiana,2024-07-17,27.1,7.2,76,Rainy
16129,Ludhiana,06/19/2024,24.3,79.2,64,Rainy
16130,Ludhiana,08/29/2023,19.3,0.0,56,Cloudy
16131,Ludhiana,2024.03.31,34.0,0.0,60,Humid
16132,Ludhiana,2024-09-27,23.8,3.6,58,Stormy
16133,Ludhiana,27/08/2024,23.0,488.6,85,Clear
16134,Ludhiana,18-04-2023,42.1,7.6,61,Stormy
16135,Ludhiana,2024-05-19,25.8,0.1,42,Cloudy
16136,Ludhiana,10/17/2023,24.5,,56,Clear
16137,Ludhiana,2023.07.03,33.3,13.8,69,Rainy
16138,Ludhiana,2023.02.12,20.7,20.0,63,Stormy
16139,Ludhiana,08/02/2024,24.5,0.8,46,Clear
16140,Ludhiana,12/01/2023,15.4,2.1,85,Clear
16141,Ludhiana,17/07/2024,24.2,0.0,87,Humid
16142,Ludhiana,09/20/2023,29.5,0.0,50,Clear
16143,Ludhiana,07/24/2023,33.4,332.0,45,Cloudy
16144,Ludhiana,03/09/2024,36.2,0.5,55,Humid
16145,Ludhiana,17/12/2024,16.1,0.0,56,Foggy
16146,Ludhiana,30/09/2023,28.8,183.9,51,Clear
16147,Ludhiana,09/03/2023,25.2,541.4,52,Humid
16148,Ludhiana,2023-03-06,35.9,0.1,65,Clear
16149,Ludhiana,07/29/2023,30.0,40.2,76,Clear
16150,Ludhiana,2023-08-21,24.9,0.0,54,Rainy
16151,Ludhiana,17/07/2024,21.5,164.6,59,Clear
16152,Ludhiana,15/09/2023,29.5,63.7,49,Rainy
16153,Ludhiana,2023-08-25,28.5,0.9,71,Rainy
16154,Ludhiana,09/24/2024,29.0,12.9,74,Rainy
16155,Ludhiana,18/08/2024,34.9,175.9,43,Cloudy
16156,Ludhiana,19/07/2024,32.0,28.7,57,Rainy
16157,Ludhiana,05/08/2024,32.8,8.7,57,Clear
16158,Ludhiana,2023.09.26,19.5,0.0,86,Rainy
16159,Ludhiana,2024.07.20,23.7,216.4,43,Rainy
16160,Ludhiana,14-06-2023,20.8,89.6,76,Rainy
16161,Ludhiana,12/13/2024,16.3,3.1,65,Humid
16162,Ludhiana,2023.08.05,26.1,0.0,-55,Clear
16163,Ludhiana,03/19/2024,37.4,10.1,58,Clear
16164,Ludhiana,08-04-2024,37.5,1.6,73,Rainy
16165,Ludhiana,26/02/2023,17.5,3.0,50,Stormy
16166,Ludhiana,10/12/2024,26.2,2.3,87,Clear
16167,Ludhiana,2023.12.10,18.5,0.0,91,Foggy
16168,Ludhiana,2024-06-25,33.0,147.7,76,Clear
16169,Ludhiana,2024-07-10,25.7,0.0,36,Cloudy
16170,Ludhiana,2023-07-19,27.0,369.2,44,Clear
16171,Ludhiana,02/25/2024,27.3,14.6,74,Cloudy
16172,Ludhiana,2024.08.20,29.4,162.8,46,Rainy
16173,Ludhiana,2024.07.31,27.1,145.1,40,Rainy
16174,Ludhiana,2024-02-09,55.5,0.0,59,Humid
16175,Ludhiana,06-08-2024,28.0,2.2,48,Rainy
16176,Ludhiana,30/03/2023,32.8,6.4,68,Clear
16177,Ludhiana,2023.06.04,20.9,99.0,73,Humid
16178,Ludhiana,12/11/2024,14.5,0.0,52,Clear
16179,Ludhiana,01-08-2023,32.0,0.0,71,Rainy
16180,Ludhiana,2023.08.03,28.8,81.2,52,Humid
16181,Ludhiana,27-08-2023,30.0,0.0,50,Cloudy
16182,Ludhiana,2023-03-03,23.3,7.8,49,Humid
16183,Ludhiana,25-02-2024,22.6,2.9,60,Rainy
16184,Ludhiana,20-06-2023,21.3,66.6,65,Clear
16185,Ludhiana,2023.10.13,35.6,24.2,50,Cloudy
16186,Ludhiana,02/14/2023,25.4,1.7,40,Clear
16187,Ludhiana,2023-01-04,18.1,0.9,63,Humid
16188,Ludhiana,17/09/2024,28.2,84.0,62,Humid
16189,Ludhiana,2023-12-22,6.5,0.0,59,Cloudy
16190,Ludhiana,16/11/2024,28.7,0.0,80,Rainy
16191,Ludhiana,2024.09.19,30.0,8.5,42,Cloudy
16192,Ludhiana,2023.06.18,31.1,83.1,66,Clear
16193,Ludhiana,2023.04.03,36.3,10.7,47,Rainy
16194,Ludhiana,2024.03.26,30.0,0.0,80,Cloudy
16195,Ludhiana,12/15/2023,21.5,0.0,43,Foggy
16196,Ludhiana,2023-07-06,22.2,0.0,-68,Humid
16197,Ludhiana,05/12/2024,27.0,1.7,72,Humid
16198,Ludhiana,22/03/2023,36.0,23.7,46,Humid
16199,Ludhiana,04/07/2024,29.8,40.5,59,Clear
16200,Ludhiana,04/12/2024,15.6,5.2,42,Clear
16201,Ludhiana,2023.04.07,25.6,,86,Cloudy
16202,Ludhiana,09/27/2024,26.1,98.7,77,Rainy
16203,Ludhiana,22-12-2024,16.6,8.1,68,Clear
16204,Ludhiana,15-08-2023,29.1,75.2,44,Foggy
16205,Ludhiana,23-02-2024,17.5,8.6,53,Clear
16206,Ludhiana,07-06-2024,39.3,207.8,30,Rainy
16207,Ludhiana,2023.09.23,35.1,0.0,42,Cloudy
16208,Ludhiana,2023-04-28,31.9,4.6,68,Cloudy
16209,Ludhiana,10/20/2023,29.3,35.4,82,Stormy
16210,Ludhiana,2023-09-12,28.7,53.7,70,Humid
16211,Ludhiana,13/06/2023,23.3,26.5,57,Humid
16212,Ludhiana,03/18/2024,36.2,4.6,68,Rainy
16213,Ludhiana,31-05-2023,40.7,0.0,48,Rainy
16214,Ludhiana,02/03/2024,20.4,1.7,57,Humid
16215,Ludhiana,01-10-2023,31.9,25.0,55,Clear
16216,Ludhiana,2024-12-17,21.4,2.0,81,Clear
16217,Ludhiana,24-09-2024,21.4,115.8,74,Cloudy
16218,Ludhiana,28/04/2024,35.2,25.1,83,Clear
16219,Ludhiana,2024.09.17,24.4,0.0,49,Clear
16220,Ludhiana,10/10/2023,23.3,19.1,72,Cloudy
16221,Ludhiana,16/11/2024,28.3,144.5,29,Clear
16222,Ludhiana,25/03/2024,36.2,22.0,80,Foggy
16223,Ludhiana,2023.07.24,22.2,0.0,61,Cloudy
16224,Ludhiana,08/01/2023,28.5,,64,Rainy
16225,Ludhiana,08/28/2023,22.5,0.0,40,Stormy
16226,Ludhiana,09/16/2024,21.3,85.8,53,Cloudy
16227,Ludhiana,11/07/2024,25.6,0.0,62,Stormy
16228,Ludhiana,2024.05.19,35.7,0.0,55,Clear
16229,Ludhiana,2024-04-11,40.9,0.5,57,Foggy
16230,Ludhiana,11/15/2023,26.0,68.0,42,Cloudy
16231,Ludhiana,08-02-2023,16.5,0.6,64,Cloudy
16232,Ludhiana,2024-06-11,23.1,159.4,66,Cloudy
16233,Ludhiana,2023-01-16,13.4,4.4,68,Cloudy
16234,Ludhiana,30/03/2024,37.8,7.1,59,Stormy
16235,Ludhiana,2024-10-22,22.5,,47,Humid
16236,Ludhiana,30-04-2024,32.4,12.1,71,Rainy
16237,Ludhiana,2024-09-18,30.8,126.4,53,Rainy
16238,Ludhiana,01/02/2024,17.6,2.6,42,Clear
16239,Ludhiana,05/30/2024,33.9,0.0,52,Clear
16240,Ludhiana,29/02/2024,12.8,0.0,63,Clear
16241,Ludhiana,09/11/2023,29.7,320.1,50,Rainy
16242,Ludhiana,06/01/2024,14.5,13.4,60,Clear
16243,Ludhiana,11-01-2023,12.8,2.4,53,Clear
16244,Ludhiana,2024.01.18,13.2,0.0,60,Clear
16245,Ludhiana,27/11/2024,28.3,0.0,63,Rainy
16246,Ludhiana,09/18/2023,30.3,398.7,81,Rainy
16247,Ludhiana,01/06/2023,32.3,13.9,61,Cloudy
16248,Ludhiana,10/24/2024,27.6,0.0,54,Cloudy
16249,Ludhiana,2024.02.06,18.1,10.6,60,Humid
16250,Ludhiana,19-07-2023,29.5,141.4,76,Stormy
16251,Ludhiana,2024-09-28,27.4,25.0,77,Rainy
16252,Ludhiana,04/07/2024,31.5,0.0,49,Clear
16253,Ludhiana,2023-01-14,19.2,1.7,46,Clear
16254,Ludhiana,15/05/2023,33.6,,58,Humid
16255,Ludhiana,2024.02.21,18.0,3.5,38,Humid
16256,Ludhiana,08-12-2024,10.7,0.0,78,Foggy
16257,Ludhiana,11/02/2024,20.7,0.4,80,Rainy
16258,Ludhiana,10/29/2024,24.9,60.5,70,Clear
16259,Ludhiana,11/02/2024,15.0,0.0,64,Clear
16260,Ludhiana,2024-12-31,15.4,,58,Cloudy
16261,Ludhiana,2023.09.24,26.4,2.0,44,Clear
16262,Ludhiana,12/10/2023,16.3,0.0,43,Rainy
16263,Ludhiana,05/05/2023,38.3,0.0,76,Clear
16264,Ludhiana,24/09/2024,30.2,39.6,73,Cloudy
16265,Ludhiana,2023-09-19,27.6,0.0,39,Foggy
16266,Ludhiana,2024-05-16,32.8,0.0,37,Cloudy
16267,Ludhiana,20-04-2024,29.3,0.0,64,Clear
16268,Ludhiana,29-12-2023,17.6,2.8,62,Foggy
16269,Ludhiana,18/05/2023,30.2,0.0,41,Cloudy
16270,Ludhiana,02/05/2024,18.4,7.2,42,Cloudy
16271,Ludhiana,25/06/2023,21.8,49.5,72,Rainy
16272,Ludhiana,20/06/2023,31.4,0.0,44,Rainy
16273,Ludhiana,12/16/2024,17.7,0.0,-51,Humid
16274,Ludhiana,07/21/2024,25.0,106.8,67,Cloudy
16275,Ludhiana,2024-12-29,20.9,1.2,72,Rainy
16276,Ludhiana,09/22/2023,24.6,253.7,67,Clear
16277,Ludhiana,05/20/2023,30.9,3.2,74,Foggy
16278,Ludhiana,03/04/2024,34.2,21.5,55,Clear
16279,Ludhiana,2023-02-05,22.7,0.0,58,Cloudy
16280,Ludhiana,20/10/2024,22.2,0.0,72,Foggy
16281,Ludhiana,08/16/2024,29.3,450.2,62,Stormy
16282,Ludhiana,27-06-2024,36.3,30.9,69,Clear
16283,Ludhiana,04/18/2024,34.7,0.0,83,Clear
16284,Ludhiana,2024-12-06,15.8,7.9,39,Clear
16285,Ludhiana,2023-05-13,29.2,0.0,62,Clear
16286,Ludhiana,20-09-2023,26.0,227.5,70,Stormy
16287,Ludhiana,2023.04.13,29.7,6.1,83,Cloudy
16288,Ludhiana,25/12/2023,21.7,2.8,42,Cloudy
16289,Ludhiana,2024-01-18,15.5,3.7,67,Stormy
16290,Ludhiana,2023.08.22,29.4,42.2,71,Cloudy
16291,Ludhiana,2024-04-12,24.1,18.1,71,Foggy
16292,Ludhiana,01/02/2024,16.8,1.9,61,Cloudy
16293,Ludhiana,06/06/2023,30.5,118.4,51,Foggy
16294,Ludhiana,2023-04-02,40.3,0.0,75,Humid
16295,Ludhiana,2023.08.06,33.1,603.2,49,Clear
16296,Ludhiana,19-08-2023,36.8,81.8,61,Clear
16297,Ludhiana,08/28/2024,23.3,39.7,63,Humid
16298,Ludhiana,04/18/2023,34.2,3.3,56,Clear
16299,Ludhiana,12/02/2023,18.0,0.0,83,Cloudy
16300,Ludhiana,03-02-2023,18.5,0.0,55,Clear
16301,Ludhiana,11/15/2023,23.3,0.0,66,Clear
16302,Ludhiana,12-07-2023,29.0,189.2,62,Clear
16303,Ludhiana,2024-04-02,33.0,13.9,60,Clear
16304,Ludhiana,08/03/2024,40.8,0.0,81,Humid
16305,Ludhiana,22-10-2024,21.5,0.0,50,Foggy
16306,Ludhiana,2023.07.30,31.6,9.2,49,Humid
16307,Ludhiana,2023-02-26,18.9,7.1,43,Cloudy
16308,Ludhiana,08/16/2024,20.4,0.0,69,Humid
16309,Ludhiana,2024.08.25,32.9,151.1,41,Humid
16310,Ludhiana,2024.03.21,31.0,0.0,57,Humid
16311,Ludhiana,2023-04-05,31.3,0.5,52,Clear
16312,Ludhiana,2024.12.26,11.7,8.4,68,Humid
16313,Ludhiana,24/11/2024,23.6,0.0,58,Rainy
16314,Ludhiana,10/15/2024,16.5,23.0,72,Humid
16315,Ludhiana,2023-04-02,41.5,3.2,48,Cloudy
16316,Ludhiana,2023.02.11,19.5,0.0,61,Stormy
16317,Ludhiana,06/07/2024,27.6,90.9,59,Rainy
16318,Ludhiana,28-03-2024,32.9,0.0,60,Cloudy
16319,Ludhiana,2023-03-04,38.2,0.0,67,Cloudy
16320,Ludhiana,2024.06.05,27.5,87.3,48,Foggy
16321,Ludhiana,24-01-2024,19.3,5.8,77,Humid
16322,Ludhiana,2024.05.14,35.2,8.0,36,Cloudy
16323,Ludhiana,01/01/2023,23.1,0.2,40,Clear
16324,Ludhiana,17/05/2024,29.7,8.3,51,Stormy
16325,Ludhiana,2023.11.10,32.9,14.3,36,Clear
16326,Ludhiana,07/30/2024,33.5,1.5,61,Rainy
16327,Ludhiana,2023-04-11,30.9,7.9,61,Rainy
16328,Ludhiana,2024-04-22,28.7,17.4,80,Clear
16329,Ludhiana,2024.08.24,27.3,143.8,34,Rainy
16330,Ludhiana,22-07-2024,31.5,205.7,74,Cloudy
16331,Ludhiana,06-04-2024,33.0,0.0,56,Humid
16332,Ludhiana,2023-12-21,19.0,1.6,48,Clear
16333,Ludhiana,2023-01-29,28.6,0.0,70,Humid
16334,Ludhiana,2024-03-26,24.8,0.0,66,Clear
16335,Ludhiana,2023.05.29,29.4,4.1,66,Rainy
16336,Ludhiana,2023-10-03,20.0,9.3,70,Stormy
16337,Ludhiana,2024-07-01,25.4,147.6,80,Foggy
16338,Ludhiana,2023.12.26,19.3,0.6,76,Clear
16339,Ludhiana,2023.08.03,27.1,52.3,48,Clear
16340,Ludhiana,10-09-2024,29.3,,42,Cloudy
16341,Ludhiana,2024-12-21,21.7,3.1,35,Rainy
16342,Ludhiana,2023.03.19,29.6,15.9,58,Clear
16343,Ludhiana,2023.09.09,33.5,128.7,68,Clear
16344,Ludhiana,2023-08-03,23.4,8.1,64,Cloudy
16345,Ludhiana,27-09-2023,32.9,114.7,74,Stormy
16346,Ludhiana,2023-04-01,32.0,6.2,59,Rainy
16347,Ludhiana,04/30/2023,36.3,0.0,45,Clear
16348,Ludhiana,2024-07-08,28.7,226.8,59,Stormy
16349,Ludhiana,04/09/2023,30.2,0.0,66,Rainy
16350,Ludhiana,06/23/2024,23.8,44.0,77,Clear
16351,Ludhiana,16-06-2023,27.9,0.0,49,Humid
16352,Ludhiana,15/01/2023,12.5,9.3,25,Foggy
16353,Ludhiana,2024-04-27,35.0,0.0,63,Cloudy
16354,Ludhiana,2023.12.07,15.7,0.0,71,Clear
16355,Ludhiana,03-11-2024,26.3,0.0,21,Clear
16356,Ludhiana,17/06/2024,28.6,217.5,13,Foggy
16357,Ludhiana,12/07/2023,27.4,217.1,61,Foggy
16358,Ludhiana,2023.06.14,30.6,54.0,84,Cloudy
16359,Ludhiana,2024.04.24,28.9,7.8,57,Clear
16360,Ludhiana,2024-09-21,27.1,40.3,44,Foggy
16361,Ludhiana,2023-02-22,19.2,0.0,51,Cloudy
16362,Ludhiana,2024-06-06,19.3,34.0,61,Clear
16363,Ludhiana,10/02/2024,11.8,0.0,57,Foggy
16364,,2023.11.07,26.7,78.0,33,Foggy
16365,Ludhiana,01-04-2023,38.3,3.3,90,Clear
16366,Ludhiana,08/22/2024,27.8,123.3,47,Rainy
16367,Ludhiana,2023.10.04,25.5,,46,Foggy
16368,Ludhiana,2023-05-17,37.8,1.3,65,Humid
16369,Ludhiana,2023-08-21,33.8,43.4,75,Foggy
16370,Ludhiana,2024-03-31,37.1,4.3,46,Cloudy
16371,Ludhiana,01/17/2023,20.8,0.7,49,Clear
16372,Ludhiana,30-07-2024,33.8,140.0,59,Clear
16373,Ludhiana,01/01/2024,24.4,1.7,38,Clear
16374,Ludhiana,2023.08.09,29.9,0.0,68,Humid
16375,Ludhiana,2024.05.30,28.6,19.1,44,Clear
16376,Ludhiana,2023-05-11,41.4,25.6,75,Clear
16377,Ludhiana,25-12-2023,13.0,8.1,23,Humid
16378,Ludhiana,2024.04.26,29.7,10.9,66,Clear
16379,Ludhiana,16/12/2023,19.1,2.8,88,Humid
16380,Ludhiana,31/03/2024,37.2,7.5,54,Cloudy
16381,Ludhiana,2023-06-30,29.4,642.9,57,Foggy
16382,Ludhiana,2024.05.07,34.5,0.0,62,Cloudy
16383,Ludhiana,30-06-2024,30.6,0.0,54,Foggy
16384,Ludhiana,2023-03-13,35.9,0.0,76,Stormy
16385,Ludhiana,2024-10-26,23.5,22.2,52,Cloudy
16386,Ludhiana,08/06/2024,22.6,29.2,-54,Humid
16387,Ludhiana,29/12/2023,16.1,6.3,49,Rainy
16388,Ludhiana,04/01/2024,19.8,7.6,75,Clear
16389,Ludhiana,20-08-2024,24.1,80.6,64,Humid
16390,Ludhiana,2023-12-19,13.0,0.0,44,Humid
16391,Ludhiana,06-03-2023,28.1,4.9,54,Clear
16392,Ludhiana,16/07/2024,35.7,16.5,65,Clear
16393,Ludhiana,2024.02.15,16.2,0.1,62,Foggy
16394,Ludhiana,2023-08-11,27.9,59.2,32,Clear
16395,Ludhiana,04-04-2023,34.5,2.6,41,Cloudy
16396,Ludhiana,19-05-2024,38.3,0.0,61,Clear
16397,Ludhiana,08/12/2023,24.0,8.9,50,Foggy
16398,Ludhiana,29-11-2023,22.4,48.4,60,Clear
16399,Ludhiana,10/02/2023,15.4,0.0,29,Cloudy
16400,Ludhiana,2023.09.22,31.6,48.8,64,Rainy
16401,Ludhiana,2024-07-11,27.0,465.9,59,Clear
16402,Ludhiana,23/09/2024,28.9,0.0,65,Clear
16403,Ludhiana,04/26/2023,29.6,4.2,92,Clear
16404,Ludhiana,2024-11-26,25.1,0.0,28,Foggy
16405,Ludhiana,2023.08.12,29.2,360.4,64,Rainy
16406,Ludhiana,03-06-2023,26.1,666.7,71,Clear
16407,Ludhiana,05-10-2023,27.5,35.4,61,Clear
16408,Ludhiana,04/08/2023,24.1,10.7,81,Clear
16409,Ludhiana,2024-12-26,20.8,0.0,47,Rainy
16410,Ludhiana,07/08/2024,29.4,87.7,46,Cloudy
16411,Ludhiana,01/18/2023,21.0,0.7,30,Cloudy
16412,Ludhiana,2024.05.08,32.5,1.5,71,Foggy
16413,Ludhiana,24/08/2023,29.5,20.6,78,Humid
16414,Ludhiana,12/19/2024,20.5,0.5,10,Clear
16415,Ludhiana,2024-09-01,27.9,0.0,63,Clear
16416,Ludhiana,27/12/2024,15.4,6.3,61,Rainy
16417,Ludhiana,2024.01.01,56.9,0.0,69,Stormy
16418,Ludhiana,2024-01-11,18.4,0.9,54,Cloudy
16419,Ludhiana,10/23/2023,22.1,0.0,65,Cloudy
16420,Ludhiana,2024-12-21,14.1,0.0,85,Clear
16421,Ludhiana,2023.12.09,12.0,4.9,63,Cloudy
16422,Ludhiana,10/27/2023,26.2,68.9,41,Humid
16423,Ludhiana,2023.02.10,16.8,0.4,58,Clear
16424,Ludhiana,2024.07.16,25.5,39.6,76,Rainy
16425,Ludhiana,2024-04-20,33.0,13.5,51,Clear
16426,Ludhiana,12/12/2023,19.4,2.1,81,Foggy
16427,Ludhiana,29/01/2023,18.5,13.4,70,Stormy
16428,Ludhiana,23/04/2024,32.3,0.0,43,Cloudy
16429,Ludhiana,20-01-2023,16.4,0.1,65,Clear
16430,Ludhiana,2024-08-21,32.8,109.2,56,Rainy
16431,Ludhiana,10/10/2023,27.2,68.6,52,Rainy
16432,Ludhiana,12/07/2023,12.6,0.0,54,Clear
16433,Ludhiana,07-06-2023,23.1,49.2,29,Clear
16434,Ludhiana,02/11/2024,20.1,0.0,80,Foggy
16435,Ludhiana,12/21/2023,19.0,0.0,35,Cloudy
16436,Ludhiana,2024.01.11,19.5,0.0,45,Cloudy
16437,Ludhiana,06/11/2023,28.6,0.0,60,Humid
16438,Ludhiana,27/12/2023,21.4,7.7,60,Cloudy
16439,Ludhiana,14-06-2023,31.5,73.8,29,Rainy
16440,Ludhiana,07/21/2024,26.6,317.0,61,Foggy
16441,Ludhiana,23-03-2023,35.4,0.1,48,Clear
16442,Ludhiana,2023.12.23,21.5,4.4,43,Clear
16443,Ludhiana,05/08/2024,42.0,0.0,63,Cloudy
16444,Ludhiana,2023-02-15,24.6,0.0,56,Cloudy
16445,Ludhiana,2024-08-03,31.2,109.0,69,Clear
16446,Ludhiana,28/02/2023,19.4,0.0,71,Clear
16447,Ludhiana,2024-12-09,18.6,0.0,40,Humid
16448,Ludhiana,18-01-2023,21.3,2.8,45,Humid
16449,Ludhiana,2023-11-21,27.4,0.0,66,Foggy
16450,Ludhiana,11-11-2023,25.7,17.3,63,Cloudy
16451,Ludhiana,2024-06-29,24.5,121.7,57,Cloudy
16452,Ludhiana,24/11/2024,25.7,0.0,49,Humid
16453,Ludhiana,2024-01-10,16.3,1.8,65,Cloudy
16454,Ludhiana,17/10/2024,24.8,0.0,62,Clear
16455,Ludhiana,25-05-2024,36.5,3.2,61,Clear
16456,Ludhiana,06/21/2023,34.3,29.8,59,Humid
16457,Ludhiana,06/17/2024,30.2,5.4,84,Rainy
16458,Ludhiana,2024-12-29,20.8,1.4,42,Clear
16459,Ludhiana,02/06/2023,12.5,1.5,53,Humid
16460,Ludhiana,12/07/2023,15.0,0.0,71,Humid
16461,Ludhiana,01/26/2024,11.9,1.0,-80,Cloudy
16462,Ludhiana,17/09/2024,29.5,87.8,83,Clear
16463,Ludhiana,04/16/2023,37.3,3.1,60,Clear
16464,Ludhiana,21-01-2023,15.5,2.3,65,Rainy
16465,Ludhiana,09-09-2023,26.3,0.0,57,Clear
16466,Ludhiana,22/05/2024,37.5,5.8,68,Cloudy
16467,Ludhiana,24-02-2024,19.1,5.4,70,Humid
16468,Ludhiana,2024-02-17,24.3,2.0,42,Clear
16469,Ludhiana,12-04-2024,35.6,24.8,97,Clear
16470,Ludhiana,2024-07-26,25.6,0.0,76,Foggy
16471,Ludhiana,16/04/2024,29.0,0.7,57,Foggy
16472,Ludhiana,29-07-2023,21.3,111.3,70,Foggy
16473,Ludhiana,15-07-2024,22.4,1.0,29,Clear
16474,Ludhiana,2023.09.05,28.6,76.5,46,Foggy
16475,Ludhiana,02/01/2023,20.9,0.0,49,Cloudy
16476,Ludhiana,2023.01.22,10.1,8.1,74,Clear
16477,Ludhiana,2023-08-28,30.7,6.6,53,Humid
16478,Ludhiana,10/25/2024,24.2,47.4,48,Clear
16479,Ludhiana,10-06-2024,30.7,0.0,37,Foggy
16480,Ludhiana,2024-08-14,27.6,358.2,39,Cloudy
16481,Ludhiana,02/03/2024,28.1,0.0,79,Clear
16482,Ludhiana,23-07-2024,33.1,,55,Clear
16483,Ludhiana,07/15/2024,29.6,69.4,-45,Humid
16484,Ludhiana,2023-11-29,30.5,13.6,69,Clear
16485,Ludhiana,25-02-2023,17.4,11.1,56,Cloudy
16486,Ludhiana,2023.07.13,30.4,136.2,40,Rainy
16487,Ludhiana,13-05-2024,29.2,2.1,57,Humid
16488,Ludhiana,18-12-2024,15.5,0.0,69,Humid
16489,Ludhiana,04/05/2024,30.1,18.9,77,Cloudy
16490,Ludhiana,30-10-2024,22.4,0.0,62,Clear
16491,Ludhiana,2023.01.01,19.7,1.0,72,Stormy
16492,Ludhiana,2024.04.11,37.4,0.6,63,Humid
16493,Ludhiana,2024.03.06,32.8,28.1,67,Cloudy
16494,Ludhiana,2023.05.25,28.4,23.6,58,Rainy
16495,Ludhiana,2024-10-04,29.4,29.3,61,Stormy
16496,Ludhiana,2023-12-06,17.8,0.4,59,Cloudy
16497,Ludhiana,2023-06-28,22.5,95.0,74,Cloudy
16498,Ludhiana,05/09/2023,28.0,15.2,65,Cloudy
16499,Ludhiana,2024.04.22,36.7,1.0,65,Humid
16500,Ludhiana,17/11/2023,33.2,17.7,50,Cloudy
16501,Ludhiana,14/12/2024,15.3,0.0,49,Humid
16502,Ludhiana,14-06-2024,27.1,23.7,56,Cloudy
16503,Ludhiana,10/10/2024,29.3,4.1,67,Cloudy
16504,Ludhiana,10/04/2024,33.3,7.8,54,Humid
16505,Ludhiana,13-06-2023,33.9,23.9,58,Cloudy
16506,Ludhiana,2024-05-23,31.3,2.6,54,Cloudy
16507,Ludhiana,27-08-2024,28.9,105.5,37,Clear
16508,Ludhiana,2023.09.05,21.7,81.8,36,Clear
16509,Ludhiana,07/05/2023,26.5,59.6,55,Humid
16510,Ludhiana,2023.12.25,19.9,0.3,36,Clear
16511,Ludhiana,2023-07-14,28.9,263.1,-60,Clear
16512,Ludhiana,21/11/2024,20.8,17.4,42,Humid
16513,Ludhiana,05/10/2024,35.3,25.0,30,Clear
16514,Ludhiana,2024-05-23,33.2,11.0,84,Clear
16515,Ludhiana,23/04/2023,36.2,29.6,50,Rainy
16516,Ludhiana,07/09/2024,30.3,104.7,39,Rainy
16517,Ludhiana,06-03-2023,35.3,0.8,33,Clear
16518,Ludhiana,08/01/2023,30.4,161.5,58,Rainy
16519,Ludhiana,2023.09.24,24.9,69.4,41,Stormy
16520,,06/12/2024,14.6,1.8,44,Clear
16521,Ludhiana,07/04/2024,22.9,0.0,67,Clear
16522,Ludhiana,2023.08.01,30.1,0.0,32,Clear
16523,Ludhiana,2024.01.15,10.2,1.4,53,Clear
16524,Ludhiana,2023-07-03,28.2,132.1,41,Clear
16525,Ludhiana,28/02/2023,17.8,4.6,59,Clear
16526,Ludhiana,03/05/2023,32.1,2.3,42,Humid
16527,Ludhiana,10/31/2024,22.4,48.8,68,Stormy
16528,Ludhiana,09/03/2024,31.6,0.0,76,Cloudy
16529,Ludhiana,29/04/2024,28.6,13.0,31,Stormy
16530,Ludhiana,14-02-2024,18.7,0.0,76,Rainy
16531,Ludhiana,2023-07-02,27.5,6.4,57,Humid
16532,Ludhiana,2023.07.18,25.4,31.8,72,Humid
16533,Ludhiana,2023-05-30,32.7,2.3,51,Rainy
16534,Ludhiana,18/09/2023,29.7,524.4,77,Rainy
16535,Ludhiana,15/01/2023,54.9,1.6,54,Clear
16536,Ludhiana,04/10/2024,31.4,15.3,55,Clear
16537,Ludhiana,01/03/2024,18.2,0.5,75,Clear
16538,Ludhiana,15-08-2023,26.3,12.9,84,Cloudy
16539,Ludhiana,2023.07.17,27.0,183.7,62,Rainy
16540,Ludhiana,29-11-2024,20.1,11.8,80,Clear
16541,Ludhiana,2023-04-25,31.8,14.9,51,Cloudy
16542,Ludhiana,09-12-2024,17.0,15.6,77,Clear
16543,Ludhiana,10/31/2024,25.3,19.9,55,Cloudy
16544,Ludhiana,02/05/2023,34.6,7.1,82,Cloudy
16545,Ludhiana,2023.12.16,20.4,1.4,62,Humid
16546,Ludhiana,07/04/2023,32.6,13.1,71,Cloudy
16547,Ludhiana,2024.02.09,15.2,28.4,51,Rainy
16548,Ludhiana,04/15/2023,39.2,4.0,35,Clear
16549,Ludhiana,10/07/2024,27.9,93.0,44,Foggy
16550,Ludhiana,2024-06-23,29.4,326.8,47,Cloudy
16551,Ludhiana,2023-06-18,22.5,12.1,68,Foggy
16552,Ludhiana,2023.07.07,29.7,68.9,51,Clear
16553,Ludhiana,12-10-2023,29.3,19.2,50,Clear
16554,,14-12-2023,21.6,0.0,24,Clear
16555,Ludhiana,2023.05.08,33.5,9.1,88,Rainy
16556,Ludhiana,08/25/2024,24.9,217.1,73,Rainy
16557,Ludhiana,21/09/2023,27.2,0.0,50,Clear
16558,Ludhiana,28-03-2024,27.0,3.3,51,Foggy
16559,Ludhiana,24-08-2023,24.4,38.9,58,Cloudy
16560,Ludhiana,04/01/2024,33.5,0.3,75,Cloudy
16561,Ludhiana,07/20/2023,15.8,134.6,86,Clear
16562,Ludhiana,10/02/2023,16.0,0.6,59,Foggy
16563,Ludhiana,2023.11.17,24.4,3.3,85,Clear
16564,Ludhiana,04/29/2023,32.9,15.8,57,Foggy
16565,Ludhiana,16/03/2024,29.7,16.4,48,Rainy
16566,Ludhiana,02/11/2023,25.1,35.5,45,Clear
16567,Ludhiana,2023.10.07,30.2,16.0,75,Stormy
16568,Ludhiana,2023.02.09,19.5,4.1,35,Clear
16569,Ludhiana,05/21/2023,27.3,7.6,45,Stormy
16570,Ludhiana,23/06/2024,24.9,39.7,32,Stormy
16571,Ludhiana,05/10/2023,25.9,4.2,69,Clear
16572,Ludhiana,2024.06.20,29.6,380.0,51,Foggy
16573,Ludhiana,2023-10-25,23.0,0.0,61,Cloudy
16574,Ludhiana,2024.04.04,33.1,2.1,69,Clear
16575,Ludhiana,06/11/2024,24.9,0.0,61,Clear
16576,Ludhiana,09/10/2024,27.0,73.9,63,Rainy
16577,Ludhiana,26/05/2023,41.5,0.8,59,Humid
16578,Ludhiana,2023.09.07,35.7,33.9,100,Rainy
16579,Ludhiana,06/17/2024,25.8,230.0,71,Foggy
16580,Ludhiana,2023.03.28,25.8,0.4,61,Cloudy
16581,Ludhiana,09/28/2024,25.9,38.1,69,Cloudy
16582,Ludhiana,21/07/2023,31.7,17.5,71,Rainy
16583,Ludhiana,16/05/2023,35.4,2.6,52,Clear
16584,Ludhiana,2023.12.30,14.7,6.0,85,Foggy
16585,Ludhiana,15/11/2023,20.6,0.0,40,Clear
16586,Ludhiana,24/09/2024,21.4,0.0,62,Clear
16587,Ludhiana,2024.10.31,22.9,44.3,61,Cloudy
16588,Ludhiana,2024-01-02,19.7,4.0,77,Clear
16589,Ludhiana,30-08-2023,26.5,192.2,73,Foggy
16590,Ludhiana,2024.06.27,30.3,0.0,61,Foggy
16591,Ludhiana,30/03/2024,29.2,6.3,61,Cloudy
16592,Ludhiana,2023.06.21,34.7,104.1,51,Clear
16593,Ludhiana,2023-08-19,28.0,0.0,32,Clear
16594,,2024.08.06,25.9,223.7,61,Rainy
16595,Ludhiana,2024-06-27,22.9,127.0,58,Cloudy
16596,Ludhiana,27/03/2024,33.3,1.4,55,Clear
16597,Ludhiana,28-08-2024,22.0,203.7,58,Clear
16598,Ludhiana,18/08/2023,23.6,117.4,53,Rainy
16599,Ludhiana,2023.08.12,28.6,124.4,66,Rainy
16600,Ludhiana,27-11-2024,26.6,27.6,77,Clear
16601,Ludhiana,02/11/2024,23.0,27.5,76,Foggy
16602,Ludhiana,21-10-2024,19.2,0.3,91,Clear
16603,Ludhiana,2023-06-13,34.2,235.8,63,Stormy
16604,Ludhiana,2024-06-06,22.3,1.0,51,Clear
16605,Ludhiana,11/12/2024,17.5,0.5,41,Clear
16606,Ludhiana,2023-10-15,26.1,2.3,48,Cloudy
16607,Ludhiana,27-10-2024,27.3,17.6,36,Humid
16608,Ludhiana,14-08-2023,30.3,96.2,89,Foggy
16609,Ludhiana,05/08/2024,32.5,117.7,40,Humid
16610,Ludhiana,2023-04-28,36.0,5.0,66,Clear
16611,Ludhiana,25/07/2024,33.8,19.3,67,Rainy
16612,Ludhiana,12/24/2023,12.4,11.5,44,Clear
16613,Ludhiana,05-07-2024,35.9,2.7,51,Humid
16614,Ludhiana,01/30/2024,20.9,0.0,71,Rainy
16615,Ludhiana,02/23/2023,13.5,0.0,62,Cloudy
16616,Ludhiana,23/02/2023,22.6,7.5,50,Stormy
16617,Ludhiana,17-01-2023,23.1,1.5,62,Cloudy
16618,Ludhiana,05/07/2023,29.4,39.2,80,Cloudy
16619,Ludhiana,20-12-2024,21.2,10.1,74,Cloudy
16620,Ludhiana,04/17/2024,33.1,5.5,43,Clear
16621,Ludhiana,2023.09.26,29.3,0.0,51,Clear
16622,Ludhiana,2023-06-02,28.6,0.0,63,Clear
16623,Ludhiana,2024.05.23,34.3,0.0,33,Cloudy
16624,Ludhiana,08/09/2024,26.7,88.1,76,Foggy
16625,Ludhiana,07/15/2024,24.6,62.6,53,Cloudy
16626,Ludhiana,2024.04.18,30.7,0.0,72,Cloudy
16627,Ludhiana,2024-01-03,17.1,0.0,55,Clear
16628,Ludhiana,01/08/2024,19.2,0.0,70,Clear
16629,Ludhiana,26-01-2023,22.5,4.0,19,Clear
16630,Ludhiana,02/17/2024,19.9,4.0,93,Rainy
16631,Ludhiana,07/05/2024,31.9,0.0,69,Clear
16632,Ludhiana,11/14/2023,22.9,0.0,42,Clear
16633,Ludhiana,2023.01.16,22.4,12.7,78,Clear
16634,Ludhiana,10-04-2024,34.4,5.8,74,Foggy
16635,Ludhiana,14/06/2023,25.3,0.0,60,Foggy
16636,Ludhiana,31/08/2023,23.7,105.4,76,Foggy
16637,Ludhiana,01/05/2024,36.2,11.9,37,Rainy
16638,Ludhiana,24-02-2023,19.4,12.1,68,Cloudy
16639,Ludhiana,09/14/2023,31.4,70.2,46,Clear
16640,Ludhiana,07-12-2023,14.0,1.9,64,Clear
16641,Ludhiana,2023-05-27,28.9,0.0,43,Clear
16642,Ludhiana,2024.06.15,28.9,161.5,57,Clear
16643,Ludhiana,18/03/2023,36.2,22.6,74,Humid
16644,Ludhiana,02/17/2023,28.1,0.4,72,Foggy
16645,Ludhiana,16/02/2024,15.9,0.0,67,Rainy
16646,Ludhiana,04/01/2024,28.9,37.6,51,Rainy
16647,Ludhiana,05/31/2024,32.9,2.5,47,Rainy
16648,Ludhiana,2023-02-10,19.0,3.4,54,Clear
16649,Ludhiana,2024-07-12,25.6,82.3,51,Rainy
16650,Ludhiana,20/07/2023,30.8,108.6,68,Cloudy
16651,Ludhiana,07-12-2024,18.2,29.7,74,Humid
16652,Ludhiana,2023-12-30,18.9,5.3,76,Clear
16653,Ludhiana,2023.01.16,17.1,0.5,74,Stormy
16654,Ludhiana,18-09-2023,31.2,30.7,58,Rainy
16655,Ludhiana,10/07/2024,26.3,196.4,59,Rainy
16656,Ludhiana,12/02/2023,24.3,14.4,76,Cloudy
16657,Ludhiana,2024-02-01,15.7,0.6,77,Foggy
16658,Ludhiana,10/05/2023,38.2,14.3,85,Clear
16659,Ludhiana,2023-12-19,20.1,0.0,52,Cloudy
16660,Ludhiana,12/06/2024,21.6,,51,Humid
16661,Ludhiana,30/12/2024,16.9,0.0,26,Cloudy
16662,Ludhiana,06/26/2023,32.4,22.9,73,Clear
16663,Ludhiana,2023.05.10,35.2,8.8,63,Clear
16664,Ludhiana,2024.05.10,37.0,4.4,45,Clear
16665,Ludhiana,22-09-2024,28.0,0.0,67,Stormy
16666,Ludhiana,2024-08-21,30.1,88.9,43,Cloudy
16667,Ludhiana,11/19/2024,23.9,37.3,60,Humid
16668,Ludhiana,08/05/2023,32.2,124.2,51,Clear
16669,Ludhiana,09/11/2023,29.0,4.1,55,Clear
16670,Ludhiana,2023-03-28,40.0,3.8,62,Cloudy
16671,Ludhiana,26-04-2023,40.3,15.3,48,Rainy
16672,Ludhiana,2023-03-12,31.1,0.9,42,Cloudy
16673,Ludhiana,2024-06-22,34.3,180.4,46,Cloudy
16674,Ludhiana,01-09-2023,30.2,35.2,52,Humid
16675,Ludhiana,11/29/2023,33.4,0.0,47,Cloudy
16676,Ludhiana,06/14/2024,37.9,45.5,74,Rainy
16677,Ludhiana,2024-04-03,41.3,34.2,42,Rainy
16678,Ludhiana,07/20/2024,32.6,86.0,66,Rainy
16679,Ludhiana,11/01/2024,26.3,0.0,55,Cloudy
16680,Ludhiana,2024.11.27,21.0,95.5,52,Clear
16681,Ludhiana,20-09-2023,28.1,0.0,56,Cloudy
16682,Ludhiana,20-03-2024,36.2,8.4,45,Rainy
16683,Ludhiana,2023.08.30,24.7,126.6,64,Clear
16684,Ludhiana,2023-11-17,28.4,73.3,49,Humid
16685,Ludhiana,2024.08.18,27.4,155.3,59,Clear
16686,Ludhiana,2023.12.16,14.4,0.0,78,Stormy
16687,Ludhiana,03/03/2024,34.9,2.4,61,Humid
16688,Ludhiana,2023-07-12,21.9,208.9,64,Foggy
16689,Ludhiana,2023.11.05,21.4,0.0,93,Rainy
16690,Ludhiana,2023-11-19,29.8,0.0,50,Humid
16691,Ludhiana,2024.11.20,27.6,23.5,65,Clear
16692,Ludhiana,04/28/2024,32.5,0.0,74,Humid
16693,Ludhiana,05/04/2024,39.0,6.0,81,Clear
16694,Ludhiana,02/06/2024,9.3,18.5,71,Cloudy
16695,Ludhiana,04/09/2023,22.2,0.0,90,Humid
16696,Ludhiana,12/13/2023,16.1,0.3,59,Clear
16697,Ludhiana,13/04/2024,28.8,,86,Cloudy
16698,Ludhiana,06/06/2023,20.1,4.2,62,Humid
16699,Ludhiana,07/07/2023,28.4,345.3,72,Rainy
16700,Ludhiana,2024.04.08,30.8,0.0,88,Clear
16701,Ludhiana,2023.07.11,26.5,138.6,54,Rainy
16702,Ludhiana,04/04/2024,33.2,10.0,52,Foggy
16703,Ludhiana,2023.03.22,36.6,8.0,65,Clear
16704,Ludhiana,09/10/2024,27.7,6.8,74,Clear
16705,Ludhiana,15/03/2024,34.8,6.1,57,Clear
16706,Ludhiana,03/06/2024,27.4,0.0,66,Humid
16707,Ludhiana,2023-07-30,32.0,143.9,31,Clear
16708,Ludhiana,30/05/2023,34.2,8.6,73,Cloudy
16709,Ludhiana,2023.04.21,27.1,0.0,79,Cloudy
16710,Ludhiana,05/02/2024,21.3,6.3,56,Clear
16711,Ludhiana,22-11-2023,27.9,10.2,61,Humid
16712,Ludhiana,08/29/2024,28.7,0.0,62,Rainy
16713,Ludhiana,10/21/2023,24.2,11.5,75,Clear
16714,Ludhiana,15/06/2024,30.1,213.1,60,Humid
16715,Ludhiana,2024-12-28,21.9,4.0,47,Rainy
16716,Ludhiana,07/02/2023,16.3,2.7,62,Humid
16717,Ludhiana,01/26/2024,30.9,2.3,46,Clear
16718,Ludhiana,2023-09-16,30.0,13.7,48,Clear
16719,Ludhiana,16-11-2023,21.2,0.0,68,Cloudy
16720,Ludhiana,01/03/2024,31.6,0.0,67,Cloudy
16721,Ludhiana,2024-12-27,20.3,0.0,74,Humid
16722,Ludhiana,02/12/2023,20.3,0.7,67,Cloudy
16723,Ludhiana,27/12/2024,15.0,0.1,48,Rainy
16724,Ludhiana,11-03-2024,27.7,18.7,74,Humid
16725,Ludhiana,07/05/2023,34.3,134.8,52,Humid
16726,Ludhiana,25-06-2023,29.9,167.6,41,Rainy
16727,Ludhiana,01/31/2023,19.6,1.4,58,Cloudy
16728,Ludhiana,2023-02-13,17.0,2.9,97,Cloudy
16729,Ludhiana,2024-01-15,23.4,0.0,30,Clear
16730,Ludhiana,26/02/2023,54.9,7.3,85,Clear
16731,Ludhiana,13-02-2023,15.9,4.7,48,Cloudy
16732,Ludhiana,04/07/2023,26.7,86.3,64,Cloudy
16733,Ludhiana,11-09-2024,29.7,35.2,68,Clear
16734,Ludhiana,05/24/2024,33.3,0.0,75,Rainy
16735,Ludhiana,13-08-2023,26.8,0.0,63,Cloudy
16736,Ludhiana,18/03/2024,33.0,0.0,63,Clear
16737,Ludhiana,2023.10.23,31.4,20.1,62,Humid
16738,Ludhiana,2023-10-25,19.0,6.8,46,Cloudy
16739,Ludhiana,13-03-2023,38.4,0.3,57,Stormy
16740,Ludhiana,07/28/2024,26.8,0.0,51,Clear
16741,Ludhiana,2023.04.29,33.1,0.4,61,Clear
16742,Ludhiana,19-06-2024,26.3,100.6,88,Humid
16743,Ludhiana,2024.06.18,26.9,0.0,71,Rainy
16744,Ludhiana,2023-05-15,31.9,0.0,52,Cloudy
16745,Ludhiana,15-11-2024,27.9,39.8,45,Cloudy
16746,Ludhiana,2023-04-04,33.2,16.8,38,Cloudy
16747,Ludhiana,2024.06.04,32.2,,45,Cloudy
16748,Ludhiana,11-12-2024,17.6,8.4,87,Clear
16749,Ludhiana,19-06-2024,35.8,57.5,37,Humid
16750,Ludhiana,11/10/2024,27.5,9.0,73,Foggy
16751,Ludhiana,19-04-2023,33.2,0.0,75,Clear
16752,Ludhiana,2023-07-14,52.6,149.7,63,Clear
16753,Ludhiana,28-04-2024,26.1,5.1,79,Humid
16754,Ludhiana,01/10/2023,21.9,4.2,61,Cloudy
16755,Ludhiana,08/27/2023,32.6,642.7,48,Humid
16756,Ludhiana,05/19/2024,27.9,0.3,49,Cloudy
16757,Ludhiana,09/22/2024,33.0,208.4,61,Foggy
16758,Ludhiana,01-12-2024,17.8,10.8,79,Foggy
16759,Ludhiana,2023-06-21,25.4,254.9,32,Clear
16760,Ludhiana,2024-02-20,14.3,0.0,80,Foggy
16761,Ludhiana,2024.09.29,27.1,65.3,61,Cloudy
16762,Ludhiana,04/08/2023,34.3,0.0,59,Humid
16763,Ludhiana,2023-10-20,25.6,0.0,55,Humid
16764,Ludhiana,05/05/2023,30.1,0.0,32,Clear
16765,Ludhiana,2024.11.27,18.4,79.3,63,Clear
16766,Ludhiana,01/03/2023,29.6,0.0,43,Rainy
16767,Ludhiana,24/04/2024,35.2,0.0,47,Clear
16768,Ludhiana,2023.09.18,27.2,67.2,80,Rainy
16769,Ludhiana,10/29/2024,24.7,24.5,65,Clear
16770,Ludhiana,23-11-2024,26.9,85.9,57,Clear
16771,Ludhiana,17/09/2024,27.3,0.0,48,Cloudy
16772,Vadodara,06/19/2023,24.8,0.0,76,Cloudy
16773,Vadodara,2023.12.31,19.7,0.1,57,Rainy
16774,Vadodara,14/12/2023,19.5,1.5,58,Clear
16775,Vadodara,2023.07.17,22.7,552.5,61,Rainy
16776,Vadodara,11/16/2023,20.9,79.4,57,Rainy
16777,Vadodara,06/12/2023,19.1,48.4,76,Humid
16778,Vadodara,2023.10.26,26.3,14.1,52,Humid
16779,Vadodara,01-10-2024,26.2,9.3,57,Rainy
16780,Vadodara,10/26/2024,17.6,52.5,34,Clear
16781,Vadodara,06/09/2023,23.9,92.1,57,Humid
16782,Vadodara,2024-05-01,40.6,11.0,68,Clear
16783,Vadodara,08-08-2024,34.6,0.0,47,Cloudy
16784,Vadodara,2024.04.08,34.6,0.0,55,Cloudy
16785,Vadodara,2024.06.22,28.8,37.6,64,Clear
16786,Vadodara,2023-01-22,11.3,,50,Rainy
16787,Vadodara,2023-11-06,23.8,5.9,53,Clear
16788,Vadodara,16/10/2023,25.4,67.2,50,Rainy
16789,Vadodara,01/06/2023,23.3,69.7,67,Rainy
16790,Vadodara,04/09/2024,30.6,1.9,71,Humid
16791,Vadodara,2023.11.17,25.4,15.2,71,Clear
16792,Vadodara,2023.04.28,35.9,6.9,63,Humid
16793,Vadodara,2024.11.07,24.4,16.8,56,Humid
16794,Vadodara,2024-12-15,19.4,0.2,54,Humid
16795,Vadodara,2024-06-14,29.0,257.0,63,Clear
16796,Vadodara,06/20/2024,32.7,752.3,47,Clear
16797,Vadodara,05/01/2023,30.5,0.0,73,Humid
16798,Vadodara,11/02/2024,21.6,6.6,63,Clear
16799,Vadodara,2024-09-22,30.9,11.5,60,Humid
16800,Vadodara,09/16/2023,24.3,,47,Humid
16801,Vadodara,09/23/2023,25.7,89.3,66,Clear
16802,Vadodara,2023.01.10,14.4,7.3,70,Clear
16803,Vadodara,2024-12-17,21.0,11.7,54,Foggy
16804,Vadodara,2023.10.06,30.2,31.6,31,Clear
16805,Vadodara,25-08-2023,30.3,235.8,55,Clear
16806,Vadodara,2024-01-07,53.6,0.1,56,Rainy
16807,Vadodara,2024.10.19,18.5,5.9,30,Clear
16808,Vadodara,01/01/2024,19.7,0.6,67,Clear
16809,Vadodara,2024.12.18,11.2,2.6,86,Cloudy
16810,Vadodara,07/09/2024,27.7,72.6,79,Rainy
16811,Vadodara,2023-07-18,27.4,91.8,50,Foggy
16812,Vadodara,14/10/2023,23.5,0.0,57,Clear
16813,Vadodara,10/05/2024,42.4,11.3,69,Cloudy
16814,Vadodara,2023.10.31,26.2,31.1,31,Humid
16815,Vadodara,11/24/2024,23.9,17.6,63,Cloudy
16816,Vadodara,11/19/2023,22.9,21.0,80,Foggy
16817,Vadodara,18/07/2024,27.8,0.0,62,Rainy
16818,Vadodara,29/06/2024,19.5,160.9,53,Cloudy
16819,Vadodara,12/22/2024,21.2,0.0,77,Foggy
16820,Vadodara,11/05/2023,20.8,7.4,53,Cloudy
16821,Vadodara,2023.06.05,30.0,0.0,60,Clear
16822,Vadodara,21-02-2024,23.2,0.0,36,Foggy
16823,Vadodara,2023-03-08,36.6,33.4,62,Clear
16824,Vadodara,16-02-2024,15.8,0.2,58,Clear
16825,Vadodara,10/07/2023,23.3,50.7,37,Cloudy
16826,Vadodara,15-02-2023,16.1,0.0,66,Foggy
16827,Vadodara,2024.10.20,21.3,27.3,57,Humid
16828,Vadodara,22-06-2023,25.8,1.2,65,Clear
16829,Vadodara,30-05-2023,28.3,6.1,82,Cloudy
16830,Vadodara,24/01/2024,15.4,5.7,68,Clear
16831,Vadodara,12/14/2024,15.5,0.7,52,Clear
16832,Vadodara,2024.05.16,34.1,0.0,64,Humid
16833,Vadodara,07/30/2023,28.9,65.9,72,Clear
16834,Vadodara,11/25/2023,26.8,51.7,57,Cloudy
16835,Vadodara,2023.02.05,17.4,1.8,56,Humid
16836,Vadodara,2024.03.21,34.5,5.5,48,Humid
16837,Vadodara,20/07/2023,27.3,19.0,55,Rainy
16838,Vadodara,26-05-2023,29.1,12.8,55,Cloudy
16839,Vadodara,07-02-2024,15.6,1.4,53,Clear
16840,Vadodara,2023.04.18,28.6,7.7,83,Clear
16841,Vadodara,2023.04.14,30.7,0.0,51,Clear
16842,Vadodara,2024.10.29,22.3,0.6,52,Humid
16843,Vadodara,26/02/2023,17.0,11.2,48,Rainy
16844,Vadodara,08/08/2023,32.1,250.9,74,Foggy
16845,Vadodara,2023.03.29,30.0,0.0,54,Cloudy
16846,Vadodara,2023-12-03,13.9,0.0,77,Clear
16847,Vadodara,27-02-2023,21.2,16.7,47,Foggy
16848,Vadodara,2023.12.27,16.1,10.5,53,Cloudy
16849,Vadodara,2024.04.30,35.4,0.0,81,Clear
16850,Vadodara,2023-07-03,25.0,96.5,60,Humid
16851,Vadodara,31-08-2024,28.6,22.0,64,Cloudy
16852,Vadodara,2024.01.20,21.0,5.9,31,Foggy
16853,Vadodara,2023.01.10,24.8,8.5,60,Rainy
16854,Vadodara,2023.01.19,15.4,2.5,37,Humid
16855,Vadodara,2024-08-04,29.7,481.1,72,Rainy
16856,Vadodara,12/23/2023,17.7,17.9,41,Rainy
16857,Vadodara,2024-10-13,24.2,12.1,51,Foggy
16858,Vadodara,2024-04-20,35.4,5.3,49,Cloudy
16859,Vadodara,19/05/2023,33.8,1.2,70,Cloudy
16860,Vadodara,25/02/2024,19.4,2.1,37,Cloudy
16861,Vadodara,01-04-2024,26.8,13.2,57,Clear
16862,Vadodara,12/12/2023,20.8,6.7,65,Clear
16863,Vadodara,17-04-2024,29.0,2.6,78,Cloudy
16864,Vadodara,03/15/2024,33.1,1.2,65,Clear
16865,Vadodara,04/20/2024,34.3,2.5,64,Rainy
16866,Vadodara,23/04/2023,34.8,10.6,65,Clear
16867,Vadodara,30/12/2023,19.6,0.0,37,Clear
16868,Vadodara,2023-02-07,18.7,0.0,45,Foggy
16869,Vadodara,2024.11.28,22.8,0.0,-63,Clear
16870,Vadodara,27/03/2024,33.9,17.2,69,Clear
16871,Vadodara,12/05/2023,24.3,1.6,24,Clear
16872,Vadodara,2024.06.20,24.0,426.3,38,Clear
16873,Vadodara,10-05-2023,28.5,0.8,58,Clear
16874,Vadodara,01/22/2024,17.0,1.0,68,Clear
16875,Vadodara,2023-04-29,33.3,25.2,61,Humid
16876,Vadodara,01-03-2024,22.3,6.4,67,Clear
16877,Vadodara,19-06-2023,34.1,60.2,46,Rainy
16878,Vadodara,22-02-2023,25.1,1.9,67,Humid
16879,Vadodara,2023-08-11,23.5,118.7,47,Humid
16880,Vadodara,01/02/2024,17.3,0.9,54,Clear
16881,Vadodara,2024.04.30,28.2,1.8,52,Humid
16882,Vadodara,2024.06.20,24.2,5.6,43,Clear
16883,Vadodara,2024.11.18,24.2,22.7,61,Foggy
16884,Vadodara,10/12/2024,19.1,3.7,76,Cloudy
16885,Vadodara,2023.11.24,28.1,33.0,34,Humid
16886,Vadodara,2023-06-15,36.9,0.0,54,Clear
16887,Vadodara,12/05/2024,29.1,2.4,81,Clear
16888,Vadodara,27-10-2024,29.7,56.9,41,Humid
16889,Vadodara,2023-09-03,31.4,0.0,75,Humid
16890,Vadodara,16-02-2024,15.4,4.5,74,Cloudy
16891,Vadodara,11/15/2024,27.9,34.3,81,Cloudy
16892,Vadodara,02-10-2024,24.7,137.1,78,Clear
16893,Vadodara,07/04/2024,30.4,8.5,48,Stormy
16894,Vadodara,12/02/2023,23.2,0.0,46,Rainy
16895,Vadodara,2023.07.09,31.3,60.8,56,Clear
16896,Vadodara,2024.06.06,26.4,39.0,74,Humid
16897,Vadodara,28-12-2024,16.4,11.6,52,Rainy
16898,Vadodara,30-09-2024,31.0,63.0,62,Clear
16899,Vadodara,2024-12-28,23.4,0.0,53,Humid
16900,Vadodara,05/22/2024,31.1,5.7,76,Clear
16901,Vadodara,2023-02-21,12.9,7.7,53,Clear
16902,Vadodara,2023.09.27,31.8,253.7,36,Foggy
16903,Vadodara,11-03-2024,30.8,0.0,52,Foggy
16904,Vadodara,17/04/2024,36.3,26.4,53,Clear
16905,Vadodara,2023-06-07,33.9,127.0,38,Humid
16906,Vadodara,2024-10-14,19.5,4.9,44,Clear
16907,Vadodara,2024.11.21,24.0,0.0,64,Clear
16908,Vadodara,08/21/2023,30.2,0.0,57,Clear
16909,Vadodara,2023-08-28,28.2,169.7,59,Humid
16910,Vadodara,2023-01-15,13.7,5.8,100,Stormy
16911,Vadodara,2024.04.24,32.2,8.6,73,Clear
16912,Vadodara,20/09/2023,23.7,286.4,68,Rainy
16913,Vadodara,2024-12-12,11.7,1.0,59,Clear
16914,Vadodara,2023.04.23,33.2,1.2,41,Cloudy
16915,Vadodara,15-05-2024,29.1,0.0,80,Stormy
16916,Vadodara,14-10-2023,17.0,6.6,58,Clear
16917,Vadodara,06-04-2023,31.6,1.2,47,Humid
16918,Vadodara,02/04/2023,28.2,0.0,72,Clear
16919,Vadodara,21/05/2023,32.1,1.4,36,Stormy
16920,Vadodara,18-12-2024,28.5,5.8,33,Clear
16921,Vadodara,09-08-2023,32.2,2.0,52,Rainy
16922,Vadodara,28/01/2024,52.7,0.0,71,Clear
16923,Vadodara,2023.08.22,26.9,167.0,73,Clear
16924,Vadodara,09/02/2024,11.9,0.0,72,Cloudy
16925,Vadodara,27-12-2024,17.3,2.1,57,Cloudy
16926,Vadodara,2023.04.07,31.2,2.3,48,Cloudy
16927,Vadodara,2023-06-23,33.1,10.7,50,Clear
16928,Vadodara,20-07-2023,31.5,,60,Clear
16929,Vadodara,04/12/2024,21.1,1.8,63,Stormy
16930,Vadodara,29/01/2024,23.4,0.5,71,Humid
16931,Vadodara,01/01/2024,14.4,1.1,61,Rainy
16932,Vadodara,10/21/2024,25.5,29.5,42,Clear
16933,Vadodara,2024.05.30,32.3,21.0,49,Clear
16934,Vadodara,2024-02-29,24.1,0.0,31,Clear
16935,Vadodara,06/04/2023,29.3,0.0,61,Rainy
16936,Vadodara,05/06/2024,37.5,0.0,69,Foggy
16937,Vadodara,2024.11.10,28.1,0.0,24,Clear
16938,Vadodara,03/03/2024,37.0,0.0,41,Foggy
16939,Vadodara,16/04/2024,31.6,0.0,43,Clear
16940,Vadodara,2023-04-10,31.9,3.5,57,Humid
16941,Vadodara,14-02-2023,16.3,4.8,58,Foggy
16942,Vadodara,25-09-2024,28.3,22.2,54,Clear
16943,Vadodara,05-10-2024,27.6,15.8,55,Clear
16944,Vadodara,12/06/2023,30.1,86.0,84,Rainy
16945,Vadodara,25-07-2023,31.6,418.5,45,Cloudy
16946,Vadodara,23-01-2023,21.1,4.1,63,Foggy
16947,Vadodara,2024.09.18,25.0,123.0,100,Clear
16948,Vadodara,26-09-2023,27.5,195.9,84,Cloudy
16949,Vadodara,2024-07-21,27.2,0.0,70,Clear
16950,Vadodara,08-05-2023,31.1,0.4,50,Clear
16951,Vadodara,2024.04.11,33.6,0.0,56,Clear
16952,Vadodara,26/04/2024,30.2,6.5,53,Foggy
16953,Vadodara,2024-02-08,17.1,0.6,52,Rainy
16954,Vadodara,16/05/2023,28.9,0.0,84,Foggy
16955,Vadodara,13-03-2024,34.2,6.0,57,Clear
16956,Vadodara,19-04-2024,37.5,1.5,73,Clear
16957,Vadodara,2024.06.22,30.1,17.4,84,Rainy
16958,Vadodara,25/04/2023,27.4,0.0,62,Foggy
16959,Vadodara,2024.03.25,37.0,22.1,19,Clear
16960,Vadodara,26/10/2024,24.5,,45,Clear
16961,Vadodara,2024-05-23,35.2,27.8,72,Clear
16962,Vadodara,01/08/2024,22.0,10.5,30,Cloudy
16963,Vadodara,24/02/2023,13.2,0.0,61,Foggy
16964,Vadodara,2024.02.25,16.5,0.7,33,Clear
16965,Vadodara,2024-05-03,40.7,9.5,41,Clear
16966,Vadodara,01/26/2024,16.9,1.7,50,Clear
16967,Vadodara,2024.08.25,28.2,123.6,46,Humid
16968,Vadodara,06/17/2024,26.1,29.0,52,Clear
16969,Vadodara,13-10-2024,22.2,2.6,59,Cloudy
16970,Vadodara,02/04/2024,32.4,4.6,55,Rainy
16971,Vadodara,2023.09.30,25.9,0.0,78,Clear
16972,Vadodara,01/21/2023,16.2,4.1,48,Clear
16973,Vadodara,11-08-2023,25.4,119.6,74,Clear
16974,Vadodara,2023-09-21,29.7,130.1,83,Clear
16975,Vadodara,08/14/2024,29.9,0.0,64,Clear
16976,Vadodara,2024.10.04,30.8,0.0,53,Clear
16977,Vadodara,12/12/2023,18.8,11.5,59,Clear
16978,Vadodara,06/11/2023,25.6,95.4,80,Foggy
16979,Vadodara,29-04-2023,31.8,0.0,42,Clear
16980,Vadodara,2024.05.29,38.1,4.1,67,Foggy
16981,Vadodara,2023.06.19,31.1,0.0,60,Rainy
16982,Vadodara,17-05-2023,33.0,36.7,61,Stormy
16983,Vadodara,11-11-2024,28.0,0.0,92,Rainy
16984,Vadodara,11/03/2023,30.4,72.3,72,Clear
16985,Vadodara,2024-08-10,30.2,26.8,51,Foggy
16986,Vadodara,29/08/2024,28.9,8.2,56,Humid
16987,Vadodara,02/01/2023,14.8,3.1,67,Clear
16988,Vadodara,2023.06.24,27.5,116.5,46,Humid
16989,Vadodara,2023-11-26,22.0,0.5,39,Clear
16990,Vadodara,2024-05-13,31.4,0.0,55,Clear
16991,Vadodara,09/02/2023,27.7,0.0,74,Clear
16992,Vadodara,11/01/2024,21.0,27.8,51,Clear
16993,Vadodara,02-11-2023,25.0,12.5,68,Cloudy
16994,Vadodara,2023-07-19,26.3,0.0,40,Rainy
16995,Vadodara,10/13/2024,28.3,34.8,32,Cloudy
16996,Vadodara,02/16/2024,20.4,14.1,59,Rainy
16997,Vadodara,10/05/2023,22.7,11.2,57,Cloudy
16998,Vadodara,10/08/2024,23.5,0.0,67,Clear
16999,Vadodara,11-04-2023,31.8,0.0,61,Rainy
17000,Vadodara,25/07/2024,35.1,79.1,48,Stormy
17001,Vadodara,10/05/2024,33.3,0.0,44,Cloudy
17002,Vadodara,2024.12.23,14.5,0.4,44,Cloudy
17003,Vadodara,30-10-2024,17.8,0.0,73,Clear
17004,Vadodara,13/04/2023,35.9,6.9,55,Cloudy
17005,Vadodara,2023-04-21,38.5,1.2,51,Cloudy
17006,Vadodara,2023-12-31,12.9,0.7,81,Humid
17007,Vadodara,08/02/2024,27.9,97.3,51,Cloudy
17008,Vadodara,20-04-2023,39.0,2.7,57,Clear
17009,Vadodara,10/28/2023,24.4,3.6,64,Clear
17010,Vadodara,2024.03.15,30.2,0.5,64,Humid
17011,Vadodara,04-06-2024,20.4,95.5,66,Cloudy
17012,Vadodara,2023-10-02,32.3,8.5,48,Cloudy
17013,Vadodara,12-12-2024,17.4,0.0,40,Clear
17014,Vadodara,2024.03.03,31.3,3.4,64,Rainy
17015,Vadodara,05-01-2024,13.5,0.0,52,Foggy
17016,Vadodara,2023.11.25,32.1,0.0,87,Foggy
17017,Vadodara,30-08-2023,24.2,0.0,78,Rainy
17018,Vadodara,02/10/2024,23.4,3.9,32,Clear
17019,Vadodara,07/01/2023,15.2,8.4,30,Foggy
17020,Vadodara,08/13/2023,21.9,21.5,67,Rainy
17021,Vadodara,12/15/2024,16.2,0.0,45,Stormy
17022,Vadodara,03/27/2024,37.1,2.5,69,Humid
17023,Vadodara,09/19/2024,26.1,419.2,69,Rainy
17024,Vadodara,2024.10.17,26.7,5.8,63,Cloudy
17025,Vadodara,19/09/2024,27.2,73.3,60,Clear
17026,Vadodara,2024-07-11,35.4,20.7,66,Rainy
17027,Vadodara,10/27/2023,24.5,39.6,64,Rainy
17028,Vadodara,2024.06.15,24.5,407.5,75,Clear
17029,Vadodara,08/30/2024,29.0,538.1,31,Cloudy
17030,Vadodara,01/26/2023,15.5,0.3,66,Cloudy
17031,Vadodara,09/30/2023,29.3,0.0,49,Humid
17032,Vadodara,2024-04-01,37.0,42.2,49,Foggy
17033,Vadodara,05/14/2024,32.2,0.0,54,Clear
17034,Vadodara,2024-05-06,32.0,0.0,57,Stormy
17035,Vadodara,11/06/2023,29.4,30.5,73,Clear
17036,Vadodara,2023-08-21,22.1,0.0,59,Foggy
17037,Vadodara,21/07/2023,32.5,0.0,73,Rainy
17038,Vadodara,2024-08-06,23.2,130.3,46,Rainy
17039,Vadodara,08/17/2023,25.4,0.0,80,Cloudy
17040,Vadodara,2024.11.30,24.8,86.4,56,Foggy
17041,Vadodara,15/06/2023,27.6,37.0,68,Clear
17042,Vadodara,2023-08-28,25.2,7.6,53,Clear
17043,Vadodara,19-01-2024,15.4,3.8,55,Clear
17044,Vadodara,2023-10-04,24.0,38.0,56,Humid
17045,Vadodara,06/09/2024,23.3,123.6,36,Cloudy
17046,Vadodara,10-12-2024,13.7,0.0,37,Clear
17047,Vadodara,03/07/2024,27.8,0.0,50,Rainy
17048,Vadodara,08-07-2024,31.1,85.0,25,Humid
17049,Vadodara,2024.08.23,32.5,0.0,69,Rainy
17050,Vadodara,20-05-2023,43.3,0.0,79,Cloudy
17051,Vadodara,2023-05-14,52.4,34.4,65,Cloudy
17052,Vadodara,2024-08-21,20.9,572.8,50,Humid
17053,Vadodara,2023-11-20,26.5,41.1,65,Foggy
17054,Vadodara,2023-05-02,29.1,0.0,49,Clear
17055,Vadodara,2024.12.13,15.4,,78,Humid
17056,Vadodara,2024-08-04,26.1,179.0,75,Cloudy
17057,Vadodara,2023-11-17,27.9,7.2,39,Foggy
17058,Vadodara,15-03-2023,31.4,7.5,41,Cloudy
17059,Vadodara,2023.04.30,30.6,0.0,48,Humid
17060,Vadodara,30/06/2024,24.3,449.7,65,Humid
17061,Vadodara,2024.01.30,21.9,0.0,78,Humid
17062,Vadodara,29/05/2024,32.4,0.0,73,Stormy
17063,Vadodara,08/24/2024,30.7,10.3,70,Rainy
17064,Vadodara,2024-01-17,16.0,1.1,60,Clear
17065,Vadodara,26/03/2024,25.0,4.8,38,Clear
17066,Vadodara,05/18/2024,31.6,0.0,75,Cloudy
17067,Vadodara,2023.02.13,24.5,0.2,46,Rainy
17068,Vadodara,02/12/2024,19.6,0.2,53,Clear
17069,Vadodara,21/08/2024,21.4,380.5,68,Clear
17070,Vadodara,08/09/2023,25.8,58.3,48,Clear
17071,Vadodara,2023-01-14,16.7,8.2,74,Foggy
17072,Vadodara,15/05/2023,31.6,3.2,82,Clear
17073,Vadodara,04-09-2024,34.3,1.1,52,Cloudy
17074,Vadodara,2023-11-06,31.1,50.7,82,Clear
17075,Vadodara,14/09/2024,22.6,14.7,82,Foggy
17076,Vadodara,06/01/2023,37.7,20.3,-69,Cloudy
17077,Vadodara,02/01/2024,15.0,0.0,16,Clear
17078,Vadodara,18-06-2024,26.3,219.2,53,Cloudy
17079,Vadodara,01-02-2023,13.3,0.2,78,Humid
17080,Vadodara,25-01-2023,21.5,27.5,52,Cloudy
17081,Vadodara,07/05/2023,35.3,10.8,58,Stormy
17082,Vadodara,05/07/2023,31.8,10.4,44,Stormy
17083,Vadodara,2023-08-15,21.8,0.0,40,Foggy
17084,Vadodara,07-10-2023,32.2,25.6,76,Rainy
17085,Vadodara,2024-10-03,26.5,0.0,51,Cloudy
17086,Vadodara,15-10-2024,20.9,0.0,47,Clear
17087,Vadodara,2024-08-24,19.6,0.0,70,Rainy
17088,Vadodara,2023-12-24,18.7,3.1,50,Foggy
17089,Vadodara,2024.06.21,33.6,57.4,57,Clear
17090,Vadodara,05/01/2024,26.3,2.6,-37,Clear
17091,Vadodara,02/24/2024,13.8,0.0,77,Cloudy
17092,Vadodara,2024.02.17,23.1,0.0,32,Humid
17093,Vadodara,2023-08-19,35.6,,56,Clear
17094,Vadodara,11/29/2024,25.4,30.8,65,Clear
17095,Vadodara,2023.04.14,33.8,5.8,55,Clear
17096,Vadodara,2023.09.15,22.1,111.0,32,Clear
17097,Vadodara,2024-11-25,25.7,36.0,65,Clear
17098,Vadodara,2024.11.25,23.1,0.0,54,Humid
17099,Vadodara,2024-03-21,27.5,17.1,77,Clear
17100,Vadodara,31-07-2024,26.1,,55,Stormy
17101,Vadodara,14-03-2023,30.5,0.0,57,Rainy
17102,Vadodara,2023.08.19,31.7,102.4,60,Clear
17103,Vadodara,23-10-2024,24.7,29.6,75,Rainy
17104,Vadodara,2023.08.24,27.4,114.8,62,Clear
17105,Vadodara,11/13/2023,27.1,77.0,67,Foggy
17106,Vadodara,05/01/2023,12.4,0.0,47,Cloudy
17107,Vadodara,23-05-2023,36.6,5.6,60,Cloudy
17108,Vadodara,06/08/2024,26.4,155.5,22,Humid
17109,Vadodara,01/15/2024,17.5,0.0,74,Cloudy
17110,Vadodara,2024-10-17,29.5,0.0,49,Clear
17111,Vadodara,10/20/2024,29.7,0.0,100,Clear
17112,Vadodara,02/26/2024,14.9,2.4,29,Clear
17113,Vadodara,07/12/2024,19.8,0.0,25,Cloudy
17114,Vadodara,2023.03.20,30.0,0.0,69,Clear
17115,Vadodara,26-03-2023,35.0,0.0,67,Foggy
17116,Vadodara,11-05-2024,32.6,0.0,16,Clear
17117,Vadodara,2023.01.01,15.8,0.0,64,Rainy
17118,Vadodara,23/06/2024,28.0,228.1,46,Rainy
17119,Vadodara,2024-02-29,12.0,3.7,74,Cloudy
17120,Vadodara,18-11-2024,27.3,6.8,63,Foggy
17121,Vadodara,2024.10.06,24.9,21.8,52,Cloudy
17122,Vadodara,2024.03.10,56.6,3.0,42,Clear
17123,Vadodara,01-04-2024,36.6,12.1,51,Foggy
17124,Vadodara,2023-08-25,29.7,5.5,92,Rainy
17125,Vadodara,22-11-2024,24.6,37.7,38,Stormy
17126,Vadodara,31/12/2023,18.7,5.3,68,Humid
17127,Vadodara,10/01/2024,30.2,63.5,64,Stormy
17128,Vadodara,2024-05-20,36.7,7.0,82,Clear
17129,Vadodara,12/08/2024,26.2,22.0,58,Clear
17130,Vadodara,12/04/2023,16.6,0.6,50,Clear
17131,Vadodara,2024-10-26,24.4,41.6,44,Stormy
17132,Vadodara,03-01-2024,20.8,16.2,63,Foggy
17133,Vadodara,06/06/2023,22.5,461.3,49,Clear
17134,Vadodara,04/08/2023,30.6,39.1,62,Cloudy
17135,Vadodara,20-05-2024,26.8,10.6,61,Clear
17136,Vadodara,19-10-2024,20.2,44.1,17,Clear
17137,Vadodara,20/09/2024,28.9,8.9,35,Rainy
17138,Vadodara,2024.04.23,33.3,0.6,36,Rainy
17139,Vadodara,03-11-2024,24.0,22.9,48,Rainy
17140,Vadodara,05/12/2024,36.7,4.2,47,Clear
17141,Vadodara,2023.08.31,29.8,0.0,79,Clear
17142,Vadodara,03/29/2024,35.1,10.2,59,Clear
17143,Vadodara,25/12/2024,19.9,2.9,40,Foggy
17144,Vadodara,12/08/2024,30.2,86.3,75,Cloudy
17145,Vadodara,28-08-2023,23.0,44.3,52,Rainy
17146,Vadodara,18-02-2024,22.8,0.0,57,Rainy
17147,Vadodara,25/05/2023,30.4,0.0,50,Foggy
17148,Vadodara,02/12/2023,13.3,2.5,75,Stormy
17149,Vadodara,2024-04-07,36.3,0.0,52,Stormy
17150,Vadodara,2024.01.18,22.5,3.7,62,Clear
17151,Vadodara,2024-10-20,28.2,1.7,48,Humid
17152,Vadodara,11-12-2023,17.6,6.2,63,Clear
17153,Vadodara,2023.10.10,24.1,0.0,52,Stormy
17154,Vadodara,2024.02.01,16.6,9.6,56,Cloudy
17155,Vadodara,2024.03.26,28.3,8.9,51,Clear
17156,Vadodara,2023.04.18,34.6,0.0,57,Cloudy
17157,Vadodara,12/08/2023,28.9,317.7,67,Clear
17158,Vadodara,2023-10-01,25.2,8.0,42,Clear
17159,Vadodara,2024-03-17,27.0,2.1,55,Cloudy
17160,Vadodara,07-10-2023,25.7,22.4,46,Clear
17161,Vadodara,2024-01-29,18.1,0.0,54,Cloudy
17162,Vadodara,2023.12.23,19.0,6.1,66,Clear
17163,Vadodara,03/28/2024,33.3,9.1,39,Clear
17164,Vadodara,10/30/2023,25.1,0.0,52,Clear
17165,Vadodara,2024.08.06,36.3,0.0,28,Cloudy
17166,Vadodara,29/06/2024,27.0,141.8,75,Clear
17167,Vadodara,2023-06-29,30.7,0.0,41,Foggy
17168,Vadodara,01/18/2024,13.2,5.4,57,Rainy
17169,Vadodara,03/04/2023,34.0,4.7,55,Cloudy
17170,Vadodara,2023.03.12,32.3,9.5,60,Clear
17171,Vadodara,2023-03-30,30.6,1.1,56,Foggy
17172,Vadodara,09/27/2023,30.3,0.0,59,Clear
17173,Vadodara,2023-01-28,13.0,8.9,57,Clear
17174,Vadodara,28-02-2024,12.3,2.3,68,Rainy
17175,Vadodara,27-04-2024,30.0,0.0,92,Cloudy
17176,Vadodara,2024.01.30,25.4,2.3,63,Clear
17177,Vadodara,20-04-2023,29.7,1.4,42,Clear
17178,Vadodara,29-11-2023,27.8,36.2,58,Cloudy
17179,Vadodara,2024-03-18,34.9,4.8,66,Humid
17180,Vadodara,2023.03.06,29.0,12.9,59,Cloudy
17181,Vadodara,2024-08-18,31.6,0.0,64,Clear
17182,Vadodara,2024-01-25,25.5,5.1,38,Clear
17183,Vadodara,2024.12.19,18.2,10.3,45,Foggy
17184,Vadodara,2024.06.06,28.2,223.1,61,Clear
17185,,2023-03-12,38.4,0.8,65,Clear
17186,Vadodara,11-08-2023,28.5,0.0,52,Stormy
17187,Vadodara,2024.07.26,32.0,26.2,62,Humid
17188,Vadodara,26/09/2023,24.1,86.1,35,Cloudy
17189,,2024-09-23,31.2,0.0,56,Clear
17190,Vadodara,08/15/2024,24.7,325.7,33,Foggy
17191,Vadodara,28-03-2024,31.3,6.6,65,Rainy
17192,Vadodara,2024.05.08,39.7,9.0,53,Rainy
17193,Vadodara,2024-12-22,13.7,0.0,65,Clear
17194,Vadodara,09/21/2023,27.0,172.3,62,Humid
17195,Vadodara,2024.04.04,32.9,0.0,68,Cloudy
17196,Vadodara,2024-07-01,24.1,167.2,56,Clear
17197,Vadodara,2024.10.23,29.4,19.4,84,Rainy
17198,Vadodara,01/05/2023,22.7,2.6,63,Cloudy
17199,Vadodara,11/10/2024,18.4,2.4,76,Humid
17200,Vadodara,2024.04.19,37.9,5.9,63,Cloudy
17201,Vadodara,26-07-2024,32.5,77.3,10,Humid
17202,Vadodara,01/19/2024,14.6,3.8,53,Rainy
17203,Vadodara,17/07/2024,30.3,58.3,46,Rainy
17204,Vadodara,26-09-2024,20.7,0.0,55,Rainy
17205,Vadodara,07/05/2024,25.5,101.7,91,Cloudy
17206,Vadodara,01/01/2024,22.5,27.0,56,Clear
17207,Vadodara,2024.04.25,35.9,19.6,60,Clear
17208,Vadodara,12/18/2023,58.5,3.0,52,Humid
17209,Vadodara,2024.11.26,24.9,4.1,62,Clear
17210,Vadodara,14/05/2023,34.9,8.0,66,Cloudy
17211,Vadodara,26/10/2024,26.3,5.2,78,Rainy
17212,Vadodara,01/07/2023,16.2,0.0,41,Clear
17213,Vadodara,12/25/2023,22.3,3.0,39,Clear
17214,Vadodara,23-12-2023,20.5,6.2,70,Cloudy
17215,Vadodara,2023.03.17,35.9,0.0,74,Rainy
17216,Vadodara,03-01-2024,11.7,3.8,52,Clear
17217,Vadodara,07/26/2023,32.5,205.7,51,Cloudy
17218,Vadodara,2023.01.14,22.5,2.6,76,Rainy
17219,Vadodara,2024.01.30,19.7,0.6,45,Clear
17220,Vadodara,18/09/2023,33.4,15.6,61,Clear
17221,Vadodara,08-03-2023,39.7,0.9,65,Clear
17222,Vadodara,02/24/2023,9.6,0.0,45,Humid
17223,Vadodara,03/17/2023,32.5,0.0,59,Clear
17224,Vadodara,2024-07-30,32.5,82.4,77,Clear
17225,Vadodara,31/03/2024,31.3,13.3,-61,Clear
17226,Vadodara,2023-12-30,13.4,0.0,61,Cloudy
17227,Vadodara,2023.07.05,25.8,64.2,76,Rainy
17228,Vadodara,06/24/2024,26.2,0.0,56,Stormy
17229,Vadodara,2023.01.31,13.4,3.0,51,Cloudy
17230,,2023-09-04,32.0,0.0,72,Clear
17231,Vadodara,2024.11.23,29.8,0.0,72,Clear
17232,Vadodara,2024-10-28,28.4,11.9,43,Clear
17233,Vadodara,09/02/2023,28.8,9.9,57,Rainy
17234,Vadodara,05/18/2024,30.1,9.3,78,Stormy
17235,Vadodara,15-09-2023,28.3,0.0,56,Cloudy
17236,Vadodara,16-01-2024,20.3,0.0,50,Foggy
17237,Vadodara,30/11/2023,26.6,0.0,75,Clear
17238,Vadodara,2024-03-12,33.3,21.3,45,Humid
17239,Vadodara,28-07-2024,24.3,0.0,57,Humid
17240,Vadodara,2023.11.27,21.8,0.0,56,Clear
17241,Vadodara,2023-06-28,20.7,47.8,41,Humid
17242,Vadodara,13-08-2023,29.8,50.3,32,Clear
17243,Vadodara,2024.06.20,24.8,67.9,71,Clear
17244,Vadodara,02/06/2023,16.0,0.1,47,Humid
17245,Vadodara,2023-06-09,28.9,207.3,37,Cloudy
17246,Vadodara,2023.03.13,26.1,4.6,45,Clear
17247,Vadodara,19/11/2024,28.0,20.7,48,Clear
17248,Vadodara,05-06-2024,28.8,64.1,64,Cloudy
17249,Vadodara,16/08/2023,34.3,0.0,52,Stormy
17250,Vadodara,2023.02.02,23.5,1.8,45,Foggy
17251,Vadodara,07/24/2024,27.5,66.2,61,Stormy
17252,Vadodara,2024.04.14,32.5,0.0,68,Clear
17253,Vadodara,18/06/2023,30.3,67.8,55,Clear
17254,Vadodara,13/02/2023,15.6,0.2,54,Cloudy
17255,Vadodara,2024.06.22,25.8,0.0,50,Humid
17256,Vadodara,02/26/2023,29.4,2.3,44,Rainy
17257,Vadodara,01/07/2023,15.2,0.0,47,Foggy
17258,Vadodara,2024.10.11,28.1,4.2,91,Clear
17259,Vadodara,11/10/2023,33.6,84.9,56,Foggy
17260,Vadodara,2024.01.22,18.5,3.8,60,Humid
17261,Vadodara,23-04-2023,33.3,0.0,48,Stormy
17262,Vadodara,01/04/2024,34.5,19.1,55,Rainy
17263,Vadodara,19-11-2024,22.2,78.5,42,Humid
17264,Vadodara,2024-04-28,35.0,0.0,61,Rainy
17265,Vadodara,15-07-2024,24.8,39.1,-61,Cloudy
17266,Vadodara,2023-08-28,32.5,177.8,59,Humid
17267,,10/31/2023,28.1,63.1,54,Rainy
17268,Vadodara,12/10/2024,17.9,3.2,65,Clear
17269,Vadodara,2024-09-03,28.2,132.7,27,Clear
17270,Vadodara,14-12-2024,16.0,0.0,63,Foggy
17271,Vadodara,2024-12-19,22.0,0.0,82,Clear
17272,Vadodara,10-11-2023,21.1,0.0,54,Clear
17273,Vadodara,14/02/2024,13.0,7.1,71,Clear
17274,Vadodara,08/02/2023,20.9,0.0,54,Rainy
17275,Vadodara,01/16/2024,11.8,15.2,58,Humid
17276,Vadodara,04/20/2023,36.8,0.0,83,Clear
17277,Vadodara,01/30/2024,20.2,14.9,64,Foggy
17278,Vadodara,07/26/2024,25.8,26.2,52,Clear
17279,Vadodara,05/03/2023,31.6,8.0,87,Clear
17280,Vadodara,09/29/2024,25.3,71.9,54,Clear
17281,Vadodara,01-08-2023,29.2,135.7,58,Clear
17282,Vadodara,2023.04.18,26.4,8.1,52,Humid
17283,Vadodara,2024.07.16,34.8,106.4,66,Clear
17284,Vadodara,12-12-2024,13.4,1.4,30,Rainy
17285,Vadodara,08/05/2024,39.9,2.1,57,Clear
17286,Vadodara,2024.12.16,15.4,4.2,48,Cloudy
17287,Vadodara,2024.01.19,17.8,0.5,80,Cloudy
17288,Vadodara,2023.08.17,37.1,78.1,56,Humid
17289,Vadodara,24-02-2023,19.6,0.0,78,Cloudy
17290,Vadodara,2023.09.05,30.6,92.4,69,Humid
17291,Vadodara,06/10/2023,26.4,0.0,63,Cloudy
17292,Vadodara,16/12/2023,25.1,1.4,65,Clear
17293,Vadodara,05/14/2024,34.9,3.5,81,Humid
17294,Vadodara,04/18/2023,36.8,1.1,64,Cloudy
17295,Vadodara,11/11/2023,22.9,14.5,78,Clear
17296,Vadodara,2024-02-09,16.0,18.5,91,Rainy
17297,Vadodara,26/11/2024,26.6,53.3,47,Rainy
17298,Vadodara,20/08/2023,26.4,150.6,63,Rainy
17299,Vadodara,25/08/2024,26.4,34.2,53,Rainy
17300,Vadodara,2024.01.09,16.2,0.2,51,Humid
17301,Vadodara,2023-04-09,36.3,0.0,56,Foggy
17302,Vadodara,2023-11-29,28.7,24.1,55,Rainy
17303,Vadodara,2024-03-07,34.8,2.7,85,Clear
17304,Vadodara,13/09/2023,28.1,0.0,51,Cloudy
17305,Vadodara,2024.04.05,34.1,3.1,68,Rainy
17306,Vadodara,2024-01-06,10.8,,95,Clear
17307,Vadodara,07/29/2024,28.7,0.0,29,Cloudy
17308,Vadodara,12/07/2023,25.0,2.2,80,Humid
17309,Vadodara,2024.11.24,29.1,0.0,45,Clear
17310,Vadodara,05/06/2023,26.6,123.9,40,Clear
17311,Vadodara,2024.09.07,30.0,181.4,68,Foggy
17312,Vadodara,2023.03.14,31.0,15.4,61,Cloudy
17313,Vadodara,2023-05-21,40.2,5.5,-75,Clear
17314,Vadodara,2023.05.14,28.9,3.9,50,Clear
17315,Vadodara,2024-04-29,29.0,0.0,89,Clear
17316,Vadodara,2023.02.21,22.4,8.5,60,Clear
17317,Vadodara,2024.02.06,17.9,0.0,59,Cloudy
17318,Vadodara,11/09/2024,21.2,68.5,53,Humid
17319,Vadodara,14/10/2023,23.8,7.9,60,Clear
17320,Vadodara,2024-04-08,35.1,3.5,75,Foggy
17321,Vadodara,2024-04-21,29.3,0.0,64,Clear
17322,Vadodara,2024.04.06,30.1,0.0,66,Clear
17323,Vadodara,02-02-2023,18.5,5.0,68,Clear
17324,Vadodara,09/05/2024,29.7,0.0,85,Cloudy
17325,Vadodara,06/25/2023,29.8,29.5,61,Rainy
17326,Vadodara,2023-08-20,21.4,36.6,45,Stormy
17327,Vadodara,2024-04-02,30.7,0.4,89,Rainy
17328,Vadodara,01/08/2023,13.4,2.9,47,Foggy
17329,Vadodara,24-06-2024,34.6,41.1,72,Cloudy
17330,Vadodara,28-07-2023,31.5,102.4,46,Clear
17331,Vadodara,2023-05-18,36.2,0.0,44,Humid
17332,Vadodara,2023-05-13,35.2,,57,Stormy
17333,Vadodara,31/03/2024,39.4,0.3,-59,Clear
17334,Vadodara,2024-08-01,23.5,2.0,63,Clear
17335,Vadodara,02-09-2023,30.3,174.8,40,Clear
17336,Vadodara,23-08-2024,20.9,0.0,43,Rainy
17337,Vadodara,07-07-2024,26.3,9.5,58,Foggy
17338,Vadodara,07/09/2024,26.2,11.1,76,Rainy
17339,Vadodara,10/22/2024,27.0,0.0,43,Cloudy
17340,Vadodara,2023-08-15,30.9,188.7,50,Cloudy
17341,Vadodara,01-10-2024,20.3,2.3,44,Foggy
17342,Vadodara,29-05-2023,29.9,0.4,57,Cloudy
17343,Vadodara,03/08/2024,37.4,5.8,58,Foggy
17344,Vadodara,06/16/2023,24.8,156.9,65,Cloudy
17345,Vadodara,01/10/2024,19.0,6.8,84,Humid
17346,Vadodara,21-10-2024,58.1,14.4,68,Cloudy
17347,Vadodara,08/31/2024,24.3,225.1,33,Stormy
17348,Vadodara,16/10/2023,27.3,24.5,76,Humid
17349,Vadodara,2023.12.04,14.4,1.9,35,Clear
17350,Vadodara,2023-07-23,26.0,0.0,47,Foggy
17351,Vadodara,2023-10-31,25.0,12.1,51,Clear
17352,Vadodara,25/04/2023,35.1,8.2,33,Cloudy
17353,Vadodara,2023.05.26,31.2,5.4,69,Humid
17354,Vadodara,04/09/2024,21.4,130.0,36,Clear
17355,Vadodara,2024-03-08,37.1,3.4,47,Clear
17356,Vadodara,2024-07-09,24.7,255.1,67,Rainy
17357,Vadodara,2024-01-21,20.6,0.5,81,Cloudy
17358,Vadodara,02-01-2024,20.4,3.0,33,Cloudy
17359,Vadodara,05-01-2023,19.7,2.6,57,Cloudy
17360,Vadodara,01/13/2024,18.7,1.3,81,Cloudy
17361,Vadodara,07-11-2023,25.6,11.9,83,Humid
17362,Vadodara,2023.07.10,33.0,133.1,78,Foggy
17363,Vadodara,05/27/2023,37.8,4.3,66,Humid
17364,Vadodara,09/02/2023,17.2,11.2,49,Clear
17365,Vadodara,06/03/2023,28.0,305.9,64,Cloudy
17366,Vadodara,28-09-2024,23.7,3.0,69,Clear
17367,Vadodara,22/03/2024,32.6,0.0,38,Humid
17368,Vadodara,27/12/2024,21.6,0.0,66,Clear
17369,Vadodara,2024-04-08,40.1,14.4,60,Rainy
17370,Vadodara,2024-10-11,21.7,137.6,57,Clear
17371,Vadodara,03/30/2023,36.6,0.8,64,Humid
17372,Vadodara,2024.08.05,36.2,166.7,53,Humid
17373,Vadodara,2024-02-26,19.8,1.5,46,Humid
17374,Vadodara,12/27/2023,21.1,8.8,65,Clear
17375,Vadodara,10/04/2024,36.5,0.0,67,Clear
17376,Vadodara,2024.04.24,33.9,2.4,67,Clear
17377,Vadodara,25-05-2024,30.8,3.0,53,Cloudy
17378,Vadodara,2024.11.02,31.8,0.8,39,Humid
17379,Vadodara,22/03/2023,39.4,6.7,65,Cloudy
17380,Vadodara,23/06/2024,26.8,147.7,35,Stormy
17381,Vadodara,2024-04-27,34.5,15.6,82,Cloudy
17382,Vadodara,2024.09.27,28.6,0.0,58,Humid
17383,Vadodara,2024.11.15,21.9,0.0,41,Rainy
17384,Vadodara,2023-04-12,31.1,0.0,75,Humid
17385,Vadodara,14-10-2023,20.9,4.7,64,Clear
17386,Vadodara,15-08-2024,27.2,179.7,68,Humid
17387,Vadodara,09/10/2024,28.3,16.3,37,Foggy
17388,Vadodara,21/06/2023,23.7,0.0,53,Rainy
17389,Vadodara,2023.02.27,14.9,8.4,51,Clear
17390,Vadodara,04/12/2024,58.3,0.0,85,Humid
17391,Vadodara,23/09/2024,23.8,86.4,81,Rainy
17392,Vadodara,09/30/2023,23.5,0.0,71,Cloudy
17393,Vadodara,07/31/2023,25.7,34.8,62,Humid
17394,Vadodara,18/03/2024,29.9,3.5,73,Foggy
17395,Vadodara,18/11/2023,22.7,8.5,28,Cloudy
17396,Vadodara,28-05-2023,30.8,3.0,81,Foggy
17397,Vadodara,01-03-2023,25.6,24.9,86,Stormy
17398,Vadodara,15/01/2024,50.6,6.7,58,Clear
17399,Vadodara,11/08/2023,26.2,0.0,81,Rainy
17400,Vadodara,12/12/2023,19.2,1.5,48,Cloudy
17401,Vadodara,2024.02.28,24.2,0.8,65,Humid
17402,Vadodara,20-09-2023,31.1,125.8,41,Humid
17403,Vadodara,15-02-2023,18.5,5.0,95,Humid
17404,Vadodara,04/15/2023,32.4,12.1,43,Foggy
17405,Vadodara,2023.01.25,19.5,0.0,37,Rainy
17406,Vadodara,29-07-2024,34.4,0.0,69,Foggy
17407,Vadodara,05/06/2023,35.7,9.3,59,Clear
17408,Vadodara,12/21/2023,17.2,1.8,79,Cloudy
17409,Vadodara,02/09/2024,28.6,104.5,65,Clear
17410,Vadodara,2023.12.14,21.0,12.5,63,Cloudy
17411,Vadodara,02/03/2023,31.0,2.3,57,Clear
17412,Vadodara,01/09/2023,15.8,7.6,68,Rainy
17413,Vadodara,21-04-2023,30.6,0.0,74,Cloudy
17414,Vadodara,2023.08.31,27.5,166.2,42,Clear
17415,Vadodara,28-02-2024,19.4,3.1,63,Cloudy
17416,Vadodara,10/23/2023,28.7,16.5,53,Humid
17417,Vadodara,10/03/2024,27.2,0.0,56,Humid
17418,Vadodara,11/10/2024,21.4,20.6,46,Rainy
17419,Vadodara,27-11-2024,24.9,0.0,80,Cloudy
17420,Vadodara,24-02-2023,20.3,0.0,73,Clear
17421,Vadodara,2023.12.05,15.8,1.6,60,Clear
17422,Vadodara,2023.03.10,26.6,0.0,70,Cloudy
17423,Vadodara,07/24/2023,59.7,0.0,55,Foggy
17424,Vadodara,2024.08.18,26.8,12.2,51,Stormy
17425,Vadodara,2024-06-02,36.0,0.0,55,Clear
17426,Vadodara,10-02-2024,16.3,0.0,49,Humid
17427,Vadodara,09/05/2023,27.2,35.6,62,Clear
17428,Vadodara,18-07-2023,25.9,40.6,98,Cloudy
17429,Vadodara,07/15/2023,24.4,99.6,23,Cloudy
17430,Vadodara,22-02-2023,15.9,4.9,65,Cloudy
17431,Vadodara,2024-01-18,54.9,0.0,48,Foggy
17432,Vadodara,2024-02-01,20.7,0.0,47,Humid
17433,Vadodara,09/12/2024,19.7,49.0,60,Clear
17434,Vadodara,2024-11-23,31.7,0.0,48,Clear
17435,Vadodara,2024.01.28,18.1,0.0,67,Clear
17436,Vadodara,2023-04-18,36.1,0.0,56,Clear
17437,Vadodara,2023-02-15,20.9,0.0,56,Clear
17438,Vadodara,10-04-2024,35.3,20.4,54,Cloudy
17439,Vadodara,04/25/2024,39.4,3.2,64,Cloudy
17440,Vadodara,28/01/2024,22.2,5.0,63,Clear
17441,Vadodara,2024.08.12,17.9,0.0,74,Humid
17442,Vadodara,2024-08-04,30.5,0.0,71,Clear
17443,Vadodara,26/04/2023,25.2,12.4,55,Foggy
17444,Vadodara,05/29/2023,39.0,3.0,57,Rainy
17445,Vadodara,20-10-2023,24.7,30.6,70,Humid
17446,Vadodara,12/12/2023,22.8,0.8,70,Stormy
17447,Vadodara,24/03/2024,33.4,0.0,69,Foggy
17448,Vadodara,2023-10-07,31.5,43.6,54,Foggy
17449,Vadodara,24/04/2024,31.9,0.0,71,Cloudy
17450,Vadodara,2024-01-24,15.0,0.0,43,Cloudy
17451,Vadodara,2024-06-04,41.1,62.0,41,Rainy
17452,Vadodara,24/12/2024,16.2,7.5,76,Cloudy
17453,Vadodara,29-05-2023,37.6,0.0,87,Clear
17454,Vadodara,21/09/2024,53.0,0.0,50,Cloudy
17455,Vadodara,20-08-2024,31.2,0.0,67,Stormy
17456,Vadodara,2024-01-05,19.1,14.3,68,Rainy
17457,Vadodara,19/04/2023,32.3,2.4,62,Humid
17458,Vadodara,2023.01.13,20.5,0.0,51,Stormy
17459,Vadodara,06/09/2023,27.8,67.9,49,Stormy
17460,Vadodara,2023.04.29,29.5,0.0,63,Cloudy
17461,Vadodara,2023-05-30,30.4,8.3,29,Humid
17462,Vadodara,20-10-2023,58.9,13.0,53,Rainy
17463,Vadodara,10/16/2023,26.4,0.0,76,Cloudy
17464,Vadodara,2023.08.18,31.6,34.2,56,Clear
17465,Vadodara,11/29/2024,30.7,12.9,53,Clear
17466,Vadodara,30/10/2024,17.6,54.4,81,Clear
17467,Vadodara,06/09/2024,28.4,102.8,80,Clear
17468,Vadodara,2023-09-06,40.2,122.8,59,Rainy
17469,Vadodara,15-01-2024,18.1,0.0,63,Humid
17470,Vadodara,2024-08-11,32.2,107.6,61,Cloudy
17471,Vadodara,2024-03-07,28.7,10.3,71,Cloudy
17472,,11/04/2023,26.6,40.7,67,Cloudy
17473,Vadodara,06-07-2023,31.0,0.0,49,Clear
17474,Vadodara,13/01/2024,19.6,0.0,68,Foggy
17475,Vadodara,11/01/2024,24.2,36.5,50,Clear
17476,Vadodara,14-08-2024,25.0,452.5,60,Clear
17477,Vadodara,2024.12.09,17.2,0.0,67,Foggy
17478,Vadodara,11/18/2024,30.0,69.1,70,Foggy
17479,Vadodara,24/08/2023,25.8,0.0,58,Cloudy
17480,Vadodara,16-12-2023,19.5,4.2,75,Clear
17481,Vadodara,14/09/2024,27.1,322.3,51,Stormy
17482,Vadodara,2024-12-17,15.7,2.9,76,Clear
17483,Vadodara,2023.04.01,26.6,0.0,83,Clear
17484,Vadodara,01/09/2024,26.0,0.0,37,Rainy
17485,Vadodara,2023-04-21,32.5,6.0,83,Humid
17486,Vadodara,12/17/2023,11.6,1.0,59,Clear
17487,Vadodara,2024-03-19,35.4,0.0,72,Humid
17488,Vadodara,2024.05.02,34.2,3.1,50,Cloudy
17489,Vadodara,01/07/2023,39.4,310.4,59,Cloudy
17490,Vadodara,2023-03-14,37.8,6.3,60,Clear
17491,Vadodara,2023.07.28,26.3,18.1,65,Foggy
17492,Vadodara,2023.11.20,20.6,21.6,79,Clear
17493,Vadodara,16/09/2023,27.8,0.0,62,Humid
17494,Vadodara,24/07/2023,28.0,25.9,47,Cloudy
17495,,12/14/2024,13.6,7.8,61,Foggy
17496,Vadodara,2024.06.12,27.8,98.2,74,Clear
17497,Vadodara,2024-01-27,13.7,0.9,54,Stormy
17498,Vadodara,2024-11-25,27.2,10.2,44,Cloudy
17499,Vadodara,16/12/2023,23.6,0.0,66,Rainy
17500,,22/08/2024,36.2,0.0,69,Stormy
17501,Vadodara,2024-08-21,33.5,252.3,79,Humid
17502,Vadodara,2023-09-07,29.7,0.0,41,Humid
17503,Vadodara,2023.12.27,19.1,7.2,49,Clear
17504,Vadodara,09/05/2023,29.4,0.0,57,Humid
17505,Vadodara,04-07-2024,27.4,96.9,56,Rainy
17506,Vadodara,14-09-2023,29.1,29.7,38,Cloudy
17507,Vadodara,09-04-2024,32.4,4.1,55,Humid
17508,Vadodara,2023.07.20,32.2,3.6,79,Cloudy
17509,Vadodara,09/06/2023,32.5,0.0,46,Rainy
17510,Vadodara,06/23/2023,25.4,61.1,-69,Rainy
17511,Vadodara,2024.04.20,31.4,17.2,71,Cloudy
17512,Vadodara,2023.09.16,25.9,217.4,67,Clear
17513,Vadodara,05-05-2024,36.2,2.0,57,Foggy
17514,Vadodara,17-07-2024,26.9,34.9,51,Clear
17515,Vadodara,2023.03.02,35.8,2.4,66,Foggy
17516,Vadodara,2023-11-17,29.0,97.1,60,Cloudy
17517,Raipur,2023-05-30,33.5,0.0,78,Rainy
17518,Raipur,06/23/2023,28.6,266.5,65,Humid
17519,Raipur,11/08/2023,26.2,74.4,43,Cloudy
17520,Raipur,07/08/2023,28.8,0.0,54,Cloudy
17521,Raipur,2024.03.03,36.5,0.0,42,Humid
17522,Raipur,2024.01.23,8.7,2.1,69,Cloudy
17523,Raipur,01/03/2023,17.6,21.5,53,Clear
17524,Raipur,2023-01-21,18.7,0.0,63,Clear
17525,Raipur,16-02-2024,14.3,0.1,69,Clear
17526,Raipur,2023.07.06,22.9,8.6,72,Foggy
17527,Raipur,10/24/2023,23.5,0.0,62,Cloudy
17528,Raipur,01/17/2023,15.8,1.2,59,Humid
17529,Raipur,03/20/2023,32.6,10.1,75,Clear
17530,Raipur,2023.07.01,28.4,9.8,38,Cloudy
17531,Raipur,2023-12-17,16.8,5.4,52,Cloudy
17532,Raipur,16-03-2023,30.9,3.9,52,Cloudy
17533,Raipur,2024-11-24,28.1,0.0,62,Rainy
17534,Raipur,25/06/2023,25.7,74.8,81,Foggy
17535,Raipur,2024.08.24,33.9,31.1,44,Clear
17536,Raipur,2023-07-01,28.5,65.6,67,Clear
17537,Raipur,12-07-2024,26.8,0.0,71,Cloudy
17538,Raipur,13/05/2023,36.2,4.9,61,Stormy
17539,Raipur,12/04/2024,32.6,1.5,59,Clear
17540,Raipur,2024.08.24,34.5,31.5,64,Clear
17541,Raipur,2023.06.24,31.3,371.7,63,Cloudy
17542,Raipur,12-08-2024,34.0,198.2,46,Humid
17543,Raipur,2024.07.30,21.8,42.3,56,Rainy
17544,Raipur,12/02/2024,23.3,1.3,50,Clear
17545,Raipur,2024-02-24,16.2,0.4,61,Rainy
17546,Raipur,26-04-2023,26.3,20.5,44,Humid
17547,Raipur,01/06/2024,24.2,57.4,85,Cloudy
17548,Raipur,05/11/2023,37.7,0.0,23,Clear
17549,Raipur,2023.02.01,19.0,1.6,51,Cloudy
17550,Raipur,2023.01.27,20.2,15.5,63,Stormy
17551,Raipur,10-12-2023,17.1,0.0,55,Humid
17552,Raipur,21/08/2024,23.9,0.0,27,Cloudy
17553,Raipur,2023.08.21,35.2,343.7,83,Clear
17554,Raipur,2024.12.05,7.5,1.3,71,Rainy
17555,Raipur,02/06/2023,28.8,0.0,62,Humid
17556,Raipur,2023.12.26,20.2,1.6,69,Cloudy
17557,Raipur,2023.01.23,23.4,1.4,81,Humid
17558,Raipur,05/12/2024,30.5,5.9,48,Cloudy
17559,Raipur,03/30/2024,33.4,0.0,61,Foggy
17560,Raipur,20/03/2023,30.0,0.0,64,Clear
17561,Raipur,2024.01.13,18.7,7.1,24,Rainy
17562,Raipur,10/05/2023,39.3,0.0,54,Clear
17563,Raipur,02/02/2024,14.3,5.3,93,Clear
17564,Raipur,24-01-2024,15.9,0.0,77,Clear
17565,Raipur,03-10-2023,25.6,20.0,21,Clear
17566,Raipur,2024-07-03,23.4,248.2,27,Cloudy
17567,Raipur,2023-06-10,37.2,0.0,58,Foggy
17568,Raipur,2023-12-09,19.9,4.2,38,Clear
17569,Raipur,05-02-2023,23.4,0.0,70,Clear
17570,Raipur,18/12/2023,15.8,0.0,50,Humid
17571,Raipur,2024.12.23,18.7,0.0,99,Clear
17572,Raipur,03/20/2023,31.4,10.1,15,Humid
17573,Raipur,07/12/2024,20.1,2.3,49,Humid
17574,Raipur,21/06/2024,33.5,181.3,63,Humid
17575,Raipur,09/17/2024,33.5,21.4,78,Rainy
17576,Raipur,16-07-2023,40.6,50.4,62,Rainy
17577,Raipur,29-11-2023,26.9,46.0,38,Cloudy
17578,Raipur,23/10/2024,30.5,1.9,24,Cloudy
17579,Raipur,2023-07-06,31.7,0.0,55,Clear
17580,Raipur,02-12-2024,23.6,2.0,62,Humid
17581,Raipur,2023-05-25,29.9,11.5,41,Clear
17582,Raipur,2023.06.08,24.4,30.9,52,Clear
17583,Raipur,31/12/2024,16.7,10.7,66,Foggy
17584,Raipur,12/18/2024,14.5,0.0,59,Foggy
17585,Raipur,2024-11-28,19.6,6.5,49,Humid
17586,Raipur,2023.04.26,50.5,3.8,86,Foggy
17587,Raipur,28/09/2024,37.1,3.2,40,Rainy
17588,Raipur,2023.07.15,27.8,206.9,67,Clear
17589,Raipur,16-01-2023,14.5,0.3,66,Humid
17590,Raipur,10/01/2024,28.4,0.0,62,Rainy
17591,Raipur,17-02-2023,21.1,0.0,75,Cloudy
17592,Raipur,2023-05-24,30.1,0.7,51,Stormy
17593,Raipur,18-08-2023,29.7,120.3,87,Cloudy
17594,Raipur,2024-01-08,17.2,8.9,68,Humid
17595,Raipur,2023.01.20,15.8,0.0,40,Foggy
17596,Raipur,31/03/2023,30.5,18.9,50,Cloudy
17597,Raipur,2024-08-22,24.5,10.7,40,Clear
17598,Raipur,06/12/2023,17.2,3.0,47,Foggy
17599,Raipur,2023-04-11,38.3,11.3,39,Foggy
17600,Raipur,05/02/2024,27.8,3.1,69,Humid
17601,Raipur,2024-01-11,20.1,4.4,97,Clear
17602,Raipur,03/03/2023,33.7,8.9,29,Humid
17603,Raipur,2024-12-02,22.1,1.7,65,Cloudy
17604,Raipur,2023-07-02,27.7,0.0,81,Clear
17605,Raipur,2024.03.21,34.1,6.0,65,Humid
17606,Raipur,26/10/2024,33.4,29.1,72,Foggy
17607,Raipur,11-06-2023,34.9,219.2,66,Clear
17608,Raipur,2024.07.26,21.6,160.1,70,Stormy
17609,Raipur,07/21/2023,27.4,72.2,36,Humid
17610,Raipur,2024.02.18,27.9,2.4,-69,Clear
17611,Raipur,10-10-2023,23.3,25.0,52,Foggy
17612,Raipur,01/14/2023,19.1,,20,Clear
17613,Raipur,10/17/2023,27.4,0.0,62,Clear
17614,Raipur,04/18/2023,33.9,6.3,81,Humid
17615,Raipur,26-04-2024,37.0,3.6,52,Foggy
17616,Raipur,2023.03.19,30.8,0.0,79,Clear
17617,Raipur,24-05-2024,35.1,13.1,77,Humid
17618,Raipur,22-12-2023,10.4,9.5,64,Foggy
17619,Raipur,07-10-2024,24.8,18.1,64,Foggy
17620,Raipur,09/18/2023,27.0,0.0,51,Rainy
17621,Raipur,06-06-2023,27.3,34.2,49,Clear
17622,Raipur,2024-02-01,20.8,0.0,49,Foggy
17623,Raipur,2024.04.28,29.6,23.6,64,Cloudy
17624,Raipur,2023-02-27,19.2,0.0,46,Cloudy
17625,Raipur,12/09/2023,21.8,227.9,52,Humid
17626,Raipur,04/16/2023,30.1,9.6,66,Clear
17627,Raipur,2023-05-05,35.7,0.0,36,Cloudy
17628,Raipur,10/04/2023,38.7,0.0,44,Cloudy
17629,Raipur,06/02/2023,30.5,190.5,40,Clear
17630,Raipur,07-04-2023,33.7,1.3,62,Rainy
17631,Raipur,2024-05-14,28.5,10.5,46,Humid
17632,Raipur,10-10-2024,22.7,0.7,54,Cloudy
17633,Raipur,09/11/2023,26.1,36.4,65,Clear
17634,Raipur,2023.11.21,28.2,1.7,36,Humid
17635,Raipur,09/19/2024,26.9,31.4,70,Humid
17636,Raipur,10/08/2024,26.8,0.0,60,Foggy
17637,Raipur,02/06/2024,26.2,0.0,20,Cloudy
17638,Raipur,29-12-2024,16.0,4.8,75,Clear
17639,Raipur,2023.12.31,14.1,9.0,87,Clear
17640,Raipur,10/02/2024,12.3,1.2,55,Foggy
17641,Raipur,2024.07.19,32.4,142.1,67,Humid
17642,Raipur,07/20/2023,58.9,228.3,59,Humid
17643,Raipur,18/06/2023,29.8,62.4,85,Rainy
17644,Raipur,19-08-2024,25.1,0.0,79,Cloudy
17645,Raipur,2023-03-26,29.1,0.4,52,Humid
17646,Raipur,08/19/2024,26.7,0.0,66,Clear
17647,Raipur,03-12-2024,20.0,8.1,68,Clear
17648,Raipur,01/30/2024,13.0,1.7,70,Foggy
17649,Raipur,05/18/2024,36.9,1.4,77,Clear
17650,Raipur,20/03/2024,34.1,5.4,76,Clear
17651,Raipur,2024.01.19,12.6,3.9,56,Clear
17652,Raipur,2024.10.11,28.3,6.4,63,Rainy
17653,Raipur,2023.11.27,26.4,7.5,66,Clear
17654,Raipur,2023-05-21,34.1,0.8,66,Humid
17655,Raipur,13/07/2023,25.7,7.6,77,Clear
17656,Raipur,2024.03.13,31.8,2.6,50,Cloudy
17657,Raipur,03/13/2024,37.4,1.6,45,Foggy
17658,Raipur,07/15/2023,26.3,32.7,57,Cloudy
17659,Raipur,01/11/2023,27.5,0.0,68,Rainy
17660,Raipur,10/15/2024,25.7,2.5,57,Cloudy
17661,Raipur,18-09-2023,22.9,5.1,43,Clear
17662,Raipur,07/21/2024,32.8,0.0,46,Rainy
17663,Raipur,2023-01-22,19.2,2.2,46,Clear
17664,Raipur,2023.08.30,29.7,0.0,88,Clear
17665,Raipur,2024.03.28,28.6,10.1,64,Humid
17666,Raipur,2024-07-05,26.9,13.1,59,Clear
17667,Raipur,06/19/2024,27.5,66.8,47,Clear
17668,Raipur,18-03-2024,32.6,6.5,41,Humid
17669,Raipur,2024.06.30,30.8,83.2,60,Rainy
17670,Raipur,17/01/2023,21.2,0.2,74,Clear
17671,Raipur,2024-04-28,36.2,1.8,53,Rainy
17672,Raipur,08/02/2024,22.2,135.9,72,Cloudy
17673,Raipur,2023-12-08,9.5,0.0,53,Cloudy
17674,Raipur,2023.08.10,25.7,120.4,70,Rainy
17675,Raipur,15/11/2024,20.4,68.1,73,Humid
17676,Raipur,2023-03-01,30.3,1.9,10,Clear
17677,Raipur,2023.04.25,32.5,0.0,37,Stormy
17678,Raipur,31-03-2024,22.6,1.9,37,Humid
17679,Raipur,2024.01.27,16.3,12.0,60,Clear
17680,Raipur,2024.02.07,16.9,7.4,62,Clear
17681,Raipur,2023.07.17,27.5,48.7,32,Clear
17682,Raipur,01/04/2024,23.2,,69,Clear
17683,Raipur,06-11-2024,34.5,24.9,50,Humid
17684,Raipur,10-10-2024,30.8,26.2,31,Clear
17685,Raipur,2023-12-09,12.8,8.0,57,Cloudy
17686,Raipur,05/02/2024,32.0,10.6,59,Cloudy
17687,Raipur,12/18/2023,20.6,0.0,62,Foggy
17688,Raipur,04/16/2024,29.2,3.2,65,Cloudy
17689,Raipur,06-11-2024,32.3,5.4,93,Humid
17690,Raipur,2023.07.29,23.3,14.6,48,Clear
17691,Raipur,12-12-2024,18.5,1.7,43,Rainy
17692,Raipur,08/26/2023,31.5,112.2,61,Rainy
17693,Raipur,03/23/2024,31.2,5.1,66,Rainy
17694,Raipur,01/21/2023,20.1,9.3,53,Foggy
17695,Raipur,11/14/2024,32.4,96.5,61,Humid
17696,Raipur,10/11/2023,28.0,47.7,45,Rainy
17697,Raipur,19-01-2024,18.7,13.5,73,Humid
17698,Raipur,20/07/2024,26.7,49.4,62,Cloudy
17699,Raipur,2023.12.15,21.0,1.0,44,Cloudy
17700,Raipur,01/16/2023,27.0,1.4,69,Stormy
17701,Raipur,07/14/2023,25.2,97.4,45,Humid
17702,Raipur,2023.03.11,40.8,0.0,67,Clear
17703,Raipur,2024.12.30,18.4,11.1,59,Clear
17704,Raipur,2024.07.08,24.2,47.6,55,Stormy
17705,Raipur,13/01/2024,25.7,4.0,63,Clear
17706,Raipur,2023-12-25,12.9,18.3,75,Cloudy
17707,Raipur,2023-05-02,26.8,0.2,69,Cloudy
17708,Raipur,11/28/2023,23.3,0.0,65,Humid
17709,Raipur,11/27/2024,23.7,73.5,15,Cloudy
17710,Raipur,2024-11-11,28.8,17.6,49,Rainy
17711,Raipur,29-03-2023,28.7,0.0,63,Clear
17712,Raipur,2024-01-30,15.2,,78,Rainy
17713,Raipur,21-05-2024,32.6,7.1,27,Humid
17714,Raipur,31-12-2023,15.3,1.6,59,Rainy
17715,Raipur,20/01/2024,15.8,0.2,39,Clear
17716,Raipur,20/11/2023,34.8,0.0,44,Cloudy
17717,Raipur,11/02/2024,25.5,48.0,47,Foggy
17718,Raipur,28/10/2024,26.6,23.0,61,Cloudy
17719,Raipur,14-07-2023,30.8,21.0,64,Clear
17720,Raipur,05/01/2023,37.0,15.4,57,Clear
17721,Raipur,06/22/2023,52.3,0.0,56,Foggy
17722,Raipur,01-06-2024,32.1,47.7,52,Rainy
17723,Raipur,23-01-2024,13.4,0.0,73,Stormy
17724,Raipur,18/08/2023,25.0,0.0,60,Clear
17725,Raipur,09/01/2023,17.9,0.0,68,Humid
17726,Raipur,06/06/2024,27.6,209.1,69,Rainy
17727,Raipur,10-09-2024,28.5,366.4,43,Clear
17728,Raipur,11/07/2023,26.1,0.0,75,Foggy
17729,Raipur,04/08/2024,30.4,0.0,60,Foggy
17730,Raipur,2024-02-18,21.6,0.0,52,Clear
17731,Raipur,09/08/2024,25.9,10.4,75,Rainy
17732,Raipur,18/09/2024,26.2,76.7,61,Stormy
17733,Raipur,28-08-2024,25.9,21.2,41,Clear
17734,Raipur,2023.08.02,28.3,0.0,65,Rainy
17735,Raipur,25-12-2023,20.8,10.0,35,Foggy
17736,Raipur,20/08/2023,24.6,276.1,-58,Cloudy
17737,Raipur,29/10/2023,27.8,8.7,50,Cloudy
17738,Raipur,01/10/2023,30.8,21.1,78,Clear
17739,Raipur,2023.12.06,20.5,1.8,67,Clear
17740,Raipur,01-05-2023,25.3,16.2,38,Stormy
17741,Raipur,14/04/2024,40.5,0.9,73,Humid
17742,Raipur,2024.07.04,30.1,122.3,67,Humid
17743,Raipur,20/06/2024,33.5,177.4,68,Cloudy
17744,Raipur,09/25/2024,32.1,423.1,58,Clear
17745,Raipur,2024-06-11,30.8,50.7,70,Cloudy
17746,Raipur,2023-02-24,17.8,3.4,45,Clear
17747,Raipur,2024-07-04,27.5,284.7,80,Cloudy
17748,Raipur,23-02-2023,21.0,5.5,37,Clear
17749,Raipur,14/03/2023,36.5,0.0,58,Stormy
17750,Raipur,10/22/2024,30.5,43.7,66,Rainy
17751,Raipur,01-10-2024,28.1,40.1,95,Rainy
17752,Raipur,03-12-2023,24.9,4.9,22,Clear
17753,Raipur,01/12/2024,19.0,0.0,72,Foggy
17754,Raipur,2023-08-01,32.8,557.0,37,Rainy
17755,Raipur,15/08/2024,30.6,0.0,65,Rainy
17756,Raipur,2023.06.20,25.9,422.1,60,Clear
17757,Raipur,06/01/2024,26.3,0.0,54,Stormy
17758,Raipur,06/01/2024,14.3,17.9,45,Humid
17759,Raipur,2024.02.04,24.4,3.0,51,Humid
17760,Raipur,2024-04-14,41.8,4.9,66,Humid
17761,Raipur,02/08/2023,20.6,11.2,58,Clear
17762,Raipur,24-09-2024,27.5,0.0,58,Rainy
17763,Raipur,11/05/2024,27.4,0.2,68,Rainy
17764,Raipur,02/07/2023,33.2,9.3,47,Rainy
17765,Raipur,04/12/2023,12.2,4.1,50,Clear
17766,Raipur,2023-03-30,31.2,0.8,71,Cloudy
17767,Raipur,09-04-2024,30.7,36.2,56,Clear
17768,Raipur,05/21/2023,32.2,1.0,57,Clear
17769,Raipur,04/23/2024,29.8,0.0,72,Clear
17770,Raipur,04/06/2024,34.1,27.4,52,Clear
17771,Raipur,2023.11.07,20.6,0.0,56,Cloudy
17772,Raipur,01/08/2024,24.7,0.0,54,Humid
17773,Raipur,04/07/2024,36.6,11.2,56,Cloudy
17774,Raipur,2023-04-01,34.1,0.0,69,Clear
17775,Raipur,2024-03-05,33.3,0.0,33,Foggy
17776,Raipur,12-09-2024,26.9,0.0,81,Rainy
17777,Raipur,2023.07.31,23.3,226.3,41,Foggy
17778,Raipur,2024.01.08,20.8,0.0,67,Humid
17779,Raipur,06/04/2023,31.5,0.0,89,Cloudy
17780,Raipur,2024-11-19,27.0,10.6,70,Rainy
17781,Raipur,18/05/2024,31.4,4.7,27,Cloudy
17782,Raipur,21-12-2023,16.9,1.6,56,Humid
17783,Raipur,2023.04.12,30.2,12.1,69,Humid
17784,Raipur,2023-04-23,31.4,7.5,43,Clear
17785,Raipur,12/01/2023,17.2,0.0,75,Cloudy
17786,Raipur,2023.01.09,15.7,0.3,65,Clear
17787,Raipur,18/07/2024,30.5,176.4,92,Rainy
17788,Raipur,27/05/2024,28.2,7.2,47,Clear
17789,Raipur,27-12-2024,22.5,2.8,66,Clear
17790,Raipur,2024-09-08,31.5,57.1,52,Cloudy
17791,Raipur,09/19/2024,23.4,0.0,62,Clear
17792,Raipur,2024-02-03,18.1,1.8,60,Humid
17793,Raipur,16/11/2023,25.0,8.6,49,Humid
17794,Raipur,2023-03-21,18.2,6.0,51,Clear
17795,Raipur,2024.07.21,31.8,218.3,63,Clear
17796,Raipur,11/13/2023,31.8,84.2,46,Foggy
17797,Raipur,15-01-2023,19.9,0.9,67,Clear
17798,Raipur,06/08/2023,28.4,0.0,42,Clear
17799,Raipur,2023.12.14,19.5,9.4,55,Cloudy
17800,Raipur,03/03/2024,36.9,,58,Clear
17801,Raipur,02/12/2024,14.1,2.4,59,Rainy
17802,Raipur,2024.03.22,28.3,0.0,66,Cloudy
17803,Raipur,2023.09.05,35.1,0.0,61,Foggy
17804,Raipur,2023.04.12,23.0,0.0,42,Clear
17805,Raipur,2023.08.21,25.9,20.5,87,Humid
17806,Raipur,06/24/2023,40.1,126.4,51,Clear
17807,Raipur,2024.02.05,14.9,0.0,45,Rainy
17808,Raipur,16-12-2023,25.2,0.0,54,Clear
17809,Raipur,2024-05-25,32.8,0.0,46,Humid
17810,Raipur,04/10/2024,21.9,24.0,91,Clear
17811,Raipur,2024-12-06,10.6,6.8,23,Cloudy
17812,Raipur,27/09/2024,28.2,488.3,44,Clear
17813,Raipur,2024-12-01,23.1,3.0,67,Clear
17814,Raipur,12-08-2023,27.0,39.9,58,Cloudy
17815,Raipur,2024.05.04,35.0,22.3,75,Humid
17816,,06-12-2023,21.3,0.9,36,Foggy
17817,Raipur,2023.07.15,31.9,0.0,67,Humid
17818,Raipur,22-09-2024,27.8,24.1,57,Foggy
17819,Raipur,09/20/2023,26.5,228.5,42,Clear
17820,Raipur,2024-10-08,33.2,0.0,57,Cloudy
17821,Raipur,2024.03.13,36.1,1.3,92,Cloudy
17822,Raipur,28-01-2024,26.6,0.0,43,Cloudy
17823,Raipur,16/08/2023,28.3,253.0,77,Humid
17824,Raipur,2024-02-23,21.7,0.0,54,Cloudy
17825,Raipur,2023.12.29,13.3,0.5,60,Clear
17826,Raipur,2024-11-29,25.8,6.6,43,Humid
17827,Raipur,01/03/2024,31.6,1.6,54,Humid
17828,Raipur,05/23/2024,30.2,4.9,76,Humid
17829,Raipur,2024.10.27,24.6,31.5,78,Clear
17830,Raipur,2023.12.18,15.2,0.0,46,Clear
17831,Raipur,17/04/2023,25.8,2.1,100,Rainy
17832,Raipur,2024-08-20,21.8,39.4,31,Clear
17833,Raipur,11/24/2023,24.7,11.9,63,Rainy
17834,Raipur,12/10/2024,17.1,2.7,49,Clear
17835,Raipur,23-05-2023,41.2,0.1,41,Humid
17836,Raipur,10/15/2024,29.5,73.4,33,Cloudy
17837,Raipur,11/23/2023,27.8,5.9,61,Humid
17838,Raipur,2023-04-06,32.0,10.4,75,Humid
17839,Raipur,2023.09.21,26.5,19.7,69,Cloudy
17840,Raipur,2023.10.13,22.8,10.5,70,Foggy
17841,Raipur,2023.05.17,32.1,21.7,66,Clear
17842,Raipur,08/04/2023,27.9,140.5,47,Rainy
17843,Raipur,26/12/2024,19.9,1.1,39,Humid
17844,Raipur,23/10/2023,28.4,86.4,94,Cloudy
17845,Raipur,09/30/2024,27.1,6.8,48,Rainy
17846,Raipur,2023.06.14,31.9,213.7,57,Stormy
17847,Raipur,11/10/2023,27.9,0.0,61,Humid
17848,Raipur,2023.04.20,34.4,3.7,73,Cloudy
17849,Raipur,18/03/2024,30.9,0.0,58,Foggy
17850,Raipur,01/25/2023,15.0,10.9,54,Rainy
17851,Raipur,09-11-2024,30.2,5.5,72,Stormy
17852,Raipur,14/06/2023,25.6,224.5,81,Humid
17853,Raipur,2023-05-24,28.0,2.9,62,Clear
17854,Raipur,08/27/2023,30.7,34.6,71,Humid
17855,Raipur,10/01/2023,30.3,37.7,34,Clear
17856,Raipur,09/04/2023,32.0,12.2,74,Clear
17857,Raipur,2024.06.11,30.4,0.0,48,Clear
17858,Raipur,24-08-2024,26.6,145.8,34,Cloudy
17859,Raipur,2024.04.11,33.5,5.1,45,Clear
17860,Raipur,2023-04-17,34.9,4.1,57,Humid
17861,Raipur,03/06/2023,27.2,0.0,44,Foggy
17862,Raipur,06/12/2024,13.7,5.0,49,Cloudy
17863,Raipur,05/31/2024,30.9,3.6,70,Clear
17864,Raipur,2023.07.27,25.5,0.0,88,Stormy
17865,Raipur,22-03-2024,38.6,0.0,39,Clear
17866,Raipur,07-05-2023,31.9,8.5,65,Foggy
17867,Raipur,2024.08.31,30.2,0.0,61,Foggy
17868,Raipur,01/01/2024,18.9,8.0,78,Clear
17869,Raipur,19-02-2023,16.0,4.0,42,Cloudy
17870,Raipur,2024.06.07,28.8,426.0,44,Cloudy
17871,Raipur,12/06/2023,17.7,5.9,42,Humid
17872,Raipur,12/11/2023,18.1,0.0,61,Stormy
17873,Raipur,05/28/2024,29.1,0.0,41,Rainy
17874,Raipur,2024.06.20,27.1,278.6,44,Foggy
17875,Raipur,09/08/2024,26.2,26.0,48,Clear
17876,Raipur,02/06/2024,32.9,193.8,54,Clear
17877,Raipur,16/09/2024,30.3,0.0,58,Cloudy
17878,Raipur,2023-09-08,28.0,2.5,56,Rainy
17879,Raipur,2023.06.15,21.1,12.4,78,Rainy
17880,Raipur,23-03-2024,34.9,0.1,67,Humid
17881,Raipur,2024-11-13,20.3,10.2,43,Clear
17882,Raipur,2024.06.11,26.2,117.3,63,Clear
17883,Raipur,08/09/2024,29.4,88.3,54,Humid
17884,Raipur,18/05/2023,32.0,5.2,35,Humid
17885,Raipur,06/17/2023,32.4,13.5,70,Cloudy
17886,Raipur,2023-09-12,24.0,39.6,68,Foggy
17887,Raipur,21/12/2024,25.7,2.9,64,Foggy
17888,Raipur,10/09/2024,30.2,88.1,76,Foggy
17889,Raipur,25-04-2024,24.7,6.7,74,Clear
17890,Raipur,2023.12.07,13.2,0.6,36,Clear
17891,Raipur,2024.11.13,27.8,27.0,61,Cloudy
17892,Raipur,18/04/2023,31.0,0.0,69,Clear
17893,Raipur,07/15/2024,27.1,23.5,42,Cloudy
17894,Raipur,20-09-2024,25.1,4.4,67,Rainy
17895,Raipur,07/01/2024,25.2,181.9,58,Cloudy
17896,Raipur,11-12-2023,18.6,2.3,59,Rainy
17897,Raipur,02/03/2023,24.5,1.5,85,Cloudy
17898,Raipur,2024.06.17,26.4,4.1,41,Stormy
17899,Raipur,29/09/2024,32.3,67.3,74,Cloudy
17900,Raipur,10/05/2024,25.9,44.1,51,Clear
17901,Raipur,2024.12.01,14.2,0.0,80,Humid
17902,Raipur,24/05/2023,29.8,0.0,41,Clear
17903,Raipur,19/06/2024,29.1,456.3,44,Foggy
17904,Raipur,2023.05.21,34.4,0.0,44,Foggy
17905,Raipur,29/12/2024,18.6,0.0,71,Cloudy
17906,Raipur,2024.06.27,27.7,13.6,55,Humid
17907,Raipur,10/12/2024,31.0,0.0,52,Clear
17908,Raipur,02-12-2024,9.5,12.7,35,Clear
17909,Raipur,17/12/2023,17.2,0.0,58,Foggy
17910,Raipur,10-02-2023,13.2,2.9,84,Clear
17911,Raipur,13/06/2024,25.5,215.5,77,Rainy
17912,Raipur,2023-03-01,38.3,4.5,41,Cloudy
17913,Raipur,15-08-2024,29.9,43.0,70,Cloudy
17914,Raipur,2024.07.26,26.0,0.0,-91,Rainy
17915,Raipur,2023-06-01,31.6,65.6,56,Rainy
17916,Raipur,06/30/2023,19.3,0.0,61,Clear
17917,Raipur,05/03/2023,34.9,8.5,62,Clear
17918,Raipur,03/03/2024,36.1,6.5,68,Cloudy
17919,Raipur,11/02/2024,30.2,51.8,77,Clear
17920,Raipur,22/10/2023,34.2,5.8,59,Cloudy
17921,Raipur,2023.03.09,31.0,3.6,42,Cloudy
17922,Raipur,12/16/2023,18.0,5.5,52,Clear
17923,Raipur,20/04/2024,27.7,3.5,57,Cloudy
17924,Raipur,2023-07-28,26.0,35.7,64,Clear
17925,Raipur,08/29/2023,25.7,87.0,69,Rainy
17926,Raipur,12/05/2024,23.4,11.3,39,Humid
17927,Raipur,15/08/2024,30.1,116.1,48,Clear
17928,Raipur,2024-07-17,19.2,3.0,42,Clear
17929,Raipur,2024.08.21,27.5,147.1,71,Rainy
17930,Raipur,2023.05.12,35.4,0.1,71,Stormy
17931,Raipur,11-10-2023,31.0,6.3,56,Foggy
17932,Raipur,2024-06-22,33.4,188.2,59,Humid
17933,Raipur,06/08/2024,23.0,58.9,79,Rainy
17934,Raipur,02/08/2023,20.5,0.0,70,Clear
17935,Raipur,2024-09-14,30.8,48.6,59,Rainy
17936,Raipur,25/10/2023,27.2,6.9,63,Cloudy
17937,Raipur,10-07-2023,25.5,0.0,71,Rainy
17938,Raipur,16-03-2023,29.3,6.7,77,Humid
17939,Raipur,2024.08.25,26.2,0.0,62,Humid
17940,Raipur,09/18/2024,20.6,100.6,65,Foggy
17941,Raipur,2024-08-14,26.5,6.2,71,Rainy
17942,Raipur,08/06/2023,25.1,7.6,60,Cloudy
17943,Raipur,03/23/2024,39.8,0.2,53,Cloudy
17944,Raipur,2023.12.01,11.0,0.0,69,Cloudy
17945,Raipur,2024.10.14,24.8,55.1,71,Clear
17946,Raipur,2024-03-04,33.9,0.0,59,Foggy
17947,Raipur,07/17/2023,29.9,56.7,35,Clear
17948,Raipur,2024-07-07,33.6,20.5,74,Clear
17949,Raipur,31/07/2024,28.7,68.3,38,Clear
17950,Raipur,2023-09-13,33.8,466.3,47,Clear
17951,Raipur,2023-01-02,18.9,2.1,54,Humid
17952,Raipur,03-07-2023,23.4,54.2,51,Clear
17953,Raipur,14-07-2023,26.0,137.7,59,Rainy
17954,Raipur,2023.08.12,21.3,69.4,69,Foggy
17955,Raipur,2023-08-09,32.1,84.8,66,Cloudy
17956,Raipur,08/01/2023,22.2,4.0,62,Foggy
17957,Raipur,2023-04-12,31.8,3.4,43,Clear
17958,Raipur,11-02-2024,24.1,0.0,67,Foggy
17959,Raipur,01/11/2023,17.4,4.8,64,Humid
17960,Raipur,2024-10-26,24.8,1.7,61,Humid
17961,Raipur,06/21/2024,32.2,82.5,62,Humid
17962,Raipur,21/12/2023,20.3,0.1,77,Humid
17963,Raipur,11-02-2023,21.9,2.6,83,Stormy
17964,Raipur,07-05-2024,33.9,2.6,56,Clear
17965,Raipur,27-05-2024,27.8,18.6,70,Foggy
17966,Raipur,08/07/2024,36.6,237.4,61,Clear
17967,Raipur,2023-01-06,15.7,10.0,76,Clear
17968,Raipur,17/06/2023,30.9,26.4,37,Clear
17969,Raipur,2023.03.25,37.7,7.1,55,Clear
17970,Raipur,13/04/2023,34.1,0.0,58,Clear
17971,Raipur,19-03-2023,33.7,0.0,45,Cloudy
17972,Raipur,2024-08-28,33.0,74.9,71,Rainy
17973,Raipur,2023-07-14,29.3,57.0,64,Rainy
17974,Raipur,2024.07.05,31.6,139.6,37,Foggy
17975,Raipur,25/02/2023,28.1,8.9,39,Humid
17976,Raipur,01/26/2023,23.9,0.9,56,Clear
17977,Raipur,06/05/2024,31.6,0.0,74,Humid
17978,Raipur,24/10/2023,24.5,18.3,65,Clear
17979,Raipur,2024-09-13,25.3,0.0,53,Clear
17980,Raipur,2024-06-22,34.6,386.4,66,Clear
17981,Raipur,04/04/2024,32.7,8.5,65,Cloudy
17982,Raipur,2023.08.15,34.8,21.1,57,Rainy
17983,Raipur,10/10/2023,23.8,82.3,56,Cloudy
17984,Raipur,01/08/2024,28.9,0.0,51,Stormy
17985,Raipur,2023.03.09,42.0,4.4,46,Humid
17986,Raipur,04/19/2023,37.3,0.0,41,Clear
17987,Raipur,2023-10-07,21.1,17.3,56,Clear
17988,Raipur,16/09/2024,31.3,67.2,66,Clear
17989,Raipur,21/07/2023,26.8,0.1,45,Humid
17990,Raipur,21-12-2023,19.1,3.3,21,Clear
17991,Raipur,2024.03.18,27.5,0.0,60,Humid
17992,Raipur,2023.08.20,34.8,84.9,64,Clear
17993,Raipur,10/15/2023,23.4,91.6,44,Foggy
17994,Raipur,25/03/2024,35.2,0.0,59,Cloudy
17995,Raipur,06/15/2024,24.7,179.7,85,Cloudy
17996,Raipur,2024-04-22,26.1,3.3,76,Cloudy
17997,Raipur,11/26/2024,32.4,61.8,42,Clear
17998,Raipur,03/02/2024,32.5,0.9,48,Foggy
17999,Raipur,2023.07.23,28.1,0.0,58,Humid
18000,Raipur,2023.06.02,21.2,0.0,40,Rainy
18001,Raipur,19-01-2024,27.8,1.2,47,Rainy
18002,Raipur,2023-01-28,17.1,1.2,55,Clear
18003,Raipur,02/02/2024,16.3,6.2,41,Humid
18004,Raipur,2023-04-10,28.3,3.5,41,Clear
18005,Raipur,30-12-2024,19.8,2.2,74,Clear
18006,Raipur,05-01-2023,18.8,,59,Foggy
18007,Raipur,2024-02-15,20.9,0.0,52,Cloudy
18008,Raipur,02/23/2024,17.4,0.0,54,Clear
18009,Raipur,04/11/2023,26.9,5.6,61,Humid
18010,Raipur,02/27/2023,24.2,3.1,63,Stormy
18011,Raipur,10/28/2024,24.1,0.0,63,Cloudy
18012,Raipur,2023.01.02,18.0,0.0,82,Clear
18013,Raipur,10/24/2023,29.7,18.5,24,Clear
18014,Raipur,26/12/2024,21.9,2.7,64,Foggy
18015,Raipur,06/06/2024,27.8,120.0,84,Cloudy
18016,Raipur,2023-09-22,32.0,12.2,67,Cloudy
18017,Raipur,08-09-2023,28.7,45.8,51,Rainy
18018,Raipur,29-11-2023,19.0,33.2,47,Clear
18019,Raipur,19-06-2023,28.8,56.6,55,Humid
18020,Raipur,2024-06-22,27.1,54.6,74,Clear
18021,Raipur,2023.10.16,23.5,0.0,54,Clear
18022,Raipur,2024-08-30,25.8,599.3,44,Clear
18023,Raipur,2023.06.23,22.2,95.9,78,Clear
18024,Raipur,20-08-2023,25.1,90.1,43,Clear
18025,Raipur,11/12/2024,28.5,57.5,54,Cloudy
18026,Raipur,04/09/2023,29.3,0.5,44,Clear
18027,Raipur,2023-01-18,19.2,0.2,33,Foggy
18028,Raipur,31/01/2024,15.2,0.3,51,Humid
18029,Raipur,10/27/2024,26.0,17.6,63,Clear
18030,Raipur,10/04/2023,30.5,0.0,46,Clear
18031,Raipur,26-02-2023,19.4,2.7,69,Rainy
18032,Raipur,2024.08.15,31.4,63.0,51,Cloudy
18033,Raipur,2023.09.11,22.6,110.6,49,Rainy
18034,Raipur,2024.02.23,18.8,0.0,57,Clear
18035,Raipur,2024-12-08,20.4,0.0,66,Foggy
18036,Raipur,2024-09-19,26.1,184.0,45,Rainy
18037,Raipur,01/22/2024,18.5,2.8,63,Clear
18038,Raipur,11/11/2023,17.0,4.5,64,Clear
18039,Raipur,2024.08.17,31.1,0.0,41,Foggy
18040,,12/09/2024,25.1,25.0,66,Stormy
18041,Raipur,2023.10.10,24.2,8.1,73,Clear
18042,Raipur,11/15/2024,25.2,2.2,72,Clear
18043,Raipur,01-03-2023,36.9,1.0,64,Clear
18044,Raipur,2024-03-29,34.6,0.0,50,Foggy
18045,Raipur,26-07-2024,27.1,0.0,78,Clear
18046,Raipur,2024-04-07,34.9,0.0,53,Clear
18047,Raipur,07/08/2024,28.2,92.7,-47,Clear
18048,Raipur,21-09-2024,21.0,0.0,73,Cloudy
18049,Raipur,2023.07.14,28.5,274.1,63,Clear
18050,Raipur,11-12-2023,21.6,9.0,55,Foggy
18051,Raipur,30/07/2023,31.9,82.6,62,Rainy
18052,Raipur,05/09/2023,39.1,,62,Cloudy
18053,Raipur,2023.10.26,23.7,11.4,68,Cloudy
18054,Raipur,2023-06-06,34.5,0.0,70,Foggy
18055,Raipur,28/01/2024,13.0,0.0,81,Rainy
18056,Raipur,22/04/2023,30.6,12.0,46,Foggy
18057,Raipur,05/18/2024,39.6,0.0,53,Foggy
18058,Raipur,03/04/2024,36.7,1.3,43,Foggy
18059,Raipur,23/12/2024,14.4,0.0,58,Clear
18060,Raipur,2024-07-26,28.9,20.7,76,Rainy
18061,Raipur,2024-07-20,32.1,31.4,66,Rainy
18062,Raipur,01-04-2023,36.0,0.0,51,Rainy
18063,Raipur,2024-02-02,12.2,5.7,53,Clear
18064,Raipur,06/21/2024,33.9,36.7,48,Cloudy
18065,Raipur,2023.02.18,18.7,10.8,49,Rainy
18066,Raipur,18/04/2023,37.2,0.0,67,Clear
18067,Raipur,03/03/2024,27.9,7.5,45,Clear
18068,Raipur,28/08/2024,30.1,103.5,77,Cloudy
18069,Raipur,20-12-2024,18.9,0.0,53,Clear
18070,Raipur,04/04/2024,38.5,10.2,42,Clear
18071,Raipur,19-11-2024,26.5,0.0,51,Foggy
18072,Raipur,05/08/2024,26.7,407.2,84,Rainy
18073,Raipur,13/11/2024,24.7,0.0,49,Humid
18074,Raipur,2023-03-10,34.4,2.9,75,Cloudy
18075,Raipur,2023.01.05,13.3,0.9,70,Clear
18076,Raipur,09-12-2023,19.9,0.0,51,Humid
18077,Raipur,2024-07-29,25.5,160.2,60,Cloudy
18078,Raipur,31/08/2024,30.1,0.0,60,Rainy
18079,Raipur,2024-07-15,26.1,17.5,47,Clear
18080,Raipur,25-01-2023,19.0,4.1,85,Cloudy
18081,Raipur,2024.03.18,25.8,14.7,66,Cloudy
18082,Raipur,2023-09-03,28.7,177.9,79,Cloudy
18083,Raipur,2024.12.11,20.7,0.0,57,Clear
18084,Raipur,11/16/2023,31.5,10.6,75,Clear
18085,Raipur,2023.06.23,28.1,22.2,63,Clear
18086,Raipur,2024.06.03,26.7,99.7,70,Stormy
18087,Raipur,08/24/2023,23.1,11.2,70,Cloudy
18088,Raipur,02-07-2023,31.2,128.2,51,Clear
18089,Raipur,04-09-2023,27.5,0.0,64,Foggy
18090,Raipur,22-12-2024,16.7,6.3,72,Rainy
18091,Raipur,31/07/2024,27.3,7.1,45,Rainy
18092,Raipur,14-03-2024,37.9,11.6,45,Stormy
18093,Raipur,2024.12.14,15.1,0.3,89,Clear
18094,Raipur,16/12/2023,23.8,13.0,62,Humid
18095,Raipur,2023-03-21,28.9,7.7,74,Cloudy
18096,Raipur,09/23/2024,27.8,23.0,40,Humid
18097,Raipur,03/14/2023,38.9,5.8,75,Humid
18098,Raipur,03/21/2023,32.8,1.2,63,Foggy
18099,Raipur,2023.09.07,30.3,49.8,38,Clear
18100,Raipur,2024.10.15,23.8,19.3,65,Stormy
18101,Raipur,14-10-2024,26.5,1.6,58,Humid
18102,Raipur,2023-04-06,38.7,6.4,48,Clear
18103,Raipur,05-07-2024,28.1,117.3,58,Clear
18104,Raipur,04/16/2023,31.8,0.0,52,Cloudy
18105,Raipur,29/12/2024,15.3,14.0,45,Clear
18106,Raipur,2023-01-31,12.4,0.0,50,Clear
18107,Raipur,11/06/2023,27.9,243.8,68,Foggy
18108,Raipur,07/12/2024,16.1,2.5,64,Clear
18109,Raipur,01/24/2023,24.2,1.4,44,Clear
18110,Raipur,2023-09-06,30.4,54.3,62,Rainy
18111,Raipur,10-08-2024,23.3,310.0,37,Rainy
18112,Raipur,29-11-2024,28.7,16.8,76,Clear
18113,Raipur,24/10/2023,24.9,0.1,67,Cloudy
18114,Raipur,2024.02.02,17.7,1.3,59,Cloudy
18115,Raipur,2024-10-03,30.2,18.5,77,Humid
18116,Raipur,07-05-2023,21.3,10.6,-58,Humid
18117,Raipur,11/05/2023,30.7,5.8,58,Rainy
18118,Raipur,18/03/2023,38.3,0.0,69,Foggy
18119,Raipur,30/10/2023,21.1,0.0,62,Cloudy
18120,Raipur,31/05/2024,34.6,1.9,36,Humid
18121,Raipur,18-04-2024,24.7,5.1,57,Humid
18122,Raipur,13/04/2023,36.5,1.3,52,Foggy
18123,Raipur,11/09/2023,32.3,23.6,96,Clear
18124,Raipur,15-10-2023,23.6,32.9,46,Cloudy
18125,Raipur,31-03-2023,31.1,7.6,78,Clear
18126,Raipur,08/12/2023,31.9,218.0,66,Cloudy
18127,Raipur,02/20/2024,20.0,12.3,66,Cloudy
18128,Raipur,2024-10-09,21.6,3.3,64,Clear
18129,Raipur,03/14/2023,42.0,13.1,69,Clear
18130,Raipur,30/03/2024,32.0,9.8,66,Rainy
18131,Raipur,01-09-2024,31.2,323.1,79,Clear
18132,Raipur,18/05/2024,32.4,0.0,92,Cloudy
18133,Raipur,2024.02.26,15.6,5.1,78,Humid
18134,Raipur,09-02-2023,12.7,0.0,51,Foggy
18135,Raipur,2024.12.21,12.2,12.6,78,Stormy
18136,Raipur,05/08/2024,20.2,45.4,62,Clear
18137,Raipur,28/05/2023,29.3,2.8,81,Humid
18138,Raipur,2023.07.12,32.9,76.3,75,Cloudy
18139,Raipur,03/07/2024,32.7,0.0,69,Clear
18140,Raipur,16/03/2023,30.0,14.2,40,Humid
18141,Raipur,2023.04.20,29.2,10.6,34,Cloudy
18142,Raipur,11/10/2023,27.4,14.3,76,Rainy
18143,Raipur,2024-09-20,27.1,185.1,53,Foggy
18144,Raipur,11/17/2023,32.5,0.2,46,Cloudy
18145,Raipur,2023.07.30,23.5,36.8,76,Humid
18146,Raipur,2023-11-14,18.6,8.3,54,Cloudy
18147,Raipur,2023.06.25,28.1,0.0,61,Humid
18148,Raipur,2024.12.21,13.2,2.4,78,Clear
18149,Raipur,2023-12-14,22.5,3.0,77,Clear
18150,Raipur,2023-11-06,26.5,0.0,47,Clear
18151,Raipur,2023.08.02,29.1,0.0,58,Rainy
18152,Raipur,2024.07.31,28.0,1.5,24,Clear
18153,Raipur,13/06/2023,24.7,159.2,63,Foggy
18154,Raipur,06-09-2024,33.5,75.3,46,Clear
18155,Raipur,01-02-2023,22.8,17.8,64,Clear
18156,Raipur,31/12/2024,13.7,5.0,34,Clear
18157,Raipur,2024-03-27,34.1,6.4,58,Clear
18158,Raipur,10/17/2024,24.3,0.0,78,Stormy
18159,Raipur,16/07/2024,21.7,0.0,74,Humid
18160,Raipur,19-02-2024,16.3,5.4,62,Clear
18161,Raipur,2023-10-13,27.7,0.0,69,Cloudy
18162,Raipur,17-06-2023,34.5,132.4,67,Cloudy
18163,Raipur,01/06/2024,32.9,202.1,12,Rainy
18164,Raipur,25/02/2023,13.5,3.5,75,Cloudy
18165,Raipur,03/01/2024,29.1,0.4,63,Humid
18166,Raipur,04-01-2024,20.9,11.9,77,Rainy
18167,Raipur,2023-04-17,30.1,0.0,28,Cloudy
18168,Raipur,15-07-2024,23.1,0.2,51,Cloudy
18169,Raipur,2023-07-17,22.0,110.1,73,Cloudy
18170,Raipur,16-12-2023,14.4,1.0,57,Foggy
18171,Raipur,08/08/2023,29.1,107.9,63,Humid
18172,Raipur,2024-07-23,19.9,74.4,36,Rainy
18173,Raipur,11/14/2023,33.7,3.8,53,Cloudy
18174,Raipur,2024.05.23,32.9,6.9,47,Clear
18175,Raipur,05/17/2023,31.3,0.0,68,Cloudy
18176,Raipur,14/05/2023,34.3,5.6,39,Clear
18177,Raipur,15-03-2023,29.5,5.2,95,Humid
18178,Raipur,01/09/2024,13.2,2.1,66,Clear
18179,Raipur,2023.01.14,13.4,1.2,75,Clear
18180,Raipur,13/09/2024,24.9,53.3,45,Clear
18181,Raipur,2024-11-16,25.9,4.6,40,Clear
18182,Raipur,2023-06-16,27.3,62.6,73,Foggy
18183,Raipur,2024.10.02,32.4,7.8,39,Cloudy
18184,Raipur,03-01-2024,20.5,0.6,72,Rainy
18185,Raipur,2023-09-08,30.1,0.0,62,Clear
18186,Raipur,06/01/2024,16.2,11.4,72,Humid
18187,Raipur,10/17/2023,23.5,0.0,58,Clear
18188,Raipur,2024.02.01,14.3,0.0,64,Clear
18189,Raipur,2023.05.20,31.3,1.2,50,Humid
18190,Raipur,21/10/2024,22.0,9.3,57,Clear
18191,Raipur,02/10/2024,11.1,3.2,56,Clear
18192,Raipur,27-04-2024,30.4,0.0,37,Clear
18193,Raipur,01/10/2023,20.1,7.6,72,Stormy
18194,Raipur,2024-02-04,16.8,0.0,51,Humid
18195,Raipur,10/28/2023,21.1,19.6,74,Cloudy
18196,Raipur,09/04/2023,25.3,,74,Cloudy
18197,Raipur,01/21/2024,26.7,2.8,62,Cloudy
18198,Raipur,08/17/2023,29.0,179.2,78,Clear
18199,Raipur,27/08/2024,25.0,75.2,80,Clear
18200,Raipur,2023-04-30,32.1,9.7,75,Cloudy
18201,Raipur,17/08/2024,29.3,35.0,63,Foggy
18202,Raipur,14-05-2024,35.5,,58,Humid
18203,Raipur,2023.08.09,29.3,194.9,64,Cloudy
18204,Raipur,20-06-2024,36.5,188.0,37,Foggy
18205,Raipur,19-10-2023,22.2,67.2,63,Rainy
18206,Raipur,2024-04-09,32.5,23.2,82,Cloudy
18207,Raipur,04/20/2023,41.2,1.1,70,Stormy
18208,Raipur,01/09/2024,26.1,52.5,48,Clear
18209,Raipur,2024-08-08,28.0,19.2,63,Humid
18210,Raipur,15/05/2024,31.9,14.6,87,Clear
18211,Raipur,2023-02-22,14.8,0.0,49,Humid
18212,Raipur,2024.05.18,29.9,11.5,76,Rainy
18213,Raipur,05-05-2024,29.4,6.4,42,Cloudy
18214,Raipur,2024.11.01,21.6,52.5,57,Foggy
18215,Raipur,20-07-2024,28.3,101.0,53,Cloudy
18216,Raipur,2024.09.02,24.0,,48,Rainy
18217,Raipur,2024.06.12,36.1,0.0,53,Cloudy
18218,Raipur,2023.07.17,22.6,0.0,43,Clear
18219,Raipur,2023.03.04,31.8,2.5,32,Foggy
18220,Raipur,06/17/2023,29.4,138.5,62,Clear
18221,Raipur,06/08/2024,29.1,0.0,76,Humid
18222,Raipur,11/22/2024,25.0,0.0,58,Humid
18223,Raipur,16/07/2024,32.6,16.6,69,Clear
18224,Raipur,17/02/2023,24.2,10.6,69,Clear
18225,Raipur,26-06-2024,37.7,86.5,54,Rainy
18226,Raipur,2024-01-24,14.1,1.5,-37,Cloudy
18227,Raipur,03/26/2023,36.5,0.0,82,Clear
18228,Raipur,01/07/2023,7.2,,49,Cloudy
18229,Raipur,2023.03.31,32.2,1.3,39,Clear
18230,Raipur,2024-04-26,33.2,0.0,53,Cloudy
18231,Raipur,2024-10-27,30.6,35.8,48,Rainy
18232,Raipur,10/13/2023,21.8,0.0,27,Clear
18233,Raipur,2023-12-21,14.1,1.0,54,Humid
18234,Raipur,2024-10-17,26.4,61.3,59,Humid
18235,Raipur,24-05-2024,29.5,5.7,46,Cloudy
18236,Raipur,05/22/2024,30.7,11.8,62,Cloudy
18237,Raipur,2023-04-14,40.2,2.4,51,Clear
18238,Raipur,2024.12.25,9.4,1.0,55,Humid
18239,Raipur,01/07/2023,24.8,0.0,50,Cloudy
18240,Raipur,2023.12.12,23.1,1.3,83,Rainy
18241,Raipur,15/02/2024,10.1,0.6,44,Rainy
18242,Raipur,2023-04-06,53.7,26.8,43,Clear
18243,Raipur,04-08-2024,27.3,9.9,39,Rainy
18244,Raipur,2023.01.11,26.1,9.5,50,Rainy
18245,Raipur,2024-07-20,28.8,,73,Clear
18246,Raipur,2024-08-13,53.9,24.7,79,Rainy
18247,,04/20/2023,34.2,4.6,77,Clear
18248,Raipur,29/06/2024,33.5,0.0,59,Rainy
18249,Raipur,05/16/2023,29.9,0.0,64,Humid
18250,Raipur,06/05/2023,26.7,4.4,40,Clear
18251,Raipur,2023.04.30,35.9,1.8,-71,Clear
18252,Raipur,20-03-2024,32.0,7.1,81,Rainy
18253,Raipur,2024.12.14,20.1,0.8,43,Clear
18254,Raipur,24-12-2023,19.1,3.4,79,Humid
18255,Raipur,15/10/2024,27.3,14.4,27,Humid
18256,Raipur,2023-05-01,32.9,8.1,52,Cloudy
18257,Raipur,2023-10-09,28.7,0.0,48,Cloudy
18258,Raipur,23/04/2023,33.7,7.9,71,Rainy
18259,Raipur,2023-07-27,31.2,9.5,57,Clear
18260,Raipur,2023-05-13,42.8,6.3,24,Humid
18261,Raipur,24/06/2024,31.1,0.0,77,Rainy
18262,Raipur,2023-08-21,32.0,0.0,60,Cloudy
18263,Raipur,2024-08-27,29.7,115.0,77,Rainy
18264,Raipur,11/08/2024,57.8,14.9,52,Clear
