CustomerID,Recency,Frequency,Monetary,Churn,ChurnProbability,Split,RiskSegment
1,556,1,744.5,1,0.5043482497587181,train,Medium
2,214,2,810.95,1,0.5176294808092777,train,High
3,19,2,966.5,1,0.511706666770438,train,Medium
6,180,3,1132.8,1,0.5273591300454983,test,High
7,437,1,664.75,1,0.5335955727233683,train,High
8,154,1,104.3,1,0.44458094330158,train,Low
11,389,4,1742.75,1,0.4785156905928047,train,Low
12,358,1,227.95,1,0.4709181080650215,train,Low
13,71,2,503.5,1,0.4812468021201236,test,Low
14,329,4,1599.25,1,0.4959989236354411,train,Medium
15,322,2,611.35,1,0.4823267890988316,train,Low
16,127,3,1310.0,1,0.516312231539747,train,High
17,194,1,428.45,1,0.4591469989506729,test,Low
18,423,1,390.6,1,0.4752326769966117,train,Low
19,460,3,844.85,1,0.5020087901445865,test,Medium
22,172,2,371.2,1,0.4819348867926376,train,Low
23,8,2,677.2,1,0.4994250462701827,train,Medium
24,607,1,274.9,1,0.5024955782621262,test,Medium
29,93,3,1188.9,0,0.4609644962364523,train,Low
30,339,1,355.75,1,0.4844687015689934,train,Low
31,224,5,1617.25,0,0.504247494307109,train,Medium
32,609,2,841.6500000000001,1,0.4955751637950048,test,Medium
33,49,1,585.9,1,0.525380556997349,train,High
34,39,3,1683.2,1,0.5311411644714026,train,High
35,359,2,521.95,1,0.4923188587386237,train,Low
36,58,2,898.15,1,0.5251845616571083,test,High
37,561,1,424.95,1,0.5225983142458928,train,High
38,162,2,961.55,1,0.4930415292759732,train,Low
40,642,1,319.8,0,0.5255492072015532,train,High
41,233,1,546.85,1,0.5084700020669064,train,Medium
42,171,2,928.9,1,0.4981329058333169,train,Medium
43,337,1,650.0,1,0.5161768426177912,train,High
44,65,3,943.15,1,0.4926857528751238,train,Low
45,23,1,319.8,1,0.4986261280383852,test,Medium
46,378,4,1124.0,1,0.5132003669386644,test,High
47,470,5,1909.05,1,0.5071239027030121,train,Medium
48,198,3,1473.25,0,0.4983315420219512,train,Medium
49,327,1,447.9,1,0.469980041152602,test,Low
50,520,4,1083.3,1,0.5020087901445865,train,Medium
51,335,1,315.4,1,0.4625327086105462,train,Low
53,275,2,915.2,1,0.4999686558674728,train,Medium
54,169,2,709.7,1,0.5167823555660689,test,High
56,624,1,421.75,0,0.4955751637950048,train,Medium
57,422,2,914.15,1,0.5071239027030121,train,Medium
58,534,2,550.0,1,0.5020087901445865,test,Medium
62,281,1,562.45,1,0.5102141093039883,train,Medium
64,79,3,996.3,1,0.4889650597728666,train,Low
65,533,1,523.6,1,0.5260144235984039,train,High
68,406,2,897.3499999999999,1,0.5196553164134698,train,High
69,540,1,329.5,1,0.5056820163107733,train,Medium
70,626,1,324.25,1,0.514545761049545,train,High
71,236,2,823.0,1,0.4895587798454937,train,Low
72,275,1,340.05,1,0.5041541485866596,test,Medium
73,192,1,255.75,1,0.4786927584525088,train,Low
74,523,1,351.7,1,0.4981257077064845,train,Medium
75,308,2,1177.9499999999998,1,0.5014721909380268,test,Medium
76,77,2,924.5,1,0.4988633295790401,train,Medium
77,10,4,1770.25,1,0.5028405045294534,train,Medium
78,75,1,285.75,1,0.4990497106461667,train,Medium
79,254,2,700.05,1,0.5013680283199243,train,Medium
80,142,4,1532.4,0,0.4635096651848889,train,Low
81,252,1,543.45,1,0.5192777930902892,train,High
82,62,2,938.1,1,0.5079227226569893,train,Medium
84,379,1,419.4,0,0.5075609821474718,train,Medium
85,566,1,534.55,1,0.5228074899574239,train,High
86,374,1,480.25,1,0.4985131047252903,train,Medium
87,100,1,314.65,1,0.4591469989506729,train,Low
88,240,2,752.9,1,0.4889650597728666,train,Low
89,110,3,1350.0,1,0.4930415292759732,train,Low
90,534,1,436.0,0,0.4863085017675327,train,Low
91,337,1,138.4,1,0.4278292374432662,train,Low
93,654,1,227.85,1,0.4927063439019704,train,Low
95,59,3,1553.2,1,0.5184186980412652,train,High
96,100,1,305.6,1,0.4815542572452661,test,Low
97,175,4,1448.8,0,0.510403821384785,train,Medium
98,29,2,741.3,1,0.5191106343319994,train,High
99,369,1,430.6,1,0.48442770852243,train,Low
100,62,3,1286.15,1,0.5167911950707799,train,High
101,82,6,2053.5,1,0.4972072456867276,train,Medium
102,121,5,1401.4,1,0.5162620546520179,train,High
103,123,5,1559.95,1,0.5106499197639368,train,Medium
104,343,1,310.45,0,0.4975349282341227,train,Medium
105,34,2,813.55,1,0.5079227226569893,train,Medium
106,541,1,909.1,1,0.5527980122704547,test,High
107,290,3,1129.6,1,0.5258807007268808,train,High
109,261,3,729.0,1,0.4839611830619211,train,Low
110,401,1,424.25,1,0.4620058946364574,test,Low
111,228,1,422.95,0,0.49247985795221,test,Low
112,93,2,815.2,1,0.4895587798454937,train,Low
113,267,5,2214.45,1,0.4848084854293814,train,Low
114,212,3,1484.0500000000002,1,0.5060338631445888,train,Medium
117,27,3,1058.25,1,0.5032534937330176,test,Medium
119,398,2,746.2,1,0.5461314023585773,test,High
121,334,3,1096.8,1,0.503261831935051,train,Medium
122,479,3,1373.1,1,0.4959989236354411,train,Medium
123,592,1,688.9,1,0.5503104739650102,train,High
124,47,1,369.6,1,0.4936304193860681,train,Low
125,576,1,127.65,1,0.4530115005264975,train,Low
126,322,3,1834.15,0,0.509145222894418,train,Medium
127,239,3,1460.0,1,0.5166170070212847,train,High
128,395,1,163.8,1,0.3846988290925935,test,Low
129,433,2,956.6,1,0.5015882192037967,train,Medium
130,125,6,1502.2,1,0.515761890390406,train,High
131,277,2,526.8,0,0.468594457082612,train,Low
134,145,2,1288.15,1,0.5169005035383138,train,High
135,486,2,1078.55,1,0.5025216576246058,test,Medium
136,97,6,2799.0,0,0.4861979812544793,train,Low
139,79,1,767.65,0,0.544735733716171,train,High
140,514,1,96.7,1,0.4501774803012218,test,Low
143,190,1,381.15,1,0.4801142532765611,train,Low
144,453,1,469.85,1,0.5211360040822915,test,High
145,98,3,1398.75,1,0.4882342651645476,test,Low
147,390,1,320.35,1,0.5091648243744032,train,Medium
149,585,1,529.0,1,0.5321732356663746,train,High
151,598,1,517.75,1,0.5162188958024156,test,High
152,379,4,1536.05,1,0.4747073151718053,train,Low
153,17,4,1650.05,1,0.5427687324611113,test,High
154,140,1,344.5,1,0.4801142532765611,train,Low
155,617,1,103.0,1,0.4080078106089699,test,Low
156,151,2,604.1,0,0.4872188064858048,train,Low
157,180,1,516.4,1,0.5322043517838905,train,High
159,10,3,738.35,1,0.5176451578247909,train,High
160,380,3,1043.95,1,0.5120293118399392,test,Medium
161,227,4,1900.65,1,0.5277816314383086,test,High
162,53,2,992.95,1,0.5202438706681535,train,High
163,481,1,366.45,1,0.5123783018561252,train,Medium
164,191,4,1203.35,1,0.516609131226501,train,High
166,473,1,301.15,1,0.4856597072084279,test,Low
168,58,1,547.75,0,0.5146191929214258,train,High
169,504,1,292.6,1,0.4915767634413487,train,Low
171,339,2,1105.2,1,0.5221289887562227,train,High
173,485,1,295.4,0,0.4986493438172413,train,Medium
175,7,5,2010.45,1,0.5432044145517272,train,High
176,16,2,770.3499999999999,1,0.5404327734618719,train,High
177,63,1,265.65,1,0.4930658450397957,train,Low
178,632,1,264.55,1,0.4875722074624726,train,Low
180,282,1,129.6,1,0.4360016452547407,test,Low
181,109,1,443.15,1,0.518671976683978,test,High
182,66,3,1361.3000000000002,1,0.4861844626828424,train,Low
183,548,1,221.2,1,0.4801828147309185,train,Low
184,12,2,563.35,1,0.5092150737894423,train,Medium
186,247,2,1138.9,1,0.512454995386728,train,Medium
188,131,5,1730.55,1,0.5226791181739981,train,High
189,433,1,573.3,1,0.5074001658152196,train,Medium
190,536,1,351.8,1,0.5217744476543222,train,High
192,275,1,343.6,1,0.482987116873755,train,Low
193,264,2,1172.3,1,0.5349443134556625,train,High
194,477,3,1445.5500000000002,1,0.4955751637950048,train,Medium
196,279,1,600.25,1,0.5282489457094229,train,High
197,468,1,419.0,1,0.5220245576844134,test,High
198,258,1,268.0,1,0.5126950088267698,train,Medium
199,72,3,1331.7,1,0.5168029277567462,train,High
200,57,4,1748.15,1,0.5148442687416785,train,High
201,364,1,214.0,1,0.5104950085831991,train,Medium
202,253,1,524.55,0,0.5016617128133493,train,Medium
203,603,1,478.45,0,0.4813969104151114,train,Low
204,20,4,1900.8,0,0.5097668684512187,train,Medium
205,486,1,635.4,0,0.5133935496580981,train,High
206,444,2,567.8,1,0.468594457082612,train,Low
207,283,3,880.5,0,0.4925838930648311,train,Low
208,273,2,1196.0,1,0.5133935496580981,train,High
209,203,4,1324.75,1,0.5289583328048466,train,High
210,632,1,295.1,1,0.5046497554524358,train,Medium
212,2,1,566.55,1,0.5207815164621599,train,High
213,194,4,1193.95,1,0.4806997145446342,train,Low
214,105,3,1328.35,1,0.4675869850701223,train,Low
216,560,2,991.45,1,0.4879278427560297,train,Low
219,176,1,539.1,1,0.5253973380892717,train,High
220,49,4,1524.75,1,0.5142869435628679,train,High
221,130,4,1801.7,1,0.5142871341906354,train,High
222,52,3,1291.05,1,0.5291311653247311,train,High
223,349,2,962.45,0,0.4890730024105882,test,Low
224,147,2,928.0,1,0.5013387968384184,train,Medium
225,196,3,1440.6999999999998,1,0.4861540839119464,test,Low
226,60,4,1662.85,1,0.4853740676081202,train,Low
227,358,1,462.6,1,0.4819948395284974,train,Low
228,241,2,1181.1,1,0.5251982937628802,train,High
229,17,1,572.95,1,0.5359721595412278,train,High
230,532,2,827.3,1,0.5341796999406907,train,High
231,197,5,2090.05,1,0.5277816314383086,train,High
233,105,2,812.35,1,0.5273591300454983,train,High
235,373,1,285.65,1,0.5079846696591224,train,Medium
236,238,1,360.75,1,0.4870462538782755,train,Low
237,22,2,761.35,1,0.516609131226501,train,High
238,181,1,253.1,1,0.4741049019904015,train,Low
239,350,1,161.4,1,0.4525531990681535,train,Low
240,210,4,590.15,1,0.52862706231566,train,High
241,596,1,364.95,1,0.5143724883739125,train,High
242,296,2,1029.35,0,0.5055085129099629,train,Medium
243,248,3,1204.4,0,0.4985972764639951,train,Medium
244,452,2,910.1,0,0.5061277194001914,train,Medium
245,81,2,872.4,1,0.5223987154971681,train,High
246,28,1,33.0,1,0.4858535826182717,train,Low
247,527,1,534.2,1,0.5026178195187176,train,Medium
248,436,1,372.85,1,0.4743457752551646,train,Low
249,98,1,182.9,1,0.4884751040518094,test,Low
250,660,1,457.9,1,0.5160275302461971,test,High
251,159,1,562.6,1,0.5039929204592335,train,Medium
252,32,3,1404.0,1,0.5225983142458928,train,High
253,130,1,180.7,0,0.4591469989506729,train,Low
254,69,6,1693.9,1,0.5281129657004238,test,High
256,607,1,477.75,1,0.5161369797595686,train,High
258,1,2,627.35,0,0.5161325448959061,train,High
259,252,1,183.35,1,0.4657718227741064,train,Low
260,460,1,363.85,1,0.5046470375385456,train,Medium
261,16,3,1447.55,1,0.4984948195213144,train,Medium
262,147,2,572.95,1,0.4962130079253434,train,Medium
263,624,1,428.05,1,0.4925838930648311,train,Low
264,16,4,1196.65,1,0.5406050523042181,train,High
266,120,2,817.3,1,0.4879278427560297,test,Low
267,143,2,766.05,1,0.5062322876042846,train,Medium
268,662,1,443.7,1,0.4955751637950048,train,Medium
269,220,3,1576.1,0,0.4790741661548947,train,Low
270,102,1,268.45,1,0.5051083824323223,train,Medium
271,292,2,945.25,1,0.4766234271490115,train,Low
272,167,4,1189.75,1,0.4635025053038614,test,Low
273,249,2,751.2,1,0.5044341354218614,train,Medium
274,19,3,802.65,1,0.5047610550044025,train,Medium
275,194,2,1166.4,0,0.5282489457094229,train,High
276,115,3,754.6,1,0.521865620945384,train,High
277,403,1,269.25,1,0.522524454381619,train,High
279,48,2,897.7,1,0.495636422800998,train,Medium
280,32,3,794.85,1,0.5279774202547135,train,High
281,645,1,352.35,1,0.5050531027686743,train,Medium
282,346,2,300.65,1,0.490245168791554,train,Low
283,260,1,322.6,1,0.482987116873755,train,Low
285,176,1,242.5,1,0.5127531745371685,train,Medium
286,231,2,910.45,1,0.518263689456902,train,High
287,35,2,935.2,1,0.5240300835848272,train,High
288,243,2,574.35,1,0.5010767782012849,train,Medium
289,579,1,207.15,0,0.4880792406386778,test,Low
290,558,2,831.0999999999999,1,0.5075719546823096,test,Medium
291,125,2,943.15,1,0.4737537306760372,train,Low
292,476,1,305.35,1,0.5306485901594736,train,High
293,24,2,722.0,1,0.5010016885468421,train,Medium
294,30,3,1314.15,1,0.4922171284334014,train,Low
295,7,3,1344.45,1,0.4933698148069154,train,Low
297,395,2,521.3,0,0.5277449991375132,train,High
298,46,4,1241.3,1,0.5167823555660689,train,High
301,321,2,770.85,1,0.4875722074624726,train,Low
303,203,2,822.05,1,0.4810879168747747,train,Low
304,296,1,548.8,1,0.5350475266384985,train,High
305,453,1,355.0,0,0.4713017956644146,train,Low
307,197,2,631.9000000000001,0,0.4896365490064008,train,Low
308,72,4,850.6,1,0.504247494307109,test,Medium
309,473,1,428.45,1,0.5401310947588197,train,High
311,213,2,739.25,1,0.5115055136484908,test,Medium
312,342,3,1287.95,1,0.5072647364965734,test,Medium
313,31,2,393.6,1,0.5051083824323223,train,Medium
314,113,2,642.0,1,0.4843086034847583,train,Low
317,73,1,625.45,1,0.5146191929214258,train,High
318,254,2,520.75,0,0.5106499197639368,train,Medium
319,264,1,302.85,1,0.4946001264823123,train,Low
320,183,1,519.3,1,0.5099116376833781,test,Medium
321,86,3,535.3,1,0.5001582975768212,train,Medium
322,53,2,984.7,1,0.498558550856033,train,Medium
323,314,2,985.95,1,0.5194821643459053,train,High
324,30,1,544.95,1,0.525380556997349,test,High
327,378,1,451.15,1,0.5079227226569893,test,Medium
328,367,2,694.0500000000001,1,0.4899207577402041,train,Low
329,108,3,839.5,1,0.504734253030586,train,Medium
330,305,3,1187.8,0,0.5071239027030121,train,Medium
331,33,3,1090.15,0,0.5299763317928464,train,High
335,117,4,1039.95,1,0.4861979812544793,train,Low
336,275,1,601.45,1,0.511345652852083,train,Medium
337,491,1,282.35,1,0.5142211459222624,train,High
338,444,2,652.7,1,0.4858291518291973,train,Low
340,274,1,320.75,1,0.4700195243553083,test,Low
341,401,1,276.2,1,0.4959422778520208,train,Medium
342,650,1,681.55,0,0.5330799988469154,train,High
343,41,4,1484.2,1,0.5053854392151889,train,Medium
344,208,2,353.9,1,0.4930658450397957,train,Low
346,7,1,658.45,1,0.5322534683422095,test,High
347,35,3,2071.2,1,0.5525255898429493,train,High
348,56,2,627.0999999999999,1,0.5000417034940544,test,Medium
349,46,1,772.45,1,0.5285881469274142,train,High
350,396,1,385.35,1,0.4959422778520208,train,Medium
351,31,2,836.45,0,0.5134808419929243,train,High
352,482,2,577.1,1,0.521298617113016,train,High
353,40,1,187.75,1,0.4690801505957852,test,Low
354,555,2,607.0999999999999,1,0.5194821643459053,train,High
355,39,1,228.0,1,0.4809938710136385,train,Low
357,559,1,250.6,1,0.4926857528751238,train,Low
358,109,1,449.9,1,0.5202877734791559,train,High
359,194,2,866.95,0,0.4836329643530239,train,Low
360,373,1,126.6,1,0.4651760441183026,train,Low
362,626,1,426.9,1,0.5290714020341138,test,High
363,184,2,746.1500000000001,1,0.4855281552978814,train,Low
365,270,3,975.75,1,0.4755002700171082,test,Low
367,92,3,1105.8,1,0.4881173756460307,test,Low
368,221,2,740.35,1,0.4889650597728666,train,Low
369,336,1,434.2,1,0.5106113003768638,train,Medium
370,549,1,571.0,1,0.5051223683349471,train,Medium
371,66,5,1511.4499999999998,1,0.4872188064858048,train,Low
372,73,2,740.0,1,0.5171076174658411,train,High
373,223,2,787.25,1,0.5167823555660689,train,High
376,196,1,535.15,1,0.5039929204592335,train,Medium
377,564,1,434.75,1,0.4721472129090062,train,Low
379,443,1,347.7,1,0.5036190629989619,train,Medium
380,308,1,413.8,1,0.4869533265840408,train,Low
381,622,1,453.6,1,0.5152277524265655,train,High
382,38,1,352.6,1,0.481595234267449,test,Low
383,112,4,1773.0,1,0.515761890390406,train,High
384,173,2,1138.75,1,0.5154644874756314,train,High
386,172,2,552.4,1,0.5010767782012849,test,Medium
387,66,4,1160.2,1,0.4861979812544793,train,Low
388,88,4,1606.85,1,0.5166170070212847,test,High
389,86,2,1215.1,1,0.5306315871923251,train,High
390,223,1,208.75,1,0.481595234267449,test,Low
391,491,2,709.0,1,0.5135250188716313,train,High
392,84,2,582.9000000000001,1,0.5291311653247311,train,High
393,90,3,1280.3000000000002,1,0.5273591300454983,train,High
394,204,1,244.0,1,0.4930658450397957,train,Low
395,388,4,962.65,1,0.4839611830619211,train,Low
396,275,3,1310.0,0,0.4899207577402041,train,Low
397,446,1,362.25,1,0.480514112390085,train,Low
399,228,4,1742.05,1,0.5142665555606337,train,High
401,420,1,235.2,0,0.4978859180440541,train,Medium
402,126,4,1399.5,1,0.5106499197639368,train,Medium
403,59,2,705.05,1,0.4834414216730265,train,Low
407,210,2,784.55,1,0.503261831935051,train,Medium
408,146,1,514.6,1,0.5153126283997466,train,High
409,579,1,372.3,0,0.497131449265528,test,Medium
410,70,2,1147.0,1,0.4929799449632316,train,Low
411,29,1,510.35,1,0.510048449772028,train,Medium
412,214,2,723.55,1,0.501924900136904,train,Medium
414,394,1,279.35,1,0.4946001264823123,train,Low
415,355,2,928.3,1,0.4989903057807469,train,Medium
416,142,2,617.6,1,0.4705079957200973,train,Low
417,221,2,789.7,1,0.5156158829330656,train,High
418,157,1,130.0,1,0.4497039027242701,test,Low
420,333,2,868.25,1,0.5120553320457915,train,Medium
421,83,1,358.4,0,0.49247985795221,test,Low
423,208,2,377.25,1,0.4448949167445087,train,Low
424,600,1,493.5,1,0.5290917376444093,train,High
426,109,3,1404.3000000000002,1,0.4969892999795018,train,Medium
427,605,1,501.2,1,0.5377816551945267,test,High
428,237,2,743.9000000000001,1,0.5103251787180494,test,Medium
429,252,3,1181.55,1,0.4819348867926376,train,Low
430,154,1,103.55,1,0.4520126654615226,train,Low
431,480,3,1349.45,0,0.5258807007268808,train,High
432,228,2,671.6,1,0.516950970994092,train,High
433,588,1,523.95,1,0.5264610331094689,train,High
434,346,2,765.1,1,0.5309797004554978,train,High
435,437,2,893.4000000000001,1,0.5143724883739125,train,High
437,151,1,443.0,0,0.5195328100264984,train,High
438,291,1,466.9,1,0.480585954973553,train,Low
439,541,2,656.8499999999999,1,0.4635025053038614,train,Low
440,66,2,933.1,1,0.501924900136904,train,Medium
441,19,7,3417.5,1,0.5068975659107159,train,Medium
442,416,2,1037.0,1,0.495048656984203,train,Medium
443,44,2,830.7,1,0.504247494307109,test,Medium
445,384,1,394.8,1,0.482987116873755,train,Low
446,623,1,48.0,1,0.411231803730022,train,Low
447,331,3,895.8499999999999,1,0.5204774494677756,train,High
448,412,1,488.95,1,0.4848669241106167,train,Low
449,616,1,698.05,1,0.562319908014716,train,High
452,184,2,464.6,1,0.4992591817854123,train,Medium
453,187,5,2229.1,1,0.5166297038939849,train,High
454,474,2,797.15,0,0.497131449265528,train,Medium
456,584,1,493.55,1,0.5281921980175416,train,High
457,69,2,1096.7,1,0.5208342742833476,train,High
458,111,2,1343.65,1,0.5240114819117112,train,High
459,502,2,762.65,1,0.5135250188716313,test,High
461,106,2,631.1,1,0.504247494307109,train,Medium
462,81,2,1077.45,1,0.4905248081528312,train,Low
463,240,2,450.0,1,0.4870455036459979,test,Low
464,618,1,540.8,1,0.4975022803558477,test,Medium
465,665,1,314.65,1,0.5204774494677756,train,High
466,24,2,387.0,1,0.5029430705051762,test,Medium
467,392,2,739.4,0,0.5189511898928354,train,High
468,220,2,645.55,1,0.4965381162609562,train,Medium
470,58,1,252.75,1,0.5081837054097279,test,Medium
471,163,1,802.25,1,0.5407781487363392,train,High
472,218,3,950.85,1,0.5167823555660689,train,High
473,198,4,1712.5,0,0.5212586245862378,test,High
474,31,2,774.5500000000001,1,0.4900601642380544,train,Low
475,664,1,364.0,0,0.5371224122595711,train,High
476,660,1,526.25,1,0.4940870461773126,train,Low
477,579,1,488.3,1,0.5176422947787235,train,High
478,265,3,1408.2,1,0.5309797004554978,train,High
479,198,1,594.1,1,0.5260895555059758,test,High
480,72,4,2275.6,0,0.5105353491091955,test,Medium
482,6,3,1579.75,1,0.5297256146286184,train,High
483,92,4,1730.3,1,0.5106499197639368,train,Medium
484,193,3,844.1,1,0.531302033497099,test,High
485,79,1,93.0,1,0.4480415993388537,test,Low
486,549,1,157.05,1,0.4681051893198947,train,Low
487,197,4,1715.9499999999998,1,0.4873163321835043,train,Low
488,321,1,464.2,1,0.4985131047252903,test,Medium
490,667,1,108.8,1,0.448574369794756,train,Low
492,480,1,436.0,1,0.5346014849809917,train,High
493,21,3,1078.2,1,0.5148330250152069,train,High
495,30,3,895.6500000000001,1,0.5010767782012849,train,Medium
496,574,1,299.85,1,0.5061277194001914,train,Medium
498,205,3,647.05,1,0.5046293525711298,train,Medium
500,129,3,1070.8,1,0.4997345076538584,train,Medium
501,61,2,540.6999999999999,1,0.4719453428384464,test,Low
502,194,2,308.35,1,0.4532375902948403,test,Low
503,465,1,599.55,1,0.4981398638569243,train,Medium
505,112,2,943.15,0,0.4933090226536509,train,Low
506,372,2,1009.1,1,0.5223491059045312,train,High
507,226,1,787.3,1,0.5495243505772351,test,High
508,109,1,326.55,1,0.4801142532765611,test,Low
509,258,1,352.45,1,0.4974253681546105,train,Medium
510,115,2,367.7,1,0.4945487730706255,train,Low
512,487,1,265.55,1,0.5194821643459053,test,High
513,142,1,211.55,1,0.4669382767301613,test,Low
514,174,1,564.9,1,0.5031448340920462,train,Medium
516,192,2,1002.05,1,0.5154665548118411,train,High
519,35,1,647.95,1,0.5124381813403015,train,Medium
520,242,2,629.75,1,0.502780895251571,train,Medium
521,267,3,1172.15,1,0.5194821643459053,train,High
522,165,2,1246.75,1,0.4971863654857484,test,Medium
523,281,2,421.85,0,0.5049660613894855,train,Medium
524,49,2,1172.0,1,0.5262432059190071,train,High
526,421,2,997.55,1,0.529506970616687,train,High
527,277,1,454.45,1,0.4926212409675942,train,Low
529,270,3,1004.45,1,0.491745299767184,train,Low
530,12,1,376.8,1,0.4757208939600766,train,Low
533,76,1,238.55,1,0.4700195243553083,train,Low
535,374,1,397.75,1,0.4990180661554121,train,Medium
536,25,5,2281.55,0,0.5332102465224825,test,High
537,91,4,1747.55,0,0.4799274626525995,train,Low
538,347,4,1207.45,1,0.514545761049545,train,High
539,77,2,967.75,1,0.4999686558674728,train,Medium
540,79,2,479.9,1,0.5111733119345585,train,Medium
541,441,2,585.35,0,0.530246700714626,test,High
542,72,3,1258.9,0,0.5150303238599082,train,High
543,461,1,401.7,1,0.4915767634413487,train,Low
544,41,1,445.8,1,0.5126934216675127,train,Medium
545,46,2,509.05,1,0.5010064260035979,train,Medium
546,75,1,224.75,1,0.4914473240095259,train,Low
549,16,4,1407.7,1,0.5313776063522192,train,High
550,263,2,366.6,1,0.4873532927279034,train,Low
551,40,2,903.15,1,0.5073367495919568,train,Medium
553,510,1,427.05,1,0.4946087170245845,train,Low
554,10,3,1134.25,0,0.5047610550044025,test,Medium
555,447,1,414.25,1,0.5255566763260722,train,High
556,466,1,255.85,1,0.4890730024105882,train,Low
557,195,2,1253.4,0,0.5320804565880198,train,High
558,234,2,581.5,0,0.4728571774177436,train,Low
559,6,3,1259.5,0,0.4843069210733717,train,Low
560,309,1,191.1,0,0.4739991464266082,train,Low
561,147,2,650.3,1,0.521865620945384,train,High
562,10,1,331.15,0,0.4982329834698079,test,Medium
563,273,2,581.2,1,0.4839611830619211,train,Low
564,10,2,488.65,1,0.4672697662834946,train,Low
565,101,1,251.0,0,0.4801142532765611,train,Low
566,272,2,748.15,1,0.5220098020954206,test,High
567,123,2,485.7,1,0.5010767782012849,test,Medium
568,294,1,550.3,1,0.4979193138126799,train,Medium
569,326,1,319.2,0,0.4886595151783879,train,Low
570,172,5,2287.9,1,0.4861979812544793,train,Low
572,100,2,586.0999999999999,1,0.4834414216730265,train,Low
573,364,1,304.5,1,0.4967982468107547,train,Medium
574,27,2,760.9,1,0.4791224084861836,train,Low
575,134,1,324.55,1,0.4801142532765611,train,Low
576,280,2,595.35,1,0.5014467907268974,train,Medium
577,153,2,995.25,0,0.485725504447674,train,Low
581,74,4,1749.1,1,0.5095028988407834,train,Medium
583,483,1,472.05,1,0.5407485722325883,train,High
584,133,1,469.4,1,0.501924900136904,test,Medium
586,588,1,563.85,1,0.5469723702337209,train,High
587,605,2,1001.35,0,0.5135250188716313,train,High
588,508,1,477.4,1,0.5241857373087203,train,High
589,213,2,660.35,0,0.5103124272682582,train,Medium
591,60,1,600.25,1,0.5099116376833781,train,Medium
592,91,3,1670.8,1,0.522662013544224,train,High
593,58,3,1508.0,1,0.501206726220755,train,Medium
594,28,4,1318.2,1,0.478326296219666,train,Low
595,386,1,478.8,1,0.5048015503671331,train,Medium
598,287,1,439.95,1,0.5114024126046578,train,Medium
599,56,2,1138.0,1,0.523732034889075,train,High
600,512,1,237.25,1,0.5186352670496369,train,High
601,82,3,1013.5,1,0.5010767782012849,train,Medium
602,201,2,942.8,1,0.52862706231566,train,High
603,500,2,721.75,1,0.513187618938526,train,Medium
606,253,3,897.5999999999999,1,0.4881173756460307,train,Low
607,58,5,2181.6,1,0.5103251787180494,train,Medium
608,566,2,406.6,1,0.5071521401237163,test,Medium
609,40,2,691.85,1,0.5262034111564424,test,High
610,279,2,663.0999999999999,1,0.4996177366421631,train,Medium
613,277,1,661.2,1,0.5160378257191025,train,High
614,221,1,356.8,1,0.5069236469099243,train,Medium
615,106,3,1411.1,1,0.4760693977511194,test,Low
617,437,3,962.35,1,0.4978685284035228,test,Medium
619,555,1,486.3,1,0.5196553164134698,train,High
621,230,1,223.7,1,0.4745275736963719,train,Low
622,418,1,462.4500000000001,1,0.4823419536786033,train,Low
623,161,5,1668.0500000000002,0,0.5147685363604915,train,High
624,367,5,1021.6,1,0.5230292769917697,train,High
626,131,1,538.45,0,0.5282489457094229,test,High
627,658,1,475.3,1,0.5115726800453178,train,Medium
628,444,1,630.75,1,0.5468019198744511,train,High
629,246,3,1144.75,1,0.5060588961042368,train,Medium
630,597,1,818.65,0,0.4992327761241543,train,Medium
631,400,3,745.95,1,0.4839611830619211,train,Low
632,30,1,363.9,1,0.4625327086105462,train,Low
634,73,1,365.5,1,0.4722718350895494,train,Low
635,67,2,815.6,1,0.5016004160049354,train,Medium
636,215,4,1765.1,1,0.4853740676081202,test,Low
637,559,1,407.4,0,0.4988178833029399,train,Medium
638,294,3,1012.55,1,0.4839611830619211,train,Low
639,67,1,381.0,1,0.4625327086105462,train,Low
640,96,1,510.3,1,0.5099116376833781,train,Medium
641,180,1,250.75,1,0.485784613634915,train,Low
642,9,2,982.0,1,0.5330515782954368,train,High
643,43,3,1207.2,0,0.4806997145446342,train,Low
644,330,2,691.2,0,0.5046470375385456,train,Medium
645,351,2,419.85,1,0.4838343128145134,train,Low
646,434,2,867.05,1,0.5195027284662539,train,High
647,595,1,389.35,0,0.4973527831214542,train,Medium
649,63,4,1775.5,1,0.4861979812544793,train,Low
650,216,5,2060.3,1,0.5034676595124516,train,Medium
651,14,1,541.0,1,0.5381003475812982,train,High
652,302,3,885.3,0,0.5149823418332535,test,High
653,209,3,1148.1,1,0.5001535601014223,train,Medium
654,549,1,657.75,0,0.5102572875507608,train,Medium
655,115,1,448.7,1,0.5171076174658411,train,High
657,637,1,254.7,1,0.5099562122958149,train,Medium
658,348,2,758.1,1,0.5135250188716313,train,High
659,199,2,826.15,1,0.5289583328048466,train,High
660,538,1,261.95,1,0.4890730024105882,train,Low
661,25,3,1590.75,1,0.540023733789911,train,High
662,249,1,348.65,1,0.4930658450397957,test,Low
663,80,2,963.5,0,0.5132730288455999,test,High
664,278,2,670.3,1,0.4686149713036723,train,Low
672,111,3,1460.5,1,0.5106499197639368,train,Medium
673,83,5,2622.6,1,0.5177866690904667,train,High
674,635,1,640.15,0,0.5122486552031267,train,Medium
675,473,2,743.6500000000001,0,0.4757263525363568,train,Low
676,30,2,398.1,1,0.4625327086105462,train,Low
679,602,1,348.7,1,0.5135250188716313,train,High
680,203,3,843.4000000000001,1,0.5277816314383086,test,High
681,243,2,564.9,1,0.5176294808092777,train,High
683,638,1,83.0,1,0.460631561571332,test,Low
684,127,3,1293.1,1,0.4991320134969268,train,Medium
685,622,1,312.45,1,0.4849817448619647,test,Low
686,204,3,1187.85,1,0.4927337914607794,train,Low
688,87,1,309.4,1,0.4946583231702582,train,Medium
689,86,2,847.25,1,0.4956236668923605,train,Medium
690,310,2,827.25,0,0.5127310395592088,test,Medium
691,302,2,468.05,1,0.4961854855457533,test,Medium
694,357,2,1002.85,1,0.518171610447636,train,High
695,510,3,1174.15,1,0.5204392303684657,train,High
696,155,1,94.8,1,0.4547931899376499,train,Low
697,304,2,983.95,1,0.508087145911213,test,Medium
698,88,3,1147.1,1,0.4861979812544793,test,Low
699,392,3,1479.95,1,0.5316661704815773,train,High
700,304,2,705.4000000000001,1,0.5143803663546704,train,High
701,466,2,815.3499999999999,1,0.5046603148133525,train,Medium
702,294,1,304.7,1,0.48442770852243,train,Low
703,331,1,358.9,1,0.4625327086105462,train,Low
704,256,2,508.4500000000001,1,0.5100167990670391,test,Medium
705,1,4,2441.55,1,0.5337946415458552,train,High
706,230,2,580.3499999999999,1,0.504247494307109,test,Medium
707,470,2,823.25,1,0.5186352670496369,train,High
708,595,1,559.65,1,0.5391590199840743,train,High
711,288,2,827.7,1,0.5057026090631278,train,Medium
713,535,1,441.4,1,0.5225983142458928,train,High
715,179,3,997.65,1,0.5076788679616124,train,Medium
716,233,2,606.25,1,0.5010767782012849,train,Medium
717,659,1,242.35,1,0.4758318554346515,train,Low
718,599,1,298.3,1,0.5106124049197285,train,Medium
719,164,1,277.9,1,0.4945487730706255,test,Low
721,307,1,304.05,0,0.4870462538782755,train,Low
722,32,2,1311.85,0,0.542884367574024,train,High
723,21,3,1223.95,1,0.4969892999795018,train,Medium
724,191,6,3038.1,1,0.5432741992477186,train,High
725,288,1,343.0,1,0.4815649950868675,train,Low
726,541,1,766.6,1,0.5507113815416745,test,High
728,362,1,502.75,1,0.5282489457094229,train,High
729,102,2,848.85,1,0.5025599141296785,train,Medium
730,442,1,369.25,1,0.5212453701498275,train,High
731,616,1,634.7,1,0.5267450601461521,train,High
732,398,2,993.55,1,0.49470245314797,train,Medium
733,296,1,493.05,1,0.4924756508695291,train,Low
735,25,3,1207.1,1,0.5017703756228968,train,Medium
736,447,2,811.6,1,0.5059783336743889,train,Medium
737,46,1,436.0,0,0.4881173756460307,train,Low
738,161,1,143.1,1,0.3706710065932159,test,Low
739,648,1,317.5,1,0.5168747416721423,train,High
744,5,2,871.6,1,0.5201975597428804,train,High
745,570,1,446.4,1,0.4946087170245845,train,Low
746,47,1,190.75,1,0.4867262139809026,test,Low
747,199,1,383.05,1,0.4939627408869412,train,Low
748,29,3,1504.85,0,0.5003996314409609,train,Medium
749,140,1,578.6,0,0.509181860778598,test,Medium
750,296,3,1290.0,1,0.514545761049545,train,High
751,402,1,197.45,1,0.4967903626357708,train,Medium
752,67,1,359.2,1,0.4930658450397957,train,Low
753,284,2,1183.15,1,0.5346396091451122,train,High
754,53,2,433.3,1,0.4801142532765611,train,Low
755,6,3,1583.85,0,0.5417681544663343,train,High
756,11,2,895.3000000000001,1,0.5056090933738352,train,Medium
757,159,1,652.1,0,0.5146191929214258,test,High
758,89,2,795.35,0,0.5260239865479204,train,High
760,37,1,307.7,1,0.4801142532765611,train,Low
761,153,1,625.85,0,0.5268764408306775,train,High
762,28,3,1059.35,1,0.5134490673675087,test,High
763,56,2,997.6,1,0.5279977609606573,train,High
765,504,2,691.75,0,0.5331495655109095,train,High
766,193,3,1311.35,1,0.5174909966775046,test,High
767,33,3,919.1,1,0.4987706833541432,train,Medium
769,477,1,434.25,1,0.5225983142458928,test,High
770,592,1,536.6,1,0.5402879272636618,train,High
771,602,2,771.95,1,0.4839476681040189,train,Low
772,551,1,340.65,1,0.4949435644610965,train,Medium
773,623,1,326.1,0,0.4839611830619211,train,Low
775,326,2,1024.7,1,0.5167701918707293,train,High
777,10,5,2022.55,1,0.5020159439474139,test,Medium
779,46,2,878.8,1,0.5034080134998717,train,Medium
781,159,1,83.0,1,0.4629050991349103,train,Low
782,212,2,899.55,1,0.4946404961203313,train,Low
783,112,2,374.0,1,0.4872188064858048,train,Low
784,114,4,1402.85,0,0.4861979812544793,train,Low
785,598,1,193.6,1,0.5020087901445865,train,Medium
786,356,3,1139.0500000000002,1,0.4686149713036723,train,Low
787,127,1,240.15,0,0.4754437568809122,train,Low
789,274,3,876.55,1,0.5046470375385456,train,Medium
791,277,1,313.5,1,0.4625327086105462,train,Low
792,162,2,498.55,1,0.4828559778731706,train,Low
793,1,3,1047.8,0,0.5028405045294534,train,Medium
795,502,2,901.0,0,0.5080743923601658,test,Medium
796,300,2,920.7,1,0.490992900656246,train,Low
798,639,1,170.35,1,0.5211399484227509,train,High
799,452,1,468.3,1,0.5186352670496369,train,High
800,15,4,2221.1000000000004,1,0.5119750555265258,train,Medium
801,218,3,825.5,1,0.5167823555660689,test,High
802,656,1,235.25,0,0.5305492855026887,train,High
803,0,3,648.5,0,0.4985730848827737,train,Medium
804,17,2,1141.15,1,0.5380050687798607,test,High
805,95,2,1136.35,1,0.5076669289510045,train,Medium
806,148,1,496.7,1,0.519955939112596,train,High
807,96,2,987.35,1,0.5171537610722742,train,High
808,253,1,891.2,1,0.5340072439359169,train,High
809,182,1,493.15,1,0.495636422800998,test,Medium
812,260,2,710.95,1,0.5020087901445865,train,Medium
813,186,4,2306.35,1,0.5024727111036815,test,Medium
814,102,2,850.55,1,0.4889650597728666,train,Low
815,129,2,792.95,1,0.502780895251571,train,Medium
816,71,5,2577.5,1,0.5245834330948336,test,High
820,50,1,277.45,1,0.4961413531708205,train,Medium
821,270,3,1262.45,1,0.5212453701498275,train,High
823,145,3,1264.8,1,0.518263689456902,train,High
824,412,1,321.2,1,0.4737533812581151,train,Low
825,275,3,1370.3,1,0.5150689433564728,train,High
826,565,1,116.85,1,0.4620867776668246,train,Low
827,121,5,2174.55,1,0.515789129594367,test,High
828,241,2,810.45,1,0.5022296756250291,train,Medium
829,166,1,534.25,1,0.514033564564541,train,High
830,384,2,810.15,0,0.4909419307376721,train,Low
831,120,1,578.35,1,0.5353280115983116,train,High
832,84,1,394.6,1,0.5062887309992141,test,Medium
833,547,1,103.0,1,0.4317970747725599,train,Low
834,558,1,453.5,1,0.5196553164134698,train,High
836,188,1,409.5,0,0.5040985688209497,train,Medium
837,218,1,440.55,1,0.4904065689941865,train,Low
838,398,1,114.0,1,0.4627087539566952,train,Low
840,295,2,1021.8,1,0.5225757027968364,train,High
841,9,3,1041.0,1,0.5217280944149849,train,High
842,13,1,307.65,1,0.4728527895543178,train,Low
844,347,1,317.15,1,0.5097996227522011,train,Medium
845,115,1,294.6,1,0.5015611112391937,test,Medium
846,8,3,1178.3,0,0.5291342294587881,test,High
847,201,2,761.35,1,0.5114976333214488,test,Medium
848,414,2,866.9000000000001,1,0.5003010285061933,train,Medium
849,75,3,1034.25,1,0.5393481121112906,train,High
850,427,1,329.75,1,0.4858465278317895,test,Low
851,257,3,974.45,0,0.490992900656246,train,Low
852,369,1,414.2,0,0.4989935254804892,train,Medium
854,64,3,1055.65,1,0.5050531027686743,train,Medium
855,254,1,283.3,1,0.481595234267449,train,Low
856,52,1,512.2,1,0.5155154250990814,train,High
857,61,4,1810.6,1,0.4983315420219512,train,Medium
858,285,1,484.65,1,0.5039534857995365,train,Medium
860,113,3,1119.6,1,0.5156158829330656,train,High
861,312,1,186.75,1,0.5034096016090093,train,Medium
862,79,4,1503.65,1,0.5028054431553983,train,Medium
863,8,3,990.3,0,0.537901055884849,train,High
864,75,3,1045.65,1,0.5291311653247311,test,High
865,378,1,405.9,1,0.4881189629321213,train,Low
868,99,2,622.25,1,0.5114976333214488,train,Medium
869,410,1,206.5,1,0.4644660644009388,train,Low
870,395,1,688.6,1,0.5547347741669321,train,High
872,114,2,588.1500000000001,1,0.4866603349796355,train,Low
873,572,1,422.7,1,0.4924246759364178,test,Low
874,348,1,328.65,1,0.5010783663768643,train,Medium
877,265,1,369.7,1,0.4852750595821856,train,Low
879,3,2,833.5,1,0.544088655967251,train,High
880,10,1,325.8,1,0.479744139354136,test,Low
881,60,1,688.9,1,0.5285881469274142,train,High
882,289,3,1246.3,1,0.5309797004554978,train,High
883,227,4,1825.15,1,0.4991320134969268,train,Medium
884,70,4,1581.85,1,0.4866093835688426,train,Low
885,665,1,397.4,1,0.5169984638436453,train,High
886,527,1,561.3,1,0.5400310959018819,test,High
888,313,1,198.0,1,0.4950238707843058,train,Medium
889,400,2,556.55,1,0.5309797004554978,test,High
890,326,1,341.35,1,0.5026710621334335,train,Medium
891,156,4,1580.85,1,0.5116709579324805,train,Medium
893,615,1,179.2,1,0.5428574931821022,train,High
894,88,3,932.7,1,0.4997345076538584,train,Medium
895,117,1,312.1,1,0.4801142532765611,train,Low
896,542,1,404.1,1,0.5211360040822915,train,High
897,387,1,366.1,1,0.4967903626357708,test,Medium
898,9,4,1604.6,1,0.5272705027558934,train,High
899,308,3,1033.6,1,0.5283780256986942,train,High
901,318,1,504.6,1,0.527664668541656,test,High
902,532,2,941.35,1,0.51109238215614,train,Medium
903,648,1,239.4,1,0.5135250188716313,test,High
904,171,3,1841.15,1,0.5024727111036815,train,Medium
905,549,1,380.35,1,0.524608313708324,train,High
906,401,2,665.6500000000001,0,0.4988178833029399,train,Medium
907,221,5,1926.9,1,0.5176373555020175,train,High
908,636,1,458.9,1,0.5143724883739125,train,High
911,260,2,804.45,1,0.5194821643459053,train,High
912,130,1,183.8,1,0.4815542572452661,train,Low
913,63,1,277.55,1,0.4947697352826189,test,Medium
915,43,5,1451.85,1,0.4810879168747747,train,Low
916,403,3,1064.55,1,0.498981714614898,train,Medium
917,442,3,838.85,1,0.514545761049545,train,High
918,80,4,965.55,0,0.5116709579324805,train,Medium
919,99,2,1241.9499999999998,1,0.5349201976728963,train,High
921,336,1,413.25,1,0.48442770852243,test,Low
922,180,2,818.7,1,0.5219339420617907,train,High
923,658,1,251.2,1,0.4973527831214542,test,Medium
924,420,1,404.85,1,0.4982182856624514,train,Medium
925,228,3,1214.2,1,0.5147685363604915,train,High
927,441,2,855.55,1,0.5186352670496369,test,High
929,129,1,358.15,1,0.4930658450397957,test,Low
930,260,2,603.35,1,0.4883210407275796,test,Low
931,606,1,219.5,1,0.5160275302461971,train,High
932,44,1,276.75,1,0.487066644842453,train,Low
933,61,3,1736.25,0,0.5105353491091955,test,Medium
934,8,3,1791.15,1,0.5112696233516976,train,Medium
936,256,2,960.4,0,0.4889650597728666,train,Low
937,428,2,1128.65,1,0.5331632720242775,train,High
938,24,1,244.7,0,0.4809610978278545,test,Low
939,51,3,1167.35,1,0.516950970994092,train,High
940,223,2,745.6,1,0.5149310283311193,train,High
941,276,2,956.7,1,0.4918407803044481,train,Low
942,649,1,569.75,1,0.4870895115787029,train,Low
944,251,5,1346.1,1,0.5052108742459873,train,Medium
946,491,1,327.1,1,0.5079718390072365,test,Medium
947,26,3,1389.3,1,0.4936589636399585,train,Low
948,75,6,2407.3,0,0.4810879168747747,train,Low
950,319,2,1067.4,1,0.5270484681734392,test,High
951,479,1,416.4,1,0.5260710586747963,train,High
952,461,1,483.05,1,0.5316661704815773,train,High
953,100,1,363.4,1,0.5046846331472878,train,Medium
954,270,2,1091.7,1,0.5174930067716637,train,High
955,506,1,418.6,1,0.5047994812418973,train,Medium
957,303,2,899.9499999999999,1,0.4918407803044481,train,Low
959,410,1,421.15,1,0.4967476737774869,train,Medium
961,298,2,926.65,1,0.5039534857995365,train,Medium
962,547,2,573.0,1,0.4981257077064845,train,Medium
964,362,2,402.7000000000001,1,0.5195027284662539,test,High
965,282,3,951.9,1,0.5194821643459053,train,High
966,405,1,184.85,1,0.4788779906814565,train,Low
967,258,2,792.25,1,0.4924346274696667,train,Low
968,198,1,49.4,1,0.4436463315128958,train,Low
969,360,1,210.85,1,0.4844687015689934,train,Low
971,123,2,750.25,1,0.516609131226501,test,High
973,16,2,492.25,1,0.4788548843321309,train,Low
974,151,2,1066.95,1,0.500504332598131,train,Medium
975,335,3,1210.25,1,0.5132003669386644,train,High
976,209,2,894.15,1,0.4881173756460307,train,Low
978,389,2,673.8,0,0.5186352670496369,train,High
980,272,2,817.85,1,0.5039534857995365,train,Medium
981,249,2,899.5,1,0.4930415292759732,train,Low
982,537,1,103.0,1,0.433935275392109,train,Low
983,310,1,460.85,1,0.5079227226569893,train,Medium
984,220,4,1763.65,1,0.4821080802782779,train,Low
985,119,1,531.5,1,0.5081861403831746,train,Medium
986,241,5,1916.65,1,0.5001535601014223,test,Medium
987,127,2,1169.35,1,0.5016617128133493,train,Medium
988,283,2,642.3,0,0.4834414216730265,train,Low
990,407,1,504.0,1,0.4742619285758226,train,Low
991,298,3,858.2,1,0.490992900656246,train,Low
992,55,4,1073.25,1,0.4991320134969268,test,Medium
993,259,1,162.85,1,0.4576479151384408,train,Low
994,218,2,823.6500000000001,0,0.5010767782012849,test,Medium
996,420,1,662.65,1,0.4801379092346598,train,Low
997,22,2,1150.85,1,0.5146191929214258,train,High
998,353,1,287.5,1,0.4905028632966601,train,Low
999,13,2,462.3,1,0.5047610550044025,train,Medium
1000,585,1,616.15,1,0.4982080809048931,train,Medium
1001,418,1,145.5,1,0.4771599013532291,test,Low
1002,110,3,1239.5,1,0.5144208417673934,test,High
1003,219,2,711.35,1,0.4887011020189323,train,Low
1004,398,1,492.45,1,0.4993612304703897,train,Medium
1005,19,4,1797.75,1,0.5095232203454962,train,Medium
1006,16,2,1153.2,1,0.5314368486805244,train,High
1007,57,1,451.3,1,0.5149310283311193,train,High
1008,558,1,339.2,0,0.4713017956644146,train,Low
1009,255,4,1209.1,1,0.5106499197639368,test,Medium
1011,449,1,369.65,1,0.5293071740349193,train,High
1014,547,1,614.05,1,0.5152786161487262,train,High
1016,232,1,450.55,0,0.4935381916160286,train,Low
1017,274,1,579.1,0,0.5183400473432503,train,High
1019,516,1,323.2,1,0.5334739940481699,train,High
1021,180,2,845.35,1,0.4982376410604281,train,Medium
1022,28,2,374.9500000000001,1,0.4754437568809122,train,Low
1023,364,2,952.15,1,0.5309797004554978,train,High
1024,478,1,300.1,1,0.5071239027030121,train,Medium
1025,452,1,531.35,1,0.5504710831384302,train,High
1028,610,2,957.85,1,0.4973527831214542,train,Medium
1029,240,1,245.5,1,0.49247985795221,train,Low
1030,419,2,538.45,1,0.5064625503068046,train,Medium
1031,313,2,636.0,1,0.5306485901594736,train,High
1032,374,1,297.4,1,0.4809938710136385,train,Low
1033,185,2,765.4,0,0.5222561839550494,train,High
1034,162,2,732.9,1,0.468594457082612,train,Low
1035,406,1,505.15,1,0.5082480877127479,train,Medium
1036,559,2,474.9,1,0.5074838987380651,train,Medium
1037,221,5,1784.1,1,0.5106499197639368,train,Medium
1039,121,2,944.1,1,0.5131169292773715,test,Medium
1041,406,2,1026.35,1,0.5105427554156367,train,Medium
1042,140,2,756.8,0,0.495636422800998,train,Medium
1043,128,1,584.85,1,0.5031448340920462,train,Medium
1044,623,1,435.55,1,0.5143724883739125,train,High
1046,638,1,259.35,1,0.5024363350439347,train,Medium
1047,486,1,232.75,1,0.5227256580784388,train,High
1048,7,3,1755.15,1,0.5332368972630072,train,High
1049,25,5,2410.4,1,0.4810879168747747,train,Low
1050,468,4,2118.75,1,0.5428640406943608,test,High
1051,224,2,364.4,1,0.4876351019061499,train,Low
1053,412,1,300.8,1,0.4864107675134157,test,Low
1056,292,2,625.05,1,0.4955751637950048,test,Medium
1057,18,2,597.85,1,0.5190399580070044,train,High
1058,120,1,312.55,1,0.4809610978278545,train,Low
1059,17,2,621.5,1,0.5315762215894139,train,High
1060,281,4,1486.3,1,0.5186624954654981,train,High
1061,661,1,368.1,1,0.4925838930648311,test,Low
1062,471,1,94.0,0,0.4242448956962623,train,Low
1063,271,3,1786.55,1,0.5206591973220343,train,High
1065,135,1,320.7,1,0.4824422669568945,test,Low
1066,205,2,746.2,0,0.5131531994964469,train,Medium
1067,429,1,591.85,0,0.5174488641873478,train,High
1068,49,2,767.35,1,0.5010767782012849,train,Medium
1069,216,2,958.05,1,0.4821080802782779,train,Low
1070,149,2,864.05,1,0.5167823555660689,train,High
1073,369,1,422.5,1,0.4869533265840408,train,Low
1074,652,1,549.75,1,0.5069114507895148,train,Medium
1075,48,3,1067.25,1,0.5147685363604915,train,High
1078,25,4,1347.9,1,0.5342602905951247,train,High
1079,574,1,477.95,1,0.4924246759364178,train,Low
1081,214,1,656.95,1,0.5025098276317339,train,Medium
1083,626,1,626.65,1,0.5338322180188779,train,High
1084,56,2,647.35,1,0.4909783160329838,train,Low
1085,477,1,227.4,1,0.4890730024105882,test,Low
1086,40,1,301.4,1,0.4591469989506729,train,Low
1087,18,3,1148.55,1,0.5282888965189863,train,High
1088,247,1,388.15,1,0.4823748699989459,test,Low
1090,0,2,1039.6,1,0.5452747692607375,train,High
1091,106,2,711.1,0,0.4801828147309185,train,Low
1092,635,1,381.0,0,0.5053854392151889,test,Medium
1093,44,2,1002.85,1,0.5116801098134474,train,Medium
1094,172,2,1163.1,1,0.5148809850616313,test,High
1095,396,1,220.55,1,0.4739991464266082,train,Low
1096,7,1,480.45,1,0.5141907100080417,train,High
1098,59,4,1347.1,1,0.5213149127910754,train,High
1099,141,1,258.55,1,0.49247985795221,train,Low
1101,325,3,826.05,1,0.5194900368697556,train,High
1102,454,3,1534.75,1,0.5224674221456255,test,High
1104,349,3,1483.75,1,0.4968470098049051,test,Medium
1105,267,1,376.75,1,0.5083169539963198,train,Medium
1106,162,2,486.85,1,0.4915017968598095,train,Low
1107,302,1,73.0,1,0.3900108879554405,train,Low
1108,142,3,1139.45,1,0.4909783160329838,test,Low
1109,86,1,396.9,1,0.4961413531708205,test,Medium
1111,71,2,997.75,0,0.5010767782012849,train,Medium
1112,361,2,688.05,1,0.4738909800552411,train,Low
1113,517,1,538.95,1,0.5102736205192602,train,Medium
1115,82,2,805.5,1,0.495636422800998,train,Medium
1116,26,1,305.65,1,0.4930658450397957,train,Low
1117,193,1,584.95,1,0.5215353614436041,train,High
1119,2,7,2153.2,1,0.5272705027558934,train,High
1120,75,2,634.35,1,0.47607914560114,train,Low
1122,99,1,190.3,0,0.4676438017745888,train,Low
1126,584,2,1076.5,1,0.5417264735739226,train,High
1127,373,2,982.65,1,0.5196553164134698,train,High
1128,134,4,954.0,1,0.5035860603992645,test,Medium
1129,354,3,789.2,0,0.493010570385579,train,Low
1131,652,1,446.05,0,0.4879278427560297,train,Low
1132,67,3,892.7,1,0.5277816314383086,train,High
1133,579,1,665.5,1,0.5442535001610677,train,High
1135,9,2,1054.9,1,0.5341277452216623,test,High
1139,204,1,337.9,0,0.4929955062052986,test,Low
1140,160,2,946.55,1,0.4956236668923605,train,Medium
1141,451,2,579.8,1,0.5176422947787235,test,High
1142,533,1,73.5,1,0.4592181229297305,test,Low
1143,59,3,1476.15,1,0.4760693977511194,test,Low
1144,246,1,474.65,1,0.5171076174658411,test,High
1145,11,3,694.7,1,0.53239499889764,train,High
1146,253,2,662.45,1,0.47607914560114,train,Low
1147,575,1,632.15,1,0.4990112018338354,train,Medium
1148,77,4,1148.9,1,0.5198984976924282,train,High
1149,341,3,1392.65,1,0.4765725522829458,train,Low
1150,166,1,358.4,1,0.4876274588310244,train,Low
1152,516,1,78.75,1,0.4405506592452715,train,Low
1153,220,1,542.4,1,0.5081861403831746,test,Medium
1154,266,1,643.3,1,0.504538382617219,train,Medium
1155,28,3,962.65,1,0.4889650597728666,train,Low
1156,75,3,1430.15,1,0.4936589636399585,train,Low
1157,168,3,1377.2,1,0.504247494307109,train,Medium
1158,138,3,982.2,1,0.5097438349684575,train,Medium
1159,205,2,1178.95,1,0.5292801564359642,train,High
1160,410,1,384.35,1,0.4849288302637698,train,Low
1161,630,1,408.55,1,0.5005666768215354,test,Medium
1162,74,3,1346.05,1,0.4991875508239592,train,Medium
1165,12,4,1915.5,1,0.5038620057636848,train,Medium
1166,260,2,1169.4,1,0.4834964693933768,train,Low
1167,38,1,571.8,1,0.5338519542560703,train,High
1168,223,2,881.9,0,0.501924900136904,train,Medium
1169,241,2,1036.6,1,0.527121261002308,train,High
1170,27,1,649.0,1,0.5232198875247239,train,High
1173,51,2,685.25,0,0.4994181364805636,train,Medium
1174,509,1,367.0,1,0.5262605998886459,test,High
1175,356,1,684.15,1,0.5052472830697171,train,Medium
1176,586,1,271.95,1,0.4891002557674248,train,Low
1177,215,3,1073.3,1,0.4829551746481286,train,Low
1178,204,1,231.95,1,0.4809938710136385,test,Low
1180,35,5,1653.6,0,0.504247494307109,train,Medium
1181,169,2,818.05,0,0.5167823555660689,train,High
1182,503,1,778.65,1,0.5522832638348126,train,High
1183,206,2,431.4500000000001,1,0.4874697685828471,train,Low
1184,616,1,94.3,1,0.4712157590979797,train,Low
1185,480,1,391.25,1,0.5334739940481699,train,High
1187,134,2,1314.85,1,0.5318123041808268,train,High
1188,32,2,899.1,1,0.5131169292773715,train,Medium
1189,75,2,619.8,1,0.4794542108319365,train,Low
1190,342,2,958.35,1,0.5059783336743889,train,Medium
1191,107,2,557.55,1,0.4881173756460307,train,Low
1194,534,1,190.9,1,0.525582135879216,train,High
1195,224,3,1526.55,1,0.5311430053894178,train,High
1196,546,1,364.0,1,0.5211360040822915,train,High
1197,30,3,1152.95,1,0.4825240035741416,train,Low
1198,349,2,877.7,1,0.5155679043483105,train,High
1199,312,1,558.4,1,0.5242901071348313,train,High
1200,137,1,387.5,1,0.5000004650087779,train,Medium
1201,271,2,992.1,1,0.5039534857995365,train,Medium
1203,456,1,94.3,1,0.5305888985112344,test,High
1204,573,1,507.2,1,0.5133935496580981,train,High
1207,181,1,464.2,1,0.502780895251571,train,Medium
1208,5,3,1545.95,1,0.5491533236804221,test,High
1209,456,1,540.75,1,0.5340075749037981,train,High
1210,415,1,652.1,1,0.5087684327874442,train,Medium
1212,191,2,981.3,1,0.4949619143167143,train,Medium
1214,512,2,942.25,1,0.4909419307376721,train,Low
1216,503,1,303.4,1,0.477926174622667,train,Low
1217,574,1,370.7,1,0.5123783018561252,train,Medium
1219,400,5,2238.15,1,0.514545761049545,train,High
1221,67,2,840.45,1,0.4827857912120827,train,Low
1222,76,1,242.05,1,0.4591469989506729,test,Low
1225,255,1,435.4,0,0.5025599141296785,train,Medium
1226,37,2,876.8,1,0.4895587798454937,train,Low
1227,91,2,523.3,1,0.4779963603424328,train,Low
1228,222,5,2451.1,1,0.516609131226501,train,High
1229,145,2,596.6500000000001,0,0.4904065689941865,train,Low
1231,121,4,859.4000000000001,1,0.515761890390406,test,High
1232,182,1,389.35,1,0.505956408173424,test,Medium
1233,50,3,730.75,1,0.5046130851398576,train,Medium
1234,119,5,1659.75,1,0.5277816314383086,train,High
1235,638,1,411.2,1,0.5255492072015532,test,High
1237,18,1,540.25,1,0.5290540418731169,test,High
1238,205,2,670.3,1,0.5051981187450738,test,Medium
1239,660,1,99.3,1,0.4718487273263475,train,Low
1242,306,3,1170.75,1,0.5129637900534314,train,Medium
1243,468,2,915.25,0,0.4696076387376393,test,Low
1244,407,1,368.4,0,0.4858465278317895,train,Low
1245,458,1,299.85,1,0.5064625503068046,train,Medium
1246,372,1,390.1,1,0.4761343159951746,train,Low
1248,163,5,1652.65,1,0.5123239186836673,train,Medium
1250,327,1,63.0,1,0.4940597663079806,train,Low
1251,97,1,292.6,0,0.4917238841470985,train,Low
1252,278,1,508.25,1,0.51363447337827,train,High
1254,138,1,415.8,1,0.4801142532765611,test,Low
1255,180,5,2361.3500000000004,0,0.515457898412481,train,High
1256,658,1,224.25,0,0.5143724883739125,train,High
1257,180,1,365.45,1,0.4930658450397957,train,Low
1259,288,3,1876.3,1,0.5335088073272004,train,High
1260,451,1,504.6,1,0.5130915125117815,train,Medium
1261,656,1,190.7,1,0.4858291518291973,train,Low
1262,24,3,1137.8,1,0.4881173756460307,train,Low
1263,381,1,551.85,1,0.5282694027674407,train,High
1265,535,2,1331.6,1,0.5611010421062804,train,High
1266,403,2,479.4,1,0.4720229014086005,train,Low
1267,423,1,410.9,1,0.4783066724452752,train,Low
1269,190,2,252.05,1,0.4700819527250872,train,Low
1270,408,1,204.4,1,0.4874381092364556,test,Low
1273,365,2,957.75,1,0.5071239027030121,train,Medium
1275,215,1,232.75,0,0.4639670407216313,test,Low
1276,119,1,435.75,1,0.5010767782012849,train,Medium
1277,431,1,555.25,0,0.5074001658152196,train,Medium
1279,517,1,424.0,1,0.5006906316972679,train,Medium
1282,285,2,718.3,1,0.5091735480092445,test,Medium
1283,30,2,726.95,1,0.505268948918854,train,Medium
1284,116,2,1216.65,1,0.5251982937628802,train,High
1285,62,3,772.6,1,0.5345910876411535,train,High
1286,525,2,1482.7,1,0.5401515647162393,test,High
1287,96,1,405.9,1,0.4786927584525088,train,Low
1289,83,3,1272.6,1,0.4978138577397622,test,Medium
1290,125,3,1284.45,1,0.4810879168747747,train,Low
1291,95,1,284.25,1,0.4741049019904015,train,Low
1292,614,1,572.25,1,0.5069114507895148,train,Medium
1293,615,1,611.8,1,0.4841435719000691,test,Low
1294,145,2,1096.95,1,0.5215149946220138,train,High
1295,205,1,200.55,1,0.4754437568809122,test,Low
1297,13,1,209.4,1,0.5097102404791565,train,Medium
1298,23,3,1397.0,1,0.4853740676081202,train,Low
1299,60,5,2491.85,1,0.5176373555020175,train,High
1300,239,1,136.05,0,0.39140932964005,train,Low
1301,420,1,251.4,1,0.4881762368237126,test,Low
1302,47,3,526.3,1,0.5116709579324805,train,Medium
1304,10,2,391.65,1,0.5219217378800918,train,High
1305,552,1,459.55,1,0.5219825568072531,train,High
1306,40,1,382.3,1,0.4933278166973815,test,Low
1307,57,2,833.0,1,0.501924900136904,train,Medium
1308,173,2,838.8,1,0.5010767782012849,test,Medium
1310,70,4,1688.6,1,0.5213149127910754,test,High
1311,59,1,621.4,1,0.5085658081286518,train,Medium
1312,62,3,1371.25,1,0.4977454415006532,train,Medium
1313,69,2,999.95,1,0.5273591300454983,train,High
1314,476,2,738.1500000000001,1,0.5194821643459053,test,High
1316,665,1,409.05,1,0.5288920911438845,train,High
1317,260,2,1009.75,1,0.5315352735562576,train,High
1318,521,1,542.9,1,0.5400310959018819,train,High
1319,277,3,1325.05,1,0.508145211659186,train,Medium
1322,92,3,1223.1,1,0.492698778965158,train,Low
1323,548,1,528.7,1,0.5051223683349471,train,Medium
1324,513,2,501.35,0,0.4950844134103448,train,Medium
1325,289,4,1281.0,1,0.5001201409528407,train,Medium
1326,20,2,919.9,1,0.5217280944149849,train,High
1327,594,1,671.55,1,0.5473902381672382,train,High
1328,37,5,2423.85,1,0.4982376410604281,train,Medium
1329,337,4,955.25,1,0.490546740113488,train,Low
1331,125,3,865.3499999999999,1,0.493010570385579,train,Low
1332,530,1,431.2,1,0.51109238215614,train,Medium
1333,111,4,2248.9,1,0.5468019198744511,train,High
1334,520,1,186.4,1,0.5186352670496369,train,High
1335,494,2,797.6500000000001,0,0.5120213172536681,train,Medium
1336,562,1,314.8,1,0.5356424112350364,train,High
1337,175,2,1231.5,0,0.5076669289510045,train,Medium
1338,201,2,818.35,1,0.4982376410604281,train,Medium
1339,515,1,680.05,1,0.5151395835918866,train,High
1340,174,2,1171.15,1,0.5165589665880489,train,High
1341,266,2,539.6,1,0.4924346274696667,train,Low
1342,113,1,315.0,1,0.4786927584525088,train,Low
1343,68,1,394.9,1,0.4815542572452661,train,Low
1344,341,2,703.9,1,0.5028568996424916,train,Medium
1345,39,3,1036.45,1,0.468594457082612,train,Low
1346,607,1,316.75,1,0.5016474632427713,test,Medium
1347,595,1,322.35,1,0.5047000218106661,train,Medium
1348,184,3,723.85,1,0.5052108742459873,train,Medium
1349,456,2,1051.65,1,0.5496314522645002,train,High
1351,248,3,1167.8,1,0.4978138577397622,train,Medium
1352,471,1,318.75,1,0.4981257077064845,train,Medium
1353,26,4,2063.4,1,0.4888188961591991,test,Low
1354,440,1,156.5,1,0.3832479383478663,train,Low
1355,168,3,1396.25,0,0.491331521949944,train,Low
1356,118,1,458.5,1,0.5121076726387009,train,Medium
1357,340,1,197.45,1,0.4754437568809122,train,Low
1358,213,5,1737.9,1,0.4861979812544793,train,Low
1359,57,3,1663.5,1,0.5369036877873032,train,High
1360,35,2,853.45,1,0.4949619143167143,train,Medium
1361,265,3,1286.4,1,0.4890730024105882,test,Low
1363,560,1,182.8,1,0.4757263525363568,train,Low
1364,64,3,1614.25,1,0.5163462263570769,train,High
1365,426,2,836.9,1,0.4915767634413487,train,Low
1366,413,1,461.0,1,0.4848669241106167,train,Low
1367,406,2,699.95,1,0.5171404982639053,train,High
1368,181,2,631.4000000000001,1,0.4683188591156091,test,Low
1369,120,2,554.4,1,0.4881173756460307,train,Low
1370,207,1,544.6,0,0.5099116376833781,test,Medium
1371,99,2,877.5,1,0.4872393884714062,train,Low
1372,362,3,1234.35,1,0.4879278427560297,train,Low
1375,10,2,894.1500000000001,1,0.5322324411199144,train,High
1376,73,2,862.4,1,0.5106499197639368,test,Medium
1377,174,4,1498.0,1,0.5167823555660689,train,High
1378,250,2,1083.35,1,0.541447745121815,train,High
1379,530,1,451.6,1,0.524608313708324,train,High
1380,40,2,1125.5,1,0.4806233925542899,train,Low
1381,134,1,189.05,0,0.4801142532765611,train,Low
1382,80,3,1790.4,0,0.5251982937628802,train,High
1383,95,2,1385.65,1,0.5157694420979098,train,High
1384,258,1,110.0,1,0.4464883877883955,train,Low
1385,140,2,705.75,1,0.5262034111564424,train,High
1386,32,2,582.05,1,0.501924900136904,test,Medium
1387,51,2,845.0,1,0.5176294808092777,train,High
1388,131,1,427.35,1,0.4939138308346024,train,Low
1390,193,3,1237.05,1,0.5295144332132098,train,High
1391,539,1,555.25,1,0.5522050149590377,train,High
1392,174,4,2078.45,1,0.5425480384882498,train,High
1393,208,2,857.05,0,0.5114976333214488,train,Medium
1394,507,1,386.9,1,0.5356424112350364,train,High
1395,79,1,313.5,1,0.4754437568809122,test,Low
1396,548,1,299.05,1,0.4981257077064845,train,Medium
1398,413,2,1024.8000000000002,0,0.5349443134556625,train,High
1399,55,5,2063.85,1,0.5230107969861648,train,High
1400,259,2,807.5500000000001,1,0.5030350486323529,train,Medium
1401,10,1,504.85,1,0.5327058126361227,test,High
1402,171,3,1045.5500000000002,0,0.5052108742459873,train,Medium
1403,194,1,231.85,1,0.4946583231702582,train,Medium
1404,378,1,360.75,1,0.4874697685828471,train,Low
1405,23,1,491.05,1,0.5010767782012849,train,Medium
1406,333,2,898.35,1,0.5194821643459053,train,High
1407,300,2,907.55,0,0.4599305585543683,train,Low
1409,150,2,480.95,1,0.4981257077064845,train,Medium
1410,41,2,757.2,1,0.4881173756460307,train,Low
1411,375,2,370.05,1,0.5015029083821128,train,Medium
1412,395,1,297.75,1,0.4959422778520208,train,Medium
1413,12,1,148.75,0,0.3798474414297405,train,Low
1414,123,1,469.15,1,0.5010767782012849,test,Medium
1415,391,3,1562.4,1,0.5479576908550792,train,High
1416,231,1,296.95,1,0.4759661621217517,train,Low
1417,261,2,847.2,1,0.4949619143167143,train,Medium
1418,57,2,1169.7,0,0.532183749529371,test,High
1419,201,2,1320.45,1,0.5270081060390022,train,High
1420,449,2,531.4,0,0.4866093835688426,test,Low
1422,201,2,590.8,1,0.5176294808092777,test,High
1425,146,3,1247.55,1,0.5225983142458928,train,High
1426,649,1,299.35,1,0.4849817448619647,test,Low
1427,176,1,297.25,1,0.4917238841470985,train,Low
1428,475,1,487.9,1,0.5132003669386644,train,High
1429,245,2,915.2,1,0.5217377125601086,test,High
1430,660,1,493.55,1,0.499142765931918,test,Medium
1431,16,2,640.1,1,0.5357051313275966,train,High
1432,222,1,391.75,1,0.4930658450397957,train,Low
1433,63,3,1137.0,1,0.5113462460731736,train,Medium
1434,338,1,512.4,1,0.505386428652136,train,Medium
1437,505,1,497.8,1,0.5306485901594736,train,High
1438,67,3,755.05,1,0.513262685905847,train,High
1439,625,1,184.9,1,0.4864636910929198,train,Low
1441,241,1,326.4,1,0.5196527915946679,train,High
1442,88,1,848.35,1,0.5116644430794378,train,Medium
1443,145,3,1445.45,1,0.4718622296595078,train,Low
1444,264,1,316.5,0,0.4982734820416296,train,Medium
1445,301,1,202.4,0,0.4870462538782755,test,Low
1446,242,3,1180.25,0,0.493010570385579,train,Low
1447,443,1,643.7,1,0.5368439628994733,train,High
1448,200,2,223.3,1,0.4816319546392293,train,Low
1449,100,2,887.75,1,0.5142665555606337,train,High
1451,243,1,266.5,1,0.5167420733982548,train,High
1452,435,2,882.15,1,0.5042582459961883,train,Medium
1453,563,1,301.8,1,0.5196553164134698,train,High
1454,180,2,1353.2,1,0.4996254434262356,train,Medium
1457,28,2,862.3,1,0.5174909966775046,train,High
1458,245,1,361.75,1,0.5046846331472878,train,Medium
1459,350,1,654.25,1,0.5204421962716932,train,High
1460,47,2,947.6,1,0.5095713263716803,train,Medium
1461,220,3,1426.25,1,0.4882342651645476,train,Low
1462,304,2,1353.3,1,0.5026917590448563,test,Medium
1464,559,1,249.95,1,0.5056707641231847,train,Medium
1465,94,1,811.8,0,0.5023706696282526,train,Medium
1467,395,2,948.7,1,0.5290714020341138,train,High
1468,345,2,769.05,1,0.4738909800552411,train,Low
1469,365,1,212.15,1,0.4982734820416296,train,Medium
1470,240,2,732.0,1,0.5142665555606337,train,High
1471,480,1,433.55,1,0.5162246834757027,train,High
1472,257,1,430.5,0,0.5054725120062854,train,Medium
1473,624,1,534.0,1,0.5339276118822854,train,High
1475,360,3,1376.45,1,0.4955751637950048,test,Medium
1477,86,4,1848.75,0,0.5106499197639368,train,Medium
1478,366,2,570.3,1,0.5104996875769554,train,Medium
1479,612,1,252.5,1,0.4704527211863852,train,Low
1481,106,2,552.85,1,0.5010767782012849,test,Medium
1482,360,1,172.0,1,0.4837669031599325,train,Low
1483,465,1,161.15,1,0.518203927973555,train,High
1485,563,1,436.0,1,0.4930415292759732,train,Low
1486,34,3,1480.05,1,0.4938265431866315,train,Low
1487,64,3,962.2,1,0.4918261948310733,test,Low
1488,464,2,812.2,1,0.5184974148363594,train,High
1491,202,2,900.75,1,0.5058350558901785,train,Medium
1492,84,2,602.7,1,0.5004906700997332,train,Medium
1493,414,3,1432.55,1,0.5082274239106558,train,Medium
1494,161,2,903.85,0,0.4904065689941865,test,Low
1495,216,3,1090.85,1,0.515761890390406,train,High
1496,96,2,471.25,0,0.4889650597728666,train,Low
1497,259,3,603.2,1,0.490992900656246,train,Low
1498,16,6,3134.05,1,0.5292910779107604,test,High
1499,17,5,1783.0,1,0.5158998796101673,test,High
1501,246,2,695.65,1,0.5114976333214488,train,Medium
1502,289,1,63.0,1,0.4113467506700393,test,Low
1503,161,3,795.3,1,0.4953242361467155,test,Medium
1504,374,2,1109.55,1,0.5415043913533149,test,High
1505,317,4,1830.45,1,0.5003010285061933,train,Medium
1507,4,3,1015.2,1,0.5194304900054731,train,High
1508,142,3,1207.15,1,0.5116709579324805,train,Medium
1510,44,1,575.5,1,0.5146191929214258,train,High
1511,158,2,787.9,1,0.4981257077064845,train,Medium
1512,566,1,418.3,1,0.5194821643459053,train,High
1513,137,2,796.4,1,0.4881173756460307,train,Low
1514,171,2,1009.65,1,0.5082804135634968,train,Medium
1515,115,1,241.8,1,0.5077715933334715,train,Medium
1516,525,1,539.75,1,0.5389206800824485,train,High
1517,344,2,701.85,1,0.5071239027030121,train,Medium
1518,246,2,563.2,1,0.4872188064858048,test,Low
1520,229,1,285.65,1,0.5051083824323223,train,Medium
1521,22,4,1898.75,1,0.5252833904074768,train,High
1522,69,2,711.8,1,0.5024895634204734,train,Medium
1523,184,3,800.0,1,0.500759733828284,test,Medium
1524,647,1,91.0,1,0.4422277567491881,train,Low
1525,195,4,1984.95,0,0.4991320134969268,train,Medium
1528,269,1,543.95,0,0.5176583002164988,train,High
1529,32,2,355.9,0,0.5345910876411535,train,High
1530,58,2,1012.85,1,0.512454995386728,train,Medium
1531,458,4,1471.4499999999998,1,0.5143803663546704,train,High
1532,43,1,83.0,1,0.4015320954875853,train,Low
1534,159,2,734.3,1,0.5301322691618066,train,High
1535,67,3,1259.1,0,0.5103251787180494,test,Medium
1536,388,1,501.95,1,0.5273294466739112,test,High
1539,98,2,1517.95,1,0.5197847309842538,train,High
1540,8,3,1633.5,1,0.5303862921039365,test,High
1541,256,2,1146.05,1,0.5005891846193001,train,Medium
1543,218,1,388.5,1,0.4801142532765611,train,Low
1544,324,2,974.25,1,0.4825283785117196,train,Low
1545,79,2,1058.9,1,0.5045237944499961,train,Medium
1546,295,1,679.0,1,0.5160378257191025,train,High
1547,260,5,1213.0,1,0.5153931304162231,test,High
1548,289,2,647.45,1,0.4719453428384464,train,Low
1550,33,2,908.75,1,0.5010767782012849,train,Medium
1551,175,1,438.95,1,0.4935381916160286,test,Low
1552,31,2,878.7,0,0.5065807335737286,train,Medium
1553,99,4,1828.6,0,0.4827984162061969,test,Low
1554,52,3,1305.8000000000002,1,0.5115531412961243,test,Medium
1555,1,3,1345.2,1,0.5183888318607934,test,High
1556,188,3,1707.5500000000002,1,0.5238551029391025,train,High
1557,576,1,282.75,1,0.4777530975729154,test,Low
1560,396,3,1530.1,1,0.5036393266490862,test,Medium
1561,462,1,145.75,0,0.4726179338211679,train,Low
1562,326,1,653.1,1,0.4843437217892636,train,Low
1563,49,4,1819.7,1,0.4907112410773268,test,Low
1564,417,1,620.6,0,0.5012481550691072,train,Medium
1565,481,1,284.8,1,0.5422057587818374,train,High
1566,5,6,2529.15,1,0.490117403562014,train,Low
1567,403,1,243.15,1,0.5097996227522011,train,Medium
1568,220,2,765.55,1,0.5168029277567462,train,High
1570,308,3,1135.95,0,0.5004568168935366,train,Medium
1571,29,2,476.3,1,0.4671146445008591,train,Low
1573,37,1,389.05,1,0.4657718227741064,test,Low
1574,625,1,509.3,1,0.5346601056583403,train,High
1576,281,2,736.75,0,0.4925485122598896,test,Low
1577,122,2,505.5,1,0.4834414216730265,train,Low
1578,243,2,849.85,1,0.5004906700997332,test,Medium
1579,32,3,1046.75,1,0.5126934216675127,train,Medium
1580,193,1,185.95,1,0.4625327086105462,train,Low
1583,338,2,990.65,1,0.5135250188716313,train,High
1584,102,3,1744.55,0,0.4946256782370029,train,Low
1585,591,1,647.5,1,0.5377816551945267,test,High
1587,541,1,468.4,0,0.5056707641231847,train,Medium
1588,328,2,1077.15,1,0.5242901071348313,test,High
1589,20,3,948.55,1,0.5167980344127028,train,High
1591,280,3,1232.4,0,0.5302263706960492,train,High
1592,128,2,364.45,1,0.4861979812544793,test,Low
1593,610,1,289.25,1,0.5135250188716313,train,High
1594,86,3,1053.0,1,0.5052185211692232,train,Medium
1595,496,3,1009.6,1,0.4873112373650051,train,Low
1596,274,1,74.55,1,0.4540234097060744,train,Low
1597,228,1,334.0,1,0.5046846331472878,train,Medium
1598,508,1,528.2,1,0.5537669525964378,test,High
1599,204,1,543.95,1,0.516948151981241,train,High
1600,15,1,542.95,1,0.5205863891592294,train,High
1601,87,1,437.0,1,0.4881173756460307,test,Low
1602,168,2,398.4500000000001,1,0.4982015874767633,train,Medium
1603,416,2,1040.6,1,0.5036393266490862,train,Medium
1604,57,3,951.05,1,0.4881173756460307,test,Low
1605,347,1,464.7,1,0.519980440744116,train,High
1606,143,3,1354.6,1,0.5042551415093156,train,Medium
1607,307,3,1042.75,1,0.4875722074624726,train,Low
1609,146,1,128.15,1,0.4825512420608785,train,Low
1611,216,2,663.25,1,0.495636422800998,test,Medium
1612,17,4,1579.25,1,0.5107879839710063,train,Medium
1613,405,1,233.5,1,0.4866940179006184,train,Low
1615,260,3,985.75,1,0.5132003669386644,train,High
1616,226,2,596.55,1,0.5166170070212847,train,High
1617,107,2,357.8,1,0.4852442236900998,train,Low
1618,229,2,689.85,0,0.5167823555660689,test,High
1619,290,1,463.1,1,0.5054365105703674,train,Medium
1620,156,3,1122.7,1,0.5171394843038685,train,High
1621,69,2,625.9,1,0.516609131226501,train,High
1622,292,2,173.3,1,0.4981257077064845,train,Medium
1623,271,2,796.9000000000001,1,0.4821007439807161,train,Low
1624,27,4,1289.2,1,0.4808385111170726,train,Low
1625,279,3,1511.2,1,0.5084318563402788,train,Medium
1626,99,2,462.75,1,0.495636422800998,train,Medium
1627,74,2,1107.85,1,0.5146191929214258,train,High
1628,117,3,706.45,0,0.4712860000613315,train,Low
1629,373,1,570.15,1,0.5120573434329367,train,Medium
1630,161,3,1523.9,1,0.5306438666114955,test,High
1631,115,2,1051.05,1,0.5216372109619112,test,High
1632,48,2,752.1,1,0.5281129657004238,train,High
1633,239,2,709.6,0,0.4875722074624726,train,Low
1634,93,1,482.55,1,0.4745995979690109,train,Low
1635,574,1,294.95,1,0.5328417599913852,test,High
1636,623,1,439.6,1,0.4995315876261861,train,Medium
1637,336,2,1143.35,1,0.5134104799334532,train,High
1638,42,3,787.35,1,0.516609131226501,train,High
1639,305,2,707.85,1,0.5196553164134698,train,High
1640,15,2,1288.85,1,0.5284932741041172,train,High
1642,95,1,275.4,1,0.4809610978278545,train,Low
1643,55,3,1026.35,1,0.5117754895630021,test,Medium
1644,417,1,211.45,0,0.4525065149587984,train,Low
1645,111,1,185.95,0,0.505956408173424,train,Medium
1647,19,6,1893.75,1,0.513297723662557,test,High
1648,231,1,293.55,0,0.4801142532765611,train,Low
1650,241,3,943.3,1,0.5166363674367175,train,High
1651,250,2,678.15,0,0.4896365490064008,test,Low
1653,4,3,1318.5,1,0.4944024611372836,train,Low
1654,46,3,1600.8,1,0.5206449588545995,test,High
1655,502,1,583.35,1,0.5397635587081882,test,High
1656,50,1,321.35,1,0.4852442236900998,train,Low
1657,449,1,641.2,1,0.5389206800824485,train,High
1658,119,2,1047.65,1,0.5428639235856905,train,High
1660,163,1,535.5,1,0.5073382152099793,train,Medium
1661,276,1,419.0,1,0.4893235432488876,train,Low
1663,2,2,575.75,1,0.5325380400220507,train,High
1664,275,3,1096.2,1,0.5061277194001914,train,Medium
1665,487,1,355.2,1,0.4900941061750056,train,Low
1666,411,2,670.2,1,0.5186352670496369,train,High
1667,131,1,411.25,1,0.4809610978278545,train,Low
1668,291,2,688.05,1,0.5039534857995365,train,Medium
1669,313,1,685.75,1,0.5105718367387067,test,Medium
1670,656,1,231.75,1,0.4955751637950048,train,Medium
1671,285,2,259.55,1,0.5306485901594736,train,High
1672,509,3,1217.4,1,0.5184893171277143,test,High
1673,269,3,941.65,1,0.4903036415898447,train,Low
1674,178,1,155.2,0,0.4375994610063064,train,Low
1675,119,1,57.0,0,0.4827104735527315,train,Low
1676,16,3,1239.9,1,0.5028640533270589,test,Medium
1677,106,2,726.45,1,0.4796788588129119,test,Low
1678,95,2,785.4,1,0.5098557268038016,train,Medium
1680,126,2,948.7,1,0.5010767782012849,test,Medium
1682,6,5,2218.7,1,0.5194689517030345,train,High
1684,260,2,533.55,0,0.5205099495196623,train,High
1686,71,2,683.65,1,0.5062126393997248,test,Medium
1687,110,2,462.5,1,0.501924900136904,train,Medium
1688,142,2,986.3,0,0.4737537306760372,train,Low
1689,291,1,399.0,1,0.4905028632966601,train,Low
1690,46,3,803.4,1,0.4991320134969268,train,Medium
1691,311,2,681.1,1,0.534166483541806,test,High
1692,662,1,306.4,1,0.4995315876261861,train,Medium
1693,0,1,389.2,1,0.5121947581054799,train,Medium
1694,427,1,661.3,1,0.5335955727233683,test,High
1695,162,2,944.7,1,0.5117754895630021,train,Medium
1697,1,5,1226.0,1,0.5180198139026596,train,High
1698,15,1,212.55,1,0.5024268236494709,train,Medium
1699,258,1,484.75,1,0.5168384876575307,train,High
1700,99,1,458.5,1,0.4997345076538584,train,Medium
1701,10,3,1047.75,1,0.5281160305513364,test,High
1703,73,3,1715.05,1,0.4927826395866164,train,Low
1704,537,1,387.45,0,0.4865071797544185,train,Low
1706,69,1,449.05,1,0.4881173756460307,train,Low
1707,39,1,380.7,1,0.4815542572452661,train,Low
1708,333,1,161.25,0,0.4735618869102002,train,Low
1710,302,2,891.15,1,0.4990832709944566,train,Medium
1711,113,3,1390.75,1,0.5111733119345585,train,Medium
1712,343,1,178.55,1,0.5044377881038631,train,Medium
1713,253,2,791.25,1,0.5426205945931468,train,High
1714,588,2,989.35,0,0.4858291518291973,train,Low
1715,624,1,461.05,1,0.528046711227694,train,High
1716,219,3,1300.95,1,0.5225983142458928,train,High
1717,398,2,1156.4,1,0.5004233731531981,train,Medium
1718,365,1,126.6,1,0.4777714250736208,train,Low
1719,337,2,689.3,1,0.5237621685041965,train,High
1721,502,2,738.2,1,0.468594457082612,test,Low
1723,266,3,1006.15,1,0.5267264830905345,train,High
1724,243,1,646.6,1,0.5261664234650772,train,High
1726,348,2,670.5,0,0.490992900656246,test,Low
1727,644,1,531.3,1,0.4856253719603442,train,Low
1728,235,2,1055.3,0,0.4938959199611721,train,Low
1730,267,1,426.0,1,0.5010331009132749,train,Medium
1731,14,3,934.95,0,0.5177154223610855,train,High
1733,311,1,102.9,1,0.4389249943432879,test,Low
1736,387,2,704.4000000000001,1,0.4754589936848166,train,Low
1737,179,1,420.0,1,0.4884751040518094,train,Low
1738,567,1,487.25,1,0.4856597072084279,test,Low
1739,42,2,627.35,1,0.4759527120421236,train,Low
1740,341,2,955.1,1,0.5225983142458928,train,High
1741,382,2,1005.55,1,0.4857606802873948,train,Low
1742,18,2,780.5999999999999,1,0.5131274852570592,train,Medium
1743,156,6,2015.8,1,0.52369846807181,test,High
1744,171,2,783.7,1,0.4635096651848889,train,Low
1746,210,1,263.3,1,0.4801142532765611,train,Low
1747,274,2,865.9,1,0.4805500089616218,train,Low
1751,371,2,531.85,1,0.5014353312475528,train,Medium
1753,406,4,1271.2,1,0.4839611830619211,train,Low
1755,55,1,670.6,1,0.5379768859847445,train,High
1756,86,3,1145.6999999999998,1,0.4861979812544793,test,Low
1757,178,1,691.0,1,0.5393337717871686,train,High
1758,128,3,973.7,1,0.4821080802782779,test,Low
1759,47,4,1791.95,1,0.5116709579324805,train,Medium
1760,295,4,1766.4499999999998,1,0.4900941061750056,test,Low
1762,526,1,351.75,1,0.5302263706960492,train,High
1763,167,2,1064.95,1,0.5016617128133493,train,Medium
1765,117,2,1190.9,1,0.5353669952483057,train,High
1766,59,2,713.6,0,0.4981257077064845,train,Medium
1767,10,3,1551.0500000000002,1,0.523200133687422,train,High
1768,422,2,600.45,1,0.5186352670496369,train,High
1769,182,1,319.3,1,0.4921475638343566,train,Low
1770,518,1,93.0,1,0.4769508559154976,train,Low
1771,18,4,1114.95,1,0.5312451606440421,train,High
1772,398,1,385.8,1,0.4837669031599325,train,Low
1773,168,2,845.0,1,0.5111809558679733,train,Medium
1774,537,1,423.85,1,0.5036255603231914,test,Medium
1775,155,1,499.8,1,0.4881173756460307,train,Low
1776,212,1,431.75,1,0.4884751040518094,train,Low
1777,283,2,661.2,1,0.5020087901445865,train,Medium
1778,567,1,216.3,1,0.4981257077064845,train,Medium
1779,34,3,692.35,1,0.4971141385910763,train,Medium
1780,4,1,236.75,0,0.5116089806642368,test,Medium
1781,5,2,956.05,1,0.5201273216398101,train,High
1782,661,1,88.0,1,0.5076596544275953,train,Medium
1783,347,1,403.2,1,0.4846141848143647,train,Low
1784,511,1,329.8,1,0.5302263706960492,train,High
1785,278,2,1138.0,0,0.5198210430092932,train,High
1789,222,4,2050.25,1,0.5162053588961001,train,High
1790,450,1,688.8,1,0.5467793160269572,train,High
1791,69,1,352.35,1,0.4741049019904015,test,Low
1792,176,4,1598.5,1,0.4818036433927947,train,Low
1793,545,2,494.30000000000007,0,0.4973527831214542,test,Medium
1794,347,2,1260.25,1,0.5086989325753195,test,Medium
1795,29,3,1236.85,1,0.5003872794121663,train,Medium
1796,560,1,280.0,1,0.508145211659186,test,Medium
1797,257,2,759.45,1,0.5030350486323529,train,Medium
1798,23,3,766.5999999999999,1,0.4834414216730265,train,Low
1800,5,2,460.4500000000001,1,0.5210597514663735,train,High
1801,131,2,590.35,1,0.5026694739957746,train,Medium
1802,183,4,1201.3,1,0.4988802456118175,train,Medium
1804,71,2,359.6,1,0.4985700103360819,train,Medium
1805,163,1,260.0,1,0.5054407181076113,train,Medium
1806,312,1,403.3,0,0.4625327086105462,test,Low
1807,64,2,774.5,1,0.4814990473408403,train,Low
1808,366,1,718.9,1,0.5253174134204257,train,High
1811,471,2,858.0,1,0.4929161958472217,train,Low
1812,28,2,937.3,1,0.5025599141296785,train,Medium
1813,659,1,333.95,1,0.5020087901445865,train,Medium
1814,131,1,313.9,1,0.4874697685828471,train,Low
1815,175,3,920.95,1,0.5172728728461538,train,High
1816,255,1,560.35,1,0.5192777930902892,train,High
1817,131,3,1481.0500000000002,1,0.4976786517773455,train,Medium
1820,40,1,573.1,1,0.5282489457094229,train,High
1821,618,1,378.1,1,0.5192988152954793,train,High
1823,188,3,1031.35,1,0.5097438349684575,train,Medium
1824,9,2,638.6,1,0.5191640874263779,train,High
1825,24,3,1375.55,0,0.4974130766285576,train,Medium
1827,75,2,1205.0500000000002,1,0.5418767827036598,train,High
1829,270,3,1243.85,1,0.5140958775502708,train,High
1830,312,2,1235.7,1,0.4890821549149113,train,Low
1831,165,1,408.5,1,0.509101912999389,train,Medium
1832,429,1,546.6,1,0.518171610447636,train,High
1833,552,1,404.4,1,0.4866093835688426,train,Low
1834,281,2,1049.75,1,0.505386428652136,test,Medium
1835,48,1,467.95,1,0.4932517269110114,test,Low
1836,6,1,463.75,1,0.521787470330802,train,High
1837,158,1,403.0,0,0.5051083824323223,train,Medium
1839,320,2,960.4,1,0.4995315876261861,train,Medium
1840,247,2,638.5,1,0.515761890390406,train,High
1841,72,3,1231.45,1,0.490826538412676,train,Low
1842,443,1,390.6,1,0.4981257077064845,train,Medium
1844,390,1,458.4,1,0.5159912721890867,train,High
1845,601,2,736.9,1,0.4814990473408403,train,Low
1846,96,1,205.25,1,0.5167216916096667,train,High
1847,300,1,505.1,1,0.5120573434329367,test,Medium
1848,600,2,530.25,1,0.5013473230961384,train,Medium
1850,250,2,685.3,0,0.5002656900275569,train,Medium
1851,543,1,795.45,1,0.5219438273991577,train,High
1852,83,1,472.15,1,0.519955939112596,train,High
1854,160,1,266.95,1,0.4642529956982595,test,Low
1855,279,2,646.4,1,0.4839611830619211,train,Low
1856,153,2,1067.9,1,0.5016617128133493,train,Medium
1857,43,3,963.7,1,0.4821080802782779,train,Low
1858,145,1,206.9,1,0.4946583231702582,train,Medium
1859,293,1,199.2,1,0.4748590949170256,train,Low
1860,40,3,1742.3,0,0.5362658719284409,train,High
1861,180,1,94.0,0,0.3949983437576127,train,Low
1862,376,2,691.8499999999999,1,0.5306485901594736,train,High
1863,281,1,576.5,1,0.5059803459438617,train,Medium
1864,198,2,680.45,1,0.4881173756460307,train,Low
1866,617,1,422.15,1,0.5038784004266055,test,Medium
1868,123,4,1171.8,1,0.4991320134969268,test,Medium
1869,189,3,1316.25,1,0.5103251787180494,train,Medium
1872,363,3,1148.8,1,0.5079718390072365,train,Medium
1873,325,1,430.5,1,0.5104950085831991,train,Medium
1874,141,2,354.65,1,0.5022296756250291,train,Medium
1876,96,1,88.75,1,0.4004531805881194,train,Low
1877,321,1,200.75,1,0.4982734820416296,train,Medium
1878,354,4,1499.5,1,0.5079718390072365,train,Medium
1879,87,3,1019.25,0,0.4782381556464594,train,Low
1881,82,3,1246.0,0,0.5116709579324805,train,Medium
1882,467,1,342.55,1,0.5235046387770285,train,High
1884,41,1,443.2,1,0.5186156646746106,train,High
1885,377,3,923.5,1,0.4915767634413487,test,Low
1886,472,1,738.25,1,0.5696247025950052,train,High
1887,484,1,385.95,1,0.5061300208210419,train,Medium
1888,225,2,425.8,0,0.482972544413758,train,Low
1889,108,2,812.9,1,0.495636422800998,train,Medium
1890,238,1,546.7,1,0.5267622393360161,test,High
1891,194,1,453.25,1,0.4888976123548604,train,Low
1892,365,1,453.75,0,0.4895695276284174,test,Low
1894,351,2,931.85,1,0.530246700714626,train,High
1895,235,2,880.5,1,0.5116709579324805,train,Medium
1896,227,2,685.55,1,0.5069061230734041,test,Medium
1897,370,1,462.7,0,0.5039534857995365,test,Medium
1898,626,1,358.1,1,0.4999451796367591,train,Medium
1899,107,2,980.85,1,0.4807507677146481,test,Low
1900,10,3,887.65,1,0.5281160305513364,test,High
1901,140,4,1973.7,1,0.4808694306282147,train,Low
1902,247,2,809.9,1,0.4755170572053139,train,Low
1903,332,2,1158.5500000000002,1,0.511345652852083,train,Medium
1904,58,1,558.65,1,0.5214193374035055,train,High
1905,68,2,755.7,1,0.4780090925343134,train,Low
1906,265,2,652.3,1,0.490992900656246,train,Low
1907,424,1,547.65,1,0.5143017312908914,train,High
1908,21,1,523.75,1,0.5154665548118411,train,High
1909,157,1,745.5,1,0.5304360320826916,train,High
1910,550,1,435.5,1,0.5061277194001914,train,Medium
1912,33,2,743.8,1,0.4861979812544793,train,Low
1914,497,1,352.0,1,0.5220245576844134,train,High
1915,85,1,70.0,1,0.4444308302069488,train,Low
1917,39,3,633.8,1,0.4881173756460307,train,Low
1918,507,2,902.0,1,0.5281921980175416,test,High
1920,28,5,2022.7,1,0.5119328321168642,test,Medium
1921,520,1,389.55,1,0.5132003669386644,test,High
1922,5,1,405.6,1,0.5000836647309249,train,Medium
1924,231,1,711.95,1,0.5475712041490286,train,High
1926,47,4,1249.35,1,0.4939776050159958,test,Low
1927,158,1,272.8,1,0.505956408173424,train,Medium
1928,330,1,800.1,1,0.5293264577345924,train,High
1929,568,1,318.75,1,0.4915767634413487,train,Low
1930,146,2,858.25,1,0.5010767782012849,test,Medium
1931,222,2,774.9499999999999,1,0.4745995979690109,train,Low
1932,4,4,1614.5,1,0.5272705027558934,train,High
1933,147,2,687.75,1,0.515761890390406,train,High
1934,223,2,583.8,1,0.4829551746481286,train,Low
1935,9,2,525.4,1,0.5300500015427082,train,High
1936,96,1,297.6,1,0.4809938710136385,test,Low
1939,242,3,1154.25,1,0.4829551746481286,train,Low
1940,30,2,1197.5,1,0.5111526022300298,test,Medium
1941,305,2,586.85,1,0.468594457082612,train,Low
1942,297,4,1271.4,1,0.5251265055782595,train,High
1944,140,1,475.2,1,0.5024828975707007,train,Medium
1945,649,1,285.7,1,0.5050531027686743,train,Medium
1946,343,1,175.15,1,0.4844687015689934,train,Low
1947,65,3,1179.55,1,0.4793595843889837,train,Low
1948,554,1,497.9,1,0.5461314023585773,train,High
1949,111,3,1310.35,1,0.5111733119345585,train,Medium
1950,175,3,1278.35,1,0.4868150750935341,test,Low
1952,136,3,1439.25,1,0.5070802668725037,train,Medium
1953,156,3,1087.2,1,0.4810879168747747,train,Low
1954,127,4,1529.85,1,0.5103732069331653,train,Medium
1955,531,2,583.6,1,0.4676042236074595,train,Low
1958,338,4,1483.6,1,0.514545761049545,train,High
1959,11,4,1365.5,1,0.4994249293527325,train,Medium
1960,262,2,671.45,1,0.4834888344970026,train,Low
1961,556,1,645.4,1,0.5051223683349471,train,Medium
1962,485,1,260.05,1,0.5011144202443025,train,Medium
1963,233,2,955.85,1,0.5126934216675127,test,Medium
1964,229,2,1226.05,1,0.540023733789911,train,High
1965,106,2,794.9,1,0.5093081829954389,train,Medium
1966,218,4,1602.1,0,0.5078846928874108,test,Medium
1969,91,2,746.2,1,0.5010767782012849,train,Medium
1970,216,2,445.2000000000001,1,0.516609131226501,train,High
1971,68,4,1119.0,1,0.4887216869425396,train,Low
1972,34,3,1159.2,1,0.5010767782012849,train,Medium
1973,149,2,899.0,1,0.5232012624778867,train,High
1974,628,1,294.25,1,0.5046293525711298,train,Medium
1975,645,1,412.65,1,0.5153931304162231,train,High
1976,24,3,1009.85,1,0.4821007439807161,train,Low
1978,98,4,1859.95,1,0.4983315420219512,train,Medium
1979,51,4,1245.0,1,0.5103328232094463,train,Medium
1982,256,1,195.75,1,0.5211334798743841,train,High
1983,473,1,406.45,1,0.5130631910804748,train,Medium
1984,508,1,351.9,1,0.5042582459961883,train,Medium
1985,319,2,583.8,1,0.5302263706960492,train,High
1986,137,2,757.0,0,0.4981257077064845,train,Medium
1989,128,4,1122.05,1,0.5131169292773715,train,Medium
1990,449,1,445.0,1,0.4856597072084279,train,Low
1991,27,4,2017.55,1,0.5277647346503023,train,High
1992,62,3,1377.1,0,0.4853740676081202,train,Low
1993,384,1,392.8,1,0.4754437568809122,test,Low
1994,12,2,373.1,1,0.4737802544144475,train,Low
1995,202,2,943.6,1,0.5294850280837129,train,High
1996,425,1,263.25,1,0.4773831457458152,test,Low
1997,43,3,1057.45,1,0.4705079957200973,test,Low
1998,17,3,999.35,1,0.5122799031777738,train,Medium
1999,102,1,199.15,1,0.4824422669568945,train,Low
2000,409,2,902.05,1,0.4978239565030002,train,Medium
2001,284,1,201.45,1,0.455714316445908,train,Low
2002,469,1,385.95,0,0.4899207577402041,train,Low
2003,30,1,777.7,0,0.5023706696282526,train,Medium
2004,130,3,1208.45,1,0.4981257077064845,train,Medium
2006,10,1,704.55,1,0.5552444195478209,train,High
2007,136,1,559.3,1,0.5167532684632731,train,High
2009,475,1,498.3,1,0.5211360040822915,train,High
2010,140,2,637.45,1,0.4955416889475375,train,Medium
2011,89,2,627.2,1,0.5004906700997332,test,Medium
2012,225,2,598.65,1,0.517305388664651,train,High
2013,406,3,870.75,1,0.5064625503068046,train,Medium
2015,623,1,326.6,1,0.4755002700171082,train,Low
2016,404,4,1410.45,1,0.5046293525711298,train,Medium
2018,224,3,882.75,1,0.4814990473408403,train,Low
2019,255,3,1348.1999999999998,1,0.4821080802782779,train,Low
2020,80,2,1051.55,1,0.5085658081286518,train,Medium
2021,350,1,101.5,1,0.4721498095944031,train,Low
2022,34,3,1308.7,1,0.5314538903816982,train,High
2023,330,2,893.2,1,0.5108869117802147,test,Medium
2025,367,1,595.95,1,0.504538382617219,train,Medium
2026,181,2,223.2,1,0.5051083824323223,train,Medium
2027,167,3,1130.7,1,0.5287999081076975,train,High
2028,436,1,154.15,1,0.3840501415215965,train,Low
2029,189,1,595.4,0,0.5016617128133493,train,Medium
2030,37,3,908.5,1,0.5116709579324805,train,Medium
2031,249,2,915.6,1,0.4895587798454937,train,Low
2032,147,5,2080.7,0,0.4677762278712233,train,Low
2033,122,3,1123.85,1,0.504247494307109,test,Medium
2034,230,2,507.85,1,0.5055314726424358,train,Medium
2035,476,1,641.55,1,0.5197734146965773,test,High
2036,452,3,1018.75,1,0.5153931304162231,train,High
2038,90,3,1425.2,1,0.4853740676081202,train,Low
2039,469,2,580.55,1,0.5135250188716313,train,High
2040,590,1,591.9,1,0.5142852043634938,test,High
2043,136,3,1115.45,0,0.4900402511174437,train,Low
2044,382,1,500.25,1,0.5155679043483105,train,High
2045,265,1,547.15,1,0.5023739704142975,train,Medium
2046,150,2,736.4,1,0.4821007439807161,train,Low
2047,281,1,375.45,1,0.4819555854497689,train,Low
2049,498,2,200.0,1,0.4805500089616218,train,Low
2050,5,5,1841.95,1,0.5157728385631466,train,High
2052,212,1,509.05,1,0.5099116376833781,test,Medium
2053,254,1,464.1,1,0.5134490673675087,test,High
2054,259,4,1637.8,1,0.5115726800453178,train,Medium
2055,182,2,666.15,1,0.5060588961042368,train,Medium
2056,103,2,601.5,1,0.5238570635638256,test,High
2057,271,1,353.5,1,0.5164750980749606,train,High
2058,333,1,545.0,0,0.525865124297109,test,High
2059,87,1,320.35,1,0.505795756048608,train,Medium
2060,129,1,519.8,1,0.5073382152099793,train,Medium
2061,1,3,1039.6,1,0.5038620057636848,train,Medium
2062,287,3,1721.85,0,0.4982080809048931,train,Medium
2063,345,1,197.0,1,0.4853160568366926,train,Low
2064,98,2,827.75,1,0.5243843340595521,train,High
2065,451,2,859.35,1,0.4899207577402041,train,Low
2068,362,2,479.4,0,0.4985003479559897,test,Medium
2069,426,2,863.75,1,0.5067450054550907,train,Medium
2070,212,3,731.45,1,0.4887011020189323,test,Low
2073,444,2,503.55,1,0.4899207577402041,train,Low
2074,87,3,1763.1999999999998,1,0.5417264735739226,train,High
2076,466,2,893.4499999999999,1,0.4996963510392795,test,Medium
2078,430,2,1136.65,1,0.5145589994415065,test,High
2079,243,2,454.9,1,0.5010767782012849,train,Medium
2081,145,3,1488.15,0,0.4873163321835043,train,Low
2082,610,1,259.85,1,0.5251468586455323,test,High
2083,60,2,789.25,1,0.515761890390406,train,High
2086,600,1,365.15,1,0.5153931304162231,train,High
2087,624,1,426.3,1,0.4696076387376393,train,Low
2088,279,3,1411.9,0,0.5290714020341138,train,High
2090,175,1,410.6,1,0.5065913349564779,train,Medium
2091,27,2,758.5999999999999,1,0.501924900136904,train,Medium
2092,2,3,997.8,1,0.4916509931918852,train,Low
2093,344,1,645.75,1,0.504538382617219,train,Medium
2094,336,2,723.45,1,0.5039534857995365,train,Medium
2095,475,1,243.6,1,0.5011144202443025,train,Medium
2096,296,2,710.85,1,0.4564824511093228,train,Low
2097,442,2,641.25,1,0.499142765931918,train,Medium
2098,16,2,744.2,0,0.5019111104002967,train,Medium
2099,73,5,1321.5500000000002,1,0.5314810803779925,train,High
2100,487,1,289.9,1,0.4900941061750056,train,Low
2101,657,1,438.55,1,0.499142765931918,test,Medium
2103,25,2,887.75,1,0.5032534937330176,train,Medium
2104,483,1,330.25,1,0.4981257077064845,train,Medium
2105,38,2,468.45,1,0.5125185912397603,train,Medium
2106,216,2,542.9,1,0.5167823555660689,train,High
2107,146,2,545.05,0,0.4889650597728666,train,Low
2108,563,1,941.95,0,0.5547831971087303,train,High
2109,149,2,683.25,1,0.4889650597728666,train,Low
2110,180,2,911.5,1,0.5013815571081625,test,Medium
2112,89,5,1992.8,1,0.5287999081076975,train,High
2113,127,5,2617.6,0,0.5126758770280669,train,Medium
2114,497,1,353.45,1,0.5194821643459053,train,High
2115,471,2,240.25,1,0.4909625194154445,train,Low
2116,91,2,593.95,1,0.469089279844589,test,Low
2117,9,4,1974.3,1,0.5384945741530627,train,High
2118,63,2,654.65,1,0.4981257077064845,train,Medium
2119,240,1,543.95,1,0.5085658081286518,train,Medium
2120,374,1,427.15,0,0.4686362262798759,train,Low
2122,194,2,1339.65,1,0.5380499702768462,train,High
2124,371,3,1404.65,1,0.5277214429289241,train,High
2125,410,2,768.4000000000001,1,0.5071239027030121,train,Medium
2126,31,1,526.75,1,0.5161009487682178,train,High
2127,493,1,389.5,1,0.4783132918424236,train,Low
2128,512,2,732.75,0,0.4856158697872689,train,Low
2131,264,1,505.7,0,0.5189741899273428,train,High
2132,230,1,411.4,1,0.4815542572452661,train,Low
2133,78,2,509.8,1,0.5313223581120775,train,High
2135,448,2,740.8499999999999,1,0.5011144202443025,train,Medium
2136,72,2,426.4,1,0.5287999081076975,train,High
2137,477,1,446.8,1,0.51109238215614,train,Medium
2138,239,2,1229.0,0,0.5126758770280669,train,Medium
2140,518,1,747.25,1,0.5450454076042835,test,High
2141,83,4,1934.35,1,0.5291311653247311,train,High
2142,86,3,557.15,1,0.4889650597728666,test,Low
2143,538,1,468.35,1,0.5211360040822915,train,High
2144,39,1,351.95,1,0.4939138308346024,train,Low
2145,195,2,736.5,1,0.5001582975768212,train,Medium
2146,354,1,472.6,1,0.4964039296968924,train,Medium
2147,153,2,907.85,0,0.488066418008149,test,Low
2148,96,3,693.2,1,0.4836984976075449,train,Low
2149,628,1,480.95,1,0.5265679795970761,train,High
2150,340,1,427.0,1,0.5103151711341245,test,Medium
2152,87,1,316.15,1,0.4726850225252417,train,Low
2153,131,3,1336.1999999999998,1,0.5183731052578875,train,High
2154,166,5,1710.25,0,0.5223548930788224,train,High
2155,286,3,1325.65,1,0.4970932229000225,train,Medium
2156,578,1,211.9,0,0.4880792406386778,test,Low
2157,93,2,921.45,0,0.4810879168747747,train,Low
2158,517,1,342.0,1,0.5073105189960149,test,Medium
2159,159,3,761.85,1,0.4679395009018865,train,Low
2160,382,3,919.2,1,0.5028568996424916,train,Medium
2161,89,1,226.6,1,0.4875327760609175,train,Low
2162,645,1,742.4,1,0.5473902381672382,train,High
2163,55,2,851.1,0,0.5076788679616124,train,Medium
2164,7,6,2353.3,1,0.5157728385631466,test,High
2166,58,1,177.45,1,0.4700195243553083,train,Low
2167,213,3,1206.2,0,0.4961831704479823,train,Medium
2168,18,2,773.1500000000001,1,0.5000743508783367,train,Medium
2169,204,2,844.4,1,0.5042551415093156,train,Medium
2171,241,2,754.1500000000001,1,0.5004906700997332,train,Medium
2173,45,4,774.55,1,0.5125185912397603,train,Medium
2174,161,1,251.65,1,0.4930658450397957,train,Low
2175,43,4,1954.65,1,0.5161968834951696,test,High
2176,122,4,1710.1,1,0.4852045135884409,test,Low
2177,166,3,1051.25,1,0.4918340772251004,train,Low
2178,9,3,1706.35,1,0.5136224595056395,train,High
2179,107,1,211.35,1,0.4700195243553083,train,Low
2180,49,3,1142.95,1,0.4835894906535811,train,Low
2182,252,1,383.85,0,0.4741049019904015,train,Low
2183,234,2,1169.85,1,0.5337565584296439,test,High
2184,487,4,1706.85,1,0.5265679795970761,train,High
2185,309,2,710.8,1,0.508145211659186,train,Medium
2187,407,2,852.35,1,0.5071239027030121,train,Medium
2188,125,4,1754.55,1,0.4951673078292996,train,Medium
2190,215,1,533.45,1,0.5093178632889335,train,Medium
2193,306,1,337.15,1,0.48442770852243,train,Low
2194,218,1,223.3,1,0.4802827960403077,train,Low
2195,43,3,1213.55,1,0.4806997145446342,test,Low
2196,98,1,227.9,0,0.4930658450397957,train,Low
2197,205,1,161.8,1,0.4656250506033467,train,Low
2199,222,1,210.05,1,0.4996847363945199,train,Medium
2200,318,2,914.15,1,0.5196553164134698,test,High
2201,522,2,1000.75,1,0.5020164377757736,test,Medium
2202,70,2,1091.0,1,0.5282489457094229,train,High
2203,114,2,529.05,0,0.5134490673675087,train,High
2204,46,4,1289.35,1,0.5051981187450738,train,Medium
2205,165,3,1355.4,0,0.5222561839550494,test,High
2206,597,2,503.3,0,0.4929161958472217,train,Low
2207,314,1,548.15,1,0.525865124297109,test,High
2208,141,1,385.35,1,0.5046846331472878,train,Medium
2209,488,2,489.9,1,0.5196553164134698,train,High
2210,300,2,967.45,1,0.4839611830619211,train,Low
2211,184,1,394.0,1,0.5065913349564779,train,Medium
2212,555,1,554.5,1,0.5415043913533149,train,High
2213,74,2,909.7,1,0.504247494307109,train,Medium
2214,39,4,1529.65,1,0.4931224836956921,train,Low
2215,33,3,1653.6,1,0.52813828575586,train,High
2216,610,1,330.85,1,0.5135250188716313,train,High
2217,49,1,83.0,1,0.3798474414297405,train,Low
2218,107,3,1143.05,0,0.4956236668923605,train,Medium
2220,409,2,1209.15,1,0.504655327656647,test,Medium
2221,563,1,241.0,1,0.5302263706960492,test,High
2222,114,2,786.75,1,0.5010767782012849,train,Medium
2224,223,1,580.2,1,0.5276078617490148,train,High
2225,157,1,461.65,0,0.4997345076538584,test,Medium
2226,101,2,628.15,1,0.4889650597728666,train,Low
2227,592,1,273.6,1,0.5135250188716313,train,High
2228,610,1,277.95,1,0.5204774494677756,train,High
2230,141,2,868.85,1,0.4835894906535811,train,Low
2231,237,1,223.7,1,0.5000004650087779,train,Medium
2232,170,3,1075.6,1,0.4852045135884409,train,Low
2233,190,2,757.25,0,0.4881173756460307,test,Low
2234,69,1,678.0,1,0.5116920031700907,train,Medium
2235,550,1,518.35,0,0.5142579602310147,train,High
2236,177,2,567.3000000000001,1,0.4677596778735711,train,Low
2237,212,4,1890.6,1,0.5052108742459873,train,Medium
2238,50,2,372.1,1,0.4795394084227284,train,Low
2239,533,2,1063.1,1,0.5155503654100748,train,High
2240,409,1,510.4,1,0.507662126536028,train,Medium
2241,200,1,560.8,1,0.4806233925542899,test,Low
2242,44,1,431.2,1,0.4929955062052986,test,Low
2243,105,1,75.2,1,0.4107400494770893,train,Low
2244,348,1,370.6,1,0.4518729357217089,train,Low
2245,115,3,1128.95,1,0.503261831935051,train,Medium
2246,68,3,589.6,1,0.5216021993766529,train,High
2248,419,1,436.45,1,0.4994148495348867,train,Medium
2249,243,2,752.9,1,0.4981257077064845,test,Medium
2251,114,2,584.15,1,0.5436074826352876,train,High
2252,14,1,527.7,1,0.5320205980475095,train,High
2253,35,2,683.3,1,0.4705079957200973,train,Low
2254,439,1,372.3,1,0.4729076646484973,train,Low
2255,387,2,607.5,1,0.5265679795970761,train,High
2256,142,1,298.8,1,0.4871783738196425,train,Low
2257,119,1,321.9,0,0.4996847363945199,train,Medium
2258,211,2,992.65,1,0.5013815571081625,test,Medium
2259,13,1,490.35,1,0.5089416689957218,test,Medium
2260,142,3,1038.75,1,0.5060588961042368,test,Medium
2261,203,2,1017.1,1,0.540023733789911,train,High
2263,387,1,424.9,1,0.4844687015689934,test,Low
2264,218,2,647.5,1,0.5052185211692232,train,Medium
2265,360,1,238.15,1,0.4844687015689934,train,Low
2266,309,1,836.5,1,0.5368695726357153,train,High
2267,643,2,707.0,0,0.4908789981067366,test,Low
2269,124,2,575.55,1,0.501924900136904,train,Medium
2270,269,3,562.0,1,0.5038784004266055,train,Medium
2272,57,2,720.4,1,0.4700456554500222,train,Low
2274,103,1,399.85,1,0.5214652493965818,test,High
2275,232,1,220.05,1,0.481595234267449,test,Low
2276,426,1,193.25,1,0.4729076646484973,test,Low
2277,215,3,841.3,1,0.4981257077064845,train,Medium
2279,64,3,780.55,0,0.4962660461804641,train,Medium
2280,30,3,1174.4,1,0.4991796663458958,train,Medium
2281,301,1,477.55,1,0.4933236094120741,train,Low
2282,540,1,433.75,1,0.5407485722325883,train,High
2283,272,1,460.5,0,0.5048015503671331,train,Medium
2284,406,1,704.2,1,0.5335955727233683,test,High
2285,167,2,754.8,1,0.5393481121112906,train,High
2286,8,3,1357.35,1,0.5413634648767351,train,High
2287,273,4,1680.25,1,0.5309797004554978,train,High
2288,295,2,810.0,1,0.4719529665230039,train,Low
2290,436,2,1096.6999999999998,1,0.5277530178382902,train,High
2291,534,1,603.3,1,0.5160094489579263,train,High
2292,383,3,906.05,1,0.5076176185584828,train,Medium
2293,545,1,341.3,1,0.468594457082612,train,Low
2294,189,4,1218.55,1,0.5383598352999023,train,High
2296,122,2,512.3,1,0.4722791863173514,train,Low
2297,360,2,602.3,1,0.4899207577402041,train,Low
2298,168,2,819.9,1,0.5103251787180494,train,Medium
2299,381,1,423.0,1,0.4946001264823123,train,Low
2300,107,1,337.65,1,0.4810202568538382,train,Low
2302,395,1,324.1,1,0.5079846696591224,train,Medium
2303,384,1,321.5,1,0.5075609821474718,train,Medium
2304,414,1,422.1,1,0.4997014347879447,train,Medium
2305,112,4,1078.05,1,0.5010767782012849,test,Medium
2306,116,2,416.4,1,0.4815542572452661,train,Low
2307,320,2,682.3,1,0.4809017791353817,test,Low
2308,374,2,503.25,1,0.5267264830905345,train,High
2310,182,2,910.55,1,0.501924900136904,train,Medium
2311,660,1,253.85,1,0.5258807007268808,train,High
2312,102,3,836.35,1,0.504247494307109,train,Medium
2313,354,1,562.35,1,0.5174930067716637,train,High
2314,325,2,974.75,1,0.5186352670496369,train,High
2315,110,3,1460.0,0,0.4752905955167645,train,Low
2316,610,1,550.9,0,0.5226404869873684,train,High
2317,517,1,572.95,1,0.5321460821198539,train,High
2319,4,1,205.85,1,0.5130423474989447,test,Medium
2320,173,1,45.0,1,0.4444308302069488,test,Low
2321,592,1,419.55,1,0.514545761049545,train,High
2323,452,2,1095.9,0,0.5094258200740776,train,Medium
2324,30,2,712.6,1,0.4885735332553412,test,Low
2325,200,2,1286.15,1,0.536060073409492,train,High
2328,160,1,409.15,1,0.5051083824323223,test,Medium
2329,315,1,225.8,1,0.4870462538782755,train,Low
2330,411,1,353.5,1,0.4743457752551646,train,Low
2331,601,1,471.45,1,0.4726501420658178,train,Low
2333,452,1,610.15,1,0.5346396091451122,train,High
2334,438,3,1454.05,1,0.5290846355498988,train,High
2335,604,1,673.15,1,0.5421310644052187,test,High
2336,314,1,210.2,1,0.4878019380036589,test,Low
2337,266,2,817.5,1,0.5044770901386901,test,Medium
2338,72,3,1288.75,1,0.5341796999406907,test,High
2339,38,3,1342.15,1,0.4853740676081202,test,Low
2341,496,1,198.8,1,0.5140478668079654,train,High
2343,64,3,752.5999999999999,1,0.4982376410604281,train,Medium
2344,159,3,749.95,1,0.515761890390406,train,High
2345,386,1,315.7,0,0.4950238707843058,train,Medium
2346,580,1,327.25,1,0.5087498942238582,train,Medium
2347,331,2,403.0,0,0.5083169539963198,train,Medium
2349,118,1,340.4,1,0.4939217141669854,test,Low
2350,233,1,248.9,1,0.4953968169094943,train,Medium
2351,275,2,758.8,1,0.4918407803044481,train,Low
2356,655,1,355.5,1,0.5001643125673305,test,Medium
2358,248,3,1222.25,1,0.515761890390406,train,High
2360,283,3,1460.6,1,0.5183313943098852,train,High
2361,198,4,1909.8,0,0.5341796999406907,train,High
2363,627,1,672.6,0,0.5570408730951174,train,High
2364,164,2,1017.85,1,0.5306438666114955,train,High
2365,557,1,406.0,1,0.5046470375385456,train,Medium
2369,319,2,723.55,1,0.5038831376170727,test,Medium
2370,61,2,941.0,0,0.4949619143167143,train,Medium
2371,250,5,1849.4,1,0.5116709579324805,train,Medium
2372,260,3,864.75,1,0.5271401830517368,train,High
2373,162,2,842.1500000000001,1,0.4826688590808537,train,Low
2374,137,2,540.3,1,0.5147084142600282,train,High
2375,266,5,2106.05,1,0.4959989236354411,train,Medium
2376,652,1,244.4,1,0.4982008959314493,train,Medium
2377,18,2,244.95,0,0.5083684077537243,train,Medium
2378,602,1,324.65,1,0.5143803663546704,train,High
2379,609,1,356.05,0,0.4839611830619211,train,Low
2380,31,2,683.65,1,0.4881173756460307,train,Low
2381,185,3,596.9,1,0.5017703756228968,train,Medium
2383,12,2,796.05,1,0.5342292296386686,train,High
2384,370,2,945.95,1,0.4880792406386778,test,Low
2385,2,3,1213.4,1,0.4691074810962911,train,Low
2387,185,1,527.7,1,0.5305209806965567,train,High
2390,92,4,1529.35,1,0.4962660461804641,train,Medium
2391,506,1,643.2,1,0.5268601820378893,train,High
2392,118,3,985.25,1,0.5010767782012849,train,Medium
2393,266,1,436.9,1,0.5054365105703674,test,Medium
2394,502,4,1754.6,0,0.5083318161667958,train,Medium
2395,394,4,1737.15,1,0.4790077162966787,test,Low
2396,37,1,256.0,1,0.481595234267449,test,Low
2398,124,1,317.1,1,0.5046846331472878,train,Medium
2400,599,2,918.25,1,0.4963312767462361,train,Medium
2401,1,4,2086.1000000000004,1,0.52769118013356,train,High
2405,265,1,519.75,1,0.5153295549395054,train,High
2406,197,3,869.5,1,0.4866299642415125,train,Low
2407,53,1,309.5,0,0.4824012849293681,train,Low
2408,0,6,2051.95,1,0.513527187689189,train,High
2409,81,3,1138.15,1,0.5287999081076975,train,High
2410,522,1,246.45,1,0.502468322194394,train,Medium
2411,7,1,321.3,1,0.4933352901768014,train,Low
2412,12,3,980.8,1,0.5185624357287096,train,High
2413,119,2,1238.3000000000002,1,0.5320804565880198,train,High
2414,407,1,350.75,1,0.4737533812581151,test,Low
2415,100,5,2061.75,1,0.5051779566791407,test,Medium
2416,373,3,1369.25,1,0.5034843571051256,train,Medium
2417,56,3,875.9499999999999,1,0.5061169685453397,test,Medium
2418,446,2,699.0,1,0.5241857373087203,train,High
2419,56,2,1002.45,1,0.5185847307767619,train,High
2420,417,2,1193.3,1,0.5377817724966124,train,High
2421,322,1,770.5,1,0.4970360230575525,train,Medium
2422,330,1,436.45,1,0.5070044452881133,test,Medium
2423,110,2,391.15,1,0.5167823555660689,test,High
2424,417,3,1242.9,1,0.5021954420284337,test,Medium
2425,273,1,305.1,1,0.4976873820622253,train,Medium
2426,488,2,664.25,1,0.5142211459222624,train,High
2427,19,2,620.75,1,0.4896989306327157,train,Low
2428,505,1,369.2,1,0.535340423969312,train,High
2430,100,2,1078.45,1,0.5377816551945267,train,High
2431,475,2,675.75,1,0.468594457082612,train,Low
2432,194,1,348.7,1,0.4754437568809122,train,Low
2433,526,2,581.3,1,0.5120293118399392,train,Medium
2434,68,3,1102.5,1,0.5291311653247311,train,High
2435,358,1,173.0,1,0.4905028632966601,train,Low
2436,121,2,869.4000000000001,0,0.5166363674367175,train,High
2437,81,3,1412.3000000000002,1,0.4941438651817698,train,Low
2438,229,1,592.9,1,0.5215435728585063,test,High
2439,162,1,333.55,0,0.4939138308346024,train,Low
2440,333,2,1068.2,1,0.5129049445269336,test,Medium
2441,568,1,571.4,1,0.5192193678460528,train,High
2442,102,3,1483.65,1,0.5281446627490018,train,High
2444,136,2,612.0,1,0.5055314726424358,test,Medium
2445,289,2,555.9,1,0.4828559778731706,train,Low
2446,230,2,709.25,1,0.5432776190608467,train,High
2447,444,1,458.95,1,0.5302263706960492,test,High
2448,165,4,1128.35,1,0.4819348867926376,train,Low
2449,275,1,173.85,1,0.4975349282341227,train,Medium
2450,603,1,405.9,1,0.5016474632427713,train,Medium
2452,612,1,588.7,1,0.5119464650727464,train,Medium
2453,321,4,1977.35,1,0.5135250188716313,train,High
2454,409,1,315.05,1,0.4864107675134157,train,Low
2455,159,4,1525.15,1,0.516609131226501,train,High
2456,468,2,917.55,1,0.5194821643459053,test,High
2457,462,1,382.25,1,0.4801828147309185,train,Low
2458,46,1,566.55,1,0.5039518903062153,train,Medium
2459,62,5,2078.5,1,0.4991320134969268,train,Medium
2460,41,2,804.8,1,0.4528223080714127,train,Low
2463,63,4,1843.55,1,0.476729398514929,train,Low
2465,350,3,1206.9,1,0.5135250188716313,train,High
2467,95,2,727.5,1,0.4824077230114992,train,Low
2468,383,1,310.95,0,0.4620058946364574,train,Low
2470,39,2,668.75,1,0.5156260511162473,test,High
2471,424,2,556.05,1,0.4762140988285598,train,Low
2474,609,1,330.75,1,0.514545761049545,train,High
2475,258,2,720.15,1,0.4899413448097625,train,Low
2476,38,2,1267.45,1,0.5165360771089538,train,High
2477,261,1,566.3,0,0.5282489457094229,test,High
2478,240,2,674.55,0,0.4909783160329838,test,Low
2479,252,1,544.0,1,0.5215149946220138,train,High
2480,594,2,765.5,0,0.5255492072015532,train,High
2481,297,3,866.0500000000001,1,0.5267264830905345,train,High
2482,58,3,934.05,1,0.5098557268038016,train,Medium
2484,490,1,631.85,1,0.5382731948942003,train,High
2485,72,2,922.25,1,0.480585954973553,train,Low
2486,140,2,829.3,1,0.4964844997265272,train,Medium
2487,422,1,400.75,1,0.4889204358156778,test,Low
2488,200,2,1617.15,1,0.5359727080972908,train,High
2489,98,2,688.35,1,0.4967348469631342,test,Medium
2490,147,4,1570.15,1,0.4916744082782415,train,Low
2491,643,1,337.1,1,0.514545761049545,train,High
2492,327,1,299.75,0,0.4959422778520208,train,Medium
2493,525,1,405.35,1,0.5425357446356942,train,High
2494,341,1,463.9,1,0.5155882891795397,train,High
2495,382,2,614.65,1,0.514545761049545,train,High
2496,423,1,476.8,1,0.4961854855457533,test,Medium
2497,321,2,771.45,0,0.4927393412242307,train,Low
2499,17,2,785.8,1,0.4837189216830295,train,Low
2501,57,4,1879.2,1,0.5271217183183279,test,High
2503,317,3,1397.9,1,0.503264021450246,train,Medium
2504,71,4,1771.25,1,0.4799274626525995,test,Low
2505,429,1,626.4,1,0.4944392934694097,test,Low
2506,178,2,667.45,1,0.5162849941656922,train,High
2507,189,3,979.0,1,0.5262034111564424,train,High
2509,135,1,239.0,1,0.4815542572452661,train,Low
2510,572,1,336.05,1,0.5205099495196623,train,High
2511,643,1,661.15,1,0.5437498122830222,train,High
2513,72,2,583.35,1,0.4705079957200973,test,Low
2514,197,1,617.4,1,0.5215149946220138,train,High
2515,17,3,1418.3,1,0.5027965750017359,test,Medium
2516,384,1,228.0,0,0.4913507135909387,test,Low
2517,19,2,992.95,1,0.5322324411199144,test,High
2518,663,1,251.6,1,0.4999908948726932,test,Medium
2519,45,6,2238.8,0,0.4966548490726846,train,Medium
2520,210,3,1087.55,1,0.5010767782012849,train,Medium
2522,618,1,303.1,1,0.5413848632817607,train,High
2523,80,1,273.05,1,0.4801142532765611,train,Low
2525,229,2,1100.1999999999998,1,0.5154665548118411,test,High
2526,619,1,298.8,1,0.4955751637950048,test,Medium
2527,310,2,557.0,1,0.4705079957200973,test,Low
2528,17,3,815.4,1,0.5332123288855805,train,High
2530,321,2,840.45,1,0.4895695276284174,train,Low
2531,88,3,1058.7,1,0.4889650597728666,train,Low
2532,109,1,309.6,1,0.4852442236900998,train,Low
2533,507,2,481.55,0,0.4981257077064845,train,Medium
2534,85,2,796.55,1,0.4950752978570492,train,Medium
2535,131,3,1101.25,1,0.5291311653247311,train,High
2537,51,3,1422.75,1,0.5050602618284246,train,Medium
2539,73,1,510.35,1,0.5161009487682178,train,High
2540,164,1,117.0,1,0.3867442830151254,train,Low
2541,430,2,606.1,0,0.5180744010077711,train,High
2542,276,3,1999.4,1,0.513519941845429,train,High
2543,318,4,1667.8,1,0.5255492072015532,test,High
2544,419,1,267.0,1,0.4647967739552549,train,Low
2546,147,3,1030.65,1,0.515761890390406,train,High
2547,70,4,1607.35,1,0.5006628218530551,train,Medium
2551,232,2,696.8499999999999,1,0.5261590209259944,train,High
2552,403,2,746.3,0,0.5127310395592088,train,Medium
2553,71,4,1163.35,1,0.5168029277567462,train,High
2554,277,1,383.3,1,0.5156276377478772,train,High
2555,21,3,1072.9,1,0.495636422800998,test,Medium
2556,550,1,120.4,1,0.4945496640290256,train,Low
2557,89,2,518.55,1,0.4861979812544793,train,Low
2560,382,2,992.6,1,0.4701890136121711,test,Low
2561,641,1,375.45,0,0.4839611830619211,test,Low
2564,135,3,1364.1,1,0.4862215129046506,train,Low
2565,104,3,1117.85,1,0.4888976123548604,test,Low
2566,427,1,190.9,1,0.4872583090672249,train,Low
2567,408,2,814.5999999999999,1,0.5226188675583477,train,High
2568,464,1,510.4,1,0.5360975079495378,train,High
2569,115,1,262.3,1,0.5136009199450552,train,High
2570,350,3,919.05,1,0.5054365105703674,test,Medium
2571,322,3,1408.1,1,0.5057092791193537,train,Medium
2572,132,3,1807.85,1,0.4939535058823312,train,Low
2573,266,4,1411.35,1,0.508087145911213,train,Medium
2574,147,2,831.6,0,0.5062126393997248,train,Medium
2575,117,1,673.9,0,0.5150272841905142,test,High
2576,132,5,1810.5,1,0.5114976333214488,train,Medium
2577,112,2,688.0,1,0.517305388664651,test,High
2578,6,2,1051.2,1,0.5141704942167636,train,High
2580,446,1,273.05,1,0.496712193126735,train,Medium
2581,58,2,571.35,0,0.4806059530728347,train,Low
2582,97,2,602.85,1,0.501924900136904,test,Medium
2583,333,1,331.8,1,0.4700195243553083,train,Low
2584,60,3,1354.85,0,0.4900402511174437,train,Low
2585,282,1,323.2,1,0.48442770852243,train,Low
2586,225,3,1254.65,1,0.4795935462707798,train,Low
2587,26,3,1273.75,1,0.5162849941656922,train,High
2588,554,2,815.95,1,0.5080743923601658,train,Medium
2589,223,3,1140.55,1,0.4719453428384464,train,Low
2591,202,2,537.25,1,0.4985380226836621,test,Medium
2592,156,1,676.25,1,0.5515021514817728,test,High
2594,200,2,853.05,1,0.5027941898702455,train,Medium
2595,454,3,1479.5,1,0.5160275302461971,test,High
2596,660,1,217.15,1,0.5290714020341138,test,High
2597,296,1,560.75,0,0.5260895555059758,train,High
2598,360,2,610.85,1,0.5186352670496369,train,High
2599,37,3,1135.55,1,0.4751920946221785,train,Low
2600,68,3,1049.2,1,0.5113462460731736,train,Medium
2601,80,2,471.25,1,0.4881173756460307,train,Low
2602,374,3,1358.9,1,0.496006057250143,train,Medium
2603,117,3,1449.3,1,0.5087700688243646,train,Medium
2604,109,2,434.45,1,0.505956408173424,train,Medium
2605,11,1,380.15,0,0.5097102404791565,train,Medium
2606,6,2,724.2,1,0.5167055848834644,train,High
2607,102,2,624.4,1,0.4909783160329838,test,Low
2608,21,5,1936.85,0,0.5038921813500005,train,Medium
2610,600,1,348.5,0,0.5305492855026887,train,High
2611,181,3,1250.65,1,0.4937395249495693,train,Low
2613,457,1,159.15,1,0.5291110290658819,train,High
2614,29,4,1381.85,1,0.5103124272682582,train,Medium
2615,261,1,520.0,1,0.5174930067716637,test,High
2616,113,2,979.55,1,0.5295144332132098,train,High
2617,171,1,359.05,1,0.4876274588310244,train,Low
2618,179,2,802.95,1,0.4872188064858048,train,Low
2620,334,1,482.8,1,0.5048015503671331,train,Medium
2621,294,1,422.15,1,0.482987116873755,train,Low
2622,337,2,587.25,1,0.5308442469370885,train,High
2623,327,3,1423.55,0,0.51109238215614,train,Medium
2626,406,3,593.4,1,0.4848084854293814,train,Low
2627,40,3,1508.25,1,0.4911082230305486,train,Low
2628,30,1,418.0,0,0.4801142532765611,train,Low
2629,391,2,747.95,1,0.5143724883739125,test,High
2630,317,2,610.55,1,0.508087145911213,test,Medium
2631,371,1,409.8,1,0.5079846696591224,train,Medium
2633,371,1,520.85,1,0.4700978986098461,train,Low
2634,81,4,1373.05,1,0.4983315420219512,train,Medium
2635,471,1,536.65,1,0.5277430400897257,train,High
2636,134,1,404.85,1,0.4809610978278545,train,Low
2637,13,2,648.1,1,0.5148793002560308,train,High
2638,280,2,625.65,1,0.5265679795970761,train,High
2639,65,2,889.0,1,0.5247394954992074,train,High
2640,365,3,1167.85,1,0.5220098020954206,train,High
2641,149,3,1092.75,1,0.5116709579324805,train,Medium
2642,40,3,885.55,1,0.4635025053038614,train,Low
2643,314,1,263.2,1,0.4950238707843058,train,Medium
2645,180,1,395.5,1,0.4930658450397957,train,Low
2646,397,2,1447.4,1,0.569888713452792,train,High
2647,184,2,954.95,1,0.4881173756460307,test,Low
2650,336,1,564.55,1,0.5251361647671384,train,High
2651,120,1,799.9,1,0.5547346576049935,train,High
2652,206,2,541.6,0,0.4881765870111865,test,Low
2653,486,1,438.55,1,0.5036190629989619,test,Medium
2654,472,1,452.1,1,0.5194821643459053,train,High
2655,354,2,371.1,1,0.5196553164134698,train,High
2656,183,3,1264.8,1,0.4956333626999705,train,Medium
2657,468,1,531.1,1,0.5331632720242775,train,High
2658,316,2,579.4000000000001,1,0.4839611830619211,test,Low
2660,317,6,2552.3,0,0.4696076387376393,train,Low
2661,80,2,688.45,0,0.5010767782012849,train,Medium
2662,406,3,1731.05,1,0.5346842135273941,train,High
2663,471,3,851.75,1,0.4635025053038614,train,Low
2664,106,3,1171.2,1,0.4733611689711587,test,Low
2665,164,2,355.45,1,0.4862252268656886,train,Low
2666,434,1,251.5,1,0.4525065149587984,train,Low
2667,512,2,893.1,1,0.4839611830619211,train,Low
2669,183,1,217.8,1,0.4808937155281129,train,Low
2670,12,4,1952.35,1,0.5367484705986085,train,High
2671,243,1,433.7,1,0.5122850658000412,train,Medium
2672,45,3,1161.15,1,0.4985380226836621,train,Medium
2673,466,1,103.0,0,0.433935275392109,test,Low
2674,389,2,793.4,1,0.5143724883739125,test,High
2675,359,3,1393.15,1,0.5186352670496369,test,High
2676,177,4,1823.6,1,0.5125185912397603,train,Medium
2677,92,3,1306.15,1,0.4985700103360819,train,Medium
2678,72,1,298.9,1,0.4874697685828471,train,Low
2679,161,1,206.4,1,0.4801142532765611,train,Low
2680,149,4,1348.15,1,0.4708117269944004,train,Low
2681,191,3,875.25,1,0.4819348867926376,train,Low
2682,90,3,878.95,1,0.5126934216675127,train,Medium
2683,23,2,1403.7,1,0.5126198855353089,train,Medium
2684,9,4,2088.0,1,0.5533045232784185,train,High
2685,190,2,640.6500000000001,1,0.4873875051524662,test,Low
2686,511,1,495.15,1,0.5067626406486516,train,Medium
2687,6,2,652.05,1,0.5072464069641093,test,Medium
2688,3,2,739.7,1,0.5028405045294534,train,Medium
2689,305,2,352.7,1,0.4909419307376721,train,Low
2690,290,2,690.35,1,0.5186558338308248,train,High
2691,14,1,348.15,1,0.4953260436590992,train,Medium
2692,132,3,571.2,1,0.515761890390406,train,High
2693,82,4,1324.15,1,0.5052108742459873,train,Medium
2694,132,1,619.3,1,0.5268764408306775,train,High
2695,12,2,1081.75,1,0.5182996026456828,train,High
2696,400,2,586.9,1,0.4950557325713997,train,Medium
2697,281,2,1102.8,1,0.5120251555710831,train,Medium
2698,65,4,1542.2,1,0.4752905955167645,train,Low
2699,635,1,454.15,1,0.4968470098049051,train,Medium
2701,65,4,1855.45,1,0.5107529377486665,test,Medium
2703,205,2,405.25,0,0.4953416245855762,test,Medium
2704,625,1,501.95,1,0.523195942951369,train,High
2705,63,2,546.4,1,0.5001582975768212,train,Medium
2706,63,4,2225.05,1,0.5070005461777034,test,Medium
2707,566,1,383.25,1,0.5247813083833035,train,High
2708,365,1,529.05,1,0.5138899316887577,train,High
2710,155,2,793.6,1,0.4834414216730265,train,Low
2712,73,3,390.2,1,0.4885286948414683,train,Low
2713,58,1,401.95,1,0.5051083824323223,train,Medium
2714,272,4,1859.25,1,0.4839611830619211,train,Low
2715,426,1,223.75,1,0.4990664089866205,train,Medium
2716,162,2,651.65,1,0.4780090925343134,test,Low
2720,289,1,497.8,0,0.5079227226569893,train,Medium
2721,94,1,442.05,1,0.4888976123548604,train,Low
2722,66,2,469.55,1,0.5106499197639368,train,Medium
2723,82,1,401.95,1,0.5062887309992141,train,Medium
2724,69,2,763.8,1,0.4870455036459979,train,Low
2725,323,2,697.0,1,0.4968470098049051,train,Medium
2727,325,1,301.7,1,0.4967903626357708,train,Medium
2728,321,2,811.25,1,0.5291049710973581,train,High
2729,348,1,299.8,1,0.4959422778520208,train,Medium
2730,332,2,678.7,0,0.5207720564237678,test,High
2731,125,2,1278.4,1,0.5417264735739226,test,High
2732,362,1,252.1,1,0.4962042818575486,train,Medium
2733,154,3,827.4499999999999,1,0.5101674568806986,train,Medium
2734,147,4,1480.9,1,0.5222561839550494,train,High
2735,36,1,93.25,1,0.4562646126359591,train,Low
2736,32,2,923.35,1,0.5273591300454983,train,High
2737,276,1,906.85,1,0.5508090829870995,train,High
2738,284,1,395.85,1,0.4754437568809122,train,Low
2739,3,1,267.4,0,0.5238189089304566,train,High
2740,239,2,624.45,1,0.4836329643530239,train,Low
2741,363,2,549.95,1,0.503261831935051,test,Medium
2742,169,1,237.35,1,0.4801142532765611,train,Low
2743,408,1,340.5,1,0.4785712612150569,train,Low
2744,143,1,574.0,1,0.5253973380892717,train,High
2745,48,2,412.5,1,0.4611170980959638,train,Low
2746,20,3,1309.85,1,0.5265719088427767,train,High
2747,487,2,764.5,1,0.5194821643459053,train,High
2748,260,2,753.7,1,0.5135413537343914,train,High
2749,31,6,1841.4,1,0.5154667958527944,train,High
2751,243,2,973.0,1,0.4904065689941865,test,Low
2752,119,1,183.75,1,0.4690801505957852,train,Low
2753,460,1,111.8,1,0.4966251002480183,train,Medium
2754,69,3,1301.4,0,0.5013815571081625,test,Medium
2755,555,1,404.5,1,0.5196553164134698,test,High
2756,4,2,815.15,1,0.5141907100080417,test,High
2757,463,1,193.15,0,0.480514112390085,train,Low
2758,467,2,572.85,1,0.508087145911213,train,Medium
2759,114,4,1545.15,1,0.4738703647661072,train,Low
2760,11,1,188.5,1,0.4757208939600766,test,Low
2761,423,1,591.25,1,0.5088829281157141,train,Medium
2763,5,1,350.6,1,0.5112767820842488,train,Medium
2764,354,1,189.0,1,0.4625327086105462,train,Low
2766,102,3,1212.8,1,0.4978138577397622,train,Medium
2768,71,3,1351.85,1,0.4930415292759732,train,Low
2769,535,1,482.55,1,0.5082274239106558,test,Medium
2770,133,2,929.25,1,0.4959284258898228,train,Medium
2771,41,3,924.05,1,0.4658401713114284,train,Low
2772,457,2,411.5,1,0.5135250188716313,train,High
2773,248,1,231.4,1,0.4917238841470985,train,Low
2774,10,5,2306.65,1,0.5272705027558934,train,High
2775,187,3,841.7,1,0.5217377125601086,test,High
2776,113,2,544.75,1,0.4954786471569363,train,Medium
2777,11,1,601.75,1,0.5146970200996853,train,High
2778,343,3,1109.8,1,0.5020087901445865,test,Medium
2779,63,5,1947.75,1,0.5097318192902042,train,Medium
2780,5,3,1252.5,1,0.5114472773431541,train,Medium
2781,274,3,616.8,1,0.530246700714626,train,High
2783,227,3,897.8,1,0.4924245851782284,test,Low
2784,95,1,533.5,0,0.5154665548118411,test,High
2785,353,2,858.45,1,0.4929361128690891,train,Low
2786,151,3,864.6999999999999,1,0.4870455036459979,train,Low
2787,182,3,1328.4499999999998,1,0.5393481121112906,train,High
2788,220,2,917.55,1,0.5114976333214488,test,Medium
2789,134,2,1107.4,1,0.5222658484130426,train,High
2790,386,1,395.85,0,0.5019264882963023,test,Medium
2791,44,6,2217.55,1,0.5175793464833567,train,High
2793,647,1,613.75,1,0.5000069636918889,train,Medium
2794,109,2,690.7,0,0.5025599141296785,test,Medium
2795,16,2,536.2,1,0.4961039585840631,train,Medium
2796,142,3,1521.35,1,0.5386460918384369,train,High
2797,112,1,319.25,1,0.4809610978278545,train,Low
2800,293,1,388.9,1,0.4967903626357708,train,Medium
2801,259,2,494.75,1,0.5039534857995365,train,Medium
2802,374,2,700.55,0,0.4899413448097625,train,Low
2804,521,1,385.35,1,0.477926174622667,train,Low
2805,153,1,339.25,1,0.4946583231702582,train,Medium
2806,73,6,1743.85,1,0.4872188064858048,train,Low
2807,218,2,584.75,1,0.4922372877972818,test,Low
2808,51,3,1196.05,1,0.496380315662083,train,Medium
2809,18,2,531.05,1,0.4964707104713829,train,Medium
2810,544,1,297.75,1,0.534166483541806,train,High
2811,57,2,793.4000000000001,1,0.5226738608105812,train,High
2813,235,5,1484.05,1,0.4810879168747747,test,Low
2814,56,2,544.6,1,0.4881173756460307,test,Low
2816,52,3,1546.3,1,0.4956471287057642,train,Medium
2817,165,1,597.0,1,0.5146191929214258,test,High
2818,119,3,1607.9,1,0.5016107268013039,train,Medium
2820,505,1,312.95,1,0.4801828147309185,train,Low
2821,131,3,1216.85,1,0.529645140621826,train,High
2822,223,2,968.65,1,0.4930415292759732,train,Low
2823,131,4,1600.6,1,0.515761890390406,train,High
2824,7,2,1382.1999999999998,1,0.544884738342486,train,High
2825,68,2,352.35,0,0.4874697685828471,train,Low
2826,91,4,935.85,1,0.5126934216675127,train,Medium
2827,297,4,992.1,1,0.5089350297390391,train,Medium
2828,232,2,846.7,1,0.5001582975768212,train,Medium
2829,259,3,705.3,1,0.5135250188716313,train,High
2830,85,2,1026.25,1,0.5337565584296439,train,High
2831,22,2,965.7,1,0.4923840639858445,train,Low
2832,108,2,662.2,1,0.4807507677146481,test,Low
2833,569,1,302.2,0,0.4801828147309185,train,Low
2834,185,1,506.7,1,0.5143151591103665,train,High
2836,310,1,586.75,1,0.5241007939318625,train,High
2837,419,2,867.2,1,0.5089666529086223,test,Medium
2838,342,1,491.4,1,0.4985131047252903,train,Medium
2839,260,1,231.25,0,0.4852750595821856,train,Low
2840,531,1,462.7,0,0.5046470375385456,test,Medium
2842,21,2,681.5,1,0.4956236668923605,train,Medium
2843,9,1,347.2,1,0.5121947581054799,train,Medium
2845,218,4,1878.05,1,0.5054555826336834,train,Medium
2846,97,1,620.35,1,0.5090871511723626,train,Medium
2847,661,1,273.05,1,0.5290714020341138,train,High
2848,327,1,300.4,1,0.4619742865242528,train,Low
2849,493,2,1168.8,1,0.5468019198744511,train,High
2850,36,2,627.1,1,0.495636422800998,train,Medium
2851,11,2,770.3499999999999,1,0.5157728385631466,train,High
2852,189,4,1831.6,1,0.5119181403950237,test,Medium
2853,100,1,229.6,1,0.481595234267449,train,Low
2854,440,1,396.95,1,0.4539360149195358,train,Low
2855,140,2,462.1,1,0.478029850793353,train,Low
2856,226,3,653.25,1,0.5010767782012849,train,Medium
2857,451,2,556.95,0,0.5186352670496369,train,High
2858,255,4,2230.35,1,0.5251982937628802,train,High
2859,110,1,676.2,1,0.5011149294218362,train,Medium
2860,335,1,615.35,1,0.5282694027674407,train,High
2861,483,1,284.35,0,0.468594457082612,train,Low
2863,266,1,410.1,1,0.4950238707843058,test,Medium
2864,29,2,775.6500000000001,1,0.4922080975658567,train,Low
2865,99,2,773.5,1,0.501924900136904,test,Medium
2866,210,2,375.55,0,0.4591469989506729,test,Low
2867,187,4,1438.9,0,0.4861979812544793,train,Low
2868,345,1,670.75,1,0.5377129844398618,train,High
2869,442,2,736.75,1,0.5184893171277143,train,High
2870,101,2,1396.25,1,0.5050470426432876,train,Medium
2871,176,2,988.8,1,0.5279774202547135,test,High
2873,34,2,796.9000000000001,1,0.5121939056687109,train,Medium
2874,424,1,334.95,1,0.4909799036989769,test,Low
2875,177,3,804.7,1,0.4898906867066204,train,Low
2876,496,2,1291.35,1,0.5428639235856905,train,High
2877,72,2,473.25,1,0.501924900136904,train,Medium
2878,208,2,829.95,1,0.5134490673675087,train,High
2879,345,2,814.25,1,0.5011144202443025,train,Medium
2880,213,1,584.85,1,0.514846395991907,train,High
2881,36,4,1244.55,1,0.5219107998647906,train,High
2882,68,2,877.75,0,0.501924900136904,train,Medium
2884,487,1,348.6,1,0.4907929933910425,train,Low
2885,652,1,431.65,1,0.4743020531585631,train,Low
2886,115,2,560.35,1,0.5062126393997248,train,Medium
2887,510,2,700.4000000000001,1,0.5170188448700442,train,High
2889,392,3,1325.7,1,0.5196553164134698,train,High
2890,463,1,530.85,1,0.5389206800824485,train,High
2892,556,1,425.5,1,0.5225983142458928,test,High
2893,23,4,2029.0,1,0.536060073409492,train,High
2895,30,2,1139.4,1,0.5167532684632731,train,High
2896,257,2,984.6,1,0.5132003669386644,test,High
2897,124,3,2271.15,0,0.550273224204268,test,High
2898,388,1,761.05,1,0.5452009587207848,test,High
2899,230,4,1734.35,1,0.4890898390756947,train,Low
2900,108,2,884.15,1,0.519955939112596,train,High
2901,86,2,950.95,1,0.4826688590808537,test,Low
2902,224,5,1619.75,1,0.4991320134969268,train,Medium
2903,43,2,629.25,1,0.4856008873915577,train,Low
2905,0,1,202.75,1,0.5245529452339875,train,High
2906,366,2,645.2,1,0.4996963510392795,train,Medium
2907,545,2,472.75,1,0.4814990473408403,test,Low
2908,13,5,1635.3,1,0.5157728385631466,train,High
2909,413,1,333.9,1,0.4669132756792834,train,Low
2910,435,1,451.05,1,0.4892634377048101,train,Low
2911,4,3,1287.35,1,0.5281160305513364,train,High
2913,591,1,329.8,1,0.4925838930648311,train,Low
2915,143,3,1354.95,1,0.5050955498490606,train,Medium
2916,34,4,1388.15,1,0.4861979812544793,train,Low
2917,271,1,768.65,1,0.5110018961274145,train,Medium
2919,453,1,533.2,1,0.5133935496580981,train,High
2920,375,1,622.3,1,0.5066517330612511,train,Medium
2921,91,1,602.75,1,0.5216808708335103,train,High
2922,574,2,1197.8,1,0.5257329788540255,train,High
2923,36,1,305.1,1,0.5170536851097377,test,High
2924,125,2,859.7,1,0.4881173756460307,train,Low
2925,11,2,1019.95,1,0.5205334082556902,test,High
2928,5,1,331.9,1,0.5116089806642368,train,Medium
2929,423,1,716.2,1,0.5044436701296928,train,Medium
2930,501,1,647.85,0,0.5133828124920037,train,High
2935,212,3,736.9,1,0.5070606195539884,train,Medium
2936,133,1,127.05,1,0.4360931509622954,train,Low
2937,408,2,650.55,1,0.499142765931918,train,Medium
2938,320,4,1622.65,1,0.5341796999406907,train,High
2939,11,4,1603.4,1,0.4973561609535751,train,Medium
2940,463,1,347.25,1,0.4866093835688426,train,Low
2941,419,2,1114.9,1,0.514901687135406,train,High
2942,317,3,940.7,1,0.493010570385579,train,Low
2944,628,1,315.85,1,0.4714708227581957,train,Low
2945,628,1,620.1,1,0.5270484681734392,train,High
2946,96,4,1956.95,1,0.488066418008149,train,Low
2947,159,5,2338.9,1,0.4991320134969268,train,Medium
2948,261,2,449.0,1,0.4705079957200973,train,Low
2950,468,2,679.3,1,0.493010570385579,train,Low
2951,291,1,207.95,1,0.5105154042140106,train,Medium
2952,438,3,1050.0,1,0.5104996875769554,test,Medium
2953,653,1,247.4,1,0.4996840448405312,train,Medium
2954,372,1,260.4,1,0.4727053663125161,train,Low
2955,87,2,572.2,0,0.4881173756460307,train,Low
2956,6,5,1513.5,0,0.5257780302505658,train,High
2957,416,1,389.65,1,0.4873286161348622,train,Low
2958,181,2,896.75,1,0.5010767782012849,train,Medium
2959,331,1,378.1,1,0.4870462538782755,test,Low
2960,423,1,336.0,1,0.4785712612150569,train,Low
2961,100,2,1220.15,1,0.5249270244717655,train,High
2962,136,3,1548.45,1,0.5350708232751605,test,High
2963,434,1,376.95,1,0.4858465278317895,train,Low
2965,340,2,662.3,1,0.4798705676678885,train,Low
2966,11,3,1487.1,1,0.5020159439474139,train,Medium
2967,91,2,1052.7,1,0.536060073409492,train,High
2968,285,2,742.95,1,0.4823267890988316,train,Low
2969,85,4,1430.65,1,0.5167823555660689,train,High
2970,55,3,637.1,1,0.4881173756460307,test,Low
2971,64,4,1876.85,1,0.5027941898702455,train,Medium
2972,286,2,642.15,1,0.5196553164134698,train,High
2973,139,2,476.85,1,0.4576321335961687,train,Low
2974,174,2,825.4,1,0.4679591988652797,train,Low
2976,485,2,689.3,0,0.5135250188716313,train,High
2977,370,1,467.85,1,0.5195328100264984,test,High
2978,260,1,435.25,1,0.5079227226569893,test,Medium
2979,624,2,958.3,1,0.4930621207205423,test,Low
2980,94,2,485.85,0,0.4719453428384464,train,Low
2981,224,2,570.35,1,0.515761890390406,train,High
2982,62,2,936.2,1,0.501924900136904,train,Medium
2983,105,4,1813.0,1,0.5115531412961243,train,Medium
2984,230,4,1342.15,1,0.5240300835848272,train,High
2985,498,1,470.4,1,0.4856597072084279,test,Low
2986,319,3,1175.35,0,0.5038394208324596,train,Medium
2989,64,4,969.2,1,0.4699556832171513,train,Low
2990,132,1,670.75,1,0.5379565989975454,train,High
2991,119,2,688.8,1,0.4956236668923605,train,Medium
2993,195,1,368.5,1,0.4809610978278545,test,Low
2994,202,2,733.3,1,0.5156260511162473,train,High
2996,656,1,230.05,1,0.499142765931918,train,Medium
2997,55,7,2779.2000000000003,1,0.504247494307109,train,Medium
2999,334,3,1468.55,1,0.5334739940481699,train,High
3001,505,2,338.45000000000005,0,0.4985708431005785,train,Medium
3002,15,3,1332.7,1,0.5395900750187129,train,High
3003,318,3,994.85,1,0.4750775152198006,train,Low
3005,13,3,1224.95,1,0.5269944827652403,train,High
3006,151,1,385.3,1,0.4945487730706255,train,Low
3007,462,2,802.25,1,0.5006906316972679,test,Medium
3008,196,3,932.65,1,0.5103124272682582,train,Medium
3009,263,2,985.55,1,0.5163232977779604,train,High
3010,96,1,112.0,0,0.4428091363358263,train,Low
3012,464,1,408.1,0,0.5123783018561252,train,Medium
3013,100,2,1126.3000000000002,0,0.5253973380892717,train,High
3014,5,1,272.0,1,0.5121947581054799,test,Medium
3016,14,2,1072.3000000000002,1,0.5312287196882732,test,High
3018,457,1,587.05,1,0.5428640406943608,train,High
3021,204,2,1184.0,1,0.5202551099056053,train,High
3022,490,1,238.5,1,0.4899207577402041,train,Low
3023,3,5,1877.45,1,0.4855479851221215,test,Low
3024,416,2,417.1,1,0.4859484072099007,test,Low
3025,179,1,159.4,1,0.4649563191206475,train,Low
3026,392,1,300.0,1,0.4754437568809122,train,Low
3027,109,2,1011.1,1,0.4883340234078474,train,Low
3029,195,1,530.75,1,0.5163626927943061,train,High
3030,331,3,1593.85,1,0.5377816551945267,train,High
3032,27,3,1192.7,1,0.4991796663458958,test,Medium
3033,196,2,956.3,1,0.5030204598019868,train,Medium
3034,666,1,607.0,1,0.5364199154896698,train,High
3035,111,3,1262.6,1,0.5273591300454983,train,High
3036,504,1,486.85,1,0.5241857373087203,train,High
3037,111,3,1501.35,1,0.5222561839550494,test,High
3038,195,1,426.35,1,0.4999120064058034,test,Medium
3039,172,3,1089.3,0,0.4925004636832263,train,Low
3040,30,3,1272.9,1,0.5131531994964469,train,Medium
3041,38,3,1414.4,1,0.4752905955167645,train,Low
3042,214,2,722.8,1,0.4863932069354464,train,Low
3043,10,1,671.65,1,0.5580994837760119,test,High
3044,395,2,541.6,0,0.468594457082612,test,Low
3045,62,4,1984.4,1,0.5106499197639368,test,Medium
3046,146,1,424.9,1,0.4945487730706255,train,Low
3047,516,3,839.1999999999999,1,0.4849817448619647,train,Low
3048,142,4,1764.35,1,0.5051779566791407,train,Medium
3049,559,1,324.75,1,0.4912975858175987,train,Low
3051,139,1,384.9,1,0.4679667011269941,test,Low
3052,256,3,1125.15,0,0.5106499197639368,train,Medium
3053,99,3,1343.05,1,0.4919899150702845,train,Low
3054,124,1,543.9,1,0.5214193374035055,train,High
3055,110,3,1080.1,1,0.5223548930788224,train,High
3056,330,1,726.6,1,0.5463735969436656,test,High
3057,310,3,1424.55,1,0.5255439527547078,train,High
3058,18,3,784.3500000000001,1,0.5323678469121601,train,High
3059,187,3,1055.15,0,0.5125185912397603,test,Medium
3060,586,2,217.4,1,0.5230292769917697,test,High
3062,406,1,695.15,1,0.5315157207941704,train,High
3063,651,1,606.9,1,0.5136432137335463,train,High
3064,124,1,330.75,1,0.4625327086105462,train,Low
3065,167,3,821.1,1,0.5273591300454983,test,High
3066,195,1,131.5,1,0.417354562715358,test,Low
3067,80,3,1985.7,1,0.550273224204268,train,High
3068,177,3,1386.15,1,0.5281446627490018,test,High
3069,641,1,514.05,1,0.5338322180188779,train,High
3070,232,2,512.1,1,0.5222561839550494,train,High
3071,108,1,416.5,1,0.4982015874767633,train,Medium
3072,20,4,1861.2,1,0.5529262491575926,train,High
3073,106,2,944.75,1,0.4847025642126785,test,Low
3074,281,2,948.7,1,0.5039534857995365,train,Medium
3075,551,2,933.1,1,0.4824794477149651,train,Low
3076,119,4,1884.8,1,0.4821080802782779,train,Low
3077,339,4,1745.15,0,0.5302263706960492,train,High
3078,32,3,835.05,1,0.5062126393997248,train,Medium
3079,123,5,1559.4,1,0.5280994795590201,train,High
3080,303,1,468.1,1,0.4993612304703897,train,Medium
3081,214,2,848.0,1,0.5095713263716803,train,Medium
3083,23,4,2059.85,1,0.5361554075031193,test,High
3084,475,1,329.25,0,0.4890730024105882,train,Low
3085,364,1,498.55,1,0.5048504630520095,train,Medium
3086,106,2,856.7,1,0.5156158829330656,test,High
3087,55,3,1089.6,1,0.515789129594367,train,High
3088,525,2,781.3,1,0.5132003669386644,train,High
3089,231,1,156.45,1,0.4443245859773851,train,Low
3090,27,3,1132.25,1,0.4961135943512769,train,Medium
3091,504,1,521.4,1,0.5133935496580981,train,High
3093,464,2,445.2,1,0.5291572590173497,train,High
3094,190,2,636.1500000000001,1,0.4773916957915751,train,Low
3095,73,4,1458.9,1,0.4872188064858048,train,Low
3096,223,2,591.3,1,0.4900266222072788,train,Low
3097,122,3,974.0,1,0.5106499197639368,train,Medium
3098,121,1,526.15,0,0.5037752654423863,train,Medium
3099,544,1,650.8,1,0.545365934941491,train,High
3101,311,2,926.9,1,0.4766234271490115,train,Low
3102,36,2,986.1,1,0.4881173756460307,test,Low
3103,335,2,476.85,1,0.5132003669386644,train,High
3104,272,2,932.35,1,0.4827875552393245,train,Low
3105,21,5,2132.4500000000003,0,0.5066976678776723,test,Medium
3106,322,2,511.05,1,0.5306485901594736,test,High
3107,600,1,217.0,1,0.5081126655212327,train,Medium
3108,119,2,827.1,1,0.5225983142458928,train,High
3109,494,1,469.45,1,0.4890730024105882,train,Low
3110,101,1,615.4,1,0.532183749529371,train,High
3111,69,3,1632.85,1,0.5096942889541187,train,Medium
3112,38,1,402.2,1,0.5076191721387563,test,Medium
3113,496,1,175.35,0,0.5262605998886459,test,High
3116,475,2,847.2,0,0.5031125425231535,train,Medium
3118,505,3,987.55,0,0.5143724883739125,train,High
3119,63,2,828.3,1,0.4788764053329163,train,Low
3120,84,4,1856.9,0,0.5034676595124516,train,Medium
3121,511,1,255.6,1,0.5196553164134698,test,High
3123,11,2,660.55,1,0.5185624357287096,test,High
3124,31,4,1006.55,1,0.4953596479517813,train,Medium
3125,190,1,656.85,1,0.5215149946220138,train,High
3127,137,3,1126.8,1,0.5242438042007718,train,High
3128,69,2,813.45,1,0.4918340772251004,train,Low
3129,562,2,576.4,1,0.4786375737384346,train,Low
3130,326,1,455.7,1,0.5048015503671331,train,Medium
3131,120,3,1445.75,1,0.4810879168747747,test,Low
3132,373,1,319.2,1,0.5083169539963198,test,Medium
3133,201,1,569.95,1,0.5025098276317339,train,Medium
3134,319,2,973.65,1,0.49470245314797,train,Medium
3135,108,1,397.75,1,0.4754437568809122,train,Low
3137,255,1,161.75,0,0.4169950430779809,train,Low
3138,319,3,1240.0,1,0.5309797004554978,train,High
3139,192,2,603.1,0,0.4837581181950083,test,Low
3140,16,2,366.05,1,0.5207328267436198,test,High
3143,8,1,288.55,1,0.5108531997016774,train,Medium
3144,115,1,481.95,1,0.5148540781407405,train,High
3145,47,2,939.9,1,0.4889650597728666,train,Low
3146,23,2,1000.0,0,0.4759527120421236,train,Low
3147,263,4,790.35,1,0.5255492072015532,train,High
3148,228,1,588.1,1,0.5222658484130426,test,High
3149,297,1,269.65,1,0.4838343128145134,train,Low
3150,199,3,992.25,0,0.4991320134969268,train,Medium
3152,552,1,249.55,1,0.5306485901594736,train,High
3153,92,1,457.85,1,0.4671146445008591,test,Low
3154,50,3,1475.65,1,0.5158648524964259,test,High
3155,187,5,1937.25,1,0.5050531027686743,test,Medium
3156,401,1,176.45,1,0.4982734820416296,train,Medium
3157,228,2,669.25,1,0.5142965440381508,train,High
3159,58,1,350.75,1,0.4930658450397957,train,Low
3160,130,1,366.9,1,0.4982015874767633,train,Medium
3161,252,3,871.15,0,0.5024485316780423,train,Medium
3162,276,4,1540.15,1,0.5021954420284337,train,Medium
3164,599,1,515.6,1,0.5287473052866878,test,High
3165,109,3,860.25,1,0.5277816314383086,train,High
3167,660,1,227.65,1,0.4873112373650051,train,Low
3168,73,2,755.1,1,0.4705079957200973,train,Low
3169,535,1,500.9,0,0.4856597072084279,train,Low
3170,314,2,852.3,1,0.5310068620357943,train,High
3172,296,1,342.3,1,0.4967982468107547,train,Medium
3173,135,3,1194.65,1,0.5007423373293655,test,Medium
3174,29,4,1092.9499999999998,1,0.4814990473408403,test,Low
3175,31,3,1449.95,1,0.5140007037181675,train,High
3176,148,1,230.85,1,0.4930658450397957,train,Low
3177,385,3,1110.8,0,0.4973527831214542,train,Medium
3178,584,1,440.0,0,0.4889269217955317,train,Low
3179,15,2,620.15,1,0.5107438539555985,test,Medium
3180,88,2,460.3,1,0.515761890390406,test,High
3181,135,2,1088.5,1,0.5081861403831746,test,Medium
3183,213,1,535.3,1,0.5031448340920462,train,Medium
3184,53,2,547.95,1,0.4737537306760372,train,Low
3185,208,1,597.5,1,0.5031038029511832,train,Medium
3186,372,1,514.3,1,0.5167532684632731,train,High
3187,326,2,1049.65,0,0.5314084666684634,train,High
3188,546,1,374.65,1,0.5241857373087203,train,High
3189,264,2,438.85,1,0.5016474632427713,test,Medium
3190,386,1,397.75,1,0.4974253681546105,train,Medium
3191,107,1,350.35,1,0.5051083824323223,train,Medium
3192,214,2,687.85,1,0.501924900136904,train,Medium
3193,27,3,1495.2,1,0.5157824653187272,train,High
3194,34,5,1796.4,1,0.4755002700171082,train,Low
3201,209,1,444.0,1,0.5079227226569893,train,Medium
3202,143,3,1721.45,1,0.5447101900764001,test,High
3203,338,1,290.4,1,0.4959422778520208,train,Medium
3204,264,3,792.5,1,0.4955751637950048,train,Medium
3205,9,2,836.6500000000001,1,0.5072464069641093,test,Medium
3206,327,1,88.0,1,0.4795165957930336,train,Low
3210,91,3,823.8,1,0.4788764053329163,train,Low
3212,440,1,106.05,0,0.3653180991051274,train,Low
3215,215,3,919.2,1,0.5001582975768212,test,Medium
3216,568,1,480.9,1,0.5071239027030121,train,Medium
3217,515,2,561.55,1,0.5403701440625958,test,High
3218,225,2,668.6,1,0.4889650597728666,train,Low
3219,461,1,829.6,1,0.5629353685207399,train,High
3220,70,1,447.4,1,0.5202877734791559,train,High
3222,15,1,393.4,0,0.4915857323825924,test,Low
3223,111,3,1073.6,1,0.4991320134969268,train,Medium
3224,625,1,563.95,1,0.5417264735739226,train,High
3225,35,1,524.05,0,0.5084700020669064,train,Medium
3226,227,2,682.2,1,0.4950752978570492,train,Medium
3227,346,1,483.85,1,0.5159912721890867,train,High
3228,41,3,1647.0500000000002,1,0.5131351121394232,train,Medium
3230,320,1,346.05,1,0.4838343128145134,train,Low
3232,195,4,2094.65,1,0.5292801564359642,train,High
3234,279,1,400.75,1,0.4754437568809122,train,Low
3235,154,3,1143.6,1,0.4849598296076816,train,Low
3236,31,1,422.8,1,0.5051083824323223,train,Medium
3237,12,3,1068.9499999999998,1,0.5177154223610855,train,High
3238,266,1,192.35,1,0.4838343128145134,train,Low
3239,253,2,693.7,1,0.5097438349684575,train,Medium
3240,329,2,616.75,1,0.4915767634413487,train,Low
3241,404,1,298.8,1,0.4528219608074728,test,Low
3242,96,2,417.35,1,0.4945855388231899,train,Low
3243,456,1,309.9,1,0.5247813083833035,train,High
3244,75,2,874.0,1,0.5010767782012849,test,Medium
3245,218,1,459.3,1,0.4949619143167143,train,Medium
3246,305,2,568.35,1,0.5186352670496369,train,High
3248,45,1,325.5,0,0.4917238841470985,test,Low
3249,402,1,409.3,1,0.4838343128145134,train,Low
3250,660,1,393.75,1,0.5053854392151889,train,Medium
3251,292,2,741.2,1,0.5038831376170727,train,Medium
3252,480,1,311.85,1,0.5131056912736539,train,Medium
3253,60,4,1778.0,1,0.5215338743118505,train,High
3254,53,2,786.15,1,0.4847025642126785,train,Low
3255,251,2,715.3,1,0.5026694739957746,train,Medium
3256,381,3,1240.0,1,0.4973527831214542,train,Medium
3257,617,1,272.8,1,0.5013473230961384,train,Medium
3258,14,1,219.55,1,0.4880795760083137,test,Low
3259,294,2,991.85,1,0.5319971960298648,test,High
3260,338,1,133.0,0,0.4229177078771033,train,Low
3261,457,1,209.0,1,0.4890730024105882,train,Low
3262,340,2,831.15,1,0.5048015503671331,train,Medium
3263,5,1,453.4,1,0.5095770293311201,test,Medium
3265,246,2,748.8,1,0.4992591817854123,train,Medium
3266,514,3,780.2,1,0.5237621685041965,train,High
3268,213,1,411.6,1,0.4815542572452661,train,Low
3269,549,1,873.65,1,0.5391399586493011,train,High
3272,17,2,862.55,1,0.4932943419249068,train,Low
3273,47,2,568.05,1,0.4810879168747747,train,Low
3274,354,1,303.25,1,0.4844687015689934,train,Low
3276,270,1,88.0,1,0.4453446528086204,test,Low
3277,108,2,667.05,1,0.5010767782012849,train,Medium
3278,434,1,215.5,1,0.4858465278317895,test,Low
3279,266,2,765.6,1,0.4834414216730265,test,Low
3280,105,1,152.05,1,0.3734463613390319,test,Low
3281,422,1,485.95,1,0.4607733551999636,test,Low
3282,135,5,2126.75,1,0.4972875508547927,train,Medium
3283,435,2,987.85,1,0.5374529364374694,train,High
3284,443,1,121.6,1,0.4592181229297305,train,Low
3286,550,1,358.75,1,0.5302263706960492,train,High
3287,126,3,881.6,1,0.4981379644010993,train,Medium
3288,110,4,1356.0,1,0.5107054319198719,test,Medium
3289,554,1,372.4,1,0.4981257077064845,train,Medium
3290,89,2,723.3,0,0.5010767782012849,train,Medium
3292,36,3,901.85,1,0.5342602905951247,train,High
3294,626,1,193.9,1,0.5014148030688875,train,Medium
3295,12,2,481.45,1,0.5208815046841037,train,High
3298,55,4,1586.75,1,0.5273591300454983,train,High
3299,184,4,1272.7,0,0.5020746402051353,train,Medium
3300,116,3,1233.4,1,0.5106499197639368,test,Medium
3301,261,2,754.95,1,0.4819948395284974,train,Low
3302,178,3,1452.6,1,0.5172144949333812,train,High
3304,180,1,362.35,1,0.5170536851097377,train,High
3305,261,1,185.0,1,0.4741049019904015,train,Low
3306,36,3,1524.8,0,0.5245834330948336,train,High
3307,600,1,225.6,1,0.4988359171210372,train,Medium
3308,518,2,722.9000000000001,1,0.4890730024105882,train,Low
3309,133,2,687.45,1,0.4719453428384464,train,Low
3311,431,1,246.3,1,0.4729076646484973,train,Low
3312,4,2,851.45,1,0.5271042679626284,train,High
3313,210,2,746.6500000000001,1,0.5025599141296785,train,Medium
3314,120,4,1548.25,1,0.5093637011167547,train,Medium
3315,383,1,63.0,1,0.4670123574803741,train,Low
3316,228,1,491.05,1,0.4671146445008591,train,Low
3317,91,3,1151.25,1,0.5025966832457021,train,Medium
3318,56,2,978.4,1,0.4881173756460307,train,Low
3319,89,1,334.5,1,0.4448949167445087,train,Low
3320,144,3,1416.2,1,0.5107054319198719,train,Medium
3321,268,1,392.05,1,0.5104950085831991,train,Medium
3322,292,2,696.85,1,0.5039534857995365,train,Medium
3323,615,1,661.3,1,0.4977496340856167,train,Medium
3324,311,4,2003.15,1,0.5143724883739125,test,High
3325,586,1,280.4,1,0.5296579254319753,train,High
3326,10,3,1253.0500000000002,0,0.5346126884207791,train,High
3327,449,2,1312.9,1,0.5133935496580981,train,High
3328,422,1,358.9,1,0.4770007235936218,train,Low
3329,158,2,1130.9,1,0.5267622393360161,train,High
3330,87,1,323.2,1,0.4953968169094943,train,Medium
3332,618,1,433.75,1,0.5160275302461971,train,High
3333,670,1,475.45,1,0.5020087901445865,test,Medium
3334,331,2,704.5999999999999,1,0.4942077007613095,train,Low
3335,84,1,486.85,0,0.4947346683955552,test,Medium
3338,188,2,540.45,1,0.4889650597728666,train,Low
3340,562,1,525.7,1,0.520211770557033,train,High
3341,77,1,285.6,0,0.4754437568809122,train,Low
3343,70,3,1018.25,1,0.4768316983718053,test,Low
3344,24,1,270.65,0,0.4599895826959728,train,Low
3345,276,1,247.5,1,0.4959422778520208,train,Medium
3346,51,1,220.05,1,0.4824012849293681,train,Low
3347,383,1,491.45,1,0.5048015503671331,train,Medium
3348,589,1,297.95,1,0.5234125762623952,train,High
3353,153,3,1408.85,0,0.4890819583333418,train,Low
3354,191,2,957.05,1,0.497912413498604,train,Medium
3355,281,2,547.1,1,0.5135250188716313,train,High
3356,316,2,501.5,1,0.5186352670496369,train,High
3357,551,1,323.8,1,0.5097438349684575,train,Medium
3359,334,1,283.25,1,0.4878019380036589,train,Low
3360,592,1,77.0,1,0.4632774012381691,test,Low
3361,518,1,192.15,1,0.5325108068783299,train,High
3363,2,4,1196.2,1,0.5478422702206217,train,High
3364,49,2,1005.8,1,0.5167915021183619,train,High
3365,574,1,500.65,1,0.5464740892180076,test,High
3366,143,2,396.5,1,0.4990865152953153,train,Medium
3367,511,1,554.5,1,0.4992023550442843,train,Medium
3368,246,3,1093.4,1,0.5118396721445732,train,Medium
3369,130,2,974.4,0,0.5131169292773715,train,Medium
3370,411,2,646.55,1,0.4806059530728347,train,Low
3371,192,2,641.7,1,0.4967892666863622,train,Medium
3372,209,1,322.15,1,0.4961413531708205,train,Medium
3373,356,2,1011.55,1,0.5122486552031267,train,Medium
3374,190,3,797.7,1,0.4635025053038614,train,Low
3375,613,1,696.9,1,0.5348571996118779,train,High
3377,31,1,522.55,1,0.5119718025331004,train,Medium
3379,272,2,846.95,1,0.5067239984409685,test,Medium
3381,24,2,882.4,1,0.4847025642126785,train,Low
3382,266,1,273.1,0,0.5083169539963198,test,Medium
3383,327,2,325.9,1,0.4967903626357708,test,Medium
3385,625,1,193.45,1,0.5168747416721423,train,High
3386,107,1,485.1,1,0.5138038864123271,train,High
3387,39,3,1068.4,1,0.4810879168747747,train,Low
3388,123,1,360.75,1,0.4946583231702582,train,Medium
3389,28,2,617.5,1,0.4956333626999705,train,Medium
3390,32,3,1430.4,1,0.4969892999795018,train,Medium
3391,93,2,977.0,1,0.4737537306760372,train,Low
3392,314,2,851.15,1,0.5196553164134698,train,High
3393,184,2,756.65,1,0.4550081374573557,train,Low
3394,454,2,798.5,1,0.4849817448619647,train,Low
3395,94,3,982.7,1,0.4720229014086005,train,Low
3396,407,1,379.6,1,0.4714881561308641,train,Low
3401,199,1,416.95,1,0.4947175611424497,train,Medium
3402,362,3,1118.8,1,0.4955751637950048,train,Medium
3403,398,3,815.55,1,0.5006906316972679,train,Medium
3405,317,1,621.7,1,0.4915958687189838,train,Low
3406,75,1,534.1,1,0.513699395995161,test,High
3408,123,4,1493.9499999999998,1,0.4861979812544793,train,Low
3410,354,1,291.45,1,0.4805699533766625,train,Low
3411,110,1,225.45,1,0.4809610978278545,train,Low
3413,646,1,529.9,1,0.5364199154896698,train,High
3414,193,5,2428.1000000000004,1,0.4941438651817698,train,Low
3415,59,1,412.45,1,0.4930658450397957,train,Low
3416,193,3,1236.75,1,0.4852045135884409,test,Low
3417,292,1,617.5,1,0.5282489457094229,train,High
3418,528,1,208.3,0,0.4981257077064845,train,Medium
3419,154,2,889.4000000000001,1,0.5252628476054556,train,High
3420,29,4,1692.95,0,0.5062322876042846,train,Medium
3422,273,2,802.85,1,0.4880792406386778,train,Low
3423,11,2,671.1,1,0.5119678745793665,train,Medium
3424,231,3,1453.75,1,0.4991796663458958,test,Medium
3425,177,1,431.55,1,0.5051083824323223,train,Medium
3426,152,2,839.4499999999999,0,0.4930415292759732,test,Low
3427,18,3,798.8,1,0.5300620706692311,train,High
3428,204,1,253.0,1,0.4921801714825579,train,Low
3429,487,1,165.9,1,0.4057478280140499,train,Low
3431,123,3,1696.4,1,0.5349201976728963,train,High
3432,313,2,718.8,1,0.5181654889383831,train,High
3433,288,2,896.65,1,0.497179370607368,train,Medium
3434,45,2,1216.0,1,0.5118758829219276,test,Medium
3435,629,1,313.35,1,0.4863932069354464,train,Low
3436,136,2,705.95,1,0.501924900136904,train,Medium
3437,303,3,1261.0,1,0.4858291518291973,train,Low
3440,96,4,1804.2,1,0.531302033497099,train,High
3442,125,2,852.3,1,0.495636422800998,test,Medium
3443,49,3,1478.65,1,0.4983315420219512,train,Medium
3444,214,3,1477.95,1,0.5106499197639368,train,Medium
3445,63,1,231.05,1,0.4922005711428009,test,Low
3446,566,2,673.45,1,0.4718046292011665,train,Low
3448,92,2,813.9,1,0.4956236668923605,train,Medium
3449,304,2,857.1500000000001,1,0.4879278427560297,train,Low
3451,151,2,590.15,1,0.4896365490064008,train,Low
3452,58,2,526.2,1,0.5000417034940544,train,Medium
3453,109,3,973.0,1,0.4872188064858048,train,Low
3454,220,1,389.1,1,0.4625327086105462,test,Low
3455,88,2,343.20000000000005,1,0.515761890390406,train,High
3457,2,1,491.05,1,0.5185810849243865,train,High
3459,30,2,982.5,1,0.5195531834922118,train,High
3460,650,1,126.2,1,0.4557830597568392,train,Low
3461,405,3,911.25,1,0.5309797004554978,train,High
3462,182,2,724.55,1,0.5010767782012849,train,Medium
3463,421,2,1342.05,0,0.5016985365588125,train,Medium
3464,121,3,1144.35,1,0.5103251787180494,train,Medium
3465,370,2,352.85,1,0.5135250188716313,train,High
3466,533,1,431.55,0,0.5203368211611202,train,High
3467,74,3,1516.6999999999998,1,0.530967517344072,test,High
3468,86,1,412.6,1,0.4939138308346024,train,Low
3470,115,1,359.15,1,0.4946583231702582,train,Medium
3471,15,2,812.45,1,0.5103650492425448,train,Medium
3472,22,1,346.3,1,0.5054407181076113,train,Medium
3474,54,3,1148.7,1,0.4895997947653113,train,Low
3476,474,1,432.2,1,0.508145211659186,train,Medium
3477,460,3,1017.65,0,0.5305492855026887,test,High
3478,622,1,598.15,1,0.5108011366297829,train,Medium
3479,129,1,355.55,0,0.4903004332396824,train,Low
3480,5,1,367.5,0,0.4940709313405314,test,Low
3481,518,1,178.05,1,0.5061300208210419,train,Medium
3482,129,1,379.15,1,0.4801142532765611,train,Low
3483,452,2,682.75,1,0.5211360040822915,test,High
3485,189,5,1799.35,0,0.5162849941656922,train,High
3486,425,1,342.35,0,0.4909799036989769,test,Low
3487,223,3,1043.8,0,0.4751920946221785,train,Low
3490,72,1,450.45,1,0.5079227226569893,train,Medium
3491,211,3,1133.65,1,0.4978138577397622,train,Medium
3492,615,1,568.1,1,0.5207998181565747,train,High
3494,380,3,1026.7,0,0.5161473191995802,test,High
3495,46,5,1999.5,1,0.5230107969861648,train,High
3496,309,2,575.95,1,0.4899207577402041,train,Low
3499,160,3,1369.35,0,0.5225983142458928,train,High
3500,95,3,975.25,1,0.4679395009018865,train,Low
3501,122,3,1414.45,1,0.515761890390406,train,High
3502,111,1,148.7,1,0.4551095057373515,train,Low
3503,478,1,535.05,1,0.5468019198744511,test,High
3504,68,1,472.05,1,0.4983106020856527,train,Medium
3505,397,1,279.9,1,0.4809938710136385,train,Low
3506,48,1,245.65,0,0.5214652493965818,train,High
3507,117,1,356.55,1,0.4824422669568945,test,Low
3508,523,1,587.05,1,0.5468019198744511,train,High
3510,99,1,296.25,1,0.4666160752122196,train,Low
3511,89,3,1133.55,1,0.5436074826352876,train,High
3513,47,5,1849.05,1,0.4991320134969268,train,Medium
3515,331,3,1032.0,1,0.5073105189960149,train,Medium
3517,324,3,1622.4,1,0.5216209411499894,train,High
3518,185,2,772.8,1,0.5085434139697443,test,Medium
3520,117,2,592.05,1,0.4932517269110114,train,Low
3521,70,3,1541.15,0,0.5105353491091955,train,Medium
3523,572,1,575.5,1,0.5346396091451122,train,High
3524,52,4,1169.4,1,0.5281129657004238,train,High
3525,259,1,285.0,1,0.4959422778520208,train,Medium
3527,186,2,1487.15,1,0.5381452477675779,train,High
3528,184,2,1002.1,1,0.5234510386583388,train,High
3529,95,2,1139.4,1,0.5228227222686346,train,High
3530,104,2,722.3,1,0.5111729163166745,test,Medium
3537,383,2,588.0,1,0.4786375737384346,train,Low
3539,274,1,179.0,1,0.4939911946592065,train,Low
3540,277,1,449.4,1,0.531990486851899,train,High
3541,461,1,209.5,1,0.530246700714626,train,High
3542,612,1,262.2,1,0.5030303113307782,train,Medium
3543,112,5,1543.25,1,0.5095028988407834,train,Medium
3546,140,2,399.95,1,0.4878019380036589,train,Low
3548,645,1,597.1,1,0.5217567342287023,test,High
3550,238,2,1287.95,1,0.5118758829219276,train,Medium
3551,149,1,407.5,1,0.5127531745371685,test,Medium
3552,376,2,590.55,1,0.5334739940481699,test,High
3554,268,2,699.4,1,0.4839611830619211,test,Low
3555,45,2,1166.0,1,0.5268764408306775,train,High
3556,187,2,434.3,1,0.4929955062052986,train,Low
3558,557,1,173.25,1,0.4900941061750056,train,Low
3559,141,2,870.1500000000001,1,0.4570735944825116,train,Low
3560,133,2,828.2,1,0.5004906700997332,train,Medium
3561,87,1,438.6,1,0.519955939112596,train,High
3563,262,1,83.0,1,0.4404334461452328,test,Low
3564,215,2,495.85,1,0.4903801310127468,train,Low
3565,317,1,207.45,1,0.4838343128145134,train,Low
3566,357,2,591.75,1,0.4705079957200973,train,Low
3567,516,2,1130.8,1,0.5212909421283627,train,High
3568,191,3,1440.45,1,0.4931224836956921,train,Low
3569,421,3,872.3499999999999,1,0.5081862334580984,test,Medium
3570,13,4,1675.25,1,0.5395900750187129,train,High
3571,282,1,208.95,0,0.4974253681546105,test,Medium
3572,79,3,1311.1,1,0.5027941898702455,train,Medium
3573,174,1,504.6,1,0.5188118132611664,train,High
3574,105,2,778.1500000000001,1,0.5172473769555314,train,High
3575,110,4,1845.8,1,0.516609131226501,train,High
3576,20,3,1139.8,1,0.5047610550044025,train,Medium
3578,617,1,201.6,1,0.4978685284035228,train,Medium
3580,650,1,380.1,1,0.5153931304162231,train,High
3581,225,1,439.75,1,0.5070606195539884,train,Medium
3582,20,3,1426.15,1,0.493545649420081,test,Low
3583,114,3,1048.15,1,0.5010016885468421,train,Medium
3584,614,1,473.35,1,0.4879278427560297,test,Low
3585,631,1,237.75,0,0.5126071640697271,train,Medium
3586,392,3,1304.85,1,0.5371224122595711,train,High
3587,175,2,729.1,1,0.504247494307109,train,Medium
3588,588,1,543.7,1,0.5336499651374803,train,High
3589,252,1,446.4,0,0.4904065689941865,train,Low
3590,517,1,424.0,0,0.4900941061750056,train,Low
3591,29,2,851.35,0,0.4949619143167143,train,Medium
3593,140,2,726.95,1,0.5019738166354357,train,Medium
3596,283,2,1088.45,1,0.5491273858748618,train,High
3597,182,1,281.4,1,0.4754437568809122,test,Low
3598,174,2,417.7000000000001,1,0.4676042236074595,test,Low
3599,3,1,379.1,1,0.5121947581054799,test,Medium
3600,288,3,1149.95,1,0.5186352670496369,test,High
3601,49,3,1088.5,1,0.4943027989377688,train,Low
3602,62,3,1048.9,0,0.5010767782012849,test,Medium
3603,173,1,542.4,1,0.5159865356773525,train,High
3605,410,2,892.25,1,0.4704527211863852,test,Low
3606,21,1,511.4,1,0.5161009487682178,test,High
3607,372,1,340.45,1,0.4698035453108886,train,Low
3608,200,1,110.25,0,0.4088329749402109,test,Low
3609,0,1,331.75,1,0.5000836647309249,train,Medium
3610,349,2,539.9,1,0.5022949084301435,train,Medium
3611,367,1,365.5,1,0.482987116873755,train,Low
3613,24,3,1391.75,1,0.4868150750935341,train,Low
3614,57,2,1311.5,0,0.5026097483172248,train,Medium
3615,121,2,786.7,1,0.5001582975768212,train,Medium
3616,300,4,1147.75,1,0.5207819675399497,train,High
3617,187,5,2536.8,1,0.520032333538426,train,High
3618,371,1,308.25,1,0.4959422778520208,train,Medium
3619,200,1,425.05,0,0.4801142532765611,train,Low
3621,266,1,321.35,1,0.5119774151173841,test,Medium
3622,393,2,778.75,1,0.5099562122958149,test,Medium
3623,43,2,948.3,0,0.5016004160049354,train,Medium
3624,533,1,203.25,1,0.5132258754214497,train,High
3625,318,3,1985.4,1,0.5570408730951174,train,High
3626,345,2,1046.35,0,0.5282694027674407,train,High
3628,190,2,997.5,1,0.4964039296968924,train,Medium
3629,9,2,848.05,0,0.5086881636818595,test,Medium
3630,108,5,2006.3,1,0.4999801424057076,train,Medium
3631,16,2,947.8,1,0.5236894004871592,train,High
3632,313,1,504.4,1,0.504538382617219,train,Medium
3633,38,5,2052.25,1,0.4983315420219512,train,Medium
3634,127,1,497.75,1,0.5010767782012849,train,Medium
3635,112,3,1159.5,1,0.5147685363604915,test,High
3637,230,2,754.0500000000001,1,0.4835894906535811,train,Low
3638,187,4,1813.3,1,0.5113462460731736,train,Medium
3639,368,1,352.35,1,0.4844687015689934,train,Low
3640,72,1,207.0,1,0.4945487730706255,train,Low
3643,94,5,2051.1,1,0.4937367541162297,train,Low
3644,92,3,1301.9,0,0.4775757571804929,train,Low
3645,59,2,762.85,1,0.4907491347175259,train,Low
3646,255,3,1123.75,1,0.4855985728838289,train,Low
3648,30,3,1259.95,1,0.4631563608097301,train,Low
3650,316,3,1399.9,1,0.5067034067325035,train,Medium
3651,159,2,604.8,1,0.5100640617039134,train,Medium
3652,308,1,763.0,1,0.5240157258988093,test,High
3653,243,2,788.85,1,0.4887011020189323,train,Low
3654,555,1,399.6,1,0.535340423969312,train,High
3655,95,4,855.85,1,0.4898634315362739,train,Low
3656,155,3,1533.35,1,0.530967517344072,train,High
3657,277,2,1119.8,1,0.5155112996143455,train,High
3658,393,1,245.5,0,0.5075609821474718,train,Medium
3659,393,3,1232.25,1,0.5126071640697271,train,Medium
3660,80,2,824.5,1,0.4895488303751854,train,Low
3661,293,3,913.7,1,0.490992900656246,train,Low
3663,491,1,517.15,1,0.5389206800824485,train,High
3665,107,2,573.9,1,0.4829551746481286,train,Low
3666,35,2,548.45,0,0.504875279120073,train,Medium
3667,436,2,1094.75,1,0.5263268653817625,train,High
3668,154,1,492.5,1,0.5171076174658411,train,High
3670,297,2,1013.65,1,0.5539879873833783,train,High
3671,213,5,2393.2,1,0.4819348867926376,test,Low
3673,29,3,795.95,1,0.5103251787180494,test,Medium
3674,87,1,236.3,1,0.467207467957193,train,Low
3675,119,2,1104.75,1,0.5039929204592335,train,Medium
3676,593,1,513.0,1,0.5057305029142122,train,Medium
3677,432,2,924.85,1,0.5299891155894153,train,High
3678,557,1,555.5,1,0.5133935496580981,test,High
3679,167,4,2284.4,1,0.501434560784731,train,Medium
3680,217,1,311.3,1,0.4930658450397957,test,Low
3681,190,2,1017.35,1,0.5016617128133493,train,Medium
3682,558,2,1305.3,1,0.5340154229202934,train,High
3684,368,1,331.15,1,0.4974253681546105,test,Medium
3687,0,2,580.85,1,0.5017496530203028,train,Medium
3688,586,1,591.85,1,0.5321732356663746,train,High
3689,494,1,573.3,1,0.5397635587081882,train,High
3690,51,6,2305.6,1,0.5001535601014223,train,Medium
3691,61,2,929.8,1,0.501924900136904,train,Medium
3692,444,1,245.7,1,0.5425357446356942,train,High
3693,98,2,614.35,1,0.4671146445008591,test,Low
3695,549,1,154.1,1,0.4700467928679074,train,Low
3696,279,2,961.3,0,0.4890730024105882,train,Low
3697,203,2,656.4,1,0.4834414216730265,test,Low
3698,90,6,2093.35,1,0.5106499197639368,train,Medium
3699,81,1,576.0,0,0.5031038029511832,train,Medium
3701,272,3,884.7,1,0.4900941061750056,train,Low
3702,583,1,516.7,1,0.5321732356663746,train,High
3703,187,3,1577.75,1,0.5254294412546497,test,High
3704,198,1,474.75,0,0.495636422800998,train,Medium
3705,55,2,1004.65,1,0.509181860778598,train,Medium
3706,117,2,567.0,1,0.5050531027686743,train,Medium
3707,254,2,765.4,1,0.5191106343319994,train,High
3709,241,3,1209.9,1,0.515761890390406,train,High
3710,190,1,479.95,1,0.5134490673675087,train,High
3711,116,2,1177.1,1,0.5353669952483057,train,High
3712,391,2,1050.1,1,0.505386428652136,train,Medium
3714,215,2,588.45,1,0.5279774202547135,train,High
3716,262,2,804.0,1,0.4884734193105053,train,Low
3718,303,3,1561.0,1,0.4849700188974122,train,Low
3719,51,3,992.35,1,0.5111729163166745,test,Medium
3721,392,1,434.7,1,0.5105154042140106,train,Medium
3722,70,2,1094.8,1,0.5212299250105171,test,High
3723,489,2,562.1500000000001,1,0.513187618938526,train,Medium
3724,27,5,1811.9,1,0.468594457082612,train,Low
3725,409,1,505.65,1,0.5143017312908914,train,High
3728,270,2,1062.8,1,0.5117453081567777,test,Medium
3729,422,1,568.05,1,0.5150533787842874,train,High
3730,79,1,294.25,1,0.4801142532765611,train,Low
3731,553,1,315.0,1,0.5194821643459053,test,High
3732,260,2,1077.6999999999998,0,0.5043112462006877,train,Medium
3733,47,4,1993.3,1,0.5167823555660689,train,High
3734,112,3,1090.45,1,0.493010570385579,test,Low
3735,7,2,1032.3,1,0.550507289522285,test,High
3736,434,2,619.55,1,0.5011144202443025,train,Medium
3737,588,2,782.0,1,0.5014148030688875,train,Medium
3738,84,2,1095.05,1,0.5260520594264834,train,High
3739,154,3,1314.6,1,0.4870455036459979,train,Low
3740,24,2,681.35,1,0.5024030896018641,train,Medium
3741,56,2,519.5999999999999,1,0.4888976123548604,train,Low
3745,450,1,374.65,1,0.4926857528751238,train,Low
3746,621,1,864.85,1,0.5497235294774876,train,High
3747,320,1,365.4,1,0.4838343128145134,train,Low
3748,14,2,687.5,1,0.5083769968873313,train,Medium
3751,234,2,929.8,1,0.4889650597728666,train,Low
3754,95,1,187.95,0,0.4917238841470985,train,Low
3755,411,1,633.85,1,0.5082480877127479,test,Medium
3757,396,3,1453.9,1,0.5140482623110476,test,High
3758,363,1,439.45,1,0.5079227226569893,train,Medium
3759,208,3,1096.95,1,0.5147685363604915,train,High
3760,283,3,875.15,1,0.534166483541806,train,High
3761,14,2,604.9,1,0.5191965571097343,train,High
3762,28,2,814.35,0,0.4826688590808537,train,Low
3764,223,3,1087.65,1,0.5108970981590641,train,Medium
3765,90,1,518.35,1,0.5025098276317339,train,Medium
3767,222,1,433.45,0,0.5007680200806447,train,Medium
3768,614,1,478.5,1,0.514545761049545,train,High
3770,7,2,805.1,0,0.4948428625892991,train,Medium
3771,138,2,806.95,1,0.4705079957200973,train,Low
3773,87,2,646.8,1,0.4806157608102352,train,Low
3774,317,1,531.9,1,0.5298401781036608,test,High
3776,274,2,1123.6,1,0.5282489457094229,train,High
3777,19,3,1142.7,1,0.5442046482075287,train,High
3778,110,1,818.05,1,0.5348495129897461,train,High
3779,129,1,586.75,1,0.5154665548118411,train,High
3780,190,1,328.65,1,0.481595234267449,train,Low
3781,67,4,1131.0,1,0.4861979812544793,test,Low
3782,473,2,696.75,0,0.4635025053038614,train,Low
3784,53,2,731.95,1,0.4967348469631342,train,Medium
3785,365,2,713.0,1,0.5341867928460424,train,High
3786,135,2,433.7000000000001,1,0.5022296756250291,train,Medium
3787,328,1,140.85,1,0.4651969943634815,test,Low
3788,282,3,1326.55,0,0.504332434859808,train,Medium
3790,341,2,496.2000000000001,1,0.5186352670496369,train,High
3791,343,2,935.1,1,0.5174909966775046,train,High
3792,219,3,924.6,1,0.4800590555961196,test,Low
3793,486,1,523.75,1,0.5173597097580696,train,High
3795,372,1,228.05,1,0.4959422778520208,train,Medium
3796,13,3,1223.75,1,0.5065077360418169,train,Medium
3797,75,2,784.5,1,0.4806059530728347,train,Low
3798,607,3,2144.1,1,0.5482306129958681,train,High
3799,25,3,691.75,1,0.5104996875769554,train,Medium
3800,194,2,302.75,0,0.4754437568809122,train,Low
3801,327,2,484.4,1,0.5186352670496369,train,High
3802,551,1,246.55,1,0.5180499462974266,train,High
3803,94,4,1493.5,0,0.4868150750935341,train,Low
3804,472,1,534.45,1,0.5331632720242775,train,High
3805,375,1,647.4,1,0.5305890408696174,train,High
3806,150,4,1444.3,0,0.5111729163166745,train,Medium
3809,200,2,638.45,1,0.5016004160049354,train,Medium
3810,11,3,1169.65,0,0.4923575594742326,train,Low
3811,252,1,606.65,1,0.5167532684632731,test,High
3812,287,1,416.0,1,0.5083169539963198,test,Medium
3813,461,1,429.55,1,0.5171665029292754,train,High
3814,128,1,262.5,1,0.4809610978278545,train,Low
3815,581,1,604.85,1,0.5379322718778509,train,High
3816,59,3,1222.25,1,0.4827857912120827,train,Low
3817,0,2,770.15,1,0.5137566948275868,train,High
3818,223,2,849.55,1,0.490888072205359,train,Low
3820,374,1,280.1,1,0.4974253681546105,train,Medium
3823,21,4,1448.35,0,0.4859484072099007,train,Low
3825,406,1,707.1,1,0.5282900840827643,train,High
3826,4,1,287.7,1,0.4940709313405314,train,Low
3828,163,3,1577.65,1,0.4997410551344619,train,Medium
3829,186,3,1587.65,1,0.5136967136533678,train,High
3830,198,3,1277.2,1,0.515761890390406,train,High
3831,483,2,855.45,1,0.5059783336743889,train,Medium
3832,132,3,1141.85,1,0.5120209852386977,test,Medium
3833,255,1,292.35,1,0.4801142532765611,train,Low
3834,135,3,1060.5,1,0.5025966832457021,test,Medium
3836,126,3,1517.1,1,0.5306438666114955,train,High
3837,19,2,537.15,1,0.5070509851220926,train,Medium
3839,101,2,954.35,1,0.4932517269110114,train,Low
3841,481,2,522.9,1,0.4824661856065337,train,Low
3842,457,1,439.75,1,0.4856597072084279,train,Low
3843,215,2,789.6,1,0.5052363977688943,train,Medium
3844,56,2,621.75,1,0.4966548490726846,train,Medium
3845,39,3,873.5,1,0.5134490673675087,test,High
3846,588,1,262.2,1,0.5292356053977224,train,High
3847,599,1,284.1,0,0.4814990473408403,train,Low
3848,78,1,682.3,1,0.5475712041490286,train,High
3849,144,3,861.9,1,0.5134490673675087,test,High
3850,382,2,771.5,1,0.4662062343892291,test,Low
3851,14,3,1356.7,1,0.5278400621615637,train,High
3852,166,1,392.8,1,0.4801142532765611,train,Low
3854,86,2,672.2,1,0.5010064260035979,test,Medium
3855,286,2,612.1,0,0.5263950483491984,train,High
3856,54,5,2033.25,0,0.4985700103360819,train,Medium
3857,244,3,1170.55,1,0.4861979812544793,train,Low
3858,548,1,523.95,1,0.5094258200740776,test,Medium
3859,196,2,773.55,1,0.5024485316780423,test,Medium
3860,145,4,1759.55,1,0.4983315420219512,train,Medium
3861,474,2,1361.3,0,0.5453398520904355,train,High
3862,253,3,1044.6,1,0.4810879168747747,train,Low
3863,206,4,1417.5,1,0.5287999081076975,test,High
3864,188,1,98.75,1,0.418004330241574,train,Low
3865,497,1,594.4,1,0.5504710831384302,train,High
3866,131,1,269.85,1,0.4801142532765611,train,Low
3867,28,3,1078.4,1,0.4920672694393735,train,Low
3868,31,2,909.45,1,0.4962660461804641,test,Medium
3869,365,2,1273.9,1,0.4916945841579394,train,Low
3870,227,1,348.4,1,0.4930658450397957,train,Low
3871,386,1,508.9,1,0.5282489457094229,train,High
3872,472,2,688.3,1,0.4900941061750056,train,Low
3873,38,1,171.55,0,0.4930658450397957,train,Low
3874,88,1,601.35,1,0.4929799449632316,train,Low
3875,626,2,775.5999999999999,1,0.4684013649825511,train,Low
3877,555,2,1171.95,1,0.4983503953450889,train,Medium
3878,0,2,537.7,1,0.5281160305513364,train,High
3879,80,1,430.15,0,0.4954388957502285,train,Medium
3880,260,2,852.5,1,0.5047476254676568,train,Medium
3881,125,4,1310.0,1,0.5024030896018641,test,Medium
3882,255,1,644.8,0,0.5056314164087524,train,Medium
3883,24,2,1128.65,1,0.5230343082436404,test,High
3885,209,3,1238.0,1,0.5131531994964469,train,Medium
3886,88,1,428.45,1,0.5199846420581229,train,High
3887,493,1,512.4,1,0.544736063560452,train,High
3888,642,1,233.2,1,0.5115726800453178,train,Medium
3889,17,2,926.2,1,0.5028405045294534,train,Medium
3890,11,2,917.4,1,0.5134342651279787,train,High
3891,195,3,1864.45,1,0.5073814022001661,train,Medium
3892,564,1,410.2,1,0.4915767634413487,train,Low
3893,465,2,884.8,1,0.5186217569383788,train,High
3894,124,4,1778.7,1,0.515761890390406,train,High
3895,392,1,230.65,1,0.4975349282341227,train,Medium
3897,227,1,211.1,1,0.4754437568809122,train,Low
3898,389,3,760.85,1,0.4757263525363568,train,Low
3900,542,1,491.0,1,0.5277214429289241,test,High
3901,106,2,860.85,1,0.5216059762848096,train,High
3902,189,2,684.7,1,0.503261831935051,train,Medium
3903,232,1,382.5,0,0.4930658450397957,train,Low
3904,31,3,938.25,1,0.4918261948310733,train,Low
3905,646,1,344.5,1,0.4875722074624726,train,Low
3906,657,1,535.55,0,0.4840793444150864,train,Low
3908,59,2,881.75,1,0.4971141385910763,train,Medium
3909,70,2,869.8,1,0.5036946588966806,train,Medium
3910,173,2,347.65,1,0.4754437568809122,test,Low
3911,36,2,794.9,1,0.4978138577397622,train,Medium
3912,607,2,1042.4499999999998,1,0.5190677726203677,train,High
3913,656,1,570.2,1,0.5174180083109182,train,High
3914,396,3,728.7,1,0.4890730024105882,test,Low
3916,490,1,210.3,1,0.5211360040822915,train,High
3919,106,2,315.1,1,0.515761890390406,train,High
3920,302,3,1048.5,1,0.5135250188716313,train,High
3921,290,2,809.05,1,0.5143724883739125,train,High
3922,238,4,1841.9,1,0.5106499197639368,train,Medium
3923,259,2,842.8,1,0.5039534857995365,test,Medium
3924,574,1,578.0,0,0.5428639235856905,test,High
3925,619,1,377.8,1,0.4849817448619647,train,Low
3926,54,2,1161.65,0,0.5146191929214258,train,High
3927,104,4,1367.6999999999998,1,0.4978138577397622,train,Medium
3928,232,2,638.4,1,0.5010767782012849,train,Medium
3929,318,2,586.75,1,0.4849817448619647,train,Low
3930,235,2,867.0999999999999,0,0.4985972764639951,train,Medium
3931,486,1,654.2,0,0.5173597097580696,test,High
3932,520,2,997.9,0,0.5219825568072531,train,High
3933,645,1,565.0,1,0.5163976293226669,test,High
3934,217,1,187.45,1,0.4625327086105462,train,Low
3935,12,1,447.1,0,0.4940636417596001,test,Low
3936,250,4,1599.1,1,0.5115055136484908,test,Medium
3937,540,4,1564.3,1,0.490546740113488,train,Low
3938,19,3,1628.15,1,0.5553817949629971,train,High
3939,107,1,474.4,1,0.4932517269110114,train,Low
3940,443,2,750.4000000000001,1,0.5047282498717519,test,Medium
3941,16,6,2570.1,1,0.5144558750217493,train,High
3942,177,4,1280.7,1,0.4998514625587721,train,Medium
3943,151,1,195.9,1,0.4714623045431336,test,Low
3944,46,1,203.75,1,0.4921475638343566,train,Low
3946,217,1,435.1,1,0.5279774202547135,train,High
3947,254,1,272.65,1,0.5051083824323223,train,Medium
3949,98,2,1188.6,1,0.5375245023031273,train,High
3951,378,3,1211.4,1,0.4890730024105882,train,Low
3952,446,5,2327.05,1,0.4955751637950048,train,Medium
3953,455,3,576.45,1,0.4786375737384346,train,Low
3954,45,3,1098.0,0,0.5166170070212847,train,High
3955,49,1,194.6,1,0.4930658450397957,test,Low
3957,89,1,314.55,1,0.4795535439763061,test,Low
3958,19,1,529.75,1,0.5434386478378914,train,High
3959,190,3,1429.9,1,0.4983315420219512,train,Medium
3960,111,1,202.7,1,0.4933278166973815,train,Low
3962,244,1,749.75,1,0.5301608715886273,train,High
3963,111,2,921.25,1,0.5145989455036525,train,High
3964,35,1,609.7,1,0.5146191929214258,test,High
3966,389,1,371.8,1,0.4959422778520208,train,Medium
3967,515,1,425.85,1,0.4967086959881278,train,Medium
3968,3,2,763.3499999999999,1,0.521044246746943,train,High
3970,290,5,2064.2,1,0.5023688561144691,train,Medium
3971,309,1,274.0,1,0.4990180661554121,train,Medium
3972,493,3,935.95,1,0.5135250188716313,train,High
3973,183,2,941.75,1,0.478326296219666,train,Low
3974,61,3,995.55,1,0.4881173756460307,train,Low
3975,17,2,531.3499999999999,1,0.4904249995428256,train,Low
3976,650,1,468.3,0,0.4858291518291973,train,Low
3977,248,1,546.1,1,0.5093178632889335,train,Medium
3978,233,1,431.1,1,0.4869533265840408,train,Low
3979,284,2,789.75,1,0.5110083068822288,train,Medium
3980,366,2,921.7,1,0.5064625503068046,test,Medium
3981,470,1,317.15,1,0.5132258754214497,train,High
3982,521,1,810.65,1,0.498237019680999,train,Medium
3983,230,2,861.1,1,0.5025966832457021,train,Medium
3984,9,1,63.0,1,0.4512434802647482,test,Low
3985,0,3,1141.65,1,0.5086881636818595,train,Medium
3986,437,1,281.2,1,0.4997014347879447,train,Medium
3987,351,1,372.85,0,0.4881189629321213,train,Low
3990,210,3,1203.8,1,0.4861979812544793,train,Low
3991,27,1,180.65,1,0.5077715933334715,train,Medium
3992,151,1,271.75,1,0.4801142532765611,train,Low
3993,4,2,922.3,1,0.5201975597428804,train,High
3994,294,1,287.6,1,0.4611170980959638,train,Low
3995,27,2,629.0,1,0.4635025053038614,test,Low
3996,213,2,657.35,0,0.515761890390406,train,High
3997,426,2,826.2,1,0.4728230441637244,train,Low
3998,168,3,1032.9,1,0.5131169292773715,train,Medium
3999,316,1,263.5,0,0.4819555854497689,test,Low
4000,19,1,482.55,1,0.5111208626483775,train,Medium
4002,32,1,230.4,1,0.5051083824323223,train,Medium
4003,421,1,616.45,1,0.4959223112298947,test,Medium
4004,44,1,424.8,1,0.4961413531708205,train,Medium
4005,253,3,1057.95,1,0.5106499197639368,train,Medium
4006,184,5,1888.0,0,0.4882342651645476,train,Low
4007,39,3,1480.95,1,0.4997376739669897,train,Medium
4008,24,2,565.8,1,0.5066371141344792,train,Medium
4009,230,1,291.3,1,0.4876274588310244,test,Low
4011,566,1,381.8,1,0.4915767634413487,train,Low
4017,280,1,504.7,1,0.504538382617219,test,Medium
4018,92,2,805.8,1,0.4997345076538584,train,Medium
4021,30,1,181.6,0,0.5076191721387563,train,Medium
4022,56,2,914.2,0,0.5161733273106229,test,High
4023,13,3,983.9,1,0.4987465013356486,test,Medium
4024,110,2,882.2,1,0.502780895251571,train,Medium
4025,398,1,433.65,0,0.4844687015689934,test,Low
4026,321,1,352.9,1,0.4625327086105462,test,Low
4027,466,1,537.7,1,0.5389206800824485,train,High
4028,272,3,671.2,1,0.5316661704815773,train,High
4030,66,2,1071.0,1,0.5382717916625266,train,High
4032,538,1,390.9,1,0.5051063011969624,train,Medium
4033,295,5,2360.35,1,0.4890730024105882,train,Low
4034,162,2,707.7,1,0.5104996875769554,test,Medium
4035,38,4,1060.5,1,0.4993186682319658,train,Medium
4036,189,2,466.75,1,0.4926729987266824,test,Low
4037,11,5,2669.5,1,0.5475095051801976,train,High
4040,276,2,774.75,0,0.507131548903951,train,Medium
4042,339,1,698.95,1,0.5444759756746474,train,High
4043,2,1,478.85,1,0.5232676151206456,train,High
4044,8,1,303.25,1,0.4992355355466894,train,Medium
4045,302,3,1269.8000000000002,1,0.5306485901594736,train,High
4046,414,1,529.8,1,0.5082480877127479,train,Medium
4047,594,1,224.6,1,0.4849817448619647,test,Low
4049,39,1,322.75,1,0.4773530802521294,train,Low
4050,208,3,1268.25,1,0.5222765481274837,train,High
4052,120,2,794.3,1,0.5145989455036525,test,High
4053,63,2,929.15,1,0.4985700103360819,train,Medium
4055,217,2,516.95,1,0.5181597585433888,train,High
4056,418,1,284.35,0,0.4525065149587984,train,Low
4057,298,3,1382.8000000000002,0,0.4868258200896889,train,Low
4058,212,3,908.7,1,0.495636422800998,train,Medium
4060,69,2,457.0,1,0.468594457082612,train,Low
4062,260,2,831.3499999999999,1,0.5039534857995365,train,Medium
4063,341,1,266.35,1,0.4482626350922563,train,Low
4064,368,1,543.55,1,0.5129049445269336,train,Medium
4066,362,2,720.45,0,0.521304507547085,test,High
4067,375,1,564.3,1,0.5350475266384985,train,High
4068,629,1,88.0,1,0.3737208310990115,train,Low
4069,264,4,1290.7,1,0.5309797004554978,train,High
4070,240,4,2086.15,1,0.5085869229651554,train,Medium
4071,225,2,1005.4,1,0.5083290249796288,train,Medium
4072,147,2,838.8,1,0.5010767782012849,train,Medium
4073,298,2,818.15,1,0.5048015503671331,train,Medium
4074,560,1,243.6,1,0.5341867928460424,train,High
4075,328,1,421.05,1,0.482987116873755,train,Low
4076,645,1,549.2,1,0.5372923399737383,train,High
4077,234,1,395.5,1,0.4754437568809122,train,Low
4081,299,3,1039.8,1,0.4996963510392795,test,Medium
4082,442,1,489.65,1,0.5196553164134698,train,High
4086,126,1,357.0,1,0.4754437568809122,train,Low
4087,319,2,725.1,1,0.5190797741229981,train,High
4088,340,3,1414.85,1,0.5135250188716313,test,High
4090,562,1,471.8,1,0.5306485901594736,train,High
4091,514,1,218.05,1,0.477926174622667,train,Low
4092,365,2,685.3499999999999,1,0.4967030655625509,test,Medium
4094,591,1,414.3,1,0.5081126655212327,train,Medium
4097,263,1,469.35,1,0.4949619143167143,test,Medium
4098,568,1,84.75,0,0.4029454518795113,test,Low
4099,359,1,267.4,1,0.4967903626357708,test,Medium
4100,219,2,872.45,1,0.5010767782012849,train,Medium
4101,423,1,294.7,1,0.4653800260481486,train,Low
4102,172,1,764.45,1,0.5145391302851755,test,High
4103,120,4,1903.5,1,0.4991796663458958,train,Medium
4104,125,4,1443.0,0,0.5222561839550494,train,High
4105,60,3,1437.8000000000002,1,0.5034676595124516,test,Medium
4106,87,2,394.6,1,0.5103124272682582,train,Medium
4107,122,2,582.95,1,0.4964844997265272,train,Medium
4109,373,2,1332.65,1,0.5463776729231856,train,High
4110,109,1,112.0,1,0.4286980088564283,train,Low
4111,109,4,1232.25,1,0.5006076248836184,train,Medium
4112,383,1,311.85,1,0.4982734820416296,test,Medium
4113,75,2,810.4000000000001,1,0.5004906700997332,train,Medium
4114,264,7,2764.25,0,0.4890730024105882,train,Low
4115,158,3,1112.55,0,0.5176294808092777,test,High
4116,73,2,1022.35,1,0.4905960444898616,test,Low
4117,173,1,518.95,1,0.5222737172710704,test,High
4118,385,1,233.75,1,0.5083169539963198,test,Medium
4119,553,2,625.5999999999999,1,0.4864636910929198,test,Low
4120,252,1,532.45,1,0.527664668541656,test,High
4121,187,2,503.0,1,0.4912279737000265,train,Low
4122,339,2,506.05,1,0.4791901750397737,test,Low
4124,149,5,1476.4,1,0.4928915469570497,test,Low
4125,62,4,1484.5,1,0.493010570385579,train,Low
4126,511,2,1008.05,0,0.5270484681734392,test,High
4128,324,4,1940.65,1,0.5258807007268808,train,High
4129,180,1,311.6,1,0.4954388957502285,train,Medium
4130,200,1,109.75,1,0.4698489145838918,train,Low
4131,656,1,608.55,1,0.5412263021876401,train,High
4132,238,1,360.75,1,0.4930658450397957,train,Low
4133,488,2,1235.0,1,0.5051223683349471,train,Medium
4135,325,2,465.75,1,0.5196553164134698,train,High
4136,385,4,1395.35,1,0.5196758799752471,train,High
4137,85,4,1375.1,1,0.5396784090431784,train,High
4138,77,2,573.0999999999999,1,0.5042551415093156,train,Medium
4140,407,1,302.5,0,0.4743457752551646,train,Low
4141,102,2,783.95,1,0.5106499197639368,train,Medium
4142,541,1,344.45,1,0.468594457082612,train,Low
4143,41,4,1797.95,1,0.4974130766285576,train,Medium
4144,112,2,751.2,0,0.4825240035741416,train,Low
4145,314,1,578.2,1,0.5204421962716932,train,High
4146,301,2,841.45,1,0.4808694306282147,train,Low
4147,246,3,1690.5,1,0.5286993140314383,train,High
4148,288,2,1130.65,1,0.522900909128709,train,High
4151,179,1,126.05,1,0.483344768610443,train,Low
4154,464,1,237.75,1,0.4900941061750056,train,Low
4155,457,1,255.75,1,0.5006906316972679,train,Medium
4156,178,2,820.0999999999999,1,0.5291311653247311,test,High
4157,259,1,400.9,1,0.4967903626357708,test,Medium
4158,437,1,430.4,0,0.4881762368237126,train,Low
4160,477,1,262.6,1,0.5010224409404613,train,Medium
4162,447,1,651.1,1,0.520211770557033,train,High
4163,91,4,1944.85,0,0.5157824653187272,train,High
4167,358,2,1421.0,1,0.5410041313218691,train,High
4168,56,2,938.8,1,0.5346014849809917,train,High
4169,366,1,780.85,1,0.5377129844398618,test,High
4170,303,1,641.35,1,0.4834964693933768,train,Low
4171,439,2,948.9,1,0.5186352670496369,train,High
4172,34,3,831.05,1,0.4821080802782779,train,Low
4173,562,1,444.85,1,0.4942077007613095,test,Low
4175,194,2,745.2,1,0.524544623714422,train,High
4176,179,2,809.95,1,0.4909783160329838,test,Low
4177,169,2,779.25,1,0.4978138577397622,train,Medium
4178,486,1,527.7,1,0.5133440740862129,train,High
4179,173,1,243.6,1,0.4933278166973815,train,Low
4180,495,1,481.75,1,0.5237621685041965,train,High
4181,328,1,370.2,1,0.482987116873755,train,Low
4183,650,1,202.15,0,0.4635025053038614,test,Low
4184,132,4,1940.25,1,0.4958134006714744,train,Medium
4185,482,1,380.8,1,0.5211360040822915,test,High
4186,80,3,999.55,0,0.5131169292773715,train,Medium
4187,650,2,874.5,0,0.5135250188716313,train,High
4188,71,4,1657.9,1,0.4976899051739726,train,Medium
4189,435,2,949.55,1,0.5277214429289241,train,High
4191,400,1,380.7,1,0.5083169539963198,train,Medium
4192,262,1,533.9,1,0.5282489457094229,train,High
4195,208,2,688.9000000000001,1,0.4814990473408403,train,Low
4196,282,2,769.55,1,0.5114190479552295,train,Medium
4197,87,1,333.7,1,0.4917238841470985,train,Low
4198,344,2,603.3,1,0.5042582459961883,train,Medium
4199,333,2,539.7,1,0.5319971960298648,test,High
4200,121,3,1150.15,1,0.4931224836956921,train,Low
4201,92,2,838.25,1,0.4999801424057076,train,Medium
4203,74,2,902.05,1,0.4873665626669262,train,Low
4204,241,1,173.9,0,0.4982015874767633,train,Medium
4205,125,2,860.15,1,0.4915094424076294,train,Low
4206,382,1,258.25,1,0.4762977773965152,train,Low
4208,83,2,747.5,1,0.4997345076538584,train,Medium
4209,341,2,713.5999999999999,0,0.5089350297390391,train,Medium
4210,176,2,969.05,1,0.524220512320959,train,High
4211,174,2,945.6,1,0.4826688590808537,train,Low
4213,127,2,732.8499999999999,1,0.5010767782012849,train,Medium
4215,197,1,270.95,1,0.4939627408869412,train,Low
4217,179,2,768.2,1,0.5050955498490606,train,Medium
4218,344,1,551.3,1,0.5260895555059758,train,High
4220,197,5,1955.15,1,0.5273796637564251,test,High
4221,93,1,245.75,1,0.4866852102460915,train,Low
4223,276,2,575.05,1,0.5104996875769554,train,Medium
4224,152,1,453.7,1,0.4895587798454937,train,Low
4226,406,3,989.45,1,0.5251265055782595,test,High
4227,634,1,423.3,1,0.5143724883739125,train,High
4228,171,2,860.65,1,0.4875560851186616,test,Low
4229,130,3,937.65,1,0.5273794735449634,test,High
4230,439,1,325.15,0,0.4763754059682223,train,Low
4231,287,3,1472.85,1,0.5267301101393282,train,High
4233,106,1,369.4,0,0.4870462538782755,train,Low
4234,57,2,623.15,1,0.4985700103360819,test,Medium
4236,468,2,734.2,1,0.5241857373087203,train,High
4238,64,1,263.25,1,0.4917658352034409,train,Low
4239,650,1,310.95,1,0.493010570385579,test,Low
4241,623,1,340.2,1,0.5195027284662539,train,High
4242,166,2,776.7,1,0.4806059530728347,train,Low
4244,297,1,166.6,1,0.4208063655461693,test,Low
4245,453,1,84.0,1,0.506592225865903,train,Medium
4246,476,1,386.5,1,0.5219825568072531,train,High
4247,653,1,395.9,1,0.4978685284035228,train,Medium
4248,335,1,258.9,1,0.4965069199449806,train,Medium
4249,99,3,1331.6,1,0.5290846355498988,train,High
4251,15,1,357.6,1,0.5217409040841354,train,High
4252,91,2,943.4,0,0.4881173756460307,train,Low
4253,607,2,1197.7,1,0.5169211732361877,test,High
4254,206,3,1536.4,1,0.5186785141920865,train,High
4255,159,4,1443.95,1,0.5006076248836184,train,Medium
4256,632,1,199.55,1,0.4849817448619647,test,Low
4257,109,2,560.1,1,0.4825240035741416,train,Low
4258,461,1,398.8,1,0.5140478668079654,train,High
4259,191,1,639.25,1,0.5073382152099793,train,Medium
4260,107,2,1061.4,0,0.5106590724800034,train,Medium
4262,366,1,450.25,1,0.5155679043483105,train,High
4263,228,1,641.35,0,0.5282489457094229,test,High
4264,122,1,781.3,1,0.507791827264782,train,Medium
4265,191,1,477.95,1,0.4946404961203313,train,Low
4266,159,3,1015.75,1,0.499559566112406,train,Medium
4268,116,2,478.9,1,0.5066371141344792,train,Medium
4269,29,5,1443.0,1,0.5027941898702455,test,Medium
4271,32,2,768.55,1,0.4981257077064845,train,Medium
4272,20,2,1251.2,1,0.5237957634377285,train,High
4273,262,3,965.4,0,0.4693480892546462,train,Low
4274,18,3,1858.2,1,0.5284932741041172,train,High
4275,14,1,268.95,1,0.5097102404791565,test,Medium
4276,458,1,551.95,1,0.551195070793743,train,High
4277,94,2,964.7,1,0.5225983142458928,train,High
4278,288,3,1056.3,1,0.5115726800453178,train,Medium
4279,385,2,1233.4,1,0.5331632720242775,train,High
4280,47,2,552.1,1,0.5017703756228968,test,Medium
4281,452,1,298.75,1,0.5302263706960492,test,High
4282,165,2,941.3,1,0.5227138015909079,train,High
4283,366,1,381.2,1,0.4844687015689934,train,Low
4284,42,3,1832.05,1,0.5186785141920865,test,High
4285,31,4,1649.5,1,0.5341796999406907,train,High
4286,164,1,467.85,1,0.501924900136904,test,Medium
4287,75,1,454.3,0,0.4745995979690109,train,Low
4289,289,2,702.25,1,0.4938544346288886,train,Low
4290,2,2,514.95,1,0.5338484334728567,train,High
4291,478,1,321.0,1,0.4985470668886533,test,Medium
4294,520,1,501.45,0,0.5036393266490862,train,Medium
4295,161,3,1020.05,1,0.5028054431553983,test,Medium
4297,545,1,141.55,1,0.4572650032177754,test,Low
4298,481,1,608.55,1,0.5428639235856905,test,High
4300,120,1,129.5,1,0.3904725541312409,train,Low
4301,272,2,823.3,1,0.5039534857995365,train,Medium
4302,47,1,88.0,1,0.4789720339374404,train,Low
4303,92,2,698.2,1,0.4956236668923605,test,Medium
4304,520,1,268.1,0,0.4981257077064845,train,Medium
4307,15,3,1277.4,1,0.5020159439474139,train,Medium
4308,487,2,827.25,1,0.5042582459961883,train,Medium
4309,2,1,150.8,1,0.4533901376271579,train,Low
4311,8,5,2190.9,0,0.5066845962768498,train,Medium
4312,58,4,1624.1,0,0.5226791181739981,test,High
4313,205,3,995.8,1,0.484436753169543,test,Low
4314,314,1,489.35,1,0.5095131441668431,train,Medium
4315,471,2,1007.55,1,0.5179211003725377,train,High
4316,244,2,557.4,1,0.4847511889288047,test,Low
4317,650,1,548.25,1,0.4993719371714316,train,Medium
4318,165,1,477.4,1,0.519955939112596,test,High
4319,517,2,720.0,1,0.514545761049545,train,High
4320,95,3,1311.15,0,0.5120553320457915,train,Medium
4321,168,1,277.0,1,0.4929955062052986,test,Low
4322,57,1,320.95,1,0.4810202568538382,test,Low
4323,150,5,2401.0,0,0.4879278427560297,train,Low
4324,638,1,628.5,1,0.5310253294179667,train,High
4325,530,1,113.2,0,0.3785223532283348,train,Low
4326,10,2,676.25,1,0.5036885979516936,test,Medium
4327,277,2,881.1,1,0.4899604745777715,train,Low
4329,439,1,90.0,1,0.4506961065484384,train,Low
4330,239,1,404.85,1,0.4944784290382297,train,Low
4331,617,1,635.85,1,0.4948531715320038,train,Medium
4333,304,2,852.8,1,0.5135250188716313,train,High
4334,314,1,125.55,0,0.4189691120441686,train,Low
4337,23,2,794.95,1,0.5103124272682582,test,Medium
4338,58,4,981.2,1,0.4991320134969268,train,Medium
4339,279,2,827.6,1,0.4848084854293814,train,Low
4340,140,2,883.25,1,0.5144208417673934,train,High
4341,252,2,613.1,1,0.5062322876042846,test,Medium
4342,431,2,911.15,1,0.5129637900534314,test,Medium
4343,389,1,723.5,1,0.5037642479696637,test,Medium
4344,5,3,1065.3,1,0.5157728385631466,train,High
4345,547,1,413.7,1,0.5194821643459053,test,High
4346,208,2,582.35,1,0.5324768745347129,train,High
4347,245,2,516.25,1,0.5125185912397603,train,Medium
4349,180,3,1436.7,0,0.4821080802782779,test,Low
4350,161,2,874.25,1,0.478029850793353,train,Low
4351,109,3,1320.75,1,0.5262034111564424,train,High
4353,480,3,1009.7,1,0.5186352670496369,train,High
4357,194,4,1435.25,0,0.4879301494811143,train,Low
4358,304,1,609.1,1,0.5214772657214048,train,High
4359,50,1,436.8,1,0.5004906700997332,train,Medium
4360,561,1,277.2,1,0.508145211659186,train,Medium
4361,282,3,1361.45,1,0.5071239027030121,test,Medium
4362,345,1,661.55,1,0.5145391302851755,test,High
4363,275,2,661.0,1,0.472249174423125,train,Low
4365,156,2,510.6,1,0.501924900136904,train,Medium
4366,83,2,479.95,1,0.504247494307109,train,Medium
4367,451,2,940.9,1,0.5316661704815773,train,High
4369,452,1,627.9,1,0.5133935496580981,train,High
4370,10,3,856.6,1,0.5144558750217493,test,High
4371,11,1,191.7,0,0.5069652313350619,train,Medium
4372,136,4,1662.3000000000002,0,0.504247494307109,train,Medium
4373,206,3,999.9,1,0.4794693687465229,train,Low
4374,257,2,953.15,1,0.5122581073173648,train,Medium
4378,6,1,293.05,1,0.4762724885318218,train,Low
4379,110,3,1128.5,1,0.5222765481274837,train,High
4380,455,1,780.75,0,0.5726831609642771,train,High
4381,631,2,932.8,1,0.514545761049545,train,High
4383,462,1,599.65,1,0.5397635587081882,test,High
4384,22,1,586.0,1,0.5161009487682178,train,High
4386,74,2,724.3,1,0.5010767782012849,train,Medium
4387,390,1,358.65,1,0.5097996227522011,test,Medium
4388,277,2,743.0999999999999,1,0.5095131441668431,train,Medium
4389,268,1,309.3,1,0.482987116873755,train,Low
4390,490,1,637.35,0,0.5389206800824485,train,High
4391,559,1,398.0,0,0.5132003669386644,train,High
4392,168,2,341.2,1,0.5180944471804922,test,High
4393,2,3,812.9000000000001,1,0.5125844954994113,test,Medium
4394,500,1,336.35,1,0.5142211459222624,train,High
4395,222,1,792.3,1,0.5447190438761905,train,High
4396,351,1,319.8,1,0.4968392778927101,train,Medium
4397,5,2,1139.65,1,0.5290768841299559,test,High
4399,471,1,524.2,1,0.5407898333179915,train,High
4400,645,1,352.55,1,0.4858291518291973,train,Low
4401,667,1,697.25,1,0.5570408730951174,train,High
4403,5,2,573.45,1,0.5072464069641093,train,Medium
4404,8,2,1380.4499999999998,1,0.5174754842109878,train,High
4405,323,1,464.95,1,0.5155679043483105,train,High
4406,228,1,403.0,1,0.4801142532765611,train,Low
4409,103,3,1124.65,1,0.4788764053329163,train,Low
4410,228,3,1366.5,0,0.492698778965158,train,Low
4411,151,2,1085.15,1,0.4815312187214076,test,Low
4412,212,3,1198.15,1,0.4998514625587721,train,Medium
4413,193,2,427.5,1,0.4953968169094943,train,Medium
4415,8,2,601.75,1,0.5272705027558934,train,High
4416,220,3,1080.75,1,0.4788764053329163,train,Low
4417,500,1,193.3,0,0.5071239027030121,train,Medium
4418,1,3,1261.1,1,0.4754644848985438,test,Low
4420,307,2,778.0,0,0.490546740113488,train,Low
4422,488,2,812.8,1,0.4900941061750056,train,Low
4424,245,1,379.05,1,0.4815542572452661,train,Low
4425,25,1,333.8,0,0.4801142532765611,train,Low
4426,272,1,753.45,1,0.5383443377541619,train,High
4429,432,1,440.0,1,0.4972378612541024,train,Medium
4430,540,1,248.4,1,0.5211360040822915,test,High
4431,15,3,1261.95,0,0.5208815046841037,train,High
4433,7,2,604.65,1,0.4767616124482338,train,Low
4438,144,3,1303.15,1,0.491331521949944,train,Low
4439,366,2,706.35,1,0.468594457082612,test,Low
4440,160,2,663.2,0,0.4779963603424328,train,Low
4441,388,3,1448.75,1,0.5403701440625958,train,High
4442,219,2,610.1,1,0.5166297038939849,train,High
4443,499,1,493.5,1,0.5247361537083699,train,High
4444,546,1,515.1,1,0.5299717770384783,train,High
4445,349,3,1362.3,1,0.4747073151718053,train,Low
4446,173,1,340.2,1,0.4824012849293681,train,Low
4447,29,3,1237.65,0,0.515761890390406,train,High
4450,587,1,425.05,1,0.5351952037715698,train,High
4451,257,3,893.3,1,0.5020164377757736,train,Medium
4452,195,3,1060.4,1,0.516609131226501,train,High
4453,408,2,890.0,0,0.5246355139353777,train,High
4454,510,1,524.65,1,0.5036393266490862,train,Medium
4455,79,4,1799.7,1,0.5038861864794834,train,Medium
4456,643,1,398.8,1,0.4839611830619211,train,Low
4458,53,1,688.9,1,0.5547346576049935,train,High
4459,147,2,899.75,0,0.518263689456902,train,High
4460,569,1,415.75,1,0.5056707641231847,train,Medium
4461,261,2,336.1,1,0.5194821643459053,test,High
4462,112,1,381.2,1,0.481595234267449,test,Low
4464,179,2,503.5,1,0.4909783160329838,train,Low
4465,338,1,137.35,1,0.4056891338096102,test,Low
4467,421,3,1321.5,1,0.4995315876261861,train,Medium
4468,249,3,1116.1999999999998,1,0.516609131226501,train,High
4469,38,2,878.1500000000001,1,0.4997345076538584,train,Medium
4470,315,1,238.15,1,0.482987116873755,train,Low
4471,139,1,583.4,1,0.5260895555059758,train,High
4472,207,2,909.4,1,0.518671976683978,test,High
4473,184,1,311.4,1,0.4917238841470985,train,Low
4474,238,3,1383.1,1,0.5213149127910754,train,High
4475,120,3,1383.45,1,0.5294850280837129,train,High
4476,203,2,678.0,1,0.4889978645253188,train,Low
4477,256,4,1081.05,1,0.4991320134969268,train,Medium
4478,7,2,582.55,1,0.5192805091892596,train,High
4482,0,3,1591.4,1,0.4902998008100164,train,Low
4483,396,1,231.6,1,0.4639670407216313,train,Low
4485,112,2,988.6,0,0.5172346352404972,train,High
4486,70,2,541.85,1,0.5010767782012849,test,Medium
4488,183,2,691.6,1,0.4897453550806446,train,Low
4489,79,2,863.5,1,0.4965381162609562,train,Medium
4491,88,3,1311.85,1,0.5342602905951247,test,High
4492,160,1,524.55,1,0.5146191929214258,test,High
4493,208,4,1790.2,1,0.4931224836956921,train,Low
4494,387,2,823.95,1,0.5194821643459053,train,High
4496,41,3,939.75,1,0.501924900136904,test,Medium
4497,221,4,1681.15,1,0.5106499197639368,test,Medium
4498,532,1,105.0,1,0.516067250921394,train,High
4499,208,2,844.3,0,0.5051981187450738,train,Medium
4500,270,1,90.9,1,0.4791444519078436,train,Low
4502,208,2,671.55,1,0.5035860603992645,train,Medium
4503,115,3,2112.3,1,0.5553317114124009,train,High
4504,540,1,519.4,1,0.5130915125117815,train,Medium
4505,193,1,526.05,1,0.5070464338782797,train,Medium
4506,467,1,407.6,0,0.530246700714626,train,High
4507,195,2,1177.15,1,0.5426071933547835,train,High
4508,181,4,1743.85,1,0.5291832057114743,test,High
4509,111,3,558.75,1,0.4917431107556994,train,Low
4511,513,1,416.65,1,0.508145211659186,train,Medium
4512,439,2,970.35,1,0.4890730024105882,test,Low
4513,362,1,284.1,1,0.4831557308889543,test,Low
4514,551,1,445.2,1,0.534166483541806,train,High
4515,205,2,1242.35,1,0.5377816551945267,train,High
4516,644,1,172.8,1,0.499142765931918,train,Medium
4517,331,2,617.5,1,0.5168384876575307,train,High
4518,495,1,100.2,1,0.5091028037683776,train,Medium
4519,98,1,164.95,1,0.44458094330158,test,Low
4520,505,1,313.5,1,0.5194900368697556,train,High
4522,298,1,467.6,1,0.4949619143167143,train,Medium
4523,367,1,386.45,1,0.5083169539963198,train,Medium
4524,119,1,53.0,1,0.4712197175622283,train,Low
4525,371,1,425.05,1,0.482987116873755,test,Low
4527,364,1,268.65,1,0.4895072404600685,train,Low
4528,304,1,449.9,1,0.490992900656246,train,Low
4529,106,2,766.8,1,0.5171076174658411,train,High
4530,247,3,1269.55,1,0.4976763765739365,train,Medium
4531,312,1,506.95,1,0.511345652852083,train,Medium
4533,381,1,609.05,1,0.5054456663599514,train,Medium
4534,305,5,1419.95,1,0.5020087901445865,train,Medium
4535,174,1,306.7,0,0.4801142532765611,train,Low
4536,23,1,677.95,1,0.5274771618583857,train,High
4537,183,1,185.65,1,0.5046846331472878,train,Medium
4538,664,1,436.9,1,0.5140482623110476,train,High
4539,309,2,875.6,1,0.4890730024105882,train,Low
4540,125,4,1543.1,1,0.5116709579324805,train,Medium
4541,2,2,1280.0,1,0.5302492428717422,train,High
4543,55,2,796.75,1,0.4834414216730265,train,Low
4546,40,2,1020.5,1,0.5354575928949884,test,High
4547,599,1,336.85,0,0.4938664370394695,test,Low
4548,209,2,621.6500000000001,1,0.4835894906535811,train,Low
4549,95,2,1018.65,0,0.5114268552290342,train,Medium
4550,165,2,836.45,1,0.5010767782012849,train,Medium
4551,346,3,965.55,1,0.5314934445697373,train,High
4552,283,1,594.35,1,0.5389956764103386,train,High
4553,580,1,513.0,1,0.5321732356663746,train,High
4554,403,2,973.35,1,0.5014467907268974,train,Medium
4556,644,1,450.4,1,0.4888356073675688,train,Low
4557,27,2,740.3,1,0.5033528189643395,train,Medium
4560,144,1,342.35,1,0.4870462538782755,train,Low
4562,644,1,201.7,1,0.5413848632817607,train,High
4565,355,1,133.35,1,0.4264499963344915,train,Low
4566,84,2,889.15,1,0.5167823555660689,train,High
4567,420,4,1110.05,1,0.5400601941693927,train,High
4568,196,1,239.4,1,0.4801142532765611,train,Low
4569,533,1,289.35,1,0.5071239027030121,train,Medium
4572,561,1,450.5,1,0.4930415292759732,test,Low
4573,263,1,393.6,1,0.4976463502126689,train,Medium
4574,9,3,1093.5,1,0.5323678469121601,train,High
4575,369,1,154.15,1,0.3957203733079912,train,Low
4577,106,1,325.15,0,0.5046846331472878,train,Medium
4578,309,2,615.3,1,0.4918407803044481,train,Low
4581,181,1,301.6,1,0.4801142532765611,train,Low
4582,73,2,585.4,1,0.4719453428384464,train,Low
4583,177,4,1761.8,1,0.4819348867926376,train,Low
4584,404,2,745.55,1,0.5186352670496369,train,High
4585,6,2,976.2,0,0.5309106019290581,train,High
4586,330,1,353.65,1,0.4974253681546105,train,Medium
4587,71,3,1302.35,1,0.5112209410212645,train,Medium
4589,242,3,1196.2,1,0.4868150750935341,train,Low
4590,309,3,1070.5,1,0.5084076940699476,train,Medium
4591,567,1,213.75,1,0.5067034067325035,train,Medium
4592,4,1,233.25,1,0.4992355355466894,train,Medium
4593,273,5,1867.25,1,0.5067686347841986,train,Medium
4594,389,3,1781.35,1,0.5032353419551916,train,Medium
4595,39,2,803.8,0,0.4946936402383959,test,Medium
4596,28,5,2701.15,1,0.5353400981821991,test,High
4597,413,1,727.65,1,0.5375453952789762,train,High
4598,369,2,620.1500000000001,1,0.493010570385579,test,Low
4599,59,1,477.85,1,0.5171076174658411,train,High
4600,38,3,1056.05,1,0.5004906700997332,test,Medium
4602,12,3,1153.9,1,0.5445546462513974,test,High
4603,153,1,410.55,1,0.4985697380689882,train,Medium
4604,79,2,839.85,1,0.4881173756460307,train,Low
4605,421,1,629.5,1,0.5147493604939365,test,High
4606,395,2,743.0,1,0.5063164228208356,train,Medium
4607,372,2,695.45,1,0.5422057587818374,train,High
4608,259,3,1693.1,1,0.4940870461773126,train,Low
4609,529,1,485.95,1,0.5132003669386644,train,High
4610,193,1,320.85,1,0.5051083824323223,train,Medium
4612,93,2,1002.8,0,0.5251982937628802,train,High
4613,27,2,904.2,0,0.4777759206492266,train,Low
4614,250,1,415.6,0,0.4930658450397957,test,Low
4616,93,1,229.5,1,0.4748590949170256,train,Low
4617,109,3,1760.1,1,0.5318123041808268,train,High
4618,117,3,1244.3,1,0.5294850280837129,train,High
4621,188,2,1015.8,1,0.5229952117933435,train,High
4622,143,1,281.4,1,0.4786927584525088,train,Low
4623,622,1,186.8,1,0.4839611830619211,train,Low
4624,345,2,719.8,1,0.4857153418329477,train,Low
4625,197,1,223.05,1,0.4884751040518094,train,Low
4626,34,2,874.7,1,0.4909783160329838,train,Low
4627,312,2,575.25,1,0.5315206026480475,train,High
4628,65,2,789.4,1,0.5025599141296785,train,Medium
4629,63,6,2546.4,1,0.5106499197639368,train,Medium
4630,255,2,799.6,1,0.5181177315511758,test,High
4631,57,3,1358.9,1,0.518263689456902,train,High
4632,374,1,472.5,1,0.469980041152602,train,Low
4634,251,2,1253.6,1,0.5260441963260868,train,High
4636,205,2,798.4,1,0.4762958936778305,train,Low
4637,35,2,226.85,1,0.4870455036459979,train,Low
4638,383,2,472.9,1,0.4755533464735496,train,Low
4639,291,1,437.65,0,0.490992900656246,test,Low
4640,354,1,455.5,1,0.5159912721890867,train,High
4641,13,1,239.5,1,0.5097102404791565,train,Medium
4642,532,1,331.9,0,0.5097438349684575,train,Medium
4643,84,1,298.8,1,0.4754437568809122,train,Low
4644,176,2,411.85,1,0.4876351019061499,train,Low
4647,35,3,1129.85,1,0.5060588961042368,train,Medium
4648,33,2,608.5,1,0.4889650597728666,train,Low
4650,127,1,524.55,1,0.5262432059190071,train,High
4651,133,1,669.45,1,0.5475712041490286,train,High
4652,488,1,508.3,1,0.5188175855218062,train,High
4653,576,1,300.25,1,0.5122581073173648,test,Medium
4654,104,3,1115.5500000000002,1,0.5101879659360902,train,Medium
4656,81,4,1447.3,1,0.4982376410604281,train,Medium
4657,224,1,353.85,0,0.4599895826959728,train,Low
4658,587,4,1193.9,1,0.4876257742263106,train,Low
4659,97,2,1255.35,1,0.5383659097557478,train,High
4660,211,4,1154.0,0,0.5103506941147521,train,Medium
4661,25,1,260.05,1,0.4930658450397957,train,Low
4662,19,3,955.5,1,0.5282888965189863,train,High
4663,467,1,401.15,1,0.5196553164134698,train,High
4664,360,1,251.65,1,0.5010783663768643,train,Medium
4665,118,3,1034.15,1,0.5191526550950518,train,High
4666,17,2,613.0,0,0.4599595124910673,train,Low
4667,448,1,789.4,1,0.519851478845351,train,High
4668,220,4,1901.2,1,0.5174909966775046,train,High
4669,10,2,826.6500000000001,1,0.5442248932858522,train,High
4670,228,2,487.5,1,0.4881173756460307,train,Low
4672,6,4,1552.2,1,0.5282888965189863,train,High
4673,28,4,1655.4499999999998,0,0.4853740676081202,train,Low
4674,448,1,377.25,1,0.5127310395592088,train,Medium
4675,149,1,260.2,1,0.5005162219309182,train,Medium
4676,489,1,403.8,1,0.4922162167451806,test,Low
4677,172,1,185.8,1,0.4719764116034579,train,Low
4678,249,4,1735.0,1,0.5222561839550494,train,High
4679,360,2,728.65,1,0.5071239027030121,train,Medium
4680,235,2,813.05,1,0.4740368542593168,train,Low
4681,141,2,564.45,0,0.5097438349684575,train,Medium
4682,428,1,636.3,0,0.5150612561329877,test,High
4683,263,2,1025.9499999999998,1,0.5121933124949921,train,Medium
4684,122,1,540.75,0,0.5094091826872318,test,Medium
4685,58,3,1582.7,0,0.5371919434690742,train,High
4686,306,2,909.65,1,0.5094625872378754,train,Medium
4687,28,3,1407.95,1,0.5082274239106558,train,Medium
4688,129,2,734.6500000000001,1,0.5125185912397603,test,Medium
4690,158,2,1104.3000000000002,1,0.532183749529371,train,High
4691,143,2,525.2,0,0.5079984051885943,train,Medium
4692,319,1,265.2,1,0.4819555854497689,train,Low
4693,601,1,265.45,1,0.5190797741229981,train,High
4694,636,1,329.5,1,0.4635025053038614,train,Low
4697,645,1,133.15,1,0.3846612928116745,test,Low
4698,267,1,416.9,1,0.5104950085831991,train,Medium
4700,181,3,1100.35,1,0.5235254371113349,train,High
4702,421,2,743.4,1,0.4949512114352413,train,Medium
4703,398,4,1720.0,1,0.5184893171277143,train,High
4705,116,3,870.0,1,0.5106499197639368,test,Medium
4706,5,4,1749.05,1,0.4977249669285725,train,Medium
4708,405,1,257.25,1,0.4594330461933026,test,Low
4709,160,3,787.45,1,0.4981257077064845,test,Medium
4710,400,1,368.65,1,0.4913507135909387,test,Low
4711,82,2,448.45,0,0.5026694739957746,test,Medium
4713,254,5,2239.75,1,0.5215338743118505,train,High
4714,266,1,300.4,1,0.5094673734717514,train,Medium
4715,211,2,836.0,1,0.5010767782012849,test,Medium
4716,597,1,196.75,1,0.5046293525711298,train,Medium
4717,70,4,1666.85,1,0.4898353683997216,train,Low
4718,212,1,549.2,1,0.5229952117933435,train,High
4719,251,1,426.6,1,0.4930658450397957,test,Low
4721,75,1,534.0,1,0.5229952117933435,train,High
4724,131,3,1409.85,1,0.5131531994964469,train,Medium
4725,158,2,390.7,1,0.5157824653187272,train,High
4726,87,2,955.45,1,0.5273591300454983,train,High
4727,397,3,2151.75,1,0.5186301933629286,train,High
4728,607,2,543.3,1,0.4864636910929198,train,Low
4729,235,1,265.2,1,0.4874697685828471,test,Low
4730,191,3,1397.85,1,0.5034223959959453,train,Medium
4731,202,1,277.2,1,0.4700195243553083,train,Low
4732,313,1,441.85,1,0.5048015503671331,train,Medium
4738,483,2,1033.35,1,0.5377816551945267,train,High
4740,602,1,397.0,1,0.5160275302461971,train,High
4741,290,1,507.85,1,0.5222059156883124,train,High
4742,119,4,1621.3,1,0.4752905955167645,train,Low
4743,535,2,993.0,1,0.5425357446356942,test,High
4745,576,4,2024.95,1,0.5270484681734392,train,High
4747,147,3,1686.25,1,0.4845358545153812,train,Low
4748,564,1,426.3,1,0.496712193126735,train,Medium
4749,258,1,667.6,1,0.5046123180363672,train,Medium
4750,96,2,984.5,1,0.5130565961385913,train,Medium
4751,175,2,892.4,1,0.515789129594367,train,High
4752,189,2,623.7,0,0.4857153418329477,train,Low
4753,250,1,174.5,1,0.505956408173424,test,Medium
4754,546,1,274.4,0,0.4900941061750056,train,Low
4756,263,2,566.7,1,0.4985003479559897,train,Medium
4757,111,3,1211.25,1,0.4937931357601191,test,Low
4758,72,1,379.1,1,0.4982015874767633,test,Medium
4759,240,1,283.75,1,0.481595234267449,test,Low
4760,335,4,1495.25,1,0.5251265055782595,test,High
4762,629,1,534.45,1,0.5417264735739226,train,High
4763,64,2,897.3499999999999,1,0.5079227226569893,train,Medium
4765,465,1,366.45,1,0.5302263706960492,test,High
4766,444,1,784.4,1,0.5590079139485526,train,High
4768,386,1,493.05,1,0.5039534857995365,test,Medium
4769,373,3,1636.4499999999998,1,0.5321460821198539,train,High
4770,134,4,1819.05,1,0.5114976333214488,test,Medium
4771,167,2,932.5,1,0.502470141000575,train,Medium
4772,308,1,671.05,1,0.5452009587207848,train,High
4773,643,1,203.25,1,0.5166868498070841,train,High
4774,132,1,224.75,1,0.5051083824323223,train,Medium
4775,378,1,516.25,1,0.504538382617219,train,Medium
4776,519,1,377.75,1,0.534166483541806,test,High
4777,543,2,826.7,1,0.4973527831214542,train,Medium
4779,201,2,905.4,1,0.501924900136904,test,Medium
4780,438,1,602.4,1,0.5265603071063532,train,High
4781,1,1,329.75,1,0.5067562978722833,train,Medium
4782,535,2,823.25,1,0.5258807007268808,train,High
4783,430,1,454.45,1,0.4823419536786033,train,Low
4784,62,2,713.25,0,0.4866943680358893,train,Low
4785,163,3,1062.9,1,0.5058350558901785,test,Medium
4788,496,1,791.35,1,0.5400216318197507,train,High
4789,254,1,266.1,1,0.5196527915946679,train,High
4790,554,1,215.35,1,0.5302263706960492,train,High
4791,246,2,1102.85,1,0.5084700020669064,train,Medium
4793,300,1,456.75,0,0.490992900656246,train,Low
4797,523,1,333.7,0,0.534166483541806,train,High
4799,341,2,949.3,1,0.5004440600208045,train,Medium
4800,658,1,371.35,1,0.5251265055782595,train,High
4801,83,2,763.15,0,0.4834414216730265,train,Low
4802,205,1,450.5,1,0.5010767782012849,train,Medium
4803,162,2,711.4,1,0.504875279120073,train,Medium
4804,12,1,231.2,0,0.4908298037140606,train,Low
4805,150,2,682.65,1,0.5313223581120775,test,High
4806,38,4,1413.0,1,0.4819348867926376,train,Low
4807,67,2,515.25,1,0.4834414216730265,train,Low
4808,208,1,477.55,0,0.4881173756460307,train,Low
4810,193,1,529.0,0,0.5161009487682178,train,High
4811,349,2,1135.95,1,0.5002940955988497,train,Medium
4812,105,1,383.8,1,0.5076191721387563,test,Medium
4813,70,3,1163.6999999999998,1,0.493010570385579,train,Low
4815,163,2,456.85,1,0.5010767782012849,train,Medium
4817,103,2,772.05,1,0.5042747586734928,test,Medium
4819,211,4,1602.15,1,0.4854700007418113,train,Low
4821,166,1,523.3,1,0.5282489457094229,test,High
4825,161,2,1243.6,1,0.5065497738992737,train,Medium
4826,653,1,147.85,0,0.4062114111050726,train,Low
4827,493,1,402.2,1,0.5186352670496369,train,High
4828,488,2,1009.15,1,0.4938959199611721,train,Low
4829,585,3,869.55,0,0.4839611830619211,train,Low
4831,18,2,896.7,1,0.5246252092629133,train,High
4832,525,1,313.0,1,0.5252251607842275,train,High
4833,53,1,355.75,1,0.4741049019904015,train,Low
4834,246,2,1244.9,0,0.5057253181154838,train,Medium
4835,227,1,257.75,1,0.5076395720261421,train,Medium
4836,299,1,834.3,1,0.5455005903566669,train,High
4837,512,1,463.0,1,0.496712193126735,train,Medium
4838,291,2,621.45,1,0.5186352670496369,train,High
4839,665,1,477.8,0,0.5072647364965734,train,Medium
4840,397,1,266.35,1,0.4762977773965152,train,Low
4842,271,2,952.2,1,0.5024828975707007,train,Medium
4843,71,4,1890.85,1,0.500107311022365,test,Medium
4844,43,2,837.35,1,0.5225983142458928,train,High
4845,190,1,320.5,1,0.5211334798743841,train,High
4846,96,4,1819.5,1,0.47183875473776,train,Low
4847,229,2,926.0,1,0.4956236668923605,train,Medium
4849,386,1,222.95,0,0.4700195243553083,train,Low
4851,20,2,1073.5,1,0.5104970479984515,train,Medium
4852,469,1,533.2,1,0.5360975079495378,train,High
4853,236,2,738.8,1,0.4821007439807161,test,Low
4855,88,2,951.05,1,0.5025966832457021,test,Medium
4856,134,4,1843.1,1,0.4852045135884409,test,Low
4857,145,3,1260.35,1,0.4931224836956921,train,Low
4859,169,2,562.8499999999999,0,0.5163051723174928,train,High
4860,157,3,1309.4,1,0.5143650995909197,train,High
4861,71,3,789.15,1,0.4810879168747747,train,Low
4862,555,2,1031.9,1,0.5346763669597694,train,High
4863,311,2,687.2,0,0.5051063011969624,test,Medium
4864,243,1,476.75,1,0.4964039296968924,train,Medium
4865,178,2,1130.9,1,0.5016617128133493,test,Medium
4866,10,2,654.8,1,0.4872235668239162,train,Low
4867,352,1,417.9,1,0.5228561425566478,train,High
4868,83,2,692.85,1,0.516609131226501,train,High
4869,388,1,429.5,0,0.4855304936765875,test,Low
4870,218,3,1695.9499999999998,1,0.5062691260376608,train,Medium
4871,7,5,1610.3,1,0.544781160126198,train,High
4873,54,1,230.55,0,0.4801142532765611,train,Low
4874,576,1,455.25,1,0.5323508085237922,train,High
4876,308,2,682.4,0,0.5065300194032156,train,Medium
4877,41,3,898.0,1,0.4861979812544793,train,Low
4880,9,3,1315.0,1,0.50602130596135,train,Medium
4881,86,3,750.1,0,0.5010767782012849,train,Medium
4882,371,3,1279.35,0,0.4906770186690105,train,Low
4883,668,1,610.15,1,0.5223495727302033,train,High
4885,196,3,1070.5,1,0.5176048411926363,train,High
4886,83,1,465.2,0,0.5062126393997248,train,Medium
4887,202,2,544.45,1,0.5047282498717519,test,Medium
4888,494,1,429.7,1,0.5096508797895565,train,Medium
4889,545,1,334.65,1,0.5019625417917982,train,Medium
4890,513,1,325.05,1,0.4856597072084279,test,Low
4891,62,3,1338.5,1,0.5086970816267756,train,Medium
4892,211,1,317.5,1,0.4946583231702582,test,Medium
4893,510,3,1215.05,1,0.530246700714626,test,High
4894,8,1,402.25,1,0.5057604330746999,train,Medium
4896,333,2,860.5999999999999,1,0.5319971960298648,train,High
4897,48,2,444.7,1,0.4991320134969268,train,Medium
4898,100,4,1888.65,1,0.5106499197639368,train,Medium
4899,18,2,912.1,1,0.5062030045342975,test,Medium
4900,311,2,564.5,1,0.5196553164134698,train,High
4902,300,2,770.5999999999999,0,0.4536434114649373,train,Low
4903,29,1,530.95,1,0.5197040649192115,train,High
4904,138,3,1202.75,1,0.5040311748230215,train,Medium
4907,5,3,1583.0,1,0.5174016325438722,train,High
4909,573,1,469.65,1,0.4755533464735496,test,Low
4910,410,4,1083.35,1,0.5123988846341321,train,Medium
4911,11,1,83.0,1,0.4555361554764723,test,Low
4912,479,1,364.9,1,0.5140478668079654,train,High
4913,521,1,747.4,1,0.5058133289140148,train,Medium
4915,530,1,248.9,1,0.4926857528751238,train,Low
4916,237,2,807.25,1,0.5114976333214488,train,Medium
4918,147,4,1192.4,1,0.5106499197639368,train,Medium
4919,201,3,1565.8,1,0.5443829944151639,test,High
4920,298,1,112.0,0,0.4397606418404748,train,Low
4921,58,4,1575.05,1,0.5050531027686743,test,Medium
4925,217,1,357.0,1,0.4679667011269941,train,Low
4926,429,2,711.5,1,0.5143252684023144,train,High
4927,251,1,328.7,1,0.4936304193860681,test,Low
4928,327,1,288.85,1,0.4953562126885012,train,Medium
4929,539,1,401.15,1,0.5194821643459053,test,High
4930,265,2,521.15,1,0.5056820163107733,train,Medium
4932,485,2,427.7,1,0.5011144202443025,train,Medium
4933,504,1,430.0,1,0.4899207577402041,train,Low
4934,459,1,338.6,0,0.4976989492635049,test,Medium
4935,111,1,645.4,1,0.5282489457094229,test,High
4936,142,4,1891.35,1,0.5002752524798,train,Medium
4937,328,1,204.8,1,0.4990180661554121,train,Medium
4938,55,2,563.55,1,0.4967348469631342,train,Medium
4939,522,2,991.85,1,0.514545761049545,train,High
4941,12,1,387.55,0,0.5220726387155765,train,High
4942,202,3,1097.05,1,0.4978138577397622,train,Medium
4943,174,1,432.15,1,0.5076191721387563,test,Medium
4945,84,2,561.4,1,0.5126934216675127,train,Medium
4946,3,2,506.75,1,0.5333849774419845,train,High
4947,504,2,845.1500000000001,1,0.5135250188716313,test,High
4948,81,2,809.1,1,0.5213149127910754,train,High
4949,22,2,581.95,1,0.510052812620112,train,Medium
4950,267,1,256.2,1,0.4496897400893674,test,Low
4951,337,1,447.4,1,0.5090434954552413,test,Medium
4952,137,1,232.05,1,0.4741049019904015,train,Low
4953,333,2,967.75,1,0.5033164233905086,test,Medium
4954,160,2,643.4,1,0.5004906700997332,train,Medium
4955,399,1,675.85,1,0.547571321056808,train,High
4956,378,2,650.05,1,0.5071239027030121,train,Medium
4957,134,3,1260.15,1,0.5116709579324805,train,Medium
4958,261,1,269.85,1,0.482987116873755,test,Low
4959,608,1,270.55,1,0.4858291518291973,train,Low
4960,153,4,2065.65,1,0.5125695254625809,train,Medium
4961,280,4,1421.85,1,0.5302263706960492,train,High
4962,491,1,345.25,1,0.5309797004554978,train,High
4963,637,1,258.35,1,0.5135250188716313,train,High
4964,323,2,878.0,1,0.5039534857995365,test,Medium
4965,41,3,1050.05,1,0.5116709579324805,train,Medium
4966,18,3,1285.4499999999998,0,0.477546070492519,train,Low
4967,559,1,378.85,1,0.5186352670496369,train,High
4968,141,2,584.0,1,0.5166170070212847,train,High
4970,342,1,433.45,1,0.4975349282341227,test,Medium
4971,185,4,1208.75,1,0.5289583328048466,test,High
4972,312,2,559.3,0,0.4981257077064845,train,Medium
4973,114,2,866.9499999999999,1,0.4949619143167143,train,Medium
4975,534,1,160.05,1,0.5023288214484392,train,Medium
4976,606,1,410.6,1,0.5153931304162231,train,High
4977,71,4,1783.35,1,0.4922171284334014,train,Low
4979,636,2,673.4,1,0.4959989236354411,train,Medium
4981,243,1,594.4,1,0.5153126283997466,test,High
4982,254,1,146.0,0,0.4497039027242701,train,Low
4983,287,2,780.95,1,0.5194821643459053,train,High
4984,395,3,1924.15,1,0.5014721909380268,test,Medium
4985,325,2,1029.9499999999998,1,0.504538382617219,train,Medium
4986,656,1,165.85,1,0.4154542163063608,test,Low
4988,2,2,910.25,1,0.5325380400220507,train,High
4989,226,1,410.2,1,0.5051083824323223,train,Medium
4990,453,1,352.45,1,0.5071239027030121,train,Medium
4991,523,1,515.6,0,0.5329906132596971,train,High
4992,214,2,817.8,1,0.4872188064858048,test,Low
4993,310,2,747.3499999999999,0,0.4564824511093228,train,Low
4994,329,3,1096.75,1,0.5176422947787235,train,High
4995,156,2,1199.6,1,0.5255116429154634,train,High
4996,48,3,1247.45,1,0.4998718671953933,test,Medium
4997,495,2,841.85,1,0.4839611830619211,train,Low
4998,544,3,770.55,1,0.5251265055782595,train,High
5000,247,5,2047.55,1,0.5226791181739981,test,High
5002,468,1,709.45,0,0.5126198855353089,test,Medium
5004,624,1,271.0,1,0.5272534435677974,test,High
5006,342,1,558.65,1,0.5153126283997466,test,High
5007,368,3,705.8,1,0.5258807007268808,train,High
5008,411,1,417.55,1,0.4729076646484973,train,Low
5010,24,4,1010.85,1,0.5007761012634736,train,Medium
5013,144,3,618.0,1,0.4966548490726846,train,Medium
5014,321,1,213.6,0,0.4997987141969273,train,Medium
5015,146,5,1757.1,0,0.5222561839550494,train,High
5016,56,2,885.75,0,0.4866943680358893,train,Low
5017,309,5,1987.55,1,0.508087145911213,train,Medium
5018,106,3,1349.2,1,0.5230107969861648,test,High
5020,467,1,483.65,0,0.5225983142458928,train,High
5021,213,3,1085.3000000000002,1,0.4949918946528436,train,Medium
5022,54,2,904.85,1,0.4904065689941865,train,Low
5026,540,1,734.05,1,0.5596030983643637,train,High
5027,403,1,641.35,1,0.5335838046391571,train,High
5028,436,2,662.2,1,0.5201074041361181,train,High
5029,283,2,386.75,1,0.5065300194032156,train,Medium
5030,82,3,842.0999999999999,1,0.504247494307109,train,Medium
5031,115,3,1425.4,1,0.5114976333214488,test,Medium
5033,138,2,869.0,1,0.504247494307109,train,Medium
5034,324,2,586.95,1,0.5042582459961883,test,Medium
5035,30,1,343.95,1,0.468092908173567,train,Low
5036,310,1,156.9,1,0.4632253436132255,train,Low
5038,18,3,840.5,1,0.5193059575512216,train,High
5039,479,1,550.3,1,0.5133935496580981,train,High
5040,95,1,410.35,1,0.4945487730706255,train,Low
5041,67,1,494.2,0,0.4759527120421236,train,Low
5042,393,3,833.0999999999999,1,0.5079718390072365,train,Medium
5043,186,2,546.9,1,0.5010767782012849,train,Medium
5044,33,5,2204.75,1,0.5125185912397603,train,Medium
5045,151,2,581.85,1,0.4997345076538584,train,Medium
5046,1,2,517.4,1,0.5080943369438219,train,Medium
5047,97,1,205.0,1,0.49247985795221,train,Low
5048,175,3,1241.75,1,0.531302033497099,test,High
5049,159,1,304.75,1,0.481595234267449,test,Low
5050,410,1,320.1,1,0.4653800260481486,train,Low
5051,76,1,823.25,1,0.5188969079896404,train,High
5052,191,3,853.75,1,0.5101674568806986,train,Medium
5053,21,2,346.95,1,0.4917238841470985,test,Low
5054,493,2,686.85,1,0.497131449265528,train,Medium
5056,114,1,227.65,1,0.4815542572452661,train,Low
5057,326,1,317.15,1,0.4754437568809122,train,Low
5058,16,2,625.9,1,0.4988401568200332,train,Medium
5059,58,5,1933.95,1,0.4810879168747747,train,Low
5060,508,1,758.7,1,0.5420954408594425,train,High
5061,188,2,692.8499999999999,0,0.5132457816738792,test,High
5062,576,1,293.0,1,0.5306485901594736,train,High
5063,23,1,659.85,1,0.5447392852202849,train,High
5064,638,2,658.3,1,0.5038519542624316,train,Medium
5065,163,1,515.65,1,0.5300469596414114,train,High
5066,379,2,1027.7,1,0.5251361647671384,train,High
5067,37,2,631.45,0,0.5106499197639368,train,Medium
5068,444,2,660.7,0,0.4839611830619211,train,Low
5069,350,4,1717.95,1,0.4839611830619211,train,Low
5070,48,1,346.0,1,0.4824012849293681,train,Low
5072,94,2,1146.05,0,0.527664668541656,test,High
5073,670,1,218.35,1,0.5135250188716313,train,High
5074,219,2,919.7,1,0.5028054431553983,train,Medium
5075,376,1,294.0,1,0.4962042818575486,train,Medium
5077,130,2,156.6,0,0.4472101389977027,train,Low
5078,0,3,1130.5500000000002,1,0.5281160305513364,train,High
5080,144,2,802.6,1,0.5010767782012849,train,Medium
5081,421,1,244.1,1,0.4872583090672249,test,Low
5083,139,1,539.2,1,0.5073382152099793,test,Medium
5084,49,3,1061.75,1,0.5243843340595521,test,High
5086,288,2,772.3,1,0.5030713425461275,train,Medium
5087,190,1,331.45,1,0.5046846331472878,train,Medium
5088,289,3,866.45,1,0.5341869827376726,test,High
5089,388,1,783.9,1,0.5308997196167649,train,High
5090,490,4,2057.95,1,0.4985238113495116,train,Medium
5091,245,1,280.0,0,0.4939138308346024,train,Low
5094,103,4,1753.9499999999998,1,0.515761890390406,train,High
5095,255,2,875.1500000000001,1,0.5080111588020121,train,Medium
5097,60,4,1524.1999999999998,1,0.4810879168747747,train,Low
5098,109,2,337.75,1,0.4876351019061499,train,Low
5100,569,1,356.05,1,0.5079718390072365,train,Medium
5101,85,5,2030.4,1,0.5225983142458928,train,High
5103,1,3,1020.9,1,0.5325380400220507,train,High
5105,360,1,425.6,1,0.5135427594246128,train,High
5109,153,1,475.2,1,0.4897453550806446,train,Low
5110,181,5,2028.05,1,0.52369846807181,train,High
5111,658,1,413.65,1,0.5135250188716313,train,High
5112,460,1,526.1,1,0.4916950125095431,train,Low
5115,175,3,1370.8,1,0.5327790986104058,train,High
5116,612,2,829.2,1,0.5290714020341138,train,High
5117,135,3,1292.1,1,0.5032534937330176,train,Medium
5118,516,1,374.65,1,0.5211360040822915,train,High
5120,145,2,950.85,1,0.516609131226501,train,High
5121,234,1,593.95,1,0.5139371178458509,train,High
5123,230,2,811.35,1,0.516609131226501,train,High
5125,257,1,384.1,1,0.4748590949170256,train,Low
5126,311,1,301.15,1,0.4982734820416296,train,Medium
5127,667,1,674.7,1,0.5401615891194671,train,High
5128,213,1,747.25,1,0.5089740498783578,train,Medium
5129,123,1,321.0,1,0.4657718227741064,train,Low
5130,159,1,579.65,1,0.5153126283997466,train,High
5132,366,5,1724.0500000000002,1,0.4973527831214542,train,Medium
5133,257,2,584.75,1,0.5163232977779604,test,High
5135,102,1,292.45,1,0.4874697685828471,train,Low
5136,193,1,626.5,1,0.5154665548118411,train,High
5137,24,3,1132.45,1,0.515761890390406,train,High
5138,63,1,238.4,1,0.4917238841470985,train,Low
5139,161,4,1449.6,1,0.5032609168705332,test,Medium
5140,28,2,757.95,1,0.5025599141296785,test,Medium
5141,76,2,725.3,1,0.4680584624932219,train,Low
5142,2,3,1328.05,1,0.5208815046841037,train,High
5144,441,3,1132.1,1,0.5135250188716313,train,High
5145,170,2,427.1,1,0.5242438042007718,test,High
5146,177,1,712.6,1,0.5475712041490286,train,High
5147,4,4,1574.6,1,0.4815082676828439,test,Low
5148,12,1,324.55,1,0.5181991340451717,train,High
5150,324,3,1227.15,1,0.4847712865932663,test,Low
5151,45,4,1340.25,0,0.4853740676081202,test,Low
5153,315,1,339.95,1,0.503392958360114,train,Medium
5155,91,2,696.25,1,0.4839645069267494,train,Low
5156,586,1,331.0,1,0.4796132457289513,train,Low
5157,68,4,1227.1,1,0.5131531994964469,train,Medium
5159,249,2,705.15,1,0.4719453428384464,train,Low
5160,603,1,581.25,1,0.4985238113495116,train,Medium
5161,191,4,2070.6,1,0.5246039786879607,train,High
5162,369,2,956.75,0,0.5174909966775046,test,High
5163,414,1,561.3,1,0.5082480877127479,train,Medium
5164,134,1,311.9,1,0.4815542572452661,train,Low
5166,259,2,768.95,1,0.5048015503671331,train,Medium
5167,83,1,157.2,0,0.391628130124957,test,Low
5168,84,2,903.2,1,0.4981772673378765,train,Medium
5169,334,1,693.85,1,0.5213562647060831,train,High
5172,46,4,2004.5,1,0.5186785141920865,train,High
5174,274,3,959.6,1,0.5135250188716313,train,High
5175,252,2,804.65,0,0.4856158697872689,train,Low
5176,286,1,273.1,1,0.5075609821474718,train,Medium
5178,61,1,83.0,1,0.4910037540845792,train,Low
5179,366,1,835.9,1,0.5105718367387067,train,Medium
5180,96,2,879.8499999999999,1,0.5162849941656922,train,High
5181,483,2,367.25,1,0.4849817448619647,test,Low
5183,79,2,956.95,1,0.5324971930320741,train,High
5184,189,2,733.7,1,0.5273591300454983,train,High
5185,19,3,1099.6,1,0.5002296553248762,train,Medium
5186,137,3,1058.8000000000002,1,0.4981463028419722,train,Medium
5187,92,1,283.75,0,0.4860916564167276,test,Low
5188,62,1,368.95,1,0.4947697352826189,train,Medium
5189,349,1,322.15,1,0.4967903626357708,train,Medium
5191,296,4,1524.35,1,0.5020087901445865,train,Medium
5192,3,4,1468.75,1,0.5507843980578113,train,High
5193,292,3,823.7,1,0.4846663019121284,train,Low
5194,108,2,855.6500000000001,1,0.52369846807181,train,High
5195,646,1,462.85,1,0.4930621207205423,train,Low
5196,83,2,787.3499999999999,1,0.5141716734980414,train,High
5197,188,3,924.85,1,0.4978138577397622,train,Medium
5198,282,2,1266.85,1,0.5331632720242775,train,High
5199,139,5,2357.15,0,0.4861979812544793,train,Low
5200,115,2,1029.55,1,0.5086904905872222,train,Medium
5201,252,1,316.25,1,0.4930658450397957,train,Low
5202,461,1,602.75,1,0.5094258200740776,train,Medium
5204,151,1,258.0,1,0.5051083824323223,train,Medium
5205,454,1,470.4,1,0.5211360040822915,train,High
5206,669,1,345.5,1,0.5190797741229981,test,High
5207,144,2,884.45,1,0.4909783160329838,test,Low
5208,117,3,1237.2,1,0.5001945928394543,train,Medium
5211,602,1,262.7,1,0.5135250188716313,train,High
5212,597,1,68.55,1,0.4901475412782748,test,Low
5213,610,2,561.0,1,0.4875594584686781,train,Low
5214,209,2,437.75,1,0.5050955498490606,train,Medium
5215,328,1,290.05,1,0.4953562126885012,train,Medium
5216,201,2,539.25,1,0.4965381162609562,train,Medium
5217,171,3,1512.15,1,0.5250253134947422,train,High
5218,564,1,332.6,1,0.5319971960298648,train,High
5219,503,2,743.0,1,0.4890730024105882,train,Low
5220,511,1,594.35,1,0.5026178195187176,train,Medium
5221,393,2,586.55,0,0.5062293352144834,train,Medium
5222,83,4,1756.55,1,0.5174909966775046,train,High
5223,102,3,975.7,1,0.4932517269110114,train,Low
5224,341,1,526.65,1,0.5276647861561984,train,High
5225,293,2,610.25,1,0.4786375737384346,test,Low
5226,113,1,176.45,1,0.4639670407216313,train,Low
5227,61,3,1274.45,0,0.4862252268656886,test,Low
5228,669,1,443.8,1,0.5135250188716313,train,High
5229,221,6,2206.95,1,0.5106499197639368,train,Medium
5230,70,3,812.05,1,0.4819348867926376,train,Low
5231,383,2,820.0999999999999,0,0.4679928806283962,train,Low
5232,104,1,577.3,1,0.495527501579856,train,Medium
5233,230,4,1610.35,1,0.5282253753806624,train,High
5234,152,1,278.3,1,0.4930658450397957,test,Low
5235,344,1,315.6,1,0.474330631716938,train,Low
5236,80,2,1019.5,1,0.5369036877873032,train,High
5237,350,2,912.0,1,0.5083318161667958,train,Medium
5238,125,4,1418.45,1,0.5097438349684575,test,Medium
5239,282,2,778.8,1,0.5095131441668431,train,Medium
5242,8,2,1177.85,1,0.5270345041936656,test,High
5243,242,3,1279.85,1,0.4876626522103958,train,Low
5244,9,3,1486.9,1,0.5272705027558934,train,High
5245,92,2,747.45,1,0.5101674568806986,train,Medium
5246,146,2,611.5,1,0.515761890390406,test,High
5247,0,2,732.5,1,0.5322070606416023,train,High
5248,469,1,405.3,1,0.5194821643459053,train,High
5249,307,2,666.95,1,0.5258807007268808,train,High
5250,562,1,664.6,1,0.5620839335746607,train,High
5251,475,2,518.9,1,0.5319971960298648,train,High
5252,213,2,646.8499999999999,1,0.5175793464833567,train,High
5254,475,1,325.5,0,0.5194821643459053,train,High
5255,36,2,920.85,1,0.4812468021201236,train,Low
5256,169,2,637.65,1,0.5048705328493338,train,Medium
5257,393,1,544.95,1,0.5214568986959582,train,High
5258,419,3,1150.8,1,0.4880792406386778,train,Low
5259,84,3,977.35,1,0.5050531027686743,train,Medium
5260,630,1,506.4,1,0.5364199154896698,train,High
5261,78,4,1702.2,1,0.4868150750935341,test,Low
5262,372,3,1328.4,1,0.5306485901594736,train,High
5264,38,3,1548.6,1,0.5179273523778167,train,High
5265,44,4,1673.7,1,0.4776782482437073,train,Low
5266,152,1,621.3,1,0.5146191929214258,train,High
5267,73,2,882.95,1,0.4671146445008591,train,Low
5268,585,1,272.55,0,0.5201434175222722,train,High
5269,217,1,287.4,1,0.5054407181076113,train,Medium
5270,522,1,513.1,1,0.5259041987541687,train,High
5271,22,2,541.4,1,0.4719453428384464,train,Low
5272,108,3,1263.8,1,0.5156158829330656,train,High
5276,372,1,357.0,0,0.4968392778927101,test,Medium
5279,358,3,1582.1,1,0.5412244666638434,train,High
5280,157,1,318.55,1,0.4930658450397957,train,Low
5281,36,1,415.35,1,0.4939138308346024,train,Low
5282,277,2,548.45,0,0.5061277194001914,train,Medium
5283,211,1,820.05,1,0.5092745508220345,train,Medium
5284,408,3,1400.45,1,0.508145211659186,test,Medium
5285,218,1,384.9,1,0.4921475638343566,train,Low
5286,102,4,2253.0,0,0.5065733194076268,train,Medium
5288,398,1,584.9,1,0.5221289887562227,train,High
5289,400,1,422.8,1,0.5010783663768643,train,Medium
5290,186,1,436.6,1,0.507695508046536,test,Medium
5291,74,2,962.45,1,0.515761890390406,test,High
5294,18,1,432.6,1,0.4981919512512456,train,Medium
5295,309,2,746.3,1,0.5142211459222624,train,High
5296,217,4,1199.8000000000002,1,0.5156158829330656,test,High
5298,504,1,299.5,1,0.4890730024105882,test,Low
5299,373,2,693.7,1,0.5153931304162231,train,High
5300,271,1,302.5,1,0.4754437568809122,train,Low
5301,176,2,824.1,1,0.5070044452881133,train,Medium
5302,241,1,403.9,1,0.5170536851097377,test,High
5303,24,2,715.65,1,0.5250506901376957,train,High
5304,258,1,632.95,1,0.5239865277595326,train,High
5305,107,3,1286.4499999999998,1,0.4991796663458958,train,Medium
5307,561,1,802.3,1,0.5765646448748779,train,High
5308,498,3,1336.85,1,0.5135250188716313,train,High
5311,108,2,800.8,1,0.5336524181368523,train,High
5312,450,1,621.15,0,0.5335088073272004,train,High
5313,3,2,1113.6,1,0.5337039495932097,train,High
5314,10,4,1119.55,1,0.5323678469121601,train,High
5315,350,2,981.6,1,0.4900941061750056,train,Low
5316,63,1,366.45,1,0.4801142532765611,train,Low
5317,296,2,1087.95,1,0.4901114019742739,test,Low
5318,20,3,775.5,1,0.4771372957791971,train,Low
5319,96,2,388.6,1,0.4943027989377688,train,Low
5321,125,3,1364.65,1,0.5267903116990054,test,High
5323,361,1,380.15,1,0.48442770852243,train,Low
5326,127,3,950.85,1,0.5010767782012849,train,Medium
5327,18,2,841.3,1,0.5062106511108868,train,Medium
5328,333,1,368.55,0,0.4844687015689934,train,Low
5329,650,1,264.4,1,0.493010570385579,train,Low
5331,66,3,1689.05,1,0.5255444782190254,train,High
5333,199,1,303.4,0,0.4591469989506729,train,Low
5334,69,5,2162.55,1,0.4968072998642678,train,Medium
5335,290,1,240.1,1,0.4967982468107547,train,Medium
5337,69,3,830.45,1,0.5396784090431784,test,High
5339,260,2,356.9,1,0.5181729025884207,train,High
5340,151,3,1145.6,1,0.4821080802782779,test,Low
5341,369,1,499.8,0,0.4932825840300986,train,Low
5342,80,2,955.55,1,0.4888976123548604,train,Low
5343,295,3,1049.6,1,0.5194900368697556,train,High
5344,318,2,987.75,1,0.5316661704815773,test,High
5345,323,2,468.3,1,0.5069777804135003,test,Medium
5346,10,4,1194.25,1,0.5306120906853377,train,High
5348,119,2,709.25,1,0.5223987154971681,train,High
5349,582,1,580.45,1,0.5362685699397006,train,High
5350,271,2,772.6999999999999,1,0.4873112373650051,train,Low
5351,16,3,1448.2,1,0.5071516463883649,train,Medium
5353,23,3,1041.6,1,0.5393481121112906,train,High
5354,47,2,1015.55,1,0.4938938658591797,train,Low
5355,32,1,396.5,0,0.4939138308346024,train,Low
5356,596,2,690.8,1,0.5102064692639504,train,Medium
5357,62,2,665.65,1,0.5010767782012849,train,Medium
5358,273,3,1501.6,1,0.4839611830619211,train,Low
5359,12,3,1172.85,1,0.5272705027558934,train,High
5360,111,2,729.3,1,0.4861979812544793,train,Low
5361,390,1,276.15,1,0.4967903626357708,test,Medium
5362,266,1,397.15,0,0.5010783663768643,test,Medium
5363,359,1,647.95,1,0.5167532684632731,train,High
5365,641,1,196.15,0,0.4802033778331968,test,Low
5366,264,2,895.7,1,0.4839611830619211,train,Low
5367,131,2,832.55,1,0.5151763418579773,train,High
5368,196,1,396.7,1,0.4876274588310244,train,Low
5369,63,2,552.9,1,0.5138038864123271,test,High
5370,285,1,352.6,1,0.4967903626357708,train,Medium
5371,26,3,978.85,1,0.5050955498490606,train,Medium
5373,26,3,1166.55,1,0.468594457082612,train,Low
5374,310,1,253.75,1,0.4964658892282296,train,Medium
5375,186,2,840.8499999999999,0,0.4826688590808537,train,Low
5376,582,1,271.95,1,0.5324840388265075,train,High
5377,210,2,742.3,0,0.4855409015034622,train,Low
5378,153,2,558.95,1,0.5238570635638256,test,High
5379,32,4,1297.5,0,0.4861979812544793,train,Low
5381,138,1,485.2,0,0.4964844997265272,train,Medium
5382,80,3,727.45,1,0.5273591300454983,test,High
5384,203,2,907.0,1,0.5302778871517506,train,High
5385,107,2,593.75,0,0.5013815571081625,test,Medium
5386,134,4,1636.45,0,0.4730453577320492,train,Low
5387,319,2,686.5500000000001,1,0.5203368211611202,train,High
5388,639,1,348.7,1,0.4864636910929198,test,Low
5389,133,3,1576.55,1,0.5194778253973048,train,High
5390,151,1,69.0,1,0.4520126654615226,train,Low
5391,62,4,1446.2,1,0.4870455036459979,train,Low
5392,51,2,889.75,1,0.5019327845186525,train,Medium
5393,303,1,394.8,1,0.4990180661554121,train,Medium
5394,444,1,486.75,1,0.5194821643459053,train,High
5395,431,3,875.3,1,0.4849817448619647,train,Low
5396,670,1,584.5,1,0.5331837767863754,train,High
5397,296,3,1278.95,1,0.5194900368697556,train,High
5398,55,4,1270.5,1,0.5116709579324805,train,Medium
5401,274,2,729.85,0,0.5048015503671331,train,Medium
5403,474,2,559.5,1,0.5237621685041965,train,High
5404,404,1,405.4,1,0.4866940179006184,test,Low
5407,450,1,168.8,1,0.5194821643459053,train,High
5408,146,2,577.45,1,0.5131531994964469,train,Medium
5409,473,1,149.15,1,0.5073044896893356,train,Medium
5410,261,1,331.2,1,0.4982734820416296,train,Medium
5411,49,2,934.65,1,0.4870455036459979,train,Low
5412,620,1,388.6,0,0.5135250188716313,train,High
5413,85,3,1275.2,1,0.5128830452351201,train,Medium
5414,181,1,272.05,1,0.5051083824323223,train,Medium
5415,151,2,1418.2,1,0.5384777101096141,train,High
5416,571,1,327.7,1,0.508145211659186,train,Medium
5417,48,1,482.0,1,0.5171076174658411,test,High
5418,257,1,415.8,1,0.4628492350333715,test,Low
5419,203,3,1337.8,1,0.5166170070212847,train,High
5420,145,2,823.3499999999999,1,0.5114976333214488,train,Medium
5421,235,1,281.3,1,0.4815542572452661,test,Low
5422,126,1,507.75,1,0.509181860778598,test,Medium
5423,73,2,799.7,1,0.501924900136904,train,Medium
5424,211,1,352.65,1,0.4817406609547135,train,Low
5425,394,1,388.6,1,0.4990865152953153,train,Medium
5426,93,2,1017.55,1,0.5389955591522343,train,High
5427,369,1,240.5,1,0.4953562126885012,train,Medium
5428,50,1,441.1,1,0.5149310283311193,train,High
5429,437,1,719.25,1,0.5268114316714905,train,High
5430,331,1,298.75,1,0.5119774151173841,test,Medium
5431,517,3,825.1,1,0.5190797741229981,test,High
5432,23,1,456.3,0,0.4994578693504219,train,Medium
5433,352,2,985.0,1,0.4981772673378765,train,Medium
5434,282,4,1286.35,1,0.5176422947787235,test,High
5435,441,4,1342.4,1,0.514545761049545,train,High
5438,199,1,806.05,1,0.5412055164652281,train,High
5439,80,1,259.35,0,0.4986261280383852,train,Medium
5440,332,2,907.9,1,0.4891002557674248,train,Low
5441,186,2,1119.4,1,0.5076669289510045,train,Medium
5442,11,1,119.2,1,0.3846988290925935,train,Low
5443,111,2,923.35,1,0.5273591300454983,train,High
5444,369,1,289.35,1,0.4967982468107547,train,Medium
5446,20,1,433.3,1,0.5105580216425321,train,Medium
5447,320,3,975.95,1,0.5135250188716313,train,High
5448,58,1,803.05,1,0.534851352098682,train,High
5449,162,1,429.45,1,0.4869533265840408,train,Low
5450,39,2,1104.85,1,0.5161009487682178,train,High
5451,212,1,370.95,1,0.4625327086105462,train,Low
5452,40,1,486.85,1,0.5186156646746106,train,High
5454,71,7,2730.75,1,0.4752905955167645,train,Low
5455,171,2,854.75,1,0.482026061970339,test,Low
5456,586,1,667.45,1,0.5643227123321498,train,High
5458,174,2,1529.3,1,0.5274247380041582,train,High
5459,290,1,361.75,1,0.4946001264823123,train,Low
5461,94,4,1348.75,0,0.5114976333214488,test,Medium
5462,173,2,878.2,1,0.4861979812544793,train,Low
5464,480,1,328.8,1,0.5186352670496369,train,High
5465,11,1,774.7,1,0.5459306280170091,train,High
5466,83,2,586.3499999999999,1,0.4870455036459979,train,Low
5467,21,3,1033.4,1,0.5222561839550494,train,High
5468,81,1,243.6,1,0.4864484515304916,train,Low
5469,667,1,614.85,1,0.5209101486409016,train,High
5470,230,1,206.75,1,0.4930658450397957,train,Low
5471,51,5,1528.1,0,0.4671524207889043,train,Low
5472,630,2,783.0,1,0.4834888344970026,train,Low
5473,16,2,593.4,1,0.5043147791281435,train,Medium
5474,240,3,711.45,1,0.5213149127910754,train,High
5475,612,1,521.65,1,0.5338322180188779,train,High
5476,236,2,409.25,1,0.4903004332396824,test,Low
5477,182,2,675.75,1,0.501924900136904,test,Medium
5478,189,1,567.85,1,0.5146191929214258,train,High
5480,482,1,453.15,1,0.4890730024105882,train,Low
5483,158,2,855.9,1,0.488066418008149,train,Low
5484,322,1,401.8,1,0.4846141848143647,train,Low
5485,1,3,1228.7,1,0.5197291529935989,train,High
5486,8,2,1442.9,1,0.5295897024758218,test,High
5487,439,2,416.0,1,0.5186352670496369,test,High
5488,335,1,366.7,0,0.5083169539963198,train,Medium
5489,395,4,1339.25,0,0.5135250188716313,train,High
5490,360,1,422.5,0,0.48442770852243,train,Low
5491,198,2,730.45,1,0.5156158829330656,train,High
5492,380,3,1209.0,1,0.4955751637950048,train,Medium
5493,286,4,1323.8,1,0.4942077007613095,train,Low
5494,51,2,628.75,1,0.495636422800998,train,Medium
5495,374,2,303.35,1,0.5186624954654981,train,High
5497,169,3,1421.5,1,0.5103732069331653,train,Medium
5498,467,1,317.6,1,0.5219825568072531,train,High
5500,34,3,1441.25,1,0.5090314409225507,train,Medium
5501,77,2,903.0,0,0.4788764053329163,train,Low
5503,28,1,312.95,1,0.4878019380036589,train,Low
5504,212,2,1015.25,1,0.5190677726203677,train,High
5505,22,3,1243.2,1,0.509949592037452,test,Medium
5506,201,2,1036.75,1,0.5302980775091878,train,High
5508,22,2,879.5999999999999,1,0.4904065689941865,train,Low
5509,359,2,1080.6,1,0.5108976134174,train,Medium
5510,216,4,1630.5,1,0.4941438651817698,test,Low
5513,169,1,196.15,1,0.485784613634915,train,Low
5514,243,4,1690.95,1,0.5166170070212847,train,High
5515,119,2,791.8,1,0.4711832846710807,train,Low
5516,223,2,1221.8,1,0.5258248446569213,train,High
5517,215,1,687.55,1,0.5076960163782294,train,Medium
5518,113,4,1396.65,1,0.4972875508547927,train,Medium
5519,48,3,1390.35,1,0.5313223581120775,train,High
5520,53,2,1141.5,1,0.5079688745431873,train,Medium
5522,567,1,408.1,1,0.5237621685041965,train,High
5523,122,1,180.65,1,0.4625327086105462,train,Low
5524,367,1,223.45,1,0.5015029083821128,train,Medium
5528,49,3,1405.05,1,0.5043883467587,train,Medium
5530,105,7,2412.65,1,0.504247494307109,test,Medium
5532,82,1,304.9,1,0.4939138308346024,train,Low
5533,130,2,914.8,1,0.5291311653247311,test,High
5534,27,3,1524.3000000000002,1,0.5353669952483057,train,High
5536,618,1,204.55,1,0.4890935880145176,test,Low
5537,3,2,666.1999999999999,1,0.4767616124482338,train,Low
5538,253,2,1104.6999999999998,1,0.5196943474400549,test,High
5539,193,5,2510.75,1,0.5073977384872116,train,Medium
5540,76,2,831.3000000000001,1,0.495636422800998,train,Medium
5541,452,2,691.8,1,0.514545761049545,train,High
5542,282,2,734.75,1,0.5050605906862284,train,Medium
5543,111,1,663.15,1,0.5185047102427237,train,High
5544,148,3,1378.2,1,0.515761890390406,train,High
5545,202,2,830.7,1,0.515761890390406,train,High
5547,73,2,681.1500000000001,1,0.4956440699746404,train,Medium
5549,669,1,631.75,1,0.4975022803558477,test,Medium
5550,128,1,199.4,1,0.4933278166973815,train,Low
5552,320,2,770.4000000000001,1,0.5143724883739125,test,High
5553,173,5,2689.75,1,0.5302465645753558,train,High
5555,669,1,309.75,1,0.5028568996424916,train,Medium
5556,569,1,301.4,1,0.4856597072084279,train,Low
5557,179,3,810.5999999999999,1,0.5140007037181675,test,High
5559,340,2,842.75,1,0.498520752413105,train,Medium
5561,140,1,432.15,1,0.5046846331472878,train,Medium
5562,545,1,760.25,0,0.5539211514900966,train,High
5563,168,2,614.75,1,0.515761890390406,train,High
5565,249,2,1352.1,1,0.5512463899517295,test,High
5566,513,2,820.75,1,0.5161473191995802,train,High
5567,3,3,1570.15,1,0.5417681544663343,train,High
5568,510,2,931.15,1,0.4858291518291973,train,Low
5570,292,1,285.25,1,0.5075609821474718,test,Medium
5571,372,1,214.6,1,0.4967982468107547,train,Medium
5572,298,1,287.35,1,0.5044377881038631,train,Medium
5575,662,1,139.15,0,0.4165107819436909,train,Low
5576,24,4,1805.3,1,0.4821080802782779,test,Low
5577,63,4,1709.0,1,0.4868928241470589,train,Low
5578,328,1,508.3,1,0.5174930067716637,train,High
5579,129,3,947.9,1,0.5010767782012849,test,Medium
5580,318,4,1358.1,1,0.5271401830517368,train,High
5581,37,3,1414.95,0,0.4999242553239021,train,Medium
5582,30,2,831.85,0,0.4827857912120827,train,Low
5584,419,3,1468.1,1,0.5196553164134698,train,High
5585,275,2,1108.45,1,0.5052177858792628,train,Medium
5586,137,1,296.95,1,0.5054407181076113,train,Medium
5587,195,4,1271.75,1,0.5106499197639368,train,Medium
5588,78,3,1136.4,1,0.4986493438172413,train,Medium
5589,184,1,246.85,0,0.4748590949170256,train,Low
5591,471,2,1190.45,1,0.553559093564152,train,High
5592,345,1,686.25,1,0.5433264300602573,train,High
5593,255,1,704.65,1,0.5157788660111592,train,High
5594,402,3,874.8,1,0.5080743923601658,train,Medium
5595,442,1,488.35,1,0.4890730024105882,train,Low
5597,38,2,653.2,1,0.4960308740920346,train,Medium
5598,112,4,1915.65,1,0.5167823555660689,test,High
5599,146,2,517.65,1,0.505268948918854,train,Medium
5600,239,2,645.95,1,0.5010767782012849,train,Medium
5602,396,1,712.95,1,0.5547346576049935,train,High
5603,550,1,374.4,0,0.4866093835688426,train,Low
5605,59,4,1199.3,1,0.5230107969861648,train,High
5606,650,1,333.95,1,0.4839611830619211,train,Low
5608,251,2,993.8,1,0.5032532694399632,train,Medium
5610,644,1,290.8,1,0.4718046292011665,train,Low
5611,301,1,136.35,1,0.4930318928220635,train,Low
5613,264,1,404.05,1,0.4973550175683218,test,Medium
5616,96,4,1468.6999999999998,1,0.4978138577397622,train,Medium
5617,130,2,817.05,1,0.4870455036459979,train,Low
5620,7,2,886.3,1,0.5194417266386928,train,High
5621,40,3,1265.6,1,0.5273591300454983,test,High
5624,28,3,1172.9,1,0.4807507677146481,train,Low
5625,130,1,519.85,0,0.5146191929214258,train,High
5626,519,2,676.15,0,0.4849817448619647,train,Low
5628,564,1,112.65,1,0.4481196922235123,test,Low
5630,11,2,1001.95,1,0.5306448539735651,train,High
5631,267,1,275.4,1,0.5195946778455802,train,High
5632,388,3,896.85,1,0.5135250188716313,train,High
5633,349,1,205.35,1,0.4959422778520208,train,Medium
5634,86,3,1004.65,1,0.501924900136904,train,Medium
5635,29,3,744.0999999999999,1,0.487541934651461,train,Low
5636,20,4,1722.2,1,0.5209464068966885,test,High
5638,98,2,317.65,1,0.4872393884714062,train,Low
5639,570,2,876.3,1,0.4959069499376451,train,Medium
5640,291,1,339.15,1,0.4959422778520208,train,Medium
5641,156,1,248.95,1,0.4876274588310244,train,Low
5642,11,3,810.35,1,0.546850293719779,train,High
5643,51,2,666.5,1,0.5038269453448456,train,Medium
5644,582,1,479.85,1,0.4880792406386778,train,Low
5645,84,2,1019.5,1,0.5306438666114955,train,High
5646,602,1,616.45,1,0.5082804135634968,train,Medium
5647,10,1,149.85,0,0.4708171414658335,train,Low
5648,152,1,153.4,1,0.3826061509364292,train,Low
5649,99,2,1020.8,1,0.5322246717203988,train,High
5651,329,1,150.25,1,0.4160801102942032,train,Low
5654,72,5,1685.25,1,0.4956703826912865,train,Medium
5655,80,2,720.75,1,0.5157824653187272,test,High
5656,102,2,1154.05,1,0.518186105849144,train,High
5657,153,2,1069.65,1,0.512454995386728,train,Medium
5658,262,3,807.5,1,0.5186352670496369,train,High
5661,196,4,1351.0,1,0.5042551415093156,train,Medium
5662,175,1,365.4,0,0.4625327086105462,train,Low
5663,66,2,888.1500000000001,1,0.52862706231566,train,High
5664,335,4,1491.0,1,0.5306485901594736,train,High
5665,85,3,793.6500000000001,1,0.4981257077064845,test,Medium
5666,599,1,435.4,1,0.5135250188716313,train,High
5667,155,2,266.0,1,0.5051083824323223,test,Medium
5668,330,1,579.6,1,0.505386428652136,test,Medium
5670,1,3,1143.55,1,0.5201975597428804,train,High
5671,240,2,797.3,1,0.5000417034940544,train,Medium
5672,95,3,902.0,1,0.4834414216730265,train,Low
5673,9,1,424.3,1,0.5237985505582083,train,High
5675,349,3,1134.8,0,0.5183313943098852,test,High
5676,14,2,790.2,1,0.5191965571097343,train,High
5677,155,3,1235.85,0,0.4868560793923098,test,Low
5678,132,5,2245.25,1,0.4807507677146481,test,Low
5679,209,2,1090.75,1,0.5269726831761723,test,High
5684,493,1,270.95,1,0.5186352670496369,train,High
5685,25,1,452.65,1,0.4737537306760372,train,Low
5686,31,3,796.95,1,0.4889978645253188,train,Low
5687,216,1,293.55,1,0.4625327086105462,train,Low
5688,553,2,887.0,1,0.5143724883739125,train,High
5689,213,2,962.85,1,0.5149310283311193,test,High
5691,426,3,1236.35,1,0.499544866039935,train,Medium
5693,403,1,600.15,1,0.505386428652136,train,Medium
5694,350,2,657.6,1,0.508145211659186,train,Medium
5695,159,4,1843.5,1,0.4861979812544793,train,Low
5696,241,2,892.7,1,0.515789129594367,train,High
5697,439,1,587.65,1,0.5289430781758981,train,High
5699,63,1,643.3,1,0.5099116376833781,train,Medium
5701,19,3,1091.05,1,0.5374789233750226,train,High
5702,588,1,280.35,1,0.5176422947787235,train,High
5703,28,2,375.2,1,0.4773530802521294,train,Low
5705,411,2,646.4000000000001,1,0.4890730024105882,test,Low
5707,72,2,768.45,1,0.4682786750669597,test,Low
5709,11,2,849.6,1,0.5047610550044025,train,Medium
5710,109,4,1446.15,1,0.5051981187450738,train,Medium
5711,30,3,578.75,1,0.5230107969861648,train,High
5712,36,2,650.45,1,0.5010767782012849,train,Medium
5713,122,1,525.6,1,0.5031448340920462,test,Medium
5714,186,1,363.4,1,0.4930658450397957,train,Low
5717,60,3,1091.5,0,0.4904065689941865,test,Low
5718,256,1,544.4,1,0.516948151981241,test,High
5719,390,1,266.75,1,0.4959422778520208,train,Medium
5720,370,1,665.25,1,0.5052472830697171,train,Medium
5721,44,2,897.65,1,0.5174909966775046,test,High
5723,172,4,1979.35,1,0.5277214429289241,test,High
5726,360,2,615.15,1,0.4900941061750056,train,Low
5727,37,2,849.1999999999999,1,0.501924900136904,test,Medium
5728,309,2,800.25,1,0.5036528252254652,train,Medium
5729,384,2,678.85,1,0.514545761049545,train,High
5730,546,1,273.05,1,0.5132003669386644,train,High
5731,104,1,538.3,1,0.5031448340920462,train,Medium
5732,458,1,272.55,0,0.5205020782821993,train,High
5733,120,1,159.65,0,0.4497039027242701,train,Low
5734,74,5,2496.1,1,0.4861979812544793,train,Low
5735,163,4,1233.05,1,0.4861979812544793,train,Low
5736,266,1,238.75,1,0.5094673734717514,train,Medium
5737,607,1,370.3,1,0.4864636910929198,train,Low
5738,118,2,531.8,1,0.5178451507445296,train,High
5741,481,1,197.5,1,0.4915767634413487,train,Low
5742,69,1,386.2,1,0.4939138308346024,train,Low
5743,184,2,914.4,0,0.4671146445008591,train,Low
5744,612,1,245.25,1,0.4635025053038614,train,Low
5745,134,2,561.5,1,0.5016004160049354,train,Medium
5746,463,2,548.25,1,0.4890730024105882,train,Low
5747,54,4,1300.45,1,0.4847588295742532,train,Low
5748,27,2,897.8,1,0.501924900136904,train,Medium
5749,105,3,1351.3,1,0.4930415292759732,train,Low
5750,134,3,1197.75,1,0.5011233803980437,train,Medium
5751,200,2,915.35,0,0.4737537306760372,test,Low
5752,46,1,446.85,1,0.4997345076538584,train,Medium
5753,621,1,88.0,1,0.4167910854010863,test,Low
5754,513,3,1749.6,1,0.5504710831384302,train,High
5755,203,3,1158.95,1,0.5116709579324805,train,Medium
5756,182,5,1967.95,1,0.4775757571804929,test,Low
5758,40,1,462.1,1,0.4895587798454937,train,Low
5759,197,1,580.65,0,0.5016617128133493,train,Medium
5760,456,2,753.85,1,0.5069777804135003,train,Medium
5763,157,1,696.75,1,0.5000501516420941,train,Medium
5766,348,1,531.35,1,0.5059803459438617,train,Medium
5767,77,2,859.3,1,0.5106499197639368,train,Medium
5770,0,3,1483.9,1,0.513389792530769,train,High
5771,250,1,438.7,1,0.5073367495919568,train,Medium
5772,167,1,419.8,1,0.5046846331472878,test,Medium
5773,117,3,1196.4,1,0.4983315420219512,train,Medium
5774,547,1,623.75,1,0.5102736205192602,train,Medium
5775,115,2,808.9,1,0.5227572372243329,train,High
5776,193,2,1209.75,1,0.5188068482759824,train,High
5777,82,3,1210.2,1,0.4991320134969268,train,Medium
5778,499,1,536.2,1,0.5187533838691714,train,High
5779,541,2,741.5,1,0.5030303113307782,train,Medium
5780,466,2,807.0,0,0.5080743923601658,train,Medium
5781,458,1,314.95,1,0.4953596479517813,train,Medium
5782,510,1,138.05,1,0.4256799389323485,train,Low
5783,141,5,2245.8500000000004,1,0.5234525129844618,train,High
5784,73,3,1443.15,1,0.4873163321835043,test,Low
5786,20,1,92.4,1,0.4287210090595793,train,Low
5787,100,1,205.5,1,0.4878019380036589,train,Low
5788,89,3,597.55,1,0.4751920946221785,test,Low
5789,265,2,273.65,1,0.48442770852243,train,Low
5790,119,4,1219.8,1,0.4872188064858048,train,Low
5791,173,2,1292.35,1,0.5111491420447273,test,Medium
5792,176,2,460.5,1,0.4872188064858048,train,Low
5794,207,4,1677.1,1,0.5131531994964469,train,Medium
5795,95,2,478.8,0,0.4881173756460307,train,Low
5796,460,2,631.95,1,0.5241857373087203,train,High
5797,150,2,568.9,1,0.4950548952065451,train,Medium
5799,70,2,577.65,0,0.5047412775765843,train,Medium
5800,460,1,341.3,1,0.5132789882475063,train,High
5801,296,2,854.8,1,0.5056574707974167,train,Medium
5802,32,2,688.7,1,0.4881173756460307,train,Low
5803,298,3,1630.9,0,0.4872407789486249,train,Low
5804,284,1,405.1,1,0.4625327086105462,test,Low
5805,67,2,647.4,0,0.524544623714422,train,High
5806,401,1,488.95,1,0.5048015503671331,train,Medium
5807,439,3,950.25,1,0.5255566763260722,train,High
5808,317,1,635.95,1,0.5183479212297426,test,High
5809,450,1,393.85,1,0.5140478668079654,train,High
5810,109,4,1882.0,1,0.5222561839550494,test,High
5811,230,1,535.9,1,0.5214193374035055,train,High
5812,210,2,774.0999999999999,1,0.4862252268656886,train,Low
5813,465,1,241.3,1,0.5071239027030121,train,Medium
5814,311,3,1380.9,1,0.5190797741229981,test,High
5815,426,1,210.75,1,0.4943387035195607,test,Low
5816,93,1,383.8,1,0.4917238841470985,train,Low
5817,70,1,344.85,1,0.4990497106461667,test,Medium
5818,328,1,585.9,1,0.5060213727764596,test,Medium
5819,490,1,539.35,1,0.5340075749037981,train,High
5821,462,1,123.45,1,0.4536409938209105,train,Low
5825,541,1,694.65,1,0.5112513870092028,train,Medium
5826,248,2,1375.65,1,0.4829343197905377,train,Low
5827,646,1,494.55,1,0.5290846355498988,train,High
5828,310,1,399.0,1,0.520704118148381,train,High
5829,366,3,1129.85,1,0.5356424112350364,train,High
5830,562,1,373.9,1,0.4899207577402041,train,Low
5831,522,1,692.8,1,0.5186301933629286,train,High
5832,497,2,288.3,1,0.4814990473408403,train,Low
5834,227,2,661.35,1,0.4847025642126785,train,Low
5835,110,1,247.3,1,0.4815542572452661,train,Low
5836,295,2,959.4,1,0.5193952399330225,train,High
5837,302,1,361.25,1,0.4946001264823123,test,Low
5838,87,3,1135.7,1,0.4978138577397622,train,Medium
5839,247,1,168.55,0,0.417354562715358,train,Low
5840,450,2,581.1,1,0.4973527831214542,train,Medium
5841,245,3,832.95,1,0.5116709579324805,train,Medium
5842,280,2,587.8,1,0.4900941061750056,train,Low
5843,131,4,1838.7,1,0.4862252268656886,test,Low
5844,96,3,1434.85,0,0.500748834980174,train,Medium
5845,418,2,824.0,1,0.4839611830619211,train,Low
5846,367,1,416.95,0,0.4905028632966601,train,Low
5847,512,1,215.25,1,0.5302263706960492,train,High
5849,131,4,1651.6,1,0.5128830452351201,train,Medium
5851,417,1,601.7,1,0.4886699283766965,train,Low
5852,129,1,145.4,0,0.448880717525585,train,Low
5853,214,4,1674.3,0,0.5001945928394543,train,Medium
5854,103,2,456.55,1,0.492698778965158,test,Low
5855,575,1,443.95,1,0.5186352670496369,train,High
5856,247,1,344.5,1,0.4930658450397957,train,Low
5857,140,1,233.1,0,0.4817406609547135,train,Low
5858,232,2,724.0999999999999,1,0.5010767782012849,train,Medium
5859,422,2,537.5999999999999,1,0.468594457082612,test,Low
5860,613,1,268.1,1,0.5135250188716313,train,High
5861,161,2,689.0,1,0.515761890390406,train,High
5862,414,4,1871.35,1,0.5302263706960492,test,High
5863,63,3,825.8,1,0.5230107969861648,train,High
5864,151,1,453.6,1,0.5156260511162473,train,High
5865,409,2,1211.25,1,0.5275701529709305,train,High
5866,51,1,300.1,1,0.49247985795221,test,Low
5868,393,1,429.0,1,0.482987116873755,test,Low
5869,157,2,651.75,1,0.5004396835858119,train,Medium
5871,84,3,1617.4499999999998,1,0.4902603878635101,test,Low
5872,150,1,285.65,0,0.4748590949170256,train,Low
5873,455,2,1312.65,1,0.539044388708598,train,High
5874,58,1,546.1,1,0.5154665548118411,train,High
5875,316,1,426.3,1,0.4953562126885012,train,Medium
5877,39,2,761.25,1,0.4895488303751854,train,Low
5878,281,1,362.25,1,0.5104950085831991,test,Medium
5879,50,1,383.95,1,0.4591469989506729,test,Low
5880,140,5,1688.25,1,0.5222561839550494,train,High
5881,455,1,180.15,1,0.4926857528751238,test,Low
5882,41,5,2681.05,0,0.4815312187214076,train,Low
5883,28,1,348.25,1,0.5142352497852608,train,High
5886,668,1,586.6,1,0.5349443134556625,train,High
5887,181,1,245.55,1,0.4824012849293681,train,Low
5888,22,3,1432.6,1,0.5062322876042846,train,Medium
5889,113,1,429.5,1,0.4815542572452661,train,Low
5891,351,2,977.6,0,0.5000979230822469,test,Medium
5892,31,4,855.05,1,0.5131169292773715,train,Medium
5893,455,1,463.9,1,0.5341796999406907,train,High
5895,434,1,409.5,1,0.4737533812581151,train,Low
5896,28,1,514.3,1,0.5016617128133493,train,Medium
5897,273,2,847.5999999999999,1,0.5461647984896635,train,High
5898,615,2,988.9,1,0.4824661856065337,train,Low
5899,322,2,328.6,1,0.5196553164134698,train,High
5900,183,4,1642.8,1,0.5176294808092777,train,High
5902,65,2,752.7,1,0.5010064260035979,train,Medium
5903,14,4,1328.4,1,0.5143207782779966,train,High
5904,124,4,1689.95,1,0.515789129594367,train,High
5905,100,2,735.65,1,0.5026694739957746,train,Medium
5906,371,1,269.5,1,0.4819555854497689,train,Low
5908,414,2,613.95,0,0.5302263706960492,test,High
5909,292,1,319.5,1,0.4852750595821856,test,Low
5911,145,1,340.45,1,0.5069236469099243,train,Medium
5912,182,2,880.15,1,0.5103506941147521,test,Medium
5913,570,1,298.9,1,0.5219825568072531,train,High
5914,183,1,505.9,1,0.5214193374035055,train,High
5915,218,3,1085.55,1,0.4794693687465229,train,Low
5916,579,1,433.65,1,0.4880792406386778,test,Low
5917,472,2,649.8,1,0.4755533464735496,train,Low
5920,30,1,243.95,1,0.5054407181076113,test,Medium
5921,83,1,172.15,1,0.481595234267449,train,Low
5922,49,4,1397.25,0,0.4983315420219512,train,Medium
5923,60,3,1065.15,1,0.5062322876042846,train,Medium
5924,62,2,960.65,1,0.5126934216675127,test,Medium
5925,238,2,586.5,1,0.5176294808092777,train,High
5927,227,2,1082.3,1,0.5154665548118411,train,High
5928,180,1,348.8,1,0.4809938710136385,train,Low
5929,96,3,867.55,1,0.52369846807181,train,High
5930,64,1,420.15,0,0.4790831719847866,train,Low
5931,126,4,1299.6,1,0.4868150750935341,train,Low
5932,82,2,473.1,1,0.5050955498490606,train,Medium
5933,526,1,306.8,1,0.5194821643459053,train,High
5935,134,1,444.2,1,0.5318750017721648,test,High
5936,14,1,431.2,1,0.5152674379846375,train,High
5937,199,2,1000.7,1,0.5070606195539884,test,Medium
5938,67,1,784.15,1,0.5124134001167417,train,Medium
5941,16,1,286.45,1,0.5105580216425321,train,Medium
5942,467,1,77.25,1,0.4043326730848066,train,Low
5943,156,2,410.25,1,0.4870462538782755,train,Low
5945,164,3,1453.65,0,0.5106499197639368,train,Medium
5946,92,3,639.95,1,0.4776782482437073,test,Low
5947,55,4,1915.1,0,0.4756449550755561,test,Low
5948,247,1,548.15,1,0.5161009487682178,train,High
5950,168,2,468.1,1,0.515789129594367,train,High
5951,509,1,792.3,1,0.5539211514900966,train,High
5952,488,1,216.75,1,0.5425357446356942,train,High
5953,256,4,2589.7,1,0.501434560784731,train,Medium
5954,31,3,1448.0,1,0.4643822899490273,train,Low
5955,15,3,1040.0,1,0.5242936319855149,train,High
5956,25,1,415.8,1,0.5054725120062854,train,Medium
5957,274,1,429.0,1,0.48442770852243,train,Low
5960,189,2,866.65,1,0.485163668514495,train,Low
5962,204,1,280.0,0,0.4852442236900998,train,Low
5963,12,5,2315.35,1,0.5388937656403175,train,High
5964,273,2,753.9000000000001,1,0.5014557357151882,train,Medium
5965,439,1,476.5,1,0.507821738906466,train,Medium
5966,233,2,1088.9,1,0.5066597053203612,train,Medium
5967,474,1,399.1,1,0.5281314263766758,train,High
5968,155,4,1906.8,1,0.4861979812544793,train,Low
5969,164,2,967.25,1,0.4881173756460307,train,Low
5970,441,1,391.3,1,0.4729076646484973,test,Low
5971,79,2,642.6,1,0.4904475866960923,train,Low
5972,3,4,1600.55,1,0.5019111104002967,train,Medium
5973,249,2,508.1,1,0.492698778965158,train,Low
5974,2,2,600.25,0,0.5019111104002967,train,Medium
5975,336,2,524.85,1,0.4800590555961196,train,Low
5976,611,1,621.6,1,0.5377817724966124,test,High
5977,20,1,323.45,1,0.4967498652596385,train,Medium
5978,497,1,743.4,1,0.561371182433292,train,High
5979,109,2,1080.1,1,0.5343506464029665,train,High
5980,626,1,449.05,1,0.5428574931821022,train,High
5981,625,1,577.05,1,0.5082804135634968,train,Medium
5982,189,4,1847.55,1,0.5078846928874108,test,Medium
5984,665,1,411.6,1,0.4864636910929198,train,Low
5985,328,1,255.45,1,0.4754437568809122,train,Low
5986,31,1,600.4,1,0.510048449772028,train,Medium
5987,27,1,533.2,1,0.5196943474400549,train,High
5988,453,2,651.75,1,0.508993092122486,train,Medium
5990,451,1,116.35,1,0.4881841670424339,train,Low
5991,121,1,320.25,1,0.4930658450397957,train,Low
5992,340,1,398.65,1,0.4967903626357708,test,Medium
5995,118,2,868.8,1,0.4993186682319658,train,Medium
5996,154,4,1169.6,1,0.505268948918854,train,Medium
5998,203,2,611.3,1,0.5131169292773715,train,Medium
5999,338,1,429.55,1,0.5091648243744032,train,Medium
6000,272,2,521.0,1,0.5168747416721423,train,High
6002,100,2,909.65,1,0.5051981187450738,test,Medium
6003,83,2,1065.65,1,0.5323680139560066,train,High
6004,41,1,164.25,1,0.4275053973348162,test,Low
6006,88,3,1050.5,1,0.4827857912120827,train,Low
6007,236,2,987.95,1,0.5372583451202417,train,High
6009,388,1,264.4,1,0.4974253681546105,train,Medium
6010,373,2,844.15,1,0.5331430964010531,train,High
6011,65,2,893.95,1,0.5001582975768212,train,Medium
6012,235,1,389.35,0,0.4639670407216313,train,Low
6013,262,1,452.6,1,0.5039534857995365,test,Medium
6016,39,2,701.0500000000001,1,0.4863883627828727,train,Low
6017,270,2,667.5,1,0.4918407803044481,train,Low
6018,537,1,530.35,1,0.5102736205192602,train,Medium
6019,137,1,632.2,1,0.5011950597583067,test,Medium
6020,11,3,1362.65,1,0.5151621589681692,train,High
6021,46,2,313.5,1,0.4591469989506729,train,Low
6024,339,2,1219.1,0,0.4961961816525794,train,Medium
6025,164,3,1120.6,1,0.505268948918854,train,Medium
6026,245,1,516.7,1,0.488235591672258,train,Low
6027,222,1,526.15,1,0.5016617128133493,train,Medium
6028,260,2,737.55,1,0.5146502610238864,train,High
6029,659,1,347.1,1,0.5119048695059307,test,Medium
6030,243,2,739.2,0,0.492698778965158,train,Low
6031,280,1,545.95,0,0.5351428883688256,train,High
6035,637,2,792.1,1,0.4849817448619647,test,Low
6036,62,2,653.15,1,0.5134490673675087,train,High
6038,246,2,798.5,0,0.5126934216675127,train,Medium
6039,406,5,2402.75,1,0.4839611830619211,train,Low
6040,44,4,1167.55,1,0.4895587798454937,train,Low
6041,108,3,792.8,1,0.4895587798454937,train,Low
6042,173,4,1908.85,1,0.4983315420219512,train,Medium
6043,323,2,804.8,0,0.4708251988651354,train,Low
6044,89,2,1029.45,1,0.5084700020669064,test,Medium
6045,159,1,374.4,1,0.4939138308346024,train,Low
6047,153,2,1014.9,1,0.5159865356773525,train,High
6048,43,2,927.8,1,0.5079984051885943,train,Medium
6049,91,1,223.65,1,0.5065913349564779,train,Medium
6052,388,1,405.35,1,0.4895072404600685,train,Low
6054,216,4,1648.35,1,0.5342602905951247,train,High
6055,428,2,789.6,0,0.5196553164134698,train,High
6056,43,1,458.9,1,0.5001582975768212,train,Medium
6057,133,2,510.05,1,0.4671146445008591,train,Low
6058,354,1,451.3,1,0.4895695276284174,train,Low
6059,634,1,205.0,1,0.4973527831214542,train,Medium
6061,318,2,852.7,1,0.5171665029292754,train,High
6062,456,1,252.0,0,0.5241857373087203,train,High
6063,0,1,366.35,1,0.5177504384453043,train,High
6064,447,3,1451.15,1,0.5171404982639053,test,High
6065,305,2,606.0,1,0.4954786471569363,train,Medium
6066,337,3,999.2,1,0.4880792406386778,train,Low
6067,601,1,672.05,0,0.4992327761241543,train,Medium
6068,83,3,411.45,1,0.4990497106461667,train,Medium
6070,8,1,395.2,1,0.4817032944621771,train,Low
6071,446,2,708.3,1,0.5425357446356942,train,High
6072,578,2,681.45,1,0.5153931304162231,train,High
6074,270,1,516.4,1,0.5121933124949921,train,Medium
6078,338,2,1179.4,1,0.5377816551945267,train,High
6079,134,1,552.4,1,0.5282489457094229,train,High
6081,664,1,420.05,1,0.5251265055782595,test,High
6082,82,1,500.5,1,0.5024828975707007,test,Medium
6083,101,1,428.2,1,0.4824422669568945,test,Low
6084,91,4,2104.55,0,0.5180377321811613,test,High
6086,93,1,289.9,1,0.4884751040518094,train,Low
6087,276,1,78.0,1,0.4583999119763552,train,Low
6090,268,1,327.1,1,0.4870462538782755,train,Low
6091,366,1,515.45,1,0.5174930067716637,train,High
6093,651,1,597.5,0,0.4874294440645626,train,Low
6094,332,1,523.2,1,0.5366190907816324,test,High
6095,160,3,800.0,0,0.4981257077064845,test,Medium
6096,66,1,327.4,1,0.4930658450397957,train,Low
6098,183,4,926.1,1,0.4809378341962916,test,Low
6099,104,1,420.75,1,0.5076191721387563,train,Medium
6100,650,1,382.8,0,0.5251265055782595,test,High
6101,444,1,287.75,1,0.5186352670496369,train,High
6102,544,1,319.3,0,0.4866093835688426,train,Low
6103,483,3,1656.4,1,0.5346763669597694,train,High
6104,571,1,677.95,1,0.5136576580035294,test,High
6105,622,1,316.0,1,0.5013473230961384,train,Medium
6107,499,1,459.45,1,0.5186352670496369,test,High
6108,24,2,1040.05,1,0.5282489457094229,train,High
6110,498,1,218.5,1,0.5306485901594736,train,High
6111,10,2,436.85,1,0.4927820105549523,train,Low
6112,522,1,249.85,1,0.5252251607842275,train,High
6114,46,2,450.25,1,0.5167823555660689,train,High
6115,61,3,897.55,1,0.4925706031291386,train,Low
6116,349,2,531.7,1,0.5242205851976031,train,High
6117,377,2,587.6,1,0.5006906316972679,train,Medium
6118,86,3,1302.5,1,0.5114976333214488,train,Medium
6119,558,1,551.35,1,0.5133935496580981,train,High
6120,493,2,879.55,1,0.5194821643459053,train,High
6121,67,2,550.3,0,0.470515168910332,train,Low
6122,340,1,309.0,1,0.482987116873755,train,Low
6123,317,2,876.3,1,0.508993092122486,test,Medium
6124,83,2,1078.35,1,0.501434560784731,train,Medium
6125,53,4,1977.3,0,0.4931224836956921,train,Low
6126,626,1,293.2,0,0.460752198796889,train,Low
6127,352,2,701.0,0,0.5184994813199261,train,High
6128,30,2,476.35,1,0.5010767782012849,train,Medium
6129,251,2,826.05,1,0.4895664242680296,test,Low
6130,262,2,591.8,1,0.5314934445697373,train,High
6132,373,1,399.1,1,0.4700195243553083,train,Low
6133,451,1,497.35,1,0.51109238215614,train,Medium
6135,1,2,626.8,0,0.5072464069641093,train,Medium
6137,189,2,986.9,1,0.5262893228520835,train,High
6139,4,4,1355.7,1,0.4977249669285725,train,Medium
6140,144,2,793.4,1,0.4982376410604281,train,Medium
6141,443,2,975.35,1,0.5302263706960492,train,High
6142,318,2,1037.3,1,0.5331632720242775,train,High
6143,8,3,1327.45,1,0.5323678469121601,train,High
6144,458,2,1273.3,1,0.5407898333179915,test,High
6145,331,1,316.9,1,0.4982734820416296,train,Medium
6146,471,1,450.45,1,0.5194821643459053,train,High
6147,301,1,164.45,1,0.3908747560306871,train,Low
6148,434,3,1424.95,1,0.516724897576821,train,High
6150,244,1,237.05,1,0.4939138308346024,train,Low
6151,128,2,646.45,1,0.5276460759440874,train,High
6152,81,2,613.95,0,0.511513157351357,test,Medium
6153,481,1,390.6,1,0.5422057587818374,train,High
6154,94,3,1299.35,1,0.5106499197639368,test,Medium
6155,89,2,996.35,0,0.4810879168747747,train,Low
6158,250,1,147.1,1,0.401212188505732,train,Low
6159,27,2,877.45,1,0.5079227226569893,train,Medium
6160,173,3,1339.05,1,0.504247494307109,test,Medium
6161,291,1,512.2,1,0.525865124297109,train,High
6162,225,2,706.6,1,0.5001535601014223,train,Medium
6163,434,1,478.45,1,0.4874202914145946,test,Low
6164,68,1,273.05,1,0.5000004650087779,train,Medium
6165,586,1,135.2,1,0.3970602784019299,test,Low
6168,360,1,100.0,1,0.4428746649187124,train,Low
6170,195,1,437.7,1,0.4895587798454937,train,Low
6172,513,1,648.55,0,0.5187533838691714,train,High
6173,655,1,415.85,0,0.514545761049545,train,High
6174,75,4,1706.4,1,0.5098557268038016,train,Medium
6175,290,1,133.75,1,0.4591207961779121,test,Low
6176,484,1,515.85,1,0.5274524238764183,test,High
6177,239,2,794.4,1,0.4908846000372996,test,Low
6178,71,2,838.2,1,0.5125185912397603,test,Medium
6179,166,4,1752.4,1,0.515761890390406,train,High
6180,272,1,411.65,1,0.4985697380689882,train,Medium
6181,271,3,1218.1,1,0.5023688561144691,test,Medium
6182,337,2,873.65,0,0.51109238215614,train,Medium
6183,503,1,457.2,1,0.4890730024105882,train,Low
6186,460,2,785.65,1,0.5201074041361181,train,High
6188,226,1,446.3,1,0.5010767782012849,train,Medium
6190,589,2,616.2,1,0.449227519577024,train,Low
6191,70,3,1287.0,0,0.5222561839550494,train,High
6193,317,1,538.6,1,0.5161941733895088,train,High
6194,330,2,731.8,0,0.4905827990956708,train,Low
6197,28,3,827.25,1,0.5166170070212847,train,High
6198,146,4,1493.35,1,0.468594457082612,train,Low
6199,612,1,625.85,0,0.5295451448559058,train,High
6200,129,2,827.5500000000001,1,0.5010767782012849,train,Medium
6201,566,1,630.6,1,0.5535589769421313,train,High
6202,207,3,1235.2,1,0.5050955498490606,train,Medium
6203,26,1,506.1,1,0.5107594048614682,test,Medium
6206,46,3,593.55,1,0.5036863562731432,train,Medium
6207,74,4,1192.7,1,0.4983315420219512,train,Medium
6208,565,1,257.25,1,0.505826547658523,train,Medium
6209,3,3,980.85,1,0.5194304900054731,train,High
6210,554,1,348.25,1,0.5194821643459053,test,High
6211,78,3,1477.1,1,0.5273591300454983,train,High
6212,90,5,2213.0,1,0.4962660461804641,train,Medium
6213,84,1,223.2,1,0.4732649014856103,train,Low
6214,169,2,923.4,1,0.4730774758505499,train,Low
6215,64,1,355.5,1,0.4947697352826189,train,Medium
6216,484,1,262.6,1,0.5219825568072531,train,High
6217,341,1,356.05,1,0.4975349282341227,test,Medium
6218,602,1,389.5,1,0.4805500089616218,train,Low
6219,171,1,200.1,0,0.4921475638343566,train,Low
6220,26,2,879.5,1,0.531302033497099,train,High
6221,206,1,457.6,1,0.4870852099759895,train,Low
6222,154,2,582.2,1,0.4803161267223128,test,Low
6223,347,2,1291.35,1,0.5130262311809765,train,Medium
6224,123,2,669.8,1,0.4895587798454937,train,Low
6226,237,2,978.5,1,0.5076865139111156,train,Medium
6228,173,1,353.5,1,0.5076191721387563,train,Medium
6229,21,3,985.5,1,0.4679591988652797,test,Low
6230,163,2,604.55,1,0.5114976333214488,train,Medium
6231,190,2,830.6999999999999,1,0.5138100294166991,train,High
6232,7,2,759.55,1,0.4897079543827764,test,Low
6233,7,1,284.5,1,0.5006776584245379,test,Medium
6234,13,1,231.7,1,0.4967498652596385,train,Medium
6235,155,4,1631.7,1,0.515761890390406,train,High
6236,80,4,1232.45,1,0.5176294808092777,train,High
6237,90,4,1972.75,1,0.5038269453448456,train,Medium
6238,173,2,680.8,1,0.5273591300454983,train,High
6239,325,4,1773.5,1,0.5020087901445865,train,Medium
6241,394,3,1281.75,1,0.5230425272319111,train,High
6243,137,1,424.25,1,0.5051083824323223,train,Medium
6244,221,2,421.8,1,0.5051981187450738,train,Medium
6245,361,1,464.1,1,0.5039534857995365,train,Medium
6246,75,2,915.25,1,0.5134490673675087,train,High
6247,105,1,509.3,0,0.5233135870988628,train,High
6248,595,1,828.45,1,0.5266144491278277,train,High
6249,28,2,662.1,1,0.4791224084861836,test,Low
6250,282,2,753.4000000000001,1,0.5055460602174957,train,Medium
6251,594,1,619.6,1,0.5223495727302033,train,High
6252,656,1,504.1,1,0.550061052397759,train,High
6253,503,1,204.3,1,0.5302263706960492,train,High
6254,305,1,197.5,1,0.4959422778520208,train,Medium
6255,252,1,405.3,1,0.4809610978278545,train,Low
6256,98,2,980.3,0,0.4889650597728666,train,Low
6257,112,2,920.5,1,0.5131169292773715,train,Medium
6258,167,1,580.7,1,0.528451282729212,train,High
6260,349,1,471.45,1,0.5065807335737286,train,Medium
6261,583,1,189.75,1,0.5346530436228432,train,High
6262,404,1,898.45,0,0.492241586809408,train,Low
6263,43,2,808.7,1,0.5010767782012849,train,Medium
6265,405,2,390.95,0,0.4631666800750242,train,Low
6266,225,1,167.7,1,0.4374467326688941,train,Low
6269,60,1,107.8,1,0.4698489145838918,train,Low
6270,49,1,455.8,1,0.5001582975768212,train,Medium
6271,103,2,778.7,1,0.5147084142600282,train,High
6272,279,3,891.2,1,0.4696076387376393,test,Low
6274,356,1,156.1,1,0.3798474414297405,train,Low
6276,342,3,630.8,1,0.5205020782821993,train,High
6278,547,2,1162.25,1,0.5223495727302033,train,High
6283,389,2,1324.8,1,0.5473902381672382,train,High
6284,182,2,819.8,0,0.5176294808092777,test,High
6285,641,1,444.15,1,0.5258807007268808,test,High
6286,325,1,637.35,1,0.5154065605590409,test,High
6287,59,4,1869.75,1,0.4759018436700865,train,Low
6288,22,7,2024.0,0,0.4810879168747747,train,Low
6289,10,5,2642.9,1,0.4877423151432009,test,Low
6290,25,2,656.05,1,0.498981714614898,test,Medium
6291,533,1,438.9,1,0.4909419307376721,train,Low
6292,433,2,852.6500000000001,1,0.5186352670496369,test,High
6293,491,1,374.5,1,0.5302263706960492,train,High
6294,53,2,555.7,0,0.4794182437077149,train,Low
6295,459,1,434.75,1,0.5132003669386644,train,High
6296,162,4,930.75,1,0.5277816314383086,test,High
6297,401,2,432.25,1,0.449227519577024,test,Low
6298,497,1,309.3,1,0.4806059530728347,train,Low
6299,479,2,735.5,1,0.5021954420284337,train,Medium
6301,65,2,665.3,1,0.4895587798454937,train,Low
6302,9,3,753.3499999999999,1,0.5325380400220507,train,High
6303,246,2,734.6500000000001,1,0.4861979812544793,train,Low
6304,146,1,100.8,1,0.4684567236704866,test,Low
6305,96,4,1505.15,1,0.4810879168747747,test,Low
6306,133,3,1108.6999999999998,1,0.5121943012488218,train,Medium
6307,174,1,387.2,1,0.4741049019904015,test,Low
6308,498,1,384.35,1,0.5079718390072365,train,Medium
6309,173,2,1316.35,1,0.5117957970590238,train,Medium
6310,65,2,781.6500000000001,1,0.495626865531029,test,Medium
6312,545,1,392.35,1,0.509764231841356,train,Medium
6313,280,1,200.85,0,0.4959422778520208,train,Medium
6314,22,1,832.2,1,0.5092745508220345,train,Medium
6315,471,1,314.75,1,0.5186352670496369,train,High
6316,306,1,188.65,1,0.4739991464266082,train,Low
6317,109,2,1111.7,1,0.528451282729212,train,High
6318,498,2,676.1,0,0.4890730024105882,train,Low
6319,287,2,847.0,1,0.5258807007268808,train,High
6320,2,2,470.7,1,0.5095360115777174,train,Medium
6322,307,3,1146.2,1,0.5036863562731432,train,Medium
6324,395,1,456.55,1,0.5033674076708089,train,Medium
6325,191,1,139.7,1,0.4578582355558869,train,Low
6326,517,1,671.05,1,0.5596030983643637,train,High
6327,623,1,557.35,1,0.4993719371714316,train,Medium
6328,201,2,281.3,1,0.4939138308346024,train,Low
6329,183,2,1080.15,1,0.5153126283997466,test,High
6330,295,2,648.5,1,0.490992900656246,train,Low
6332,375,4,1247.5,1,0.5143724883739125,train,High
6334,352,4,2062.5,1,0.539368771744274,train,High
6335,111,5,2000.5,0,0.504247494307109,test,Medium
6336,357,3,1054.35,1,0.5038784004266055,test,Medium
6338,156,1,779.8,1,0.5340072439359169,train,High
6339,36,1,312.1,1,0.4801142532765611,test,Low
6340,404,1,219.55,1,0.4804123075674191,train,Low
6341,442,1,206.85,1,0.4866093835688426,train,Low
6342,120,2,1146.2,1,0.4914948722078956,test,Low
6343,112,3,1513.9,1,0.5400070170772756,train,High
6344,339,2,388.3,1,0.4836238969685029,test,Low
6345,22,2,696.0,0,0.4878005140736062,train,Low
6346,24,2,565.85,1,0.520157862210978,train,High
6347,663,1,579.15,0,0.5417264735739226,train,High
6349,635,1,321.0,1,0.4864636910929198,train,Low
6350,59,1,543.45,1,0.5146191929214258,train,High
6351,59,4,1633.0,0,0.5166246463255575,train,High
6353,39,2,503.85,1,0.5010064260035979,train,Medium
6355,227,1,509.25,1,0.5261664234650772,test,High
6357,299,1,81.35,1,0.393650123888402,test,Low
6358,515,1,652.65,1,0.5065873978760516,train,Medium
6360,225,2,727.5,1,0.4989937851770201,train,Medium
6361,179,3,1822.7,1,0.5003585987215455,train,Medium
6362,33,3,1290.3,1,0.4810879168747747,train,Low
6363,86,3,1079.1,0,0.468594457082612,train,Low
6364,141,3,1365.25,0,0.5225983142458928,train,High
6365,156,2,698.35,1,0.5131169292773715,train,Medium
6366,273,2,1176.75,0,0.5223971303009838,test,High
6367,294,2,1016.4,1,0.5074001658152196,train,Medium
6369,216,1,454.75,1,0.4964844997265272,test,Medium
6372,278,4,1257.75,0,0.5264025161574204,test,High
6373,106,2,871.0999999999999,1,0.4997764701386958,train,Medium
6374,297,1,256.25,1,0.48442770852243,train,Low
6375,288,2,887.8,1,0.5048015503671331,train,Medium
6376,171,1,304.75,0,0.4809610978278545,train,Low
6378,36,2,641.7,1,0.5131169292773715,train,Medium
6380,61,2,565.15,1,0.5025599141296785,train,Medium
6381,409,2,856.0,1,0.5160275302461971,train,High
6383,80,3,1069.7,1,0.4937924800194587,train,Low
6384,18,3,1200.55,1,0.5157728385631466,train,High
6385,287,2,655.2,0,0.4696076387376393,train,Low
6386,422,2,808.1,1,0.5072647364965734,train,Medium
6387,310,2,709.5,1,0.5200049894220589,train,High
6388,160,3,1477.5,1,0.5050736182212914,test,Medium
6389,191,2,878.9000000000001,0,0.478029850793353,train,Low
6390,350,3,1498.5,0,0.4785156905928047,train,Low
6391,14,3,884.5,1,0.5202211476991866,train,High
6392,2,3,1062.55,1,0.4883663282326998,train,Low
6393,75,1,218.9,0,0.5054407181076113,train,Medium
6394,168,1,387.0,1,0.4878019380036589,train,Low
6395,105,1,286.2,1,0.4748590949170256,train,Low
6398,275,1,533.5,1,0.5183400473432503,test,High
6400,172,2,706.1,0,0.4810879168747747,train,Low
6401,153,1,599.55,1,0.5192777930902892,train,High
6402,244,1,277.0,0,0.4930658450397957,train,Low
6403,282,2,761.85,1,0.4900941061750056,test,Low
6405,125,2,863.7,0,0.4937924800194587,train,Low
6406,230,2,617.0999999999999,1,0.5053854392151889,train,Medium
6407,364,1,88.0,1,0.4704778145651291,train,Low
6408,664,1,375.95,1,0.5410547495200398,train,High
6409,339,2,889.5,0,0.5158723838238294,train,High
6410,217,2,801.5,1,0.5126934216675127,train,Medium
6411,144,3,1064.7,1,0.5042747586734928,train,Medium
6412,78,4,2046.3,1,0.5125550632079335,train,Medium
6414,616,1,150.25,0,0.4631182599320692,train,Low
6416,45,2,843.3,1,0.5133218886945446,train,High
6417,338,3,1739.0500000000002,1,0.5428639235856905,train,High
6422,393,1,268.75,1,0.4959422778520208,train,Medium
6423,86,4,1205.15,1,0.5167823555660689,train,High
6424,46,3,1605.6,1,0.529714078817778,train,High
6425,51,2,519.8,0,0.4851684093232626,train,Low
6426,45,4,1642.15,1,0.4821080802782779,train,Low
6427,4,3,844.9,1,0.545180888140936,test,High
6428,238,1,234.0,0,0.4930658450397957,train,Low
6433,285,2,690.6,1,0.4576321335961687,train,Low
6434,20,2,501.9,1,0.5185624357287096,train,High
6436,444,1,401.7,1,0.5194821643459053,train,High
6437,336,2,751.45,1,0.4938544346288886,test,Low
6438,232,2,1222.25,1,0.5005891846193001,train,Medium
6439,58,3,998.85,1,0.4995915540093056,train,Medium
6440,555,2,809.65,0,0.5121939786733183,train,Medium
6442,140,2,655.4,1,0.5281129657004238,test,High
6443,263,3,604.0,1,0.50714449393177,train,Medium
6444,47,2,868.75,1,0.5001582975768212,train,Medium
6445,300,2,694.4,1,0.4839611830619211,test,Low
6447,340,3,1149.35,1,0.5046470375385456,train,Medium
6448,598,1,252.0,1,0.508087145911213,train,Medium
6449,468,1,285.15,1,0.5132003669386644,test,High
6450,197,3,1457.25,1,0.5225983142458928,train,High
6451,479,2,743.15,1,0.5064625503068046,train,Medium
6453,56,2,755.7,1,0.515761890390406,test,High
6455,206,2,652.75,1,0.5114976333214488,train,Medium
6456,408,2,500.35,1,0.5071239027030121,train,Medium
6457,352,1,703.55,1,0.5272444351811474,test,High
6458,373,2,363.05,1,0.4997014347879447,train,Medium
6459,276,3,1280.45,1,0.5216059762848096,train,High
6460,184,3,908.15,1,0.5016004160049354,train,Medium
6461,434,2,865.45,1,0.5065300194032156,train,Medium
6462,184,3,1626.75,1,0.5247513094700659,train,High
6463,219,2,398.4500000000001,1,0.4930658450397957,train,Low
6464,94,3,842.35,1,0.5147685363604915,train,High
6466,230,2,1081.9,1,0.549186856926579,train,High
6467,279,4,1780.55,1,0.4890935880145176,train,Low
6468,72,4,1274.9,1,0.4991320134969268,test,Medium
6469,130,2,540.25,1,0.5140007037181675,train,High
6470,273,1,331.5,1,0.4964658892282296,train,Medium
6472,166,3,1236.05,1,0.4910478737801297,train,Low
6473,344,4,1852.7,1,0.515892767873225,train,High
6475,28,1,505.65,1,0.5445266636310857,train,High
6476,135,3,1647.15,1,0.5323680139560066,test,High
6478,54,1,306.25,1,0.4903208302152007,train,Low
6480,453,1,399.6,1,0.4926857528751238,test,Low
6481,85,2,713.3,1,0.5106499197639368,train,Medium
6482,321,1,363.3,1,0.5097996227522011,train,Medium
6483,79,2,791.0500000000001,1,0.4826688590808537,train,Low
6484,316,1,915.7,1,0.5436344305082181,train,High
6485,596,1,151.9,1,0.4712157590979797,train,Low
6486,75,3,1083.05,1,0.4812595410699105,train,Low
6488,16,2,663.45,1,0.5309070475487333,train,High
6491,273,1,337.75,1,0.482987116873755,train,Low
6492,0,2,432.3,1,0.5561901260407279,train,High
6493,449,3,1424.75,1,0.5129637900534314,train,Medium
6494,52,2,842.5,1,0.5048705328493338,train,Medium
6495,644,2,400.85,1,0.4925838930648311,train,Low
6496,427,1,410.8,0,0.4737533812581151,train,Low
6497,138,2,850.7,1,0.5235329092112829,train,High
6498,244,1,374.65,1,0.4599895826959728,train,Low
6500,78,1,553.45,0,0.5153126283997466,test,High
6501,35,1,219.25,1,0.4754437568809122,train,Low
6502,360,1,691.2,1,0.5011149294218362,train,Medium
6503,436,1,430.55,0,0.4528219608074728,test,Low
6505,205,2,783.75,1,0.5106499197639368,train,Medium
6506,258,1,63.0,0,0.4073013546108607,train,Low
6507,354,2,608.75,1,0.5071239027030121,train,Medium
6509,301,1,81.4,0,0.4428746649187124,train,Low
6511,90,3,926.75,1,0.4773916957915751,train,Low
6513,474,1,340.75,1,0.4890730024105882,train,Low
6515,90,2,961.5,1,0.5138038864123271,train,High
6516,20,1,341.8,1,0.4981919512512456,train,Medium
6518,88,1,403.2,1,0.5109998818761009,train,Medium
6519,595,1,507.85,1,0.4925268935803049,test,Low
6521,83,2,954.0,1,0.4955416889475375,train,Medium
6522,420,2,964.7,1,0.490276121957273,train,Low
6526,312,1,652.1,1,0.511345652852083,train,Medium
6527,124,2,807.2,1,0.5106499197639368,test,Medium
6528,115,1,692.65,1,0.5354832374143459,test,High
6529,284,2,725.4,1,0.4988794373502825,train,Medium
6530,262,1,414.85,1,0.5156276377478772,test,High
6531,335,2,930.1,1,0.534166483541806,train,High
6532,174,4,1823.45,1,0.4852045135884409,test,Low
6533,491,2,676.2,1,0.4981257077064845,train,Medium
6534,165,4,1384.5,1,0.5001945928394543,train,Medium
6535,122,2,551.2,1,0.529645140621826,train,High
6536,274,1,235.3,1,0.4805699533766625,train,Low
6538,51,2,854.9000000000001,1,0.4964039296968924,train,Medium
6539,109,3,1481.0,1,0.4977454415006532,train,Medium
6540,273,3,1201.45,1,0.5025800726417841,test,Medium
6541,416,1,501.9,1,0.5028271180394898,train,Medium
6542,558,1,477.85,1,0.5056820163107733,train,Medium
6543,609,1,315.5,0,0.4813969104151114,train,Low
6545,609,1,212.1,1,0.4849817448619647,train,Low
6546,177,2,972.9,1,0.5031125425231535,train,Medium
6547,174,2,993.15,0,0.5010064260035979,train,Medium
6548,14,2,467.4,1,0.5427245455305231,train,High
6549,495,1,245.4,1,0.4934903823817442,test,Low
6550,379,1,139.85,1,0.3747347120764795,train,Low
6551,69,3,735.4000000000001,1,0.5169984638436453,train,High
6552,69,2,476.9500000000001,1,0.4881173756460307,train,Low
6553,158,2,692.4,1,0.5001582975768212,train,Medium
6554,406,1,240.25,0,0.4653800260481486,train,Low
6556,411,1,242.75,0,0.4510958356782928,train,Low
6557,414,1,188.5,1,0.4867018968192321,train,Low
6558,106,2,525.3,1,0.5167577130748201,train,High
6560,324,2,443.15,1,0.531824484697244,train,High
6561,460,2,454.25,1,0.5160275302461971,train,High
6562,42,1,204.55,1,0.4930658450397957,train,Low
6564,299,2,953.5,1,0.4831739092300774,test,Low
6565,377,1,93.95,1,0.4734029114505821,train,Low
6566,500,1,200.25,1,0.4986493438172413,test,Medium
6568,159,2,342.79999999999995,1,0.4930658450397957,train,Low
6569,29,5,2177.35,1,0.5091538223427714,test,Medium
6570,254,1,83.0,1,0.4429664801753806,train,Low
6571,396,1,243.0,1,0.4959422778520208,train,Medium
6572,307,1,555.1,1,0.4969620841104575,train,Medium
6573,635,1,419.65,1,0.508087145911213,test,Medium
6574,187,2,974.0,1,0.4881173756460307,train,Low
6576,243,2,1172.6999999999998,1,0.5175716670523727,train,High
6577,124,3,955.45,1,0.4836329643530239,train,Low
6578,80,5,1898.45,1,0.5120209852386977,train,Medium
6579,268,2,903.15,1,0.4817487255839989,train,Low
6580,2,3,796.0500000000001,1,0.5072464069641093,train,Medium
6581,37,4,1920.85,1,0.4991875508239592,test,Medium
6584,156,3,1385.85,1,0.5115055136484908,train,Medium
6585,238,3,1474.4,1,0.5342000091711803,train,High
6586,121,1,356.0,0,0.4815542572452661,train,Low
6587,253,3,1165.5,1,0.4794693687465229,train,Low
6588,246,3,1554.95,1,0.5040350151112831,train,Medium
6589,229,2,1068.75,1,0.508099280867547,test,Medium
6590,516,1,636.8,1,0.5259041987541687,train,High
6591,439,1,275.25,1,0.5098363786684208,train,Medium
6592,106,3,1083.2,1,0.5106499197639368,train,Medium
6593,165,1,397.0,1,0.4809610978278545,train,Low
6594,368,1,651.1,1,0.5153126283997466,train,High
6595,35,2,278.25,0,0.4801142532765611,train,Low
6596,447,1,341.05,1,0.4900941061750056,train,Low
6598,107,3,1056.05,1,0.4677596778735711,train,Low
6601,44,2,747.8,1,0.4834414216730265,train,Low
6602,367,2,639.7,0,0.4635025053038614,train,Low
6603,528,2,615.4,1,0.4747073151718053,train,Low
6604,82,3,1321.35,1,0.5341796999406907,train,High
6605,89,2,536.8,1,0.5277816314383086,train,High
6607,620,1,909.4,1,0.517302094505444,train,High
6608,310,2,703.6500000000001,1,0.4938544346288886,train,Low
6609,50,1,339.4,1,0.505956408173424,test,Medium
6610,105,2,790.3,1,0.4981257077064845,train,Medium
6611,535,1,271.75,1,0.502468322194394,train,Medium
6612,297,2,780.25,1,0.5196553164134698,train,High
6613,59,2,1121.6,1,0.5292801564359642,test,High
6615,399,1,271.95,1,0.4959422778520208,train,Medium
6617,28,1,494.2,1,0.5010767782012849,train,Medium
6618,83,1,325.1,1,0.5076191721387563,train,Medium
6619,591,1,323.35,1,0.4635025053038614,train,Low
6620,255,2,892.8,1,0.5189475683607966,test,High
6622,8,1,295.15,1,0.5067025991171733,train,Medium
6624,164,2,312.95,0,0.4933278166973815,train,Low
6626,488,1,436.8,0,0.5071239027030121,train,Medium
6627,175,3,914.55,1,0.4881173756460307,train,Low
6628,490,1,246.5,1,0.5219825568072531,train,High
6629,620,1,581.75,1,0.5280669121371475,train,High
6630,222,1,341.55,1,0.4986261280383852,train,Medium
6631,461,2,876.35,1,0.5414051280628263,train,High
6632,188,2,719.35,1,0.4872188064858048,test,Low
6633,5,5,1873.25,1,0.5067773445819548,train,Medium
6635,171,1,511.5,1,0.501606427049958,train,Medium
6636,526,1,252.55,1,0.5194821643459053,test,High
6638,16,3,791.1,1,0.5272705027558934,train,High
6639,64,2,1112.75,0,0.4869654621298227,train,Low
6640,39,1,413.8,1,0.4945487730706255,train,Low
6641,637,3,614.45,1,0.5028568996424916,train,Medium
6642,471,1,135.5,1,0.4211953120232047,train,Low
6644,435,1,324.75,1,0.4752326769966117,train,Low
6645,353,1,746.2,1,0.5437295329343359,train,High
6648,260,1,592.15,1,0.5188598228557106,train,High
6649,43,1,281.45,0,0.4625327086105462,train,Low
6650,252,2,671.45,1,0.5131531994964469,train,Medium
6651,226,1,232.05,1,0.4762977773965152,train,Low
6652,116,1,544.9,1,0.5020431804419783,train,Medium
6653,231,1,249.9,1,0.4939138308346024,train,Low
6654,64,3,1331.95,1,0.4969892999795018,test,Medium
6655,376,1,397.5,1,0.5010783663768643,test,Medium
6656,131,3,1544.95,1,0.5369036877873032,train,High
6657,220,2,570.45,1,0.518671976683978,train,High
6658,328,1,350.4,1,0.4975349282341227,train,Medium
6659,77,1,434.6,1,0.4939138308346024,test,Low
6660,152,1,557.2,0,0.5017209567946899,train,Medium
6661,496,1,212.0,0,0.5006906316972679,train,Medium
6662,631,1,500.85,1,0.5143724883739125,train,High
6663,338,2,794.5,1,0.49470245314797,train,Medium
6664,307,1,496.2,0,0.4933236094120741,train,Low
6666,510,1,582.3,1,0.5133935496580981,test,High
6667,349,3,1048.1,1,0.487032161663523,train,Low
6668,125,4,1956.45,1,0.4875904042613658,test,Low
6670,8,4,1374.95,1,0.5323678469121601,train,High
6671,512,1,119.8,1,0.4384983464404484,train,Low
6672,608,2,1111.55,1,0.5059833525579768,train,Medium
6674,379,2,737.0,1,0.4947513649493723,test,Medium
6675,218,3,1147.2,1,0.4999451796367591,train,Medium
6676,412,6,2078.75,1,0.5186624954654981,train,High
6677,96,3,883.6999999999999,0,0.4875722074624726,train,Low
6679,301,2,763.25,1,0.5275880501080294,train,High
6680,603,1,538.75,1,0.5377816551945267,train,High
6683,237,2,865.75,1,0.5202877734791559,train,High
6684,606,1,530.25,1,0.5389411506451526,test,High
6685,61,4,1557.9,1,0.5302843609849622,train,High
6686,91,4,1208.0,1,0.4776782482437073,train,Low
6687,146,3,1446.0,1,0.5198371183677508,train,High
6688,220,3,1292.2,1,0.4788785013236368,train,Low
6689,520,1,346.75,1,0.4856597072084279,train,Low
6691,277,1,390.65,1,0.483893495770781,test,Low
6692,245,3,1279.0,1,0.5059783336743889,train,Medium
6693,113,3,1529.35,1,0.5241792373150715,train,High
6694,119,3,1084.4,1,0.4978138577397622,train,Medium
6695,77,2,1187.65,1,0.530967517344072,train,High
6696,342,3,1409.15,1,0.5355259140802148,train,High
6697,440,1,171.75,1,0.4729076646484973,train,Low
6698,261,3,1179.9,1,0.4998660519229543,train,Medium
6700,653,1,392.8,1,0.499142765931918,train,Medium
6701,606,2,543.15,1,0.5425275437171146,train,High
6702,470,2,531.55,1,0.4839611830619211,train,Low
6703,23,2,936.2,1,0.5022296756250291,test,Medium
6704,103,3,1331.8,0,0.5171321766298519,train,High
6705,369,1,323.05,1,0.5088325593689619,train,Medium
6706,159,1,424.25,0,0.4930658450397957,train,Low
6707,118,1,136.85,1,0.4127501435011919,train,Low
6708,44,2,1042.25,1,0.5535589769421313,train,High
6709,127,1,348.25,1,0.5196731646764486,train,High
6710,202,2,679.45,1,0.4881173756460307,test,Low
6711,319,2,571.55,1,0.5135250188716313,test,High
6712,223,1,612.75,1,0.5214193374035055,train,High
6716,222,3,1137.45,1,0.525178080472502,test,High
6717,110,1,546.7,1,0.5199681207525138,test,High
6718,197,4,1613.0,1,0.491331521949944,test,Low
6720,172,2,753.0,1,0.5116709579324805,train,Medium
6721,390,1,278.25,0,0.482987116873755,train,Low
6722,160,5,1157.5,1,0.5115055136484908,train,Medium
6723,24,1,335.05,1,0.4786927584525088,train,Low
6724,7,1,425.25,0,0.5130502266300845,train,Medium
6725,277,3,1085.6,1,0.4839611830619211,train,Low
6727,343,1,552.3,1,0.5102141093039883,train,Medium
6728,71,1,530.05,1,0.5011950597583067,train,Medium
6733,253,1,253.1,1,0.4921475638343566,train,Low
6734,642,1,216.25,1,0.5135250188716313,train,High
6735,42,4,1668.85,1,0.5159305283589459,train,High
6736,257,2,966.5,1,0.5122581073173648,train,Medium
6738,327,2,658.95,1,0.490992900656246,train,Low
6740,378,1,357.6,1,0.4959422778520208,train,Medium
6742,275,1,407.4,1,0.4989935254804892,train,Medium
6743,203,2,1140.2,1,0.530967517344072,train,High
6744,4,4,1576.8,1,0.5213744460997547,train,High
6745,214,2,893.4499999999999,0,0.5073305736273344,train,Medium
6746,391,2,1036.5,1,0.5277430400897257,train,High
6747,284,2,789.4,1,0.4848084854293814,test,Low
6748,330,1,380.9,1,0.4974253681546105,train,Medium
6750,220,4,1578.6999999999998,1,0.4810879168747747,train,Low
6751,245,1,133.5,1,0.4573752433937666,train,Low
6752,6,3,1185.05,1,0.5374789233750226,test,High
6753,615,1,342.55,1,0.4848084854293814,test,Low
6754,7,4,1149.2,0,0.5129091683287074,train,Medium
6755,27,3,1423.3000000000002,0,0.4724543819352381,train,Low
6756,7,3,1105.95,1,0.5089972905396869,test,Medium
6757,466,1,629.0,0,0.5133936675491513,train,High
6758,375,2,483.35,1,0.4938544346288886,test,Low
6759,438,1,359.8,1,0.4599699301754311,train,Low
6760,253,1,180.1,1,0.4694440465231718,train,Low
6761,9,2,529.75,1,0.4638721468669637,train,Low
6762,617,2,683.85,1,0.5173200402255336,train,High
6763,140,2,411.75,1,0.4945487730706255,train,Low
6764,288,1,140.8,1,0.4472738718116799,train,Low
6765,105,5,2414.55,1,0.5364146150244011,train,High
6766,326,2,805.5,0,0.5196553164134698,train,High
6768,413,1,494.6,1,0.4947103367632879,test,Medium
6769,48,5,1611.9,1,0.5226791181739981,train,High
6770,450,1,360.25,1,0.5079718390072365,train,Medium
6771,373,1,556.55,1,0.52370534773439,test,High
6773,464,1,356.5,1,0.5309797004554978,train,High
6774,637,1,200.8,1,0.5350312528335913,train,High
6775,35,1,774.55,1,0.5523206739032502,train,High
6776,45,3,1745.35,1,0.5483467954533564,train,High
6777,207,2,980.8,1,0.515761890390406,test,High
6778,666,1,112.55,1,0.4008236893399639,train,Low
6779,166,1,474.1,1,0.4997345076538584,train,Medium
6780,26,2,437.95,1,0.4944567383968908,test,Low
6782,388,3,1090.85,0,0.5241857373087203,test,High
6783,517,1,396.7,1,0.4981257077064845,train,Medium
6784,119,1,344.2,0,0.4591469989506729,train,Low
6785,180,2,715.05,1,0.4962660461804641,train,Medium
6787,86,1,265.75,1,0.4815542572452661,test,Low
6788,310,2,235.75,1,0.4785156905928047,train,Low
6789,3,3,1020.8,1,0.5213082969952639,train,High
6790,108,4,1634.5,0,0.5281129657004238,train,High
6791,657,1,454.7,1,0.5290846355498988,train,High
6793,164,4,1402.45,1,0.4991796663458958,train,Medium
6794,209,2,435.9500000000001,1,0.4981257077064845,train,Medium
6795,85,2,1247.45,1,0.5136967136533678,train,High
6796,328,1,167.35,0,0.4256204265252818,test,Low
6798,440,1,410.05,1,0.4858465278317895,train,Low
6799,154,2,752.75,1,0.4719529665230039,train,Low
6801,328,2,549.3,1,0.497179370607368,train,Medium
6802,315,3,773.9000000000001,1,0.5143724883739125,train,High
6803,46,2,741.4,1,0.504247494307109,train,Medium
6804,54,6,2659.25,1,0.4978138577397622,train,Medium
6805,193,2,820.6,1,0.5127892050558353,train,Medium
6806,101,1,158.2,0,0.3843837196172305,train,Low
6807,267,2,565.65,1,0.4809017791353817,train,Low
6808,242,2,850.25,1,0.4964039296968924,train,Medium
6809,384,1,568.15,1,0.504538382617219,test,Medium
6810,644,1,322.7,0,0.5053854392151889,train,Medium
6811,113,2,691.4499999999999,1,0.5001535601014223,train,Medium
6812,192,1,687.3,1,0.5332806940383136,train,High
6813,139,2,885.9,1,0.5095713263716803,train,Medium
6814,38,3,1392.45,1,0.4882342651645476,train,Low
6815,311,2,839.6500000000001,0,0.4865727354808416,test,Low
6817,103,3,655.4,1,0.5062126393997248,train,Medium
6818,15,4,2206.05,1,0.5153879739992934,test,High
6819,230,3,1391.8,1,0.4861979812544793,train,Low
6820,47,3,1053.3,1,0.515761890390406,train,High
6822,410,2,1430.05,1,0.5094997352005923,train,Medium
6823,604,2,926.35,1,0.514545761049545,train,High
6824,234,1,351.55,1,0.4801142532765611,train,Low
6825,337,2,669.45,0,0.4890730024105882,test,Low
6826,509,1,251.1,1,0.521304507547085,train,High
6827,1,2,878.35,0,0.5409577728909111,train,High
6828,268,5,1557.3,0,0.4696076387376393,train,Low
6830,115,2,1231.7,1,0.5118758829219276,train,Medium
6831,152,2,947.25,1,0.5222561839550494,train,High
6832,186,3,1012.35,1,0.4759527120421236,train,Low
6833,381,1,135.25,1,0.461706612556283,test,Low
6834,61,1,367.05,1,0.4702482079528864,train,Low
6835,318,2,991.3,1,0.5219825568072531,train,High
6836,179,4,1536.55,1,0.5116709579324805,test,Medium
6838,41,1,647.95,1,0.5268764408306775,train,High
6839,146,2,1074.1999999999998,1,0.5161009487682178,test,High
6840,526,1,388.5,0,0.5180387073160418,test,High
6841,530,1,149.15,0,0.4120156141464517,train,Low
6842,447,1,133.6,0,0.475471057759995,train,Low
6843,86,3,1253.15,0,0.4829551746481286,test,Low
6844,37,2,499.6,1,0.5211137568050913,test,High
6845,576,1,582.75,1,0.5400310959018819,train,High
6848,333,5,1541.75,0,0.5021359565775964,train,Medium
6850,10,4,1340.45,0,0.5020159439474139,train,Medium
6852,178,1,533.05,1,0.5016617128133493,train,Medium
6853,42,2,900.6500000000001,1,0.5079227226569893,train,Medium
6855,33,3,1689.9,1,0.506421625736797,train,Medium
6856,182,5,1994.95,1,0.5029499888601991,train,Medium
6857,78,2,929.9,1,0.5139644368356951,train,High
6858,243,2,969.6,1,0.5004396835858119,train,Medium
6860,4,1,337.95,1,0.5052196543896005,train,Medium
6861,253,1,373.85,0,0.5046846331472878,train,Medium
6862,60,3,881.25,1,0.5282253753806624,train,High
6863,9,1,361.2,1,0.4872586041780156,train,Low
6864,49,3,1330.8000000000002,1,0.5174909966775046,test,High
6865,176,3,996.0,1,0.492698778965158,train,Low
6866,67,2,782.95,1,0.4895587798454937,train,Low
6867,141,1,204.85,1,0.4878019380036589,train,Low
6869,73,3,1491.5,1,0.4868150750935341,test,Low
6870,420,1,272.05,0,0.4974825414040035,train,Medium
6871,358,2,1015.1,1,0.5197659324516574,train,High
6872,132,3,1284.5,0,0.4971141385910763,train,Medium
6873,80,2,1141.0,0,0.5186455937398382,train,High
6874,31,2,927.3,1,0.4866943680358893,test,Low
6876,32,2,845.05,1,0.5103124272682582,train,Medium
6877,593,1,321.35,1,0.493010570385579,train,Low
6878,279,1,509.05,1,0.5068693614191284,train,Medium
6879,188,3,1809.35,1,0.5178096227102555,train,High
6880,156,2,374.2,1,0.4930658450397957,train,Low
6882,112,2,819.75,1,0.5025599141296785,train,Medium
6883,13,2,789.35,1,0.5293085735635579,train,High
6887,168,3,1172.3,1,0.5112209410212645,train,Medium
6888,81,3,931.1,1,0.4801828147309185,train,Low
6889,509,1,301.45,1,0.4890730024105882,train,Low
6893,208,2,774.6500000000001,1,0.5010767782012849,train,Medium
6894,168,3,1008.95,1,0.5106499197639368,train,Medium
6897,164,3,1679.0,0,0.4984498229640993,train,Medium
6899,349,2,435.35,1,0.4931668096439144,train,Low
6900,269,1,199.15,1,0.4913507135909387,train,Low
6901,492,1,352.35,1,0.5186352670496369,train,High
6902,221,4,1455.1999999999998,1,0.4814990473408403,train,Low
6905,360,1,651.7,1,0.509922385920476,train,Medium
6906,468,1,327.8,1,0.4909419307376721,test,Low
6909,475,1,284.35,1,0.5097438349684575,train,Medium
6910,284,1,340.3,1,0.4974253681546105,test,Medium
6912,30,4,1865.65,0,0.4982376410604281,train,Medium
6913,648,1,375.45,1,0.4858291518291973,train,Low
6914,5,2,824.0999999999999,1,0.5379454105745961,train,High
6915,249,3,1291.8,1,0.5091538223427714,train,Medium
6916,549,1,328.75,1,0.5196553164134698,train,High
6917,9,4,1843.4,1,0.5038620057636848,train,Medium
6919,197,1,739.3,1,0.5185047102427237,train,High
6920,168,3,1551.15,1,0.499628744284752,train,Medium
6921,506,1,282.4,1,0.5061300208210419,train,Medium
6922,243,1,511.0,1,0.5154665548118411,test,High
6923,544,1,338.9,1,0.5186352670496369,train,High
6924,21,3,1216.2,1,0.4839514963888106,train,Low
6925,576,1,254.7,1,0.5006906316972679,train,Medium
6926,450,1,63.0,0,0.4546598789806771,train,Low
6927,22,2,804.3499999999999,1,0.5038269453448456,train,Medium
6928,505,1,632.15,1,0.5374586104144751,test,High
6929,152,3,1342.6,1,0.4983315420219512,train,Medium
6930,49,2,1070.5500000000002,1,0.5146191929214258,test,High
6932,466,1,360.25,1,0.4909419307376721,train,Low
6934,490,1,391.65,0,0.534166483541806,test,High
6935,58,4,1154.35,1,0.515761890390406,train,High
6936,33,1,84.75,1,0.4382817642271382,test,Low
6937,599,1,214.2,1,0.5005666768215354,train,Medium
6938,64,3,1155.2,1,0.5094099309177951,train,Medium
6939,381,1,412.75,0,0.4967903626357708,test,Medium
6940,356,1,425.85,0,0.482987116873755,train,Low
6941,534,1,663.25,1,0.5126198855353089,train,Medium
6942,584,1,275.7,1,0.4795214196090083,test,Low
6943,47,3,1079.9,1,0.4991320134969268,train,Medium
6944,248,4,1286.45,1,0.4862215129046506,train,Low
6945,159,1,440.55,0,0.4935381916160286,train,Low
6946,36,2,937.3,1,0.5225983142458928,train,High
6948,56,1,423.75,1,0.5046846331472878,train,Medium
6949,70,3,1201.85,1,0.5032532694399632,train,Medium
6950,383,2,727.55,1,0.5196553164134698,train,High
6951,115,1,265.45,1,0.4625327086105462,train,Low
6952,618,1,244.65,1,0.4996128070388028,test,Medium
6954,134,2,875.95,1,0.5156260511162473,train,High
6955,322,2,871.05,1,0.5422057587818374,train,High
6956,11,3,1020.0,1,0.5272705027558934,train,High
6960,299,2,1237.55,1,0.5389206800824485,test,High
6961,308,1,758.2,1,0.5455005903566669,test,High
6962,289,2,830.75,1,0.5230292769917697,test,High
6963,362,1,242.55,0,0.5094673734717514,test,Medium
6965,306,2,726.25,1,0.5030303113307782,train,Medium
6966,231,1,546.85,1,0.5161009487682178,train,High
6967,610,1,359.7,1,0.5251265055782595,train,High
6969,334,2,825.8,1,0.5186352670496369,train,High
6972,630,1,256.3,1,0.514545761049545,train,High
6974,427,4,2188.1,1,0.523195942951369,train,High
6976,282,2,796.15,1,0.490992900656246,train,Low
6978,107,1,474.6,0,0.5015400421018397,test,Medium
6979,36,1,320.85,1,0.4809610978278545,test,Low
6980,42,3,920.3,0,0.4889650597728666,train,Low
6981,552,2,652.25,0,0.5046293525711298,train,Medium
6982,295,1,477.8,1,0.490992900656246,train,Low
6983,459,1,332.95,1,0.5183568862596974,train,High
6984,191,1,331.85,1,0.481595234267449,train,Low
6986,264,2,997.8,1,0.4964817285956375,train,Medium
6987,265,1,689.9,1,0.5321816427689076,train,High
6988,44,2,822.0,1,0.515761890390406,train,High
6989,101,2,318.55,1,0.4809610978278545,test,Low
6990,258,2,648.75,0,0.4900941061750056,train,Low
6991,341,3,1272.0,1,0.5309797004554978,test,High
6992,176,2,1048.35,1,0.5418767827036598,train,High
6993,45,2,420.7000000000001,1,0.4905482934991491,test,Low
6994,30,2,621.25,1,0.5142965440381508,test,High
6995,184,1,347.35,1,0.469403167228808,train,Low
6997,348,3,1014.45,1,0.5196553164134698,train,High
6998,105,1,616.15,1,0.510048449772028,train,Medium
7001,304,1,565.75,1,0.5031145550024017,train,Medium
7002,159,1,976.3,1,0.5214931428521092,train,High
7003,423,1,383.85,1,0.4858465278317895,train,Low
7004,56,1,219.5,1,0.4930658450397957,train,Low
7005,134,3,649.75,0,0.504247494307109,test,Medium
7006,652,1,490.35,1,0.5251468586455323,train,High
7007,447,1,164.65,1,0.3785223532283348,train,Low
7008,623,1,412.2,1,0.529506970616687,train,High
7009,544,1,466.8,1,0.5454480076266043,train,High
7010,167,4,1520.6,1,0.5106499197639368,test,Medium
7012,227,3,1260.5,1,0.4974130766285576,train,Medium
7013,353,1,259.45,1,0.5066426854204957,train,Medium
7014,28,4,1194.0,1,0.468594457082612,train,Low
7015,524,2,871.65,1,0.5341867928460424,train,High
7016,493,2,1139.35,1,0.5082804135634968,train,Medium
7017,416,3,1408.95,1,0.5135250188716313,train,High
7018,223,1,283.0,1,0.5015611112391937,train,Medium
7019,1,2,830.65,1,0.5333824840365274,train,High
7020,624,1,716.8,1,0.5531192515500919,train,High
7022,39,2,912.25,1,0.4870455036459979,train,Low
7023,42,3,1100.75,1,0.5115055136484908,train,Medium
7024,146,1,119.35,0,0.4132870896259945,train,Low
7025,480,1,399.05,1,0.5098144833240807,train,Medium
7027,31,3,1117.05,0,0.5126934216675127,test,Medium
7028,372,3,883.5500000000001,1,0.5194821643459053,train,High
7029,576,2,1281.75,1,0.5069114507895148,train,Medium
7030,48,2,909.45,1,0.4949619143167143,train,Medium
7031,62,1,288.55,1,0.4944374013364583,train,Low
7032,661,1,294.8,1,0.4839611830619211,train,Low
7033,232,4,1332.8,1,0.5046293525711298,train,Medium
7034,217,1,413.75,0,0.4939138308346024,test,Low
7035,253,1,253.9,1,0.4946583231702582,test,Medium
7036,155,1,317.1,1,0.4986261280383852,train,Medium
7037,59,3,1008.1,1,0.5113462460731736,train,Medium
7039,340,2,966.6,1,0.4943780036741217,test,Low
7041,12,3,1016.75,1,0.5282888965189863,train,High
7042,458,2,1024.4,1,0.5340154229202934,train,High
7043,381,1,105.6,0,0.4734029114505821,train,Low
7045,216,3,1137.6,1,0.4714771224309801,train,Low
7047,157,3,975.0,1,0.4677596778735711,test,Low
7048,154,1,297.1,0,0.5054407181076113,train,Medium
7049,40,3,2077.4,1,0.5111021036688399,train,Medium
7053,69,2,992.25,1,0.5131169292773715,train,Medium
7054,14,4,1318.0,1,0.5057260332718325,test,Medium
7055,328,1,239.2,1,0.4754437568809122,test,Low
7057,234,2,712.15,1,0.5145989455036525,test,High
7058,106,1,513.55,1,0.5192777930902892,train,High
7059,78,3,1399.2,1,0.5273591300454983,train,High
7060,410,2,756.85,1,0.493010570385579,train,Low
7061,273,3,1510.35,1,0.5114625469354577,test,Medium
7062,400,1,389.55,1,0.4959422778520208,train,Medium
7063,134,2,1381.0,1,0.5334811624469756,test,High
7064,214,2,474.45,1,0.4956440699746404,train,Medium
7065,166,1,685.3,1,0.5124134001167417,train,Medium
7066,74,2,855.95,1,0.4997345076538584,test,Medium
7067,79,1,200.1,1,0.4666487497337807,train,Low
7068,40,2,796.15,1,0.5157483749326788,train,High
7069,298,3,1197.75,1,0.5194821643459053,train,High
7070,525,1,396.55,1,0.530246700714626,train,High
7071,55,3,1326.4,1,0.4853740676081202,test,Low
7073,240,2,966.15,0,0.5290846355498988,train,High
7074,25,2,1190.2,1,0.5118758829219276,train,Medium
7075,323,2,668.8,1,0.502468322194394,train,Medium
7076,30,4,621.65,1,0.5062126393997248,train,Medium
7078,112,1,610.65,1,0.525380556997349,train,High
7079,192,2,374.0,1,0.5273796637564251,test,High
7080,143,2,1027.5,1,0.5282489457094229,train,High
7081,56,3,968.9,1,0.5139644368356951,test,High
7083,81,2,1459.15,1,0.5624704715811195,train,High
7084,331,1,347.25,1,0.5210359117415548,train,High
7085,22,5,2379.5,0,0.5113462460731736,train,Medium
7087,184,1,182.25,1,0.505795756048608,train,Medium
7088,5,3,1559.75,1,0.5231795825680613,train,High
7089,298,3,920.2,1,0.5132003669386644,test,High
7090,23,1,834.4,0,0.5116644430794378,train,Medium
7091,361,1,384.0,1,0.482987116873755,train,Low
7092,35,1,347.35,1,0.5167216916096667,train,High
7094,43,2,579.7,1,0.5026694739957746,train,Medium
7095,462,2,709.9000000000001,1,0.530246700714626,train,High
7096,123,2,778.1500000000001,1,0.4881173756460307,test,Low
7097,508,1,467.3,1,0.5306485901594736,train,High
7099,260,1,260.75,1,0.5079846696591224,test,Medium
7100,235,2,1146.25,1,0.5016617128133493,train,Medium
7101,515,1,380.8,1,0.5021359565775964,test,Medium
7102,151,1,293.2,1,0.4930658450397957,train,Low
7103,226,3,1717.15,1,0.5156511486266889,test,High
7105,359,2,732.95,1,0.4915767634413487,train,Low
7107,71,2,1069.0,1,0.5084700020669064,train,Medium
7108,199,1,370.2,1,0.5069236469099243,train,Medium
7109,173,4,1460.5500000000002,1,0.4928787926570194,train,Low
7110,111,2,1041.85,0,0.5080218627679915,train,Medium
7111,362,2,979.45,1,0.4687522672098299,test,Low
7112,192,4,1900.25,1,0.5225983142458928,train,High
7114,562,1,470.05,1,0.5211360040822915,train,High
7115,74,1,407.45,0,0.4930658450397957,train,Low
7116,42,1,188.05,1,0.4945487730706255,train,Low
7118,430,1,254.15,1,0.4653800260481486,train,Low
7119,524,2,927.5,1,0.5174909966775046,train,High
7120,569,2,957.7,1,0.4879278427560297,train,Low
7121,120,2,1037.0500000000002,1,0.52813828575586,train,High
7122,338,2,487.0,1,0.4839611830619211,test,Low
7123,259,2,958.7,1,0.5346014849809917,train,High
7125,449,1,404.05,1,0.5247361537083699,test,High
7126,69,3,1004.55,1,0.5134490673675087,train,High
7127,528,1,125.15,1,0.4842151274339055,train,Low
7128,394,2,745.7,1,0.5135250188716313,train,High
7130,180,4,1876.1,1,0.515761890390406,train,High
7131,490,1,247.25,1,0.4890730024105882,train,Low
7132,123,1,265.8,1,0.4786927584525088,train,Low
7134,196,4,1231.6,1,0.5238570635638256,train,High
7135,120,1,177.05,1,0.4935893933450712,train,Low
7136,627,1,227.95,1,0.4758318554346515,train,Low
7137,254,2,423.4,1,0.5127735658793938,train,Medium
7138,121,1,298.85,0,0.5054407181076113,train,Medium
7140,5,4,925.8,1,0.4987465013356486,test,Medium
7141,538,1,202.65,1,0.4899207577402041,train,Low
7143,485,3,1270.4,1,0.5201074041361181,train,High
7144,418,4,1780.1,1,0.5028568996424916,train,Medium
7145,425,2,616.75,1,0.4817487255839989,train,Low
7146,407,3,1224.0,1,0.514545761049545,train,High
7147,507,1,325.15,1,0.5186352670496369,test,High
7148,373,1,392.5,0,0.4874697685828471,train,Low
7149,229,1,392.7,1,0.4808937155281129,train,Low
7150,40,2,593.75,1,0.4944688499916503,test,Low
7151,664,1,558.7,0,0.5295451448559058,train,High
7152,0,2,706.6,1,0.5455105270607163,train,High
7153,288,3,1123.55,1,0.534166483541806,train,High
7154,278,2,621.9000000000001,1,0.5030350486323529,train,Medium
7155,31,1,540.3,1,0.5138961168904581,train,High
7156,541,2,1072.8,1,0.5346601056583403,train,High
7157,211,2,804.7,1,0.5139644368356951,train,High
7158,498,1,230.85,1,0.4915767634413487,test,Low
7159,135,3,1469.75,1,0.5051779566791407,train,Medium
7160,22,1,388.15,1,0.4759661621217517,train,Low
7161,137,3,1942.35,1,0.5306438666114955,test,High
7162,350,2,1191.4,1,0.5144906720026686,train,High
7163,86,4,1711.8,1,0.5226791181739981,test,High
7165,224,2,876.5999999999999,1,0.5024030896018641,train,Medium
7166,243,2,1555.15,1,0.5265790819243561,test,High
7167,22,2,711.6,1,0.4859484072099007,train,Low
7168,160,1,496.2,1,0.5025599141296785,train,Medium
7169,93,4,1203.15,0,0.4872188064858048,train,Low
7170,247,4,1955.0,1,0.5313225481469077,train,High
7171,660,1,729.4,1,0.5570575949782901,train,High
7172,369,1,190.9,1,0.4959422778520208,test,Medium
7174,410,4,1477.0,1,0.4995315876261861,test,Medium
7175,149,5,2786.55,1,0.4902603878635101,test,Low
7176,196,3,1790.65,1,0.5317755182475871,train,High
7178,435,2,706.8,0,0.468594457082612,train,Low
7179,418,1,158.25,1,0.3902300306692605,train,Low
7180,99,1,498.4,1,0.5010767782012849,train,Medium
7181,156,1,478.8,1,0.4853531453792684,train,Low
7182,59,1,321.25,1,0.4939138308346024,train,Low
7183,276,1,530.95,1,0.5209990246763672,train,High
7184,18,4,1573.5,0,0.4972521293085922,train,Medium
7185,416,1,414.85,1,0.4768674473059585,train,Low
7187,406,1,471.25,1,0.4823419536786033,train,Low
7189,330,3,1061.85,1,0.4955751637950048,train,Medium
7190,135,2,960.55,1,0.4876713246293853,train,Low
7192,141,2,644.55,1,0.4725899775268896,train,Low
7193,553,1,286.3,1,0.5097438349684575,train,Medium
7194,652,1,421.75,1,0.5263950483491984,train,High
7197,587,1,511.15,1,0.5249124855163381,train,High
7199,49,4,1930.9,1,0.5393481121112906,train,High
7200,32,5,1886.7,1,0.4664063812306647,train,Low
7202,416,2,696.15,1,0.4773209680991618,train,Low
7203,275,2,914.15,1,0.5039534857995365,train,Medium
7204,100,3,1211.6999999999998,1,0.5262034111564424,train,High
7205,122,3,1165.15,1,0.4881173756460307,train,Low
7207,434,1,381.75,0,0.4729076646484973,train,Low
7208,147,1,910.4,1,0.5447190438761905,train,High
7211,668,1,449.4,1,0.5135250188716313,train,High
7214,312,1,322.35,1,0.5079846696591224,train,Medium
7215,171,2,656.0,1,0.5313225481469077,train,High
7216,496,2,757.1,1,0.5107604731804493,test,Medium
7218,29,3,1074.8,1,0.524719140773967,train,High
7219,457,1,332.65,1,0.5071239027030121,train,Medium
7221,56,1,593.3,1,0.5229952117933435,train,High
7223,48,2,712.5500000000001,1,0.4645379115835991,train,Low
7224,214,1,123.95,1,0.474901088409652,train,Low
7225,219,2,845.4,1,0.4949619143167143,test,Medium
7227,243,2,717.3,1,0.4881173756460307,train,Low
7228,530,1,441.15,1,0.5323508085237922,train,High
7229,166,3,815.55,1,0.5116709579324805,train,Medium
7230,330,1,488.05,1,0.490992900656246,train,Low
7231,39,6,2306.65,1,0.4853740676081202,test,Low
7232,366,1,663.4,1,0.5493531881241301,train,High
7234,165,4,2012.9,1,0.5136967136533678,train,High
7235,345,1,697.2,0,0.5037642479696637,test,Medium
7236,299,2,1394.0,1,0.5186301933629286,train,High
7237,640,1,532.95,1,0.5317524953270657,train,High
7238,219,3,627.9,1,0.5010767782012849,train,Medium
7240,145,2,1073.45,1,0.5369036877873032,train,High
7241,35,3,1323.15,1,0.5176294808092777,test,High
7242,69,2,537.0,1,0.501924900136904,train,Medium
7243,645,1,327.0,1,0.5135250188716313,train,High
7244,661,1,195.55,1,0.4848084854293814,train,Low
7245,294,2,599.2,1,0.5046470375385456,test,Medium
7246,136,1,256.25,1,0.4917238841470985,train,Low
7247,47,4,2061.35,1,0.536060073409492,train,High
7251,355,1,382.0,0,0.4754437568809122,train,Low
7252,322,3,1474.65,1,0.5201434175222722,test,High
7253,291,1,362.25,1,0.4959422778520208,test,Medium
7254,648,1,741.1,1,0.5075065364438026,train,Medium
7255,210,2,613.8,1,0.501924900136904,train,Medium
7256,199,4,1855.2,1,0.5074536789322365,train,Medium
7258,620,2,811.7,1,0.5251265055782595,train,High
7259,62,4,2385.8,1,0.5073977384872116,test,Medium
7260,433,1,551.3,0,0.521246593282069,train,High
7261,72,3,790.8,1,0.5166170070212847,train,High
7264,206,3,972.35,1,0.5116709579324805,train,Medium
7265,101,3,985.2,1,0.4826688590808537,train,Low
7267,287,2,764.7,1,0.5039534857995365,test,Medium
7268,492,1,179.6,1,0.503261831935051,test,Medium
7269,644,1,360.85,1,0.4849817448619647,train,Low
7271,47,2,966.95,1,0.5156158829330656,train,High
7272,229,1,382.55,0,0.481595234267449,train,Low
7273,513,1,397.5,1,0.4809378341962916,train,Low
7276,214,3,1420.35,0,0.515761890390406,train,High
7277,81,3,1576.9,1,0.4964952059170763,train,Medium
7279,369,1,350.8,1,0.489560367335986,test,Low
7281,374,2,1087.25,1,0.5321460821198539,train,High
7283,509,1,267.5,1,0.525250622057167,train,High
7284,401,2,1012.95,1,0.5271877186655303,train,High
7285,126,2,1282.3000000000002,0,0.5028863784445676,train,Medium
7286,348,5,2308.8,1,0.5346014849809917,train,High
7287,98,3,1233.65,1,0.5120553320457915,train,Medium
7289,88,2,712.4,1,0.4856158697872689,train,Low
7290,575,1,440.65,1,0.5211360040822915,train,High
7291,96,5,1892.45,1,0.4865337008929027,test,Low
7292,435,3,1309.0,1,0.490276121957273,test,Low
7293,9,4,1248.9,1,0.5019111104002967,train,Medium
7294,664,1,521.65,1,0.5417264735739226,train,High
7295,210,2,954.55,1,0.4895587798454937,train,Low
7296,307,2,677.25,1,0.4848084854293814,train,Low
7297,263,1,309.4,1,0.4844687015689934,test,Low
7298,497,4,1774.95,1,0.508087145911213,train,Medium
7299,136,5,1780.4,1,0.5106499197639368,train,Medium
7300,58,1,393.0,1,0.4930658450397957,train,Low
7301,20,3,1592.75,0,0.4989639340356546,train,Medium
7302,300,2,898.95,1,0.508087145911213,train,Medium
7303,377,3,1439.35,1,0.535340423969312,train,High
7304,134,2,869.85,1,0.5066371141344792,train,Medium
7305,179,1,701.3,1,0.5462066227773399,train,High
7306,267,3,1035.0,1,0.5302263706960492,test,High
7308,280,1,126.35,1,0.4602324946448196,train,Low
7309,177,2,268.4,1,0.5066280986245366,train,Medium
7310,238,3,946.2,1,0.5091735480092445,train,Medium
7311,340,2,467.6,1,0.468594457082612,train,Low
7313,165,1,571.9,1,0.5153126283997466,train,High
7314,444,2,884.15,1,0.5132258754214497,train,High
7315,605,1,157.0,1,0.4624098095594512,train,Low
7316,284,1,402.05,1,0.4974253681546105,train,Medium
7317,634,1,369.15,1,0.514545761049545,train,High
7318,158,1,316.65,1,0.4688114407251395,train,Low
7319,62,3,1549.1999999999998,0,0.4905960444898616,train,Low
7321,378,1,135.0,1,0.4600740832761378,test,Low
7322,18,3,1379.5,0,0.5294976650751936,train,High
7323,597,1,224.35,0,0.5013473230961384,train,Medium
7324,301,2,447.15,1,0.5276707027582718,train,High
7325,488,1,488.2,1,0.5056820163107733,train,Medium
7327,525,1,405.6,1,0.4863085017675327,train,Low
7328,338,2,912.05,0,0.4890730024105882,train,Low
7329,30,1,540.8,1,0.5031448340920462,train,Medium
7330,57,1,355.8,0,0.4754437568809122,test,Low
7331,267,1,334.75,1,0.4731566748881552,test,Low
7332,12,2,590.35,1,0.5177154223610855,train,High
7333,45,1,435.0,1,0.5010767782012849,test,Medium
7335,212,2,818.2,1,0.4810879168747747,train,Low
7336,234,2,721.25,1,0.521865620945384,test,High
7337,202,1,630.1,1,0.5322246717203988,train,High
7338,225,1,339.2,1,0.4801142532765611,train,Low
7339,41,3,1092.7,1,0.5017703756228968,train,Medium
7340,150,2,853.5,1,0.4889650597728666,test,Low
7341,342,1,415.9,1,0.5075609821474718,train,Medium
7342,525,1,340.3,1,0.517706759338505,train,High
7343,225,1,118.8,1,0.455079609135914,train,Low
7344,420,1,369.6,1,0.4881762368237126,train,Low
7346,148,4,1058.8,1,0.5106499197639368,train,Medium
7347,218,1,330.85,1,0.5051083824323223,train,Medium
7349,213,2,335.95,1,0.4620713662116811,train,Low
7350,328,2,510.5,0,0.4884157306824942,train,Low
7352,139,4,1395.9499999999998,1,0.4898634315362739,test,Low
7353,167,2,902.1,0,0.501924900136904,train,Medium
7356,97,2,681.5,1,0.4889650597728666,train,Low
7357,126,2,851.05,0,0.5010064260035979,test,Medium
7359,47,2,1289.25,1,0.5439656434749096,train,High
7360,620,1,346.5,1,0.5251265055782595,train,High
7361,408,2,1085.6,1,0.4990562041347051,train,Medium
7362,177,5,1858.7,1,0.5291311653247311,train,High
7363,94,1,437.05,1,0.5134808419929243,train,High
7364,347,2,651.65,1,0.4925124126768443,train,Low
7365,554,1,352.15,1,0.5302263706960492,train,High
7366,387,2,931.85,1,0.4900941061750056,train,Low
7367,210,2,977.65,1,0.5150404927739238,test,High
7369,52,3,994.8,1,0.5156260511162473,train,High
7371,79,2,1007.6,1,0.5056314164087524,train,Medium
7372,171,1,460.75,1,0.5010767782012849,train,Medium
7373,571,1,259.35,1,0.5071239027030121,train,Medium
7374,287,1,271.0,1,0.4838343128145134,train,Low
7375,148,2,1206.6,1,0.5097881562199401,train,Medium
7376,32,3,877.8,0,0.5106499197639368,train,Medium
7377,291,1,269.6,1,0.5075609821474718,train,Medium
7380,8,2,948.05,1,0.4884570323910867,train,Low
7381,166,2,668.05,1,0.4881173756460307,train,Low
7382,525,1,562.6,1,0.5321460821198539,train,High
7383,141,1,352.9,0,0.486460555720776,train,Low
7384,141,2,663.5,1,0.4826688590808537,train,Low
7385,372,3,995.2,1,0.4890730024105882,train,Low
7386,346,1,723.45,1,0.5377129844398618,train,High
7388,155,3,366.2,1,0.5017703756228968,test,Medium
7389,424,1,136.6,1,0.38948504786762,test,Low
7390,130,2,560.05,0,0.4888976123548604,train,Low
7392,344,2,785.25,1,0.5047000218106661,test,Medium
7393,338,4,1722.85,1,0.4959989236354411,train,Medium
7394,522,1,358.35,1,0.4890730024105882,train,Low
7396,172,3,502.0,1,0.504247494307109,train,Medium
7397,90,2,824.95,1,0.5000417034940544,train,Medium
7400,1,3,900.75,1,0.4960010939024439,train,Medium
7401,362,1,547.65,1,0.5405652374459019,train,High
7402,391,2,814.1,1,0.5306485901594736,train,High
7403,372,2,410.8,1,0.4801828147309185,train,Low
7404,61,3,1349.1,0,0.4998514625587721,test,Medium
7405,523,1,325.0,0,0.5186352670496369,train,High
7406,599,1,562.45,0,0.5403838213373529,train,High
7407,172,2,916.1,1,0.4978138577397622,train,Medium
7408,347,1,353.5,1,0.5091648243744032,train,Medium
7409,102,2,436.7,0,0.4857153418329477,train,Low
7410,308,1,535.55,1,0.5183400473432503,train,High
7411,569,1,540.8,1,0.5197734146965773,test,High
7413,104,3,1570.5,1,0.5112900879233134,test,Medium
7414,311,1,334.2,0,0.4477385345608881,train,Low
7415,457,1,375.7,1,0.5334739940481699,train,High
7416,194,1,496.7,1,0.5010767782012849,train,Medium
7418,126,2,788.4000000000001,0,0.5070802668725037,test,Medium
7419,485,2,1076.4,1,0.5185244511557496,train,High
7421,81,2,421.3,0,0.4838197387134421,train,Low
7422,59,2,762.75,1,0.5217744476543222,train,High
7423,464,1,281.5,1,0.5302263706960492,train,High
7424,96,5,2116.65,0,0.5222765481274837,train,High
7425,510,1,307.45,1,0.5071239027030121,train,Medium
7426,61,2,858.25,1,0.5013387968384184,train,Medium
7427,29,3,1809.5,1,0.5118758829219276,train,Medium
7429,47,1,505.05,1,0.5405652374459019,train,High
7430,239,1,140.3,1,0.3872767992210036,train,Low
7432,355,2,1008.4,1,0.5143017312908914,train,High
7433,457,1,261.3,1,0.498981714614898,train,Medium
7435,31,4,2040.45,1,0.536060073409492,train,High
7436,25,1,231.7,0,0.4801142532765611,train,Low
7438,403,1,167.0,1,0.4854250722425135,train,Low
7441,11,3,1281.75,1,0.5443395554023939,train,High
7442,298,2,1013.4,0,0.5389206800824485,train,High
7443,40,1,243.25,1,0.4741049019904015,train,Low
7444,421,1,284.55,1,0.4773831457458152,train,Low
7445,100,1,419.05,1,0.4939138308346024,train,Low
7446,33,2,564.65,1,0.5001582975768212,test,Medium
7448,239,1,225.75,1,0.4930658450397957,train,Low
7449,261,2,916.85,1,0.4909419307376721,train,Low
7450,331,2,841.2,1,0.4890730024105882,train,Low
7451,200,4,1274.25,1,0.4989937851770201,train,Medium
7452,321,1,617.4,0,0.5333276942200326,train,High
7453,179,1,484.65,1,0.4904065689941865,train,Low
7454,152,1,322.05,0,0.4874697685828471,train,Low
7455,23,2,896.7,1,0.5079227226569893,train,Medium
7456,525,1,288.8,1,0.4981257077064845,train,Medium
7457,174,3,842.0,1,0.5238570635638256,test,High
7458,1,3,1750.4,1,0.5377470294916851,train,High
7459,28,4,1169.35,0,0.478029850793353,train,Low
7460,286,2,959.85,1,0.5251265055782595,train,High
7461,312,2,895.5,1,0.5062293352144834,train,Medium
7463,454,1,540.8,1,0.4892554912361549,train,Low
7464,20,1,88.0,1,0.5023802487908279,train,Medium
7465,33,3,877.45,1,0.4895664242680296,train,Low
7468,62,2,918.15,1,0.501924900136904,test,Medium
7470,73,2,686.8,1,0.5016004160049354,train,Medium
7471,248,1,233.15,1,0.4815542572452661,train,Low
7472,441,1,590.7,1,0.525830766126633,train,High
7473,18,7,2868.85,1,0.5272705027558934,train,High
7474,659,1,196.4,1,0.5135250188716313,train,High
7476,30,1,385.4,1,0.4930658450397957,train,Low
7477,87,7,2949.4,1,0.504247494307109,train,Medium
7479,417,1,504.1,1,0.4969851243722268,train,Medium
7480,339,1,332.5,1,0.5099091430563578,train,Medium
7481,39,4,1563.8,1,0.4868150750935341,train,Low
7482,457,2,561.3499999999999,1,0.5046470375385456,train,Medium
7483,651,1,374.5,1,0.5251265055782595,train,High
7484,508,1,471.25,1,0.5212586245862378,train,High
7485,409,1,103.0,1,0.3897125251790772,train,Low
7486,102,1,410.4,0,0.4877334755109986,test,Low
7488,283,2,966.05,1,0.5180499462974266,test,High
7489,586,1,213.6,1,0.4996963510392795,train,Medium
7492,149,1,256.9,1,0.4939138308346024,train,Low
7493,347,4,1502.45,1,0.5177179988541835,train,High
7494,160,4,1421.85,1,0.515761890390406,train,High
7495,448,1,596.2,1,0.5051223683349471,train,Medium
7496,417,1,396.15,1,0.4729076646484973,train,Low
7497,284,2,839.5999999999999,1,0.4909419307376721,train,Low
7498,398,4,1332.65,1,0.4836238969685029,train,Low
7499,540,1,707.25,1,0.5151395835918866,train,High
7500,318,1,348.0,1,0.4959422778520208,train,Medium
7502,168,3,1233.2,1,0.5036133253327238,train,Medium
7505,252,3,906.05,1,0.5102304775227703,train,Medium
7506,477,1,508.65,1,0.5574799433106667,train,High
7507,382,2,977.75,1,0.5316661704815773,train,High
7508,666,1,227.6,1,0.5374529364374694,train,High
7509,621,1,168.7,1,0.5251265055782595,train,High
7510,358,2,797.75,1,0.5153186754707485,train,High
7511,208,1,204.85,0,0.4930658450397957,train,Low
7512,324,1,412.2,1,0.4976873820622253,test,Medium
7514,321,1,281.95,1,0.5104950085831991,train,Medium
7516,9,2,533.95,1,0.5201975597428804,test,High
7517,110,2,376.85,1,0.4795935462707798,train,Low
7518,639,1,637.0,1,0.5159499228639356,train,High
7519,644,1,656.3,1,0.5226404869873684,train,High
7520,97,3,1037.5,1,0.5010767782012849,test,Medium
7521,625,1,277.0,1,0.5153931304162231,train,High
7522,65,2,921.75,1,0.4881173756460307,train,Low
7523,105,4,1172.0,1,0.5230107969861648,train,High
7524,23,2,611.25,1,0.4767989482488762,train,Low
7526,137,2,1022.55,1,0.5146191929214258,train,High
7527,12,3,687.7,1,0.5047610550044025,test,Medium
7528,287,3,1012.85,1,0.5302263706960492,train,High
7529,571,1,561.3,1,0.5133935496580981,train,High
7530,172,1,109.55,1,0.3798474414297405,test,Low
7531,350,1,176.45,1,0.482987116873755,train,Low
7532,667,1,556.0,1,0.5234510386583388,train,High
7533,9,2,752.45,1,0.5239494613327013,train,High
7535,193,4,1708.05,0,0.4752905955167645,test,Low
7536,185,1,416.85,1,0.4801142532765611,train,Low
7537,460,1,143.85,1,0.4726179338211679,train,Low
7538,196,1,399.25,1,0.4824012849293681,train,Low
7539,80,2,700.45,1,0.529645140621826,train,High
7540,559,1,637.05,1,0.5173597097580696,train,High
7542,323,1,580.45,1,0.5183400473432503,train,High
7544,202,2,466.85,1,0.5273591300454983,test,High
7545,254,2,811.3,1,0.4881173756460307,train,Low
7547,594,1,388.05,0,0.5268994020858909,test,High
7548,253,1,198.75,0,0.4611170980959638,train,Low
7549,75,1,357.0,0,0.485784613634915,train,Low
7550,105,1,642.6,1,0.5353280115983116,train,High
7553,291,1,258.9,0,0.4974253681546105,train,Medium
7554,486,2,803.6500000000001,1,0.5069777804135003,train,Medium
7555,30,2,1245.4,1,0.5266187154390821,train,High
7558,207,3,1541.2,1,0.5317755182475871,test,High
7559,211,2,1152.35,1,0.5162053588961001,train,High
7560,205,1,288.85,1,0.4930658450397957,train,Low
7563,86,3,1280.85,1,0.504247494307109,train,Medium
7564,11,1,364.45,0,0.5097102404791565,train,Medium
7565,376,1,140.35,1,0.4887285043921546,train,Low
7567,58,2,975.55,1,0.516609131226501,train,High
7568,604,1,216.3,1,0.493010570385579,test,Low
7570,174,2,831.25,1,0.5000979230822469,test,Medium
7571,133,2,1021.8,1,0.5260441963260868,train,High
7572,7,2,743.55,1,0.5201273216398101,train,High
7573,410,2,775.95,1,0.4924246759364178,train,Low
7574,265,1,860.8,1,0.5052472830697171,train,Medium
7575,359,4,1508.4,1,0.5011144202443025,train,Medium
7577,563,1,249.7,1,0.4981257077064845,test,Medium
7578,553,1,593.8,1,0.5428639235856905,test,High
7579,182,4,1844.0,1,0.4818643610582321,test,Low
7580,631,1,725.65,1,0.5075064184946858,train,Medium
7581,398,3,1016.45,0,0.4811983636777969,train,Low
7582,0,2,745.2,1,0.5501799342596198,train,High
7583,111,2,969.7,0,0.5164257064005774,train,High
7584,561,1,244.0,1,0.4899207577402041,train,Low
7587,389,1,260.9,1,0.4959422778520208,test,Medium
7589,25,2,1068.1,1,0.4983970536188774,train,Medium
7591,59,3,1191.55,1,0.5267903116990054,test,High
7592,191,3,1230.4,1,0.4879278427560297,train,Low
7593,65,2,893.6500000000001,1,0.5024828975707007,train,Medium
7595,132,2,951.5,1,0.5001582975768212,train,Medium
7596,16,3,1194.1,1,0.5164915394279123,train,High
7597,312,2,593.1,1,0.5080539744172444,test,Medium
7600,382,1,321.1,1,0.48442770852243,train,Low
7601,329,3,1303.8000000000002,1,0.5194821643459053,train,High
7603,98,4,2090.45,1,0.5417264735739226,train,High
7605,365,3,924.1,1,0.475914643814605,train,Low
7607,406,1,237.1,1,0.4985733647805719,train,Medium
7608,459,1,535.15,1,0.5282979173798561,test,High
7609,401,1,338.75,1,0.5119774151173841,test,Medium
7610,454,2,399.05,1,0.5331495655109095,test,High
7611,266,1,423.15,0,0.4999120064058034,train,Medium
7612,99,1,846.9,1,0.5447190438761905,train,High
7613,23,3,1221.3,1,0.4890819583333418,train,Low
7615,133,3,900.4000000000001,0,0.5120209852386977,train,Medium
7617,150,1,382.0,1,0.469403167228808,train,Low
7618,367,2,736.6,1,0.5195093892384592,train,High
7619,58,2,1031.6999999999998,1,0.5154665548118411,train,High
7621,32,3,1223.9,1,0.4983315420219512,train,Medium
7623,268,3,1342.75,1,0.4890730024105882,train,Low
7624,405,2,1149.4,1,0.5118679053341708,train,Medium
7625,20,2,665.2,1,0.5056090933738352,train,Medium
7626,245,2,941.45,1,0.4957424959967839,test,Medium
7627,575,1,272.2,1,0.4900941061750056,train,Low
7629,233,2,420.95,1,0.4635025053038614,test,Low
7630,140,3,1291.5,1,0.4983315420219512,train,Medium
7631,394,1,406.95,1,0.4838343128145134,train,Low
7632,83,1,299.95,1,0.4809610978278545,train,Low
7634,462,1,308.8,1,0.4915767634413487,train,Low
7635,61,1,350.35,1,0.505956408173424,train,Medium
7636,536,1,93.45,0,0.4043326730848066,train,Low
7637,535,1,467.05,1,0.4856597072084279,test,Low
7639,222,1,167.25,0,0.4428091363358263,test,Low
7640,287,1,290.7,1,0.5010783663768643,train,Medium
7643,269,1,338.5,1,0.4975349282341227,test,Medium
7644,136,2,514.25,1,0.4635025053038614,train,Low
7645,43,1,452.65,1,0.4997345076538584,train,Medium
7646,406,2,855.2,1,0.4959936557736934,train,Medium
7647,351,2,909.65,0,0.5413848632817607,train,High
7648,24,3,729.0,1,0.4719453428384464,train,Low
7650,127,3,1294.5,1,0.478326296219666,train,Low
7652,535,1,360.0,1,0.5071239027030121,train,Medium
7653,597,1,449.2,1,0.4849817448619647,train,Low
7654,245,1,286.2,1,0.4930658450397957,train,Low
7655,4,2,779.3499999999999,1,0.5072464069641093,train,Medium
7657,637,1,63.0,0,0.3737208310990115,train,Low
7658,318,1,548.1,1,0.5153126283997466,train,High
7659,18,1,229.95,1,0.504217185169796,test,Medium
7661,38,2,651.7,1,0.5066371141344792,train,Medium
7662,401,1,222.6,1,0.4838343128145134,train,Low
7663,524,1,287.5,1,0.5464609254775877,train,High
7664,205,1,317.35,1,0.4930658450397957,train,Low
7665,240,1,271.0,1,0.4801142532765611,train,Low
7666,266,1,313.0,1,0.482987116873755,test,Low
7670,226,1,241.5,0,0.4939138308346024,train,Low
7671,61,2,532.2,1,0.5134490673675087,train,High
7672,479,2,537.05,1,0.534166483541806,train,High
7673,19,2,809.55,0,0.5191965571097343,test,High
7674,117,1,717.85,1,0.555426394521665,train,High
7676,18,1,360.75,1,0.5344306590696933,train,High
7677,232,2,1050.35,1,0.525380556997349,train,High
7678,448,1,600.25,1,0.5144312351949312,train,High
7679,103,2,682.4,1,0.4542954430672798,test,Low
7680,97,2,637.6,1,0.5181524519231333,train,High
7681,32,2,508.55,1,0.5034080134998717,train,Medium
7682,438,1,278.45,1,0.4873286161348622,test,Low
7683,65,3,1267.0,1,0.4969892999795018,train,Medium
7684,168,2,1065.85,1,0.5022826786427133,train,Medium
7685,257,2,771.5999999999999,1,0.5072647364965734,test,Medium
7686,527,1,480.95,1,0.4930415292759732,train,Low
7688,129,2,696.15,1,0.5010064260035979,train,Medium
7689,304,2,989.05,1,0.5251265055782595,train,High
7690,336,2,833.95,1,0.5061297965522044,train,Medium
7692,120,3,947.9,1,0.5134490673675087,train,High
7696,322,2,465.6,1,0.5132258754214497,train,High
7697,16,3,919.95,1,0.5322223052864128,test,High
7699,132,3,1454.5,1,0.4872188064858048,train,Low
7700,171,1,330.65,1,0.4591469989506729,test,Low
7701,356,1,560.8,1,0.4916368899260284,train,Low
7702,48,2,538.25,1,0.4834414216730265,train,Low
7703,43,1,447.3,1,0.5079227226569893,train,Medium
7704,173,5,2152.65,1,0.5175793464833567,train,High
7705,532,1,442.9,1,0.5211360040822915,test,High
7706,311,1,309.8,1,0.5083169539963198,train,Medium
7708,95,2,824.8,1,0.5176294808092777,train,High
7709,546,1,450.0,1,0.5234525129844618,train,High
7711,301,2,757.55,1,0.5155679043483105,train,High
7713,216,1,202.5,1,0.4754437568809122,train,Low
7714,89,4,1511.4,1,0.5162849941656922,train,High
7716,107,3,1528.5,1,0.4845549216068227,train,Low
7717,593,1,493.15,0,0.4839611830619211,train,Low
7718,116,3,1737.0,1,0.5186785141920865,train,High
7720,341,1,382.5,1,0.4838343128145134,train,Low
7721,187,3,992.1,1,0.5026694739957746,test,Medium
7723,160,4,1753.25,1,0.5051161431231183,train,Medium
7724,544,1,497.35,1,0.5186352670496369,test,High
7725,28,3,1298.45,1,0.4982376410604281,train,Medium
7727,70,2,958.9,1,0.487541934651461,train,Low
7728,306,3,1568.25,1,0.5191641629452957,test,High
7729,272,1,550.8,1,0.4958660987442575,train,Medium
7730,188,3,931.1,1,0.468594457082612,train,Low
7732,235,1,450.0,1,0.4881173756460307,train,Low
7733,441,1,428.25,1,0.4866940179006184,train,Low
7734,185,1,371.45,1,0.4953968169094943,train,Medium
7735,152,3,1546.8000000000002,1,0.5248716247156126,test,High
7737,60,3,1126.05,1,0.5294850280837129,test,High
7738,245,1,222.0,1,0.5136009199450552,train,High
7740,429,1,514.55,1,0.5074001658152196,train,Medium
7741,162,1,351.4,1,0.4939138308346024,train,Low
7743,393,1,587.0,1,0.5298401781036608,train,High
7745,54,2,707.55,1,0.4705079957200973,test,Low
7746,515,1,268.85,1,0.4981257077064845,train,Medium
7747,294,2,932.1,0,0.507361230966757,train,Medium
7748,47,2,896.25,1,0.5404613086160006,train,High
7750,83,2,1062.85,0,0.5197492601256645,train,High
7751,60,2,702.55,1,0.4881173756460307,test,Low
7752,459,1,427.55,1,0.4900941061750056,train,Low
7753,75,3,1761.4,1,0.5314084666684634,train,High
7756,99,2,803.95,1,0.4835894906535811,train,Low
7757,517,1,261.4,1,0.5046470375385456,train,Medium
7758,569,2,1184.45,0,0.5150107147890195,test,High
7759,324,3,1273.65,1,0.4970204209817567,train,Medium
7760,634,1,87.0,1,0.4703705234785603,train,Low
7761,572,1,438.05,1,0.5237621685041965,train,High
7763,105,3,923.05,1,0.4580828663651646,train,Low
7765,497,2,438.95,0,0.5132080093602018,test,High
7766,72,1,239.7,1,0.5037622328569812,test,Medium
7767,79,1,335.4,1,0.4870462538782755,train,Low
7768,22,4,1456.5,1,0.5116709579324805,train,Medium
7770,70,2,612.85,1,0.501924900136904,train,Medium
7771,132,3,1386.6,1,0.5101089347382375,test,Medium
7772,393,2,396.65,1,0.5255492072015532,train,High
7773,173,3,1326.4,1,0.5079297333035093,train,Medium
7775,548,1,561.85,1,0.5331632720242775,train,High
7776,73,5,1678.3,1,0.5114976333214488,train,Medium
7777,43,1,200.6,0,0.49247985795221,test,Low
7778,182,3,1211.0,1,0.516609131226501,train,High
7779,457,1,312.65,1,0.5219825568072531,train,High
7780,406,3,1290.45,1,0.5135250188716313,train,High
7781,329,1,513.45,1,0.5242901071348313,train,High
7782,505,3,916.35,1,0.5292356053977224,train,High
7785,19,3,1060.0,0,0.5100991099408675,train,Medium
7786,179,2,856.5,0,0.5117754895630021,train,Medium
7787,22,3,869.35,0,0.5010427211183469,train,Medium
7788,199,2,1192.15,1,0.5118758829219276,test,Medium
7789,10,2,771.75,1,0.5177154223610855,train,High
7790,366,3,1316.75,1,0.4885926279318745,train,Low
7791,187,1,554.2,1,0.5193340994318537,train,High
7793,90,3,1532.55,0,0.5170077320384854,train,High
7795,222,1,238.5,1,0.4945487730706255,train,Low
7796,69,2,1318.9,1,0.5435241438300368,test,High
7798,13,1,453.6,1,0.5304158546987793,test,High
7800,14,2,728.5,1,0.5177154223610855,train,High
7801,136,1,615.1,1,0.4914103825106458,train,Low
7802,84,1,682.15,1,0.5076960163782294,test,Medium
7803,562,1,147.2,1,0.4709386528876487,test,Low
7804,22,4,1484.1999999999998,1,0.515761890390406,train,High
7805,354,1,624.4,1,0.5243857139467631,train,High
7806,118,3,1139.0,1,0.515761890390406,test,High
7807,203,2,919.65,1,0.4881173756460307,test,Low
7808,134,2,695.1,1,0.4895997947653113,train,Low
7811,54,1,345.25,1,0.5046846331472878,train,Medium
7812,199,2,506.35,1,0.4542954430672798,train,Low
7813,8,4,1264.3000000000002,0,0.5282888965189863,train,High
7814,36,3,882.9499999999999,0,0.4756449550755561,train,Low
7815,597,2,532.8499999999999,1,0.5135250188716313,train,High
7817,148,2,755.05,1,0.5145989455036525,train,High
7818,142,3,1137.9,1,0.5176294808092777,test,High
7820,242,1,138.75,1,0.3908747560306871,test,Low
7821,183,4,1627.25,1,0.5106499197639368,train,Medium
7822,562,2,1102.75,1,0.5289122881502005,train,High
7823,366,3,1212.9,0,0.4635025053038614,train,Low
7825,26,1,520.45,1,0.5153126283997466,train,High
7826,568,1,532.15,1,0.5133935496580981,train,High
7829,87,1,193.25,1,0.4754437568809122,train,Low
7832,435,3,1519.6,1,0.5102736205192602,train,Medium
7833,269,1,485.8,1,0.519980440744116,train,High
7834,216,3,1331.0,1,0.4991320134969268,train,Medium
7835,34,2,695.95,0,0.501924900136904,train,Medium
7836,58,1,327.6,0,0.4939138308346024,train,Low
7837,184,1,210.95,1,0.4639670407216313,train,Low
7838,353,2,515.4000000000001,1,0.4686149713036723,test,Low
7841,324,2,406.85,1,0.4926729987266824,train,Low
7842,31,2,838.45,1,0.4671146445008591,train,Low
7844,330,2,538.25,0,0.5053661662773531,train,Medium
7845,301,3,1218.4,1,0.4988794373502825,test,Medium
7846,99,2,742.7,1,0.5125185912397603,train,Medium
7847,355,2,531.95,1,0.5029160436527126,test,Medium
7849,13,5,1988.0,0,0.4672697662834946,train,Low
7851,310,3,959.45,1,0.5186352670496369,test,High
7852,391,2,615.55,1,0.5316661704815773,train,High
7853,57,5,2080.65,1,0.4983315420219512,test,Medium
7854,501,1,189.85,1,0.505826547658523,train,Medium
7855,139,1,449.5,1,0.5195328100264984,train,High
7856,89,2,670.3,0,0.492698778965158,train,Low
7857,392,1,601.0,0,0.4834964693933768,train,Low
7858,300,1,608.6,1,0.5153126283997466,train,High
7859,500,2,978.65,1,0.5180139781298666,test,High
7860,172,4,1774.0,1,0.5162065757164349,train,High
7861,332,1,339.15,1,0.5094673734717514,train,Medium
7862,68,2,556.2,1,0.4759527120421236,train,Low
7863,540,1,560.25,1,0.5397635587081882,train,High
7864,52,4,936.85,1,0.4978138577397622,train,Medium
7867,517,1,437.95,1,0.5211360040822915,train,High
7868,494,1,486.2,1,0.5194821643459053,test,High
7869,100,4,1322.35,0,0.5175869847807005,train,High
7870,352,2,824.35,1,0.4890730024105882,train,Low
7872,10,5,1633.35,1,0.4852802723580882,train,Low
7875,257,1,239.2,1,0.482987116873755,train,Low
7877,410,1,255.75,1,0.4804123075674191,train,Low
7879,318,2,638.45,1,0.493010570385579,test,Low
7880,48,1,269.4,1,0.4591469989506729,train,Low
7881,649,1,350.5,1,0.5091083909791138,train,Medium
7883,250,1,364.5,0,0.4866320979227422,train,Low
7884,377,1,206.65,1,0.4852486348167287,train,Low
7885,398,1,452.65,1,0.4924346274696667,train,Low
7886,416,1,422.15,0,0.4889204358156778,train,Low
7887,216,4,1342.6,1,0.4667425131515789,train,Low
7889,59,2,870.6,1,0.5126934216675127,train,Medium
7890,201,4,1847.2,1,0.5017703756228968,train,Medium
7891,204,1,400.75,0,0.4939138308346024,train,Low
7892,26,2,712.75,1,0.4671146445008591,train,Low
7893,353,1,291.5,1,0.4881189629321213,train,Low
7895,138,1,490.45,1,0.5156260511162473,train,High
7896,209,3,1039.05,1,0.4992591817854123,test,Medium
7897,255,1,479.85,1,0.5126934216675127,test,Medium
7898,365,1,511.95,1,0.527664668541656,train,High
7899,65,2,974.9,1,0.4917324733384103,train,Low
7900,222,1,71.0,1,0.4497039027242701,train,Low
7901,165,3,1456.75,1,0.515761890390406,train,High
7902,61,3,1090.25,1,0.5167823555660689,train,High
7903,409,1,116.2,1,0.4353892212718435,train,Low
7905,175,2,1145.45,1,0.5154665548118411,train,High
7906,94,6,1739.25,1,0.504247494307109,train,Medium
7907,301,1,386.5,1,0.482987116873755,test,Low
7910,203,1,518.5,1,0.5214193374035055,train,High
7911,446,1,518.7,1,0.5496314522645002,train,High
7912,428,2,988.4,1,0.5135250188716313,test,High
7913,11,2,926.6,1,0.4869612523762684,train,Low
7914,327,2,1207.65,1,0.5026413684313137,train,Medium
7915,156,5,2160.75,0,0.4934547964751935,train,Low
7916,75,3,829.1500000000001,0,0.4889650597728666,train,Low
7918,130,1,412.0,1,0.4930658450397957,test,Low
7919,259,1,412.45,1,0.48442770852243,train,Low
7920,414,1,143.3,1,0.3812806401574923,train,Low
7922,163,5,1511.15,1,0.4999801424057076,train,Medium
7924,81,3,1385.15,1,0.509949592037452,train,Medium
7925,62,2,398.05,1,0.4775278821124836,train,Low
7926,26,2,582.85,1,0.5164710156775094,test,High
7927,302,1,426.4,1,0.5119774151173841,train,Medium
7929,59,4,1799.05,1,0.5028054431553983,train,Medium
7930,97,1,411.85,1,0.4930658450397957,train,Low
7931,219,2,693.85,1,0.495636422800998,train,Medium
7932,127,2,660.7,1,0.509764231841356,train,Medium
7933,595,1,343.7,1,0.514545761049545,train,High
7936,501,1,358.6,1,0.5191581606663702,train,High
7937,119,2,701.65,1,0.4810879168747747,train,Low
7938,78,2,876.5,0,0.4803009667388335,train,Low
7940,417,2,650.4,1,0.5020087901445865,test,Medium
7941,156,2,1148.8,1,0.5016617128133493,train,Medium
7943,651,1,298.3,0,0.5020087901445865,train,Medium
7944,58,1,427.0,1,0.4930658450397957,train,Low
7945,126,3,837.2,0,0.5007761012634736,train,Medium
7946,116,3,1370.35,0,0.47183875473776,train,Low
7947,24,3,1283.85,1,0.505268948918854,train,Medium
7948,206,3,1289.95,1,0.5223319750961772,train,High
7949,132,1,469.15,0,0.4895587798454937,test,Low
7950,66,3,858.9,1,0.4981257077064845,test,Medium
7952,3,2,600.85,1,0.4973873341328381,train,Medium
7953,210,2,353.3,1,0.4870462538782755,train,Low
7954,8,2,591.0,1,0.5318053282546348,train,High
7955,89,4,1618.15,1,0.5035860603992645,test,Medium
7956,518,1,302.4,1,0.534166483541806,train,High
7958,67,3,1072.4,1,0.4860519424479765,train,Low
7959,95,2,888.3,1,0.4881173756460307,train,Low
7960,424,3,1458.95,0,0.5341796999406907,train,High
7962,460,1,338.4,1,0.5323508085237922,test,High
7963,597,2,716.8,1,0.5143724883739125,train,High
7964,378,1,460.0,1,0.5039534857995365,test,Medium
7965,346,3,1581.75,1,0.4922028571841069,test,Low
7966,16,4,874.45,1,0.5300620706692311,test,High
7968,37,4,1623.9,0,0.4896397139605669,train,Low
7969,415,1,381.65,1,0.4773831457458152,train,Low
7970,305,3,2101.05,1,0.4972427591896735,train,Medium
7971,143,3,1232.45,1,0.5172346352404972,test,High
7973,48,1,345.55,1,0.4986261280383852,test,Medium
7974,602,1,185.5,1,0.4808385111170726,train,Low
7977,570,1,455.75,1,0.5158723838238294,train,High
7978,2,2,844.7,1,0.5342292296386686,train,High
7979,4,3,1219.1,1,0.5217062018981187,train,High
7980,371,3,1214.65,1,0.514545761049545,train,High
7981,7,4,1341.95,1,0.5157728385631466,train,High
7982,428,1,430.0,1,0.4852609075630889,test,Low
7983,68,4,1437.55,0,0.4983315420219512,train,Medium
7984,230,3,885.7,1,0.4985380226836621,train,Medium
7985,278,1,511.0,1,0.5405652374459019,train,High
7986,509,3,1342.25,1,0.5014467907268974,train,Medium
7987,157,2,1270.25,1,0.4983406987945054,train,Medium
7989,85,2,908.95,1,0.5131169292773715,train,Medium
7990,212,2,1047.75,1,0.5146191929214258,train,High
7991,506,1,638.95,1,0.5102736205192602,train,Medium
7992,226,2,996.15,1,0.5010767782012849,train,Medium
7993,194,1,230.45,1,0.4815542572452661,train,Low
7995,383,2,751.55,1,0.4834414216730265,train,Low
7996,496,1,508.8,1,0.5170577007922774,train,High
7998,88,1,777.0,1,0.5085439222734333,test,Medium
7999,104,7,2623.6,1,0.4861979812544793,test,Low
8000,536,2,634.6500000000001,1,0.5186352670496369,train,High
8001,66,2,244.9,1,0.4815542572452661,train,Low
8002,405,1,243.0,0,0.4858465278317895,train,Low
8003,284,1,556.5,1,0.4834964693933768,train,Low
8004,185,2,781.6,0,0.4671146445008591,train,Low
8005,339,2,1079.2,1,0.5428639235856905,train,High
8006,658,1,654.2,1,0.5031485889824113,train,Medium
8007,35,5,1977.25,1,0.4761367240960725,train,Low
8009,432,2,438.95,1,0.5293111444309205,train,High
8010,510,1,436.8,1,0.5104312140954204,test,Medium
8011,51,2,938.6,1,0.501924900136904,test,Medium
8015,303,2,614.3,1,0.5168384876575307,train,High
8016,658,1,430.3,1,0.528046711227694,train,High
8017,159,3,1382.55,1,0.5166170070212847,train,High
8019,65,3,1446.65,1,0.5436074826352876,train,High
8020,171,1,219.3,1,0.4930658450397957,train,Low
8021,288,4,2081.15,1,0.4985238113495116,test,Medium
8022,35,1,285.75,1,0.4741049019904015,train,Low
8023,389,1,161.5,0,0.4456501254426705,train,Low
8024,118,3,1020.3,0,0.518263689456902,test,High
8025,11,3,901.65,1,0.5047610550044025,train,Medium
8026,390,2,704.75,1,0.4848084854293814,test,Low
8027,326,2,516.8,1,0.4970204209817567,train,Medium
8028,514,1,403.0,1,0.4915767634413487,train,Low
8029,226,3,1071.05,1,0.4821080802782779,train,Low
8030,279,1,457.0,1,0.4924346274696667,train,Low
8031,123,4,936.65,1,0.4938664370394695,train,Low
8032,26,1,404.3,1,0.4815542572452661,train,Low
8033,226,2,983.3,1,0.4881173756460307,train,Low
8034,236,1,336.6,1,0.4801142532765611,test,Low
8036,323,1,226.9,0,0.4838343128145134,train,Low
8037,201,1,587.0,1,0.5031448340920462,test,Medium
8038,458,1,443.95,1,0.5211360040822915,train,High
8039,575,1,505.9,1,0.5133936675491513,train,High
8043,634,1,161.1,1,0.4156865337958933,train,Low
8044,371,1,634.8,1,0.5300469596414114,train,High
8045,351,2,926.0,1,0.5281314263766758,train,High
8046,74,3,766.85,1,0.4788764053329163,train,Low
8048,66,2,1243.8000000000002,1,0.540027480574594,train,High
8049,470,1,348.25,1,0.4996660109307816,train,Medium
8051,441,1,392.1,1,0.4640444403569898,train,Low
8052,133,4,2109.3,1,0.5291345037914209,train,High
8053,531,1,305.1,1,0.5079718390072365,train,Medium
8054,411,2,331.0,1,0.4644660644009388,train,Low
8055,281,2,994.45,1,0.5196553164134698,train,High
8058,646,1,457.45,1,0.5410679383936116,train,High
8059,9,3,1203.2,1,0.5122768446889832,test,Medium
8061,151,1,225.4,1,0.4625327086105462,train,Low
8062,89,1,156.75,1,0.4341909601411613,test,Low
8063,16,1,519.3,1,0.5265340465937228,train,High
8064,326,1,398.55,1,0.4959422778520208,train,Medium
8065,623,2,461.3,1,0.5135250188716313,test,High
8066,86,1,277.0,1,0.4815542572452661,test,Low
8067,315,3,1216.2,1,0.5192988152954793,train,High
8068,209,1,294.6,1,0.4930658450397957,test,Low
8069,134,1,348.7,1,0.4878019380036589,train,Low
8071,123,3,991.45,1,0.468594457082612,train,Low
8072,626,1,217.35,1,0.5079499106715287,train,Medium
8073,509,1,515.35,1,0.5186444111976051,train,High
8074,74,4,1826.5,1,0.5060338631445888,train,Medium
8075,139,2,771.75,1,0.5273591300454983,test,High
8076,4,3,1853.05,1,0.5079481387904908,train,Medium
8077,74,3,1047.35,1,0.5152211916807928,test,High
8078,347,2,653.9,1,0.5135250188716313,train,High
8079,243,3,1203.35,1,0.4990857645616238,train,Medium
8080,67,4,1289.45,1,0.505268948918854,train,Medium
8082,37,2,798.1,1,0.4699483640388729,train,Low
8083,298,1,674.8,0,0.5052472830697171,train,Medium
8085,46,3,1081.65,1,0.5116709579324805,train,Medium
8086,52,1,320.85,1,0.4921475638343566,train,Low
8087,26,1,631.05,0,0.5212299250105171,train,High
8088,87,1,451.3,1,0.5150404927739238,test,High
8089,254,3,1096.0,0,0.495636422800998,train,Medium
8090,255,1,462.05,1,0.5025599141296785,train,Medium
8091,489,1,873.25,1,0.5086518850663106,test,Medium
8092,94,3,715.5,1,0.4870455036459979,train,Low
8093,312,2,772.3499999999999,1,0.468594457082612,train,Low
8094,63,2,683.3,1,0.5010767782012849,test,Medium
8095,655,1,394.6,1,0.5020087901445865,train,Medium
8096,456,1,439.1,1,0.5331430964010531,test,High
8098,167,1,426.8,1,0.4999120064058034,train,Medium
8099,282,3,684.2,1,0.5130549360245773,test,Medium
8100,183,4,1563.4,1,0.531302033497099,train,High
8101,425,2,447.9,0,0.5186352670496369,train,High
8102,100,1,382.5,1,0.4809610978278545,train,Low
8103,55,1,348.5,1,0.4809610978278545,train,Low
8104,446,1,145.6,1,0.476317215968502,train,Low
8105,300,2,619.5,1,0.5050531027686743,test,Medium
8106,584,1,384.9,1,0.5064898120792073,train,Medium
8108,159,2,1003.35,1,0.5468019198744511,train,High
8110,194,3,1116.75,1,0.5066371141344792,train,Medium
8111,434,1,241.5,1,0.4709181274089906,train,Low
8114,289,1,340.3,1,0.4975349282341227,train,Medium
8116,147,2,1045.75,1,0.5124381813403015,train,Medium
8118,261,2,1019.65,1,0.5174930067716637,test,High
8119,340,1,221.2,1,0.4625327086105462,train,Low
8122,94,4,1513.0,1,0.5104996875769554,train,Medium
8123,295,1,316.75,1,0.4976873820622253,test,Medium
8124,24,1,242.55,1,0.4986261280383852,train,Medium
8125,197,3,1303.85,1,0.5287999081076975,test,High
8126,482,2,726.2,0,0.4926857528751238,train,Low
8127,347,1,257.65,0,0.475140659835584,train,Low
8128,308,2,1097.15,1,0.5219788212347279,test,High
8129,103,3,1125.75,1,0.4872188064858048,test,Low
8130,33,2,785.05,1,0.5291311653247311,test,High
8131,145,2,603.75,0,0.4950548952065451,train,Medium
8132,633,1,320.05,1,0.5425275437171146,train,High
8134,133,2,722.75,1,0.5140007037181675,train,High
8135,341,2,915.7,1,0.49470245314797,train,Medium
8136,85,2,485.75,0,0.4937924800194587,train,Low
8137,372,2,645.05,1,0.514876855590047,train,High
8138,132,1,246.75,1,0.4801142532765611,train,Low
8139,124,2,659.25,1,0.4978996568392587,test,Medium
8140,134,5,1656.4,0,0.4897080147714742,train,Low
8141,556,1,373.0,1,0.5194821643459053,train,High
8143,163,2,642.7,1,0.515761890390406,train,High
8144,62,1,417.55,1,0.5067008784608462,train,Medium
8146,49,2,917.5,1,0.4861979812544793,test,Low
8147,212,2,950.45,1,0.5095028988407834,test,Medium
8148,196,1,339.75,1,0.4714623045431336,train,Low
8149,482,1,630.6,1,0.5243836495525445,train,High
8150,654,1,158.55,1,0.4740272360475143,train,Low
8151,210,3,968.8,1,0.4962660461804641,train,Medium
8152,254,2,593.4,1,0.4950548952065451,train,Medium
8153,175,2,1085.95,1,0.5400070170772756,train,High
8156,661,1,367.05,1,0.4839611830619211,train,Low
8157,344,4,1635.65,1,0.507131548903951,train,Medium
8158,56,2,538.35,1,0.504247494307109,train,Medium
8159,40,3,1617.8,1,0.4767794796508096,train,Low
8160,409,1,409.3,1,0.4647286106965004,train,Low
8161,138,3,1025.65,1,0.4756292285002096,train,Low
8163,473,3,1365.2,1,0.5290714020341138,test,High
8164,105,1,63.0,1,0.3798474414297405,train,Low
8165,47,2,815.0,1,0.5030204598019868,test,Medium
8166,174,1,354.45,1,0.4927616175989797,train,Low
8168,180,2,514.9,1,0.4997345076538584,train,Medium
8169,324,1,609.05,1,0.5153127462648027,train,High
8170,37,6,2013.8,1,0.4985972764639951,train,Medium
8171,577,1,450.6,1,0.5334739940481699,test,High
8172,180,2,410.0,1,0.4786927584525088,train,Low
8174,173,4,1850.0,0,0.4861979812544793,train,Low
8175,463,1,226.4,1,0.5194821643459053,train,High
8178,0,2,1016.0,1,0.545830751756374,train,High
8179,524,2,792.1500000000001,1,0.4880792406386778,train,Low
8182,625,1,203.75,1,0.5061506131366855,train,Medium
8183,114,1,263.25,1,0.4801142532765611,test,Low
8184,206,1,168.0,0,0.3782658612809923,train,Low
8185,514,1,418.95,1,0.5316661704815773,train,High
8186,131,5,1829.5,1,0.468594457082612,train,Low
8187,412,2,673.05,1,0.5036863562731432,train,Medium
8189,611,1,281.5,1,0.5135250188716313,test,High
8190,340,2,621.45,1,0.5039534857995365,train,Medium
8191,0,2,448.5,1,0.5272705027558934,train,High
8194,476,3,1346.4499999999998,1,0.4978685284035228,train,Medium
8195,190,2,552.2,1,0.4881173756460307,train,Low
8196,229,1,537.15,0,0.5153126283997466,train,High
8197,331,2,887.25,1,0.4741465096523244,train,Low
8198,33,3,1635.1999999999998,0,0.5425480384882498,train,High
8199,23,2,983.2,1,0.4964844997265272,train,Medium
8201,439,2,906.3,0,0.4849817448619647,train,Low
8202,491,1,430.5,1,0.5219825568072531,train,High
8204,105,1,503.25,1,0.4887612149012292,train,Low
8205,124,3,1650.5,1,0.5011925619867401,train,Medium
8207,310,1,369.25,1,0.4754437568809122,train,Low
8209,48,3,1151.4,1,0.4881173756460307,train,Low
8210,253,2,1226.9,1,0.5371714619383067,train,High
8211,467,2,1122.05,1,0.5259041987541687,train,High
8212,591,1,410.25,1,0.5153931304162231,train,High
8214,446,1,718.9,1,0.5631060312305683,test,High
8216,293,1,736.65,1,0.5437295329343359,train,High
8217,129,2,712.8,1,0.4835894906535811,train,Low
8219,374,3,1206.9499999999998,1,0.5115726800453178,train,Medium
8220,171,2,512.25,1,0.4834414216730265,train,Low
8221,6,2,593.0,1,0.4897079543827764,test,Low
8222,188,2,644.25,1,0.5167823555660689,train,High
8224,439,1,514.6,1,0.518171610447636,test,High
8226,20,2,593.7,1,0.5275522020580204,train,High
8227,306,4,1714.0,1,0.4969284446258702,test,Medium
8228,92,4,1244.75,1,0.4981257077064845,test,Medium
8229,657,1,250.9,1,0.541075016522848,train,High
8230,189,2,659.35,1,0.5106499197639368,test,Medium
8231,14,1,364.45,1,0.5217409040841354,train,High
8232,114,3,919.7,1,0.5116709579324805,train,Medium
8233,182,2,542.15,0,0.4749201341750517,train,Low
8234,38,2,1019.1,0,0.509181860778598,train,Medium
8235,201,2,1039.3,1,0.5173597097580696,train,High
8236,181,3,863.35,0,0.4809378341962916,train,Low
8237,609,1,260.5,1,0.5160275302461971,train,High
8238,602,1,209.0,0,0.514545761049545,train,High
8239,318,1,63.0,1,0.4389249943432879,train,Low
8240,51,2,493.55,1,0.5131169292773715,test,Medium
8241,245,4,1184.4,1,0.5396784090431784,train,High
8242,230,2,969.85,1,0.4881173756460307,train,Low
8243,139,3,1280.9,1,0.5027864254393584,test,Medium
8246,5,3,812.45,1,0.5317841494927247,train,High
8247,388,2,927.0,1,0.5211565626657807,train,High
8249,112,1,224.7,1,0.4801142532765611,train,Low
8250,20,2,780.9000000000001,1,0.5269465737695005,train,High
8251,178,5,2272.75,1,0.4677596778735711,train,Low
8252,4,4,1147.1,1,0.5135720596436125,train,High
8253,388,1,306.6,1,0.4639670407216313,train,Low
8254,14,2,1167.9,0,0.5421127905429161,train,High
8255,427,1,321.8,1,0.4736860871927696,train,Low
8256,96,3,988.45,1,0.4987114390704921,train,Medium
8257,511,1,502.5,0,0.5102736205192602,train,Medium
8258,622,1,234.85,1,0.5050531027686743,train,Medium
8259,668,1,323.2,1,0.5160275302461971,train,High
8260,24,2,1277.5500000000002,1,0.5003996314409609,train,Medium
8262,476,1,424.8,1,0.4772062223755843,train,Low
8263,120,2,617.7,1,0.5262893228520835,train,High
8265,293,2,818.6500000000001,1,0.5079227226569893,train,Medium
8267,123,1,365.2,1,0.4745275736963719,train,Low
8269,646,1,390.6,1,0.4814990473408403,train,Low
8270,552,2,458.7000000000001,1,0.5153931304162231,train,High
8271,80,2,1198.8,1,0.5105588881943751,train,Medium
8272,148,1,540.85,0,0.5016617128133493,train,Medium
8273,70,4,1069.6,1,0.5175793464833567,train,High
8274,113,2,990.3,1,0.5001582975768212,train,Medium
8278,32,1,332.75,1,0.5046846331472878,test,Medium
8279,386,2,731.1500000000001,1,0.508145211659186,train,Medium
8280,601,1,295.1,1,0.4814990473408403,train,Low
8281,339,1,265.7,1,0.5104950085831991,train,Medium
8282,73,2,1554.1,1,0.4981422952728454,train,Medium
8283,631,1,465.75,1,0.5174909966775046,train,High
8284,19,2,818.7,1,0.5023676678057583,train,Medium
8285,151,2,918.9,1,0.4895488303751854,train,Low
8286,68,2,1306.3,1,0.5249270244717655,train,High
8287,569,1,501.5,1,0.5196644591304901,train,High
8288,120,1,538.75,0,0.4940855342806951,test,Low
8289,99,1,181.75,1,0.4809610978278545,train,Low
8290,357,2,1268.45,0,0.5496314522645002,train,High
8291,233,5,2008.35,1,0.4872188064858048,train,Low
8293,615,1,325.5,1,0.5305492855026887,train,High
8294,194,4,1814.25,1,0.5167823555660689,train,High
8296,584,2,854.05,1,0.5016474632427713,train,Medium
8298,266,1,736.3,0,0.5294219608503296,train,High
8299,202,1,218.9,1,0.5167216916096667,train,High
8300,121,2,965.65,1,0.4866943680358893,train,Low
8301,221,2,329.6,1,0.4835894906535811,train,Low
8302,333,2,544.35,1,0.490992900656246,train,Low
8304,8,1,269.9,0,0.5121244472106224,test,Medium
8306,218,2,593.2,1,0.4937924800194587,test,Low
8307,98,1,371.2,0,0.4625327086105462,train,Low
8308,178,2,513.0,1,0.4890242757298897,test,Low
8309,151,2,637.8,1,0.5048358750555126,test,Medium
8311,73,3,1501.35,1,0.4999801424057076,train,Medium
8312,104,2,1416.35,1,0.5344997585313914,train,High
8313,50,1,269.8,1,0.4723077524969468,test,Low
8314,332,3,1435.3,1,0.4879278427560297,train,Low
8315,90,2,716.75,0,0.4982376410604281,train,Medium
8316,488,2,679.4499999999999,1,0.4801828147309185,train,Low
8317,632,1,603.75,1,0.5273454697138178,test,High
8318,449,1,520.75,1,0.5231821450279351,train,High
8319,55,3,743.5,1,0.5106499197639368,train,Medium
8320,424,2,549.25,1,0.4722485300149237,train,Low
8324,38,2,546.8,1,0.4834414216730265,test,Low
8325,43,1,436.45,1,0.4751920946221785,test,Low
8327,201,5,2703.15,0,0.5297044297430159,test,High
8329,66,1,366.25,1,0.4801142532765611,train,Low
8330,20,2,1161.5,1,0.5352014293443007,train,High
8331,242,3,1129.1,1,0.515761890390406,train,High
8332,446,2,1052.5,1,0.5036393266490862,train,Medium
8333,164,1,553.15,0,0.5107594048614682,test,Medium
8334,219,2,823.25,1,0.4909783160329838,train,Low
8335,497,1,364.35,1,0.5011144202443025,train,Medium
8337,513,1,357.35,1,0.5014467907268974,test,Medium
8338,141,1,356.0,1,0.4930658450397957,train,Low
8339,204,2,307.65,1,0.4978138577397622,test,Medium
8340,199,3,1718.4,0,0.515113592435925,train,High
8343,26,1,409.05,1,0.5142352497852608,train,High
8344,30,1,303.85,0,0.4625327086105462,train,Low
8345,14,2,681.8499999999999,0,0.5177154223610855,train,High
8348,360,1,403.25,1,0.5106473977427175,train,Medium
8350,81,2,404.4500000000001,0,0.4930658450397957,train,Low
8351,70,3,1410.75,1,0.5108186494810448,train,Medium
8352,374,1,270.0,0,0.5079846696591224,train,Medium
8354,96,2,652.75,1,0.4980971660385903,train,Medium
8355,131,2,597.1,1,0.5010767782012849,train,Medium
8356,618,1,360.15,1,0.5265679795970761,train,High
8357,39,3,1168.5,1,0.5242683258621671,train,High
8359,590,1,374.85,1,0.5186624954654981,train,High
8360,505,1,493.25,1,0.4900941061750056,train,Low
8361,77,1,399.85,1,0.5046846331472878,train,Medium
8363,310,3,823.7,1,0.5046293525711298,train,Medium
8364,669,1,64.0,0,0.4206851483648602,test,Low
8365,93,3,1137.0,0,0.4856158697872689,train,Low
8366,199,1,211.0,1,0.4930658450397957,train,Low
8367,205,1,249.95,1,0.4679667011269941,train,Low
8368,649,1,234.85,0,0.4861733954442707,train,Low
8369,58,2,640.2,1,0.4807507677146481,train,Low
8370,175,2,773.95,1,0.5140007037181675,train,High
8371,332,2,1015.45,1,0.5133935496580981,train,High
8372,206,1,242.6,1,0.5051083824323223,train,Medium
8374,9,4,1972.9,1,0.5429525399690888,train,High
8375,384,2,623.75,1,0.5014467907268974,train,Medium
8376,216,1,657.9,1,0.5008875298293078,train,Medium
8377,95,3,1201.9,1,0.4926857528751238,train,Low
8378,184,4,1534.7,1,0.504247494307109,test,Medium
8379,404,1,391.75,0,0.4714881561308641,train,Low
8380,575,1,581.4,1,0.5314084666684634,train,High
8381,303,2,500.5,1,0.5219825568072531,train,High
8384,369,1,276.8,1,0.5015029083821128,test,Medium
8385,590,3,1166.75,1,0.5190797741229981,train,High
8386,223,1,382.25,1,0.5211334798743841,train,High
8388,179,1,387.05,1,0.4809610978278545,train,Low
8391,146,2,757.15,1,0.5113462460731736,test,Medium
8393,11,4,1467.2,1,0.5282888965189863,train,High
8394,13,1,617.2,0,0.519780607457499,test,High
8395,19,3,1263.05,1,0.5406050523042181,train,High
8396,284,1,209.25,1,0.4959422778520208,train,Medium
8397,601,1,602.7,1,0.5295451448559058,train,High
8399,53,3,1027.65,1,0.4814990473408403,train,Low
8400,319,3,690.6500000000001,0,0.5028568996424916,train,Medium
8401,228,1,308.35,1,0.505795756048608,train,Medium
8402,169,2,663.05,1,0.5152008059270605,train,High
8403,334,2,430.9500000000001,1,0.5334739940481699,train,High
8404,222,2,1048.55,1,0.527818266625826,train,High
8405,541,1,268.5,1,0.4899207577402041,train,Low
8407,244,3,1447.9,1,0.4971141385910763,train,Medium
8409,196,2,938.4,1,0.524719140773967,test,High
8410,471,3,798.75,0,0.5135250188716313,test,High
8412,111,2,597.6,1,0.4895664242680296,train,Low
8413,157,4,1770.5,1,0.515789129594367,train,High
8416,276,3,1217.25,1,0.5194821643459053,train,High
8417,517,1,714.7,1,0.5126198855353089,train,Medium
8418,90,3,944.75,1,0.5010767782012849,test,Medium
8419,243,3,1405.4,1,0.4876626522103958,train,Low
8420,229,1,191.7,1,0.4786927584525088,test,Low
8422,407,1,590.8,1,0.5289430781758981,train,High
8424,636,1,598.9,1,0.5166806928959115,test,High
8425,291,3,1368.3,1,0.4930621207205423,train,Low
8426,88,1,488.85,1,0.5134808419929243,test,High
8427,401,1,450.45,1,0.5039534857995365,test,Medium
8428,319,1,392.5,1,0.4754437568809122,test,Low
8429,323,3,1044.65,1,0.4884757345088301,train,Low
8430,56,2,724.75,1,0.5381960374348819,train,High
8431,265,1,311.85,1,0.5044377881038631,train,Medium
8432,564,1,76.15,1,0.4159863985965913,train,Low
8434,12,2,575.55,1,0.5191965571097343,train,High
8435,261,4,1755.7,1,0.5186217569383788,train,High
8436,140,3,1133.2,1,0.5050531027686743,test,Medium
8437,287,1,367.0,1,0.4871202088631418,train,Low
8438,95,5,1896.1,1,0.4852045135884409,test,Low
8439,117,2,881.05,1,0.4881173756460307,train,Low
8440,11,1,169.75,1,0.4967498652596385,train,Medium
8441,39,1,395.0,0,0.4591469989506729,train,Low
8442,193,6,1508.4,1,0.4635096651848889,train,Low
8443,387,1,428.05,1,0.4964658892282296,test,Medium
8444,442,1,410.55,1,0.5006906316972679,train,Medium
8445,76,4,1675.3,1,0.5103732069331653,train,Medium
8446,66,3,1522.75,1,0.5197635083857184,train,High
8447,299,1,466.8,1,0.5124467121058452,train,Medium
8448,372,2,850.5999999999999,1,0.4796702773028283,train,Low
8449,603,1,251.65,1,0.4849817448619647,train,Low
8450,3,2,969.65,1,0.5317850061273123,train,High
8451,360,3,1447.05,1,0.5211565626657807,train,High
8452,482,1,357.7,1,0.4890730024105882,train,Low
8453,228,2,572.1,1,0.4821007439807161,train,Low
8455,16,2,668.5,1,0.5098960856877532,test,Medium
8457,451,1,424.2,1,0.5341796999406907,train,High
8458,459,2,830.1,1,0.5030303113307782,test,Medium
8459,155,3,1309.25,0,0.4861979812544793,train,Low
8460,238,2,812.0,1,0.4748827708913881,train,Low
8461,196,2,917.15,0,0.5176294808092777,train,High
8462,530,2,665.4,1,0.499142765931918,train,Medium
8463,116,2,773.4,1,0.5126934216675127,test,Medium
8464,517,2,891.8,1,0.508145211659186,train,Medium
8465,19,3,792.75,1,0.5062030045342975,train,Medium
8466,86,1,568.9,1,0.5146191929214258,test,High
8467,341,3,1961.25,1,0.5329906132596971,train,High
8468,436,3,1043.95,1,0.4839611830619211,train,Low
8470,75,2,796.6,1,0.5095713263716803,train,Medium
8471,32,4,1588.55,1,0.4728571774177436,train,Low
8473,113,2,1073.6,1,0.51632170388534,train,High
8474,217,1,442.65,0,0.5126934216675127,test,Medium
8475,366,1,325.6,1,0.5106473977427175,train,Medium
8477,539,2,850.8499999999999,1,0.4930415292759732,test,Low
8480,14,1,253.9,1,0.5347614404827864,train,High
8481,27,5,2160.95,1,0.4819348867926376,train,Low
8483,79,3,1113.2,1,0.5055314726424358,train,Medium
8485,55,1,313.55,1,0.4876274588310244,train,Low
8486,297,1,348.0,1,0.482987116873755,train,Low
8488,233,1,661.3,1,0.5480553173620412,train,High
8489,70,2,997.1,1,0.5235254371113349,train,High
8490,201,1,507.15,1,0.5208148396774327,train,High
8492,134,2,828.45,1,0.5010767782012849,train,Medium
8493,359,1,255.25,0,0.4846141848143647,train,Low
8494,383,1,208.75,1,0.4959422778520208,test,Medium
8495,186,3,1578.55,1,0.5303185972554771,train,High
8497,588,1,739.9,1,0.5457935559530688,train,High
8498,349,3,876.95,1,0.5306485901594736,test,High
8500,354,2,754.5999999999999,1,0.4890730024105882,train,Low
8501,210,1,60.8,1,0.4139896600767219,train,Low
8502,111,2,1216.7,0,0.5141051868259928,train,High
8503,599,1,432.6,1,0.4813969104151114,train,Low
8504,89,1,563.15,1,0.5056314164087524,test,Medium
8505,92,3,1106.55,1,0.4834414216730265,test,Low
8508,621,1,240.05,1,0.5192988152954793,train,High
8509,40,3,1208.1,1,0.468937950539923,train,Low
8510,285,1,440.65,1,0.5044972881180099,train,Medium
8511,61,4,1357.5,1,0.5226865914454785,train,High
8512,112,4,1352.85,1,0.5114976333214488,train,Medium
8513,380,2,1123.35,1,0.5044874002127733,test,Medium
8515,343,1,195.75,1,0.4990180661554121,train,Medium
8516,183,2,562.85,0,0.4810879168747747,train,Low
8517,6,2,696.05,1,0.5089972905396869,train,Medium
8518,273,2,475.3,1,0.469089279844589,train,Low
8519,47,2,733.7,1,0.5024485316780423,test,Medium
8520,200,3,1572.5,1,0.530967517344072,test,High
8522,70,1,528.5,1,0.5099116376833781,train,Medium
8523,105,5,1558.95,1,0.4752905955167645,train,Low
8524,173,3,1211.1,1,0.5114976333214488,train,Medium
8526,15,1,382.3,1,0.5213178998886516,test,High
8527,368,1,277.5,1,0.5010783663768643,train,Medium
8528,92,4,1617.85,1,0.4860519424479765,train,Low
8529,291,4,1481.45,1,0.4955751637950048,test,Medium
8530,314,2,567.45,1,0.5054365105703674,train,Medium
8532,447,1,408.5,1,0.5132003669386644,train,High
8533,272,1,662.35,1,0.5321816427689076,train,High
8536,4,3,1296.9,0,0.5290499288819973,train,High
8537,57,1,244.65,1,0.4801734045028235,train,Low
8538,229,2,838.6500000000001,1,0.5116709579324805,train,Medium
8539,40,1,372.75,1,0.4625327086105462,train,Low
8542,291,2,817.0,1,0.5306485901594736,train,High
8545,269,2,575.15,1,0.4981257077064845,train,Medium
8546,418,1,491.5,1,0.4823419536786033,train,Low
8547,244,3,1079.05,1,0.515761890390406,train,High
8548,422,2,679.6500000000001,0,0.4884734193105053,train,Low
8549,293,2,675.9,1,0.4808385111170726,train,Low
8550,629,1,356.05,1,0.5135250188716313,train,High
8551,262,4,1601.55,1,0.534166483541806,train,High
8553,81,2,793.15,1,0.5010767782012849,train,Medium
8554,103,4,1562.9,0,0.5093312820782308,train,Medium
8555,592,1,477.6,1,0.5143724883739125,train,High
8556,115,2,837.5999999999999,1,0.4881173756460307,test,Low
8557,227,2,769.55,0,0.4828559778731706,train,Low
8558,203,1,217.4,1,0.4953968169094943,train,Medium
8560,197,2,782.0,1,0.4826688590808537,test,Low
8562,148,3,1697.9499999999998,0,0.515047446851592,train,High
8564,426,1,244.2,1,0.4644660644009388,train,Low
8565,495,2,667.35,1,0.5461314023585773,train,High
8566,48,1,246.4,0,0.4801142532765611,train,Low
8568,47,1,271.5,1,0.4921801714825579,train,Low
8569,191,1,545.55,1,0.510048449772028,train,Medium
8570,4,2,282.7,1,0.5129091683287074,test,Medium
8573,110,2,1033.2,1,0.5302980775091878,train,High
8575,453,2,458.1,0,0.4975396091776192,train,Medium
8578,54,4,1689.45,1,0.4879278427560297,train,Low
8579,348,1,587.05,1,0.5174930067716637,train,High
8580,511,2,876.25,1,0.4839611830619211,test,Low
8581,47,3,718.45,1,0.4950752978570492,train,Medium
8582,1,2,616.45,1,0.5188573356619578,train,High
8583,140,1,497.7,1,0.5207553868209183,train,High
8584,376,4,1233.1,1,0.5280531884435067,train,High
8586,524,2,651.05,1,0.5194821643459053,train,High
8589,182,3,905.75,1,0.4810879168747747,train,Low
8590,272,2,984.8,0,0.5186352670496369,train,High
8591,274,1,335.1,1,0.4946001264823123,train,Low
8592,149,5,2454.45,1,0.4819348867926376,train,Low
8593,61,3,1333.25,1,0.4930415292759732,train,Low
8594,302,2,289.85,1,0.4913507135909387,train,Low
8595,422,2,675.25,1,0.4866093835688426,train,Low
8596,459,1,129.85,1,0.4682096744113727,test,Low
8597,582,1,156.1,1,0.4534961028070788,train,Low
8598,226,1,255.05,1,0.4930658450397957,train,Low
8599,243,1,435.25,1,0.5131169292773715,train,Medium
8600,60,2,738.6500000000001,1,0.4881173756460307,train,Low
8603,223,2,1232.1,0,0.4818954332634617,train,Low
8604,451,1,591.2,1,0.5202393244332731,train,High
8607,316,2,1175.65,1,0.5186838031359796,train,High
8608,422,1,528.15,1,0.5150533787842874,train,High
8609,71,4,1783.0,1,0.5174641514738945,train,High
8611,345,1,166.5,0,0.4684893430383138,train,Low
8612,182,1,525.85,0,0.5161009487682178,test,High
8613,197,6,3055.7,1,0.5194778253973048,test,High
8614,268,1,521.15,0,0.5226208759966674,test,High
8615,107,3,1542.7,1,0.5292801564359642,train,High
8617,74,4,2115.25,1,0.5178096227102555,train,High
8618,177,3,1324.4,1,0.5225983142458928,train,High
8620,94,4,1300.7,1,0.4941438651817698,test,Low
8621,75,2,170.05,1,0.5054407181076113,train,Medium
8623,7,2,753.2,1,0.5072464069641093,train,Medium
8624,351,2,266.35,1,0.4953800508402016,train,Medium
8625,128,1,498.3,0,0.5079227226569893,test,Medium
8630,219,2,392.85,1,0.4726842740296247,train,Low
8631,655,1,261.1,1,0.4999451796367591,train,Medium
8632,71,2,1031.7,1,0.5214193374035055,test,High
8633,73,3,1317.6,1,0.5100985478369722,test,Medium
8635,551,1,518.35,1,0.5389206800824485,train,High
8636,102,3,1232.0,1,0.5277816314383086,test,High
8637,83,2,932.45,1,0.480585954973553,train,Low
8638,51,1,311.5,1,0.4945487730706255,train,Low
8639,178,4,1645.75,1,0.4799274626525995,train,Low
8642,154,2,803.3,0,0.5035860603992645,train,Medium
8643,517,2,1541.15,1,0.5399668397506899,train,High
8644,424,2,1040.4,1,0.4983503953450889,train,Medium
8645,46,1,520.35,1,0.5282489457094229,test,High
8646,513,1,583.45,1,0.5043384247675003,test,Medium
8648,304,3,1201.05,1,0.508993092122486,train,Medium
8649,228,3,1353.15,1,0.476729398514929,train,Low
8650,499,1,456.15,1,0.5194821643459053,train,High
8651,62,1,269.15,1,0.4801142532765611,train,Low
8652,34,1,411.25,1,0.5200050140657677,test,High
8653,268,2,424.85,1,0.4754437568809122,train,Low
8654,188,2,1071.35,1,0.5428639235856905,train,High
8656,264,3,709.95,1,0.4996963510392795,train,Medium
8657,107,3,1463.7,0,0.5222561839550494,test,High
8658,163,3,1229.15,1,0.4991796663458958,test,Medium
8660,336,1,332.8,1,0.482987116873755,train,Low
8661,149,2,699.2,1,0.4855409015034622,train,Low
8662,506,2,614.4000000000001,1,0.513187618938526,train,Medium
8663,159,3,1124.1,1,0.5032534937330176,train,Medium
8666,472,1,410.2,1,0.5036255603231914,train,Medium
8668,267,3,1590.2,1,0.485099921154307,train,Low
8669,421,2,962.7,0,0.5271401830517368,test,High
8672,443,2,1250.2,0,0.5206449588545995,test,High
8673,658,1,282.5,1,0.5135250188716313,train,High
8676,14,4,1760.5,1,0.5338716414944038,train,High
8677,43,4,1105.4,1,0.52862706231566,train,High
8678,609,1,400.1,0,0.4805500089616218,train,Low
8679,90,1,393.75,1,0.4870462538782755,train,Low
8680,6,1,557.1,1,0.5290768841299559,train,High
8681,589,1,573.9,1,0.5486467748374815,train,High
8682,514,1,197.5,1,0.5177179988541835,test,High
8683,339,3,1178.6,1,0.5030303113307782,train,Medium
8684,653,1,410.8,1,0.5160275302461971,train,High
8685,129,3,1468.2,1,0.5172728728461538,train,High
8686,516,1,531.05,0,0.5462069524437081,train,High
8688,16,4,1666.45,1,0.5197320074824446,train,High
8689,146,2,603.45,1,0.5238570635638256,train,High
8691,256,1,314.65,1,0.4930658450397957,train,Low
8692,159,2,1038.85,1,0.514033564564541,train,High
8698,286,3,1047.2,1,0.5258807007268808,train,High
8699,251,2,1075.1,1,0.5122279795739404,train,Medium
8700,458,1,380.95,1,0.5191581606663702,train,High
8701,318,2,699.4000000000001,1,0.513187618938526,train,Medium
8702,28,2,739.05,1,0.4828559778731706,train,Low
8703,58,1,261.2,0,0.5047050359864776,test,Medium
8704,60,3,1500.3000000000002,0,0.4991796663458958,train,Medium
8705,160,4,2283.2,1,0.5292801564359642,train,High
8706,55,2,699.45,0,0.469089279844589,train,Low
8707,125,3,1159.05,1,0.5025599141296785,train,Medium
8708,158,1,261.0,1,0.4946583231702582,train,Medium
8709,238,2,874.25,0,0.4819348867926376,test,Low
8710,119,2,914.6,0,0.4962660461804641,train,Medium
8711,167,2,696.2,1,0.4956236668923605,train,Medium
8712,122,5,2545.0,1,0.5057253181154838,train,Medium
8713,312,2,878.4,1,0.5186352670496369,test,High
8714,532,2,849.95,1,0.5039851375965961,train,Medium
8715,547,1,487.3,1,0.51109238215614,train,Medium
8717,632,1,725.2,1,0.5473902381672382,train,High
8718,100,1,807.1,1,0.5076960163782294,train,Medium
8719,303,3,1180.4499999999998,1,0.5020087901445865,train,Medium
8720,15,3,1003.85,1,0.5297308863044493,test,High
8721,129,2,495.2,1,0.4834414216730265,train,Low
8723,298,2,1030.7,1,0.5196644591304901,train,High
8724,57,2,736.45,0,0.4788764053329163,train,Low
8725,346,1,347.7,1,0.4958719300631459,train,Medium
8726,286,4,1342.65,1,0.508087145911213,train,Medium
8727,140,2,742.3,1,0.4810879168747747,train,Low
8728,235,3,1486.45,1,0.4752905955167645,train,Low
8729,144,2,937.2,1,0.4887651853409964,train,Low
8730,487,2,794.1,1,0.5009739439480057,train,Medium
8732,275,1,598.15,1,0.5060213727764596,train,Medium
8734,424,1,379.2,1,0.4858465278317895,train,Low
8735,583,1,508.3,1,0.533869945094791,train,High
8738,225,3,1317.4,1,0.5109118181145376,train,Medium
8739,119,2,642.75,1,0.5171076174658411,train,High
8740,121,3,1239.9,1,0.4991796663458958,train,Medium
8741,17,1,305.6,1,0.5217409040841354,train,High
8743,219,2,802.7,1,0.4855281552978814,train,Low
8744,227,3,1006.75,1,0.5166170070212847,train,High
8745,150,2,538.55,1,0.5010767782012849,train,Medium
8746,493,2,1208.2,1,0.5321460821198539,train,High
8747,286,2,495.35,1,0.499611588953653,train,Medium
8748,109,2,565.75,1,0.4752330265202993,train,Low
8752,468,2,954.55,1,0.515094900585362,train,High
8753,175,2,667.5999999999999,1,0.5181177315511758,train,High
8754,357,3,1078.95,1,0.5135250188716313,test,High
8755,96,2,765.85,1,0.4819348867926376,train,Low
8756,38,2,957.7,0,0.4711832846710807,train,Low
8758,154,2,1326.25,1,0.5274247380041582,train,High
8759,97,4,2176.2,1,0.5121377519927891,train,Medium
8761,28,1,177.95,1,0.4754437568809122,train,Low
8762,408,2,837.5999999999999,0,0.5186217569383788,train,High
8764,284,2,1149.05,1,0.552426198111183,train,High
8765,25,2,867.8499999999999,0,0.480585954973553,test,Low
8766,90,1,294.1,1,0.4945487730706255,train,Low
8767,219,1,576.1,1,0.535156017937922,train,High
8768,582,1,289.35,1,0.5292559402263142,train,High
8769,211,1,169.15,1,0.4930658450397957,train,Low
8772,406,2,985.7,1,0.4687522672098299,train,Low
8773,272,1,540.0,1,0.5189741899273428,train,High
8775,436,1,240.5,1,0.4780314359101464,train,Low
8776,489,1,251.85,1,0.5247813083833035,train,High
8777,53,2,1136.55,1,0.5248742243504675,train,High
8778,282,3,1112.05,1,0.5186352670496369,train,High
8779,4,4,1512.5,1,0.5303173650751332,train,High
8780,456,2,492.65,1,0.4839611830619211,train,Low
8781,170,1,203.75,1,0.4930658450397957,train,Low
8783,574,2,644.3,0,0.52319368847552,train,High
8784,578,2,642.05,0,0.4839611830619211,train,Low
8785,539,1,245.5,1,0.4915767634413487,train,Low
8788,415,1,446.35,1,0.482382935363194,train,Low
8791,207,2,755.1,1,0.5273591300454983,train,High
8792,145,1,695.7,1,0.5391302897077533,train,High
8793,27,2,823.25,0,0.4881173756460307,train,Low
8796,10,2,596.55,1,0.5070368236176795,train,Medium
8798,23,3,1180.7,1,0.5047282498717519,test,Medium
8799,180,1,494.35,1,0.4882860891750022,train,Low
8800,110,1,718.25,1,0.5294334212724635,train,High
8801,107,5,1413.6999999999998,1,0.4934547964751935,train,Low
8803,46,2,1010.7,1,0.5322791851691221,train,High
8804,187,1,466.5,1,0.5165221707925125,train,High
8805,236,4,1650.45,1,0.5289583328048466,test,High
8806,284,2,737.45,1,0.5048015503671331,test,Medium
8807,570,1,228.65,1,0.5356424112350364,train,High
8809,415,2,1028.45,1,0.5377816551945267,train,High
8812,466,1,361.9,1,0.5036255603231914,test,Medium
8813,603,1,351.75,1,0.5209668381903135,train,High
8814,40,3,856.3499999999999,0,0.5106499197639368,train,Medium
8816,59,1,427.35,1,0.4945487730706255,train,Low
8818,187,2,586.0,1,0.4909783160329838,train,Low
8820,525,1,379.45,1,0.534166483541806,train,High
8821,117,4,2105.85,0,0.5326647595486916,test,High
8822,183,1,559.7,1,0.5229952117933435,test,High
8823,118,2,617.8,1,0.4780090925343134,test,Low
8824,118,5,1580.0,0,0.4810879168747747,test,Low
8825,140,2,974.55,0,0.5019327845186525,train,Medium
8826,40,4,1398.25,1,0.5285566764070314,train,High
8827,397,1,166.5,1,0.3734463613390319,train,Low
8828,471,1,317.15,0,0.5186352670496369,train,High
8829,324,1,227.5,1,0.4611170980959638,train,Low
8830,40,1,95.1,1,0.4926663810655698,train,Low
8831,139,1,568.9,0,0.5073382152099793,train,Medium
8832,120,4,2098.45,1,0.5065733194076268,train,Medium
8833,502,1,350.8,1,0.5247361537083699,train,High
8834,179,2,1271.6999999999998,1,0.4972051449125273,train,Medium
8835,241,3,984.95,1,0.4834414216730265,train,Low
8836,565,1,403.25,0,0.5341867928460424,train,High
8839,109,2,727.4000000000001,1,0.501924900136904,test,Medium
8841,416,2,733.25,1,0.4926857528751238,train,Low
8842,195,4,1074.95,1,0.492698778965158,train,Low
8843,130,2,333.4,0,0.516609131226501,train,High
8844,27,1,559.75,1,0.5196943474400549,train,High
8846,282,1,341.95,1,0.4708327064128154,train,Low
8847,224,1,319.5,1,0.4996680923823967,train,Medium
8849,63,1,323.4,0,0.4921475638343566,train,Low
8850,145,3,716.7,1,0.4909783160329838,train,Low
8851,457,1,369.5,1,0.5196553164134698,train,High
8852,29,2,374.6,1,0.4945487730706255,train,Low
8853,428,2,555.75,1,0.5309662234793558,test,High
8855,11,2,582.1,1,0.5293085735635579,train,High
8858,112,4,1493.05,1,0.4827857912120827,train,Low
8859,125,1,181.75,0,0.4921475638343566,train,Low
8861,12,3,699.4000000000001,1,0.4792779314149439,train,Low
8863,203,1,272.0,1,0.4876274588310244,train,Low
8864,267,1,185.2,1,0.4950238707843058,train,Medium
8865,198,6,2494.5,1,0.5396986851173865,train,High
8867,295,1,574.95,1,0.4980151461032191,train,Medium
8868,327,1,318.45,1,0.4990180661554121,train,Medium
8869,391,2,846.0,1,0.5186352670496369,train,High
8872,39,2,973.0,1,0.4918261948310733,test,Low
8873,294,2,877.2,1,0.4978239565030002,train,Medium
8875,333,2,772.55,0,0.4461978326435467,train,Low
8877,152,1,404.95,1,0.4657718227741064,test,Low
8878,16,1,448.45,1,0.5233316243319552,train,High
8879,5,4,1186.4,0,0.5045015487089856,train,Medium
8880,81,2,998.0,1,0.4951546690477303,train,Medium
8881,341,2,791.8,1,0.5001201409528407,train,Medium
8882,394,2,773.0,1,0.4889269217955317,train,Low
8883,583,1,394.9,1,0.5234125762623952,train,High
8884,129,2,605.05,1,0.4810879168747747,train,Low
8886,94,5,2131.8,1,0.5167823555660689,train,High
8887,20,1,514.6,0,0.5327058126361227,test,High
8888,423,1,660.45,1,0.5044606112341484,train,Medium
8889,547,1,510.1,1,0.5094258200740776,train,Medium
8890,80,4,1547.25,1,0.4819348867926376,train,Low
8891,248,1,275.85,1,0.4754437568809122,train,Low
8892,173,1,349.45,1,0.5065913349564779,train,Medium
8893,497,2,660.15,1,0.508087145911213,train,Medium
8896,229,1,473.6,1,0.507361230966757,train,Medium
8898,272,2,889.85,1,0.4785156905928047,train,Low
8900,665,1,266.5,1,0.4959069499376451,train,Medium
8901,224,3,841.3,0,0.5055314726424358,train,Medium
8902,616,1,367.6,1,0.4873112373650051,test,Low
8903,254,2,829.75,1,0.5010767782012849,train,Medium
8904,453,1,686.5,1,0.5267179534591462,test,High
8906,636,1,303.9,1,0.4988359171210372,train,Medium
8907,314,1,295.0,1,0.5097996227522011,train,Medium
8908,239,1,539.5,0,0.5016617128133493,train,Medium
8909,7,2,161.75,1,0.4877689304848469,train,Low
8911,511,2,755.45,1,0.5143724883739125,train,High
8912,412,1,344.2,1,0.4525065149587984,train,Low
8913,183,1,305.85,1,0.4939138308346024,train,Low
8914,359,2,616.25,1,0.5142211459222624,test,High
8915,39,3,1382.9,1,0.5002752524798,train,Medium
8916,419,1,520.85,1,0.5133365854601675,train,High
8917,77,1,403.2,1,0.4625327086105462,train,Low
8918,21,2,807.55,1,0.5126934216675127,test,Medium
8920,243,2,816.9499999999999,1,0.4863604106091374,train,Low
8921,215,1,204.1,1,0.4815542572452661,test,Low
8922,603,3,926.0,1,0.5135250188716313,train,High
8923,236,1,358.65,1,0.509101912999389,train,Medium
8924,233,2,1198.1999999999998,1,0.5298312644885286,test,High
8925,33,3,1005.6,1,0.4981257077064845,train,Medium
8926,164,2,1126.4,1,0.4914948722078956,train,Low
8928,413,1,344.5,1,0.4770007235936218,train,Low
8929,355,1,231.1,1,0.4967903626357708,train,Medium
8931,453,1,283.5,1,0.5309797004554978,train,High
8932,541,1,284.6,0,0.5186352670496369,train,High
8933,79,3,1941.3,1,0.5432741992477186,test,High
8934,259,1,565.95,1,0.5153126283997466,train,High
8936,303,2,977.35,1,0.4933236094120741,train,Low
8937,564,1,566.05,1,0.5428639235856905,test,High
8940,211,1,569.1,1,0.5093178632889335,train,Medium
8941,135,1,557.55,1,0.5214193374035055,test,High
8944,449,1,64.2,1,0.4842151274339055,train,Low
8945,637,1,306.65,1,0.4858291518291973,train,Low
8946,331,1,194.95,1,0.4700195243553083,train,Low
8947,258,1,219.5,1,0.5079846696591224,train,Medium
8948,34,5,1855.5,1,0.5106499197639368,train,Medium
8949,378,2,1135.25,1,0.5230280614757092,train,High
8950,620,1,531.35,1,0.5230306514772641,test,High
8951,402,1,503.65,1,0.5183400473432503,train,High
8953,207,4,1090.95,1,0.515761890390406,train,High
8957,50,1,126.75,1,0.4901559255575614,train,Low
8959,267,2,638.05,1,0.5159912721890867,train,High
8960,347,3,944.75,1,0.4733611689711587,test,Low
8963,669,1,336.05,1,0.508087145911213,train,Medium
8966,195,1,353.0,0,0.4930658450397957,test,Low
8967,97,2,745.5,1,0.4825240035741416,train,Low
8968,74,1,634.2,1,0.5216808708335103,test,High
8969,520,1,328.95,1,0.5323508085237922,train,High
8970,352,1,116.6,0,0.3798474414297405,train,Low
8971,500,1,296.2,1,0.515892767873225,test,High
8972,67,1,210.1,1,0.4824422669568945,train,Low
8973,332,1,368.8,1,0.4625327086105462,train,Low
8974,158,3,950.7,0,0.5103251787180494,train,Medium
8975,351,3,740.75,1,0.4890730024105882,train,Low
8976,232,1,172.2,1,0.4870462538782755,train,Low
8977,38,1,103.0,1,0.4475546829894279,train,Low
8978,29,2,911.1,1,0.5432776190608467,test,High
8979,165,2,801.75,1,0.4987605336877471,test,Medium
8980,468,2,796.8,1,0.5120293118399392,train,Medium
8981,283,2,794.45,1,0.5101674568806986,train,Medium
8983,423,2,465.15,1,0.5302263706960492,train,High
8984,452,1,381.75,1,0.5022949084301435,train,Medium
8985,35,1,467.85,1,0.5024828975707007,train,Medium
8986,102,1,240.55,1,0.4801142532765611,train,Low
8988,367,1,356.55,1,0.5097996227522011,train,Medium
8990,286,2,398.45,1,0.5061297965522044,train,Medium
8992,296,1,315.7,1,0.4676438017745888,train,Low
8994,372,2,850.7,1,0.5186352670496369,test,High
8998,468,1,265.2,1,0.4981257077064845,test,Medium
8999,212,1,189.05,1,0.4700195243553083,train,Low
9002,85,2,438.65,1,0.4890242757298897,train,Low
9003,34,2,576.35,1,0.5051981187450738,train,Medium
9005,293,1,503.0,1,0.504538382617219,train,Medium
9006,434,1,846.4,1,0.5044436701296928,train,Medium
9009,498,2,596.1500000000001,1,0.5391027658683499,test,High
9010,355,2,553.0,1,0.468594457082612,train,Low
9011,107,1,569.15,1,0.5124381813403015,test,Medium
9012,75,3,1271.45,1,0.5029499888601991,test,Medium
9013,609,1,483.1,1,0.4805500089616218,train,Low
9014,30,2,843.65,1,0.5004396835858119,train,Medium
9015,346,2,1020.7,1,0.5346396091451122,train,High
9016,505,1,363.3,1,0.5186352670496369,train,High
9017,104,3,988.1,1,0.4871028654837267,train,Low
9018,136,3,899.2,1,0.469089279844589,test,Low
9019,150,1,249.9,1,0.5065913349564779,train,Medium
9021,302,2,654.5,0,0.5374529364374694,train,High
9022,258,2,684.6500000000001,1,0.5039534857995365,train,Medium
9023,180,3,1027.8,1,0.5010767782012849,train,Medium
9024,634,1,421.1,1,0.5135250188716313,test,High
9025,50,1,219.5,1,0.4815542572452661,train,Low
9027,46,2,894.2,1,0.4981379644010993,test,Medium
9028,87,2,784.05,1,0.5281401457651598,train,High
9029,137,2,526.9,1,0.5230107969861648,test,High
9030,96,1,824.2,1,0.5416205198993657,test,High
9031,401,1,551.85,1,0.4699891650279672,train,Low
9032,104,6,2236.2,1,0.4976899051739726,test,Medium
9034,306,4,1735.7,1,0.5135250188716313,train,High
9035,85,4,1428.15,1,0.4828583812822995,test,Low
9036,132,3,1450.8,1,0.4999242553239021,train,Medium
9037,173,1,151.55,1,0.4250147539214938,test,Low
9039,155,4,1762.3,1,0.5167823555660689,train,High
9040,213,1,88.0,1,0.4911836123631157,test,Low
9041,421,1,401.1,1,0.4858465278317895,test,Low
9043,525,1,420.05,1,0.497995288371047,train,Medium
9044,137,2,669.0,1,0.4705079957200973,train,Low
9045,664,1,608.0,1,0.5289122881502005,train,High
9046,499,1,712.0,1,0.5532934243381925,train,High
9047,58,2,963.05,0,0.4860519424479765,train,Low
9049,288,4,880.45,1,0.5132003669386644,train,High
9050,235,2,534.9,1,0.4849425568316151,train,Low
9051,192,2,524.95,1,0.4834414216730265,train,Low
9052,303,2,456.3,1,0.4973308486686044,train,Medium
9054,165,4,1454.0500000000002,1,0.504247494307109,train,Medium
9055,618,1,493.6,1,0.5168747416721423,train,High
9057,534,1,305.25,1,0.5211360040822915,train,High
9058,35,2,748.65,1,0.4780090925343134,train,Low
9059,348,1,493.5,1,0.5054365105703674,train,Medium
9060,132,2,925.85,1,0.4861979812544793,train,Low
9061,24,2,1133.2,1,0.5291345037914209,train,High
9062,42,8,2778.4,1,0.5053854392151889,train,Medium
9064,139,1,731.95,1,0.5447190438761905,train,High
9065,37,3,1240.55,1,0.4752905955167645,train,Low
9066,46,3,1263.85,1,0.4862215129046506,train,Low
9067,363,1,448.0,1,0.5070289812270773,train,Medium
9068,403,2,881.85,1,0.49470245314797,train,Medium
9069,72,3,1324.2,1,0.5128830452351201,train,Medium
9071,284,2,798.5999999999999,1,0.5205020782821993,train,High
9072,449,1,504.2,1,0.5374586104144751,test,High
9073,290,2,623.25,1,0.5065300194032156,test,Medium
9074,234,3,1325.15,1,0.4807507677146481,train,Low
9075,324,2,637.45,1,0.5178414492260806,test,High
9076,401,1,258.55,1,0.4905028632966601,train,Low
9077,270,4,1729.9499999999998,1,0.4696076387376393,train,Low
9079,59,2,858.0,1,0.4899998137446876,test,Low
9080,307,2,1094.0,1,0.5112047076785415,train,Medium
9081,287,1,305.75,1,0.4477385345608881,train,Low
9082,395,1,458.85,1,0.5026112722153439,train,Medium
9083,205,3,1722.9499999999998,1,0.5377816551945267,train,High
9084,505,2,727.3,1,0.5196553164134698,test,High
9086,461,1,620.2,1,0.5382731948942003,train,High
9087,375,1,287.3,0,0.4881189629321213,train,Low
9088,295,2,680.0,1,0.4890730024105882,train,Low
9091,20,1,270.85,1,0.5097102404791565,train,Medium
9092,85,1,177.1,1,0.4824012849293681,train,Low
9093,371,2,661.2,1,0.5132003669386644,train,High
9094,587,1,710.4,1,0.5116263071509066,train,Medium
9096,329,1,334.8,1,0.4975349282341227,train,Medium
9097,540,1,485.2,0,0.5302263706960492,train,High
9098,118,2,947.5,1,0.5106499197639368,train,Medium
9099,85,1,445.0,1,0.4773916957915751,test,Low
9100,147,1,520.35,1,0.5084700020669064,train,Medium
9101,95,3,1395.65,0,0.4868150750935341,train,Low
9102,516,3,626.95,1,0.5143724883739125,test,High
9103,5,3,1211.15,1,0.4923212813673172,train,Low
9104,426,2,969.25,1,0.5096508797895565,train,Medium
9105,30,1,370.75,1,0.4939138308346024,test,Low
9106,358,2,1149.5,1,0.527597336333822,train,High
9108,101,3,1575.5,1,0.4778828820045281,train,Low
9110,460,2,432.4,1,0.4914306542894385,train,Low
9112,7,3,858.9,1,0.5323678469121601,train,High
9113,55,3,1200.05,1,0.4839514963888106,train,Low
9114,376,2,654.1999999999999,1,0.4726501420658178,test,Low
9115,265,2,514.55,1,0.4918407803044481,train,Low
9116,338,2,1072.1,1,0.5212078859323112,train,High
9117,382,1,248.65,1,0.4959422778520208,train,Medium
9118,37,2,1011.85,1,0.5177866690904667,test,High
9119,198,2,515.15,1,0.5106499197639368,test,Medium
9120,344,1,538.2,1,0.5165735399377298,test,High
9124,55,4,2058.85,1,0.5260520594264834,train,High
9126,538,1,383.15,1,0.5061300208210419,train,Medium
9127,300,2,562.0,1,0.4874202914145946,train,Low
9128,49,1,572.3,1,0.5084700020669064,train,Medium
9129,592,1,622.45,1,0.5338322180188779,train,High
9131,64,1,139.4,1,0.464427746767876,train,Low
9132,54,3,769.95,1,0.501924900136904,train,Medium
9133,599,1,621.4,1,0.520444289849282,train,High
9134,134,2,423.4,1,0.4790831719847866,train,Low
9136,36,3,1403.85,1,0.5035860603992645,train,Medium
9137,159,1,139.2,1,0.4436463315128958,train,Low
9139,301,2,1021.7,1,0.4911111449420908,train,Low
9140,292,2,1143.1,1,0.5340075749037981,train,High
9141,307,1,584.9,1,0.5192777930902892,test,High
9142,149,3,1274.3,1,0.4853740676081202,train,Low
9143,409,1,587.8,1,0.5019602283268992,train,Medium
9144,490,2,788.3,1,0.5241857373087203,train,High
9145,340,2,831.75,1,0.5094421898921183,train,Medium
9146,221,1,526.75,1,0.535156017937922,train,High
9148,194,2,518.75,1,0.504247494307109,train,Medium
9149,74,5,2120.35,1,0.5091538223427714,test,Medium
9150,266,3,761.7,1,0.5036863562731432,train,Medium
9151,319,1,274.9,1,0.5015029083821128,train,Medium
9152,452,1,141.7,1,0.4442599301506448,train,Low
9153,286,1,572.25,1,0.512923712015925,train,Medium
9155,364,3,1481.95,0,0.5255492072015532,train,High
9156,279,4,1607.85,1,0.5371224122595711,test,High
9157,251,1,288.85,1,0.4815542572452661,train,Low
9158,385,1,179.5,1,0.482987116873755,train,Low
9159,498,1,584.95,1,0.5331632720242775,train,High
9160,183,1,389.7,1,0.505956408173424,test,Medium
9161,265,1,537.7,1,0.5161768426177912,train,High
9163,30,4,1771.75,1,0.4982376410604281,train,Medium
9164,483,2,582.1,1,0.4706255368185265,train,Low
9165,195,2,890.1,0,0.5013387968384184,test,Medium
9167,439,1,651.05,1,0.4959223112298947,train,Medium
9170,298,3,1328.7,1,0.514545761049545,train,High
9172,585,1,301.45,1,0.5201434175222722,train,High
9173,525,1,368.65,1,0.5196553164134698,train,High
9174,42,1,323.2,1,0.4930658450397957,train,Low
9175,145,1,642.6,1,0.5073382152099793,train,Medium
9176,37,6,2511.45,1,0.5106499197639368,train,Medium
9178,287,2,587.05,0,0.4926857528751238,train,Low
9180,100,2,570.55,1,0.5025599141296785,train,Medium
9181,368,1,389.55,1,0.4959422778520208,test,Medium
9183,402,1,508.3,1,0.5305890408696174,train,High
9184,129,1,409.3,1,0.5122850658000412,train,Medium
9186,22,2,880.0,1,0.5276460759440874,test,High
9187,41,2,1070.6,1,0.5221346155941528,test,High
9188,592,1,821.15,1,0.534934834844443,train,High
9189,550,1,595.0,1,0.5185244511557496,train,High
9190,189,3,1130.4,1,0.5052108742459873,train,Medium
9192,391,1,628.0,0,0.5102141093039883,train,Medium
9195,107,1,601.7,1,0.516948151981241,train,High
9196,580,1,167.55,1,0.4346580407793046,test,Low
9197,84,1,630.05,1,0.5293553514229253,test,High
9198,491,1,356.2,1,0.468594457082612,train,Low
9199,195,1,482.8,1,0.4812595410699105,train,Low
9200,121,2,665.05,1,0.5114976333214488,train,Medium
9201,626,1,343.0,1,0.5030713425461275,train,Medium
9202,318,1,229.4,1,0.4959422778520208,train,Medium
9204,263,1,406.1,1,0.4838343128145134,train,Low
9205,17,1,630.1,1,0.5299399098465283,train,High
9206,327,2,841.6500000000001,1,0.4978491395421023,train,Medium
9207,202,4,1391.95,1,0.4808385111170726,test,Low
9208,82,3,1951.75,1,0.5428639235856905,train,High
9210,255,2,993.9,1,0.4888976123548604,train,Low
9211,320,2,517.75,1,0.5305492855026887,train,High
9212,450,2,624.05,1,0.4899207577402041,train,Low
9213,153,4,2173.7,0,0.5186336736728364,test,High
9214,211,2,1426.8,1,0.5478732084559166,train,High
9215,409,1,369.65,1,0.4874381092364556,train,Low
9216,206,1,413.5,0,0.4945487730706255,train,Low
9217,236,1,238.0,1,0.5046846331472878,train,Medium
9218,48,1,358.4,1,0.5076191721387563,train,Medium
9219,91,3,1273.75,1,0.4868150750935341,train,Low
9220,278,1,471.25,1,0.5178047258542342,train,High
9222,129,2,367.3,1,0.4930658450397957,train,Low
9223,661,1,160.5,1,0.4120355719754137,train,Low
9224,251,1,592.25,1,0.5228227222686346,train,High
9225,583,1,326.0,0,0.5181652649318944,test,High
9227,21,2,950.4,1,0.5010064260035979,test,Medium
9228,350,1,274.65,1,0.482987116873755,train,Low
9230,153,2,580.25,1,0.5142665555606337,train,High
9231,263,1,397.8,0,0.5119774151173841,train,Medium
9232,660,1,455.8,1,0.4901146935296726,train,Low
9233,55,3,861.1999999999999,1,0.5016004160049354,train,Medium
9234,557,1,530.25,1,0.5469321552854784,train,High
9235,43,2,524.75,1,0.5010767782012849,train,Medium
9236,64,2,1126.9,1,0.509181860778598,train,Medium
9240,272,2,1019.15,1,0.5243857139467631,test,High
9241,638,1,327.4,1,0.5020087901445865,train,Medium
9242,138,3,814.45,0,0.4926857528751238,train,Low
9243,110,2,346.29999999999995,1,0.516609131226501,train,High
9244,218,1,190.1,1,0.5065913349564779,train,Medium
9245,32,3,972.0,1,0.4796132457289513,train,Low
9247,656,1,397.6,1,0.4721038277118504,train,Low
9248,389,2,1039.9,1,0.5331083499379188,train,High
9249,397,1,404.35,1,0.5079846696591224,train,Medium
9250,113,3,1005.8,1,0.4677596778735711,train,Low
9253,69,3,865.3,1,0.5250506901376957,train,High
9255,176,1,282.0,1,0.4930658450397957,train,Low
9256,238,3,1875.65,0,0.5136967136533678,train,High
9257,296,2,1680.65,1,0.5491440277769641,train,High
9259,216,1,223.75,0,0.5098196867203132,train,Medium
9261,510,1,344.2,1,0.498031315867033,train,Medium
9262,108,2,606.95,1,0.4635025053038614,test,Low
9263,401,1,123.25,1,0.4189691120441686,train,Low
9265,192,3,1450.95,1,0.4934547964751935,train,Low
9266,612,1,515.2,1,0.5134141302788842,train,High
9267,102,2,475.0,1,0.504247494307109,train,Medium
9268,595,1,147.45,0,0.4974309072113245,train,Medium
9269,31,1,199.5,1,0.5051083824323223,train,Medium
9270,383,3,875.35,1,0.4788236088481228,train,Low
9271,125,2,786.05,1,0.5025599141296785,train,Medium
9272,130,5,2221.55,1,0.515761890390406,train,High
9273,61,2,738.7,1,0.4956703826912865,test,Medium
9274,213,3,1084.45,1,0.4795103324451715,train,Low
9275,433,2,931.7,0,0.5291704922675414,train,High
9276,508,2,472.55,1,0.4970204209817567,test,Medium
9277,599,1,617.4,1,0.5234511563745211,train,High
9278,183,2,745.7,1,0.4938664370394695,train,Low
9279,32,2,761.95,1,0.5016004160049354,train,Medium
9280,337,2,543.3,1,0.4785156905928047,train,Low
9281,450,2,554.7,1,0.5186352670496369,train,High
9282,584,2,615.05,1,0.4839611830619211,test,Low
9283,201,1,514.6,1,0.4964846952845638,train,Medium
9284,283,2,936.0,1,0.4879278427560297,train,Low
9285,459,2,650.6,1,0.5186558338308248,train,High
9286,204,3,770.5,1,0.4895587798454937,train,Low
9287,291,2,883.6500000000001,1,0.5048015503671331,train,Medium
9288,106,1,377.55,1,0.5170536851097377,train,High
9289,185,3,1036.35,1,0.4870455036459979,train,Low
9290,410,3,1146.6,1,0.5028568996424916,train,Medium
9291,212,3,1455.15,1,0.4817927579098565,train,Low
9295,239,1,100.0,1,0.4766453439732194,train,Low
9296,547,1,485.8,1,0.4930415292759732,test,Low
9297,109,1,441.15,1,0.4964844997265272,train,Medium
9298,14,2,528.05,1,0.5309070475487333,train,High
9299,10,3,912.8,1,0.5009168375449683,train,Medium
9300,106,3,1239.65,1,0.5049340675536825,test,Medium
9301,505,1,256.25,0,0.5237621685041965,train,High
9302,196,1,78.0,1,0.4624783849924033,train,Low
9303,133,2,1128.35,1,0.5167532684632731,test,High
9304,5,2,532.15,1,0.5198937602697008,train,High
9306,24,4,1931.65,1,0.5188614570674045,test,High
9307,266,2,572.85,1,0.530246700714626,train,High
9308,90,4,1700.75,1,0.4756449550755561,train,Low
9309,19,3,1217.25,1,0.5332123288855805,train,High
9311,248,3,948.5,1,0.5101674568806986,train,Medium
9312,446,1,497.0,1,0.4927393412242307,train,Low
9313,47,2,728.75,1,0.510403821384785,test,Medium
9314,381,1,249.9,1,0.4852750595821856,test,Low
9315,111,1,369.55,1,0.5196527915946679,train,High
9316,144,1,455.65,1,0.501924900136904,train,Medium
9317,115,2,743.45,1,0.4870660852644648,train,Low
9318,217,1,182.8,1,0.4930658450397957,test,Low
9319,283,1,651.0,1,0.5173249712313029,train,High
9320,580,1,368.65,1,0.5306757539663058,train,High
9321,81,3,1545.65,1,0.5374586104144751,train,High
9323,48,3,1924.9,1,0.5203246113379864,train,High
9324,88,2,461.85,1,0.5104996875769554,train,Medium
9325,543,1,442.9,1,0.5391027658683499,train,High
9327,104,1,390.65,1,0.4639670407216313,train,Low
9328,346,1,555.25,1,0.5192777930902892,train,High
9330,125,3,1265.9,1,0.4908510603052403,train,Low
9331,45,3,1164.95,1,0.4752697065280842,train,Low
9332,291,2,905.8,1,0.5100985478369722,train,Medium
9333,179,2,939.5,1,0.495636422800998,train,Medium
9334,7,3,779.65,1,0.5201975597428804,train,High
9336,104,2,1001.5,1,0.5298381727141062,train,High
9337,328,2,1042.3,1,0.5138441881198351,train,High
9338,150,3,1096.0,1,0.52369846807181,train,High
9341,111,3,1204.25,0,0.4916744082782415,test,Low
9342,212,3,1196.9,0,0.4882342651645476,train,Low
9343,62,6,2147.2,1,0.5092365735149508,test,Medium
9345,529,2,1133.25,1,0.4985238113495116,train,Medium
9347,135,4,1020.05,1,0.5078846928874108,train,Medium
9348,238,2,665.25,1,0.5139644368356951,train,High
9349,208,1,369.65,1,0.4809610978278545,train,Low
9350,192,2,933.9,0,0.5024828975707007,train,Medium
9352,6,3,1377.45,1,0.5212444213513812,train,High
9353,644,1,533.45,1,0.5082973513550929,train,Medium
9356,618,1,535.05,1,0.4978655652638428,train,Medium
9358,444,3,1227.0,1,0.5143724883739125,test,High
9359,375,2,926.9,1,0.5196553164134698,test,High
9361,96,2,628.95,1,0.5167823555660689,train,High
9362,96,3,1138.6,1,0.5101674568806986,train,Medium
9363,141,3,1012.65,1,0.492698778965158,train,Low
9364,68,1,337.0,1,0.4817406609547135,test,Low
9365,60,2,470.4500000000001,1,0.5010767782012849,train,Medium
9366,480,1,428.05,1,0.5306485901594736,train,High
9368,307,4,1139.35,1,0.5277449991375132,train,High
9369,514,1,458.65,1,0.4865071797544185,train,Low
9370,141,2,665.15,0,0.4889650597728666,test,Low
9371,443,2,857.7,1,0.514545761049545,test,High
9372,68,2,445.45,1,0.4950548952065451,train,Medium
9374,151,1,129.85,1,0.3900994175480076,test,Low
9375,59,2,565.9,1,0.5126934216675127,test,Medium
9376,68,3,1332.45,1,0.491355064454816,train,Low
9379,517,1,800.2,1,0.5424772067601855,train,High
9380,529,2,729.95,1,0.4806059530728347,train,Low
9381,193,2,737.0,0,0.4827857912120827,test,Low
9382,37,1,45.0,1,0.4175080478775393,train,Low
9383,242,1,662.35,1,0.5530434207779873,train,High
9385,182,3,931.5,1,0.4943027989377688,test,Low
9387,89,2,1045.95,1,0.5009318632859074,train,Medium
9388,70,6,2697.1,1,0.5052108742459873,train,Medium
9389,389,2,738.4,1,0.4635025053038614,test,Low
9390,71,5,1790.5,1,0.5106499197639368,train,Medium
9391,616,1,97.0,1,0.4848947271508122,train,Low
9392,483,2,676.0,0,0.4839611830619211,train,Low
9394,139,3,934.6,1,0.4985700103360819,train,Medium
9395,533,1,504.05,1,0.5389206800824485,train,High
9398,85,2,958.3,1,0.4821080802782779,train,Low
9399,142,3,1019.5,1,0.4881173756460307,train,Low
9400,126,1,406.35,1,0.4801142532765611,test,Low
9402,175,2,924.95,1,0.4964039296968924,train,Medium
9403,19,3,1284.75,1,0.5149731186404128,test,High
9404,299,1,417.95,1,0.4959422778520208,train,Medium
9405,345,4,1561.4,1,0.5196758799752471,train,High
9407,193,2,941.8,1,0.4866943680358893,train,Low
9409,24,2,902.15,1,0.4918261948310733,train,Low
9410,58,3,918.45,1,0.5019327845186525,train,Medium
9411,313,3,815.95,1,0.5014467907268974,test,Medium
9412,232,1,446.25,0,0.495636422800998,train,Medium
9413,361,2,908.7,1,0.5011144202443025,train,Medium
9414,14,3,1248.25,1,0.5048779990629231,train,Medium
9415,168,2,1086.6,0,0.5002378069412509,train,Medium
9416,398,3,1569.35,1,0.5325188612438986,train,High
9417,339,2,793.55,1,0.4803042867324096,train,Low
9419,110,4,1334.0,1,0.4810879168747747,test,Low
9420,21,2,782.4,1,0.4803161267223128,train,Low
9421,75,5,1926.75,1,0.4861979812544793,train,Low
9422,613,1,337.1,1,0.5130549360245773,train,Medium
9423,324,1,324.1,1,0.482987116873755,test,Low
9425,52,1,155.45,0,0.4497039027242701,test,Low
9426,216,3,981.7,1,0.5222561839550494,train,High
9427,247,2,938.55,0,0.4671146445008591,train,Low
9428,17,1,743.2,1,0.5451421634659707,train,High
9429,103,1,578.6,0,0.5146191929214258,train,High
9430,77,2,1062.95,1,0.5255444782190254,train,High
9431,264,1,295.2,1,0.4886595151783879,train,Low
9433,389,1,505.65,1,0.5251361647671384,train,High
9435,429,2,833.75,1,0.4858291518291973,train,Low
9436,553,1,640.8,1,0.5468221456564789,train,High
9437,567,1,161.7,1,0.4854918321234275,train,Low
9438,268,1,333.95,1,0.4852750595821856,train,Low
9439,509,1,295.9,0,0.509764231841356,train,Medium
9440,124,3,1478.65,1,0.516609131226501,train,High
9441,260,1,249.45,1,0.4962042818575486,test,Medium
9442,497,1,279.05,1,0.5067626406486516,train,Medium
9443,242,3,1797.4499999999998,1,0.5371917537411288,train,High
9444,21,1,509.85,1,0.525380556997349,train,High
9445,40,3,1311.15,1,0.5069061230734041,train,Medium
9448,344,4,1655.1,0,0.5001643125673305,train,Medium
9449,132,4,1723.0,0,0.488066418008149,train,Low
9450,79,1,748.7,1,0.5340072439359169,train,High
9451,8,3,1135.8000000000002,1,0.4960010939024439,train,Medium
9452,140,2,663.5,1,0.5156260511162473,train,High
9453,598,1,492.45,0,0.4947240405486801,train,Medium
9454,95,2,962.85,1,0.5028260379239646,train,Medium
9455,409,2,769.5,1,0.4899207577402041,train,Low
9456,176,1,599.6,1,0.5222658484130426,train,High
9457,29,1,295.75,1,0.4945487730706255,train,Low
9458,93,4,1381.25,1,0.5273794735449634,train,High
9460,279,2,995.4,1,0.4754589936848166,train,Low
9462,184,2,499.7,1,0.4889978645253188,train,Low
9463,238,1,442.4,1,0.4947346683955552,test,Medium
9464,224,2,973.7,1,0.495636422800998,train,Medium
9465,109,3,1130.8,1,0.4978138577397622,test,Medium
9466,52,2,1032.85,1,0.5018746392659335,train,Medium
9469,260,2,781.0999999999999,1,0.514545761049545,train,High
9470,402,1,319.3,1,0.482987116873755,train,Low
9472,292,1,567.0,1,0.5198210430092932,train,High
9473,60,5,2041.25,1,0.4976786517773455,train,Medium
9474,122,1,470.4,1,0.5025599141296785,train,Medium
9475,576,2,859.5,1,0.4898292113871411,train,Low
9477,208,1,198.6,1,0.4930658450397957,train,Low
9479,180,2,1378.25,1,0.5381777381879377,train,High
9480,364,2,640.4,1,0.5163232977779604,train,High
9481,391,1,444.2,1,0.5062845236293348,test,Medium
9483,253,2,1160.75,1,0.5022826786427133,train,Medium
9484,486,1,341.25,1,0.508145211659186,train,Medium
9485,339,1,361.8,1,0.4844687015689934,train,Low
9487,234,1,445.9,1,0.5058350558901785,train,Medium
9488,362,1,263.5,1,0.482987116873755,train,Low
9489,433,1,481.0,1,0.4823419536786033,train,Low
9491,120,1,265.9,1,0.481595234267449,train,Low
9492,57,1,343.45,0,0.4470737454289621,train,Low
9493,235,4,1737.55,1,0.4941438651817698,train,Low
9495,467,3,580.5,1,0.5010124409702171,train,Medium
9496,48,1,130.2,1,0.4599529650389177,train,Low
9497,626,1,535.2,1,0.5051592997081735,train,Medium
9498,6,6,2864.8,1,0.4977249669285725,train,Medium
9500,200,2,1089.95,1,0.5275275325825557,train,High
9501,33,2,730.65,1,0.4932517269110114,train,Low
9504,169,3,1137.85,1,0.5060588961042368,train,Medium
9505,422,3,1228.1,1,0.5194821643459053,train,High
9507,558,1,528.75,1,0.5073064392571189,train,Medium
9509,501,1,419.05,1,0.4890730024105882,train,Low
9511,251,1,428.55,1,0.4930658450397957,train,Low
9512,20,3,1384.75,1,0.5180198139026596,train,High
9514,206,2,1036.1,1,0.5369036877873032,train,High
9515,158,4,1475.2,1,0.4810879168747747,train,Low
9516,228,2,910.1,1,0.5131169292773715,train,Medium
9517,359,1,238.0,1,0.4946001264823123,train,Low
9518,162,2,656.3,1,0.4949918946528436,test,Medium
9519,26,1,765.25,1,0.5470473767530227,train,High
9520,132,3,1031.9,1,0.503261831935051,test,Medium
9521,457,1,441.6,1,0.5132003669386644,train,High
9523,274,2,766.25,1,0.5108741609380786,train,Medium
9524,663,1,955.3,1,0.4992327761241543,train,Medium
9525,376,1,248.65,1,0.4953562126885012,test,Medium
9526,151,3,1010.4,1,0.4918261948310733,train,Low
9527,19,1,579.7,1,0.519780607457499,train,High
9528,303,2,581.0,1,0.4858291518291973,train,Low
9530,180,2,477.9,1,0.5116709579324805,train,Medium
9531,184,4,1166.5,1,0.5042551415093156,train,Medium
9532,419,2,840.4,1,0.5220378103295282,train,High
9533,45,2,617.4,1,0.4719453428384464,train,Low
9535,45,3,1378.95,1,0.5220378103295282,test,High
9536,392,2,480.5,0,0.531824484697244,train,High
9537,305,2,430.4,1,0.4880792406386778,train,Low
9539,569,2,973.75,0,0.4839611830619211,train,Low
9541,227,2,566.45,1,0.4834414216730265,train,Low
9542,558,1,589.15,1,0.5468221456564789,train,High
9543,572,1,634.25,1,0.5389206800824485,train,High
9545,32,2,814.15,1,0.5076788679616124,train,Medium
9546,102,3,1157.4,1,0.4821080802782779,train,Low
9547,112,1,520.2,1,0.5146191929214258,train,High
9548,163,4,1176.3,1,0.5281129657004238,train,High
9549,355,2,472.6,1,0.5135114998703701,train,High
9551,181,2,451.2000000000001,0,0.5106499197639368,train,Medium
9552,321,4,1492.25,1,0.5290714020341138,train,High
9553,83,1,554.55,1,0.5197492601256645,test,High
9554,297,1,348.4,1,0.4852750595821856,test,Low
9555,36,2,1017.35,1,0.5268764408306775,train,High
9556,409,2,768.3,1,0.5071239027030121,train,Medium
9557,202,1,404.85,1,0.4808937155281129,train,Low
9558,27,2,865.9,1,0.5234525129844618,train,High
9559,62,4,1335.65,1,0.468594457082612,train,Low
9560,350,1,352.6,1,0.4686362262798759,train,Low
9561,482,1,192.75,1,0.5319971960298648,train,High
9562,92,2,730.75,1,0.5176294808092777,test,High
9564,67,2,636.5,1,0.4881173756460307,train,Low
9565,443,1,580.65,1,0.5321460821198539,test,High
9566,205,2,575.45,1,0.4946936402383959,test,Medium
9567,372,2,879.45,1,0.5044770901386901,train,Medium
9568,491,1,250.0,1,0.4866093835688426,train,Low
9569,7,3,1055.55,1,0.4985730848827737,test,Medium
9570,130,2,1012.2,1,0.5332345561684861,train,High
9571,16,3,2117.4,1,0.5232533647592456,train,High
9572,432,3,1658.3000000000002,1,0.4983503953450889,train,Medium
9573,570,1,542.95,1,0.5206591973220343,train,High
9574,163,2,588.0999999999999,1,0.510636397003456,train,Medium
9575,400,2,529.45,1,0.5135250188716313,train,High
9576,22,1,245.35,1,0.4876274588310244,train,Low
9577,556,1,205.9,1,0.5194821643459053,train,High
9578,390,1,159.4,0,0.4636561286978001,test,Low
9579,267,1,410.65,0,0.4844687015689934,train,Low
9580,41,2,733.6500000000001,1,0.5012455848112496,train,Medium
9581,558,2,693.35,1,0.4963312767462361,train,Medium
9582,308,2,559.9,1,0.4892634377048101,train,Low
9585,127,3,891.35,1,0.4845988714706784,train,Low
9587,285,1,474.35,1,0.5305334541632498,train,High
9588,436,1,241.8,1,0.509504130331293,train,Medium
9589,326,1,655.8,0,0.5282658340443529,train,High
9590,129,3,943.85,1,0.5004906700997332,train,Medium
9592,83,3,1241.05,1,0.4839514963888106,train,Low
9593,146,3,1044.55,1,0.5131169292773715,train,Medium
9594,346,2,806.0,1,0.5204402482806347,test,High
9597,128,2,573.6500000000001,1,0.4890242757298897,train,Low
9598,515,1,299.05,1,0.5036190629989619,train,Medium
9599,507,1,566.55,1,0.5329906132596971,test,High
9600,167,2,645.75,1,0.5131169292773715,train,Medium
9601,448,3,866.6,1,0.5139601277723779,train,High
9602,422,2,643.3,1,0.514545761049545,test,High
9603,364,1,429.5,1,0.4844687015689934,train,Low
9604,182,1,589.9,1,0.5214193374035055,test,High
9610,583,1,225.25,1,0.4880792406386778,train,Low
9612,356,2,653.95,1,0.546151633227624,train,High
9613,432,3,1054.7,1,0.5309797004554978,train,High
9614,27,3,963.7,0,0.4872188064858048,train,Low
9615,15,1,238.15,1,0.4908298037140606,train,Low
9617,586,2,647.95,1,0.5067239984409685,train,Medium
9618,247,1,316.2,1,0.4930658450397957,train,Low
9620,555,1,395.25,1,0.5160564327465617,train,High
9621,115,1,238.4,1,0.4676438017745888,train,Low
9622,159,3,1692.75,1,0.5116842003208397,train,Medium
9623,360,4,1050.7,1,0.5143803663546704,train,High
9624,37,3,552.1,1,0.4877073745894933,train,Low
9625,352,2,703.8,0,0.5302263706960492,train,High
9626,60,3,715.15,1,0.4964844997265272,test,Medium
9627,52,6,2853.5,1,0.5103124272682582,train,Medium
9629,659,1,329.8,1,0.5274136377103211,test,High
9630,47,5,2250.6,1,0.5226791181739981,test,High
9631,199,2,462.7,1,0.4918261948310733,train,Low
9632,296,1,352.2,1,0.4974253681546105,train,Medium
9633,105,1,477.55,1,0.5010767782012849,test,Medium
9634,412,1,218.25,1,0.4653800260481486,train,Low
9635,509,1,426.9,1,0.5006906316972679,train,Medium
9636,250,2,768.05,0,0.5142665555606337,test,High
9637,312,2,964.25,0,0.49470245314797,test,Medium
9640,456,1,612.75,1,0.5428807414700725,train,High
9642,162,2,974.85,1,0.5216815361549159,test,High
9643,326,1,123.15,1,0.3918940613981584,train,Low
9644,62,1,401.95,1,0.4625327086105462,train,Low
9645,570,1,294.6,0,0.468594457082612,train,Low
9646,501,1,74.0,0,0.4242448956962623,train,Low
9647,480,1,245.8,1,0.5021359565775964,train,Medium
9648,463,1,700.15,1,0.5086518850663106,train,Medium
9649,237,1,485.95,1,0.5291244514262717,test,High
9652,25,2,341.5,1,0.4809610978278545,train,Low
9653,61,3,1206.45,1,0.4853740676081202,train,Low
9654,38,5,2213.2,1,0.5167823555660689,test,High
9655,421,1,383.8,1,0.5018802549920682,train,Medium
9656,82,3,1442.05,1,0.4983315420219512,test,Medium
9658,633,2,813.6500000000001,1,0.4858291518291973,train,Low
9659,48,3,1414.65,0,0.4868150750935341,train,Low
9660,332,2,1101.15,1,0.5340075749037981,train,High
9661,234,2,760.45,1,0.4861979812544793,train,Low
9662,668,1,225.3,1,0.5258807007268808,train,High
9664,168,1,473.35,1,0.5156260511162473,train,High
9665,400,1,486.0,1,0.5079227226569893,train,Medium
9666,1,4,1796.1999999999998,1,0.5045015487089856,train,Medium
9667,93,3,1106.05,1,0.5147685363604915,train,High
9668,175,6,2293.7,1,0.5103251787180494,train,Medium
9669,340,1,389.35,1,0.5097996227522011,test,Medium
9670,422,1,185.65,1,0.4982182856624514,train,Medium
9671,382,2,594.05,0,0.5015882192037967,test,Medium
9673,215,1,93.0,0,0.4843717419410139,test,Low
9674,10,3,1124.2,1,0.5341792679919526,train,High
9675,97,1,265.6,1,0.5054407181076113,train,Medium
9676,220,3,872.8,1,0.5042747586734928,test,Medium
9677,52,2,829.3499999999999,1,0.5341796999406907,train,High
9678,211,2,767.75,1,0.5016004160049354,train,Medium
9679,89,4,1535.5,1,0.4985972764639951,test,Medium
9680,225,4,1630.5,0,0.5106499197639368,train,Medium
9682,562,1,578.6,1,0.5133935496580981,train,High
9683,139,4,725.05,1,0.516609131226501,train,High
9685,319,3,1056.85,1,0.4966689986696914,train,Medium
9687,131,2,1065.05,1,0.5285527431038096,train,High
9688,482,2,840.45,1,0.514545761049545,test,High
9689,217,2,1013.35,1,0.5253973380892717,train,High
9691,590,1,344.5,1,0.5217333425716562,train,High
9692,70,2,583.45,1,0.505268948918854,train,Medium
9693,491,1,158.95,1,0.4120156141464517,train,Low
9694,263,3,1056.05,1,0.5011144202443025,train,Medium
9695,496,1,349.6,1,0.4890730024105882,test,Low
9697,205,1,305.2,1,0.4817406609547135,train,Low
9698,653,1,525.85,1,0.5000069636918889,train,Medium
9700,397,1,593.35,1,0.504538382617219,test,Medium
9701,245,2,897.65,1,0.501924900136904,train,Medium
9702,472,1,549.75,1,0.5346396091451122,train,High
9703,237,2,700.85,1,0.515761890390406,test,High
9704,149,4,1685.35,1,0.5290846355498988,train,High
9705,482,1,409.6,1,0.5140478668079654,train,High
9706,56,2,1103.25,1,0.5232198875247239,test,High
9707,351,3,986.75,1,0.514545761049545,train,High
9708,137,2,1073.3000000000002,1,0.5114268552290342,train,Medium
9709,571,1,460.5,1,0.5314934445697373,train,High
9710,133,1,201.65,0,0.4754636638981487,train,Low
9711,213,3,1677.6999999999998,0,0.5136967136533678,train,High
9712,634,1,308.8,1,0.5038519542624316,train,Medium
9713,480,1,183.85,1,0.5166841346852552,train,High
9714,277,1,354.45,1,0.5044377881038631,train,Medium
9715,338,1,205.75,1,0.4761343159951746,train,Low
9717,514,1,603.3,1,0.5368439628994733,train,High
9719,28,4,1664.35,1,0.4929910928387985,train,Low
9720,97,5,2433.15,1,0.4918957566196468,train,Low
9721,332,1,748.3,1,0.5105718367387067,train,Medium
9722,156,1,65.0,1,0.4428091363358263,train,Low
9723,124,2,661.5999999999999,1,0.4897453550806446,train,Low
9724,330,1,360.2,1,0.5019264882963023,train,Medium
9727,63,4,1620.45,1,0.5176373555020175,train,High
9728,19,4,1340.6,1,0.5332123288855805,train,High
9729,24,3,1478.7,1,0.4969892999795018,train,Medium
9730,129,4,1333.75,1,0.515761890390406,train,High
9732,286,1,183.4,0,0.4959422778520208,train,Medium
9733,614,1,510.35,1,0.5008550926389423,train,Medium
9736,158,1,456.4,1,0.5117754895630021,train,Medium
9738,446,2,1188.65,1,0.5428639235856905,train,High
9739,59,2,818.0,1,0.5070606195539884,test,Medium
9740,276,3,1002.3,1,0.5159912721890867,test,High
9741,197,1,435.85,1,0.5010767782012849,train,Medium
9742,84,1,301.5,1,0.5046846331472878,train,Medium
9743,201,1,266.8,1,0.5005162219309182,train,Medium
9744,29,3,1177.7,1,0.515761890390406,test,High
9746,65,3,873.5,0,0.5162849941656922,train,High
9747,116,4,1284.05,1,0.5052108742459873,test,Medium
9748,17,2,927.0,1,0.4969520472653611,train,Medium
9750,202,3,1306.45,1,0.4930415292759732,train,Low
9751,410,2,459.8,1,0.5054732762876227,train,Medium
9752,53,2,1349.75,0,0.5394476623517582,train,High
9753,260,1,554.5,1,0.5183400473432503,train,High
9754,176,3,1024.2,1,0.5103124272682582,train,Medium
9756,601,1,431.85,0,0.4848084854293814,train,Low
9757,223,1,264.8,0,0.4961413531708205,test,Medium
9758,294,2,506.9500000000001,1,0.5186352670496369,train,High
9759,355,1,443.15,1,0.5124467121058452,train,Medium
9760,160,1,288.75,1,0.4917238841470985,train,Low
9761,210,4,1528.2,0,0.5101879659360902,train,Medium
9762,302,1,563.4,1,0.511345652852083,train,Medium
9763,13,4,1176.3,1,0.5210221202977245,train,High
9764,20,2,1002.4,1,0.5514405494458056,train,High
9765,314,3,982.45,1,0.4950557325713997,train,Medium
9766,116,2,632.8,0,0.4834613549243519,train,Low
9767,76,1,621.25,1,0.5282489457094229,train,High
9769,569,2,807.0999999999999,1,0.5160275302461971,train,High
9770,154,2,993.1,1,0.4937924800194587,train,Low
9771,1,3,1186.05,1,0.5180198139026596,train,High
9773,652,1,405.9,1,0.5255492072015532,train,High
9774,96,2,1000.25,1,0.5054164005166408,test,Medium
9776,34,1,329.9,1,0.4809610978278545,train,Low
9777,627,1,184.4,1,0.5268994020858909,test,High
9778,345,1,611.15,1,0.5242901071348313,train,High
9779,151,4,1282.3000000000002,1,0.4977774387813285,train,Medium
9780,101,5,1415.2,1,0.5078846928874108,train,Medium
9781,551,1,396.7,0,0.5211360040822915,test,High
9782,283,1,83.0,1,0.3993622778148867,train,Low
9783,161,1,304.0,1,0.4518729357217089,train,Low
9784,280,2,780.55,1,0.5135250188716313,train,High
9785,48,3,1237.1999999999998,1,0.5112209410212645,train,Medium
9786,147,3,645.2,1,0.4727114590782831,train,Low
9787,50,1,645.75,0,0.5261664234650772,train,High
9788,26,2,711.35,1,0.4826688590808537,train,Low
9789,192,1,408.0,1,0.505956408173424,train,Medium
9790,306,1,798.1,1,0.5436344305082181,train,High
9791,146,2,757.6,1,0.4872188064858048,train,Low
9792,85,2,439.7,1,0.4976899051739726,train,Medium
9794,63,4,1496.3,1,0.4983315420219512,train,Medium
9796,3,3,1527.6,1,0.5309701951659017,train,High
9797,174,1,304.25,1,0.4870462538782755,train,Low
9798,433,1,272.45,1,0.5003971071403344,train,Medium
9799,576,1,654.2,1,0.5274524238764183,test,High
9800,157,1,241.2,1,0.4929955062052986,test,Low
9801,396,2,1206.65,1,0.5338322180188779,test,High
9802,134,1,311.9,1,0.4805699533766625,train,Low
9805,75,4,1603.8,1,0.4928787926570194,train,Low
9806,435,1,289.85,1,0.5034465749966698,test,Medium
9807,166,3,1221.85,1,0.4949918946528436,train,Medium
9808,304,2,766.3499999999999,1,0.5122657504729546,train,Medium
9809,56,4,1860.7,1,0.5167823555660689,train,High
9810,401,2,877.45,1,0.4927393412242307,test,Low
9812,361,2,842.8499999999999,1,0.5211360040822915,train,High
9813,539,3,1142.9,1,0.5081126655212327,test,Medium
9816,566,1,199.05,1,0.4856597072084279,train,Low
9817,50,2,918.8,1,0.531302033497099,train,High
9819,293,1,323.9,1,0.503392958360114,test,Medium
9820,427,1,223.2,1,0.4760437857749558,train,Low
9821,471,1,424.25,1,0.5196553164134698,train,High
9823,201,1,476.25,1,0.495636422800998,train,Medium
9824,35,1,434.9,1,0.5010767782012849,train,Medium
9826,64,5,2190.5,1,0.5106499197639368,train,Medium
9827,370,3,967.7,1,0.5258807007268808,train,High
9829,162,3,984.05,1,0.492698778965158,train,Low
9830,5,2,467.35,1,0.4994112775069499,train,Medium
9831,499,1,371.25,0,0.4915767634413487,train,Low
9832,333,2,524.5,1,0.5029184586775122,train,Medium
9833,225,2,952.2,1,0.4998766761458364,train,Medium
9835,268,3,1507.15,1,0.4983503953450889,test,Medium
9836,593,2,844.45,1,0.5020087901445865,train,Medium
9837,269,2,514.5,1,0.4918407803044481,test,Low
9838,187,2,1220.9,1,0.4913408802039359,train,Low
9839,4,3,830.9,1,0.5239494613327013,train,High
9840,31,3,1570.5,1,0.5412003972362077,train,High
9841,149,2,830.3,1,0.5166363674367175,train,High
9843,375,2,495.7,1,0.5211565626657807,train,High
9844,115,1,180.7,1,0.4997942992270411,train,Medium
9845,420,1,361.3,1,0.4974621372872871,train,Medium
9846,420,1,354.55,0,0.4889204358156778,train,Low
9847,214,1,445.8,1,0.4671146445008591,train,Low
9848,166,2,1000.8,1,0.4846104922838037,train,Low
9849,159,2,484.2000000000001,0,0.4794770036120935,train,Low
9851,12,2,663.1,1,0.5322223052864128,train,High
9852,106,3,1247.4,1,0.5114976333214488,train,Medium
9853,652,1,187.5,0,0.493010570385579,test,Low
9854,142,1,119.25,1,0.4127501435011919,train,Low
9855,224,2,449.8,1,0.4817927579098565,train,Low
9856,305,2,960.05,1,0.5194821643459053,train,High
9857,44,3,1159.25,1,0.501924900136904,train,Medium
9858,5,1,352.8,1,0.4817032944621771,test,Low
9859,25,3,1407.2,1,0.5157824653187272,train,High
9860,601,1,289.35,1,0.5046293525711298,train,Medium
9862,53,1,121.0,1,0.4637894454619493,train,Low
9863,140,2,641.1,1,0.4809378341962916,train,Low
9865,364,2,772.8499999999999,1,0.4834888344970026,train,Low
9866,108,2,452.1,1,0.504247494307109,train,Medium
9867,355,1,120.45,1,0.4862188840134126,train,Low
9870,366,2,826.25,1,0.4817487255839989,train,Low
9871,97,4,1283.3,0,0.4853740676081202,train,Low
9872,385,1,160.25,1,0.4256204265252818,test,Low
9873,104,3,1245.6,1,0.5106499197639368,train,Medium
9874,429,2,788.75,1,0.4981257077064845,train,Medium
9875,51,1,421.1,0,0.4839657836692061,train,Low
9876,247,3,1380.55,1,0.5225983142458928,train,High
9878,207,1,591.25,1,0.5215149946220138,train,High
9879,282,1,462.1,1,0.4985131047252903,train,Medium
9881,113,3,1108.45,1,0.5223421616817788,train,High
9882,316,1,354.6,1,0.4639670407216313,train,Low
9883,47,2,538.5,1,0.5396784090431784,train,High
9884,252,1,201.25,1,0.4939138308346024,train,Low
9885,44,1,306.45,1,0.4802827960403077,train,Low
9886,200,2,805.45,1,0.5142965440381508,train,High
9887,3,2,867.4,1,0.4979956118282224,train,Medium
9888,235,2,667.9000000000001,1,0.4881173756460307,train,Low
9890,8,5,1734.0,1,0.5226896596867087,test,High
9891,217,3,1491.25,1,0.5281129657004238,train,High
9892,536,2,687.4,1,0.5061297965522044,train,Medium
9894,171,3,1035.05,1,0.5010767782012849,test,Medium
9895,296,1,750.1,1,0.5368245528001864,train,High
9896,626,1,511.4,0,0.5000069636918889,train,Medium
9897,495,1,65.0,1,0.4726179338211679,train,Low
9898,419,1,173.0,0,0.4743867001493875,train,Low
9899,92,1,378.05,1,0.4815542572452661,train,Low
9900,245,5,2327.15,1,0.4941438651817698,train,Low
9904,36,2,1247.5,1,0.5188068482759824,train,High
9905,485,1,437.85,1,0.5171665029292754,train,High
9906,120,3,802.0,1,0.5222561839550494,train,High
9907,90,1,851.2,1,0.522222606723464,train,High
9909,665,1,447.75,1,0.5251265055782595,train,High
9910,555,1,632.2,1,0.5428640406943608,train,High
9911,85,2,648.5,1,0.5025599141296785,train,Medium
9912,131,1,360.8,0,0.4935893933450712,train,Low
9913,131,2,1038.95,1,0.5084700020669064,train,Medium
9914,536,1,538.2,1,0.5428639235856905,train,High
9916,407,1,588.0,1,0.4857606802873948,train,Low
9917,34,2,691.4,1,0.4884611529036718,train,Low
9918,71,1,236.25,1,0.4953968169094943,test,Medium
9919,231,1,461.05,1,0.501924900136904,test,Medium
9921,96,3,1339.5,1,0.5106499197639368,train,Medium
9922,145,2,649.75,1,0.5281129657004238,train,High
9923,297,1,292.0,1,0.482987116873755,train,Low
9924,29,4,1358.4,1,0.4853740676081202,test,Low
9925,611,1,721.35,0,0.5075064184946858,test,Medium
9926,47,6,1575.05,1,0.4853740676081202,train,Low
9927,567,2,579.85,1,0.5331767119081823,train,High
9929,426,2,818.9,0,0.5071511634934494,train,Medium
9930,85,3,917.0,1,0.4849802158082157,train,Low
9931,257,1,446.5,0,0.4918407803044481,train,Low
9933,125,2,522.35,1,0.515761890390406,train,High
9934,236,3,1330.5,1,0.5174909966775046,train,High
9935,449,1,435.3,1,0.5252251607842275,train,High
9936,451,1,246.5,1,0.5011144202443025,test,Medium
9937,550,2,822.35,1,0.4849817448619647,train,Low
9938,179,2,715.0999999999999,0,0.4896365490064008,test,Low
9940,372,1,409.3,1,0.5079846696591224,train,Medium
9942,65,3,1014.5,1,0.516609131226501,test,High
9943,428,2,950.0,1,0.4910888845823112,test,Low
9944,669,1,280.95,1,0.5274136377103211,train,High
9945,199,1,500.9,1,0.5085267748005732,train,Medium
9947,241,4,1245.9,1,0.4981257077064845,test,Medium
9948,13,3,1138.15,1,0.5305759313067228,train,High
9949,221,3,1051.85,0,0.5106499197639368,train,Medium
9950,107,4,1595.25,1,0.4971514037239564,test,Medium
9951,420,2,861.5,1,0.4849817448619647,train,Low
9952,110,1,236.75,1,0.4939138308346024,train,Low
9956,492,2,1221.35,1,0.5188175855218062,test,High
9957,180,2,538.9,1,0.4737134957838536,train,Low
9958,170,1,499.9,1,0.5025599141296785,train,Medium
9959,168,3,611.4000000000001,0,0.5116709579324805,train,Medium
9960,566,1,588.05,0,0.5044874002127733,train,Medium
9961,403,2,965.25,1,0.5006415721525688,test,Medium
9962,246,2,444.65,1,0.4932517269110114,train,Low
9963,421,2,299.95,1,0.5168747416721423,train,High
9964,434,1,394.4500000000001,1,0.4525065149587984,train,Low
9965,546,1,493.05,1,0.5211360040822915,train,High
9966,458,1,467.05,1,0.534166483541806,train,High
9967,38,1,317.8,1,0.4939138308346024,train,Low
9968,346,1,613.3,1,0.5174930067716637,train,High
9970,23,3,1027.05,0,0.4904065689941865,train,Low
9971,38,2,1000.35,1,0.478029850793353,train,Low
9972,263,1,390.35,1,0.4881189629321213,train,Low
9974,311,2,996.15,1,0.4708251988651354,train,Low
9975,491,2,863.95,1,0.5011144202443025,train,Medium
9976,9,3,913.6,1,0.5318053282546348,test,High
9977,179,2,784.95,1,0.4705079957200973,train,Low
9979,139,1,486.25,1,0.5016004160049354,test,Medium
9981,119,3,1415.9,1,0.4667425131515789,train,Low
9982,136,2,657.1,1,0.4982376410604281,train,Medium
9983,530,1,228.4,1,0.5319971960298648,train,High
9984,327,2,534.25,1,0.5252251607842275,train,High
9985,291,2,735.6,1,0.5196553164134698,train,High
9986,189,4,1366.25,1,0.4998514625587721,test,Medium
9990,279,3,1322.1,1,0.5288920911438845,train,High
9991,522,1,513.45,1,0.5496314522645002,train,High
9992,271,1,596.2,1,0.5305890408696174,train,High
9993,318,2,741.6500000000001,1,0.519980440744116,train,High
9994,26,2,977.2,1,0.5120553320457915,train,Medium
9995,215,1,289.9,1,0.486460555720776,train,Low
9997,0,4,1845.75,1,0.5174562148474879,train,High
9999,62,2,692.1500000000001,1,0.4895997947653113,train,Low
10001,193,2,754.65,1,0.4958109946026001,train,Medium
10002,498,1,211.75,1,0.5132003669386644,test,High
10003,565,1,390.8,1,0.5186352670496369,test,High
10004,322,1,531.35,1,0.511061854961067,test,Medium
10005,7,5,2528.15,1,0.5220362770727914,test,High
10007,135,1,127.6,1,0.3974174028178914,train,Low
10008,443,3,974.6,1,0.5020087901445865,train,Medium
10012,107,2,978.1,1,0.518263689456902,train,High
10013,292,1,360.75,1,0.4844687015689934,train,Low
10014,412,2,608.05,1,0.508993092122486,train,Medium
10016,105,4,1398.9,1,0.5116709579324805,test,Medium
10017,62,3,1107.75,1,0.5030204598019868,train,Medium
10018,243,3,1290.15,1,0.4999686558674728,train,Medium
10019,182,4,1264.15,1,0.488066418008149,test,Low
10021,261,2,491.15,1,0.4811101819533471,train,Low
10023,11,3,1524.4,1,0.5534201994069249,train,High
10025,82,1,160.75,0,0.3798474414297405,train,Low
10026,178,2,685.85,1,0.4733611689711587,train,Low
10029,11,2,908.1,1,0.5212707118409005,train,High
10030,345,2,1238.45,1,0.4949350735432078,train,Medium
10031,515,1,381.25,1,0.5132003669386644,train,High
10032,391,2,758.5,1,0.4662062343892291,train,Low
10034,114,2,657.85,1,0.5013680283199243,train,Medium
10036,199,2,826.0,1,0.5010767782012849,train,Medium
10037,392,1,692.05,1,0.5145391302851755,test,High
10039,210,3,1037.05,1,0.5222765481274837,train,High
10040,69,2,425.25,0,0.515761890390406,train,High
10042,3,2,1421.6,1,0.5172671939258036,test,High
10043,26,3,1217.8000000000002,1,0.4934547964751935,test,Low
10044,19,1,579.7,1,0.5388481889413813,train,High
10045,639,1,323.2,1,0.4934318567824597,train,Low
10046,131,1,402.85,1,0.4917238841470985,train,Low
10048,83,3,1110.8,1,0.4810879168747747,test,Low
10049,34,1,240.1,1,0.4996680923823967,train,Medium
10050,162,2,788.3,1,0.5138038864123271,test,High
10051,539,1,425.5,1,0.534166483541806,train,High
10052,564,1,327.65,1,0.4916408612613004,train,Low
10053,261,1,443.2,1,0.5054365105703674,train,Medium
10054,355,1,599.8,1,0.5405652374459019,test,High
10055,326,2,587.7,0,0.5044972881180099,train,Medium
10056,318,2,1264.6999999999998,1,0.5321460821198539,train,High
10057,32,2,745.2,1,0.4962660461804641,train,Medium
10058,162,2,941.35,1,0.4862185610062325,test,Low
10060,547,1,132.75,1,0.4161949906089046,test,Low
10061,470,1,302.2,1,0.5227256580784388,train,High
10062,430,1,151.8,1,0.4329313508440347,train,Low
10063,110,3,839.35,1,0.500107311022365,train,Medium
10064,621,1,374.85,1,0.5139601277723779,train,High
10065,96,2,1236.1,1,0.5118758829219276,train,Medium
10067,137,1,245.8,1,0.4801142532765611,train,Low
10070,158,2,517.8,1,0.5124441124403629,train,Medium
10072,134,1,243.2,1,0.4754437568809122,train,Low
10073,383,1,415.8,1,0.4975349282341227,train,Medium
10074,264,4,1231.95,1,0.503264021450246,test,Medium
10075,149,4,1502.7,1,0.5175793464833567,train,High
10076,230,2,997.25,1,0.5261590209259944,train,High
10077,78,5,2126.15,1,0.476729398514929,train,Low
10080,230,3,1533.1,0,0.5301252929555834,train,High
10081,347,1,178.0,1,0.4958719300631459,train,Medium
10082,504,1,214.25,1,0.5104996875769554,test,Medium
10083,3,3,873.45,1,0.5259320306439461,train,High
10084,358,1,86.9,1,0.3904725541312409,train,Low
10085,638,1,194.6,1,0.5201201403753092,test,High
10086,118,1,614.35,1,0.5016617128133493,train,Medium
10087,51,2,1141.05,1,0.5282489457094229,train,High
10088,14,3,511.9,1,0.5357322901359359,train,High
10089,213,1,179.2,1,0.4961413531708205,test,Medium
10090,59,2,1035.6999999999998,1,0.4956471287057642,test,Medium
10091,6,3,1230.45,1,0.5294722673937132,train,High
10093,157,1,635.95,1,0.5283371210701319,train,High
10094,175,1,309.8,1,0.481595234267449,test,Low
10095,236,2,408.15,1,0.4801142532765611,train,Low
10096,405,1,414.75,0,0.4978859180440541,train,Medium
10098,99,1,358.75,0,0.4917238841470985,train,Low
10099,449,2,611.9,1,0.5263950483491984,train,High
10100,458,2,520.75,1,0.5071239027030121,train,Medium
10101,565,1,677.95,1,0.5659886144492754,test,High
10102,442,3,749.55,0,0.5011416864522219,test,Medium
10103,201,4,1849.6,1,0.5185995564915279,test,High
10104,372,1,253.15,1,0.5019264882963023,train,Medium
10105,81,2,721.5999999999999,1,0.4861979812544793,train,Low
10106,46,5,1870.9,1,0.531302033497099,train,High
10107,107,3,1061.2,1,0.5156916074887239,train,High
10108,18,1,458.4,1,0.4903768333798177,train,Low
10109,39,3,886.35,1,0.4904065689941865,train,Low
10111,631,1,327.25,1,0.499142765931918,train,Medium
10112,333,1,278.25,1,0.4690801505957852,train,Low
10114,94,1,284.2,1,0.505795756048608,train,Medium
10115,177,4,1509.3,1,0.504247494307109,train,Medium
10116,426,1,337.75,1,0.4743867001493875,train,Low
10117,68,2,471.3,1,0.5422838056809867,train,High
10118,64,4,1523.2,1,0.515761890390406,test,High
10119,144,4,1045.45,1,0.5131531994964469,train,Medium
10120,393,3,935.5,1,0.5052797001893786,train,Medium
10121,126,1,670.0,1,0.5314126927252368,test,High
10122,200,3,1006.9,1,0.5116709579324805,test,Medium
10123,103,2,679.2,1,0.5013387968384184,train,Medium
10124,202,2,708.75,0,0.4855281552978814,train,Low
10125,57,2,703.7,1,0.5178247720680534,train,High
10126,258,2,640.2,1,0.4671524207889043,train,Low
10127,23,2,712.4,1,0.4889650597728666,train,Low
10128,59,6,2869.3,1,0.515761890390406,train,High
10129,105,1,517.2,1,0.5031448340920462,train,Medium
10130,51,2,990.85,1,0.5010767782012849,train,Medium
10131,461,2,685.2,1,0.5316661704815773,train,High
10132,408,1,180.4,1,0.4997014347879447,train,Medium
10133,92,3,715.0500000000001,1,0.4904065689941865,train,Low
10134,447,2,880.1999999999999,1,0.5132003669386644,train,High
10135,241,1,222.8,0,0.4801142532765611,train,Low
10136,466,1,105.0,1,0.4966251002480183,train,Medium
10137,158,3,1841.05,1,0.5250253134947422,train,High
10138,22,2,690.25,1,0.4956236668923605,train,Medium
10139,399,1,315.85,1,0.5079846696591224,train,Medium
10140,98,4,1466.4,1,0.5116709579324805,train,Medium
10141,253,1,511.35,0,0.5107594048614682,train,Medium
10142,30,2,720.45,1,0.4780090925343134,train,Low
10144,129,3,976.8,1,0.5281129657004238,test,High
10146,257,1,568.75,1,0.5282489457094229,train,High
10147,188,3,1076.1999999999998,1,0.5167823555660689,train,High
10148,131,4,1148.9,1,0.4881173756460307,test,Low
10149,191,2,1303.2,1,0.5245834330948336,train,High
10150,174,2,779.8,1,0.5048705328493338,train,Medium
10153,172,2,1247.15,1,0.5140822568530329,train,High
10154,478,1,304.6,1,0.5281314263766758,train,High
10155,338,1,461.55,0,0.4841328759569117,train,Low
10156,47,4,949.35,1,0.4635025053038614,train,Low
10157,270,3,992.15,1,0.5263950483491984,train,High
10158,368,2,913.55,1,0.5193441059264482,train,High
10159,405,1,330.3,1,0.4653800260481486,train,Low
10160,397,1,142.1,1,0.4508889931057326,train,Low
10161,529,1,457.9,1,0.5036255603231914,train,Medium
10162,568,2,478.5,1,0.5277449991375132,test,High
10163,507,1,509.0,1,0.5094258200740776,test,Medium
10164,312,2,493.4,1,0.5237621685041965,train,High
10166,165,3,1288.6,1,0.531302033497099,train,High
10167,91,2,604.2,1,0.4881173756460307,train,Low
10168,127,3,746.6,1,0.5167823555660689,train,High
10171,359,2,763.95,0,0.4938544346288886,train,Low
10174,9,2,389.0,1,0.5145243759545713,train,High
10175,392,2,1104.25,1,0.504538382617219,train,Medium
10176,74,3,1064.15,1,0.5028327086353407,test,Medium
10179,525,1,384.1,1,0.5331430964010531,test,High
10180,14,2,571.05,1,0.5037283286860093,train,Medium
10181,0,1,512.05,1,0.5427565736074316,train,High
10184,597,1,215.4,1,0.4814990473408403,train,Low
10185,66,2,928.05,0,0.505268948918854,train,Medium
10186,39,1,423.2,1,0.4985697380689882,train,Medium
10187,493,2,488.95,1,0.508145211659186,train,Medium
10188,267,4,1508.0,1,0.4995315876261861,train,Medium
10189,153,1,267.3,1,0.4953968169094943,train,Medium
10190,399,2,772.55,0,0.5101674568806986,train,Medium
10191,631,1,638.2,1,0.538814052026848,train,High
10192,468,1,623.75,0,0.5331632720242775,train,High
10194,110,3,1211.65,1,0.5078846928874108,train,Medium
10195,74,2,812.35,1,0.4888976123548604,test,Low
10196,378,1,749.8,1,0.517805233661627,train,High
10197,439,1,359.8,1,0.4943387035195607,train,Low
10198,201,2,963.35,1,0.4991320134969268,train,Medium
10199,368,2,1076.15,1,0.5389206800824485,test,High
10200,477,1,342.0,0,0.5101674568806986,train,Medium
10201,19,2,645.75,0,0.4961039585840631,train,Medium
10203,574,1,103.0,1,0.4206650713248129,train,Low
10204,125,2,618.8,1,0.492698778965158,train,Low
10205,456,1,447.3,1,0.5227256580784388,train,High
10206,424,1,286.5,1,0.4660689553780467,test,Low
10207,98,2,600.05,1,0.4950752978570492,train,Medium
10208,401,1,398.1,0,0.5097996227522011,test,Medium
10209,581,1,436.8,1,0.5176422947787235,test,High
10210,124,1,442.3,1,0.4964039296968924,train,Medium
10211,437,2,583.3,1,0.4635025053038614,train,Low
10213,75,2,728.5,1,0.4956440699746404,test,Medium
10214,104,2,875.6,1,0.4895587798454937,train,Low
10216,632,1,466.2,0,0.5174909966775046,train,High
10217,281,2,547.7,1,0.5097438349684575,test,Medium
10218,587,1,544.6,1,0.5163665599082036,train,High
10219,20,3,1337.15,1,0.5265719088427767,train,High
10220,423,3,507.15,0,0.5191581606663702,train,High
10221,375,3,1326.4,1,0.5154010074386024,train,High
10222,238,1,632.8,1,0.5124381813403015,train,Medium
10223,171,3,1241.4,0,0.5004396835858119,train,Medium
10224,341,3,826.75,1,0.4849817448619647,train,Low
10225,137,3,1604.6,1,0.523880571081429,train,High
10226,194,1,610.65,1,0.5146191929214258,test,High
10227,132,5,1580.65,1,0.5281401457651598,train,High
10228,122,1,334.95,0,0.4939217141669854,train,Low
10229,216,3,1696.0,1,0.4888188961591991,train,Low
10231,629,1,302.5,1,0.4811983636777969,train,Low
10232,352,2,1371.15,1,0.5396625943911427,train,High
10234,47,2,774.45,1,0.501924900136904,train,Medium
10235,21,2,1201.6,1,0.5292801564359642,train,High
10236,332,1,350.5,1,0.48442770852243,test,Low
10238,236,2,1182.9,1,0.5084274572715355,train,Medium
10239,498,2,1064.15,1,0.5263099698753672,train,High
10240,119,4,2049.8,1,0.5226584407315503,test,High
10242,298,1,313.95,1,0.5026710621334335,train,Medium
10243,170,1,314.7,1,0.4852442236900998,train,Low
10244,99,1,277.5,1,0.467207467957193,train,Low
10245,338,2,611.75,1,0.5033164233905086,test,Medium
10246,130,2,586.45,0,0.488066418008149,train,Low
10247,37,2,952.5,1,0.5001582975768212,train,Medium
10248,56,5,2348.65,1,0.4853740676081202,train,Low
10249,85,6,2761.9,1,0.4991320134969268,train,Medium
10253,125,2,1081.85,1,0.5449206152209632,train,High
10254,330,1,153.25,1,0.4847369796056525,test,Low
10255,125,1,769.7,1,0.5076960163782294,train,Medium
10257,548,1,659.2,1,0.505210334674506,train,Medium
10258,541,1,428.45,1,0.5191581606663702,train,High
10259,91,3,568.05,1,0.4966548490726846,train,Medium
10261,325,1,366.0,1,0.4625327086105462,train,Low
10262,3,4,1781.8,1,0.5069352121248518,train,Medium
10263,95,3,1337.0,1,0.5106499197639368,test,Medium
10264,17,3,1316.65,1,0.5149731186404128,train,High
10265,224,3,1433.95,1,0.504247494307109,train,Medium
10266,628,1,131.85,1,0.4165107819436909,train,Low
10268,475,1,280.15,1,0.5196553164134698,test,High
10269,111,2,1045.75,1,0.516948151981241,test,High
10271,64,5,2188.3,1,0.5001535601014223,test,Medium
10272,28,1,324.9,1,0.5077715933334715,train,Medium
10273,322,1,584.95,1,0.504538382617219,train,Medium
10274,48,3,1055.5500000000002,1,0.4829551746481286,train,Low
10275,319,2,756.2,1,0.4825240035741416,train,Low
10276,661,1,235.25,1,0.5283780256986942,train,High
10279,38,6,3319.9,1,0.5274000471460069,test,High
10280,160,3,1073.0,1,0.4993186682319658,train,Medium
10281,14,2,731.05,1,0.5056090933738352,train,Medium
10282,196,4,1582.9,1,0.5062322876042846,train,Medium
10283,502,2,806.65,1,0.5080743923601658,train,Medium
10286,552,1,566.05,1,0.5335088073272004,train,High
10289,20,1,411.25,1,0.4898868191170701,train,Low
10290,100,1,409.6,1,0.4591469989506729,train,Low
10291,419,3,1726.85,1,0.5346842135273941,train,High
10293,123,2,905.15,1,0.5262034111564424,train,High
10294,62,2,790.3499999999999,1,0.5017703756228968,train,Medium
10295,16,4,2050.15,1,0.5292856788474177,train,High
10296,544,1,471.1,1,0.5171665029292754,train,High
10297,467,1,494.7,1,0.534166483541806,train,High
10298,546,1,519.8,0,0.5428639235856905,test,High
10299,12,5,2202.95,1,0.5269465737695005,test,High
10300,95,1,303.25,1,0.4801142532765611,train,Low
10301,386,2,1111.5500000000002,1,0.5196644591304901,train,High
10303,56,3,819.85,1,0.4981257077064845,train,Medium
10305,53,4,1274.1,1,0.5116709579324805,train,Medium
10306,477,1,504.6,1,0.5267245236066674,train,High
10307,433,1,273.9,1,0.4858465278317895,train,Low
10308,87,4,1028.2,1,0.52369846807181,train,High
10309,113,1,72.25,1,0.4107400494770893,train,Low
10311,328,2,1004.75,1,0.5280669121371475,train,High
10312,577,2,1222.8,1,0.5082805315068475,train,Medium
10313,23,3,1125.75,1,0.501924900136904,train,Medium
10314,216,2,873.6999999999999,1,0.4956236668923605,train,Medium
10315,614,1,328.75,1,0.5020087901445865,train,Medium
10317,306,1,500.95,1,0.5030350486323529,train,Medium
10318,78,3,1426.9,1,0.5226791181739981,train,High
10319,12,1,404.25,1,0.5105580216425321,train,Medium
10320,40,2,727.1,1,0.4650774521945,train,Low
10321,532,2,1168.25,1,0.5082805315068475,train,Medium
10322,488,3,1110.35,1,0.4836444703251175,test,Low
10323,414,2,748.9499999999999,1,0.4750775152198006,train,Low
10324,405,1,619.6,1,0.5037939905084907,train,Medium
10326,217,1,301.35,0,0.5054407181076113,train,Medium
10328,223,2,709.25,1,0.4863932069354464,test,Low
10329,153,5,2310.95,1,0.5273591300454983,train,High
10330,96,1,709.8,0,0.5157788660111592,train,High
10331,48,3,978.7,1,0.492698778965158,test,Low
10332,46,3,1281.4,1,0.5226865914454785,train,High
10333,76,1,678.35,1,0.5150272841905142,train,High
10334,475,1,447.3,1,0.5194821643459053,train,High
10335,0,1,375.8,1,0.4992355355466894,train,Medium
10336,20,2,811.55,1,0.5282888965189863,test,High
10337,25,1,299.55,1,0.4801142532765611,train,Low
10338,0,2,894.45,1,0.5028405045294534,train,Medium
10339,535,1,174.9,1,0.4866093835688426,train,Low
10340,176,2,813.9000000000001,1,0.5079227226569893,train,Medium
10341,590,1,529.25,1,0.5026450851101955,test,Medium
10342,66,5,2051.5,1,0.5017703756228968,train,Medium
10344,118,4,1131.85,1,0.4604570314689996,train,Low
10345,305,1,754.75,1,0.5395011427714085,test,High
10347,151,1,424.2,1,0.4921475638343566,train,Low
10352,99,2,1019.0,1,0.5322043517838905,train,High
10354,123,3,1097.2,1,0.4985708431005785,train,Medium
10355,60,1,546.05,1,0.528451282729212,test,High
10358,304,1,288.4,1,0.4959422778520208,train,Medium
10359,413,1,406.95,1,0.4743457752551646,train,Low
10361,44,7,3736.8,1,0.5234537607300338,train,High
10362,87,4,1487.3000000000002,1,0.4981257077064845,train,Medium
10363,134,4,1575.4,1,0.4968196055679078,test,Medium
10365,448,2,504.65,1,0.5168747416721423,test,High
10366,92,2,657.65,1,0.5087498942238582,train,Medium
10367,159,2,554.0,1,0.5035860603992645,train,Medium
10368,162,3,1264.8,1,0.4968196055679078,train,Medium
10369,20,3,1756.35,1,0.5229198244029705,train,High
10370,264,2,1000.35,1,0.5153931304162231,train,High
10371,625,1,62.9,1,0.4974309072113245,train,Medium
10372,340,3,979.3,1,0.4817487255839989,train,Low
10373,597,1,431.4,1,0.5028568996424916,train,Medium
10374,122,2,977.8,1,0.501924900136904,test,Medium
10375,415,2,667.25,1,0.4839611830619211,train,Low
10376,666,1,544.0,1,0.5323680139560066,train,High
10379,127,3,1209.05,1,0.5101790888109311,train,Medium
10380,362,4,2142.5,1,0.5170577007922774,train,High
10381,53,1,427.4,1,0.4939138308346024,test,Low
10382,379,2,1201.2,1,0.5245941595576791,train,High
10384,449,1,279.75,1,0.5196553164134698,test,High
10385,328,1,311.65,1,0.4815649950868675,train,Low
10386,427,1,245.65,1,0.4987340379317571,train,Medium
10387,117,1,121.3,1,0.3734463613390319,train,Low
10388,258,2,555.75,1,0.5084076940699476,train,Medium
10389,495,2,382.4,1,0.493010570385579,train,Low
10392,365,1,284.5,0,0.4958719300631459,train,Medium
10393,581,1,561.8,1,0.5384729382220843,train,High
10394,497,1,388.05,1,0.4981257077064845,train,Medium
10395,356,2,916.1,1,0.5136280080800874,train,High
10396,37,2,512.65,1,0.5252833904074768,train,High
10397,72,4,2002.4,1,0.4810879168747747,train,Low
10399,27,4,1990.75,1,0.515761890390406,train,High
10400,203,1,183.8,1,0.4625327086105462,train,Low
10401,1,2,840.15,1,0.5194304900054731,train,High
10402,553,2,1117.4499999999998,0,0.5227979907603891,train,High
10403,443,1,347.55,1,0.5309797004554978,train,High
10404,413,1,575.05,1,0.500781500128001,train,Medium
10405,479,1,675.85,1,0.5687928226925496,train,High
10406,120,1,427.95,1,0.4939138308346024,train,Low
10407,196,1,296.2,1,0.4990865152953153,test,Medium
10408,4,3,1483.85,1,0.5039258074733921,test,Medium
10410,394,1,177.25,1,0.4958719300631459,train,Medium
10411,403,3,904.3,1,0.4859484072099007,train,Low
10412,50,7,1990.7,1,0.4991320134969268,train,Medium
10413,48,2,706.25,0,0.5005151567396302,train,Medium
10414,487,1,283.55,1,0.5237621685041965,test,High
10416,12,2,659.25,1,0.5290599566044278,train,High
10417,53,2,932.05,1,0.4866943680358893,train,Low
10418,89,3,1128.05,1,0.4905122881801589,test,Low
10419,118,2,968.45,1,0.5079227226569893,test,Medium
10420,112,3,1162.05,1,0.5142665555606337,train,High
10421,535,2,936.7,1,0.4955751637950048,train,Medium
10422,311,1,464.2,1,0.5065807335737286,test,Medium
10424,110,1,193.25,1,0.4946583231702582,train,Medium
10425,18,2,540.2,1,0.5304219796368438,train,High
10426,0,1,652.05,1,0.5334010312681273,train,High
10427,30,3,972.1,1,0.460752198796889,test,Low
10428,6,2,834.6500000000001,1,0.5087291839770082,train,Medium
10430,6,3,1379.05,1,0.532811096076666,train,High
10431,127,4,1622.45,0,0.4999242553239021,train,Medium
10432,156,5,2275.75,1,0.5106499197639368,train,Medium
10435,117,2,1032.85,1,0.530967517344072,train,High
10436,203,3,1235.45,1,0.4983315420219512,train,Medium
10437,77,4,1661.25,1,0.5290846355498988,test,High
10438,183,2,864.55,0,0.5208776189323429,test,High
10439,386,3,1439.3,1,0.4930415292759732,train,Low
10441,319,1,341.25,1,0.4666487497337807,test,Low
10442,546,1,124.05,1,0.4206650713248129,train,Low
10443,70,6,2470.5,1,0.5345910876411535,train,High
10445,212,1,569.25,1,0.5146191929214258,train,High
10446,179,3,944.95,1,0.4834414216730265,train,Low
10447,551,2,636.25,1,0.5184893171277143,train,High
10448,161,3,780.3,1,0.468937950539923,train,Low
10449,575,1,365.5,1,0.534166483541806,train,High
10450,55,2,806.0,1,0.5032532694399632,train,Medium
10452,252,3,1256.25,1,0.5285566764070314,train,High
10453,335,2,1232.4499999999998,1,0.4849266592549776,train,Low
10454,223,5,1653.4,1,0.5103124272682582,train,Medium
10455,116,2,680.75,1,0.4635025053038614,train,Low
10456,325,3,1941.05,1,0.5055932645892993,train,Medium
10457,251,2,566.55,1,0.4810879168747747,train,Low
10458,145,1,345.1,1,0.4754437568809122,train,Low
10460,299,2,736.7,0,0.4788236088481228,test,Low
10463,35,4,1828.6,1,0.4861979812544793,train,Low
10464,282,2,647.65,0,0.5196553164134698,train,High
10465,273,3,798.1500000000001,1,0.4805500089616218,test,Low
10466,35,1,538.4,1,0.5337565584296439,train,High
10467,22,6,1544.25,1,0.5125264707932514,test,Medium
10469,67,3,1083.3,0,0.4889650597728666,train,Low
10470,188,2,733.95,1,0.4888976123548604,test,Low
10471,30,1,433.1,1,0.4999120064058034,test,Medium
10472,215,4,1543.7,1,0.4860519424479765,train,Low
10473,432,1,299.85,1,0.4743457752551646,train,Low
10474,52,2,1035.35,0,0.5178968973926548,train,High
10475,374,1,472.6,1,0.5095131441668431,train,Medium
10477,522,2,612.65,1,0.4901146935296726,test,Low
10479,518,1,479.5,1,0.5342000091711803,train,High
10480,204,3,1228.4,1,0.4872188064858048,train,Low
10482,54,3,1272.55,1,0.4821080802782779,train,Low
10483,627,1,92.1,1,0.4718487273263475,test,Low
10485,264,2,663.25,1,0.5155679043483105,train,High
10486,96,1,228.55,1,0.4936304193860681,train,Low
10487,35,3,602.85,1,0.5281129657004238,test,High
10488,96,1,352.4,1,0.4930658450397957,train,Low
10489,120,3,867.0999999999999,0,0.5116709579324805,train,Medium
10491,316,1,383.85,1,0.4962042818575486,train,Medium
10492,585,2,747.1500000000001,0,0.5161961624825455,test,High
10493,108,3,709.4,1,0.4861979812544793,test,Low
10494,147,3,1154.6,0,0.5167823555660689,test,High
10495,105,2,712.5999999999999,1,0.4904065689941865,train,Low
10496,468,1,229.0,1,0.5186352670496369,train,High
10497,527,1,538.7,1,0.5389206800824485,test,High
10500,167,2,748.45,1,0.4881173756460307,train,Low
10501,343,1,456.85,1,0.518319809860164,test,High
10502,538,1,502.75,1,0.5346396091451122,train,High
10503,212,2,575.4,1,0.5114976333214488,train,Medium
10504,136,1,372.05,1,0.4801142532765611,train,Low
10505,543,1,337.75,1,0.4890730024105882,train,Low
10506,406,2,601.65,1,0.4631666800750242,train,Low
10507,502,1,294.45,1,0.4981257077064845,test,Medium
10508,279,1,126.6,1,0.4043004174804646,train,Low
10509,250,1,449.05,1,0.502780895251571,train,Medium
10511,212,3,744.45,0,0.4994181364805636,train,Medium
10512,38,3,1283.7,1,0.4983315420219512,train,Medium
10513,71,4,1458.7,1,0.5140007037181675,test,High
10514,221,2,1224.5,1,0.5237901135269182,train,High
10515,28,1,559.65,1,0.5167532684632731,train,High
10516,358,2,861.55,0,0.4823419536786033,train,Low
10518,181,3,991.3,1,0.5061169685453397,train,Medium
10519,84,4,1369.8000000000002,1,0.5273591300454983,train,High
10521,195,1,305.6,1,0.5076191721387563,train,Medium
10522,122,1,557.25,1,0.5282489457094229,train,High
10523,142,3,1070.3,0,0.5281129657004238,train,High
10525,53,3,1139.55,1,0.5004906700997332,train,Medium
10527,410,2,441.25,1,0.4899207577402041,test,Low
10528,286,3,1191.45,1,0.514545761049545,train,High
10529,67,1,371.55,1,0.4801142532765611,test,Low
10530,506,1,501.9,1,0.539015931850963,train,High
10531,267,1,779.2,0,0.5361329127026766,train,High
10532,14,3,740.6,1,0.5272705027558934,train,High
10533,170,1,253.75,1,0.4930658450397957,test,Low
10534,285,4,1687.75,1,0.5028568996424916,test,Medium
10535,107,2,652.05,1,0.5111733119345585,train,Medium
10536,204,2,778.1,1,0.5001582975768212,train,Medium
10537,99,1,280.15,1,0.50376621671692,train,Medium
10538,91,2,620.3,1,0.4990857645616238,test,Medium
10539,85,3,800.85,1,0.5226656171008394,train,High
10540,637,1,198.0,1,0.5028568996424916,test,Medium
10541,74,1,770.75,1,0.5233713967940979,train,High
10542,383,1,408.55,1,0.5104950085831991,train,Medium
10543,220,1,634.9,1,0.5138899316887577,test,High
10544,25,1,231.05,1,0.4808937155281129,train,Low
10545,12,2,862.75,1,0.5348612251083703,test,High
10546,465,1,418.45,1,0.4721472129090062,train,Low
10547,289,2,677.8499999999999,1,0.5205020782821993,train,High
10548,661,1,446.35,1,0.5132209479830122,train,High
10549,334,1,354.55,1,0.48442770852243,test,Low
10551,187,2,931.75,1,0.4983475903847397,train,Medium
10552,106,1,645.3,1,0.5214193374035055,train,High
10553,436,3,840.95,1,0.4861733954442707,train,Low
10554,602,1,371.5,1,0.5251265055782595,train,High
10555,302,2,808.1,1,0.4913367592014439,test,Low
10556,316,1,387.55,1,0.5010783663768643,test,Medium
10557,13,4,1986.75,1,0.5218304795506559,test,High
10559,263,2,917.15,1,0.5048015503671331,train,Medium
10562,7,5,2769.25,1,0.5475095051801976,test,High
10563,456,1,552.1,1,0.5444483717799485,train,High
10564,411,1,426.3,1,0.4622144135025086,train,Low
10565,270,1,85.0,1,0.4809974388826145,train,Low
10566,200,2,1006.65,1,0.5065497738992737,test,Medium
10567,179,2,955.35,1,0.4904065689941865,train,Low
10568,313,3,966.7,1,0.4958109946026001,train,Medium
10569,19,4,1512.8,1,0.520889139095502,train,High
10570,190,2,591.55,1,0.5114976333214488,train,Medium
10571,294,3,1693.4,1,0.5036393266490862,train,Medium
10572,99,3,1255.1,1,0.5028054431553983,train,Medium
10575,48,3,1059.85,1,0.4759018436700865,train,Low
10577,444,2,1241.6,1,0.5395750042412045,test,High
10578,415,1,322.6,1,0.4525065149587984,train,Low
10580,97,1,465.25,1,0.501924900136904,train,Medium
10582,317,1,304.5,1,0.5079846696591224,test,Medium
10583,58,2,792.8,0,0.4719453428384464,train,Low
10584,550,1,231.1,1,0.5314934445697373,train,High
10585,31,3,1528.0,0,0.5057253181154838,test,Medium
10586,182,4,1552.5,1,0.5211341250233718,train,High
10587,402,2,712.6,1,0.5241857373087203,train,High
10588,356,2,1073.75,1,0.4944392934694097,train,Low
10589,107,2,759.55,1,0.4834414216730265,train,Low
10590,41,2,516.1,1,0.4895664242680296,test,Low
10592,553,2,666.9000000000001,1,0.5168747416721423,test,High
10595,148,2,844.95,1,0.5082274239106558,test,Medium
10596,314,1,359.95,1,0.486460555720776,train,Low
10597,216,4,1499.55,1,0.516609131226501,train,High
10599,537,1,337.85,1,0.4865071797544185,train,Low
10600,278,2,897.9,1,0.5186352670496369,train,High
10601,290,2,804.45,1,0.4834414216730265,train,Low
10602,296,2,676.9,1,0.5243877983356326,train,High
10606,392,1,464.55,0,0.4964039296968924,train,Medium
10607,90,3,1828.1,1,0.5136967136533678,train,High
10609,200,2,479.5,1,0.4786375737384346,train,Low
10610,122,2,1073.95,1,0.5301252929555834,train,High
10611,102,2,838.05,1,0.501924900136904,train,Medium
10613,87,3,802.1500000000001,1,0.5035860603992645,train,Medium
10614,310,3,1070.4,1,0.4848084854293814,train,Low
10615,277,1,630.1,0,0.5009318632859074,test,Medium
10616,454,1,138.7,1,0.4790859109151291,train,Low
10617,273,1,350.7,1,0.48442770852243,train,Low
10620,412,2,750.5,1,0.5014467907268974,train,Medium
10622,654,1,648.95,1,0.5192778624643987,train,High
10623,118,3,871.1500000000001,0,0.495636422800998,train,Medium
10624,245,3,1510.4499999999998,1,0.5226789183381463,train,High
10627,230,1,270.6,1,0.5054407181076113,train,Medium
10628,644,1,192.55,0,0.5123988846341321,train,Medium
10630,87,2,918.35,1,0.4995915540093056,train,Medium
10633,239,1,112.0,1,0.447883902262442,train,Low
10634,300,1,276.0,1,0.482987116873755,train,Low
10635,69,3,1196.65,1,0.5061169685453397,train,Medium
10636,145,1,203.7,1,0.4748590949170256,train,Low
10637,62,4,1474.45,1,0.5107054319198719,train,Medium
10639,295,2,423.2000000000001,1,0.5171404982639053,train,High
10641,459,1,487.9,1,0.5302263706960492,train,High
10642,249,1,83.0,1,0.4696900734869352,train,Low
10643,650,1,483.7,1,0.5120553320457915,train,Medium
10644,335,2,639.55,1,0.5048015503671331,train,Medium
10645,75,3,1164.75,1,0.4881173756460307,train,Low
10646,143,2,1046.5,1,0.5031038029511832,test,Medium
10647,218,2,424.9,1,0.488066418008149,train,Low
10648,65,2,751.75,1,0.4937924800194587,train,Low
10649,412,1,405.35,1,0.4858465278317895,test,Low
10650,653,1,243.65,1,0.4849817448619647,train,Low
10651,110,6,2607.75,0,0.5106499197639368,test,Medium
10652,199,2,346.1,1,0.4702482079528864,train,Low
10654,146,2,556.95,1,0.5025599141296785,train,Medium
10655,331,3,1804.45,1,0.5379322718778509,train,High
10657,265,2,938.75,1,0.5186352670496369,test,High
10658,38,1,217.0,1,0.4878019380036589,train,Low
10659,361,1,197.75,1,0.4625327086105462,train,Low
10662,7,1,361.3,1,0.5267260415646694,test,High
10663,84,1,367.15,1,0.4917238841470985,train,Low
10664,120,3,867.0999999999999,0,0.4999801424057076,train,Medium
10665,42,3,1031.25,1,0.4981456625397314,train,Medium
10666,620,1,523.0,1,0.5000069636918889,train,Medium
10667,656,1,498.8,1,0.5123988846341321,train,Medium
10669,433,1,485.7,1,0.4762505494956702,test,Low
10671,51,2,807.3,1,0.5026694739957746,test,Medium
10672,632,2,607.6,1,0.5143724883739125,train,High
10673,627,1,341.25,1,0.5050531027686743,train,Medium
10675,516,1,341.85,0,0.4900941061750056,train,Low
10677,381,1,266.5,0,0.482987116873755,train,Low
10678,327,1,656.35,0,0.5198210430092932,test,High
10679,181,2,1041.7,1,0.5053718409753684,train,Medium
10682,537,2,487.3,1,0.5268994020858909,train,High
10683,123,3,1411.8,1,0.4928915469570497,test,Low
10684,3,2,1039.2,1,0.5235699881055804,train,High
10686,222,1,568.65,0,0.5146191929214258,train,High
10688,396,1,216.9,1,0.4975349282341227,train,Medium
10689,247,2,942.05,1,0.5225983142458928,train,High
10690,162,3,830.5,1,0.4895587798454937,train,Low
10691,244,2,974.55,1,0.5116709579324805,test,Medium
10692,77,3,1420.8,1,0.515761890390406,train,High
10693,235,2,384.85,1,0.4820551857474878,train,Low
10694,270,2,663.4,1,0.4981257077064845,train,Medium
10695,475,1,530.8,1,0.5173597097580696,train,High
10698,281,1,643.2,1,0.5127869358728734,test,Medium
10699,16,2,875.95,1,0.4993079746155452,train,Medium
10700,285,1,223.3,1,0.5079846696591224,test,Medium
10701,149,1,438.45,1,0.4794542108319365,train,Low
10703,575,1,339.25,1,0.4772062223755843,train,Low
10704,414,1,410.65,1,0.5018802549920682,test,Medium
10706,139,3,1186.45,1,0.4635025053038614,train,Low
10708,170,2,800.6,1,0.5222561839550494,test,High
10709,356,2,861.75,1,0.51109238215614,test,Medium
10710,605,1,411.7,0,0.5120553320457915,test,Medium
10711,37,1,508.25,1,0.5146191929214258,train,High
10713,96,2,450.7,1,0.4705079957200973,train,Low
10714,576,1,387.45,1,0.534166483541806,train,High
10715,196,1,157.15,1,0.4886734347594258,train,Low
10716,136,2,1249.15,0,0.4997410551344619,train,Medium
10717,320,2,499.2000000000001,0,0.4890730024105882,test,Low
10718,666,1,364.9,1,0.508087145911213,train,Medium
10719,473,1,197.05,0,0.5011144202443025,train,Medium
10721,77,3,860.25,1,0.4861979812544793,train,Low
10722,364,2,1140.0,1,0.5207998181565747,train,High
10723,374,1,401.95,1,0.4976463502126689,train,Medium
10724,159,1,436.35,1,0.4888976123548604,train,Low
10725,43,3,949.05,0,0.4918340772251004,train,Low
10726,64,2,697.25,1,0.4780090925343134,train,Low
10727,38,3,1319.5,1,0.491355064454816,train,Low
10728,176,2,401.65,1,0.4884751040518094,train,Low
10729,306,1,395.1,0,0.4974253681546105,train,Medium
10730,490,1,327.6,1,0.5056820163107733,test,Medium
10731,142,3,1029.75,1,0.4872188064858048,test,Low
10733,35,1,333.95,1,0.4711310272229658,train,Low
10734,424,3,1205.25,0,0.5296579254319753,train,High
10735,99,2,821.9499999999999,1,0.4881173756460307,train,Low
10737,349,2,767.75,1,0.5129637900534314,train,Medium
10738,539,1,295.15,1,0.5309797004554978,train,High
10739,258,4,1244.7,1,0.5227700405624504,test,High
10742,107,2,988.9,1,0.5036741316659283,train,Medium
10743,236,2,636.2,1,0.4976400821029405,test,Medium
10744,388,1,506.95,1,0.5282489457094229,test,High
10746,96,1,371.7,1,0.4953968169094943,train,Medium
10747,49,4,1451.35,1,0.518263689456902,test,High
10748,184,1,217.15,0,0.5051083824323223,train,Medium
10749,352,2,664.05,1,0.4788236088481228,train,Low
10750,625,1,358.15,1,0.5168747416721423,train,High
10751,162,1,137.55,1,0.3909068722913486,train,Low
10752,86,3,972.75,0,0.4903924099007221,train,Low
10753,18,3,1265.9,1,0.5028405045294534,train,Medium
10756,20,2,329.5,1,0.4996120185220906,train,Medium
10757,130,3,1164.1,1,0.4810879168747747,test,Low
10758,70,3,650.5,1,0.518263689456902,train,High
10759,448,1,98.7,1,0.4270894409172179,train,Low
10760,58,4,729.1,1,0.5013815571081625,train,Medium
10761,189,2,474.7,1,0.5222561839550494,train,High
10763,218,2,528.05,1,0.5036863562731432,train,Medium
10764,195,3,1249.4,1,0.4930415292759732,train,Low
10766,319,3,1277.5,1,0.5186624954654981,train,High
10767,32,1,112.0,1,0.4045264383149971,test,Low
10768,308,3,1040.35,0,0.5196553164134698,train,High
10769,165,3,1398.45,1,0.4951673078292996,train,Medium
10770,310,2,439.8,1,0.5194821643459053,train,High
10771,17,4,1403.05,1,0.5393375658917279,train,High
10772,57,2,872.4000000000001,1,0.4870829362417311,train,Low
10774,255,2,951.4,1,0.5079227226569893,train,Medium
10775,87,2,1286.95,0,0.5362658719284409,train,High
10776,271,3,1356.55,1,0.4805500089616218,train,Low
10777,635,1,526.65,1,0.5461279860619765,train,High
10778,212,1,190.1,1,0.5065913349564779,train,Medium
10779,392,2,1129.3,1,0.5234510386583388,train,High
10780,245,3,1531.6999999999998,1,0.5310833083028405,train,High
10781,248,3,1379.1,1,0.505268948918854,train,Medium
10783,258,3,1315.3,1,0.5374619094133793,train,High
10784,71,1,548.2,0,0.516948151981241,train,High
10785,622,1,697.2,1,0.513519941845429,train,High
10786,45,4,1515.25,1,0.4752905955167645,train,Low
10787,256,1,229.0,1,0.4700195243553083,train,Low
10788,412,1,590.95,1,0.512736393679578,train,Medium
10790,22,2,334.25,1,0.4809610978278545,train,Low
10791,247,3,1494.9,1,0.5051779566791407,train,Medium
10795,256,2,639.9,1,0.5171076174658411,train,High
10796,78,2,527.7,1,0.4826688590808537,train,Low
10797,107,1,613.8,1,0.509181860778598,train,Medium
10798,314,2,558.05,0,0.4438367091505908,train,Low
10799,121,3,1202.05,1,0.5222561839550494,test,High
10800,270,2,1264.1,1,0.5262061905773351,train,High
10801,252,2,282.0,1,0.4838686048838044,train,Low
10802,401,2,792.4,1,0.4970204209817567,train,Medium
10803,96,2,671.0,1,0.5216021993766529,train,High
10804,490,1,222.7,1,0.468594457082612,test,Low
10805,436,1,328.8,1,0.4729076646484973,train,Low
10806,417,1,527.35,0,0.5028271180394898,train,Medium
10807,82,1,415.45,1,0.4869533265840408,train,Low
10808,28,3,1285.5500000000002,0,0.5237059399269535,train,High
10809,432,2,1250.3000000000002,1,0.5271415564008833,test,High
10810,111,2,606.75,1,0.4937924800194587,test,Low
10811,197,3,1299.55,1,0.4852045135884409,train,Low
10812,324,3,1247.5,1,0.5131329388484148,test,Medium
10813,13,4,933.4,1,0.5047306666060603,train,Medium
10814,595,1,288.8,1,0.5267264830905345,train,High
10815,591,1,556.75,1,0.5223495727302033,train,High
10816,293,2,1165.35,1,0.5298481465935211,train,High
10817,78,3,1174.6999999999998,0,0.4667425131515789,train,Low
10818,325,3,942.65,1,0.5252251607842275,train,High
10820,581,1,462.95,1,0.5412183977684004,train,High
10821,273,2,914.65,1,0.5098658218313268,test,Medium
10822,96,3,682.3,1,0.4861979812544793,train,Low
10823,56,1,352.35,1,0.4945487730706255,train,Low
10824,26,2,615.55,0,0.4941605017535948,train,Low
10825,405,1,326.55,1,0.4729076646484973,test,Low
10828,414,1,351.1,0,0.4769602392194746,train,Low
10830,522,2,767.85,1,0.5022949084301435,train,Medium
10831,56,4,1790.15,1,0.4934547964751935,train,Low
10832,296,2,763.5,1,0.5308442469370885,train,High
10833,456,1,310.45,1,0.5260710586747963,train,High
10837,412,1,176.55,1,0.4858465278317895,test,Low
10838,342,2,703.65,1,0.5309797004554978,train,High
10839,323,3,1332.2,1,0.4781611426198087,test,Low
10840,175,3,956.75,1,0.4999801424057076,train,Medium
10842,184,2,777.65,1,0.4975757442994563,test,Medium
10844,430,1,415.2,1,0.489813972826153,train,Low
10845,26,2,1145.15,1,0.5253973380892717,train,High
10846,74,1,399.2,1,0.505956408173424,test,Medium
10847,136,1,284.5,1,0.4647440084407266,train,Low
10848,115,3,1437.85,1,0.4821246780777296,train,Low
10849,373,1,425.05,1,0.482987116873755,train,Low
10850,54,2,1082.1,1,0.5371714619383067,train,High
10851,175,2,597.45,1,0.501924900136904,train,Medium
10852,164,2,790.2,1,0.4855281552978814,train,Low
10853,345,2,886.05,1,0.5168384876575307,test,High
10854,587,2,566.45,0,0.4955751637950048,train,Medium
10855,199,3,946.2,1,0.5127138131339388,test,Medium
10856,15,5,1312.2,1,0.5269465737695005,train,High
10857,192,1,364.95,1,0.5065913349564779,train,Medium
10858,71,5,1947.55,1,0.5114976333214488,train,Medium
10859,288,1,458.65,1,0.5039534857995365,train,Medium
10860,51,3,894.05,1,0.5106499197639368,test,Medium
10861,159,1,376.0,1,0.4939138308346024,train,Low
10862,174,1,304.4,1,0.4741049019904015,test,Low
10865,41,1,350.7,1,0.5170536851097377,train,High
10866,99,4,1797.65,1,0.5290846355498988,test,High
10867,488,4,1285.5,1,0.4839611830619211,train,Low
10868,5,3,1487.2,1,0.5026943576539561,train,Medium
10869,209,1,603.8,1,0.516948151981241,train,High
10870,27,4,1630.75,1,0.4861979812544793,train,Low
10873,485,1,491.45,1,0.4900941061750056,test,Low
10874,272,2,653.3,0,0.5020087901445865,train,Medium
10875,251,2,928.6,0,0.5127138131339388,test,Medium
10876,372,1,366.1,1,0.4946001264823123,train,Low
10877,498,1,352.6,1,0.5056820163107733,train,Medium
10879,40,1,551.25,0,0.5282489457094229,test,High
10880,484,1,485.2,1,0.4930415292759732,train,Low
10882,412,1,394.6,0,0.4861083419112514,test,Low
10883,334,3,1270.1,1,0.4929161958472217,train,Low
10885,415,2,839.65,1,0.4957916212376627,test,Medium
10886,79,2,507.3,1,0.468594457082612,train,Low
10887,498,1,337.15,1,0.4909419307376721,train,Low
10888,209,2,925.3,1,0.5126934216675127,test,Medium
10889,263,1,763.15,1,0.5213562647060831,train,High
10890,368,1,626.65,0,0.4950803027196698,train,Medium
10891,194,4,1345.45,1,0.4948349683885464,train,Medium
10892,443,1,300.3,1,0.5316661704815773,train,High
10893,566,1,546.85,1,0.5259041987541687,test,High
10896,414,3,1215.15,1,0.5127310395592088,train,Medium
10897,57,2,526.05,1,0.5134490673675087,train,High
10899,83,2,467.6,1,0.4937924800194587,train,Low
10900,34,2,726.85,1,0.5017703756228968,train,Medium
10901,199,3,1073.7,1,0.5010767782012849,train,Medium
10902,312,1,363.4,1,0.495638010863037,train,Medium
10904,446,2,489.95,1,0.5306485901594736,train,High
10905,120,1,305.55,1,0.4625327086105462,train,Low
10906,222,1,583.85,0,0.524889594186735,train,High
10907,135,1,378.05,1,0.4808937155281129,train,Low
10908,476,3,1479.25,1,0.4988359171210372,train,Medium
10910,51,1,218.65,1,0.4930658450397957,train,Low
10911,558,1,585.45,1,0.5206591973220343,train,High
10912,36,3,380.85,1,0.5167823555660689,train,High
10914,243,1,151.2,1,0.4279203293224634,train,Low
10915,162,1,526.1,1,0.5215149946220138,train,High
10917,252,4,1599.15,1,0.5125264707932514,train,Medium
10918,44,2,765.6500000000001,1,0.4785247509569884,train,Low
10919,246,2,424.2000000000001,1,0.4939138308346024,train,Low
10920,357,1,488.35,1,0.4969762720884692,train,Medium
10921,204,4,1884.4,1,0.515761890390406,train,High
10922,150,1,248.65,1,0.4817406609547135,train,Low
10924,43,2,693.0,0,0.4754085119595959,train,Low
10925,62,4,1155.3000000000002,1,0.5291311653247311,train,High
10926,124,3,1242.3,1,0.4976786517773455,test,Medium
10927,577,1,63.0,1,0.4681051893198947,test,Low
10928,259,3,1438.35,1,0.4849817448619647,train,Low
10929,159,2,974.05,1,0.504247494307109,train,Medium
10932,543,1,402.15,1,0.5104996875769554,test,Medium
10933,229,1,93.0,0,0.4487229652095279,test,Low
10935,106,4,1873.25,0,0.4985700103360819,train,Medium
10937,30,2,976.65,1,0.5276822601032694,test,High
10938,72,3,1352.25,1,0.5106499197639368,train,Medium
10939,533,1,269.5,0,0.534166483541806,train,High
10940,130,2,1090.7,1,0.5154665548118411,test,High
10941,156,2,634.4,1,0.5126934216675127,train,Medium
10943,32,1,225.15,1,0.4986261280383852,test,Medium
10944,334,3,518.8,1,0.5053854392151889,train,Medium
10946,120,2,804.35,1,0.4881173756460307,train,Low
10950,546,1,553.25,1,0.5340075749037981,train,High
10954,44,2,900.5,1,0.5010767782012849,train,Medium
10955,396,3,1457.65,1,0.5001201409528407,train,Medium
10956,162,3,1397.25,1,0.52862706231566,train,High
10957,362,3,992.6,1,0.5089350297390391,train,Medium
10958,595,1,386.5,1,0.4864636910929198,test,Low
10959,22,2,740.05,1,0.4728571774177436,test,Low
10960,209,2,633.95,1,0.5106499197639368,train,Medium
10961,262,1,365.4,1,0.4950238707843058,train,Medium
10962,231,3,1377.25,0,0.5140427529980827,test,High
10964,230,2,400.1,1,0.4939138308346024,train,Low
10965,42,3,1202.85,1,0.4928915469570497,train,Low
10966,83,5,1825.5,1,0.5088617943391618,train,Medium
10968,335,1,164.45,0,0.3782658612809923,train,Low
10969,159,2,686.8,1,0.4987706833541432,train,Medium
10970,332,1,388.75,1,0.4853160568366926,train,Low
10971,105,2,970.05,1,0.4985700103360819,train,Medium
10972,238,1,564.7,0,0.508099280867547,train,Medium
10973,369,3,2089.55,1,0.5262844329828698,train,High
10974,135,4,1023.3,1,0.5030204598019868,train,Medium
10975,262,2,1186.5,1,0.5331290203831877,train,High
10976,114,2,625.1500000000001,0,0.4719453428384464,train,Low
10978,622,1,735.7,1,0.5348571996118779,train,High
10979,329,1,524.2,1,0.5259899413192298,train,High
10981,453,2,538.9,0,0.5169167759946683,train,High
10982,105,3,1476.0500000000002,1,0.492698778965158,test,Low
10984,596,1,159.75,1,0.4165107819436909,train,Low
10985,408,2,779.05,1,0.5323508085237922,train,High
10986,40,3,1166.6,1,0.5101879659360902,train,Medium
10987,280,1,691.4,0,0.5037642479696637,train,Medium
10988,120,1,424.2,0,0.481595234267449,train,Low
10989,25,1,514.6,1,0.5016617128133493,test,Medium
10990,93,1,435.8,1,0.4751920946221785,train,Low
10991,167,2,1249.15,0,0.5097284494858663,train,Medium
10992,605,1,403.0,1,0.5028568996424916,train,Medium
10993,77,1,223.85,1,0.4860916564167276,test,Low
10994,34,3,1470.75,1,0.4985935597105726,train,Medium
10997,60,3,1058.65,1,0.5111729163166745,train,Medium
10998,174,2,900.5,1,0.5010767782012849,train,Medium
10999,378,1,471.55,1,0.5079227226569893,test,Medium
11002,52,4,2339.7,1,0.5404549532434876,train,High
11003,95,1,352.05,1,0.5109998818761009,train,Medium
11005,326,2,715.1500000000001,1,0.5196758799752471,train,High
11006,151,2,761.05,0,0.488066418008149,train,Low
11007,124,2,918.85,1,0.4756449550755561,train,Low
11009,412,3,1479.0,0,0.4879278427560297,train,Low
11010,9,3,1312.85,1,0.5439190666225442,train,High
11011,544,1,266.95,1,0.5316661704815773,train,High
11012,185,3,1591.55,1,0.5125695254625809,test,Medium
11013,205,1,486.4,1,0.5079227226569893,test,Medium
11015,212,5,1515.9,1,0.5167823555660689,train,High
11016,606,1,170.3,1,0.5020087901445865,train,Medium
11018,9,2,774.4,1,0.4782008101527816,train,Low
11019,42,2,955.35,0,0.5134490673675087,train,High
11020,35,1,313.6,1,0.4808937155281129,train,Low
11021,554,1,490.4,1,0.5225983142458928,train,High
11022,61,3,988.1,1,0.5007724906814197,train,Medium
11023,398,2,1154.35,0,0.519078557796633,train,High
11024,179,3,1029.9,1,0.4834414216730265,train,Low
11025,117,1,287.75,1,0.4801142532765611,train,Low
11027,371,2,1063.1999999999998,1,0.5133935496580981,train,High
11029,294,2,593.0,1,0.490992900656246,train,Low
11030,482,3,1129.25,0,0.5057026090631278,train,Medium
11031,306,3,1136.9499999999998,1,0.5200049894220589,train,High
11033,77,1,377.8,1,0.4936095896412269,test,Low
11034,201,3,865.7,1,0.5103251787180494,train,Medium
11036,221,3,1161.05,1,0.5145989455036525,train,High
11037,122,3,1301.15,1,0.5281129657004238,train,High
11039,71,2,596.7,1,0.478029850793353,train,Low
11040,542,1,302.65,1,0.480514112390085,train,Low
11041,56,4,1997.25,1,0.5053099770697346,train,Medium
11042,109,2,988.3,1,0.5131169292773715,train,Medium
11043,58,1,819.6,1,0.5041275180469165,train,Medium
11044,38,2,905.3,1,0.4949619143167143,train,Medium
11045,141,3,1553.4,1,0.5057253181154838,train,Medium
11046,188,2,1097.4,1,0.5282489457094229,test,High
11047,52,5,2126.05,1,0.5273591300454983,train,High
11048,515,1,330.7,1,0.5097438349684575,train,Medium
11049,105,1,548.5,1,0.5214193374035055,test,High
11050,451,1,291.55,1,0.4859484072099007,train,Low
11051,329,1,565.95,1,0.5009319812612048,test,Medium
11052,189,1,312.15,1,0.4945487730706255,train,Low
11053,544,1,507.25,1,0.5213272234183375,train,High
11054,80,2,375.6,1,0.5167823555660689,train,High
11055,3,3,1448.45,1,0.5350542049255876,train,High
11056,163,1,323.05,1,0.4790831719847866,test,Low
11057,135,2,489.25,0,0.4923527971382395,train,Low
11059,376,1,99.95,1,0.4374371346798586,train,Low
11061,73,1,665.75,1,0.5407781487363392,train,High
11062,217,4,1526.6999999999998,0,0.5103251787180494,train,Medium
11063,8,3,1267.9,1,0.5059435142627178,train,Medium
11064,363,1,381.6,1,0.5075609821474718,train,Medium
11065,12,2,723.7,1,0.5038620057636848,train,Medium
11066,72,2,636.8,1,0.5079297333035093,train,Medium
11067,453,1,683.2,1,0.5532915972458092,train,High
11068,287,3,1517.15,1,0.5253647764764667,test,High
11069,120,2,493.3,1,0.5157483749326788,train,High
11070,261,2,737.15,1,0.4873112373650051,train,Low
11071,531,1,394.35,1,0.5262605998886459,train,High
11072,30,1,234.75,0,0.4909179599387498,train,Low
11074,204,2,1202.5,1,0.501206726220755,train,Medium
11075,260,1,639.25,1,0.5261664234650772,train,High
11077,179,1,427.8,0,0.4672483244217637,train,Low
11078,226,1,203.7,1,0.4809938710136385,train,Low
11079,303,1,607.5,1,0.4910020545617128,train,Low
11080,164,2,870.4499999999999,1,0.515761890390406,train,High
11081,144,2,927.05,1,0.4957424959967839,train,Medium
11082,322,3,1039.3,1,0.5036190629989619,train,Medium
11083,487,2,1104.75,1,0.5094258200740776,test,Medium
11086,10,2,962.85,1,0.498747167203719,test,Medium
11087,29,1,430.6,0,0.4801142532765611,test,Low
11088,529,2,1124.35,1,0.4980169298084459,train,Medium
11089,611,1,162.8,1,0.4682301866298293,train,Low
11090,228,4,1878.4,1,0.5111729163166745,train,Medium
11092,367,1,165.75,0,0.417354562715358,test,Low
11093,69,5,1393.55,1,0.517305388664651,test,High
11095,49,5,2018.75,0,0.5106499197639368,test,Medium
11096,441,2,908.4,1,0.508087145911213,train,Medium
11097,369,2,777.2,1,0.5267264830905345,train,High
11098,111,1,73.0,1,0.4706940459026662,train,Low
11099,12,2,949.3,1,0.5047610550044025,train,Medium
11100,94,4,897.65,1,0.4917431107556994,train,Low
11101,305,1,587.65,1,0.5183400473432503,train,High
11102,163,1,333.45,0,0.4694440465231718,train,Low
11103,186,2,515.1,1,0.515789129594367,train,High
11104,183,2,1373.35,1,0.5496079658424474,train,High
11105,189,1,334.5,1,0.5065913349564779,test,Medium
11107,311,3,763.75,1,0.5309797004554978,test,High
11108,104,3,1274.25,1,0.5225983142458928,test,High
11109,91,1,398.65,1,0.4930658450397957,train,Low
11110,303,1,301.05,1,0.5075609821474718,train,Medium
11111,7,3,936.0,1,0.521787470330802,train,High
11113,211,1,153.2,1,0.3734463613390319,train,Low
11114,115,2,637.75,1,0.4991320134969268,train,Medium
11115,174,1,404.55,1,0.5046846331472878,test,Medium
11116,132,1,243.1,1,0.5076191721387563,train,Medium
11119,157,1,452.6,1,0.5041525605132905,train,Medium
11120,665,1,353.85,1,0.514545761049545,train,High
11121,469,1,447.3,0,0.4915767634413487,train,Low
11122,41,1,158.6,0,0.4444308302069488,train,Low
11123,595,1,554.0,1,0.5209101486409016,train,High
11124,112,3,724.8499999999999,1,0.5281129657004238,train,High
11125,168,2,1009.3,1,0.514033564564541,test,High
11126,4,2,772.6,1,0.5561618225528816,train,High
11128,249,1,406.7,1,0.5051083824323223,test,Medium
11129,555,1,139.65,1,0.5033945460876054,train,Medium
11130,220,2,826.45,0,0.4881173756460307,train,Low
11131,513,1,261.5,1,0.5196553164134698,train,High
11132,579,1,522.55,1,0.5396020910166628,train,High
11133,233,1,608.8,1,0.525380556997349,train,High
11134,528,1,192.35,1,0.4899207577402041,train,Low
11135,5,3,1193.05,1,0.5084141112429106,train,Medium
11136,316,1,420.7,0,0.4869533265840408,train,Low
11137,408,1,428.0,1,0.4857762319813938,test,Low
11138,463,2,577.65,1,0.4806059530728347,train,Low
11140,74,5,1643.15,1,0.515761890390406,test,High
11141,5,3,992.55,1,0.5218432121013727,train,High
11142,513,2,1070.0,1,0.550061052397759,test,High
11143,389,2,707.15,1,0.497179370607368,train,Medium
11144,303,2,1179.85,1,0.5032353419551916,train,Medium
11145,435,1,323.5,1,0.4653800260481486,train,Low
11146,564,2,874.85,1,0.5120497046475325,train,Medium
11147,236,2,450.75,1,0.5025599141296785,train,Medium
11148,212,2,612.9,1,0.501924900136904,train,Medium
11150,151,1,296.15,1,0.4748590949170256,test,Low
11151,293,1,307.2,1,0.4921801714825579,train,Low
11152,488,1,139.75,1,0.4445470327864201,train,Low
11153,316,2,745.25,1,0.490992900656246,train,Low
11154,131,1,166.9,1,0.3747347120764795,test,Low
11155,434,2,816.9499999999999,1,0.5203368211611202,test,High
11156,127,2,721.9,1,0.493010570385579,train,Low
11157,346,1,407.2,1,0.4959422778520208,train,Medium
11158,293,2,682.25,1,0.4890730024105882,train,Low
11159,2,2,830.5,1,0.5201975597428804,train,High
11160,299,1,487.6,1,0.5062845236293348,train,Medium
11161,392,2,514.75,1,0.4849817448619647,train,Low
11162,665,1,273.3,1,0.499142765931918,train,Medium
11163,64,4,1546.7,1,0.4810879168747747,train,Low
11165,110,2,696.2,1,0.4888976123548604,train,Low
11166,338,3,853.3,1,0.4733611689711587,train,Low
11167,3,2,711.5,1,0.520720324580369,train,High
11168,110,2,1066.25,1,0.5154665548118411,train,High
11174,88,1,487.8,1,0.5010767782012849,train,Medium
11175,220,2,665.85,1,0.5277816314383086,train,High
11176,457,1,259.4,1,0.472249174423125,train,Low
11177,179,2,736.85,1,0.507666114082371,train,Medium
11178,192,1,253.05,1,0.4930658450397957,train,Low
11179,267,3,1715.15,1,0.5349443134556625,train,High
11180,564,1,380.95,1,0.4981257077064845,train,Medium
11181,232,4,1190.6,1,0.4862185610062325,train,Low
11182,140,2,446.7,1,0.4978138577397622,train,Medium
11183,49,2,911.05,0,0.5010767782012849,train,Medium
11184,359,2,849.0,0,0.5186352670496369,train,High
11185,13,2,707.35,1,0.5053450355808472,train,Medium
11186,24,5,2960.2,1,0.5426071933547835,train,High
11187,250,1,83.0,1,0.4911836123631157,train,Low
11188,163,1,286.35,1,0.4482626350922563,test,Low
11189,339,1,418.55,1,0.4964658892282296,train,Medium
11191,322,2,634.9000000000001,1,0.4915767634413487,train,Low
11192,36,2,414.05,0,0.4953968169094943,train,Medium
11193,415,3,1235.65,0,0.5013473230961384,train,Medium
11194,633,1,292.3,0,0.5263950483491984,train,High
11196,430,1,576.25,1,0.4742619285758226,test,Low
11197,127,2,951.3,0,0.5225983142458928,test,High
11198,78,4,1548.35,1,0.4931224836956921,test,Low
11199,433,1,318.15,1,0.4943387035195607,train,Low
11201,412,3,781.4000000000001,1,0.5071239027030121,train,Medium
11203,62,4,1613.05,1,0.4990857645616238,train,Medium
11204,238,3,1267.3000000000002,1,0.4861979812544793,train,Low
11205,292,3,992.9,1,0.4604570314689996,train,Low
11206,50,5,1451.95,1,0.4978138577397622,train,Medium
11208,48,5,2494.3,1,0.5062322876042846,test,Medium
11210,121,1,244.45,1,0.4930658450397957,train,Low
11211,99,3,859.5,1,0.485725504447674,train,Low
11212,63,4,1241.2,1,0.5314810803779925,train,High
11213,547,1,308.8,1,0.4915767634413487,train,Low
11214,80,2,983.1,1,0.5299763317928464,train,High
11215,97,2,627.0999999999999,1,0.5035860603992645,train,Medium
11216,383,1,245.25,1,0.4731566748881552,train,Low
11218,442,1,379.15,1,0.5014467907268974,train,Medium
11219,195,1,196.95,1,0.5076191721387563,train,Medium
11220,101,2,335.6,1,0.5046846331472878,train,Medium
11221,20,2,587.8499999999999,1,0.5312455155002543,train,High
11222,220,4,1315.15,1,0.5116709579324805,train,Medium
11224,96,4,1340.45,0,0.4928915469570497,test,Low
11226,267,2,1181.75,1,0.5212540737063559,train,High
11227,143,5,1949.0,1,0.4991320134969268,train,Medium
11228,141,2,678.45,0,0.5087888763026449,train,Medium
11230,48,1,492.0,1,0.5010767782012849,test,Medium
11231,128,4,1489.9,1,0.5079297333035093,train,Medium
11232,152,2,1163.15,1,0.5479576908550792,test,High
11233,258,2,864.3,1,0.4865727354808416,train,Low
11234,618,1,522.0,1,0.5155112996143455,test,High
11235,92,4,1666.45,1,0.5248761845848191,train,High
11236,366,1,450.5,1,0.5163232977779604,test,High
11238,399,1,337.05,1,0.4959422778520208,train,Medium
11241,334,2,984.55,1,0.4924246759364178,train,Low
11242,78,2,879.65,1,0.4881173756460307,train,Low
11243,183,5,1629.05,1,0.5223548930788224,test,High
11244,311,1,430.15,1,0.4976873820622253,train,Medium
11245,192,1,556.15,1,0.4806233925542899,test,Low
11246,573,3,973.25,1,0.5099562122958149,train,Medium
11247,71,2,521.6,1,0.531302033497099,train,High
11248,41,4,1168.15,1,0.5287999081076975,test,High
11250,444,1,145.4,1,0.5247986332844201,test,High
11251,123,8,4172.75,1,0.5217235508611543,test,High
11252,228,3,1186.3000000000002,1,0.4847511889288047,train,Low
11253,195,3,1193.4,0,0.4821080802782779,train,Low
11254,305,1,555.0,1,0.505386428652136,train,Medium
11257,532,2,1013.05,1,0.508774669229733,train,Medium
11259,296,2,921.1,1,0.4890935880145176,train,Low
11260,447,3,1083.3,1,0.4849817448619647,train,Low
11261,142,1,483.05,1,0.5195531834922118,train,High
11263,647,1,645.85,1,0.5295451448559058,test,High
11264,39,5,2377.8,1,0.4853740676081202,test,Low
11266,259,3,1024.15,1,0.5425357446356942,train,High
11267,594,1,373.85,1,0.4839611830619211,train,Low
11268,53,6,2453.25,1,0.5147685363604915,train,High
11269,159,1,515.35,1,0.4814703034636368,train,Low
11271,384,4,1459.75,0,0.4900941061750056,train,Low
11272,326,1,475.45,1,0.4918407803044481,train,Low
11273,121,3,842.3,1,0.4837458742724196,test,Low
11274,54,2,1081.1,1,0.512255562066166,test,Medium
11275,178,1,218.05,1,0.4921475638343566,train,Low
11277,79,4,1715.4,1,0.478326296219666,test,Low
11278,15,4,1410.55,1,0.5208815046841037,train,High
11280,322,2,754.55,1,0.4900941061750056,train,Low
11281,90,2,761.85,0,0.5273591300454983,train,High
11282,107,3,1514.25,1,0.5014743810136171,train,Medium
11283,489,2,1067.7,1,0.5338322180188779,train,High
11284,253,2,571.3,0,0.4889650597728666,train,Low
11285,24,1,307.7,1,0.4809610978278545,train,Low
11286,194,2,679.75,1,0.4889650597728666,train,Low
11287,263,1,365.5,1,0.503392958360114,train,Medium
11288,567,1,707.35,1,0.5574745121210621,train,High
11289,14,3,829.15,0,0.5297308863044493,train,High
11290,263,2,832.25,1,0.5155679043483105,train,High
11293,269,2,1093.9,1,0.5340075749037981,train,High
11295,76,1,269.1,1,0.4876274588310244,train,Low
11297,43,2,712.1,1,0.4881173756460307,test,Low
11298,334,1,569.8,1,0.504538382617219,train,Medium
11299,241,1,245.7,1,0.5046846331472878,train,Medium
11300,487,1,203.35,1,0.5309797004554978,train,High
11301,19,2,844.3,1,0.539259768815896,train,High
11302,99,1,180.25,1,0.4748590949170256,train,Low
11303,56,3,696.1,1,0.5240300835848272,test,High
11304,286,3,1257.9,1,0.5018097606949621,train,Medium
11305,507,2,1058.3,1,0.5036393266490862,train,Medium
11306,159,2,952.7,1,0.510932336664509,train,Medium
11307,318,1,463.75,1,0.5124467121058452,train,Medium
11308,133,1,347.05,1,0.4939138308346024,train,Low
11309,194,1,390.25,1,0.4679667011269941,train,Low
11310,531,1,261.1,1,0.4899207577402041,test,Low
11311,141,3,1358.95,1,0.5113462460731736,train,Medium
11312,170,4,1145.1,1,0.5010767782012849,test,Medium
11313,131,1,244.0,0,0.4599895826959728,test,Low
11314,251,3,1585.25,1,0.5118758829219276,test,Medium
11315,400,3,923.4,1,0.5007112270785147,train,Medium
11316,188,2,946.75,1,0.5230107969861648,train,High
11317,486,1,652.75,1,0.5479576908550792,train,High
11318,166,3,1183.7,0,0.4991796663458958,train,Medium
11321,32,2,997.5,1,0.501924900136904,train,Medium
11324,0,3,1179.85,1,0.520288517449062,train,High
11325,71,3,1938.35,1,0.5057483561881425,test,Medium
11326,426,2,898.05,1,0.4839611830619211,test,Low
11328,367,2,790.9000000000001,1,0.5039534857995365,train,Medium
11329,267,4,1968.9,1,0.5280531884435067,train,High
11331,57,2,1059.0500000000002,0,0.5016617128133493,train,Medium
11332,248,3,1387.15,1,0.5242643511606182,train,High
11333,223,1,526.05,1,0.5009318632859074,train,Medium
11334,36,3,1614.45,1,0.5311635208575859,train,High
11336,297,2,766.35,1,0.4926729987266824,train,Low
11337,214,1,288.25,0,0.4930658450397957,train,Low
11338,188,1,221.5,1,0.5046846331472878,train,Medium
11339,234,4,1190.4,0,0.5106499197639368,train,Medium
11340,406,2,495.3,1,0.5205020782821993,train,High
11341,169,1,193.2,1,0.481595234267449,train,Low
11342,145,3,1762.95,1,0.4892900490666736,test,Low
11343,269,2,1058.05,1,0.5483840738215078,train,High
11344,464,1,173.05,1,0.5186352670496369,train,High
11345,301,1,411.7,1,0.4999120064058034,train,Medium
11346,24,5,1999.3,1,0.4934547964751935,train,Low
11347,436,1,375.45,1,0.4866940179006184,train,Low
11348,169,3,1714.9,1,0.5165924056334845,train,High
11350,30,1,692.0,1,0.504857313564691,test,Medium
11352,459,1,720.1,1,0.5539211514900966,train,High
11353,151,2,1077.0,1,0.5215450759670793,test,High
11354,642,1,531.5,1,0.5338322180188779,train,High
11355,355,2,1221.25,1,0.5270484681734392,train,High
11356,489,1,639.0,1,0.5259041987541687,train,High
11357,213,2,1136.95,1,0.5066455910874444,train,Medium
11358,129,2,1044.45,1,0.5306643846211705,train,High
11360,58,3,1054.7,0,0.4719453428384464,test,Low
11362,587,1,653.9,1,0.521495331066201,train,High
11364,580,2,702.3,1,0.5371224122595711,test,High
11365,57,2,576.95,1,0.4810879168747747,train,Low
11366,104,3,1381.9,1,0.5273591300454983,test,High
11368,655,1,438.95,1,0.5160275302461971,test,High
11369,369,1,547.75,1,0.5225659900432159,train,High
11370,340,3,776.45,1,0.508993092122486,test,Medium
11372,85,2,599.6,1,0.5025966832457021,train,Medium
11373,184,3,1519.65,1,0.4985954105595461,train,Medium
11374,337,3,948.2,1,0.5290714020341138,train,High
11376,33,1,786.25,1,0.5000501516420941,train,Medium
11377,254,2,744.85,1,0.5142965440381508,train,High
11378,234,2,994.15,0,0.4953242361467155,train,Medium
11379,88,1,177.3,1,0.4809938710136385,train,Low
11381,390,2,606.45,1,0.5071239027030121,train,Medium
11382,357,2,813.1,1,0.5076105950108522,train,Medium
11383,169,2,736.35,1,0.5010767782012849,test,Medium
11384,107,5,1992.25,1,0.5116709579324805,train,Medium
11385,196,2,866.1,1,0.4826688590808537,train,Low
11386,289,2,954.4,1,0.5132258754214497,test,High
11388,27,4,1340.8,0,0.4983315420219512,test,Medium
11389,51,1,413.5,1,0.5054725120062854,test,Medium
11391,419,2,611.35,1,0.5309797004554978,train,High
11392,232,2,1307.75,0,0.505441413065183,train,Medium
11393,422,1,348.65,0,0.4780314359101464,train,Low
11394,335,2,449.9,1,0.5160275302461971,test,High
11395,124,2,579.9,1,0.5277816314383086,train,High
11396,203,2,642.55,1,0.5124146837632765,train,Medium
11397,364,1,308.5,1,0.5094673734717514,test,Medium
11398,125,1,413.35,1,0.4809610978278545,test,Low
11399,56,1,465.25,1,0.4895587798454937,train,Low
11400,195,4,1762.85,1,0.4922171284334014,train,Low
11401,316,2,722.95,1,0.4950548952065451,train,Medium
11403,144,1,158.2,0,0.4624783849924033,train,Low
11404,178,3,855.4,1,0.5240300835848272,train,High
11406,242,2,864.5,1,0.4679591988652797,test,Low
11407,505,2,840.8499999999999,0,0.4930415292759732,train,Low
11408,183,2,894.4499999999999,1,0.516190153800375,train,High
11409,253,3,977.95,0,0.4898634315362739,train,Low
11410,243,3,1150.35,1,0.4872188064858048,train,Low
11411,157,1,381.0,1,0.4754437568809122,train,Low
11412,355,2,1073.25,1,0.5181717282675165,train,High
11413,282,1,530.8,1,0.5218455973736535,train,High
11414,647,1,415.15,0,0.4849817448619647,test,Low
11415,98,3,1076.35,1,0.5262034111564424,train,High
11416,134,2,883.4499999999999,1,0.4947052707720202,test,Medium
11417,89,3,1183.45,1,0.5396784090431784,train,High
11418,617,1,203.2,1,0.493010570385579,train,Low
11419,546,3,991.55,0,0.4955751637950048,train,Medium
11420,287,4,1696.45,0,0.5200049894220589,train,High
11421,34,1,401.8,1,0.4732649014856103,train,Low
11422,65,2,305.25,1,0.4807507677146481,train,Low
11423,148,2,373.8,1,0.516609131226501,train,High
11424,150,1,251.3,1,0.4939138308346024,test,Low
11425,123,1,447.35,1,0.5139644368356951,train,High
11427,147,2,759.7,1,0.4788764053329163,train,Low
11429,378,1,274.65,0,0.482987116873755,train,Low
11430,12,1,647.95,1,0.5389733971340647,train,High
11431,57,2,793.8,1,0.5291311653247311,train,High
11432,378,1,539.2,0,0.5031145550024017,train,Medium
11434,607,1,385.6,1,0.4839611830619211,train,Low
11435,35,4,1389.0,1,0.4655371393127087,test,Low
11436,497,2,1024.8000000000002,1,0.489927162060688,test,Low
11437,33,2,492.85,1,0.4812468021201236,train,Low
11438,556,1,94.0,0,0.3963455816508002,train,Low
11440,130,1,643.7,1,0.5229952117933435,train,High
11441,573,1,431.2,1,0.4890730024105882,test,Low
11443,168,1,222.15,1,0.5196527915946679,train,High
11444,91,3,1146.85,1,0.5061169685453397,train,Medium
11445,281,3,1085.35,1,0.5186352670496369,train,High
11446,334,2,729.7,1,0.5026112722153439,test,Medium
11447,25,4,1626.6,1,0.5249084211374652,train,High
11448,318,3,1278.6,1,0.5255492072015532,train,High
11449,339,1,247.85,1,0.4973139859914471,train,Medium
11450,249,2,906.5,1,0.4671146445008591,test,Low
11451,41,2,279.9,1,0.468594457082612,train,Low
11453,350,2,1649.8000000000002,1,0.5542237573798366,train,High
11454,248,1,348.5,1,0.4978239551194475,test,Medium
11455,133,1,318.15,1,0.49247985795221,train,Low
11456,34,1,384.8,1,0.509101912999389,train,Medium
11457,32,3,800.75,0,0.4861979812544793,train,Low
11458,282,2,1234.15,1,0.5331632720242775,train,High
11460,72,1,411.2,1,0.4929955062052986,train,Low
11461,352,2,771.5,1,0.5205020782821993,train,High
11462,210,1,160.0,1,0.4789720339374404,test,Low
11463,226,1,496.7,1,0.5195531834922118,test,High
11467,448,2,348.95,0,0.4814990473408403,train,Low
11468,56,2,1001.2,1,0.5062126393997248,train,Medium
11471,53,2,954.65,1,0.5060588961042368,train,Medium
11474,662,1,346.05,1,0.4839611830619211,train,Low
11475,634,1,471.0,1,0.4864636910929198,train,Low
11476,419,1,100.0,1,0.3845493497909335,train,Low
11477,627,1,405.3,1,0.4901146935296726,train,Low
11478,174,1,317.75,1,0.4921475638343566,test,Low
11479,380,1,547.05,1,0.5242901071348313,train,High
11480,12,4,1247.95,0,0.5079760377155621,test,Medium
11481,50,2,724.9,1,0.4881173756460307,test,Low
11482,164,2,664.75,0,0.4872188064858048,train,Low
11484,11,2,305.29999999999995,1,0.5427687324611113,train,High
11485,384,2,602.0,0,0.4998384341945734,train,Medium
11487,5,5,2353.15,1,0.5038620057636848,train,Medium
11488,307,3,1268.65,1,0.5120293118399392,train,Medium
11489,444,1,404.85,1,0.4853128338612111,train,Low
11490,285,1,358.25,0,0.4805699533766625,train,Low
11491,59,1,644.35,1,0.5016617128133493,train,Medium
11492,2,2,515.6,1,0.5201975597428804,train,High
11493,194,1,639.45,1,0.5146191929214258,train,High
11494,157,3,991.4,1,0.5048705328493338,train,Medium
11495,316,2,793.8,1,0.5196553164134698,train,High
11496,532,1,426.9,1,0.5198238608295496,train,High
11497,323,1,429.5,1,0.511952888398937,train,Medium
11498,319,1,251.15,1,0.5079846696591224,train,Medium
11499,456,1,491.2,1,0.5082274239106558,train,Medium
11500,171,4,1446.75,1,0.5030961600177213,train,Medium
11501,157,3,1483.9499999999998,1,0.5107054319198719,train,Medium
11503,216,1,503.05,1,0.5185847307767619,test,High
11504,92,3,697.8,1,0.5222561839550494,train,High
11506,630,1,319.9,0,0.4848084854293814,test,Low
11507,87,2,828.75,1,0.501924900136904,train,Medium
11508,228,3,1515.4,1,0.5210466898456734,train,High
11509,314,2,820.25,1,0.4809017791353817,train,Low
11510,256,1,767.35,1,0.544735733716171,test,High
11511,266,1,329.8,1,0.4754437568809122,test,Low
11512,125,1,548.95,1,0.5084700020669064,train,Medium
11514,214,2,827.55,1,0.5383598352999023,train,High
11515,102,4,1621.65,0,0.4898634315362739,train,Low
11516,118,3,837.4000000000001,1,0.4803161267223128,train,Low
11517,251,2,921.05,1,0.5277816314383086,train,High
11518,154,1,506.8,1,0.5164215997478656,train,High
11519,328,1,377.1,1,0.4946001264823123,train,Low
11520,233,2,965.6,1,0.4930415292759732,train,Low
11522,97,2,755.15,1,0.4844787948827236,train,Low
11523,464,1,279.1,0,0.5079718390072365,train,Medium
11524,0,4,1624.95,1,0.5179791988838591,train,High
11525,503,1,149.85,0,0.4544819639998593,test,Low
11526,42,2,684.85,1,0.4881173756460307,train,Low
11529,42,2,911.0,1,0.495636422800998,train,Medium
11530,143,3,993.1,1,0.518671976683978,train,High
11532,448,1,149.2,1,0.4008039043812791,train,Low
11533,35,3,1127.65,1,0.4944761948013902,train,Low
11534,91,2,756.8499999999999,1,0.4745995979690109,train,Low
11535,360,1,241.05,1,0.482987116873755,test,Low
11536,392,3,938.9,1,0.4905827990956708,test,Low
11537,316,2,1050.65,1,0.5270484681734392,test,High
11538,308,1,473.65,1,0.5305131255667239,train,High
11539,77,2,568.6,0,0.5167823555660689,train,High
11540,155,4,1813.65,1,0.5222561839550494,train,High
11542,512,2,510.9,1,0.5107604731804493,test,Medium
11544,149,4,1764.6,1,0.5034223959959453,train,Medium
11546,73,2,1017.0,1,0.5357042276263858,train,High
11547,460,1,245.7,1,0.5334739940481699,train,High
11551,667,1,361.8,0,0.4805500089616218,train,Low
11552,35,1,760.0,1,0.5340072439359169,train,High
11556,211,4,1388.5,1,0.5103732069331653,test,Medium
11557,36,4,1318.85,1,0.5147685363604915,test,High
11558,10,1,345.0,1,0.5217409040841354,test,High
11561,667,1,316.65,0,0.4955751637950048,train,Medium
11562,9,2,593.35,0,0.5072464069641093,train,Medium
11563,470,1,307.7,1,0.5356424112350364,train,High
11565,291,1,527.15,1,0.5174930067716637,train,High
11566,94,2,332.15,0,0.4976899051739726,train,Medium
11567,105,2,858.95,1,0.5225983142458928,train,High
11568,416,2,673.9,1,0.4953374169160577,train,Medium
11570,82,1,507.2,1,0.5053187873541004,train,Medium
11573,206,2,675.35,1,0.5205756895195256,train,High
11574,204,1,451.05,1,0.5315439659007885,train,High
11575,188,2,404.9,1,0.5062887309992141,train,Medium
11576,350,2,446.65,1,0.4599305585543683,test,Low
11577,587,3,1226.35,1,0.4849817448619647,train,Low
11578,47,3,1285.45,1,0.5036661029392582,train,Medium
11579,88,3,1228.75,1,0.5013815571081625,train,Medium
11582,254,1,212.1,1,0.4824422669568945,train,Low
11583,41,3,1802.45,1,0.5467814130333568,test,High
11584,40,3,1144.4,0,0.515761890390406,test,High
11585,416,1,708.55,1,0.5004739693499157,train,Medium
11587,549,2,547.95,1,0.5046497554524358,train,Medium
11589,204,5,1793.85,1,0.515761890390406,train,High
11590,110,1,180.15,1,0.4815542572452661,train,Low
11591,284,2,668.95,1,0.5044770901386901,test,Medium
11592,408,1,300.4,0,0.4866940179006184,train,Low
11593,594,1,556.05,1,0.5207998181565747,train,High
11594,156,1,505.8,1,0.5293553514229253,train,High
11595,173,2,984.85,1,0.5070606195539884,train,Medium
11596,124,3,805.6,1,0.5114976333214488,train,Medium
11597,83,2,559.5,1,0.4828559778731706,train,Low
11598,335,4,1674.05,1,0.4879278427560297,test,Low
11599,519,2,497.4500000000001,1,0.4728230441637244,train,Low
11600,243,2,744.05,0,0.4896365490064008,train,Low
11601,105,4,1654.6,1,0.5052108742459873,train,Medium
11602,445,1,603.55,1,0.5438945963797653,train,High
11603,283,3,1425.85,1,0.4899207577402041,train,Low
11604,213,3,1660.7,1,0.5349369400411927,train,High
11605,347,2,615.0,1,0.5237621685041965,train,High
11606,446,1,599.65,1,0.5463026486376226,train,High
11608,554,1,502.6,1,0.5390362121812907,train,High
11610,612,2,683.3,1,0.5135250188716313,train,High
11611,405,1,463.05,0,0.482382935363194,test,Low
11612,419,3,1344.8,1,0.5186352670496369,train,High
11613,73,4,1037.1999999999998,1,0.5226791181739981,train,High
11614,141,1,360.0,1,0.4917238841470985,train,Low
11615,297,1,390.6,0,0.5104950085831991,train,Medium
11616,562,1,147.85,1,0.4658278167042931,train,Low
11618,324,1,509.35,1,0.5405653546450726,train,High
11622,105,3,611.85,1,0.4809378341962916,train,Low
11623,596,1,257.65,1,0.4988359171210372,test,Medium
11624,67,3,1251.9499999999998,1,0.4887011020189323,test,Low
11625,397,1,638.45,1,0.5242901071348313,train,High
11626,266,1,189.9,1,0.48442770852243,train,Low
11627,610,1,277.2,0,0.5005666768215354,train,Medium
11628,27,3,1052.7,0,0.5264393338101935,test,High
11629,571,1,710.95,1,0.5507113815416745,train,High
11630,559,1,297.85,0,0.5132003669386644,train,High
11631,0,1,272.85,0,0.4986597559694436,train,Medium
11632,387,2,526.95,1,0.4737134957838536,train,Low
11633,74,1,505.65,0,0.4887202029653752,train,Low
11635,342,3,1336.1,1,0.5081126655212327,test,Medium
11636,403,1,476.5,1,0.4918407803044481,train,Low
11637,138,1,403.4,1,0.4944374013364583,train,Low
11638,180,1,558.15,1,0.5301031460317158,train,High
11639,266,1,263.65,1,0.5010783663768643,train,Medium
11640,36,1,177.6,1,0.4719764116034579,test,Low
11641,164,1,243.65,1,0.4741049019904015,train,Low
11643,306,5,2233.3,1,0.5314934445697373,train,High
11644,296,1,209.65,1,0.4700195243553083,train,Low
11645,270,2,782.8499999999999,1,0.4814990473408403,train,Low
11646,229,2,1074.15,1,0.4849732757488807,train,Low
11647,118,3,1156.5,1,0.5002872395614688,train,Medium
11648,449,1,479.65,1,0.5247813083833035,train,High
11649,414,1,618.45,0,0.5160083555935167,train,High
11652,186,3,1532.9,1,0.5507135920661841,train,High
11653,201,1,510.4,1,0.5025098276317339,train,Medium
11654,559,1,715.9,1,0.5381245099598292,test,High
11655,436,2,814.3,1,0.5334739940481699,train,High
11658,55,3,1770.6999999999998,1,0.5194778253973048,train,High
11659,494,1,254.0,0,0.5186352670496369,train,High
11660,55,3,1242.3,1,0.5222561839550494,train,High
11661,544,1,463.75,1,0.4907929933910425,train,Low
11662,332,3,882.7,1,0.5014467907268974,train,Medium
11663,668,1,509.2,1,0.5403838213373529,train,High
11664,308,3,900.55,1,0.5122067279610257,train,Medium
11666,164,2,818.05,0,0.5080111588020121,train,Medium
11667,4,1,109.2,1,0.4760797586867707,test,Low
11668,218,1,474.6,1,0.4937924800194587,train,Low
11669,306,1,301.45,1,0.4990865152953153,test,Medium
11670,80,3,1306.85,1,0.52862706231566,train,High
11671,86,1,257.25,0,0.4809938710136385,train,Low
11672,115,3,1635.55,1,0.509149665060863,train,Medium
11673,147,1,416.95,1,0.481595234267449,test,Low
11674,344,2,789.25,1,0.4705079957200973,train,Low
11675,41,2,964.5,0,0.4872188064858048,train,Low
11676,207,3,1303.6,1,0.5235329092112829,train,High
11677,90,4,1642.1,1,0.4861979812544793,train,Low
11678,514,1,570.25,1,0.5329906132596971,train,High
11679,1,5,2431.5,1,0.5028405045294534,train,Medium
11680,144,3,981.25,1,0.516609131226501,train,High
11681,523,1,587.65,1,0.5115660905424357,train,Medium
11682,251,1,336.6,1,0.4874697685828471,test,Low
11683,103,3,749.65,1,0.4881173756460307,train,Low
11686,140,2,721.2,1,0.4733611689711587,test,Low
11687,392,4,1491.4,1,0.5464609254775877,train,High
11688,40,1,530.35,1,0.5261664234650772,test,High
11691,311,2,454.1,1,0.5241857373087203,train,High
11692,205,3,843.2,0,0.5106499197639368,train,Medium
11695,610,1,578.1,1,0.5159499228639356,test,High
11696,87,2,753.0,1,0.515761890390406,test,High
11698,215,2,596.8,1,0.4881173756460307,train,Low
11699,109,4,1769.2,0,0.4633437321723649,train,Low
11701,483,2,676.85,1,0.4635025053038614,train,Low
11702,287,1,682.5,0,0.558673654600321,train,High
11703,225,3,1173.8,1,0.4769156526168347,train,Low
11704,233,3,1505.15,1,0.5122486552031267,train,Medium
11705,8,1,475.7,1,0.5012328775522378,test,Medium
11707,392,2,612.15,1,0.5110867542559704,train,Medium
11710,85,2,700.6,1,0.5010767782012849,test,Medium
11711,485,1,701.5,1,0.5202855909007807,train,High
11712,212,3,940.75,1,0.5267903116990054,train,High
11713,51,1,473.6,1,0.5147044336209758,train,High
11714,299,3,897.8,1,0.5014467907268974,train,Medium
11717,61,2,629.0,1,0.4932517269110114,train,Low
11718,182,1,245.3,1,0.5051083824323223,train,Medium
11719,342,3,1473.05,1,0.4805500089616218,test,Low
11721,494,2,648.65,1,0.5306757539663058,train,High
11722,573,1,434.45,1,0.5166973983138257,train,High
11723,209,1,63.0,0,0.3734463613390319,train,Low
11724,155,4,1343.85,1,0.5106499197639368,train,Medium
11726,648,1,395.95,1,0.5302672207172577,train,High
11727,75,2,1088.95,1,0.5161009487682178,train,High
11728,325,2,1069.05,0,0.5270484681734392,test,High
11729,347,1,390.65,0,0.48442770852243,train,Low
11731,342,2,823.85,1,0.5053169435685506,test,Medium
11732,14,2,1073.5,1,0.5168774536229126,train,High
11733,17,1,430.55,1,0.5153323930697981,train,High
11734,79,5,1175.7,1,0.4805271214882075,test,Low
11735,84,1,323.2,0,0.509101912999389,train,Medium
11736,150,1,610.9,1,0.510048449772028,test,Medium
11737,29,3,1419.8000000000002,1,0.4810879168747747,test,Low
11738,140,3,976.25,1,0.5025599141296785,train,Medium
11739,246,3,1273.9499999999998,1,0.5103251787180494,train,Medium
11740,58,4,1176.8,1,0.505268948918854,train,Medium
11741,68,1,275.15,0,0.4921475638343566,train,Low
11742,494,1,282.1,1,0.5006906316972679,train,Medium
11743,230,2,636.9,1,0.5176783370690623,test,High
11744,35,2,834.6,1,0.4999801424057076,train,Medium
11745,223,1,641.1,1,0.5253973380892717,train,High
11746,122,1,520.45,1,0.4940855342806951,train,Low
11747,381,2,799.2,0,0.5196553164134698,train,High
11748,139,3,790.1500000000001,1,0.488066418008149,train,Low
11749,34,2,793.45,0,0.4895587798454937,train,Low
11750,514,1,529.0,1,0.5133935496580981,train,High
11751,204,5,1882.45,1,0.5131531994964469,train,Medium
11753,559,1,548.8,1,0.5036393266490862,test,Medium
11754,463,1,434.7,1,0.5225983142458928,train,High
11756,439,2,779.85,1,0.4849817448619647,train,Low
11757,49,3,1154.2,1,0.5222561839550494,train,High
11758,197,4,2374.5,1,0.5091702535703606,train,Medium
11759,596,1,375.9,0,0.4978685284035228,test,Medium
11760,567,2,782.3,1,0.5274136377103211,test,High
11761,210,4,1442.1,1,0.4898710761505155,train,Low
11763,649,1,245.95,1,0.4805500089616218,test,Low
11764,297,2,822.4000000000001,1,0.4718046292011665,train,Low
11766,276,2,534.5999999999999,0,0.4924346274696667,train,Low
11767,109,3,1370.85,1,0.4983315420219512,test,Medium
11769,203,2,704.15,1,0.4881173756460307,train,Low
11772,505,1,236.25,1,0.5186352670496369,train,High
11773,1,3,1573.3,0,0.5341875891692758,train,High
11777,214,3,1059.85,1,0.537200586077569,train,High
11778,122,3,1108.85,0,0.4635025053038614,train,Low
11779,367,2,909.05,1,0.5044265190080143,train,Medium
11781,243,2,524.65,1,0.4978138577397622,test,Medium
11782,617,1,366.5,1,0.4839611830619211,train,Low
11783,35,3,1659.05,1,0.4997410551344619,train,Medium
11784,319,2,1047.1,1,0.5428639235856905,train,High
11785,104,4,1400.2,1,0.5251845616571083,train,High
11787,434,1,382.9,0,0.4653800260481486,train,Low
11788,373,1,256.3,1,0.4974253681546105,train,Medium
11789,221,3,1367.6,0,0.4677596778735711,train,Low
11790,575,1,435.8,1,0.5334739940481699,train,High
11791,15,1,363.1,1,0.4786363108944981,train,Low
11792,107,1,312.55,1,0.4946583231702582,test,Medium
11793,185,2,776.0,1,0.4895664242680296,train,Low
11794,444,1,226.85,1,0.5140478668079654,train,High
11795,548,1,383.25,1,0.5334739940481699,train,High
11796,445,1,306.25,1,0.4975844994131894,test,Medium
11798,34,1,538.3,0,0.5125320256989243,train,Medium
11799,299,2,833.4000000000001,1,0.5131056912736539,train,Medium
11800,128,1,460.0,1,0.5025599141296785,train,Medium
11801,222,4,1444.7,1,0.4861979812544793,train,Low
11802,141,2,1155.75,1,0.5155154250990814,train,High
11803,447,2,590.3499999999999,0,0.4839611830619211,train,Low
11805,670,1,385.4,1,0.4995315876261861,train,Medium
11806,274,4,1486.6,0,0.5135250188716313,test,High
11807,10,3,1121.7,1,0.4742818597408861,test,Low
11808,562,1,170.7,1,0.5191581606663702,train,High
11810,313,1,410.35,0,0.5015029083821128,train,Medium
11811,278,2,700.15,1,0.4938544346288886,test,Low
11812,122,1,587.05,1,0.5282489457094229,train,High
11813,268,3,1018.45,1,0.5071239027030121,train,Medium
11814,345,2,490.2,1,0.5186352670496369,train,High
11815,295,1,511.95,1,0.5189741899273428,train,High
11816,66,1,446.5,1,0.5156260511162473,test,High
11817,35,1,347.35,1,0.4754636638981487,train,Low
11818,502,1,324.55,1,0.5180744010077711,train,High
11819,197,1,340.6,1,0.5076191721387563,train,Medium
11820,194,2,1353.05,1,0.5057992499055521,test,Medium
11822,172,2,840.25,0,0.5010767782012849,train,Medium
11823,251,2,354.8,1,0.4930658450397957,train,Low
11824,64,2,578.6500000000001,1,0.468594457082612,train,Low
11825,276,2,592.1,1,0.5011144202443025,train,Medium
11826,439,2,684.7,1,0.468594457082612,train,Low
11827,224,2,599.15,1,0.5116709579324805,train,Medium
11829,488,2,456.8,1,0.4890730024105882,train,Low
11830,439,1,486.15,1,0.4941164168804817,train,Low
11831,277,2,463.25,1,0.5028568996424916,train,Medium
11834,264,2,715.75,1,0.5039534857995365,test,Medium
11836,41,4,2147.4,1,0.5146540290058047,train,High
11837,128,3,654.3,1,0.4931224836956921,train,Low
11838,389,1,150.9,0,0.4456501254426705,train,Low
11839,288,2,835.6,1,0.5071239027030121,train,Medium
11840,397,1,282.4,0,0.4852750595821856,train,Low
11841,125,2,886.4,0,0.4879278427560297,train,Low
11842,505,2,645.45,1,0.5101674568806986,train,Medium
11843,134,1,643.2,1,0.5073382152099793,train,Medium
11844,425,2,696.2,1,0.5183313943098852,test,High
11845,199,2,746.45,0,0.5004906700997332,train,Medium
11846,149,4,1338.6,1,0.4752905955167645,train,Low
11848,666,1,306.7,1,0.4635025053038614,train,Low
11849,315,1,409.6,1,0.4946001264823123,test,Low
11851,163,1,801.85,1,0.5125288908434485,test,Medium
11852,45,1,69.3,1,0.4495091878838637,train,Low
11853,200,1,257.95,1,0.5054407181076113,test,Medium
11854,110,3,653.5,1,0.4800590555961196,train,Low
11856,437,2,510.7,1,0.5325108068783299,train,High
11857,410,1,112.0,1,0.4337644091308217,train,Low
11858,198,3,1122.25,1,0.4999801424057076,train,Medium
11859,83,1,346.0,0,0.4870462538782755,train,Low
11861,292,1,204.85,1,0.5199265313669202,train,High
11863,277,3,1273.2,0,0.5211360040822915,train,High
11864,61,1,180.3,1,0.5054407181076113,train,Medium
11865,150,1,769.3,1,0.5340072439359169,test,High
11866,47,2,802.4,1,0.4834414216730265,train,Low
11868,13,4,2026.7,1,0.5242944451215757,train,High
11869,179,1,255.0,0,0.4496897400893674,test,Low
11870,225,3,774.95,1,0.5222561839550494,train,High
11871,356,1,318.1,1,0.4838343128145134,train,Low
11872,1,3,930.0,1,0.539259768815896,train,High
11875,424,1,221.9,1,0.4510958356782928,train,Low
11876,69,1,399.85,1,0.4946583231702582,train,Medium
11877,43,1,483.0,1,0.4904065689941865,train,Low
11878,158,2,643.65,1,0.4895587798454937,train,Low
11879,155,3,1515.25,1,0.5163665599082036,train,High
11881,9,2,863.4499999999999,1,0.5252779010983252,train,High
11882,343,1,325.3,1,0.482987116873755,train,Low
11884,369,1,616.4,1,0.5282489457094229,test,High
11885,159,1,374.95,1,0.505956408173424,train,Medium
11887,548,1,197.05,1,0.4890730024105882,train,Low
11888,583,2,798.85,1,0.4892354776893426,train,Low
11890,448,1,308.8,1,0.5097438349684575,train,Medium
11892,230,3,1132.45,1,0.5113462460731736,train,Medium
11894,10,1,498.85,1,0.5047610550044025,train,Medium
11897,103,2,1011.8,0,0.5302980775091878,test,High
11899,188,3,1222.25,0,0.5001535601014223,train,Medium
11900,243,1,664.45,1,0.5387026365630888,train,High
11901,165,4,1486.35,0,0.5106499197639368,test,Medium
11902,11,3,1193.7,1,0.5210221202977245,test,High
11903,21,2,1011.5,1,0.5208342742833476,train,High
11905,92,1,598.3,1,0.5016617128133493,train,Medium
11908,219,4,1225.5,0,0.4991320134969268,train,Medium
11909,402,2,917.05,0,0.5135250188716313,train,High
11910,396,1,518.8,1,0.5228396293905361,train,High
11911,164,2,1087.9,1,0.5146191929214258,train,High
11912,498,1,335.15,1,0.5036255603231914,train,Medium
11913,298,1,236.05,1,0.4815649950868675,train,Low
11914,424,1,244.25,1,0.4873286161348622,train,Low
11915,193,4,1188.55,1,0.4821080802782779,train,Low
11916,154,3,826.5,1,0.4872188064858048,train,Low
11918,362,3,967.6,1,0.5153931304162231,test,High
11919,229,2,529.75,1,0.5167823555660689,train,High
11920,8,1,348.6,1,0.5067562978722833,train,Medium
11923,63,1,704.65,0,0.5076960163782294,test,Medium
11925,57,1,387.1,1,0.4815542572452661,train,Low
11926,491,1,398.65,1,0.5051063011969624,train,Medium
11927,369,1,558.65,1,0.5282489457094229,test,High
11928,519,1,368.65,1,0.53398740387626,train,High
11929,310,3,1277.2,1,0.5021359565775964,train,Medium
11930,248,2,846.2,0,0.4949619143167143,test,Medium
11931,61,3,1798.85,1,0.5082804135634968,train,Medium
11933,659,1,93.0,1,0.4769714076098883,test,Low
11934,601,1,561.75,1,0.5123799653181775,train,Medium
11935,21,2,621.7,1,0.498558550856033,train,Medium
11936,135,2,551.25,1,0.5100167990670391,train,Medium
11937,223,1,487.9,1,0.5079227226569893,train,Medium
11938,58,3,1394.65,1,0.4819348867926376,train,Low
11940,312,2,690.55,1,0.4985131047252903,train,Medium
11941,251,2,685.0999999999999,1,0.4926857528751238,train,Low
11942,357,1,524.25,0,0.5282489457094229,train,High
11943,501,1,163.9,1,0.4214920702749685,train,Low
11944,319,1,582.85,1,0.5252618159047981,train,High
11945,581,1,568.05,0,0.5418767827036598,train,High
11946,520,1,146.1,1,0.4900070439171154,train,Low
11947,8,1,418.5,0,0.5237985505582083,train,High
11948,126,3,1390.95,1,0.5106499197639368,train,Medium
11949,124,5,1970.3,1,0.5111733119345585,test,Medium
11950,206,1,487.9,0,0.4949619143167143,train,Medium
11951,8,2,676.7,1,0.5101077361079931,train,Medium
11952,540,1,458.5,1,0.5331495655109095,train,High
11953,276,2,559.7,1,0.4892559965380099,train,Low
11954,53,4,1524.35,1,0.5116709579324805,train,Medium
11955,207,2,905.8,1,0.4872188064858048,train,Low
11956,620,1,223.2,1,0.4858291518291973,test,Low
11957,118,4,1606.1,1,0.491331521949944,train,Low
11958,26,2,615.95,1,0.4834414216730265,train,Low
11959,104,1,92.45,0,0.4674461306974721,train,Low
11960,16,1,336.0,1,0.5105580216425321,train,Medium
11961,356,1,55.0,1,0.4397606418404748,train,Low
11962,492,3,1464.15,1,0.4873112373650051,test,Low
11963,275,3,1115.0,1,0.5061297965522044,train,Medium
11964,316,1,308.8,1,0.4844687015689934,train,Low
11965,449,3,1697.25,1,0.5389206800824485,train,High
11966,271,3,713.25,0,0.4750775152198006,train,Low
11968,51,4,1446.0,1,0.5167823555660689,train,High
11969,58,1,227.85,1,0.4801142532765611,train,Low
11970,57,2,743.5,0,0.5025599141296785,train,Medium
11971,528,1,292.95,1,0.5186352670496369,train,High
11972,255,5,2452.75,1,0.5028054431553983,train,Medium
11973,90,1,239.2,1,0.4748590949170256,train,Low
11974,357,1,337.75,1,0.5195946778455802,train,High
11975,230,4,1761.65,1,0.5113668308700489,train,Medium
11976,17,4,1354.65,1,0.5260139739235643,train,High
11977,279,2,735.15,1,0.5251265055782595,train,High
11979,69,5,1882.5,1,0.52862706231566,train,High
11980,63,2,646.3,1,0.4885735332553412,test,Low
11981,281,3,1132.4,1,0.5135250188716313,train,High
11982,385,3,1427.25,1,0.508993092122486,test,Medium
11983,100,1,544.2,1,0.5445064207382275,train,High
11985,265,1,358.7,1,0.48442770852243,train,Low
11986,8,2,854.1,1,0.5325380400220507,train,High
11987,78,4,1214.8,1,0.4868150750935341,test,Low
11988,58,2,1051.45,1,0.5483467954533564,test,High
11989,122,1,492.1,1,0.5079227226569893,train,Medium
11991,511,1,637.6,1,0.5102736205192602,test,Medium
11992,287,4,1433.6,1,0.4806059530728347,train,Low
11993,52,2,765.35,1,0.5034080134998717,train,Medium
11994,166,3,1300.05,1,0.5262034111564424,test,High
11995,438,1,408.05,1,0.4888959071205994,train,Low
11996,83,2,904.2,1,0.4671146445008591,test,Low
11998,487,1,460.0,1,0.4890730024105882,train,Low
11999,105,2,715.15,1,0.5166363674367175,train,High
