OrderID,RCity,OrderDate,Actual,Predicted,Residual
105643,Jaipur,2023-02-24,38.0,38.712079391561765,-0.7120793915617654
118092,Nagpur,2023-03-05,25.0,38.01655260496666,-13.016552604966662
114611,Kochi,2023-11-20,36.0,38.36032671027762,-2.360326710277618
110925,Mumbai,2023-09-26,25.0,37.167014953535954,-12.167014953535954
105619,Bengaluru,2024-06-30,26.0,38.39795354037229,-12.397953540372292
101403,Guwahati,2023-07-07,48.0,38.54567692292612,9.45432307707388
119478,Lucknow,2024-09-30,42.0,38.30257727711212,3.697422722887879
120423,Visakhapatnam,2024-08-09,35.0,37.31461453385199,-2.3146145338519872
103375,Nagpur,2024-01-06,41.0,38.28394535164334,2.716054648356661
115712,Ahmedabad,2023-05-03,48.0,37.94758263106751,10.052417368932488
106096,Visakhapatnam,2024-01-13,45.0,38.28928460105319,6.71071539894681
100719,Vadodara,2024-01-06,46.0,38.89492771417829,7.105072285821713
108219,Patna,2023-07-11,24.0,38.18927150248672,-14.18927150248672
119629,Chandigarh,2023-05-16,73.0,39.053022018015255,33.946977981984745
110694,Nashik,2024-04-05,23.0,37.97309341756131,-14.973093417561309
113682,Surat,2024-08-10,40.0,38.572172962291134,1.427827037708866
113477,Ludhiana,2023-01-31,37.0,38.00065348890433,-1.0006534889043266
107716,Mumbai,2024-12-09,37.0,38.177344471467926,-1.1773444714679258
113167,Nagpur,2024-12-12,29.0,38.66821605680133,-9.668216056801334
107675,Bengaluru,2024-02-25,52.0,38.09926645179927,13.900733548200732
116985,Vadodara,2023-12-29,34.0,38.46344606028932,-4.463446060289321
118048,Visakhapatnam,2024-03-01,30.0,38.04696791623385,-8.046967916233847
120434,Nagpur,2023-03-11,56.0,38.7991870233798,17.2008129766202
106465,Indore,2024-04-06,40.0,37.77067673258544,2.229323267414557
111393,Jaipur,2024-04-08,47.0,38.61383858134447,8.386161418655533
113543,Coimbatore,2024-12-14,48.0,38.94825244532141,9.051747554678592
120317,Coimbatore,2024-07-31,87.0,37.87521227806269,49.12478772193731
120260,Nagpur,2024-07-25,53.0,38.93151051877034,14.068489481229662
114865,Coimbatore,2024-06-11,36.0,38.13969220843283,-2.1396922084328267
101660,Nashik,2024-07-18,31.0,38.4005695297271,-7.4005695297271
116395,Nagpur,2023-09-10,71.0,38.161176866091736,32.838823133908264
110270,Pune,2023-02-01,57.0,38.474214288005086,18.525785711994917
110825,Bhubaneswar,2024-04-30,48.0,37.863092993864726,10.136907006135274
104505,Jaipur,2023-04-23,24.0,38.00095622450832,-14.000956224508316
105907,Vadodara,2024-11-22,41.0,38.48792616376416,2.5120738362358424
102381,Patna,2023-12-30,46.0,38.73622529955272,7.263774700447279
115689,Indore,2023-04-13,85.0,37.68973965572426,47.31026034427574
112026,Ahmedabad,2023-05-09,35.0,37.66893184385604,-2.6689318438560434
113983,Indore,2024-12-21,46.0,38.28995023792194,7.710049762078057
103531,Bengaluru,2023-11-21,29.0,38.19593241892174,-9.195932418921744
100573,Kochi,2023-07-31,44.0,38.58637113989112,5.413628860108879
101341,Surat,2023-11-12,40.0,38.38626391821855,1.6137360817814468
117904,Visakhapatnam,2023-09-16,57.0,38.10011608512011,18.899883914879887
119388,Indore,2023-11-12,77.0,38.42110751725694,38.57889248274306
119722,Jaipur,2024-10-26,37.0,38.13488368676837,-1.1348836867683687
111906,Patna,2024-08-24,22.0,38.53346142696044,-16.533461426960443
106417,Chennai,2024-09-23,41.0,38.2563504229863,2.7436495770136986
106151,Kolkata,2023-07-15,50.0,38.64443537769942,11.355564622300577
105231,Kolkata,2024-06-18,48.0,38.82321777865999,9.176782221340012
103550,Kochi,2024-04-07,30.0,38.74572152779324,-8.745721527793243
100649,Nagpur,2024-11-24,46.0,37.71330603252482,8.28669396747518
100092,Ludhiana,2023-01-23,30.0,37.9962812442658,-7.996281244265802
111007,Hyderabad,2024-04-10,43.0,38.07731117108185,4.922688828918147
109731,Mumbai,2023-10-26,60.0,38.06968034798793,21.930319652012063
103754,Guwahati,2024-11-14,22.0,38.87475111622288,-16.874751116222882
100986,Pune,2023-08-03,44.0,38.11930372809222,5.88069627190778
108937,Coimbatore,2024-01-18,40.0,38.82061878781587,1.1793812121841327
102035,Ahmedabad,2023-08-06,69.0,38.226777801040456,30.773222198959544
119471,Mumbai,2024-12-12,61.0,38.13673802721526,22.86326197278474
100248,Bengaluru,2023-03-29,39.0,38.61182612711834,0.3881738728816586
108318,Patna,2024-11-02,41.0,39.12294493602207,1.8770550639779275
108689,Raipur,2023-07-11,36.0,38.00876214118473,-2.0087621411847323
112889,Kochi,2023-09-19,28.0,38.39204725264673,-10.392047252646726
105761,Bengaluru,2024-08-22,27.0,38.00529793598319,-11.005297935983188
120275,Visakhapatnam,2024-12-25,60.0,39.03092854698067,20.96907145301933
108783,Raipur,2024-08-13,28.0,39.028692795153376,-11.028692795153376
109456,Hyderabad,2023-06-12,36.0,38.53918126069088,-2.5391812606908744
110554,Chennai,2023-03-30,29.0,38.0527126460194,-9.0527126460194
110640,Nagpur,2023-12-30,63.0,38.37838261548457,24.62161738451543
103321,Coimbatore,2023-12-23,10.0,37.68381367361912,-27.68381367361912
104540,Bengaluru,2023-07-19,23.0,37.622024171674205,-14.622024171674203
101813,Bhubaneswar,2023-06-05,37.0,37.19092512935917,-0.1909251293591722
116520,Ludhiana,2024-07-24,74.0,38.21125274863999,35.788747251360014
112881,Kolkata,2024-08-02,54.0,38.19600303642933,15.803996963570668
100706,Visakhapatnam,2023-12-05,43.0,38.31410404423534,4.685895955764657
111162,Guwahati,2024-12-02,80.0,37.66480431843901,42.33519568156099
114346,Surat,2024-04-23,17.0,38.91659237230293,-21.91659237230293
111477,Kochi,2023-10-26,68.0,37.57864887917173,30.42135112082827
119140,Kochi,2023-09-04,48.0,37.98672654196364,10.01327345803636
105642,Kolkata,2024-03-18,27.0,38.021151474298776,-11.021151474298776
115592,Bengaluru,2023-10-11,42.0,38.9103709995491,3.0896290004508984
105320,Pune,2024-12-18,26.0,38.45275738172988,-12.452757381729882
102247,Bhopal,2024-10-20,30.0,38.37157625841007,-8.371576258410073
113525,Chandigarh,2023-03-11,37.0,38.94265581049645,-1.942655810496447
116004,Indore,2024-04-23,78.0,38.338813064755406,39.661186935244594
116039,Guwahati,2023-11-14,39.0,38.33988477920447,0.6601152207955323
115118,Nashik,2023-02-27,33.0,38.27720283023969,-5.277202830239688
111627,Kochi,2023-08-25,48.0,38.44107296069812,9.558927039301883
117903,Lucknow,2023-04-11,57.0,37.93646949960736,19.06353050039264
108345,Chandigarh,2024-12-13,37.0,38.47810674284367,-1.4781067428436714
113410,Lucknow,2023-12-02,60.0,37.88596667975153,22.114033320248467
104231,Kolkata,2024-11-05,39.0,38.24364198381313,0.7563580161868728
103583,Coimbatore,2023-01-26,28.0,39.09678424350257,-11.096784243502569
117629,Jaipur,2024-04-12,27.0,38.08812551629912,-11.088125516299122
101590,Kolkata,2024-06-06,43.0,37.68363031584078,5.31636968415922
119632,Bengaluru,2024-08-10,47.0,38.37533490916585,8.62466509083415
117047,Guwahati,2023-03-19,26.0,38.440463781483466,-12.440463781483466
114370,Guwahati,2024-04-19,22.0,38.61991021941763,-16.619910219417633
102030,Kochi,2024-01-28,61.0,37.9751133936642,23.0248866063358
111768,Surat,2024-03-30,48.0,38.83282959072762,9.16717040927238
100861,Indore,2023-09-17,80.0,39.29152973963853,40.70847026036147
111587,Ahmedabad,2024-10-30,44.0,38.32154753809572,5.678452461904278
100491,Surat,2023-01-09,34.0,38.37260743614537,-4.372607436145373
104927,Ahmedabad,2023-01-16,39.0,37.51272821126246,1.4872717887375373
104004,Pune,2024-07-26,18.0,38.60194053490264,-20.60194053490264
105500,Pune,2023-08-12,31.0,38.95186762134598,-7.951867621345983
110961,Bengaluru,2024-10-27,44.0,38.2967685520431,5.703231447956902
102810,Chandigarh,2024-10-11,36.0,38.60451235016313,-2.6045123501631267
102441,Nagpur,2023-08-12,59.0,38.81648675883581,20.183513241164192
118161,Raipur,2023-02-22,29.0,37.42044293064325,-8.420442930643254
111892,Lucknow,2023-10-10,55.0,38.35023597009591,16.64976402990409
104886,Visakhapatnam,2024-12-04,43.0,38.34644903349992,4.653550966500077
117102,Lucknow,2023-10-03,59.0,37.62182835784711,21.378171642152893
118859,Hyderabad,2024-01-18,60.0,38.200107605475374,21.799892394524623
108210,Coimbatore,2023-11-11,36.0,39.294750061565,-3.294750061564997
105497,Chandigarh,2024-06-06,40.0,38.85887227950401,1.141127720495987
118133,Guwahati,2024-09-13,40.0,38.41727297695037,1.5827270230496282
106492,Kochi,2024-06-21,24.0,38.36271536817026,-14.362715368170264
101201,Patna,2023-11-07,60.0,38.375069076022974,21.624930923977026
118328,Raipur,2023-04-15,67.0,38.214877871919256,28.785122128080744
103089,Ludhiana,2024-07-08,29.0,37.87251710141332,-8.872517101413315
104473,Chennai,2024-08-30,45.0,38.44952414457399,6.550475855426015
104561,Chennai,2023-03-03,15.0,38.08148706926634,-23.081487069266338
104074,Surat,2023-06-17,30.0,38.687302869127215,-8.687302869127215
107483,Coimbatore,2023-07-26,73.0,37.82467404248745,35.17532595751255
100482,Chennai,2024-03-18,30.0,37.945009481515854,-7.945009481515854
103115,Patna,2023-09-04,31.0,39.05511850868401,-8.05511850868401
111991,Visakhapatnam,2023-08-16,34.0,38.256031859163855,-4.256031859163855
118880,Coimbatore,2024-06-14,28.0,38.88787535504847,-10.887875355048472
106946,Bhubaneswar,2023-11-11,41.0,38.62051636892063,2.379483631079367
110994,Nashik,2024-04-05,14.0,38.84651267111976,-24.84651267111976
116915,Bhopal,2023-01-30,23.0,38.60267090975021,-15.60267090975021
114525,Raipur,2023-08-31,48.0,38.05644025725085,9.943559742749152
115103,Mumbai,2024-01-22,55.0,37.52310338537204,17.47689661462796
113039,Vadodara,2023-03-13,44.0,38.50068538462684,5.499314615373159
120230,Bhubaneswar,2024-07-24,15.0,38.94866717727621,-23.948667177276214
103576,Guwahati,2024-03-03,52.0,38.45200579205242,13.547994207947582
118614,Patna,2023-12-05,28.0,37.94146498291955,-9.941464982919548
119535,Lucknow,2023-03-10,36.0,38.28148945913859,-2.281489459138591
116228,Visakhapatnam,2024-11-26,49.0,38.915070043089486,10.084929956910514
114195,Raipur,2023-10-20,25.0,38.83589708073078,-13.83589708073078
100634,Raipur,2024-07-06,40.0,38.21648387557638,1.7835161244236204
115842,Kolkata,2023-01-27,28.0,39.13308321379088,-11.133083213790876
102452,Chandigarh,2024-10-25,40.0,39.34923559620859,0.6507644037914133
105873,Jaipur,2023-07-01,28.0,37.707378927917055,-9.707378927917055
115164,Patna,2024-06-26,83.0,37.82629227388524,45.17370772611476
103048,Patna,2024-01-30,33.0,38.03683096375481,-5.036830963754809
107491,Bengaluru,2024-10-26,29.0,38.39749774017844,-9.397497740178435
101869,Bhubaneswar,2023-08-13,39.0,38.429970147640766,0.5700298523592338
114350,Surat,2024-03-08,30.0,39.368095280383,-9.368095280383002
118582,Visakhapatnam,2023-09-01,25.0,38.754742090356686,-13.754742090356686
105866,Mumbai,2024-06-07,27.0,38.03879756993082,-11.03879756993082
109130,Surat,2023-04-14,27.0,38.26945888580301,-11.269458885803012
103532,Pune,2024-09-03,13.0,38.52950343266617,-25.529503432666168
111663,Ludhiana,2024-06-03,71.0,38.47831796244342,32.52168203755658
109866,Coimbatore,2023-12-31,78.0,37.875477485189904,40.124522514810096
105746,Surat,2023-02-16,35.0,38.26066695114911,-3.260666951149112
114038,Delhi,2024-08-09,47.0,39.51928040813918,7.480719591860819
107896,Ludhiana,2023-04-07,81.0,38.52243582295377,42.47756417704623
110437,Mumbai,2024-10-16,37.0,39.64389887342135,-2.643898873421349
109406,Visakhapatnam,2024-02-27,51.0,37.92754321190056,13.072456788099435
105921,Jaipur,2023-01-22,17.0,37.90325466386462,-20.903254663864622
108106,Mumbai,2023-08-31,23.0,38.1745632636674,-15.174563263667402
110424,Ahmedabad,2024-08-10,52.0,39.36031027806987,12.639689721930132
101936,Chennai,2024-01-03,42.0,37.96364800654664,4.036351993453359
105622,Vadodara,2023-02-20,69.0,38.22166594177443,30.778334058225568
100146,Ahmedabad,2023-12-26,40.0,38.59776929266899,1.4022307073310074
103329,Chandigarh,2023-03-01,31.0,38.222906996373446,-7.222906996373446
101507,Hyderabad,2023-04-10,32.0,38.26536659747023,-6.265366597470226
105288,Kolkata,2023-04-04,31.0,37.87489055426566,-6.8748905542656615
107836,Chennai,2024-05-11,37.0,38.07819571177046,-1.078195711770462
104562,Nashik,2023-09-01,26.0,38.9852401683784,-12.985240168378404
104043,Bhubaneswar,2023-01-19,25.0,38.79666524114271,-13.796665241142712
114806,Ludhiana,2023-11-13,46.0,38.31735364535597,7.682646354644028
107355,Bhubaneswar,2023-01-28,36.0,37.99415786971527,-1.994157869715273
112414,Kochi,2023-08-30,66.0,39.234156354827896,26.765843645172104
111845,Visakhapatnam,2023-08-15,35.0,38.73946276608869,-3.739462766088693
114262,Bhopal,2023-09-16,19.0,37.70432192058575,-18.70432192058575
115546,Raipur,2024-10-25,41.0,38.27952411434672,2.720475885653279
116169,Bhopal,2024-06-20,22.0,38.70649721075242,-16.706497210752417
111301,Surat,2023-06-14,47.0,37.87177073437124,9.12822926562876
115594,Patna,2023-06-11,42.0,38.10402636238401,3.895973637615988
113714,Mumbai,2024-08-22,30.0,38.34687805160544,-8.346878051605437
103862,Surat,2024-05-14,21.0,38.68807467422732,-17.688074674227323
105424,Nagpur,2023-07-24,22.0,38.561357216399735,-16.561357216399735
120103,Surat,2023-12-10,31.0,38.69645334319041,-7.696453343190413
108421,Delhi,2023-06-12,20.0,38.74924431164792,-18.749244311647917
115271,Vadodara,2023-12-06,24.0,38.57836388070919,-14.57836388070919
105065,Hyderabad,2023-10-16,40.0,38.80440158668295,1.1955984133170503
111978,Vadodara,2023-04-11,38.0,38.1092403545366,-0.1092403545366025
103328,Indore,2023-11-16,27.0,38.114644301919455,-11.114644301919457
105508,Ludhiana,2024-09-04,41.0,37.8369732222677,3.1630267777322985
117699,Coimbatore,2024-05-26,43.0,38.26170070030449,4.738299299695512
100929,Surat,2023-06-29,27.0,37.72824717470469,-10.728247174704691
102189,Bengaluru,2024-10-26,76.0,38.64466982004512,37.35533017995488
118183,Guwahati,2024-01-25,35.0,38.72432000259131,-3.724320002591313
111491,Mumbai,2024-06-22,18.0,37.48751658935314,-19.48751658935314
114788,Delhi,2024-08-22,29.0,38.850228396241945,-9.850228396241944
111988,Chennai,2023-07-10,38.0,38.882386664084486,-0.8823866640844855
111191,Jaipur,2024-10-13,30.0,39.31355920591431,-9.31355920591431
116823,Kochi,2023-04-05,28.0,38.02117069761757,-10.02117069761757
114036,Chandigarh,2024-05-18,49.0,38.28347095048811,10.716529049511893
100955,Chennai,2023-01-27,27.0,37.31306608795765,-10.313066087957644
114899,Bhopal,2024-06-03,19.0,37.31038209208495,-18.31038209208495
107788,Bhubaneswar,2024-01-14,35.0,37.71888489316395,-2.7188848931639527
105241,Bhopal,2023-04-07,23.0,38.520292461108646,-15.520292461108646
108355,Hyderabad,2024-10-29,33.0,38.51860908672261,-5.518609086722613
107628,Surat,2024-09-16,38.0,37.72644672286479,0.273553277135214
103569,Hyderabad,2024-07-09,47.0,38.24191940209002,8.75808059790998
105403,Patna,2023-12-13,44.0,39.01880763220568,4.981192367794321
104298,Delhi,2023-02-15,54.0,37.87551454296816,16.124485457031838
100921,Bengaluru,2024-09-12,25.0,38.578908284131145,-13.578908284131144
118219,Surat,2024-06-14,14.0,38.04577611140184,-24.04577611140184
116274,Bengaluru,2024-06-04,30.0,38.96679992051084,-8.966799920510837
119667,Kolkata,2024-02-17,22.0,38.36127993741695,-16.361279937416953
115358,Mumbai,2023-09-13,38.0,38.246567704380006,-0.2465677043800056
113427,Pune,2023-05-08,41.0,38.92279096246424,2.0772090375357597
100263,Patna,2023-07-22,38.0,38.00484717533276,-0.0048471753327561
104422,Nagpur,2023-06-18,35.0,38.64834432570582,-3.648344325705821
108733,Patna,2024-02-28,34.0,38.2938588487573,-4.293858848757303
119778,Chandigarh,2024-05-28,50.0,38.22077052702453,11.779229472975466
113445,Ahmedabad,2023-07-26,49.0,39.18199557458389,9.818004425416106
100822,Raipur,2023-09-27,23.0,38.3485518134785,-15.3485518134785
105149,Ahmedabad,2023-09-02,33.0,38.94822911813692,-5.948229118136915
102438,Surat,2024-04-30,44.0,37.93036509894971,6.069634901050293
107601,Indore,2024-07-29,47.0,38.710801613192345,8.289198386807655
117848,Coimbatore,2024-07-28,39.0,39.09379128528124,-0.0937912852812417
111488,Mumbai,2023-08-31,21.0,37.846278211269606,-16.846278211269606
117349,Jaipur,2024-10-02,31.0,38.60465294604741,-7.604652946047409
112499,Kochi,2023-03-24,71.0,38.06893604429351,32.93106395570649
118461,Raipur,2024-02-22,56.0,38.78456680800964,17.215433191990364
105242,Pune,2023-02-02,29.0,37.72441864888161,-8.72441864888161
120047,Surat,2024-01-05,42.0,37.74498146451568,4.255018535484318
116674,Kolkata,2023-05-23,45.0,38.75398621819194,6.24601378180806
111122,Lucknow,2023-10-24,45.0,37.36661133837576,7.633388661624238
119589,Ludhiana,2024-03-28,31.0,37.51937258161849,-6.519372581618491
113845,Jaipur,2023-09-25,28.0,37.9267626199327,-9.926762619932704
110653,Hyderabad,2023-01-02,35.0,37.943984382133074,-2.943984382133074
108000,Coimbatore,2023-01-13,31.0,38.37110012671359,-7.371100126713586
115397,Guwahati,2024-11-18,35.0,38.70104813422874,-3.701048134228742
104531,Kolkata,2023-03-13,37.0,38.62509601973015,-1.625096019730151
118661,Ahmedabad,2023-10-06,28.0,38.69300013380351,-10.693000133803508
101436,Kolkata,2023-08-27,59.0,37.90241146074008,21.09758853925992
104361,Surat,2023-05-19,76.0,37.58529712912329,38.41470287087671
113738,Nashik,2023-04-16,37.0,38.484493882576814,-1.484493882576814
107584,Nagpur,2023-03-16,28.0,38.08906475854121,-10.089064758541213
107638,Bhopal,2023-05-14,28.0,37.81984571145552,-9.819845711455514
104771,Visakhapatnam,2023-08-20,41.0,38.28943139787226,2.7105686021277364
114022,Bhopal,2023-11-11,72.0,38.2550425607982,33.744957439201805
103110,Surat,2024-04-15,31.0,38.58230887156372,-7.582308871563718
117737,Coimbatore,2024-10-14,48.0,38.32983442749382,9.670165572506178
109469,Pune,2024-02-25,23.0,37.694206396834105,-14.694206396834105
104736,Raipur,2023-09-13,29.0,38.35642345166096,-9.35642345166096
118440,Delhi,2024-03-12,54.0,38.3132758736172,15.686724126382806
100013,Kolkata,2023-08-30,61.0,37.89531222761182,23.104687772388186
110563,Nashik,2023-12-07,34.0,38.154678023279416,-4.154678023279416
119960,Bengaluru,2023-09-29,36.0,38.16848251469055,-2.1684825146905453
105554,Pune,2023-07-10,22.0,37.7161108700379,-15.716110870037902
105276,Surat,2023-12-19,32.0,39.01042138192637,-7.0104213819263705
112394,Raipur,2023-11-10,46.0,37.53229129053504,8.467708709464965
114648,Indore,2024-01-14,24.0,38.52802586327096,-14.528025863270962
111032,Mumbai,2024-07-28,27.0,38.36628908346037,-11.366289083460371
111652,Ahmedabad,2023-03-31,22.0,38.365703222161066,-16.365703222161066
106815,Bhopal,2024-07-30,37.0,38.16047578274871,-1.160475782748712
119987,Chennai,2024-08-05,43.0,37.92722603329814,5.07277396670186
112822,Mumbai,2024-11-21,60.0,38.127450773117886,21.872549226882114
114112,Patna,2023-10-13,89.0,39.2085455813769,49.7914544186231
103253,Nashik,2024-03-15,30.0,37.94099066778043,-7.940990667780433
107328,Bhubaneswar,2023-08-18,33.0,38.1257793702558,-5.125779370255799
104590,Hyderabad,2024-11-16,44.0,38.08879439718079,5.911205602819209
115619,Kochi,2023-11-10,50.0,38.26146111540741,11.738538884592586
115261,Visakhapatnam,2023-09-09,25.0,37.689803620979546,-12.689803620979546
112621,Raipur,2024-03-08,51.0,38.66957349820894,12.33042650179106
112974,Lucknow,2024-03-15,28.0,38.20577310096799,-10.205773100967988
105250,Kolkata,2024-09-12,19.0,37.44456895574056,-18.444568955740564
118329,Kolkata,2024-10-29,24.0,38.304013391571765,-14.304013391571765
106169,Raipur,2024-07-12,38.0,37.601421800561646,0.3985781994383544
114289,Raipur,2024-05-18,25.0,38.01391251946732,-13.013912519467318
113142,Kolkata,2024-02-24,38.0,38.2625937359122,-0.2625937359121977
116055,Lucknow,2024-02-14,20.0,38.3487233560094,-18.3487233560094
110871,Bhubaneswar,2023-09-06,51.0,39.12636541320751,11.873634586792493
111876,Kolkata,2024-02-26,36.0,38.409218422014845,-2.4092184220148454
104698,Visakhapatnam,2023-06-29,33.0,38.099439503155736,-5.099439503155736
110261,Chennai,2024-07-19,40.0,38.46086628479332,1.539133715206681
101649,Delhi,2023-04-14,45.0,38.36190892782513,6.638091072174873
101848,Bengaluru,2023-09-13,63.0,38.5803005229568,24.419699477043203
118806,Mumbai,2024-08-16,49.0,38.30877519039658,10.69122480960342
108805,Guwahati,2023-03-03,36.0,37.78097187413339,-1.7809718741333924
109722,Raipur,2024-12-26,77.0,37.98468948057225,39.01531051942775
118879,Bhopal,2024-06-21,29.0,37.92648400673816,-8.926484006738157
111529,Hyderabad,2023-05-04,73.0,37.65059259797894,35.34940740202106
116461,Kochi,2023-03-18,85.0,37.99662691705296,47.00337308294704
101127,Ahmedabad,2023-10-18,26.0,38.22919870786812,-12.229198707868116
112907,Pune,2024-03-15,25.0,37.800080792606,-12.800080792605996
103537,Visakhapatnam,2023-04-05,23.0,38.09004965063654,-15.090049650636535
104638,Raipur,2023-11-03,41.0,37.96020425250703,3.039795747492967
111618,Bengaluru,2023-10-22,35.0,38.247544616719104,-3.247544616719104
116100,Coimbatore,2023-01-04,66.0,38.34100435024008,27.65899564975992
110487,Bhopal,2024-02-10,41.0,38.633710763968246,2.3662892360317542
101888,Mumbai,2023-04-11,22.0,38.5530225573335,-16.5530225573335
114193,Bengaluru,2023-03-07,32.0,37.371526574625285,-5.371526574625285
107261,Kochi,2023-01-13,38.0,37.920859837175165,0.0791401628248351
116035,Bhopal,2024-06-09,64.0,37.75324542637755,26.246754573622447
118045,Mumbai,2024-03-11,39.0,38.080726796967504,0.9192732030324962
106062,Bengaluru,2024-09-12,45.0,38.09698864632098,6.90301135367902
113279,Vadodara,2024-01-12,62.0,38.47587913246373,23.52412086753627
109173,Lucknow,2024-08-25,74.0,38.20114681396033,35.79885318603967
106744,Indore,2023-07-13,24.0,38.75131808899356,-14.751318088993555
112784,Bhubaneswar,2023-12-19,32.0,37.69613068560571,-5.696130685605709
112531,Vadodara,2023-09-12,17.0,37.50778909854767,-20.50778909854767
115515,Bhubaneswar,2024-12-16,27.0,39.10243887941704,-12.102438879417036
109988,Ahmedabad,2023-05-05,34.0,38.42469260243698,-4.424692602436977
100560,Vadodara,2024-09-29,37.0,37.6870630826594,-0.6870630826593995
106370,Ludhiana,2023-03-11,76.0,37.97817660897415,38.021823391025855
110520,Lucknow,2024-09-11,30.0,38.35563922030845,-8.355639220308454
114485,Patna,2023-03-09,41.0,38.848434455228464,2.151565544771536
107698,Nagpur,2023-04-30,36.0,38.68834249907513,-2.6883424990751266
104443,Patna,2024-03-02,44.0,38.853577091840606,5.146422908159394
110137,Delhi,2024-11-07,45.0,39.00426996796461,5.9957300320353895
115049,Chennai,2024-05-06,34.0,38.70396394030571,-4.703963940305712
110895,Kolkata,2023-03-17,32.0,38.311573843264576,-6.311573843264576
103330,Guwahati,2023-10-08,51.0,38.164512712462376,12.835487287537624
118501,Delhi,2024-07-12,25.0,38.78233929608223,-13.782339296082228
106573,Coimbatore,2024-05-25,55.0,37.60869209082268,17.39130790917732
109715,Guwahati,2024-01-29,34.0,37.62693948497176,-3.626939484971764
105636,Kochi,2024-11-14,32.0,38.10240878169908,-6.102408781699076
118657,Nashik,2024-10-12,35.0,37.64780623235119,-2.6478062323511864
116590,Patna,2023-05-21,35.0,38.185633828416215,-3.185633828416215
118486,Kochi,2024-11-07,32.0,38.31621726921696,-6.316217269216956
106067,Pune,2024-12-31,24.0,37.66503264891016,-13.665032648910156
100388,Nagpur,2024-03-22,34.0,38.23204255079544,-4.232042550795441
115183,Bengaluru,2024-05-03,18.0,38.13875403471703,-20.13875403471703
117862,Chandigarh,2024-03-31,37.0,38.87819368011411,-1.8781936801141088
106276,Jaipur,2023-04-02,31.0,38.3437058570645,-7.343705857064499
105922,Coimbatore,2023-08-10,67.0,38.09435649842313,28.90564350157687
116357,Hyderabad,2024-04-17,77.0,38.13283360981889,38.86716639018111
112184,Chandigarh,2024-08-15,27.0,39.15316192890089,-12.153161928900891
114517,Guwahati,2023-10-08,57.0,37.55547095876843,19.44452904123157
106146,Delhi,2023-04-15,37.0,37.99102653793433,-0.9910265379343316
117081,Bhopal,2024-04-29,22.0,38.23405387030562,-16.234053870305623
120285,Bhopal,2024-03-10,18.0,37.76358628855726,-19.763586288557264
117333,Pune,2024-11-25,39.0,37.88167694892702,1.1183230510729771
105021,Chandigarh,2023-02-22,71.0,38.77023385467903,32.22976614532097
114062,Mumbai,2023-03-31,21.0,38.178472349687375,-17.178472349687375
109202,Mumbai,2023-12-17,41.0,37.93417677029208,3.0658232297079167
116116,Patna,2024-02-21,39.0,38.14380363968882,0.8561963603111806
100103,Bhubaneswar,2024-02-08,31.0,38.93615774150354,-7.936157741503543
111062,Vadodara,2023-03-05,32.0,39.02174146183778,-7.021741461837777
115411,Bengaluru,2023-01-12,41.0,37.76215591570238,3.2378440842976204
114834,Delhi,2023-02-01,24.0,38.13706998704158,-14.137069987041578
120129,Bhubaneswar,2023-06-24,30.0,37.47868888653512,-7.478688886535124
107616,Hyderabad,2023-12-10,46.0,38.67769841080845,7.322301589191547
114949,Bhubaneswar,2024-03-19,33.0,37.81466585574126,-4.814665855741261
105827,Vadodara,2024-03-02,35.0,38.12920632972524,-3.1292063297252355
100714,Kochi,2023-01-10,36.0,38.23452139929696,-2.234521399296959
111570,Visakhapatnam,2023-05-09,37.0,38.26379305476728,-1.2637930547672769
111924,Kolkata,2024-12-12,29.0,37.8945648830868,-8.894564883086801
114746,Bengaluru,2023-03-27,42.0,38.43398129932134,3.566018700678661
109361,Chandigarh,2023-05-19,41.0,38.31180400986047,2.6881959901395334
119576,Mumbai,2023-12-19,34.0,38.10825205485648,-4.108252054856479
119651,Delhi,2024-01-25,29.0,38.347141362362926,-9.347141362362926
106163,Pune,2024-03-08,43.0,39.00283163160945,3.997168368390547
107830,Ludhiana,2024-01-30,51.0,38.530510526933725,12.469489473066275
106010,Delhi,2023-09-01,44.0,38.29218787255887,5.70781212744113
119014,Raipur,2024-11-02,39.0,38.68992935778106,0.310070642218939
102979,Bengaluru,2023-04-07,65.0,38.59011179459881,26.409888205401188
117163,Hyderabad,2023-07-05,40.0,37.838367472927885,2.161632527072115
116321,Jaipur,2023-02-02,38.0,38.23037680276589,-0.230376802765889
101271,Nagpur,2023-09-07,53.0,38.32770843970548,14.672291560294518
119815,Kochi,2023-06-10,26.0,37.39615071437049,-11.396150714370492
109786,Lucknow,2024-01-22,28.0,38.11079536618082,-10.110795366180824
107357,Kochi,2023-08-02,29.0,38.89898679066263,-9.898986790662626
103798,Hyderabad,2023-01-05,13.0,39.012547772121074,-26.012547772121074
105439,Ludhiana,2023-10-31,27.0,37.5704353824833,-10.570435382483303
105776,Guwahati,2023-07-18,33.0,37.93126403407728,-4.93126403407728
119882,Pune,2023-04-10,36.0,39.127977659906165,-3.127977659906165
108690,Visakhapatnam,2024-02-25,42.0,37.28678959317678,4.713210406823222
105229,Mumbai,2024-06-15,79.0,38.50054840230994,40.49945159769006
116522,Nashik,2023-01-29,39.0,38.27434393605374,0.7256560639462606
120083,Bhopal,2023-04-04,44.0,38.4302765079765,5.569723492023499
117153,Indore,2023-05-17,44.0,37.85596853006498,6.144031469935023
106382,Bhubaneswar,2023-09-27,8.0,37.7081815089788,-29.7081815089788
111813,Bhopal,2024-01-27,30.0,38.77702091787384,-8.777020917873834
101505,Raipur,2023-03-15,31.0,39.2946600799643,-8.294660079964302
116940,Delhi,2024-08-07,34.0,38.46810363757551,-4.46810363757551
101163,Kochi,2024-06-11,69.0,39.17403808756252,29.825961912437485
105444,Surat,2023-01-02,29.0,38.28767930019804,-9.287679300198045
118579,Raipur,2023-06-15,75.0,38.699097385644826,36.30090261435517
118479,Chennai,2023-11-08,39.0,37.690191158247,1.3098088417530036
118376,Bhopal,2023-09-17,47.0,38.28473064812834,8.715269351871662
102687,Ahmedabad,2023-10-08,43.0,38.08902411206665,4.910975887933347
119831,Indore,2023-04-14,31.0,38.73788528608202,-7.737885286082019
114957,Mumbai,2023-11-19,40.0,38.494369898573474,1.505630101426526
110690,Jaipur,2024-03-05,37.0,38.3979305628595,-1.3979305628595
102628,Ludhiana,2023-06-20,20.0,38.48734339146952,-18.48734339146952
120186,Indore,2024-12-04,39.0,37.94741573983804,1.0525842601619644
109712,Ludhiana,2023-08-15,21.0,38.05813531732436,-17.058135317324357
107033,Visakhapatnam,2024-10-02,27.0,38.68124625252582,-11.681246252525815
102729,Mumbai,2023-02-10,37.0,38.01627334262743,-1.0162733426274286
114528,Patna,2023-04-28,47.0,38.8625935391422,8.137406460857804
114928,Pune,2024-04-27,50.0,38.65587068150153,11.344129318498467
102569,Bhopal,2023-06-26,39.0,38.61509410122338,0.3849058987766156
101167,Visakhapatnam,2024-02-26,69.0,37.81078827602917,31.18921172397083
110422,Ludhiana,2023-05-17,54.0,38.25341306313223,15.746586936867772
100141,Indore,2023-11-19,41.0,37.72684465667201,3.2731553433279927
110643,Vadodara,2024-03-27,21.0,37.32718918753975,-16.32718918753975
108189,Lucknow,2023-04-11,32.0,38.25463054360831,-6.254630543608307
106341,Indore,2024-03-19,36.0,38.18390925659749,-2.183909256597488
102223,Pune,2024-12-10,43.0,39.32437646393818,3.675623536061821
108302,Bhubaneswar,2023-12-23,34.0,38.003076069879135,-4.003076069879136
117990,Raipur,2024-03-01,29.0,38.77855041179679,-9.778550411796786
109272,Chennai,2024-08-18,26.0,38.5583788998659,-12.5583788998659
115905,Coimbatore,2023-09-22,59.0,38.31388556896348,20.68611443103652
109510,Lucknow,2023-05-21,53.0,38.27076693719672,14.72923306280328
109126,Chandigarh,2023-06-02,16.0,38.17267888358136,-22.172678883581355
100613,Nashik,2023-06-05,60.0,38.50571810893189,21.494281891068116
102652,Kolkata,2023-07-16,28.0,38.74328226499484,-10.74328226499484
119710,Mumbai,2023-07-07,28.0,38.75320547603042,-10.753205476030423
118317,Raipur,2023-12-28,24.0,37.335932736984994,-13.335932736984994
118038,Visakhapatnam,2023-10-14,28.0,37.9294317122684,-9.929431712268396
111687,Vadodara,2023-03-30,42.0,39.24633301416648,2.753666985833526
111139,Ludhiana,2023-07-19,36.0,37.42161407013084,-1.4216140701308362
112432,Chandigarh,2023-10-02,25.0,37.69028418629496,-12.69028418629496
117353,Hyderabad,2024-06-03,16.0,38.80386865888578,-22.803868658885783
106763,Coimbatore,2023-05-08,16.0,37.97066472203606,-21.970664722036062
107117,Surat,2023-12-08,57.0,38.17229034071352,18.82770965928648
120395,Bhubaneswar,2023-10-13,22.0,38.865188213329965,-16.865188213329965
100774,Visakhapatnam,2023-11-19,34.0,37.96474659263949,-3.964746592639493
105344,Surat,2024-04-16,40.0,38.0154121123907,1.984587887609301
110512,Delhi,2024-03-16,24.0,37.63579685311319,-13.635796853113185
101621,Chennai,2024-03-26,46.0,38.32292555225735,7.677074447742648
113647,Ahmedabad,2023-10-23,31.0,37.87401763640967,-6.874017636409668
111673,Guwahati,2024-12-27,52.0,38.91882676540824,13.08117323459176
117805,Jaipur,2024-07-03,36.0,38.76111738804424,-2.761117388044241
112780,Raipur,2023-06-17,20.0,37.32383874563219,-17.323838745632187
108013,Indore,2023-06-28,23.0,38.08670992603234,-15.08670992603234
119840,Raipur,2023-08-29,46.0,38.8927563853112,7.107243614688805
101759,Pune,2023-09-25,30.0,38.4422833894477,-8.442283389447702
109110,Vadodara,2023-08-17,34.0,38.36652322513547,-4.366523225135467
106022,Visakhapatnam,2024-03-19,42.0,38.4479359064325,3.552064093567502
100325,Mumbai,2023-10-04,44.0,38.096584589716976,5.903415410283024
107532,Bhubaneswar,2024-07-04,39.0,37.76761782596587,1.2323821740341288
102541,Chennai,2023-01-03,35.0,38.24746113925889,-3.2474611392588884
108924,Indore,2024-09-04,46.0,38.31595157655054,7.684048423449461
119291,Delhi,2024-09-08,37.0,37.83419789471415,-0.8341978947141513
109928,Guwahati,2023-04-23,45.0,37.76054095465937,7.239459045340631
110732,Chennai,2023-04-21,22.0,38.351062042614,-16.351062042613997
105158,Nashik,2023-10-10,57.0,39.22903122067791,17.77096877932209
109905,Raipur,2024-10-21,38.0,38.01034810758656,-0.0103481075865587
108491,Bhopal,2024-06-14,61.0,39.1529147276917,21.8470852723083
103112,Nagpur,2023-05-02,36.0,38.27584422117217,-2.2758442211721714
119709,Surat,2023-01-21,33.0,37.89365831777787,-4.89365831777787
102300,Ahmedabad,2023-07-20,20.0,39.16800361828384,-19.16800361828384
117237,Vadodara,2023-05-09,58.0,38.28220659392738,19.717793406072623
113164,Ludhiana,2023-12-27,29.0,38.6029158355886,-9.602915835588597
120221,Kolkata,2023-07-30,29.0,37.99690791502944,-8.996907915029439
117374,Lucknow,2023-05-17,47.0,38.04933953738964,8.950660462610365
116189,Delhi,2024-08-28,68.0,37.93327075101208,30.06672924898792
102261,Nashik,2023-02-08,32.0,38.28237648901176,-6.28237648901176
106305,Coimbatore,2023-11-22,28.0,38.3270289250772,-10.327028925077194
103655,Kolkata,2023-07-30,49.0,38.43062809099798,10.569371909002022
116539,Kolkata,2023-06-03,61.0,38.83623539213573,22.163764607864277
113123,Bhopal,2023-06-12,22.0,38.16072745264497,-16.16072745264497
106202,Patna,2023-01-04,29.0,38.33375626764255,-9.33375626764255
104850,Ahmedabad,2024-07-02,36.0,38.25570619218533,-2.255706192185329
105549,Lucknow,2024-03-11,23.0,38.66387546998192,-15.663875469981916
101887,Kolkata,2023-10-08,41.0,37.53030446796832,3.469695532031686
114134,Nashik,2023-07-29,37.0,37.76729927173467,-0.7672992717346716
111275,Kolkata,2023-04-03,79.0,38.88805809363407,40.111941906365935
113686,Mumbai,2024-12-31,49.0,38.406945966157984,10.593054033842016
105359,Visakhapatnam,2023-03-01,42.0,38.50209745197404,3.4979025480259622
107306,Bengaluru,2024-03-14,37.0,38.2721092054379,-1.2721092054379
105417,Nagpur,2024-07-01,50.0,37.86262912232766,12.13737087767234
103508,Chandigarh,2024-02-15,33.0,39.62032639629424,-6.620326396294239
119703,Visakhapatnam,2024-07-28,74.0,37.93317488397239,36.06682511602761
110635,Ahmedabad,2024-03-11,40.0,40.065522059049336,-0.0655220590493357
102714,Nashik,2024-04-17,21.0,37.6910438107211,-16.691043810721098
110525,Raipur,2024-07-31,27.0,37.57764093939655,-10.577640939396543
110025,Pune,2024-05-31,54.0,38.96138735616968,15.03861264383032
106728,Chandigarh,2024-06-02,19.0,38.47180209156249,-19.471802091562488
112973,Hyderabad,2024-07-22,38.0,38.934410966390274,-0.9344109663902742
100849,Raipur,2023-11-01,53.0,39.132044404677,13.867955595322996
112816,Surat,2024-10-30,16.0,38.14969032028778,-22.14969032028778
102097,Kochi,2023-02-03,21.0,37.9000497032838,-16.9000497032838
110898,Ahmedabad,2023-09-16,41.0,37.968198738913,3.031801261087004
102078,Guwahati,2023-04-29,59.0,38.75435440707568,20.24564559292432
102219,Bhubaneswar,2023-04-05,23.0,38.879094607188975,-15.879094607188977
107506,Raipur,2023-03-04,60.0,38.353843876816725,21.646156123183275
105496,Jaipur,2023-12-30,47.0,38.26913614298677,8.730863857013233
104293,Chennai,2023-11-15,28.0,38.422550443297744,-10.422550443297744
114640,Surat,2023-11-11,36.0,38.11751089875119,-2.117510898751185
118347,Kolkata,2024-06-28,20.0,39.47672608388111,-19.47672608388111
106940,Mumbai,2023-06-10,20.0,39.03528605139255,-19.035286051392543
120229,Pune,2023-06-18,45.0,38.0632318764149,6.936768123585097
108353,Jaipur,2023-03-09,22.0,38.54765176440455,-16.54765176440455
109294,Hyderabad,2024-01-02,28.0,38.26679283906842,-10.266792839068422
119164,Chennai,2023-08-02,44.0,39.853696148061296,4.146303851938704
112487,Lucknow,2023-02-26,55.0,38.04081462315989,16.95918537684011
114722,Raipur,2023-01-24,27.0,38.75808664075444,-11.758086640754437
113544,Nagpur,2023-06-30,39.0,37.81639199764189,1.183608002358106
107407,Nagpur,2024-11-04,14.0,38.53176023271437,-24.53176023271437
103012,Chandigarh,2023-10-28,65.0,38.06901626226436,26.930983737735644
111298,Bhubaneswar,2023-04-01,28.0,38.52580890752106,-10.52580890752106
116128,Vadodara,2024-09-30,31.0,38.73451661568439,-7.734516615684392
116275,Bhopal,2024-08-03,29.0,38.37873524858657,-9.378735248586572
116717,Surat,2024-08-16,50.0,38.27877464002585,11.721225359974149
107225,Guwahati,2023-09-07,36.0,38.25888328560546,-2.2588832856054566
100159,Bhubaneswar,2023-04-24,27.0,38.12462205022659,-11.124622050226591
118388,Nashik,2024-01-27,34.0,39.03773876675207,-5.037738766752071
117654,Nashik,2024-12-25,58.0,38.55068098404536,19.44931901595464
111890,Jaipur,2024-10-21,59.0,38.58558436390568,20.41441563609432
108233,Delhi,2024-01-24,30.0,38.004411426305225,-8.004411426305225
114522,Surat,2023-12-09,28.0,38.15972771072066,-10.15972771072066
104414,Patna,2024-03-18,46.0,38.17005643820013,7.829943561799872
109727,Pune,2024-03-16,33.0,37.928284428841735,-4.928284428841735
113006,Delhi,2023-02-02,46.0,37.319907937084245,8.680092062915755
100051,Chennai,2023-09-05,14.0,38.60954688926253,-24.60954688926253
115489,Pune,2024-08-01,30.0,37.54255231386555,-7.542552313865549
116281,Lucknow,2024-11-12,48.0,39.044246806696194,8.955753193303806
100072,Chandigarh,2024-02-06,37.0,38.210518916261485,-1.210518916261485
112066,Kochi,2023-07-18,26.0,38.6350629192025,-12.635062919202504
106910,Indore,2024-10-26,27.0,38.2221559023882,-11.222155902388195
110514,Pune,2023-02-17,41.0,37.94528713798588,3.054712862014121
108697,Nagpur,2023-06-23,15.0,38.43112010999735,-23.43112010999735
106266,Bengaluru,2024-11-07,24.0,38.32520788094666,-14.325207880946657
106301,Chandigarh,2024-01-12,28.0,38.14725307316962,-10.147253073169622
103535,Bhopal,2024-09-17,16.0,38.428988865711794,-22.428988865711798
113530,Nashik,2023-05-11,43.0,38.11983474019901,4.8801652598009895
102010,Visakhapatnam,2023-10-29,59.0,38.454489593708175,20.545510406291825
120314,Chandigarh,2024-09-05,40.0,37.7642156009368,2.235784399063199
103831,Kochi,2024-08-26,43.0,38.41840935980691,4.581590640193092
113662,Patna,2024-09-05,14.0,38.67249661700532,-24.67249661700532
114302,Nashik,2024-06-30,18.0,38.22621343359455,-20.226213433594552
102685,Patna,2023-08-28,36.0,38.4364722931429,-2.4364722931428986
117793,Nashik,2024-07-12,31.0,38.45375439645785,-7.453754396457853
114657,Mumbai,2023-07-14,71.0,38.514114027019545,32.485885972980455
103786,Chandigarh,2024-04-02,34.0,37.52098988270995,-3.520989882709948
116642,Mumbai,2024-04-23,39.0,38.89674817185252,0.1032518281474779
118145,Surat,2023-04-09,42.0,38.21732516726117,3.7826748327388273
106954,Chandigarh,2024-10-14,43.0,36.93550277431049,6.064497225689507
101568,Guwahati,2023-06-03,27.0,38.0847118072786,-11.084711807278602
110574,Mumbai,2023-12-21,28.0,38.15921667039643,-10.159216670396432
119307,Surat,2024-11-20,37.0,37.33902146890832,-0.3390214689083208
102590,Vadodara,2023-11-26,11.0,37.49551879045339,-26.49551879045339
113032,Coimbatore,2024-07-26,36.0,38.03372196363238,-2.033721963632381
111260,Bhubaneswar,2023-09-06,37.0,37.97512643869177,-0.9751264386917669
103387,Pune,2024-09-26,15.0,38.37503192527634,-23.37503192527634
100857,Raipur,2023-04-23,43.0,38.181465339377965,4.818534660622035
115485,Visakhapatnam,2024-11-19,81.0,39.03546914913142,41.96453085086858
114444,Lucknow,2024-12-20,34.0,38.6180121500564,-4.618012150056394
113424,Surat,2024-05-05,42.0,38.730667962188114,3.269332037811885
113020,Chennai,2023-11-27,31.0,37.93208846579916,-6.932088465799161
114451,Delhi,2023-06-23,42.0,38.38445642111438,3.615543578885621
118231,Kochi,2024-11-02,71.0,37.96595036664501,33.034049633355
102536,Ahmedabad,2023-09-14,25.0,37.49296451432028,-12.492964514320278
113430,Kochi,2023-10-07,51.0,38.55925095770861,12.440749042291388
102447,Chennai,2023-09-16,47.0,38.24724565768861,8.752754342311391
114152,Patna,2024-02-04,69.0,38.70642852301175,30.293571476988248
119415,Visakhapatnam,2023-04-13,27.0,38.29627861169517,-11.296278611695172
119340,Nashik,2024-10-02,34.0,37.85953832286612,-3.859538322866115
119234,Chandigarh,2024-04-11,21.0,38.86866646250183,-17.868666462501828
107884,Delhi,2024-05-18,39.0,38.59788739233873,0.4021126076612731
107956,Guwahati,2023-04-08,42.0,38.304233157108825,3.6957668428911754
105210,Bengaluru,2024-03-25,25.0,38.83677592520654,-13.836775925206538
107502,Bhopal,2024-10-07,35.0,37.90643069855744,-2.9064306985574437
114659,Mumbai,2023-10-19,34.0,38.18114627795148,-4.181146277951477
109919,Chandigarh,2024-11-14,25.0,38.89643891178957,-13.896438911789572
118298,Guwahati,2024-01-03,30.0,38.18345036030305,-8.183450360303048
118493,Ludhiana,2024-05-12,28.0,38.19350285124438,-10.193502851244382
116929,Raipur,2023-08-16,23.0,40.016006204922846,-17.016006204922846
106107,Pune,2024-01-26,41.0,38.397290064436696,2.602709935563304
100604,Vadodara,2023-01-21,27.0,38.2960495786829,-11.296049578682904
118303,Chandigarh,2023-06-15,75.0,38.79638814725927,36.203611852740735
115648,Delhi,2024-08-07,25.0,38.19047359374512,-13.190473593745118
104600,Ahmedabad,2024-09-05,27.0,38.02369104953198,-11.023691049531983
116882,Mumbai,2023-01-19,67.0,37.97920904975062,29.020790950249378
111194,Bhubaneswar,2023-11-02,25.0,37.875361235195314,-12.875361235195314
103308,Hyderabad,2024-07-21,70.0,37.685080407376766,32.314919592623234
118933,Visakhapatnam,2024-09-11,55.0,39.00570165547957,15.99429834452043
112022,Kolkata,2024-04-26,44.0,38.0049106053828,5.995089394617203
106049,Lucknow,2023-03-11,56.0,38.922414991682366,17.077585008317634
111031,Ludhiana,2024-12-29,49.0,38.365198117442254,10.634801882557746
116744,Lucknow,2023-12-03,70.0,37.563019399722776,32.436980600277224
118068,Vadodara,2024-12-28,43.0,37.96763686121773,5.032363138782266
109655,Raipur,2023-12-09,28.0,38.33490603120476,-10.33490603120476
105700,Nashik,2023-03-18,49.0,38.20439451858383,10.795605481416176
108532,Patna,2023-06-15,59.0,38.66780343020808,20.33219656979192
113422,Jaipur,2023-11-21,67.0,38.50473070977053,28.495269290229476
106790,Hyderabad,2023-09-30,29.0,37.65441158607083,-8.654411586070829
106850,Pune,2023-04-25,22.0,38.35757162559675,-16.357571625596748
117899,Ahmedabad,2024-11-12,22.0,39.20484196959863,-17.204841969598633
113783,Lucknow,2024-01-18,11.0,37.18551984479784,-26.18551984479784
100462,Kolkata,2024-09-24,30.0,38.58566765167527,-8.585667651675266
110241,Delhi,2023-03-30,43.0,37.9613962231222,5.0386037768778
105670,Pune,2024-10-13,36.0,38.22075318562169,-2.220753185621689
112552,Surat,2024-08-25,39.0,38.46612085145058,0.533879148549417
116920,Indore,2023-12-20,33.0,38.42856315643174,-5.428563156431743
110952,Chennai,2023-07-05,43.0,38.765510812129975,4.234489187870025
113486,Ahmedabad,2024-01-04,27.0,38.55192406753567,-11.551924067535673
107179,Vadodara,2023-01-30,27.0,37.99688574718307,-10.996885747183072
114460,Visakhapatnam,2024-11-11,38.0,38.215773061351605,-0.2157730613516051
118985,Jaipur,2024-01-21,44.0,38.595908849738045,5.404091150261955
104395,Pune,2024-12-24,74.0,37.54249841505063,36.45750158494937
113506,Visakhapatnam,2023-09-25,27.0,38.13876355862882,-11.138763558628815
117171,Guwahati,2023-01-01,38.0,38.76206788126272,-0.7620678812627233
116638,Raipur,2023-07-02,35.0,38.10603655163131,-3.1060365516313126
114003,Kolkata,2024-02-06,38.0,38.54055430245828,-0.5405543024582826
104092,Jaipur,2024-09-02,49.0,38.293399722133465,10.706600277866537
116003,Lucknow,2024-03-31,8.0,38.50477163213529,-30.504771632135288
109027,Vadodara,2023-11-02,39.0,38.44246305571998,0.5575369442800167
107518,Coimbatore,2023-09-16,72.0,39.175502550539264,32.824497449460736
114637,Lucknow,2023-04-18,38.0,37.82521350327646,0.1747864967235415
116426,Visakhapatnam,2023-03-31,37.0,38.30752707568148,-1.3075270756814774
114965,Chennai,2023-08-21,45.0,39.22735404384032,5.7726459561596855
115614,Hyderabad,2023-01-27,27.0,38.466750860078925,-11.466750860078925
100386,Ahmedabad,2024-08-22,37.0,38.85992786599077,-1.8599278659907696
115234,Patna,2023-10-23,30.0,37.9222041684817,-7.922204168481699
115226,Ludhiana,2023-05-21,55.0,38.63416093538758,16.365839064612423
119977,Surat,2023-09-19,42.0,38.92481396126298,3.075186038737023
120031,Ahmedabad,2023-04-07,30.0,38.00483918826289,-8.004839188262892
106043,Vadodara,2023-06-19,47.0,39.11044068989452,7.889559310105483
100808,Mumbai,2024-07-18,29.0,37.61332016164908,-8.613320161649078
110359,Guwahati,2024-07-20,37.0,38.341711212599655,-1.341711212599655
117259,Bengaluru,2024-09-15,24.0,39.34228830186266,-15.34228830186266
109567,Lucknow,2023-06-23,70.0,38.583157578168425,31.41684242183157
101703,Bengaluru,2023-03-24,42.0,38.19088528724311,3.8091147127568954
113473,Kolkata,2024-02-01,33.0,38.76684226416509,-5.766842264165092
109644,Chennai,2024-12-11,40.0,39.2799587198462,0.7200412801538008
110819,Delhi,2024-03-31,59.0,37.73902315802195,21.26097684197805
101448,Bhopal,2024-12-20,25.0,38.0597920581052,-13.059792058105202
106285,Mumbai,2023-03-05,34.0,38.120497831277945,-4.120497831277945
117913,Bhubaneswar,2023-01-04,29.0,38.54676531527165,-9.54676531527165
106765,Raipur,2023-10-14,27.0,38.50506732648231,-11.505067326482312
116249,Guwahati,2023-03-25,79.0,37.684135673574346,41.31586432642565
100193,Surat,2024-09-16,55.0,38.35856099481886,16.64143900518114
107187,Visakhapatnam,2023-11-28,54.0,39.63308533641849,14.366914663581513
102406,Kolkata,2023-12-12,22.0,38.51282817855142,-16.512828178551423
106243,Lucknow,2023-05-19,31.0,38.110946191284434,-7.110946191284434
111655,Vadodara,2023-07-16,22.0,37.79863903038617,-15.79863903038617
115827,Ahmedabad,2024-12-08,38.0,39.20577847551122,-1.2057784755112235
106283,Mumbai,2024-01-09,42.0,37.78579172841598,4.21420827158402
119064,Nashik,2023-07-21,21.0,38.423051164047294,-17.423051164047294
117516,Chennai,2024-02-15,48.0,38.93817001502489,9.061829984975112
110529,Delhi,2023-09-25,50.0,38.47623164435833,11.523768355641671
101546,Nashik,2024-05-22,27.0,38.96045262164243,-11.960452621642432
113076,Nashik,2024-12-11,47.0,38.22446770667854,8.775532293321461
102586,Bhopal,2024-10-22,22.0,39.03270156850351,-17.032701568503512
118748,Kolkata,2023-02-10,25.0,37.94331309915525,-12.943313099155247
117830,Patna,2024-10-12,45.0,38.28846334853357,6.711536651466432
113398,Bhubaneswar,2024-12-19,41.0,38.715409829861336,2.284590170138664
106463,Delhi,2024-06-12,36.0,38.66808367848951,-2.668083678489509
119877,Vadodara,2024-09-23,35.0,38.68428819126446,-3.684288191264457
112736,Lucknow,2024-09-06,28.0,37.37569959548608,-9.375699595486076
101353,Bhopal,2023-12-17,38.0,38.817739157911205,-0.8177391579112054
103770,Chandigarh,2024-10-13,53.0,38.3059672709499,14.6940327290501
104685,Nashik,2024-10-13,51.0,37.64556749502216,13.354432504977844
118384,Raipur,2023-10-31,30.0,38.58237918725152,-8.582379187251519
114377,Chandigarh,2023-04-29,22.0,37.94863509917903,-15.948635099179029
102062,Delhi,2023-02-19,21.0,38.13605995768417,-17.136059957684168
108857,Chandigarh,2024-02-27,29.0,38.69830156175927,-9.698301561759273
105900,Mumbai,2023-08-26,19.0,39.14683393554671,-20.14683393554671
101381,Ludhiana,2024-07-28,67.0,38.12316417674435,28.876835823255647
106799,Nashik,2023-11-11,48.0,38.527284192007066,9.472715807992934
110146,Kolkata,2023-01-13,22.0,37.85801836356939,-15.858018363569393
101807,Chennai,2024-06-16,36.0,38.62190511316757,-2.621905113167564
102025,Hyderabad,2023-03-05,71.0,38.0959842781813,32.9040157218187
109034,Pune,2023-08-03,47.0,38.67342918047429,8.326570819525706
110783,Bhopal,2024-06-01,38.0,38.130711914169474,-0.1307119141694741
106393,Nashik,2024-06-10,28.0,37.44209892265578,-9.44209892265578
110156,Kochi,2023-07-20,51.0,38.70744260237614,12.29255739762386
103951,Chandigarh,2023-07-14,30.0,37.95396755632645,-7.953967556326454
115590,Kolkata,2023-04-23,40.0,39.162300140505366,0.8376998594946343
118984,Bengaluru,2024-09-18,12.0,38.17381809883408,-26.17381809883408
106741,Raipur,2024-11-02,38.0,37.88120962385418,0.1187903761458173
105899,Visakhapatnam,2024-10-01,29.0,37.64775998919568,-8.647759989195684
118362,Hyderabad,2024-03-30,75.0,38.37552122475089,36.62447877524911
108186,Bhopal,2023-06-12,32.0,38.11296535021048,-6.11296535021048
112608,Patna,2023-02-18,47.0,38.2327157127775,8.767284287222502
108264,Vadodara,2023-10-12,65.0,38.34699388495976,26.65300611504024
114352,Delhi,2023-07-30,45.0,38.191493599905534,6.8085064000944655
114883,Kolkata,2024-11-04,39.0,38.69294932392892,0.3070506760710785
117557,Mumbai,2023-04-06,26.0,38.62963000193456,-12.629630001934558
106025,Delhi,2024-09-14,42.0,38.16042239192588,3.839577608074123
119599,Surat,2024-12-12,30.0,37.39129475033378,-7.391294750333778
118746,Ludhiana,2024-08-21,41.0,37.87477192627728,3.125228073722724
102945,Lucknow,2023-09-02,23.0,37.908815253597474,-14.908815253597474
108154,Vadodara,2023-12-31,29.0,37.89408321195557,-8.894083211955568
115937,Visakhapatnam,2023-02-26,26.0,38.32918291326972,-12.32918291326972
116589,Patna,2024-10-30,29.0,38.16635545290634,-9.166355452906338
100455,Bhopal,2023-05-30,36.0,39.533365197869095,-3.533365197869095
119966,Raipur,2023-11-17,43.0,37.724348857577006,5.275651142422994
104995,Nashik,2024-05-06,28.0,38.31555313920104,-10.315553139201045
113928,Bengaluru,2023-06-28,50.0,38.12233025154256,11.877669748457444
114409,Bengaluru,2023-08-27,42.0,38.82274173659111,3.177258263408888
116179,Guwahati,2023-05-30,8.0,37.89782645808296,-29.89782645808296
115123,Lucknow,2023-10-28,39.0,37.88712137554671,1.1128786244532949
100254,Nashik,2024-10-20,28.0,38.06350531918316,-10.063505319183156
104768,Nagpur,2023-07-03,35.0,38.27559683304476,-3.2755968330447587
110852,Bhopal,2024-01-07,31.0,38.92590878147028,-7.925908781470277
115884,Kochi,2024-12-06,19.0,37.52281967001035,-18.52281967001035
111722,Chennai,2024-05-02,41.0,38.84986916128512,2.15013083871488
119035,Raipur,2024-03-08,69.0,38.46603498893629,30.533965011063707
113266,Bhubaneswar,2023-12-27,41.0,38.29852944958879,2.7014705504112086
117853,Mumbai,2024-03-03,27.0,38.111013519389296,-11.111013519389296
106802,Indore,2023-05-08,39.0,38.738230793964455,0.2617692060355452
108662,Visakhapatnam,2023-06-19,30.0,37.62660455305389,-7.626604553053887
112282,Pune,2024-10-29,71.0,38.17900067193131,32.82099932806869
103258,Chandigarh,2023-07-10,37.0,38.21526006177645,-1.2152600617764475
106917,Indore,2023-12-10,45.0,37.26086447928599,7.739135520714015
105109,Vadodara,2024-02-22,45.0,37.826935281647614,7.173064718352386
109180,Patna,2024-11-18,31.0,38.58735300093578,-7.587353000935778
109972,Bengaluru,2023-07-27,42.0,38.55314508169175,3.4468549183082544
115091,Chennai,2023-10-07,70.0,38.26026696068563,31.739733039314373
108944,Bhopal,2023-07-10,32.0,38.45154981281652,-6.451549812816523
118478,Chandigarh,2023-12-30,18.0,38.4287001514923,-20.4287001514923
108255,Jaipur,2024-12-07,42.0,39.10513291786054,2.894867082139463
113379,Bengaluru,2024-06-05,35.0,38.71003206754815,-3.710032067548149
101237,Vadodara,2024-01-15,27.0,38.5670672008112,-11.567067200811202
112090,Kolkata,2023-09-02,38.0,38.64754417626443,-0.6475441762644323
101711,Coimbatore,2023-03-01,80.0,38.36469714009357,41.63530285990643
104273,Delhi,2024-04-27,82.0,38.893032688106345,43.106967311893655
106700,Indore,2024-05-11,34.0,37.36310742717969,-3.363107427179692
115943,Delhi,2023-11-08,28.0,37.93574606406085,-9.935746064060844
107811,Patna,2024-01-14,21.0,38.990765960011935,-17.990765960011935
112358,Jaipur,2024-09-30,37.0,38.56889148280951,-1.568891482809505
111388,Delhi,2024-12-03,30.0,38.16476853151892,-8.164768531518916
112805,Bhubaneswar,2023-03-26,55.0,37.78279418059593,17.21720581940407
113604,Kochi,2024-06-03,22.0,37.878179224907576,-15.878179224907576
106477,Mumbai,2023-10-19,37.0,37.80639282814844,-0.8063928281484394
120165,Kolkata,2023-06-08,42.0,38.55712868716204,3.4428713128379584
106670,Guwahati,2024-10-04,62.0,38.949859332909824,23.050140667090176
118684,Kochi,2024-09-08,83.0,39.08604426205294,43.91395573794706
115679,Patna,2024-07-23,40.0,40.07924590821001,-0.0792459082100123
117821,Bhopal,2023-03-25,45.0,38.28391082429287,6.716089175707133
105925,Patna,2023-08-30,36.0,38.2803237005022,-2.280323700502201
111081,Mumbai,2024-02-03,28.0,38.49226729929705,-10.492267299297048
109505,Delhi,2023-11-23,24.0,38.49478232219321,-14.49478232219321
105306,Mumbai,2024-08-13,41.0,38.43289404615124,2.56710595384876
110722,Delhi,2024-08-03,33.0,38.81514040904723,-5.815140409047231
112299,Lucknow,2024-02-10,34.0,38.02117851647628,-4.021178516476276
111221,Bhopal,2023-08-16,38.0,38.30377552057828,-0.3037755205782773
103718,Bengaluru,2024-07-14,25.0,38.75018907139176,-13.75018907139176
109594,Kochi,2024-05-17,34.0,37.51863291489171,-3.518632914891711
101406,Coimbatore,2024-12-21,35.0,38.38020777869596,-3.380207778695961
100171,Ludhiana,2024-04-14,29.0,38.37018348026358,-9.370183480263576
107622,Kochi,2023-11-02,33.0,38.48571013429933,-5.485710134299332
111683,Delhi,2023-12-13,44.0,38.52449407623698,5.475505923763016
119635,Visakhapatnam,2024-04-20,27.0,38.02238311488302,-11.02238311488302
112433,Chennai,2023-09-04,23.0,37.902724036168415,-14.902724036168417
112522,Kolkata,2024-08-06,63.0,38.734880655475216,24.265119344524784
106809,Bengaluru,2024-07-05,47.0,37.58975502943317,9.41024497056683
116222,Chandigarh,2023-02-19,27.0,38.27742236836282,-11.27742236836282
113145,Bengaluru,2024-09-06,30.0,38.79793224899752,-8.797932248997519
104507,Hyderabad,2024-11-03,72.0,38.20055073423305,33.79944926576695
110580,Nagpur,2023-01-29,40.0,37.86975908724404,2.1302409127559585
101586,Kolkata,2024-06-15,48.0,39.03961217607267,8.960387823927327
114217,Raipur,2024-12-23,36.0,37.54861587533843,-1.5486158753384274
115046,Lucknow,2023-01-05,15.0,37.77490414451448,-22.77490414451448
101036,Lucknow,2023-05-11,43.0,37.74037381104916,5.25962618895084
114951,Raipur,2024-10-30,27.0,38.53585247934105,-11.535852479341052
118826,Raipur,2024-10-02,38.0,38.18445672069977,-0.1844567206997709
112775,Patna,2023-04-22,73.0,38.72081133959507,34.27918866040493
106340,Raipur,2023-04-14,75.0,37.89079535076927,37.10920464923073
104565,Kolkata,2024-06-08,37.0,37.61124375554052,-0.6112437555405208
110801,Pune,2023-03-10,35.0,38.79693912015236,-3.7969391201523592
115737,Nashik,2024-07-13,29.0,38.12409803791458,-9.124098037914578
110849,Kochi,2024-12-25,50.0,39.07410151662962,10.925898483370382
105941,Kochi,2023-08-12,16.0,38.33195526483215,-22.331955264832143
114191,Jaipur,2023-11-11,72.0,38.422559757526486,33.577440242473514
109693,Pune,2024-06-02,30.0,38.43324857599698,-8.433248575996977
115535,Visakhapatnam,2023-12-29,50.0,38.67970158045603,11.320298419543969
101107,Nashik,2024-12-31,46.0,37.87016017880179,8.12983982119821
108161,Lucknow,2024-07-29,26.0,39.11096678840395,-13.11096678840395
114058,Patna,2023-04-30,32.0,37.91851334226799,-5.918513342267985
118079,Vadodara,2024-12-09,16.0,38.18027473355448,-22.18027473355448
100566,Visakhapatnam,2023-11-22,49.0,37.66640316272522,11.333596837274776
104211,Vadodara,2023-03-09,43.0,38.5534155700708,4.446584429929203
120086,Kochi,2023-05-25,62.0,39.03532237609758,22.964677623902418
112841,Mumbai,2023-06-25,33.0,38.1183819979919,-5.1183819979918965
113545,Mumbai,2024-07-30,31.0,37.95613949682261,-6.956139496822608
118635,Kochi,2023-02-14,32.0,38.134954124996064,-6.134954124996064
100217,Pune,2023-01-18,23.0,38.27436149259928,-15.274361492599276
104729,Bengaluru,2024-04-20,39.0,38.03188224886073,0.9681177511392676
100683,Surat,2023-08-30,25.0,37.79812938556585,-12.79812938556585
119745,Raipur,2024-04-26,56.0,38.29964610738116,17.700353892618843
102871,Lucknow,2024-02-02,29.0,38.409372961950005,-9.409372961950003
117857,Indore,2024-01-01,33.0,38.83158955969815,-5.831589559698145
105978,Bhubaneswar,2024-03-13,13.0,37.91477005436707,-24.914770054367068
110781,Raipur,2023-01-05,20.0,38.3901349318028,-18.3901349318028
119563,Raipur,2023-11-12,34.0,37.95026894029615,-3.950268940296148
105361,Hyderabad,2023-12-19,27.0,37.82810586649095,-10.82810586649095
109124,Jaipur,2023-05-12,17.0,37.95161812499483,-20.95161812499483
117582,Lucknow,2024-04-10,22.0,38.81970840810846,-16.81970840810846
115956,Kolkata,2024-02-22,36.0,38.17352456966718,-2.17352456966718
109743,Surat,2023-01-15,31.0,38.74647512095196,-7.746475120951956
104673,Kolkata,2023-10-03,20.0,38.47792935330952,-18.47792935330952
107091,Kolkata,2023-10-27,57.0,38.69044886256747,18.30955113743253
112677,Pune,2023-06-08,41.0,37.93750007839144,3.0624999216085627
101300,Kochi,2024-06-10,41.0,37.643885351936206,3.3561146480637944
105848,Nashik,2023-09-14,31.0,39.090260728900425,-8.090260728900425
115333,Nagpur,2024-02-29,63.0,38.34031103414215,24.659688965857853
102524,Hyderabad,2023-12-04,17.0,37.82815913594066,-20.82815913594066
109011,Guwahati,2023-08-14,30.0,38.15059560750459,-8.150595607504592
106594,Nagpur,2024-12-10,32.0,38.31397079783632,-6.313970797836319
109357,Pune,2023-09-20,30.0,38.70147959427532,-8.70147959427532
113214,Lucknow,2024-05-28,39.0,38.25892812423327,0.7410718757667354
113862,Ludhiana,2023-07-03,24.0,37.66984978288958,-13.669849782889578
113730,Jaipur,2024-11-21,35.0,38.05712617430783,-3.0571261743078324
119836,Ludhiana,2023-10-23,19.0,37.80885353037095,-18.808853530370957
118119,Raipur,2023-05-19,22.0,38.86255595126407,-16.86255595126407
110706,Coimbatore,2023-10-02,23.0,37.734025639453606,-14.734025639453606
106277,Bhubaneswar,2024-03-24,27.0,39.03871028563568,-12.03871028563568
111888,Pune,2023-10-26,46.0,37.90032608729794,8.099673912702059
103699,Bhopal,2023-10-19,21.0,37.99568734840509,-16.99568734840509
108935,Jaipur,2023-11-06,28.0,38.58052230515422,-10.58052230515422
114678,Chandigarh,2023-06-15,40.0,38.26191486365703,1.738085136342974
108103,Bengaluru,2024-09-22,46.0,37.728649928314645,8.271350071685355
104614,Chandigarh,2023-04-23,15.0,38.085503408681454,-23.08550340868145
110239,Ahmedabad,2023-02-01,17.0,38.82758061511323,-21.827580615113227
113155,Kochi,2024-05-01,64.0,37.624126811300165,26.375873188699835
104244,Mumbai,2024-12-20,53.0,38.11190087435968,14.888099125640316
107453,Lucknow,2024-06-24,39.0,38.04968104487243,0.950318955127571
106675,Mumbai,2024-03-12,50.0,38.42093636367126,11.57906363632874
118679,Indore,2024-06-16,76.0,38.9329112279003,37.0670887720997
100048,Lucknow,2024-04-26,44.0,38.60000567306084,5.399994326939158
108826,Vadodara,2024-09-24,29.0,38.25939464064086,-9.259394640640863
120257,Hyderabad,2024-12-24,29.0,37.820030295047175,-8.820030295047175
101363,Vadodara,2023-04-19,39.0,38.48396596222252,0.5160340377774801
100736,Kolkata,2023-10-22,42.0,38.00002263526751,3.9999773647324943
114673,Visakhapatnam,2024-08-26,45.0,38.29369238359151,6.706307616408488
115768,Chandigarh,2023-02-11,51.0,38.58984564794135,12.410154352058656
107312,Chandigarh,2023-10-15,29.0,38.59520607645673,-9.595206076456734
110817,Nagpur,2024-11-04,18.0,38.18318170327343,-20.183181703273423
103711,Ludhiana,2023-04-09,34.0,38.05999972939401,-4.059999729394008
108486,Vadodara,2023-09-14,25.0,38.10383566335301,-13.10383566335301
112632,Ahmedabad,2023-05-17,42.0,38.771399455163305,3.228600544836695
116878,Guwahati,2023-03-18,31.0,37.63692166712698,-6.636921667126984
119811,Hyderabad,2024-09-12,34.0,38.13117901996795,-4.131179019967952
108503,Raipur,2023-08-07,51.0,37.90000290298629,13.099997097013713
103975,Bengaluru,2023-01-27,46.0,37.625264481884045,8.374735518115955
115641,Raipur,2024-01-25,34.0,37.79626300352784,-3.796263003527841
108443,Guwahati,2023-09-15,34.0,38.07451111875097,-4.074511118750969
103031,Chennai,2024-02-07,84.0,37.25042683873577,46.74957316126423
111992,Surat,2024-10-01,73.0,38.1254023926274,34.8745976073726
103823,Coimbatore,2024-01-01,26.0,38.369620800933646,-12.369620800933646
101542,Vadodara,2023-03-23,51.0,38.410109842729454,12.589890157270546
101439,Indore,2024-05-27,29.0,38.23430093877282,-9.23430093877282
114661,Lucknow,2024-03-11,31.0,37.81321981070245,-6.813219810702449
106745,Kolkata,2024-06-03,40.0,37.94155240898545,2.0584475910145485
103678,Bengaluru,2024-08-18,43.0,38.55393059799389,4.44606940200611
119773,Chandigarh,2023-09-23,44.0,37.95217889286075,6.047821107139249
113287,Bhubaneswar,2024-04-24,37.0,38.28644502086544,-1.2864450208654432
114720,Patna,2024-10-09,65.0,38.57790891836721,26.422091081632797
114641,Coimbatore,2024-12-17,26.0,37.8605055392167,-11.860505539216703
109721,Nashik,2023-10-26,22.0,38.15077804911717,-16.150778049117164
115371,Jaipur,2024-03-11,23.0,38.85932228860438,-15.859322288604382
100258,Nagpur,2024-03-04,39.0,38.14703300469025,0.8529669953097496
110754,Bhubaneswar,2024-04-24,21.0,38.84603460067657,-17.846034600676568
101189,Nashik,2023-08-16,64.0,38.082555701020674,25.917444298979326
108083,Patna,2024-12-12,42.0,37.99100743040741,4.008992569592593
110197,Kolkata,2024-03-19,21.0,39.50024880612981,-18.50024880612981
106736,Hyderabad,2024-02-03,41.0,38.551011394735376,2.448988605264624
108938,Surat,2024-12-26,14.0,38.42770900886266,-24.427709008862664
111514,Mumbai,2024-12-04,34.0,38.74163377774986,-4.741633777749861
107602,Vadodara,2024-07-01,30.0,38.28683182694895,-8.286831826948948
112862,Ahmedabad,2023-05-09,17.0,37.60764822065223,-20.60764822065223
116072,Kolkata,2023-02-11,43.0,37.86557414061064,5.13442585938936
103813,Chandigarh,2024-06-20,52.0,38.69891520131899,13.30108479868101
100059,Pune,2024-10-10,30.0,38.02001830832233,-8.020018308322328
116736,Hyderabad,2024-10-27,28.0,38.98389003896614,-10.983890038966138
102421,Mumbai,2024-11-29,35.0,38.33777107129911,-3.337771071299109
103981,Surat,2023-06-15,50.0,38.50591984830108,11.494080151698917
115135,Jaipur,2023-11-26,40.0,37.618606206945095,2.3813937930549045
109953,Kochi,2023-05-08,25.0,37.94577980273918,-12.945779802739182
117042,Mumbai,2023-06-10,29.0,38.15141084440721,-9.15141084440721
100075,Kochi,2023-05-21,35.0,38.77427209412208,-3.7742720941220753
116627,Nashik,2024-02-10,31.0,37.258511478479406,-6.258511478479406
106506,Bhubaneswar,2024-02-16,32.0,37.73788674189918,-5.737886741899182
108905,Vadodara,2023-06-20,44.0,38.25501982707062,5.744980172929381
113021,Ahmedabad,2023-05-29,70.0,38.665140754121225,31.33485924587877
108144,Kolkata,2023-12-03,37.0,38.26664652042028,-1.2666465204202808
102306,Pune,2023-09-08,38.0,38.65799379412612,-0.6579937941261207
115725,Ahmedabad,2024-10-10,30.0,38.20546924002338,-8.205469240023383
109787,Guwahati,2024-12-02,16.0,37.51615817936677,-21.51615817936677
103293,Raipur,2024-07-27,38.0,37.354371122895614,0.6456288771043859
112879,Pune,2024-07-29,34.0,38.71680202349872,-4.716802023498715
112721,Kochi,2023-04-10,41.0,38.4280748657045,2.5719251342954976
118818,Surat,2024-08-18,26.0,38.88656604889452,-12.886566048894522
105048,Bhubaneswar,2023-05-25,37.0,38.00271581087269,-1.0027158108726866
103426,Raipur,2023-07-24,26.0,38.872382446734655,-12.872382446734656
112710,Hyderabad,2024-07-20,32.0,38.09358287421596,-6.0935828742159615
105844,Bhubaneswar,2023-06-12,38.0,38.0146452822158,-0.0146452822158025
118569,Bhopal,2023-11-25,29.0,38.15440643667694,-9.154406436676943
118072,Pune,2023-09-26,39.0,38.39599426017161,0.6040057398283878
102736,Jaipur,2024-11-17,38.0,38.87857974046661,-0.8785797404666127
115071,Bhubaneswar,2023-07-28,30.0,37.92783277246928,-7.92783277246928
109179,Ahmedabad,2024-01-21,36.0,39.86562599992953,-3.8656259999295273
110065,Bhubaneswar,2023-11-10,36.0,39.12087432393319,-3.120874323933186
116933,Pune,2023-05-24,24.0,38.56180495675636,-14.561804956756356
105326,Hyderabad,2023-11-11,42.0,38.2612868016187,3.738713198381298
102401,Vadodara,2023-02-14,62.0,37.90785813182068,24.09214186817932
111096,Bengaluru,2024-08-30,45.0,37.78762960457552,7.212370395424479
109096,Vadodara,2023-07-21,86.0,38.85256825962477,47.14743174037523
105585,Patna,2023-04-15,38.0,38.03484027243544,-0.0348402724354386
105757,Jaipur,2024-05-23,33.0,38.26210775222373,-5.262107752223734
103769,Nagpur,2024-11-03,29.0,38.84904614226741,-9.849046142267412
118053,Chandigarh,2023-09-04,43.0,38.88231795396569,4.117682046034311
117338,Chennai,2023-08-08,47.0,38.46632525093264,8.533674749067366
115031,Raipur,2024-11-02,54.0,38.6592453356329,15.340754664367095
114228,Chandigarh,2023-05-01,43.0,39.14132417927304,3.8586758207269582
101781,Coimbatore,2024-07-28,50.0,38.4170408578224,11.5829591421776
106134,Kolkata,2023-03-10,8.0,38.650044478552985,-30.650044478552985
109311,Guwahati,2024-07-22,37.0,38.697041212538736,-1.6970412125387355
100629,Lucknow,2023-01-29,37.0,38.48753072187422,-1.4875307218742222
100246,Delhi,2024-12-27,31.0,37.70551377942624,-6.705513779426234
112109,Delhi,2024-12-10,49.0,38.29609846209788,10.70390153790212
111706,Bhopal,2023-03-04,32.0,38.298738717314464,-6.298738717314464
104665,Coimbatore,2023-03-13,33.0,38.14723610964345,-5.147236109643451
113365,Delhi,2023-10-24,17.0,38.46654937785608,-21.466549377856083
120252,Nashik,2024-01-08,32.0,38.766333028704935,-6.766333028704935
116197,Lucknow,2024-06-18,25.0,38.33753048120122,-13.33753048120122
102644,Visakhapatnam,2024-03-23,12.0,38.43341785360348,-26.43341785360348
102068,Chandigarh,2024-02-27,30.0,38.60205350933031,-8.602053509330311
101527,Pune,2024-02-10,57.0,38.68058320345265,18.31941679654735
117226,Surat,2023-06-27,33.0,38.28966436707987,-5.289664367079872
106343,Kolkata,2024-12-20,49.0,38.96977042749519,10.030229572504815
119793,Hyderabad,2024-05-14,29.0,38.40841543635633,-9.408415436356329
110490,Pune,2024-06-05,30.0,38.80871501459364,-8.808715014593638
107771,Chandigarh,2023-07-07,33.0,38.16668980648983,-5.166689806489828
106929,Pune,2023-04-29,69.0,38.37039990268417,30.62960009731583
112490,Pune,2023-07-05,33.0,38.07184079863215,-5.071840798632145
120126,Vadodara,2024-11-11,39.0,38.48604091494797,0.5139590850520364
113407,Patna,2024-01-05,40.0,37.73622183587605,2.263778164123956
100686,Chandigarh,2024-10-13,37.0,38.38486128575818,-1.384861285758184
116663,Surat,2023-12-01,28.0,37.83938487917044,-9.83938487917044
108713,Bengaluru,2024-11-02,43.0,38.919941587360015,4.0800584126399855
102470,Kochi,2023-09-06,23.0,38.26364988559505,-15.26364988559505
112536,Bengaluru,2024-11-02,8.0,39.06376422428247,-31.063764224282476
108570,Delhi,2024-01-26,31.0,39.149807265248434,-8.149807265248434
111639,Delhi,2024-07-13,66.0,37.68299471715847,28.317005282841528
113244,Guwahati,2024-07-06,8.0,38.054997097433215,-30.054997097433212
119297,Patna,2024-11-03,25.0,38.61603717535132,-13.616037175351316
117942,Chennai,2023-02-09,59.0,38.58671160159833,20.41328839840167
108420,Delhi,2024-09-01,83.0,37.53148046407848,45.46851953592152
104820,Nashik,2023-09-26,79.0,37.830228642727896,41.1697713572721
116379,Guwahati,2023-01-01,44.0,38.16302328873243,5.836976711267568
105854,Bengaluru,2023-05-31,44.0,37.82321448237052,6.176785517629483
117205,Delhi,2024-12-05,46.0,38.903158549362736,7.096841450637264
107065,Lucknow,2023-08-14,47.0,38.21885816633988,8.781141833660122
106844,Kochi,2024-04-20,63.0,38.36449728808697,24.635502711913027
114819,Jaipur,2023-02-25,59.0,38.743157502019535,20.256842497980465
100391,Patna,2024-10-12,13.0,38.56229348225169,-25.56229348225169
115507,Lucknow,2024-09-22,73.0,39.35699357060325,33.64300642939676
106849,Surat,2023-03-08,60.0,38.32036267500072,21.679637324999284
116531,Surat,2024-10-10,34.0,38.547651506372354,-4.547651506372354
104801,Surat,2024-08-30,41.0,38.354793962308165,2.645206037691836
113709,Surat,2023-12-09,42.0,38.84007790458267,3.159922095417329
104929,Ahmedabad,2024-11-28,43.0,38.848091269345005,4.151908730654995
101434,Nashik,2023-03-22,15.0,38.42423948823359,-23.42423948823359
108735,Pune,2023-07-29,23.0,37.89293623375868,-14.892936233758682
114523,Hyderabad,2023-09-10,34.0,38.68510996337287,-4.685109963372867
114181,Kochi,2024-11-29,15.0,37.81554905774782,-22.815549057747823
117693,Coimbatore,2024-06-10,34.0,37.8142130280438,-3.8142130280438025
102273,Kochi,2023-09-10,48.0,38.673043157329175,9.326956842670825
110993,Raipur,2023-11-12,53.0,38.60746665823842,14.392533341761578
102433,Kochi,2023-08-25,79.0,38.20707422097007,40.79292577902993
116184,Hyderabad,2023-08-07,32.0,38.67418416707984,-6.6741841670798365
100213,Hyderabad,2023-02-20,52.0,37.8463350092577,14.1536649907423
106471,Nagpur,2023-05-27,41.0,38.36590657183047,2.6340934281695283
109713,Hyderabad,2023-01-28,37.0,38.23275376680043,-1.2327537668004285
118955,Jaipur,2024-11-12,34.0,38.14429774561775,-4.144297745617749
118346,Kolkata,2024-10-27,35.0,37.56020740128998,-2.560207401289979
101656,Ludhiana,2023-03-02,38.0,38.78987989752056,-0.7898798975205636
101726,Surat,2024-01-11,31.0,38.10810914572145,-7.10810914572145
104264,Delhi,2023-01-06,49.0,38.26525974622008,10.734740253779918
119549,Guwahati,2024-07-15,15.0,37.86937535649441,-22.86937535649441
107369,Patna,2023-06-22,41.0,38.57469017982602,2.425309820173979
116552,Coimbatore,2023-12-05,23.0,39.19694206728672,-16.19694206728672
106738,Chennai,2023-08-05,30.0,38.00444360784243,-8.004443607842433
100289,Mumbai,2024-05-05,32.0,38.5167976252288,-6.516797625228804
107300,Ludhiana,2023-06-28,70.0,38.80039756372915,31.19960243627085
104423,Mumbai,2024-01-14,42.0,38.15981574636295,3.840184253637048
101905,Kolkata,2024-08-12,44.0,38.31315904403543,5.68684095596457
101186,Pune,2024-04-09,28.0,38.38930642038837,-10.389306420388372
105820,Visakhapatnam,2024-10-23,46.0,38.20463907574013,7.795360924259867
112548,Bengaluru,2024-11-26,32.0,40.03855900869239,-8.038559008692388
118674,Coimbatore,2024-09-12,45.0,37.548766542263486,7.451233457736514
102564,Visakhapatnam,2024-10-16,63.0,37.74434943245869,25.25565056754132
114250,Chennai,2023-02-14,74.0,38.01556871927631,35.98443128072369
101550,Ludhiana,2023-06-12,42.0,38.70781100546038,3.2921889945396217
117769,Pune,2023-12-08,37.0,38.22937924143386,-1.2293792414338611
105089,Bhubaneswar,2024-05-29,26.0,38.19709341566976,-12.197093415669762
119403,Surat,2024-07-18,51.0,38.46268601747668,12.537313982523322
114093,Visakhapatnam,2023-08-24,41.0,38.05007129116567,2.949928708834335
104564,Visakhapatnam,2023-11-02,28.0,38.67513065172808,-10.675130651728075
115995,Nagpur,2024-07-10,28.0,38.29452201534591,-10.294522015345912
116563,Pune,2023-10-29,49.0,39.10834773660512,9.891652263394882
115178,Visakhapatnam,2023-09-18,42.0,37.54783345073554,4.4521665492644615
110913,Patna,2024-06-04,31.0,38.3369854819471,-7.336985481947103
118928,Bengaluru,2023-04-07,40.0,38.22825425776719,1.7717457422328096
120499,Chandigarh,2024-05-05,34.0,37.84135932609068,-3.841359326090682
103755,Raipur,2024-04-02,31.0,38.06240938461097,-7.062409384610973
103449,Visakhapatnam,2023-10-22,45.0,38.419324772323165,6.580675227676835
116129,Mumbai,2023-01-19,32.0,38.336004116214994,-6.336004116214994
100123,Guwahati,2023-08-19,30.0,38.20549653935422,-8.205496539354222
120491,Lucknow,2024-01-15,41.0,37.95941973424381,3.0405802657561907
115415,Chennai,2023-12-16,47.0,38.18629862512253,8.813701374877468
105440,Visakhapatnam,2024-02-25,56.0,36.88979682786457,19.110203172135428
112123,Chandigarh,2024-04-29,36.0,38.5812687717481,-2.5812687717481
114135,Hyderabad,2023-09-30,33.0,37.59494279685579,-4.59494279685579
109064,Lucknow,2024-07-06,41.0,38.51346590732934,2.4865340926706594
115133,Kochi,2023-01-13,45.0,38.9625404282296,6.037459571770405
103784,Ludhiana,2024-09-27,49.0,38.84908173682287,10.150918263177132
110473,Ahmedabad,2024-09-25,40.0,38.326915555637626,1.6730844443623738
109043,Bengaluru,2024-12-06,28.0,37.53408953017652,-9.534089530176525
117771,Pune,2024-06-23,45.0,39.58013892052748,5.419861079472518
112366,Chennai,2023-08-29,46.0,38.64074730067248,7.35925269932752
100677,Coimbatore,2023-08-26,60.0,37.83498346210573,22.165016537894267
111219,Patna,2024-01-13,20.0,38.06434008432181,-18.064340084321813
114411,Surat,2024-03-14,29.0,38.49984378389868,-9.499843783898683
114607,Ahmedabad,2024-09-21,50.0,38.22515740530654,11.77484259469346
115209,Chandigarh,2024-08-30,54.0,39.08196909350444,14.91803090649556
107110,Hyderabad,2023-01-15,20.0,38.30283722030975,-18.302837220309748
119571,Patna,2024-02-22,46.0,37.65821010605369,8.341789893946313
107566,Chandigarh,2024-06-03,24.0,37.7336120054006,-13.733612005400602
104595,Kochi,2024-10-01,8.0,37.651482615140125,-29.651482615140125
116783,Delhi,2023-07-12,26.0,39.09131321378918,-13.091313213789178
111643,Bengaluru,2023-01-10,27.0,38.69834278556866,-11.698342785568665
106776,Guwahati,2024-07-17,38.0,38.150931483618365,-0.1509314836183648
100467,Patna,2024-04-18,11.0,38.05208007206564,-27.052080072065635
118609,Visakhapatnam,2023-08-02,27.0,38.112685431271885,-11.112685431271885
116797,Jaipur,2024-03-25,47.0,38.66340721120133,8.336592788798676
103074,Ludhiana,2024-05-26,21.0,38.26874348263024,-17.268743482630235
104732,Bhopal,2023-01-01,36.0,38.338467211194974,-2.338467211194974
101030,Delhi,2023-09-17,24.0,37.45975378516705,-13.459753785167052
114601,Chennai,2024-02-21,44.0,38.035593302512254,5.964406697487746
115189,Coimbatore,2023-09-25,26.0,38.14208538115519,-12.14208538115519
113248,Guwahati,2024-07-13,18.0,37.85828253022673,-19.85828253022673
106722,Chandigarh,2024-04-18,50.0,38.16235942709292,11.837640572907077
119502,Nashik,2023-03-31,35.0,38.60099088559348,-3.600990885593476
119199,Nagpur,2024-02-21,39.0,37.39636702833643,1.603632971663572
103631,Surat,2023-02-12,78.0,38.52997513990465,39.47002486009535
107209,Bhopal,2024-06-16,23.0,37.9919134910716,-14.9919134910716
111656,Vadodara,2024-08-12,23.0,38.95458591174151,-15.95458591174151
115361,Hyderabad,2023-06-11,52.0,38.9897296868448,13.010270313155196
113346,Indore,2023-12-20,36.0,37.91718038154037,-1.9171803815403687
103143,Chandigarh,2023-07-17,28.0,38.10998355895713,-10.109983558957133
100147,Lucknow,2024-10-08,25.0,38.26709930322719,-13.26709930322719
106768,Mumbai,2024-01-04,41.0,38.50515997971628,2.494840020283725
112472,Ludhiana,2023-03-16,35.0,37.82821584002578,-2.828215840025777
114905,Pune,2023-10-03,25.0,37.71166110774688,-12.711661107746878
118239,Vadodara,2024-08-02,34.0,37.89688276043319,-3.8968827604331855
113480,Nagpur,2024-10-10,24.0,38.302304854801854,-14.302304854801854
114448,Chennai,2023-01-16,38.0,38.386456278648765,-0.3864562786487653
109101,Indore,2024-08-22,35.0,37.79535529958038,-2.795355299580379
101017,Nagpur,2024-10-07,29.0,38.50944006162874,-9.509440061628744
119434,Delhi,2024-09-03,12.0,38.714741396929874,-26.714741396929877
105480,Hyderabad,2023-12-31,32.0,38.27635106352376,-6.276351063523762
120435,Ahmedabad,2023-03-20,45.0,38.41207480380895,6.587925196191051
109386,Lucknow,2023-08-07,33.0,38.37432272275876,-5.374322722758762
113048,Chandigarh,2024-06-19,13.0,38.11509949243128,-25.11509949243128
114065,Ludhiana,2024-01-30,71.0,38.4221459671808,32.5778540328192
107484,Guwahati,2024-10-20,28.0,37.91679812229204,-9.916798122292043
101873,Jaipur,2024-05-16,32.0,37.7125551439541,-5.7125551439540985
107288,Nagpur,2023-11-29,23.0,38.764419479480125,-15.764419479480123
107060,Nashik,2024-09-17,39.0,38.88813883980934,0.1118611601906565
107080,Indore,2023-08-02,38.0,38.27362081086993,-0.2736208108699287
100862,Chennai,2024-06-29,15.0,37.356911106820775,-22.35691110682077
116118,Jaipur,2024-06-11,27.0,39.13388416121256,-12.133884161212563
101662,Pune,2023-04-29,46.0,38.98114507358365,7.018854926416353
103393,Hyderabad,2023-03-30,18.0,38.0180496389511,-20.018049638951094
113909,Bengaluru,2023-03-16,38.0,38.57934820097226,-0.5793482009722624
108643,Bengaluru,2023-01-19,39.0,39.18134079854653,-0.1813407985465289
107472,Jaipur,2023-08-16,43.0,38.76887158718914,4.231128412810861
110456,Delhi,2024-01-27,39.0,38.33252477183233,0.6674752281676675
118224,Nagpur,2023-07-26,22.0,38.650451601429495,-16.650451601429495
101155,Nashik,2023-04-07,66.0,37.649920418486055,28.350079581513945
112392,Hyderabad,2024-11-16,23.0,38.40537416512006,-15.405374165120058
107413,Coimbatore,2023-12-31,25.0,38.557663908401175,-13.557663908401176
100021,Lucknow,2023-05-13,50.0,38.4886660967358,11.511333903264202
118977,Delhi,2024-03-10,21.0,38.35244232998568,-17.352442329985678
109806,Vadodara,2023-05-26,24.0,37.14653692632976,-13.14653692632976
105602,Ludhiana,2023-03-09,65.0,38.56387337923558,26.43612662076442
114208,Coimbatore,2023-03-05,30.0,37.92220043261956,-7.922200432619562
114739,Pune,2024-12-07,8.0,39.35949630845799,-31.35949630845799
110002,Bengaluru,2023-03-15,43.0,38.11083643075053,4.889163569249476
119848,Kolkata,2023-02-16,32.0,38.00552449385668,-6.005524493856676
112291,Bengaluru,2023-12-17,49.0,38.05578072430311,10.944219275696888
118663,Lucknow,2024-04-16,25.0,38.29838550707118,-13.29838550707118
108429,Delhi,2023-05-15,25.0,37.6180662607835,-12.6180662607835
107276,Surat,2023-11-16,30.0,38.67364305359924,-8.673643053599243
107761,Delhi,2024-03-20,11.0,38.27273620491465,-27.27273620491465
110577,Hyderabad,2023-06-28,30.0,37.74950743947055,-7.749507439470548
115962,Delhi,2024-03-11,35.0,38.44685496090056,-3.446854960900559
108177,Coimbatore,2023-07-29,48.0,39.176613300600096,8.823386699399904
113068,Bhopal,2024-03-14,24.0,37.757071362677806,-13.757071362677806
112235,Raipur,2023-10-15,31.0,38.30177804911374,-7.301778049113743
101307,Chennai,2024-11-26,34.0,38.08033599707697,-4.080335997076972
111852,Nagpur,2024-05-09,37.0,37.74577298941101,-0.7457729894110088
117304,Raipur,2023-12-02,19.0,38.48009413635665,-19.480094136356648
108311,Hyderabad,2023-12-13,39.0,37.52630925367682,1.4736907463231788
105203,Delhi,2024-01-28,26.0,38.652433466145446,-12.652433466145446
113793,Jaipur,2024-07-20,31.0,39.81107965333374,-8.811079653333742
110012,Surat,2023-10-08,29.0,38.69037598357667,-9.690375983576672
111614,Chennai,2024-05-07,21.0,38.118754492830426,-17.118754492830426
102098,Delhi,2024-10-12,56.0,37.66231718710959,18.337682812890407
110370,Raipur,2024-01-26,20.0,38.45306995868948,-18.453069958689483
101159,Lucknow,2024-11-08,18.0,37.20636513772767,-19.206365137727666
114804,Hyderabad,2023-10-25,37.0,37.53862543993008,-0.5386254399300796
110893,Visakhapatnam,2023-08-18,33.0,38.40137571345766,-5.401375713457661
104628,Chandigarh,2023-01-11,26.0,39.0263472221012,-13.0263472221012
112045,Ludhiana,2023-03-27,35.0,38.02432681008439,-3.024326810084389
113695,Chandigarh,2023-02-04,37.0,38.1004143889445,-1.1004143889445004
104203,Bhopal,2024-02-10,36.0,37.91789964188349,-1.9178996418834944
103451,Raipur,2024-12-17,36.0,38.837238004779,-2.837238004778996
108760,Coimbatore,2024-03-06,24.0,39.26295689778455,-15.262956897784548
119101,Pune,2023-10-09,27.0,38.405256468574684,-11.405256468574684
115236,Ahmedabad,2023-07-05,26.0,38.8805141945269,-12.880514194526905
106239,Raipur,2023-08-14,24.0,39.581036508749015,-15.581036508749015
117084,Jaipur,2024-03-13,17.0,38.78875718344264,-21.788757183442637
117890,Ahmedabad,2024-03-05,40.0,38.38852889157326,1.6114711084267412
113030,Visakhapatnam,2024-08-26,24.0,38.60766827021687,-14.60766827021687
117465,Bhubaneswar,2023-05-26,73.0,38.11457273555879,34.88542726444121
102993,Chandigarh,2024-05-22,33.0,38.77330060600318,-5.773300606003183
119428,Coimbatore,2023-08-02,36.0,38.56381597446547,-2.56381597446547
111515,Kolkata,2023-09-03,9.0,38.14884909992447,-29.14884909992447
116965,Hyderabad,2024-09-23,38.0,38.82814263887628,-0.8281426388762796
106229,Hyderabad,2023-04-11,48.0,38.816884110310845,9.183115889689155
119617,Jaipur,2023-01-20,20.0,38.475764970063445,-18.475764970063445
115897,Nashik,2024-01-24,20.0,38.4396424976663,-18.4396424976663
113577,Vadodara,2024-08-10,52.0,38.848091400277184,13.151908599722816
115591,Hyderabad,2023-10-19,31.0,38.54266121451017,-7.542661214510169
101395,Kolkata,2023-06-15,32.0,38.7760735459071,-6.776073545907103
120105,Ludhiana,2023-09-09,60.0,37.52497967383274,22.47502032616726
101293,Visakhapatnam,2024-06-14,24.0,38.07895809318487,-14.078958093184866
109360,Coimbatore,2024-11-26,26.0,39.71196849630367,-13.711968496303667
102483,Raipur,2023-05-23,39.0,38.89972591040458,0.1002740895954232
120338,Jaipur,2024-02-23,46.0,37.99585075873743,8.004149241262567
112514,Surat,2023-03-19,77.0,37.99243055455297,39.00756944544703
106657,Delhi,2024-08-22,21.0,38.3411775481563,-17.341177548156303
114875,Delhi,2024-06-24,35.0,38.47997302300485,-3.4799730230048525
112576,Nashik,2024-11-27,67.0,38.943915248469615,28.056084751530385
119214,Pune,2024-11-06,47.0,38.70815640776984,8.291843592230158
100853,Ludhiana,2024-01-08,21.0,38.95906127945672,-17.95906127945672
113019,Chennai,2024-09-02,28.0,37.78239817793857,-9.782398177938568
115961,Lucknow,2023-08-28,22.0,38.62580734954149,-16.62580734954149
105640,Pune,2023-01-17,19.0,38.52321295288376,-19.52321295288376
120010,Ludhiana,2024-04-11,51.0,37.72995665487653,13.270043345123469
115199,Bhubaneswar,2023-06-20,18.0,37.72382433617079,-19.723824336170782
102075,Bhubaneswar,2024-07-02,23.0,38.58622987264473,-15.58622987264473
104772,Guwahati,2024-12-04,74.0,38.02175290371626,35.97824709628374
103512,Chennai,2024-09-08,38.0,38.2827937856326,-0.2827937856325988
107199,Nagpur,2023-10-04,39.0,38.71741411277251,0.2825858872274907
109833,Patna,2024-01-19,46.0,38.08849041948784,7.91150958051216
116111,Lucknow,2023-03-24,25.0,39.4921892455961,-14.4921892455961
108676,Surat,2023-03-18,23.0,38.14179734286727,-15.141797342867273
110505,Bhopal,2023-03-11,32.0,38.89899305205738,-6.898993052057378
101596,Chandigarh,2024-10-15,55.0,38.85935345632952,16.140646543670478
120407,Bengaluru,2023-02-02,43.0,38.1096389105689,4.890361089431103
106271,Lucknow,2024-08-09,32.0,37.8850180985437,-5.885018098543704
100595,Ludhiana,2024-09-22,26.0,38.61363817720392,-12.613638177203924
117415,Nagpur,2024-12-24,26.0,38.21388807956233,-12.21388807956233
110178,Delhi,2023-07-30,89.0,37.848233178088165,51.15176682191184
110707,Pune,2023-03-18,39.0,37.939486740793896,1.060513259206104
103039,Hyderabad,2024-08-31,85.0,37.78471369552028,47.21528630447972
108134,Surat,2024-07-23,46.0,38.053226900602496,7.946773099397504
107887,Jaipur,2024-08-29,44.0,39.01651688583442,4.98348311416558
119379,Hyderabad,2024-11-28,24.0,38.06604380410307,-14.066043804103067
113816,Mumbai,2024-09-13,41.0,38.6060375451162,2.393962454883805
111712,Chandigarh,2023-07-25,14.0,39.22007117562668,-25.22007117562668
102999,Guwahati,2024-04-04,47.0,38.56376404787607,8.43623595212393
113569,Delhi,2024-08-06,33.0,38.54281798522188,-5.54281798522188
103867,Kolkata,2024-04-02,19.0,38.048758829335775,-19.04875882933577
120462,Kochi,2023-12-07,20.0,37.95655350746155,-17.95655350746155
106129,Chandigarh,2023-08-01,27.0,38.0884079583328,-11.088407958332796
120249,Guwahati,2024-05-26,36.0,38.42793985913321,-2.427939859133211
106538,Nagpur,2024-04-13,56.0,38.48527056902806,17.51472943097194
112018,Visakhapatnam,2024-09-13,15.0,38.36515746272927,-23.36515746272927
107389,Surat,2024-03-20,51.0,37.943611152754826,13.056388847245174
111056,Mumbai,2023-12-25,52.0,37.41775232217872,14.582247677821286
113813,Vadodara,2023-11-14,29.0,38.85761595154565,-9.857615951545654
110625,Bhubaneswar,2024-09-15,29.0,37.66184262297983,-8.661842622979826
118676,Guwahati,2024-11-23,24.0,37.95211662959888,-13.952116629598876
108402,Hyderabad,2024-09-13,27.0,37.94798577998107,-10.947985779981067
115360,Nagpur,2023-06-11,29.0,38.68176841008762,-9.68176841008762
105425,Nashik,2024-10-27,20.0,38.73945563259142,-18.739455632591422
119896,Kolkata,2023-08-15,29.0,38.71421314977991,-9.714213149779908
120144,Kochi,2024-03-23,42.0,37.84038258986923,4.159617410130771
110827,Bhubaneswar,2023-01-20,29.0,38.33577014219194,-9.33577014219194
105031,Raipur,2023-06-20,30.0,39.10047280456782,-9.100472804567822
102657,Ludhiana,2023-11-26,42.0,38.27954884092383,3.7204511590761697
115946,Kolkata,2024-01-05,38.0,39.20791062698962,-1.207910626989623
117204,Chennai,2024-09-06,67.0,38.35875963873354,28.641240361266465
111831,Lucknow,2023-03-17,38.0,38.3635861949592,-0.3635861949592041
102163,Visakhapatnam,2024-04-19,37.0,38.071593002179135,-1.0715930021791351
111285,Raipur,2024-05-08,27.0,38.4566567961657,-11.456656796165705
109155,Coimbatore,2024-11-15,37.0,38.67445119110964,-1.6744511911096396
120134,Kochi,2023-03-31,27.0,39.04341265434786,-12.04341265434786
113656,Coimbatore,2023-03-25,72.0,38.28889971777087,33.71110028222913
106484,Ahmedabad,2024-01-26,53.0,37.60012411045836,15.39987588954164
104705,Chandigarh,2024-11-12,28.0,37.80962489533829,-9.809624895338288
103943,Bhubaneswar,2023-09-02,35.0,38.148301528460046,-3.148301528460045
119860,Bhubaneswar,2023-10-25,41.0,37.55939838622091,3.440601613779087
106959,Vadodara,2023-08-23,38.0,38.41625029434741,-0.4162502943474067
102581,Ahmedabad,2023-05-23,32.0,38.66155961137725,-6.66155961137725
101064,Kochi,2024-06-27,32.0,38.78733231727482,-6.787332317274817
107688,Guwahati,2024-03-06,27.0,38.4793541919158,-11.479354191915805
111943,Jaipur,2024-09-08,49.0,37.76918948011164,11.230810519888358
101429,Raipur,2023-01-13,19.0,38.462466248290006,-19.462466248290006
116504,Guwahati,2024-04-03,23.0,38.79664467960243,-15.79664467960243
101823,Lucknow,2024-03-10,49.0,37.77230046020224,11.22769953979776
116065,Ahmedabad,2024-10-14,44.0,38.4949729102546,5.505027089745404
108119,Kochi,2024-08-27,35.0,39.08285719010348,-4.082857190103482
100331,Bhopal,2024-10-27,41.0,37.86778376989449,3.132216230105513
112637,Visakhapatnam,2023-06-29,11.0,38.09591609072261,-27.09591609072261
107345,Patna,2023-10-09,24.0,37.91972770461151,-13.91972770461151
103338,Ahmedabad,2023-03-15,48.0,39.03693048702018,8.963069512979821
116683,Ahmedabad,2023-04-04,9.0,38.32050148430425,-29.32050148430425
120247,Bengaluru,2024-01-10,42.0,37.89015511803792,4.109844881962083
110477,Patna,2023-03-23,44.0,38.09328800952396,5.90671199047604
111243,Kolkata,2024-04-19,25.0,38.040097325013015,-13.040097325013017
107319,Pune,2024-10-20,34.0,38.400788232840014,-4.400788232840014
100528,Indore,2024-01-22,13.0,39.06729453142543,-26.067294531425425
108624,Guwahati,2024-09-23,19.0,38.14525564158113,-19.14525564158113
103091,Ludhiana,2023-11-28,31.0,38.319375465581096,-7.319375465581096
110981,Chandigarh,2023-05-13,40.0,38.28981663577604,1.7101833642239654
112450,Raipur,2023-09-30,34.0,38.772009459162646,-4.772009459162646
114450,Bengaluru,2023-09-06,26.0,38.04700176873823,-12.047001768738228
115892,Ahmedabad,2023-02-11,43.0,38.11444815056563,4.885551849434371
108061,Mumbai,2024-02-17,38.0,37.9570858374025,0.0429141625974978
116557,Ahmedabad,2024-10-07,44.0,38.183440222431855,5.816559777568145
112587,Ahmedabad,2024-08-21,19.0,37.67299254901278,-18.672992549012783
119242,Kolkata,2024-01-23,30.0,38.08324106801147,-8.083241068011468
116102,Kochi,2023-06-18,15.0,37.76329176499986,-22.763291764999863
107990,Ahmedabad,2023-03-12,43.0,38.29889072605934,4.701109273940659
114697,Surat,2024-02-18,49.0,38.104711744822175,10.895288255177825
104000,Coimbatore,2023-09-27,45.0,38.36676679870121,6.633233201298793
109645,Chandigarh,2023-11-17,38.0,38.84076774835376,-0.8407677483537555
115773,Coimbatore,2023-02-13,51.0,37.303550830822594,13.696449169177406
102114,Indore,2023-12-29,22.0,38.56777249963481,-16.567772499634813
106030,Bengaluru,2023-08-05,30.0,38.06567694387183,-8.065676943871829
119665,Bhopal,2023-04-16,31.0,38.15408668010559,-7.154086680105593
101134,Ahmedabad,2023-01-09,24.0,39.02507284708156,-15.02507284708156
112177,Lucknow,2024-04-08,37.0,38.384253959994645,-1.3842539599946448
119414,Patna,2024-01-01,38.0,38.61964333271733,-0.619643332717331
112821,Delhi,2024-04-11,58.0,37.72965976990974,20.270340230090262
109967,Vadodara,2024-12-25,50.0,37.79579262677297,12.204207373227028
117803,Kochi,2023-11-27,27.0,37.74662308446386,-10.746623084463865
116471,Kolkata,2024-11-20,17.0,39.19031881249592,-22.190318812495924
116108,Kolkata,2023-10-25,27.0,38.2256395749135,-11.2256395749135
103037,Vadodara,2024-07-30,35.0,38.29351928679402,-3.293519286794023
100703,Coimbatore,2024-04-29,33.0,37.80240620701182,-4.8024062070118205
115045,Nagpur,2024-05-12,50.0,38.61559769791264,11.384402302087366
108554,Indore,2024-12-14,76.0,38.6014679362394,37.398532063760605
113992,Raipur,2024-03-19,42.0,38.28651121747339,3.7134887825266105
110216,Vadodara,2024-03-11,65.0,37.622095072978105,27.37790492702189
110616,Kochi,2023-09-05,29.0,39.08453081048116,-10.084530810481157
104073,Kolkata,2024-01-05,56.0,38.38191090532224,17.618089094677764
117393,Lucknow,2023-01-09,37.0,38.34844635308834,-1.3484463530883417
102326,Raipur,2023-02-17,81.0,38.80586275575676,42.19413724424325
103146,Guwahati,2023-02-25,48.0,38.48072083772867,9.519279162271332
112476,Patna,2023-02-06,32.0,38.03181810784209,-6.031818107842092
101073,Kolkata,2023-01-15,25.0,38.34236058634541,-13.342360586345414
111281,Bhubaneswar,2024-12-13,45.0,38.76891853859909,6.231081461400912
117274,Guwahati,2024-05-25,50.0,38.2302148332242,11.769785166775796
101367,Kochi,2024-07-15,43.0,38.11681283540424,4.8831871645957605
104994,Ahmedabad,2023-06-04,32.0,37.84454094443549,-5.844540944435487
103848,Visakhapatnam,2024-05-10,28.0,38.14373567190901,-10.143735671909011
104525,Coimbatore,2024-12-04,29.0,38.30465855956613,-9.304658559566128
104055,Coimbatore,2024-06-01,34.0,37.3830030345592,-3.383003034559195
103285,Coimbatore,2023-12-11,32.0,37.422364704558994,-5.422364704558994
118902,Ahmedabad,2023-08-02,16.0,37.97182865557151,-21.971828655571507
114141,Vadodara,2024-04-25,32.0,38.21943287973634,-6.219432879736338
118331,Coimbatore,2023-11-05,58.0,38.16467619318789,19.835323806812102
102127,Indore,2023-01-29,74.0,38.84112862303516,35.15887137696484
119305,Chandigarh,2024-07-09,25.0,38.51011224437894,-13.510112244378938
107027,Ahmedabad,2023-02-05,39.0,38.003712552186194,0.9962874478138062
119376,Lucknow,2024-02-07,40.0,39.26209633583717,0.737903664162836
103973,Patna,2024-09-03,37.0,38.32066376959689,-1.3206637695968908
108823,Lucknow,2024-03-21,21.0,38.013530764709,-17.013530764709003
111748,Jaipur,2024-08-26,41.0,38.94500155479787,2.0549984452021306
109946,Guwahati,2023-07-27,23.0,38.444438197627,-15.444438197627
110702,Lucknow,2024-10-02,46.0,39.25666952691715,6.74333047308285
105478,Lucknow,2023-11-13,20.0,38.386253518696535,-18.38625351869653
115690,Raipur,2024-07-30,39.0,38.43737045131069,0.5626295486893085
112995,Guwahati,2023-12-25,41.0,38.13727182153461,2.862728178465396
111067,Bhubaneswar,2024-02-21,41.0,38.606585876361,2.3934141236389976
114719,Delhi,2024-08-12,19.0,37.59272212927143,-18.59272212927143
115918,Visakhapatnam,2023-05-31,12.0,38.55833356542153,-26.558333565421528
104911,Pune,2024-06-03,43.0,37.73688503147032,5.263114968529678
101906,Kolkata,2024-10-16,29.0,38.62857543142504,-9.62857543142504
119723,Nashik,2024-10-03,25.0,38.59318601218207,-13.593186012182072
115161,Pune,2024-03-30,34.0,39.17813726707515,-5.178137267075151
100145,Vadodara,2023-12-31,36.0,37.5708255618744,-1.5708255618744005
120348,Mumbai,2023-11-15,38.0,39.09394812702282,-1.09394812702282
110607,Kolkata,2024-05-31,30.0,37.53882188617926,-7.538821886179257
109807,Hyderabad,2023-04-30,44.0,38.314278555970525,5.685721444029475
110856,Visakhapatnam,2023-11-24,26.0,38.558109614746265,-12.558109614746265
101508,Ludhiana,2023-09-18,46.0,38.10551994807436,7.89448005192564
110532,Hyderabad,2023-03-17,32.0,38.79178300927437,-6.7917830092743685
103499,Visakhapatnam,2023-02-04,42.0,38.22518138646838,3.7748186135316217
105215,Surat,2023-12-30,81.0,38.65880944832945,42.34119055167055
113819,Vadodara,2023-07-06,18.0,37.67754949163493,-19.677549491634927
102037,Delhi,2024-07-04,41.0,37.85861295567337,3.141387044326628
107703,Bhubaneswar,2023-06-04,52.0,37.83447696742078,14.165523032579223
101777,Guwahati,2024-10-14,17.0,37.76398911012482,-20.763989110124815
101412,Indore,2024-06-09,47.0,38.66781467713348,8.332185322866522
111087,Delhi,2023-11-29,31.0,38.79614656333662,-7.79614656333662
105232,Guwahati,2024-07-02,45.0,38.61673470857115,6.383265291428849
105061,Visakhapatnam,2024-05-19,24.0,39.07762331591488,-15.077623315914884
113886,Nagpur,2024-04-14,34.0,38.28623763565091,-4.286237635650913
116644,Ludhiana,2023-11-30,68.0,37.83993256804797,30.16006743195203
105794,Delhi,2023-06-21,35.0,38.65953607577322,-3.659536075773218
105106,Patna,2023-04-29,25.0,38.08890750570678,-13.08890750570678
114873,Nagpur,2023-03-22,71.0,38.95956173954768,32.04043826045232
112473,Ludhiana,2023-09-21,54.0,37.51848126851933,16.48151873148067
111271,Guwahati,2023-10-20,39.0,37.38632960204767,1.6136703979523332
106275,Surat,2024-05-14,30.0,38.24932672940825,-8.249326729408253
107202,Chennai,2024-05-07,26.0,38.293924450446205,-12.293924450446204
105176,Chennai,2023-01-04,58.0,38.06733569796136,19.93266430203865
108295,Bhopal,2024-08-08,32.0,38.38212307771094,-6.382123077710944
105269,Chennai,2024-06-10,33.0,38.10263589804211,-5.102635898042109
109488,Bengaluru,2023-12-05,34.0,38.60945210729288,-4.609452107292881
104386,Bhopal,2023-08-26,19.0,38.31227898849804,-19.31227898849804
100027,Chandigarh,2024-11-11,26.0,38.68798543012171,-12.687985430121708
119300,Patna,2023-07-08,59.0,38.6798538486518,20.320146151348204
110181,Visakhapatnam,2023-02-13,82.0,37.415118031757935,44.58488196824207
113488,Chandigarh,2023-08-07,27.0,37.96200855711012,-10.962008557110115
116493,Bhubaneswar,2023-10-09,36.0,37.5351561546685,-1.535156154668499
118789,Jaipur,2023-02-11,44.0,37.78612897940133,6.213871020598667
106851,Lucknow,2023-09-21,25.0,37.72050073045042,-12.720500730450418
100510,Surat,2023-07-23,30.0,38.09391894620766,-8.093918946207658
104573,Patna,2023-01-30,46.0,38.419155804623045,7.580844195376954
102183,Chandigarh,2024-09-24,48.0,38.65840761093904,9.341592389060956
111868,Pune,2024-07-24,30.0,38.6261780478306,-8.6261780478306
119332,Bengaluru,2024-03-16,21.0,38.085908324955454,-17.085908324955454
104193,Nashik,2023-11-15,29.0,38.320870308082455,-9.320870308082457
112888,Coimbatore,2023-11-19,45.0,37.78803895547063,7.211961044529367
114034,Hyderabad,2024-08-08,43.0,38.642520499495696,4.357479500504304
112165,Bhopal,2024-08-29,42.0,38.11298940882732,3.8870105911726816
111600,Surat,2024-02-29,43.0,38.334688403786274,4.665311596213726
112396,Bengaluru,2023-01-30,32.0,37.9868948237301,-5.986894823730104
100415,Ludhiana,2024-01-01,85.0,37.74124128808048,47.25875871191952
104646,Chandigarh,2023-06-26,41.0,38.42015678470637,2.5798432152936286
104175,Visakhapatnam,2023-03-11,33.0,38.2065490220137,-5.206549022013704
103780,Coimbatore,2023-07-15,40.0,38.60672047400944,1.3932795259905646
117118,Indore,2023-01-21,31.0,38.53760743403085,-7.537607434030853
119539,Kochi,2024-11-18,60.0,38.636914945928,21.363085054072
120424,Vadodara,2023-09-23,23.0,38.65934182486782,-15.659341824867823
117552,Hyderabad,2024-05-07,30.0,38.54891241375713,-8.54891241375713
100749,Mumbai,2023-01-24,33.0,38.40992197742545,-5.409921977425448
102093,Lucknow,2024-12-20,43.0,38.42226134515294,4.57773865484706
105498,Bhopal,2024-09-02,33.0,38.06730796248692,-5.067307962486915
111364,Lucknow,2023-05-18,21.0,38.382616081142224,-17.382616081142224
116948,Ahmedabad,2024-10-13,27.0,38.958814786738806,-11.958814786738806
120190,Chennai,2024-09-08,31.0,38.2459014155864,-7.245901415586402
105437,Kolkata,2024-03-08,30.0,37.94930026302817,-7.949300263028171
113673,Chandigarh,2023-11-20,40.0,37.92248121702742,2.0775187829725823
115970,Lucknow,2023-11-16,44.0,38.53490646228061,5.46509353771939
118564,Kolkata,2023-12-15,38.0,38.912157392905584,-0.9121573929055842
112984,Patna,2024-02-08,52.0,39.2709648526257,12.729035147374296
118342,Mumbai,2023-09-12,44.0,38.355189954103686,5.644810045896314
118182,Surat,2023-06-09,11.0,38.39172952195518,-27.391729521955178
106467,Surat,2023-10-03,43.0,38.455573861321774,4.544426138678226
102260,Ahmedabad,2024-04-21,58.0,38.3046611343881,19.6953388656119
115938,Raipur,2023-06-09,40.0,38.34861082779416,1.651389172205846
104372,Visakhapatnam,2023-07-29,43.0,37.90424218667427,5.095757813325733
105212,Pune,2023-08-25,63.0,38.3994912927834,24.600508707216605
105085,Chennai,2023-09-14,56.0,38.35617309403359,17.643826905966407
104609,Ludhiana,2023-02-03,31.0,38.34660465206336,-7.346604652063362
110698,Patna,2024-07-07,27.0,37.87926741354627,-10.879267413546271
115701,Hyderabad,2023-06-26,40.0,38.37998702204426,1.6200129779557386
106655,Pune,2023-10-06,44.0,37.947178510149925,6.052821489850075
114750,Bhopal,2023-02-16,33.0,38.04367790724771,-5.043677907247712
115138,Delhi,2023-10-04,74.0,38.40803674147603,35.59196325852397
112419,Indore,2024-09-03,33.0,38.055442082041374,-5.055442082041374
114633,Kolkata,2024-04-29,44.0,37.75332119674727,6.246678803252728
114479,Vadodara,2023-06-22,27.0,38.54860775631439,-11.54860775631439
120437,Ahmedabad,2024-12-17,31.0,39.12493887902742,-8.124938879027418
101321,Indore,2023-05-10,34.0,37.87371950780816,-3.873719507808154
115386,Nagpur,2023-05-14,29.0,38.37654649531783,-9.376546495317832
102116,Coimbatore,2024-12-19,53.0,38.215720685425005,14.784279314574995
114935,Lucknow,2023-10-30,35.0,37.80472911883879,-2.804729118838786
120115,Ahmedabad,2024-12-24,8.0,38.51102420572387,-30.51102420572387
112434,Guwahati,2024-12-21,36.0,38.66767984795043,-2.667679847950432
119853,Ahmedabad,2023-07-18,37.0,38.366373411589066,-1.3663734115890662
109348,Indore,2024-02-06,33.0,38.7141254816949,-5.7141254816949
110324,Chennai,2024-06-30,39.0,38.24081997433383,0.7591800256661685
102462,Bhopal,2024-05-16,49.0,37.89158361584873,11.108416384151267
102269,Indore,2023-04-04,24.0,38.18324522426551,-14.183245224265503
116296,Coimbatore,2024-06-30,33.0,38.38431495740012,-5.384314957400122
109485,Coimbatore,2024-09-07,45.0,38.88445577751652,6.115544222483479
118959,Bhubaneswar,2024-07-26,50.0,38.730428805735535,11.269571194264463
101492,Chennai,2024-08-23,17.0,38.85602961842996,-21.85602961842996
104439,Hyderabad,2024-09-25,50.0,37.97612934394415,12.023870656055848
111915,Chennai,2023-07-26,35.0,38.24736252469531,-3.247362524695312
112391,Kochi,2024-01-19,36.0,37.87140195485425,-1.871401954854249
108458,Hyderabad,2024-08-25,18.0,38.0821806684833,-20.082180668483304
100135,Chandigarh,2023-05-04,38.0,38.857869948648,-0.8578699486479948
114123,Bhopal,2024-05-02,24.0,37.6195561230585,-13.6195561230585
109496,Surat,2023-08-03,21.0,38.711382823264245,-17.711382823264245
117687,Ludhiana,2023-06-09,40.0,38.696636523128994,1.3033634768710058
111674,Kochi,2024-09-15,35.0,38.1132251445932,-3.1132251445932013
119392,Raipur,2024-08-23,35.0,38.02167930016512,-3.0216793001651183
100086,Indore,2023-04-15,33.0,37.723633076316005,-4.7236330763160055
108021,Ludhiana,2024-12-31,47.0,38.932141069688,8.067858930312
113451,Hyderabad,2024-02-28,81.0,38.55691045849844,42.44308954150157
104707,Kochi,2024-04-03,30.0,38.17906562428698,-8.179065624286984
117298,Hyderabad,2024-02-23,69.0,38.42707460505565,30.57292539494436
104369,Chennai,2024-03-13,25.0,38.21530694257696,-13.21530694257696
104719,Coimbatore,2024-05-23,48.0,38.002801011646255,9.997198988353745
102267,Coimbatore,2023-06-18,65.0,38.45230236003,26.547697639970004
111889,Vadodara,2023-11-16,43.0,38.37481878816428,4.625181211835724
103933,Kolkata,2024-02-10,30.0,38.24641852757987,-8.24641852757987
100724,Bhubaneswar,2023-07-04,51.0,37.9345731939573,13.0654268060427
108729,Coimbatore,2024-08-28,37.0,37.72804385668745,-0.7280438566874494
108468,Surat,2024-04-02,53.0,39.1697968883437,13.830203111656305
110377,Kochi,2024-08-26,40.0,38.14592375472923,1.854076245270768
113801,Delhi,2024-03-08,67.0,38.24812721431422,28.751872785685777
114477,Kolkata,2023-10-17,70.0,39.27989771510553,30.720102284894477
106737,Surat,2024-12-02,21.0,38.30254869185851,-17.30254869185851
107798,Surat,2024-08-03,31.0,37.81903630083096,-6.819036300830959
111547,Bhubaneswar,2023-11-24,32.0,39.231299339083954,-7.231299339083954
109789,Indore,2023-04-14,44.0,38.53891267767813,5.461087322321866
115040,Bhopal,2023-12-21,38.0,38.22877139911379,-0.2287713991137892
114547,Bhubaneswar,2023-03-20,36.0,38.73709656076208,-2.737096560762076
104620,Mumbai,2023-09-13,8.0,37.96216548987392,-29.96216548987392
107839,Pune,2024-03-30,27.0,38.668789670968,-11.668789670968003
110096,Nashik,2024-10-03,71.0,37.7778469256747,33.2221530743253
100521,Chandigarh,2024-07-31,41.0,38.87119156717452,2.12880843282548
110228,Visakhapatnam,2024-05-01,35.0,37.88925355801756,-2.8892535580175576
101610,Raipur,2024-05-18,35.0,37.69374633942593,-2.693746339425928
102565,Jaipur,2024-07-11,39.0,37.883581140041,1.1164188599590048
112352,Pune,2024-05-01,51.0,38.58308929974942,12.416910700250584
107218,Ludhiana,2023-08-02,27.0,38.67693821085104,-11.676938210851034
109304,Delhi,2024-02-03,64.0,37.183868234016,26.816131765984
109227,Nagpur,2024-06-30,50.0,38.90873554121119,11.091264458788809
119702,Guwahati,2024-09-02,37.0,38.21530373485884,-1.2153037348588356
100524,Delhi,2024-05-08,33.0,38.01431285276704,-5.014312852767041
117131,Coimbatore,2024-09-07,75.0,38.40652222076665,36.59347777923335
105368,Nagpur,2024-01-04,60.0,37.205752917601686,22.794247082398314
111754,Guwahati,2023-11-25,25.0,38.61249456611087,-13.612494566110868
100968,Bhopal,2024-07-04,29.0,38.651201333090576,-9.651201333090576
101965,Pune,2023-05-06,40.0,38.227500998875925,1.7724990011240749
103102,Patna,2024-06-12,73.0,38.04486116109796,34.955138838902045
109134,Bengaluru,2024-03-10,51.0,38.45699711762673,12.543002882373273
106261,Ludhiana,2024-03-30,40.0,38.24364506190154,1.756354938098461
100020,Kolkata,2023-03-11,36.0,37.75485422984238,-1.7548542298423797
110679,Mumbai,2023-05-23,48.0,38.42666046596021,9.573339534039796
112323,Guwahati,2024-07-25,39.0,38.72455113637637,0.2754488636236303
119106,Bhubaneswar,2024-06-18,33.0,37.85201605059138,-4.852016050591381
117444,Coimbatore,2024-11-05,39.0,39.93831404765936,-0.938314047659361
113948,Guwahati,2024-12-07,30.0,37.6850847804157,-7.6850847804157
114768,Patna,2023-07-16,24.0,37.329255074095904,-13.329255074095904
106544,Patna,2023-05-19,16.0,38.93243896452216,-22.93243896452216
100964,Indore,2023-11-07,43.0,37.78153743280007,5.2184625671999285
119582,Bengaluru,2023-09-27,25.0,37.57379325787007,-12.573793257870072
109053,Nashik,2024-10-16,14.0,37.919968159228254,-23.91996815922825
115410,Kochi,2024-10-25,30.0,37.5196065598666,-7.519606559866595
104862,Patna,2023-01-19,21.0,38.26298750307397,-17.262987503073973
115837,Kolkata,2024-02-03,25.0,38.93770529707264,-13.93770529707264
107880,Vadodara,2023-07-03,60.0,38.43595769167052,21.564042308329483
117458,Vadodara,2024-03-08,36.0,38.75933831370772,-2.7593383137077225
103065,Delhi,2024-03-10,38.0,38.01315398613952,-0.0131539861395211
117046,Kolkata,2023-07-03,30.0,38.34736398031233,-8.34736398031233
118280,Indore,2023-03-02,33.0,38.41827538326594,-5.418275383265943
112205,Chandigarh,2023-01-01,51.0,38.41739637792594,12.58260362207406
119762,Bhubaneswar,2023-09-23,30.0,38.662581116445686,-8.662581116445686
119025,Raipur,2024-08-31,22.0,37.58866168035651,-15.588661680356507
112277,Nagpur,2023-08-04,69.0,39.03023720206531,29.96976279793469
116077,Guwahati,2024-05-22,21.0,38.55548807443951,-17.55548807443951
109586,Kochi,2023-05-30,37.0,38.067300865590894,-1.0673008655908944
104882,Delhi,2024-05-13,37.0,39.00121212290297,-2.0012121229029702
116895,Vadodara,2023-01-24,37.0,38.47337385669604,-1.4733738566960357
102990,Kolkata,2023-03-18,18.0,38.34245790194822,-20.342457901948222
101496,Chennai,2023-11-15,24.0,37.497681188884165,-13.497681188884163
117141,Hyderabad,2023-02-17,42.0,38.16173085540078,3.838269144599217
109664,Nagpur,2024-01-05,35.0,37.93944373668321,-2.9394437366832094
104069,Kochi,2023-12-05,37.0,38.23776835403888,-1.2377683540388844
109074,Bhopal,2023-08-26,37.0,38.27753463308501,-1.2775346330850113
106586,Hyderabad,2024-06-30,57.0,37.99708729440623,19.00291270559377
115084,Hyderabad,2023-08-25,81.0,38.0431823047579,42.9568176952421
116814,Delhi,2023-08-02,37.0,37.96917870726447,-0.9691787072644686
109703,Mumbai,2023-09-15,37.0,38.97658485812929,-1.9765848581292929
103190,Bhubaneswar,2024-04-04,69.0,37.856284699675854,31.143715300324143
115858,Chandigarh,2023-08-22,49.0,38.07970619556434,10.92029380443566
118123,Delhi,2023-03-26,42.0,38.43982637978101,3.5601736202189898
105665,Mumbai,2024-02-08,44.0,38.88284034350343,5.117159656496575
115082,Visakhapatnam,2024-09-03,80.0,39.07156911415553,40.92843088584447
117055,Mumbai,2023-04-29,30.0,38.59008544950954,-8.590085449509544
113469,Chandigarh,2023-12-19,36.0,38.29202486160705,-2.2920248616070467
115864,Indore,2024-07-19,62.0,38.040331607245015,23.959668392754985
109911,Guwahati,2023-07-06,76.0,38.33824365708906,37.66175634291094
112844,Jaipur,2024-09-22,22.0,38.44983093133997,-16.449830931339967
120279,Bhubaneswar,2024-08-18,24.0,37.985419652912384,-13.985419652912384
116487,Chennai,2024-06-28,26.0,38.194542021428006,-12.194542021428006
110700,Raipur,2023-07-13,38.0,39.34898370436715,-1.34898370436715
112682,Raipur,2024-02-14,25.0,38.37205296837215,-13.372052968372152
102529,Ludhiana,2024-01-08,46.0,38.57254561967134,7.427454380328662
117759,Chandigarh,2023-09-06,28.0,37.90635783670122,-9.906357836701218
101793,Kolkata,2023-10-06,24.0,37.76162052191295,-13.761620521912944
112688,Mumbai,2023-03-30,32.0,38.399282071326944,-6.399282071326944
102743,Bhopal,2024-01-27,27.0,37.92942128235925,-10.92942128235925
105265,Indore,2024-11-04,46.0,37.68897262141768,8.311027378582324
107348,Kolkata,2023-01-22,21.0,37.78992244242527,-16.789922442425265
115484,Kochi,2023-08-15,20.0,39.24367504796,-19.243675047960004
105550,Bhopal,2023-04-07,23.0,37.947820297554514,-14.947820297554514
107707,Pune,2023-07-17,44.0,39.89461108396569,4.105388916034308
103634,Hyderabad,2024-07-18,32.0,38.96220148322119,-6.962201483221193
116513,Kochi,2023-12-30,25.0,38.27905024292602,-13.27905024292602
106311,Patna,2023-04-02,29.0,38.40398673778775,-9.403986737787749
116431,Chandigarh,2024-03-14,56.0,38.0537569043202,17.946243095679797
101708,Coimbatore,2023-06-22,30.0,38.85254877099463,-8.85254877099463
117214,Raipur,2023-07-05,30.0,38.35492350560724,-8.354923505607239
101113,Lucknow,2023-05-21,32.0,38.59428765324879,-6.594287653248792
107640,Chennai,2023-06-24,18.0,38.6206559982805,-20.620655998280498
110646,Guwahati,2024-06-15,35.0,38.58584659589631,-3.5858465958963066
116345,Chennai,2024-10-06,16.0,38.58129152994847,-22.581291529948476
107135,Hyderabad,2024-09-17,37.0,38.29260462581844,-1.2926046258184414
106927,Patna,2024-05-06,21.0,38.48863950083294,-17.48863950083294
102063,Hyderabad,2023-06-12,46.0,38.46751500164893,7.532484998351073
113359,Nagpur,2023-09-15,38.0,37.80462324055266,0.1953767594473419
104457,Bhubaneswar,2024-10-20,25.0,38.35924506920341,-13.35924506920341
118823,Nashik,2024-03-20,29.0,38.1386290043968,-9.138629004396796
103953,Kolkata,2024-04-12,15.0,38.8726318271856,-23.8726318271856
111634,Guwahati,2024-10-23,36.0,38.2015121872541,-2.201512187254103
101862,Bengaluru,2024-07-04,40.0,37.9851733726891,2.014826627310903
109846,Indore,2024-09-05,20.0,37.9178287937029,-17.917828793702903
100667,Hyderabad,2023-05-25,61.0,38.370815749006354,22.62918425099365
100877,Chennai,2023-08-27,14.0,37.93490661963684,-23.93490661963684
101457,Bengaluru,2024-11-05,25.0,38.35831320633108,-13.358313206331085
118155,Ahmedabad,2023-10-20,33.0,38.92319111095994,-5.923191110959941
112706,Bhubaneswar,2023-09-16,52.0,38.33522628731164,13.664773712688358
115699,Vadodara,2023-08-16,67.0,38.08554034450943,28.914459655490568
103230,Patna,2023-06-10,32.0,38.326327632897815,-6.326327632897815
112256,Patna,2024-10-31,27.0,37.99381288890195,-10.99381288890195
115569,Surat,2023-10-20,40.0,37.864830334395485,2.135169665604515
104738,Bengaluru,2024-01-12,36.0,37.53837830936846,-1.538378309368461
116019,Lucknow,2023-12-15,18.0,38.48009595780126,-20.48009595780126
110691,Jaipur,2024-09-14,70.0,37.9591377495223,32.0408622504777
106836,Kochi,2024-12-09,37.0,38.09432607989103,-1.094326079891033
103010,Chennai,2024-01-19,33.0,37.06447618506552,-4.064476185065516
105492,Hyderabad,2023-07-01,35.0,38.298504803792135,-3.2985048037921345
115584,Bhubaneswar,2024-07-14,32.0,37.98589297618586,-5.985892976185859
109861,Mumbai,2023-09-14,8.0,37.77091274899578,-29.770912748995777
109616,Lucknow,2023-06-19,41.0,39.65043575970261,1.34956424029739
110050,Vadodara,2024-11-22,13.0,38.237409579497445,-25.237409579497445
110810,Kolkata,2023-07-06,33.0,38.698163490513416,-5.698163490513416
105059,Raipur,2023-11-08,59.0,38.84904156267245,20.150958437327557
112212,Nagpur,2023-02-27,52.0,38.78236457521367,13.21763542478633
118841,Pune,2023-11-04,8.0,38.5812686760913,-30.581268676091295
107984,Hyderabad,2024-11-15,28.0,38.381777783775895,-10.381777783775895
113404,Coimbatore,2023-10-01,42.0,38.04592560879674,3.9540743912032568
111046,Lucknow,2023-03-05,43.0,38.05057200392095,4.949427996079052
104731,Coimbatore,2024-05-18,31.0,38.7322421084385,-7.732242108438498
102645,Chennai,2024-01-07,41.0,38.22857945945829,2.771420540541712
106154,Bhopal,2023-03-31,46.0,37.941065382988704,8.058934617011296
100101,Mumbai,2024-02-02,28.0,38.22024940584611,-10.220249405846111
107629,Kolkata,2023-02-14,27.0,38.63884699229779,-11.638846992297792
108831,Nashik,2024-03-21,25.0,37.03450048709108,-12.03450048709108
118400,Hyderabad,2024-04-11,43.0,38.408572549372224,4.591427450627776
105436,Coimbatore,2023-12-26,32.0,38.270686581116735,-6.270686581116735
102965,Coimbatore,2023-05-12,42.0,38.26754825517865,3.732451744821347
104421,Surat,2023-07-26,35.0,38.53633998819444,-3.536339988194434
103445,Chandigarh,2023-09-13,31.0,37.616107985012654,-6.616107985012654
113209,Chandigarh,2024-02-08,26.0,38.42301325942618,-12.423013259426178
104220,Nashik,2024-12-18,36.0,38.182518378293935,-2.182518378293935
109669,Kolkata,2024-11-05,17.0,38.20253405524166,-21.202534055241657
116596,Coimbatore,2024-05-19,40.0,37.53183475114351,2.4681652488564936
103729,Coimbatore,2024-09-20,28.0,38.24478234999139,-10.24478234999139
118891,Kolkata,2023-03-31,44.0,38.27062894968945,5.729371050310547
119298,Ludhiana,2023-02-16,44.0,38.48274894574499,5.517251054255013
110820,Vadodara,2023-08-07,50.0,38.76288295563128,11.237117044368723
101143,Raipur,2023-11-19,35.0,38.5793318532844,-3.579331853284401
100382,Jaipur,2023-11-22,14.0,38.25054670283076,-24.25054670283076
119293,Bhubaneswar,2023-04-05,44.0,38.68870761912344,5.311292380876559
118034,Chennai,2023-11-22,28.0,39.10751517380815,-11.107515173808151
119981,Pune,2023-04-02,50.0,38.14142192469993,11.858578075300072
113005,Coimbatore,2024-04-27,28.0,38.00110466167398,-10.001104661673978
114088,Bhopal,2024-05-22,54.0,37.89686459074764,16.10313540925236
112542,Chennai,2024-05-03,37.0,38.643247578412776,-1.643247578412776
116937,Lucknow,2024-03-19,18.0,37.998900410121365,-19.998900410121365
114683,Vadodara,2024-06-12,32.0,38.49114024620978,-6.491140246209781
118561,Chandigarh,2024-11-10,34.0,38.009524315166864,-4.009524315166864
116918,Coimbatore,2024-04-03,78.0,38.637909838413634,39.362090161586366
116708,Bhopal,2024-09-28,17.0,38.215782510475975,-21.21578251047597
110097,Vadodara,2023-09-05,55.0,38.09828332017426,16.90171667982574
101059,Chandigarh,2023-01-27,34.0,39.28000566853359,-5.28000566853359
109201,Chandigarh,2024-09-11,29.0,38.126341523569344,-9.126341523569344
107944,Kochi,2024-05-10,28.0,37.987297044103016,-9.987297044103016
105228,Raipur,2023-05-28,28.0,38.93920959381212,-10.939209593812116
100757,Bhubaneswar,2023-07-19,36.0,38.461927108715166,-2.461927108715166
106181,Delhi,2024-09-07,16.0,36.90807756481118,-20.90807756481118
115735,Nashik,2023-11-16,44.0,37.71703109307908,6.282968906920921
120226,Surat,2023-08-14,51.0,38.56909006271282,12.430909937287176
114244,Visakhapatnam,2024-03-22,32.0,37.52703488628543,-5.527034886285428
110136,Ahmedabad,2023-01-15,31.0,38.50332606191625,-7.503326061916248
107494,Bhubaneswar,2024-09-15,22.0,38.141546038137385,-16.141546038137385
116024,Raipur,2023-08-04,37.0,38.911053354366494,-1.9110533543664945
118150,Ludhiana,2023-10-27,71.0,38.75375607559131,32.24624392440869
106566,Bhubaneswar,2023-07-09,20.0,38.75192461881725,-18.75192461881725
104275,Hyderabad,2023-05-07,34.0,38.284799180563816,-4.284799180563816
102295,Hyderabad,2024-10-29,43.0,38.369185734206326,4.630814265793674
105292,Patna,2024-05-12,53.0,38.58936249038752,14.410637509612478
118439,Visakhapatnam,2024-04-24,84.0,37.69395052840574,46.30604947159426
105616,Mumbai,2023-11-13,33.0,38.4178439270808,-5.417843927080796
114130,Chandigarh,2024-12-31,31.0,38.13028226896541,-7.130282268965409
108588,Kochi,2024-10-13,34.0,38.17883602177503,-4.178836021775027
103735,Raipur,2024-02-26,70.0,37.69647729404373,32.30352270595627
112967,Coimbatore,2023-08-23,18.0,38.8538097752488,-20.8538097752488
114743,Vadodara,2024-01-22,29.0,38.174862519807256,-9.174862519807256
114002,Coimbatore,2023-10-28,35.0,38.54561446208143,-3.5456144620814314
108686,Bhopal,2023-09-20,27.0,38.450255331049085,-11.450255331049084
106038,Ahmedabad,2023-02-06,30.0,37.26921108665295,-7.269211086652952
101272,Patna,2024-10-07,34.0,38.4645674457274,-4.464567445727397
104571,Ahmedabad,2024-10-04,58.0,38.57057078060344,19.42942921939656
109838,Ahmedabad,2023-12-17,39.0,38.39198417502451,0.6080158249754888
103727,Ahmedabad,2023-08-09,23.0,37.87797218407741,-14.877972184077414
104257,Nagpur,2024-05-21,36.0,38.39300909618127,-2.3930090961812667
103353,Pune,2023-06-11,37.0,38.24706208161004,-1.2470620816100393
116278,Mumbai,2023-07-28,27.0,37.95883171384456,-10.95883171384456
119631,Bhopal,2024-06-28,38.0,37.92873560121391,0.0712643987860914
119315,Indore,2023-02-01,34.0,38.44993726605977,-4.44993726605977
114844,Bhopal,2024-05-01,69.0,37.42505904233834,31.57494095766166
109775,Nashik,2024-01-30,37.0,38.96913803798104,-1.96913803798104
102177,Pune,2024-05-26,47.0,38.2095671444536,8.790432855546406
115200,Ludhiana,2023-10-06,30.0,38.115401134209165,-8.115401134209165
105598,Delhi,2024-08-16,36.0,38.208685595034055,-2.208685595034055
111969,Kolkata,2024-12-03,29.0,38.39206290833452,-9.392062908334516
112997,Guwahati,2023-04-25,43.0,37.79378094551275,5.206219054487249
117221,Kolkata,2023-04-20,66.0,38.22283793501399,27.777162064986012
116057,Indore,2023-09-09,20.0,37.94589986158436,-17.94589986158436
102157,Indore,2024-08-18,72.0,37.83190648502719,34.16809351497281
100161,Bhopal,2023-12-25,20.0,37.88546896100192,-17.88546896100192
111946,Nashik,2023-07-03,40.0,38.065923974872,1.9340760251280005
118255,Raipur,2024-09-30,37.0,37.89029947533236,-0.8902994753323625
116867,Coimbatore,2023-06-15,36.0,37.91765887950455,-1.9176588795045504
114325,Bhubaneswar,2024-07-09,32.0,38.95017844503557,-6.950178445035569
100348,Kolkata,2024-02-20,44.0,39.04358802932297,4.956411970677031
112132,Kochi,2024-09-27,71.0,38.16488377053189,32.83511622946811
119365,Bhubaneswar,2023-03-01,55.0,37.89383412955088,17.106165870449118
116877,Nashik,2024-07-01,21.0,39.510387486107454,-18.51038748610745
119191,Patna,2023-12-01,45.0,38.29382235494673,6.706177645053273
110430,Surat,2024-09-01,38.0,38.19178042003086,-0.1917804200308595
102311,Indore,2023-11-24,37.0,37.91869355570687,-0.9186935557068664
118513,Bengaluru,2023-09-06,73.0,39.16928354630567,33.83071645369433
100316,Kochi,2023-02-12,31.0,38.740802442438486,-7.740802442438486
107157,Mumbai,2023-12-30,28.0,38.33697041962778,-10.336970419627782
111615,Ludhiana,2023-06-03,40.0,38.40694531991969,1.5930546800803072
117437,Chandigarh,2024-01-24,59.0,38.42354742148152,20.57645257851848
110726,Chandigarh,2023-06-09,41.0,38.14392617520263,2.8560738247973703
118623,Pune,2024-08-08,16.0,38.4435321998669,-22.4435321998669
109107,Hyderabad,2023-04-20,49.0,39.45904260042765,9.540957399572356
101094,Visakhapatnam,2023-11-11,40.0,38.1162255160188,1.883774483981206
117948,Patna,2023-09-25,63.0,38.165271841288046,24.834728158711957
108664,Chandigarh,2024-04-04,47.0,38.581626989392696,8.418373010607304
112486,Surat,2023-01-09,38.0,37.96138487760512,0.03861512239488
110053,Hyderabad,2024-03-19,94.0,38.98216868706676,55.01783131293324
113411,Guwahati,2023-08-11,25.0,38.964949335188784,-13.964949335188784
110391,Kochi,2024-08-10,50.0,39.10325111531274,10.896748884687264
117406,Patna,2023-06-02,40.0,38.5920034977311,1.407996502268901
104522,Kochi,2024-09-30,25.0,38.45603759112145,-13.45603759112145
113889,Delhi,2023-03-29,54.0,38.57140742336744,15.42859257663256
115471,Ludhiana,2023-07-26,31.0,39.30908473198978,-8.309084731989778
116777,Indore,2024-07-22,25.0,38.87843414913853,-13.878434149138528
114311,Bhubaneswar,2023-04-21,33.0,38.04843714586347,-5.048437145863467
117627,Kochi,2023-11-21,75.0,38.30020068154881,36.69979931845119
103657,Jaipur,2024-06-14,90.0,38.39130182934837,51.60869817065163
107406,Visakhapatnam,2023-10-04,83.0,38.17284658217703,44.82715341782297
120167,Guwahati,2024-09-03,34.0,37.92739727734939,-3.927397277349392
108181,Lucknow,2024-10-25,53.0,38.03464342164484,14.965356578355165
101150,Delhi,2023-01-27,42.0,38.713716764333846,3.286283235666154
112732,Patna,2023-04-11,42.0,38.43994801167302,3.5600519883269826
110956,Bhubaneswar,2024-07-24,38.0,38.107001071002365,-0.1070010710023652
104845,Raipur,2023-12-11,47.0,38.38522456246161,8.614775437538391
105913,Bengaluru,2024-11-01,36.0,38.48782240684461,-2.4878224068446078
104255,Jaipur,2023-02-19,69.0,39.11342715454813,29.886572845451877
117838,Ahmedabad,2023-08-12,35.0,37.62641820246686,-2.6264182024668585
114406,Coimbatore,2023-02-08,79.0,37.46911147860392,41.530888521396086
118974,Guwahati,2024-08-08,8.0,38.53473319233894,-30.53473319233894
105153,Mumbai,2024-11-22,46.0,37.98698953233424,8.013010467665758
102280,Delhi,2023-03-31,44.0,37.92668407222656,6.073315927773436
105098,Chennai,2023-10-23,44.0,38.27447529475109,5.725524705248908
114983,Surat,2024-09-28,33.0,37.09660936448458,-4.0966093644845785
112785,Jaipur,2024-06-11,27.0,38.50088783887002,-11.50088783887002
108583,Mumbai,2024-08-03,46.0,38.97544929079189,7.024550709208107
104057,Patna,2024-04-11,27.0,38.37855288928297,-11.378552889282972
100046,Bhubaneswar,2023-04-04,21.0,38.640180417505526,-17.640180417505526
115797,Chennai,2024-10-01,43.0,38.08922510530434,4.910774894695663
116028,Patna,2023-10-06,44.0,39.13915202552358,4.860847974476421
115110,Ahmedabad,2023-04-26,45.0,38.48916013230113,6.51083986769887
115696,Visakhapatnam,2024-12-24,34.0,38.01252412414362,-4.012524124143617
114224,Chandigarh,2024-04-13,36.0,39.040307048665184,-3.040307048665184
107769,Kochi,2024-09-08,21.0,37.52077220440405,-16.520772204404047
107299,Bhopal,2024-04-09,22.0,38.18942461802908,-16.18942461802908
109652,Mumbai,2024-11-06,25.0,38.475749089347325,-13.475749089347325
119426,Kolkata,2023-12-29,23.0,37.61479927615537,-14.614799276155368
104594,Pune,2023-11-20,36.0,38.36590593615015,-2.365905936150149
109691,Mumbai,2023-12-31,32.0,38.47190876543479,-6.47190876543479
112134,Coimbatore,2023-11-13,29.0,38.94838682791917,-9.948386827919173
107727,Kochi,2024-09-03,37.0,38.63969056370967,-1.6396905637096708
100769,Indore,2023-12-13,43.0,38.12435176498531,4.875648235014687
106669,Nashik,2023-10-29,44.0,38.07756380274381,5.922436197256189
103760,Chennai,2023-10-25,46.0,38.00520468178566,7.994795318214336
106654,Ludhiana,2023-12-12,36.0,39.3000830454073,-3.3000830454072982
106436,Jaipur,2023-11-16,24.0,39.06104426709986,-15.06104426709986
117622,Vadodara,2023-07-16,37.0,37.96958358511314,-0.969583585113142
114649,Lucknow,2024-11-18,37.0,39.05292148763837,-2.052921487638372
116208,Visakhapatnam,2023-06-11,15.0,38.1373198614898,-23.1373198614898
118011,Kochi,2024-03-23,79.0,38.0601516074864,40.9398483925136
102756,Jaipur,2024-12-09,23.0,38.31663066865302,-15.31663066865302
111193,Bengaluru,2024-10-18,28.0,38.31858250227021,-10.31858250227021
116017,Pune,2023-11-30,40.0,37.91981595763251,2.080184042367492
111843,Surat,2024-03-29,41.0,38.386981376825744,2.613018623174256
116112,Kolkata,2023-03-17,52.0,38.057897769560114,13.942102230439886
106270,Patna,2023-04-27,31.0,38.58589044226928,-7.585890442269275
108876,Kochi,2024-07-26,58.0,38.50552896671445,19.49447103328555
105867,Jaipur,2024-02-20,35.0,38.28280576779933,-3.2828057677993243
118295,Hyderabad,2023-12-27,20.0,38.71259239050203,-18.71259239050203
112664,Vadodara,2023-03-21,92.0,38.50481526441231,53.49518473558769
114177,Raipur,2023-11-14,37.0,37.81127294371261,-0.8112729437126092
103166,Visakhapatnam,2024-04-25,33.0,38.32355948772464,-5.323559487724644
118559,Guwahati,2024-03-10,53.0,38.2349198963859,14.765080103614103
100475,Vadodara,2023-11-16,29.0,38.09149878374536,-9.091498783745358
120294,Visakhapatnam,2024-11-02,45.0,37.99597186269677,7.00402813730323
116988,Coimbatore,2024-09-23,37.0,38.97748911570569,-1.977489115705687
102148,Lucknow,2024-05-10,35.0,38.19162404536608,-3.191624045366076
102615,Lucknow,2024-10-08,26.0,38.15020593450196,-12.150205934501956
109166,Delhi,2024-05-15,43.0,38.17903692364485,4.820963076355156
103515,Hyderabad,2024-09-06,18.0,37.76190642106904,-19.76190642106904
112290,Ahmedabad,2023-02-11,18.0,37.841084177445495,-19.84108417744549
108971,Kochi,2024-07-19,32.0,38.320557707171325,-6.320557707171325
112236,Lucknow,2024-02-04,74.0,38.66541355244218,35.33458644755782
102158,Visakhapatnam,2024-11-29,21.0,38.20810577169357,-17.208105771693567
115540,Guwahati,2024-01-13,69.0,37.34083574497711,31.65916425502289
100793,Mumbai,2024-03-08,29.0,38.38271306989312,-9.382713069893114
101049,Bhubaneswar,2024-02-03,25.0,37.759464847002384,-12.759464847002384
110366,Vadodara,2024-05-02,38.0,38.107837382565215,-0.107837382565215
105649,Lucknow,2023-07-07,41.0,38.16183173825793,2.8381682617420694
119581,Vadodara,2024-09-27,43.0,38.46629312990047,4.533706870099529
112910,Raipur,2023-07-08,32.0,38.67441424672066,-6.674414246720659
102408,Raipur,2024-07-09,36.0,38.7044930875909,-2.704493087590897
117300,Kochi,2023-03-26,77.0,37.86785538593502,39.13214461406498
114759,Jaipur,2023-06-20,42.0,38.07307828773539,3.926921712264608
103979,Bhopal,2023-10-17,35.0,38.01871023984358,-3.0187102398435783
113008,Hyderabad,2024-12-26,32.0,38.729119030106126,-6.729119030106126
116340,Bengaluru,2023-12-10,27.0,38.648489282400256,-11.648489282400256
120384,Kochi,2024-11-12,46.0,38.68302856541373,7.316971434586271
100481,Mumbai,2024-05-29,21.0,38.00648162870486,-17.00648162870486
102720,Bhubaneswar,2023-09-03,20.0,38.52978251632917,-18.52978251632917
109519,Kolkata,2024-12-22,44.0,37.561739156120815,6.438260843879185
101561,Patna,2023-04-14,48.0,38.65465322511958,9.34534677488042
108042,Ludhiana,2023-04-28,55.0,39.08323152159804,15.916768478401965
106418,Coimbatore,2024-03-31,67.0,38.2555120775783,28.744487922421698
104470,Vadodara,2023-10-04,37.0,38.766851259691336,-1.766851259691336
112464,Mumbai,2023-11-19,49.0,38.67134736396554,10.328652636034462
118916,Patna,2024-05-10,47.0,38.60427383680148,8.395726163198525
109880,Ahmedabad,2023-11-23,27.0,38.19730512756452,-11.19730512756452
107353,Raipur,2024-09-02,20.0,37.22839085990031,-17.22839085990031
112036,Jaipur,2023-06-10,17.0,38.15363948768599,-21.153639487685997
112350,Bhubaneswar,2023-09-10,42.0,37.95021790345906,4.0497820965409375
119624,Pune,2024-07-06,36.0,39.04681002708586,-3.0468100270858613
118843,Bhopal,2023-02-23,20.0,37.88874361112115,-17.88874361112115
110621,Nagpur,2023-06-13,35.0,38.21892672517294,-3.218926725172942
108297,Bhubaneswar,2023-07-10,46.0,39.28727926627261,6.712720733727387
104041,Hyderabad,2024-12-31,36.0,38.66009546843713,-2.6600954684371274
116067,Ahmedabad,2024-03-11,50.0,38.51180475970536,11.488195240294637
108248,Hyderabad,2023-09-22,22.0,38.33245419699039,-16.33245419699039
104105,Patna,2024-03-12,62.0,39.20754552246149,22.792454477538502
105581,Bengaluru,2024-07-14,28.0,38.27784826603243,-10.277848266032429
107580,Lucknow,2024-08-29,21.0,38.04079462663895,-17.04079462663895
103650,Pune,2023-03-20,73.0,37.76522330872724,35.23477669127276
120411,Kolkata,2023-11-30,43.0,37.962328976063375,5.037671023936625
110874,Raipur,2024-06-09,48.0,38.2184203393398,9.7815796606602
110668,Visakhapatnam,2024-10-25,37.0,38.22740834292281,-1.227408342922807
112248,Guwahati,2024-01-19,41.0,38.07827287395516,2.9217271260448427
109934,Coimbatore,2024-11-09,25.0,38.17173671895706,-13.171736718957057
116607,Ludhiana,2023-06-11,45.0,38.15279059894068,6.847209401059317
113652,Nashik,2024-11-03,36.0,38.58555226404578,-2.5855522640457806
101634,Nashik,2023-04-17,32.0,37.84615191380987,-5.846151913809869
112787,Jaipur,2023-09-13,25.0,39.32172697646551,-14.321726976465506
113282,Surat,2023-01-05,53.0,37.56674416570334,15.43325583429666
108051,Ahmedabad,2023-02-02,48.0,38.2231413974832,9.776858602516803
109678,Pune,2023-04-30,97.0,38.64007471444186,58.35992528555814
114061,Raipur,2023-03-19,70.0,37.76415829541307,32.23584170458693
108870,Visakhapatnam,2024-03-25,35.0,38.50319627735164,-3.503196277351641
113700,Jaipur,2023-05-16,49.0,38.853765827466255,10.146234172533743
116373,Bengaluru,2024-02-26,14.0,38.094859795587936,-24.094859795587936
112443,Lucknow,2023-03-22,30.0,37.8418112446884,-7.841811244688394
112254,Ahmedabad,2024-06-20,47.0,38.54772649991839,8.45227350008161
118070,Pune,2023-04-21,14.0,38.157010675738576,-24.157010675738576
117679,Indore,2024-01-15,40.0,39.039260956713456,0.9607390432865444
112406,Indore,2023-03-17,37.0,38.63054576590537,-1.6305457659053673
100732,Patna,2024-06-04,32.0,38.48997811736247,-6.489978117362469
103150,Indore,2023-01-15,38.0,38.36660674359975,-0.3666067435997533
102612,Mumbai,2023-09-21,27.0,38.30273955307423,-11.302739553074224
110048,Nagpur,2024-05-20,41.0,37.98224417978797,3.017755820212031
118500,Ahmedabad,2024-10-26,42.0,37.49556368375974,4.504436316240259
116001,Hyderabad,2024-03-13,41.0,38.507567701437246,2.492432298562754
113449,Guwahati,2024-05-29,28.0,38.46816458599601,-10.468164585996009
110127,Pune,2024-09-20,24.0,38.0691218063629,-14.0691218063629
110684,Vadodara,2023-01-22,25.0,38.240817133054335,-13.240817133054335
120075,Surat,2024-02-02,42.0,38.91915807911912,3.0808419208808786
113902,Chandigarh,2024-07-18,38.0,38.20253992065686,-0.2025399206568607
110087,Kochi,2023-11-10,35.0,37.95469681623119,-2.9546968162311917
109189,Nashik,2024-08-05,35.0,37.82459554262648,-2.824595542626483
106996,Bhubaneswar,2024-12-12,31.0,37.95450995542256,-6.954509955422559
117880,Chennai,2024-02-11,47.0,38.1441812740542,8.855818725945802
109847,Visakhapatnam,2023-11-19,28.0,37.71355104228085,-9.713551042280848
112562,Guwahati,2024-04-09,72.0,38.29003708651748,33.70996291348252
105608,Hyderabad,2024-04-11,27.0,37.95049281267202,-10.950492812672024
104124,Kolkata,2024-03-15,14.0,37.57924093504492,-23.579240935044915
118941,Nashik,2023-01-07,31.0,37.9587671893897,-6.958767189389704
100663,Raipur,2023-03-16,30.0,37.57168696343604,-7.571686963436036
110779,Kochi,2024-12-15,46.0,38.15543212376114,7.844567876238862
103998,Surat,2023-01-28,41.0,38.389083796699175,2.6109162033008246
106073,Ludhiana,2023-06-23,47.0,37.8185833717015,9.1814166282985
105639,Surat,2024-03-22,32.0,37.84289794855497,-5.84289794855497
106265,Delhi,2023-05-30,32.0,38.02983345637108,-6.02983345637108
101602,Pune,2023-08-10,19.0,38.718491289756905,-19.718491289756905
115924,Bhubaneswar,2023-09-06,36.0,38.56231103367019,-2.5623110336701918
111450,Chandigarh,2023-02-09,32.0,37.989970414579865,-5.989970414579865
101329,Delhi,2024-02-17,26.0,37.68599305900083,-11.685993059000827
113472,Raipur,2023-07-28,35.0,38.931132214341424,-3.931132214341425
108799,Nashik,2024-05-25,40.0,37.85350311690448,2.146496883095523
110215,Jaipur,2023-07-20,24.0,38.43147260996749,-14.431472609967493
117764,Nashik,2023-05-14,34.0,37.94313915800316,-3.943139158003163
112013,Ahmedabad,2024-11-10,36.0,38.84330066086342,-2.84330066086342
103248,Bengaluru,2024-02-25,44.0,37.7724614728072,6.227538527192799
101420,Mumbai,2024-03-01,32.0,37.65180898052604,-5.651808980526042
114808,Lucknow,2023-09-22,25.0,38.56210477668747,-13.56210477668747
103078,Bhopal,2023-01-10,42.0,38.134309124437046,3.8656908755629535
107166,Kochi,2024-07-24,78.0,38.76237441587297,39.23762558412703
111166,Kochi,2024-06-09,54.0,38.9031203786118,15.096879621388204
113143,Surat,2024-08-11,64.0,38.355548638082446,25.644451361917557
112711,Delhi,2023-12-20,41.0,37.98870978095392,3.011290219046081
101756,Bhopal,2024-02-21,56.0,38.16390137563364,17.836098624366358
111919,Guwahati,2024-08-30,61.0,38.12528586321107,22.87471413678893
114259,Ludhiana,2023-12-02,8.0,38.57216858654538,-30.57216858654538
109467,Bhopal,2023-04-17,74.0,38.14827832069154,35.85172167930846
101281,Nashik,2023-03-03,15.0,38.31227979743731,-23.312279797437316
102495,Ahmedabad,2024-05-03,40.0,38.366099163191855,1.6339008368081451
111875,Nashik,2024-09-22,37.0,38.115799867464034,-1.115799867464034
105442,Guwahati,2023-12-07,16.0,37.935788792782894,-21.93578879278289
103278,Lucknow,2024-05-01,29.0,38.358037933977776,-9.358037933977776
100152,Ahmedabad,2024-10-28,69.0,37.85853742799748,31.14146257200252
103257,Raipur,2024-09-14,36.0,38.703235134105086,-2.703235134105085
111829,Guwahati,2023-03-11,65.0,38.21084278458496,26.78915721541504
100583,Nagpur,2023-09-16,37.0,37.91151121265788,-0.911511212657878
106302,Nagpur,2024-06-07,35.0,38.19928040616904,-3.199280406169038
113067,Chandigarh,2023-11-18,30.0,38.81474566387356,-8.814745663873559
105603,Nashik,2023-03-09,22.0,38.65830741832813,-16.65830741832813
105126,Ahmedabad,2024-10-31,28.0,37.84358168000004,-9.843581680000035
111538,Lucknow,2023-10-05,35.0,38.07613622646484,-3.07613622646484
117072,Raipur,2024-10-30,27.0,38.994227591078825,-11.994227591078824
119022,Surat,2023-01-22,27.0,38.96917810030941,-11.969178100309414
119523,Mumbai,2023-06-26,38.0,37.53724842249924,0.4627515775007609
103088,Bhopal,2023-09-13,32.0,38.27013563700341,-6.270135637003413
112684,Chandigarh,2024-07-30,32.0,37.63500477557667,-5.635004775576668
100324,Bhubaneswar,2023-03-25,24.0,37.99907918954832,-13.999079189548318
106685,Ahmedabad,2023-04-29,54.0,37.79019257360424,16.209807426395756
103251,Visakhapatnam,2023-10-25,68.0,39.05252232062311,28.94747767937689
107212,Mumbai,2023-06-23,39.0,37.058397811941255,1.941602188058745
120323,Chennai,2023-01-06,62.0,37.02725242004012,24.97274757995988
115094,Bengaluru,2024-02-27,33.0,37.79848498693502,-4.798484986935023
113504,Surat,2024-10-16,24.0,38.98163699264976,-14.98163699264976
110382,Raipur,2023-12-25,28.0,38.95653252350043,-10.956532523500428
100806,Indore,2023-07-23,69.0,37.55583673561992,31.44416326438008
101099,Jaipur,2024-02-01,37.0,37.13191227326275,-0.1319122732627491
102602,Lucknow,2023-03-10,30.0,38.44201116034616,-8.442011160346155
100250,Bengaluru,2023-08-16,32.0,37.774919857998114,-5.774919857998114
107705,Chennai,2024-06-12,32.0,37.63207181136038,-5.632071811360383
112345,Bengaluru,2024-03-17,29.0,38.7216753262076,-9.721675326207595
111238,Kolkata,2023-05-24,35.0,38.383305149347166,-3.3833051493471658
106678,Kolkata,2023-01-25,54.0,38.172929392257736,15.827070607742264
101960,Bhubaneswar,2024-09-06,57.0,38.83396222857776,18.166037771422246
100900,Delhi,2024-03-05,27.0,37.95753161215858,-10.957531612158585
106269,Pune,2024-02-23,33.0,38.30093477797949,-5.300934777979492
100056,Nashik,2023-07-21,46.0,38.09056873372802,7.90943126627198
114220,Hyderabad,2024-05-30,69.0,38.35679558226323,30.64320441773677
109671,Patna,2023-10-14,32.0,38.742650392994186,-6.742650392994186
116766,Lucknow,2024-06-02,63.0,38.63221882208266,24.367781177917337
119360,Delhi,2024-04-25,47.0,38.44213887929824,8.557861120701759
118084,Bhubaneswar,2024-05-07,21.0,38.4781782667616,-17.478178266761596
112308,Visakhapatnam,2023-09-13,57.0,38.108744635639695,18.891255364360305
110247,Guwahati,2023-07-14,30.0,37.96392094106925,-7.963920941069254
101441,Jaipur,2024-06-12,28.0,38.29223629697752,-10.292236296977514
104636,Nashik,2024-01-18,45.0,38.35935008353511,6.640649916464895
105660,Chandigarh,2023-03-24,31.0,38.17539998560616,-7.175399985606155
113058,Bhopal,2023-06-03,48.0,38.047520335935886,9.952479664064114
105329,Surat,2024-05-31,28.0,38.11090667355624,-10.110906673556244
103854,Raipur,2024-02-22,24.0,38.55762041265688,-14.55762041265688
102277,Delhi,2023-05-25,22.0,37.90122162041211,-15.901221620412109
105826,Ludhiana,2024-01-19,26.0,38.20861533242866,-12.208615332428655
103372,Bengaluru,2024-10-20,25.0,38.2189370683409,-13.2189370683409
100546,Lucknow,2023-03-20,56.0,37.90311202548615,18.09688797451385
118152,Kochi,2024-12-14,43.0,37.47566923342582,5.524330766574181
119954,Bhopal,2023-10-16,69.0,38.96644677953056,30.033553220469443
111927,Mumbai,2024-07-13,17.0,38.09816364218152,-21.09816364218152
100752,Visakhapatnam,2024-01-25,31.0,38.57731990208911,-7.577319902089108
118027,Raipur,2024-07-13,26.0,38.47370464838871,-12.473704648388711
104750,Chennai,2024-10-24,26.0,37.88004653168888,-11.880046531688876
116358,Raipur,2024-10-07,45.0,39.03906250595456,5.960937494045439
103182,Delhi,2023-08-11,24.0,37.781728897334204,-13.781728897334204
106307,Raipur,2024-02-27,21.0,38.421870984548754,-17.421870984548754
111497,Pune,2023-04-29,25.0,38.51181132151524,-13.51181132151524
107710,Jaipur,2023-06-21,36.0,38.02455297471472,-2.024552974714723
106132,Chennai,2023-10-24,74.0,39.14409615034791,34.855903849652094
114218,Coimbatore,2024-05-01,71.0,37.969870675723946,33.030129324276054
103856,Mumbai,2023-06-18,33.0,38.542167564695006,-5.542167564695006
102458,Raipur,2023-09-28,32.0,39.194082740605936,-7.194082740605936
102140,Vadodara,2023-01-25,30.0,37.880802427457965,-7.880802427457965
117581,Jaipur,2024-12-06,38.0,39.036651517145465,-1.036651517145465
110416,Bhubaneswar,2024-01-25,37.0,38.19547734209492,-1.195477342094918
115448,Surat,2023-01-18,28.0,37.817278109017806,-9.817278109017806
102519,Bhubaneswar,2023-02-01,39.0,38.060324110960906,0.9396758890390942
108785,Chennai,2024-06-02,34.0,37.95409075774415,-3.9540907577441473
102649,Raipur,2023-10-05,62.0,38.471730258717,23.528269741283
109998,Nashik,2023-04-15,24.0,38.12747426773985,-14.12747426773985
103730,Bengaluru,2024-01-03,46.0,38.5465018229304,7.453498177069605
115297,Kolkata,2023-11-22,28.0,38.23842107963459,-10.238421079634591
105871,Chennai,2023-05-11,28.0,38.37828971231474,-10.37828971231474
106224,Pune,2023-09-02,42.0,38.11049731352238,3.88950268647762
113790,Chandigarh,2023-10-21,35.0,38.29977314898983,-3.2997731489898285
101497,Coimbatore,2024-02-15,34.0,38.55543196681997,-4.555431966819967
120271,Chennai,2024-08-04,81.0,38.41775536742159,42.58224463257841
108314,Kochi,2023-03-26,42.0,38.21420208771729,3.7857979122827103
103496,Surat,2024-04-10,78.0,37.655053297146345,40.344946702853655
113697,Coimbatore,2024-06-09,35.0,37.66040096136855,-2.660400961368545
108681,Raipur,2024-01-15,42.0,37.902592762302405,4.097407237697595
107583,Bengaluru,2024-11-03,17.0,38.08810116473455,-21.088101164734542
109962,Kolkata,2024-01-23,31.0,37.83960933434084,-6.839609334340842
103186,Delhi,2024-01-10,36.0,37.21735197161237,-1.2173519716123735
108425,Surat,2023-01-17,27.0,38.42716322430949,-11.427163224309488
107878,Coimbatore,2024-04-14,42.0,39.01011475460218,2.989885245397822
101852,Chennai,2024-03-22,35.0,38.17864875913579,-3.1786487591357897
102943,Bhubaneswar,2024-03-25,30.0,38.06342771902988,-8.063427719029882
108722,Ludhiana,2023-10-20,51.0,38.5861464963258,12.413853503674204
113389,Coimbatore,2023-12-31,15.0,38.72499060234771,-23.72499060234771
113636,Bhopal,2023-09-21,38.0,37.88810872942364,0.1118912705763577
116174,Ahmedabad,2024-09-28,27.0,38.99401305855021,-11.994013058550207
115528,Lucknow,2024-03-03,48.0,38.77512260641641,9.22487739358359
108768,Ahmedabad,2024-11-21,43.0,38.293966374338886,4.706033625661114
109010,Bengaluru,2024-08-20,26.0,38.486831389894654,-12.486831389894654
100052,Hyderabad,2024-09-24,59.0,38.20795865011005,20.79204134988995
116966,Bhubaneswar,2024-07-19,64.0,38.69604007654471,25.303959923455288
102466,Bengaluru,2024-10-29,27.0,38.40732396826666,-11.40732396826666
105469,Vadodara,2024-10-07,41.0,38.549276744063214,2.4507232559367864
109016,Ahmedabad,2023-02-01,40.0,38.22071718759961,1.779282812400389
111772,Nagpur,2024-05-27,27.0,38.079524200014,-11.079524200014
113187,Kochi,2023-08-22,22.0,38.51406048416038,-16.51406048416038
107161,Raipur,2023-11-01,37.0,39.28213046990538,-2.2821304699053826
107832,Bengaluru,2024-07-11,27.0,38.06139230994109,-11.061392309941084
111299,Vadodara,2024-11-22,31.0,38.462397363500486,-7.462397363500486
119700,Surat,2023-01-10,27.0,37.58511554317499,-10.585115543174991
103203,Hyderabad,2024-05-13,38.0,38.64994315114781,-0.6499431511478093
119947,Bhopal,2024-08-13,46.0,38.54999723819128,7.450002761808726
112242,Chennai,2024-07-13,29.0,37.69395885839808,-8.693958858398076
115139,Guwahati,2023-04-24,23.0,37.12883669583895,-14.128836695838949
109851,Bhubaneswar,2023-01-20,32.0,38.30712147142412,-6.307121471424118
107398,Chandigarh,2023-03-13,47.0,38.15247991083652,8.847520089163481
107159,Visakhapatnam,2024-10-10,31.0,38.08864430247104,-7.088644302471039
110531,Coimbatore,2023-05-30,36.0,38.59063476577878,-2.5906347657787805
110651,Jaipur,2023-05-20,37.0,38.45184931977322,-1.451849319773217
116328,Delhi,2023-11-10,50.0,38.08404643700939,11.915953562990609
102683,Visakhapatnam,2024-09-19,30.0,38.377709264536776,-8.377709264536776
109702,Vadodara,2023-03-26,23.0,38.6640544537758,-15.664054453775798
116765,Delhi,2023-08-06,32.0,38.106879181698254,-6.106879181698254
116950,Coimbatore,2023-08-21,24.0,38.13300937443684,-14.133009374436838
101974,Surat,2024-02-18,38.0,38.33678815860538,-0.3367881586053798
111230,Delhi,2024-02-21,32.0,39.18903175446219,-7.189031754462192
110731,Raipur,2024-11-14,30.0,38.93258611902424,-8.932586119024243
104548,Ludhiana,2023-01-10,34.0,38.535412164957165,-4.535412164957165
107751,Surat,2024-12-12,35.0,38.13246067242474,-3.1324606724247417
105565,Kochi,2024-03-16,71.0,38.83760702451715,32.16239297548285
114745,Bhubaneswar,2023-06-02,58.0,37.78804163717931,20.21195836282069
112234,Kochi,2024-08-03,24.0,38.54356521886466,-14.543565218864655
116523,Bhubaneswar,2023-04-20,76.0,39.08975527425908,36.91024472574093
105033,Jaipur,2023-08-04,50.0,38.7156111059799,11.284388894020095
106018,Raipur,2024-01-02,34.0,38.36424687154506,-4.364246871545063
114704,Nagpur,2023-08-15,37.0,38.021724136914166,-1.021724136914166
104791,Coimbatore,2023-03-26,45.0,38.37243341498246,6.62756658501754
111879,Lucknow,2024-03-23,19.0,37.8787678147145,-18.8787678147145
114568,Guwahati,2024-01-29,54.0,38.14225247957938,15.857747520420617
103244,Coimbatore,2023-05-28,57.0,38.3542623253904,18.6457376746096
105079,Ludhiana,2024-06-01,34.0,38.2946441357464,-4.294644135746395
108176,Bhopal,2024-03-20,40.0,38.17315730399,1.8268426960100044
109222,Lucknow,2024-08-24,26.0,37.51175160334235,-11.511751603342349
114199,Chandigarh,2023-06-03,32.0,38.70321139546934,-6.703211395469339
112776,Pune,2023-06-26,63.0,38.15647361349577,24.84352638650423
113559,Vadodara,2024-12-10,33.0,37.77081353309105,-4.770813533091051
109517,Nashik,2024-01-10,40.0,38.0154077153226,1.9845922846773971
102067,Surat,2023-02-14,33.0,38.59241729544046,-5.592417295440463
116319,Bhubaneswar,2024-05-18,34.0,38.08401069633082,-4.084010696330822
102036,Visakhapatnam,2023-08-20,54.0,38.20399802964504,15.796001970354965
114407,Visakhapatnam,2023-08-12,30.0,38.450678114402905,-8.450678114402905
119111,Bhubaneswar,2023-08-08,72.0,38.858936006780446,33.141063993219554
115692,Visakhapatnam,2024-02-17,34.0,38.09831518952656,-4.098315189526559
118655,Guwahati,2024-09-25,34.0,38.38907215088796,-4.389072150887962
110232,Surat,2023-03-01,35.0,38.3743126884447,-3.374312688444697
118294,Chennai,2024-10-04,39.0,38.9397104168384,0.0602895831615981
100308,Kochi,2023-08-13,47.0,38.10191011045972,8.89808988954028
114590,Kolkata,2023-07-30,20.0,37.96651335353972,-17.966513353539717
102986,Guwahati,2023-11-20,58.0,38.61014075741692,19.38985924258308
108375,Bengaluru,2023-05-26,21.0,38.183710439491605,-17.183710439491605
101028,Pune,2023-10-05,33.0,37.62703165615479,-4.627031656154792
102431,Surat,2023-02-21,54.0,38.28171766575963,15.71828233424037
110894,Nashik,2024-10-08,40.0,38.02195199250888,1.9780480074911184
117665,Indore,2024-11-28,48.0,38.60340864987742,9.396591350122575
101000,Vadodara,2024-03-22,34.0,37.89071528091328,-3.890715280913277
109354,Chandigarh,2023-12-02,33.0,38.41545691860983,-5.415456918609827
102133,Delhi,2023-03-22,28.0,38.47268810085733,-10.472688100857331
117025,Vadodara,2024-12-26,29.0,37.50383773588408,-8.503837735884076
118437,Ludhiana,2024-01-25,48.0,38.547401082166495,9.452598917833503
113051,Vadodara,2024-07-17,45.0,38.771236384383045,6.228763615616956
102546,Bengaluru,2024-02-18,26.0,37.83093781760897,-11.83093781760897
112854,Pune,2023-06-15,53.0,38.641485112041984,14.358514887958016
111113,Pune,2024-09-30,27.0,38.14915804323552,-11.149158043235524
115260,Bengaluru,2024-04-08,34.0,38.591364505948086,-4.591364505948086
105772,Coimbatore,2023-01-22,43.0,39.249597656903646,3.750402343096354
111662,Surat,2024-09-17,23.0,38.01737181395098,-15.01737181395098
117560,Hyderabad,2024-11-18,46.0,37.993862156863536,8.006137843136464
106296,Kolkata,2024-03-30,19.0,37.844345036238586,-18.844345036238582
104188,Jaipur,2023-02-14,28.0,38.271855019522725,-10.271855019522723
118407,Bhubaneswar,2023-07-17,47.0,38.3635921192738,8.636407880726203
112922,Surat,2023-12-28,25.0,37.85763606152684,-12.85763606152684
114901,Visakhapatnam,2024-12-07,29.0,38.41552578843718,-9.41552578843718
114625,Indore,2024-01-01,29.0,38.16527529342412,-9.165275293424124
108998,Delhi,2023-09-16,30.0,37.75265160773507,-7.752651607735068
111678,Indore,2024-06-06,40.0,38.54327930631792,1.4567206936820796
103891,Ahmedabad,2024-03-18,20.0,38.374540971567285,-18.374540971567285
106918,Coimbatore,2023-07-20,36.0,37.72388031724447,-1.7238803172444648
108752,Ludhiana,2023-11-18,46.0,38.02439313452948,7.975606865470517
116231,Chennai,2024-11-15,41.0,38.09193269343316,2.908067306566842
102240,Ahmedabad,2023-09-05,27.0,38.10726279598176,-11.107262795981754
117526,Ahmedabad,2024-02-15,27.0,38.28341427153181,-11.283414271531804
100770,Kochi,2024-05-17,36.0,38.05129542548647,-2.0512954254864724
116473,Hyderabad,2024-10-25,29.0,37.892636548075096,-8.892636548075096
103599,Raipur,2024-12-24,22.0,38.43460352792845,-16.434603527928452
101398,Kolkata,2023-09-09,41.0,38.16850461969932,2.83149538030068
102631,Surat,2024-03-10,21.0,38.377527990742585,-17.377527990742585
100631,Coimbatore,2024-07-28,20.0,37.87178003800934,-17.87178003800934
112849,Jaipur,2023-11-14,35.0,38.11505822614173,-3.115058226141727
109428,Hyderabad,2023-02-15,45.0,38.69646135951605,6.30353864048395
101413,Lucknow,2023-08-25,35.0,38.25444271696934,-3.2544427169693435
107070,Visakhapatnam,2024-06-19,34.0,38.3241109871764,-4.324110987176397
114757,Bhopal,2023-04-17,25.0,38.3297171527032,-13.329717152703196
106602,Coimbatore,2024-10-29,36.0,38.32682776456823,-2.326827764568229
103398,Indore,2024-02-13,10.0,38.45418681838764,-28.45418681838764
101923,Surat,2024-02-26,64.0,37.39143252523692,26.60856747476308
108912,Vadodara,2024-02-24,78.0,37.68109329195968,40.31890670804032
111557,Visakhapatnam,2024-01-30,26.0,37.33047350839464,-11.33047350839464
120390,Nashik,2024-01-08,48.0,38.9204646224459,9.079535377554102
104644,Pune,2023-12-10,58.0,37.79777918629292,20.20222081370708
110900,Bhopal,2024-05-29,52.0,38.23396639379784,13.766033606202164
118131,Coimbatore,2023-11-23,43.0,37.93268479712138,5.067315202878618
100915,Chennai,2024-01-31,64.0,37.835614074511554,26.16438592548845
105334,Bhubaneswar,2024-02-15,65.0,38.59914072241865,26.400859277581347
110612,Mumbai,2024-04-03,11.0,39.38964205418975,-28.38964205418975
107222,Patna,2024-12-30,41.0,38.56622772541239,2.4337722745876107
114246,Coimbatore,2023-07-25,31.0,38.5018134072864,-7.501813407286399
108566,Nagpur,2023-08-05,27.0,37.73568578708917,-10.735685787089174
113911,Indore,2023-08-25,56.0,38.84841697441104,17.151583025588963
102854,Indore,2023-06-13,11.0,38.47251856699684,-27.47251856699684
117196,Indore,2024-03-14,38.0,38.47460855802953,-0.47460855802953
108888,Chennai,2023-12-08,52.0,38.30518013540612,13.694819864593882
107432,Coimbatore,2024-04-02,71.0,38.02194549472783,32.97805450527217
101152,Chennai,2024-06-07,36.0,38.40166861147236,-2.40166861147236
113825,Pune,2024-11-14,47.0,38.26329655114184,8.736703448858165
117501,Mumbai,2023-12-22,57.0,38.45432422389002,18.54567577610998
114972,Bengaluru,2023-09-10,41.0,38.67798863759922,2.3220113624007794
116750,Raipur,2023-03-16,45.0,38.241478618636606,6.758521381363394
106906,Visakhapatnam,2023-09-16,52.0,38.512351500305,13.487648499694998
113053,Chandigarh,2023-01-31,62.0,38.63586441465208,23.36413558534792
105376,Raipur,2024-11-13,45.0,38.43288008130025,6.567119918699753
107597,Ludhiana,2023-08-01,29.0,38.50481425945277,-9.504814259452772
101168,Bengaluru,2024-01-15,21.0,38.90032831097373,-17.900328310973727
115377,Kolkata,2024-08-06,41.0,38.61824607465793,2.381753925342068
109364,Kochi,2023-04-29,44.0,37.50230425268941,6.497695747310587
102801,Kolkata,2024-03-23,54.0,38.75045246168819,15.249547538311807
119122,Coimbatore,2023-01-20,8.0,38.07959827032303,-30.079598270323025
101957,Indore,2024-09-26,61.0,37.66936258522989,23.33063741477011
103708,Lucknow,2024-03-20,23.0,38.14717034606551,-15.147170346065508
113870,Indore,2024-05-03,38.0,38.14878151295853,-0.1487815129585286
115553,Kolkata,2024-07-07,73.0,37.77185912082178,35.22814087917822
107909,Bengaluru,2024-10-06,34.0,39.07784815841111,-5.077848158411108
103277,Raipur,2023-12-07,27.0,38.76860258459594,-11.76860258459594
109436,Kolkata,2024-02-04,25.0,37.50277612168169,-12.502776121681691
104354,Ahmedabad,2023-01-10,27.0,37.90382949680063,-10.903829496800626
109490,Delhi,2023-02-11,44.0,38.11390968418677,5.886090315813227
108413,Bhopal,2023-12-16,16.0,38.620015356321446,-22.62001535632145
119654,Ahmedabad,2024-12-10,25.0,38.17624325210853,-13.176243252108527
102094,Raipur,2023-11-05,28.0,38.79609394830582,-10.796093948305815
101154,Indore,2023-08-28,32.0,38.50315545621909,-6.5031554562190905
104860,Patna,2023-02-14,50.0,38.86461931907134,11.135380680928662
116673,Jaipur,2024-11-10,26.0,38.84086718332269,-12.840867183322692
101834,Mumbai,2023-07-23,36.0,39.39097606650858,-3.3909760665085784
118380,Jaipur,2024-09-09,35.0,38.39295979876268,-3.392959798762675
110439,Hyderabad,2024-06-14,31.0,38.32712907250448,-7.3271290725044835
102393,Guwahati,2024-01-04,32.0,38.59262449568447,-6.592624495684468
111710,Vadodara,2023-01-19,36.0,37.87288747048762,-1.872887470487619
103675,Nashik,2023-03-31,50.0,38.68661643283339,11.31338356716661
113808,Delhi,2023-04-12,51.0,38.12591923028133,12.874080769718669
112174,Chennai,2023-08-30,43.0,38.13887045037548,4.861129549624522
103035,Kolkata,2023-07-18,33.0,38.471359845529605,-5.471359845529605
109502,Ludhiana,2024-01-06,29.0,38.64978321662512,-9.649783216625115
117317,Ahmedabad,2024-02-09,10.0,38.54945860383233,-28.549458603832328
106256,Hyderabad,2023-05-28,29.0,37.76681752228769,-8.766817522287688
118042,Patna,2023-07-30,73.0,38.215746311310525,34.784253688689475
103148,Hyderabad,2024-02-24,40.0,38.19964622481551,1.8003537751844902
118257,Bengaluru,2023-01-17,40.0,38.36354494121258,1.6364550587874191
117399,Delhi,2023-02-15,8.0,38.41615737966791,-30.416157379667908
116040,Nashik,2024-08-18,36.0,38.7048795588904,-2.704879558890397
110513,Pune,2024-12-27,51.0,38.34606907461648,12.65393092538352
107174,Delhi,2024-05-10,53.0,38.81905538568207,14.18094461431793
103573,Jaipur,2024-07-10,31.0,38.85808950855164,-7.858089508551643
108032,Raipur,2023-12-03,31.0,38.32844234897138,-7.328442348971379
103400,Patna,2024-08-08,88.0,37.85369247877557,50.14630752122444
105387,Visakhapatnam,2023-12-11,71.0,38.361327749032185,32.638672250967815
103704,Kolkata,2024-09-28,42.0,37.92384522528669,4.076154774713316
118940,Lucknow,2024-03-12,67.0,37.87445935677219,29.125540643227808
104602,Chennai,2023-03-08,35.0,38.306313785537576,-3.306313785537576
115498,Bhubaneswar,2023-08-31,26.0,38.16468083657454,-12.16468083657454
100885,Nagpur,2023-03-16,31.0,38.23370786906933,-7.233707869069327
107656,Nashik,2023-06-22,40.0,38.01819122579363,1.981808774206371
116793,Nashik,2023-04-02,55.0,38.020733780513375,16.979266219486625
112188,Bhubaneswar,2023-06-15,34.0,38.373656977579394,-4.373656977579394
102545,Chandigarh,2024-10-02,32.0,37.80814806452928,-5.808148064529284
118315,Guwahati,2023-05-18,32.0,37.86774011137793,-5.867740111377927
117184,Indore,2023-12-12,40.0,37.41645199289721,2.583548007102792
112918,Hyderabad,2024-08-12,28.0,37.93865400239677,-9.938654002396774
112646,Bhubaneswar,2024-11-21,41.0,38.95189893084573,2.0481010691542707
117868,Mumbai,2024-12-05,62.0,37.915415099675904,24.084584900324096
113646,Ludhiana,2024-01-21,29.0,38.24300831808264,-9.243008318082644
111055,Ludhiana,2023-04-15,39.0,37.09747469422181,1.902525305778191
105454,Indore,2023-08-04,26.0,38.20010931347283,-12.20010931347283
116968,Nagpur,2023-03-29,27.0,38.338568109278135,-11.338568109278135
104493,Indore,2024-05-02,28.0,38.59087469948051,-10.590874699480509
117606,Surat,2024-07-16,28.0,38.22393413091505,-10.223934130915048
100262,Nagpur,2023-08-25,60.0,37.92416441460651,22.07583558539349
112624,Mumbai,2024-07-30,43.0,38.205386045642406,4.794613954357594
115014,Raipur,2024-11-12,39.0,38.54583982942047,0.4541601705795344
109871,Surat,2023-07-22,33.0,38.13813417838944,-5.138134178389443
102994,Kolkata,2024-03-04,28.0,38.59183620431925,-10.59183620431925
101616,Mumbai,2024-02-01,34.0,37.80463487408872,-3.80463487408872
109291,Hyderabad,2024-08-06,70.0,38.47850097956648,31.52149902043352
104504,Indore,2023-03-01,42.0,38.26393149043924,3.7360685095607593
102137,Chennai,2024-06-27,23.0,38.50858621617563,-15.50858621617563
113704,Lucknow,2023-07-12,41.0,37.71138223677728,3.2886177632227245
106908,Kochi,2023-07-10,47.0,38.21357301282369,8.786426987176313
107745,Nagpur,2023-01-20,36.0,37.81380241082403,-1.813802410824032
107700,Hyderabad,2023-01-24,40.0,38.2316794432312,1.7683205567688065
110476,Bengaluru,2024-02-26,42.0,38.46733427869828,3.5326657213017185
116136,Hyderabad,2024-01-23,38.0,38.58549497049566,-0.5854949704956596
101866,Chennai,2023-11-01,57.0,38.171126235535446,18.828873764464557
118014,Raipur,2023-02-24,33.0,38.74029902725504,-5.740299027255034
104217,Raipur,2024-04-07,28.0,38.21107945492397,-10.211079454923969
116581,Kolkata,2024-05-06,40.0,38.397320209600224,1.602679790399776
114733,Visakhapatnam,2024-08-18,26.0,37.423159199443326,-11.423159199443326
109936,Visakhapatnam,2023-09-27,26.0,38.45981041306291,-12.459810413062913
113805,Ludhiana,2023-01-16,41.0,38.3436620323148,2.6563379676851966
113118,Chandigarh,2023-12-06,58.0,37.88221382767404,20.117786172325964
117032,Kochi,2024-06-24,29.0,38.19035187546792,-9.190351875467918
111378,Bengaluru,2023-08-27,40.0,37.405000243952365,2.5949997560476348
110356,Vadodara,2023-01-15,52.0,37.80519210484236,14.194807895157638
108915,Bengaluru,2023-06-01,43.0,37.996366285257615,5.003633714742385
102190,Mumbai,2023-05-16,42.0,37.86047441453015,4.139525585469855
120477,Visakhapatnam,2024-12-22,34.0,38.12100237382875,-4.121002373828752
100132,Bengaluru,2024-08-10,28.0,38.354561720091496,-10.354561720091496
119186,Raipur,2023-11-15,50.0,38.22861760027538,11.771382399724622
103870,Lucknow,2023-10-09,46.0,38.66236869632614,7.337631303673859
103440,Kochi,2024-08-04,19.0,37.98911902387831,-18.98911902387831
118216,Kochi,2024-05-11,74.0,38.3640740624556,35.6359259375444
113898,Bengaluru,2024-08-10,51.0,37.78475914627475,13.215240853725248
114415,Bengaluru,2023-10-14,28.0,37.45200604585036,-9.45200604585036
109292,Jaipur,2023-11-07,44.0,39.67816539423142,4.321834605768579
119402,Coimbatore,2024-10-11,38.0,38.01798227629515,-0.0179822762951502
119068,Indore,2023-11-12,23.0,38.112901837351,-15.112901837350996
113230,Raipur,2024-04-05,40.0,38.5627449408736,1.4372550591264002
107000,Vadodara,2024-02-14,33.0,37.917714087655895,-4.917714087655895
101658,Indore,2024-12-22,27.0,38.52124170367094,-11.521241703670938
100675,Lucknow,2024-11-25,27.0,38.118272139558464,-11.118272139558464
106123,Ludhiana,2024-02-08,43.0,37.83551675689434,5.164483243105657
116339,Kolkata,2024-05-03,13.0,37.62347046243463,-24.623470462434632
111100,Guwahati,2024-02-02,43.0,38.09487073710306,4.905129262896942
112067,Delhi,2023-10-31,61.0,37.94142910030006,23.058570899699937
115356,Visakhapatnam,2023-12-01,40.0,37.80676451996303,2.193235480036968
112515,Jaipur,2023-01-13,35.0,38.1332903989285,-3.133290398928501
113203,Chandigarh,2024-09-28,23.0,39.14811655452888,-16.148116554528876
100645,Chandigarh,2024-06-13,29.0,38.53225146505388,-9.532251465053877
113609,Surat,2023-12-19,53.0,38.96463575051608,14.03536424948392
102449,Chandigarh,2024-08-06,34.0,38.05998462519268,-4.059984625192676
112719,Bengaluru,2023-03-17,51.0,38.86906577816817,12.13093422183183
110841,Guwahati,2024-01-29,46.0,37.90593367056674,8.09406632943326
104086,Patna,2024-12-26,68.0,38.12477742278083,29.87522257721917
112263,Surat,2024-07-17,22.0,38.02871107105868,-16.02871107105868
119349,Raipur,2023-10-11,38.0,38.008973021616725,-0.0089730216167254
114551,Bengaluru,2024-08-28,40.0,38.65177995256374,1.3482200474362571
104389,Chennai,2024-07-09,31.0,38.82878248639062,-7.828782486390622
117865,Kochi,2024-04-03,76.0,38.75640009467765,37.24359990532235
101465,Jaipur,2023-07-19,57.0,38.36770545794351,18.63229454205649
109046,Chennai,2023-01-16,47.0,38.488083825107175,8.511916174892825
112237,Raipur,2023-10-28,43.0,38.70470454757917,4.295295452420831
105637,Guwahati,2023-03-28,86.0,38.07956799446227,47.92043200553773
119814,Hyderabad,2023-03-07,29.0,38.55166527272798,-9.55166527272798
114963,Bhubaneswar,2024-12-21,49.0,38.654236240036205,10.345763759963797
110019,Chandigarh,2024-05-20,39.0,39.44031223557749,-0.440312235577494
107341,Ahmedabad,2023-09-07,36.0,38.91619934381029,-2.916199343810284
108825,Surat,2023-12-06,22.0,38.14444435720621,-16.14444435720621
118594,Pune,2024-07-09,92.0,38.16723935065303,53.83276064934697
114715,Surat,2023-09-12,32.0,38.07089156971183,-6.070891569711833
103610,Surat,2024-05-11,43.0,37.66295798655049,5.337042013449512
102167,Jaipur,2024-03-14,20.0,38.246034625120814,-18.246034625120814
108426,Chandigarh,2024-03-28,23.0,38.58866045753844,-15.588660457538438
110066,Bhopal,2024-09-13,64.0,38.6272842720088,25.372715727991206
101280,Visakhapatnam,2023-04-27,40.0,38.21508096512826,1.7849190348717414
105965,Lucknow,2023-12-28,70.0,38.06660341933363,31.93339658066637
107530,Nashik,2023-07-10,23.0,38.51617679582328,-15.516176795823275
112474,Chennai,2023-04-27,45.0,38.82200615892426,6.17799384107574
116446,Bengaluru,2024-03-22,30.0,38.177975313594,-8.177975313593997
115384,Surat,2023-09-16,46.0,38.15901114809586,7.840988851904143
119295,Bhubaneswar,2024-01-26,51.0,38.031331562145326,12.968668437854674
101970,Mumbai,2023-10-21,20.0,37.68223555711663,-17.682235557116627
115721,Kochi,2023-09-14,29.0,38.35612136401965,-9.35612136401965
118625,Jaipur,2023-08-08,25.0,37.930672553363166,-12.930672553363166
103986,Kolkata,2024-09-21,23.0,38.29719874305041,-15.297198743050409
107418,Surat,2023-11-24,19.0,38.05984815933572,-19.05984815933572
101674,Bhopal,2023-04-15,47.0,38.02927042106402,8.97072957893598
110132,Indore,2023-05-12,46.0,38.58701713854556,7.412982861454438
100107,Visakhapatnam,2023-04-28,19.0,38.21579948466673,-19.21579948466673
103566,Bhubaneswar,2024-02-22,24.0,38.05190819924079,-14.051908199240792
106881,Chandigarh,2023-06-18,39.0,38.99810501338308,0.001894986616918
107605,Hyderabad,2024-12-25,69.0,38.298141273623465,30.701858726376532
108323,Ahmedabad,2023-05-11,22.0,38.33379814654058,-16.33379814654058
118913,Pune,2024-01-14,43.0,38.43629118802068,4.563708811979318
100465,Kochi,2023-09-12,75.0,38.73071828259642,36.26928171740358
112616,Coimbatore,2023-05-27,30.0,37.90592855941819,-7.905928559418193
118297,Coimbatore,2023-04-06,19.0,37.97996045147547,-18.97996045147547
107125,Coimbatore,2023-04-20,47.0,38.85210241499604,8.14789758500396
103192,Kochi,2023-06-24,28.0,37.03769205182576,-9.037692051825758
105369,Bhubaneswar,2024-07-11,17.0,38.58254025408556,-21.58254025408556
102746,Ludhiana,2024-12-17,19.0,38.57120383364824,-19.571203833648237
118788,Nashik,2023-06-16,58.0,38.41873818789482,19.581261812105183
117310,Chandigarh,2023-09-11,26.0,37.94280995123776,-11.942809951237756
104599,Chandigarh,2024-08-08,29.0,37.989485132231536,-8.989485132231536
106092,Kolkata,2024-12-12,82.0,38.95100972424241,43.04899027575759
100505,Lucknow,2024-04-22,43.0,38.44965485775561,4.550345142244389
104363,Patna,2023-09-11,35.0,38.83438703180416,-3.8343870318041553
109527,Bhopal,2023-10-14,27.0,37.07329882170263,-10.073298821702627
105293,Raipur,2024-05-25,46.0,38.07131891516608,7.928681084833926
107375,Hyderabad,2024-06-25,58.0,39.47546390451773,18.52453609548227
102779,Coimbatore,2023-08-07,35.0,38.46876687182495,-3.468766871824947
106571,Chandigarh,2024-10-22,17.0,38.526293448263424,-21.526293448263424
105066,Vadodara,2024-07-28,27.0,38.10633377807172,-11.106333778071722
100203,Surat,2023-08-15,43.0,38.42912544146303,4.570874558536971
105020,Raipur,2023-06-07,39.0,38.4749431442851,0.5250568557149009
116259,Lucknow,2024-02-14,34.0,38.20631860809361,-4.206318608093611
113637,Visakhapatnam,2024-05-17,32.0,37.67440817980098,-5.674408179800984
116858,Mumbai,2023-01-03,56.0,37.8047387003202,18.1952612996798
118867,Bhubaneswar,2024-08-05,56.0,37.40951488929564,18.59048511070436
118032,Pune,2024-03-05,37.0,38.32411617791461,-1.324116177914604
102785,Indore,2024-08-04,19.0,38.23001727200883,-19.23001727200883
104954,Ludhiana,2024-11-01,31.0,38.28051432901773,-7.280514329017734
100125,Kochi,2024-07-30,37.0,38.08592031615647,-1.085920316156468
114500,Chennai,2024-07-03,42.0,38.44851930652963,3.551480693470367
101876,Ludhiana,2023-08-19,37.0,38.60815408309456,-1.608154083094561
112070,Bhopal,2023-05-01,32.0,38.14897888746556,-6.14897888746556
106263,Ahmedabad,2023-12-01,40.0,37.827642561448606,2.172357438551394
103558,Bhubaneswar,2024-09-23,33.0,37.61417823148115,-4.614178231481148
109522,Patna,2024-11-30,34.0,38.57193410629941,-4.571934106299409
104305,Jaipur,2023-04-07,38.0,38.29807506215159,-0.2980750621515895
108184,Bengaluru,2023-05-11,71.0,38.28204114825992,32.717958851740086
109765,Raipur,2024-07-14,72.0,38.68295697562895,33.31704302437105
100931,Nagpur,2024-04-15,24.0,37.494562530712095,-13.494562530712097
119475,Visakhapatnam,2024-05-16,53.0,38.40579136320589,14.594208636794107
119020,Vadodara,2024-11-29,32.0,38.012263665767136,-6.012263665767136
109869,Visakhapatnam,2023-02-26,21.0,37.73856224164827,-16.738562241648268
115840,Lucknow,2024-01-12,23.0,37.98388671509675,-14.983886715096752
111226,Bengaluru,2023-04-17,27.0,38.8799521285117,-11.879952128511697
119889,Bhubaneswar,2024-06-11,40.0,38.058457768231634,1.9415422317683664
119216,Bengaluru,2024-10-28,31.0,38.3552494523436,-7.3552494523436
106153,Vadodara,2024-08-12,20.0,38.05844917094801,-18.05844917094801
100089,Delhi,2024-12-30,27.0,38.136331048267486,-11.136331048267486
112181,Jaipur,2023-10-06,25.0,39.629191399786784,-14.629191399786784
113276,Chennai,2023-02-06,38.0,37.61518360627535,0.3848163937246482
114670,Patna,2023-02-15,36.0,38.51900293181388,-2.51900293181388
116657,Bengaluru,2024-05-21,24.0,37.84791321106279,-13.847913211062789
116247,Guwahati,2023-12-24,53.0,37.631649067135776,15.368350932864224
118793,Nashik,2024-01-10,54.0,38.490595894047445,15.509404105952555
113481,Kolkata,2024-07-07,30.0,38.17599649473219,-8.175996494732189
109697,Visakhapatnam,2023-09-13,38.0,38.97408346545807,-0.9740834654580725
120343,Kolkata,2023-11-22,20.0,38.10053390361655,-18.10053390361655
109287,Indore,2024-06-12,30.0,38.0832662121224,-8.083266212122403
120095,Bengaluru,2023-02-26,42.0,38.5660733702882,3.4339266297117987
109008,Patna,2024-06-05,78.0,37.77730570593578,40.22269429406422
101477,Hyderabad,2024-10-07,48.0,38.39634436734713,9.603655632652869
109526,Indore,2023-03-06,52.0,38.39873177297535,13.601268227024647
102303,Jaipur,2024-05-21,39.0,38.62313513898635,0.3768648610136509
103482,Coimbatore,2024-06-19,65.0,38.645420241257895,26.354579758742105
107404,Ahmedabad,2023-04-22,52.0,38.37953371954506,13.62046628045494
102255,Vadodara,2024-12-26,49.0,37.65636752613634,11.343632473863655
110693,Ludhiana,2024-02-12,25.0,38.0141100855419,-13.0141100855419
105852,Nagpur,2023-08-28,31.0,38.06032598315127,-7.060325983151273
111342,Ahmedabad,2023-06-06,44.0,37.95766909517059,6.042330904829413
106511,Bhopal,2023-11-30,55.0,38.26046870652041,16.739531293479587
112445,Delhi,2023-08-13,35.0,38.20264121837052,-3.202641218370516
103668,Raipur,2023-04-01,29.0,38.5447920030036,-9.5447920030036
113015,Kochi,2024-08-06,36.0,38.34231737774318,-2.3423173777431785
114117,Surat,2024-04-24,94.0,37.97435867493588,56.02564132506412
112908,Kolkata,2024-04-12,26.0,38.87777446886748,-12.87777446886748
105782,Chennai,2024-10-02,54.0,38.2102154785775,15.789784521422495
105499,Mumbai,2023-10-09,30.0,38.380519665471006,-8.380519665471006
105620,Indore,2023-05-20,31.0,38.21003487261423,-7.21003487261423
105263,Bhubaneswar,2023-11-05,30.0,38.16228625799262,-8.16228625799262
117292,Vadodara,2023-10-11,73.0,38.07416606525867,34.92583393474133
115697,Patna,2023-03-03,41.0,38.24068263004376,2.759317369956236
100182,Mumbai,2024-04-10,40.0,38.19984382705748,1.800156172942522
107912,Kochi,2024-06-16,41.0,38.82374263621058,2.176257363789418
111213,Ahmedabad,2024-02-22,52.0,38.4954059513046,13.504594048695402
119430,Patna,2023-10-16,36.0,38.104799870810105,-2.104799870810105
109479,Raipur,2024-10-29,35.0,38.4171114393855,-3.4171114393855007
115730,Guwahati,2023-03-06,25.0,38.1205782604183,-13.1205782604183
118311,Chandigarh,2023-09-21,36.0,38.640598679994575,-2.640598679994575
108715,Kochi,2023-08-15,19.0,39.14401621934241,-20.14401621934241
109614,Kolkata,2023-08-04,18.0,38.02697652008703,-20.026976520087025
100438,Kochi,2023-03-19,48.0,37.676433651559854,10.323566348440146
117190,Coimbatore,2023-10-30,37.0,38.659317885481975,-1.6593178854819757
114422,Vadodara,2023-02-20,40.0,37.76933872416392,2.230661275836077
101952,Bengaluru,2023-11-24,35.0,38.47037189173378,-3.4703718917337767
111063,Vadodara,2023-03-25,28.0,37.725430306830006,-9.725430306830006
113045,Pune,2023-01-11,48.0,38.542155232806415,9.457844767193585
106329,Mumbai,2024-01-04,23.0,38.25807173533143,-15.258071735331429
117605,Lucknow,2024-09-23,38.0,39.21838224781732,-1.218382247817317
102898,Surat,2023-07-08,19.0,38.76102091628567,-19.761020916285663
107100,Raipur,2024-01-24,46.0,38.80213493470861,7.197865065291396
109877,Indore,2023-08-26,37.0,37.64554159626168,-0.6455415962616797
120141,Pune,2024-03-20,27.0,39.09282023011328,-12.092820230113276
116816,Lucknow,2023-08-05,47.0,38.21526389497212,8.784736105027882
110830,Indore,2024-10-16,67.0,38.52818664414156,28.471813355858444
101120,Chennai,2023-03-25,48.0,38.77839641015866,9.221603589841337
114459,Bengaluru,2024-02-26,46.0,38.19902787302196,7.8009721269780385
108723,Ludhiana,2024-12-05,69.0,38.40209214265259,30.59790785734741
101719,Jaipur,2023-05-11,44.0,38.82247659831254,5.177523401687459
104078,Ahmedabad,2023-04-05,47.0,38.055393180932086,8.944606819067914
104559,Indore,2023-08-05,37.0,38.32897831585883,-1.3289783158588335
105257,Guwahati,2024-01-06,35.0,38.212211961777065,-3.212211961777065
110879,Raipur,2024-04-13,77.0,37.992493948542375,39.007506051457625
103525,Surat,2023-06-03,39.0,37.77629216923394,1.2237078307660596
115362,Coimbatore,2023-08-27,40.0,38.23027228039758,1.7697277196024217
115551,Guwahati,2023-11-12,24.0,38.14452428015227,-14.144524280152268
115880,Chennai,2023-05-01,43.0,38.00316973673111,4.99683026326889
115646,Bhubaneswar,2024-05-25,38.0,39.85336739278897,-1.853367392788968
107541,Coimbatore,2024-06-10,38.0,38.60547255036413,-0.6054725503641336
106980,Bengaluru,2023-07-14,49.0,38.87971681708741,10.120283182912589
118115,Jaipur,2023-03-31,15.0,37.47840827815347,-22.478408278153477
107101,Bhubaneswar,2023-03-09,32.0,38.51318597211593,-6.513185972115927
105389,Chennai,2024-08-20,68.0,38.52808940282264,29.47191059717736
107633,Patna,2024-09-22,17.0,37.668842559331374,-20.66884255933137
102844,Chennai,2024-04-22,94.0,38.42105017854108,55.57894982145892
112008,Nagpur,2023-07-14,29.0,37.87804934426124,-8.878049344261242
107690,Surat,2023-09-14,33.0,38.84728884055543,-5.847288840555429
114435,Pune,2023-09-13,68.0,39.09176637032455,28.90823362967545
119752,Lucknow,2024-03-09,24.0,38.02997675652362,-14.029976756523617
106947,Bengaluru,2023-09-29,24.0,37.93513217738415,-13.935132177384148
119721,Guwahati,2023-07-16,28.0,38.44592320685072,-10.445923206850717
101146,Bhubaneswar,2024-05-22,19.0,38.95541004428107,-19.955410044281063
106966,Kochi,2023-06-07,24.0,38.40887102763078,-14.40887102763078
113095,Pune,2023-09-11,40.0,38.67361801523024,1.3263819847697604
106936,Delhi,2024-04-24,34.0,37.87992098261978,-3.87992098261978
105394,Ludhiana,2024-02-14,35.0,36.88212717447308,-1.8821271744730763
108214,Ahmedabad,2023-05-16,21.0,38.28165724954467,-17.281657249544672
105814,Ahmedabad,2024-05-01,46.0,38.36729172684132,7.632708273158684
110711,Pune,2024-03-26,26.0,37.825153139741865,-11.825153139741865
115380,Chandigarh,2024-05-29,35.0,39.06123650153168,-4.061236501531681
114971,Chennai,2024-04-24,33.0,38.67108844825307,-5.671088448253073
118377,Chennai,2024-12-23,29.0,37.913557778947485,-8.913557778947485
113016,Kolkata,2023-08-28,82.0,38.62105581123978,43.37894418876022
113023,Hyderabad,2024-10-24,37.0,37.848806570953926,-0.8488065709539256
111051,Bhubaneswar,2023-09-25,52.0,38.10025096692123,13.89974903307877
114836,Visakhapatnam,2023-09-02,39.0,39.37411095883166,-0.3741109588316575
113052,Mumbai,2023-02-16,30.0,37.9807121648349,-7.980712164834898
120445,Mumbai,2024-02-19,21.0,38.70797326721656,-17.70797326721656
112833,Guwahati,2024-03-11,35.0,37.85768382993968,-2.857683829939681
119881,Jaipur,2023-08-11,35.0,38.25573259799543,-3.255732597995433
109514,Coimbatore,2023-04-20,79.0,38.351643499830544,40.648356500169456
118576,Surat,2024-04-25,45.0,38.4907264949007,6.509273505099301
104889,Chandigarh,2023-09-09,27.0,39.59776274930265,-12.597762749302651
117098,Chandigarh,2024-09-24,41.0,38.30006323812867,2.699936761871328
109050,Bengaluru,2024-12-20,32.0,38.479961819352255,-6.479961819352255
119647,Coimbatore,2024-10-01,26.0,38.15566311684625,-12.155663116846249
118288,Delhi,2024-08-24,32.0,39.02542252510212,-7.025422525102115
111445,Kolkata,2023-02-10,90.0,38.24162950076376,51.75837049923624
117934,Chandigarh,2023-08-31,21.0,37.98250748964869,-16.98250748964869
119597,Ahmedabad,2024-06-24,31.0,38.01090232354917,-7.010902323549168
102734,Chandigarh,2023-11-10,53.0,38.0659393486555,14.934060651344502
102576,Indore,2024-07-11,24.0,38.89146731735522,-14.891467317355222
105571,Mumbai,2024-10-13,54.0,38.03943082660828,15.960569173391724
111546,Lucknow,2024-04-16,41.0,37.6123286301023,3.387671369897703
118946,Hyderabad,2023-12-08,28.0,39.06892317802615,-11.068923178026148
100783,Nagpur,2024-06-26,35.0,38.53111338778333,-3.5311133877833285
119429,Kolkata,2024-05-29,31.0,38.1462458168908,-7.146245816890797
100226,Lucknow,2023-06-23,21.0,38.83805621669798,-17.83805621669798
111718,Guwahati,2024-03-25,70.0,38.155294583237925,31.844705416762075
111098,Ludhiana,2024-02-08,75.0,38.57363999725276,36.42636000274724
117462,Vadodara,2024-12-10,34.0,38.554854557046376,-4.554854557046376
114664,Kolkata,2023-03-21,36.0,38.65746297198509,-2.6574629719850904
114631,Chandigarh,2024-12-30,18.0,38.52734657552102,-20.527346575521022
103476,Delhi,2024-12-06,50.0,38.2798139026663,11.720186097333702
109369,Raipur,2024-05-22,29.0,38.37619516046157,-9.37619516046157
119375,Surat,2024-03-22,41.0,38.589806491411466,2.4101935085885344
101489,Visakhapatnam,2024-09-09,24.0,37.55007027788637,-13.55007027788637
106470,Pune,2024-04-07,25.0,38.293432086858544,-13.293432086858544
107938,Mumbai,2024-02-19,40.0,37.71532402943972,2.2846759705602797
103424,Indore,2024-11-17,23.0,38.1961330094842,-15.1961330094842
111382,Coimbatore,2023-03-21,21.0,37.841921810497375,-16.841921810497375
100693,Jaipur,2023-11-17,27.0,38.1477174232447,-11.1477174232447
114290,Chandigarh,2024-11-21,47.0,38.35686567933617,8.643134320663833
111319,Bhubaneswar,2024-10-30,37.0,38.40215885836624,-1.402158858366242
102455,Vadodara,2023-12-13,48.0,38.4873878088227,9.512612191177295
115447,Nashik,2024-11-19,25.0,38.43989173180637,-13.43989173180637
109271,Hyderabad,2024-09-14,45.0,39.37202506296192,5.627974937038076
104666,Coimbatore,2023-04-20,29.0,37.90029165830156,-8.900291658301562
105321,Patna,2023-10-20,38.0,38.14941924331183,-0.1494192433118257
117941,Kochi,2023-02-26,29.0,37.49576393951349,-8.495763939513488
105363,Hyderabad,2023-06-08,39.0,38.10347923500329,0.8965207649967084
101176,Pune,2023-06-05,34.0,37.60116919895223,-3.601169198952228
105164,Vadodara,2024-08-17,62.0,39.24457661930826,22.755423380691735
101672,Bhopal,2024-04-12,25.0,38.41414168816904,-13.41414168816904
113301,Lucknow,2024-04-16,43.0,38.52442588126483,4.475574118735167
107539,Chandigarh,2024-05-27,34.0,37.99970366041665,-3.9997036604166496
114280,Ahmedabad,2023-03-29,35.0,38.099431564464,-3.0994315644639983
107072,Bhubaneswar,2023-09-24,65.0,38.2102433221605,26.7897566778395
104476,Mumbai,2023-07-12,36.0,38.6389872792819,-2.638987279281899
105545,Ludhiana,2023-02-09,28.0,38.3630096023683,-10.3630096023683
115242,Jaipur,2024-01-17,38.0,38.54539561009506,-0.5453956100950634
120336,Vadodara,2024-03-17,44.0,38.3034197761866,5.696580223813399
112953,Delhi,2023-03-11,45.0,38.34616440257199,6.653835597428007
118025,Surat,2024-02-01,29.0,38.602487548102125,-9.602487548102124
116605,Ahmedabad,2023-03-19,40.0,38.60120479299098,1.398795207009023
103725,Bhopal,2024-11-19,42.0,39.30636995633039,2.6936300436696072
102869,Visakhapatnam,2023-05-12,25.0,37.94709533748666,-12.947095337486658
119817,Patna,2024-02-03,32.0,38.45515323014988,-6.455153230149875
119536,Visakhapatnam,2024-08-13,37.0,38.25048683445394,-1.2504868344539375
118596,Kochi,2023-12-18,44.0,38.21667890447704,5.7833210955229575
112309,Mumbai,2024-06-21,32.0,38.47870696159784,-6.478706961597837
105932,Chennai,2024-02-17,57.0,37.81779547224122,19.182204527758778
112356,Bengaluru,2023-06-10,37.0,37.8613169727226,-0.861316972722598
106257,Nashik,2023-03-26,49.0,37.44056778143447,11.559432218565531
105144,Chennai,2023-10-30,45.0,38.640230982336426,6.359769017663574
105919,Vadodara,2024-01-14,63.0,38.78168468923112,24.21831531076888
112301,Bengaluru,2024-08-10,64.0,38.7752881486761,25.224711851323896
106415,Kochi,2024-10-10,22.0,38.1296426895607,-16.129642689560697
114777,Bhopal,2023-03-01,45.0,37.17670283736481,7.823297162635193
103982,Indore,2024-09-30,36.0,37.96690461370429,-1.966904613704287
102186,Kolkata,2023-03-03,48.0,37.86655771027313,10.133442289726872
106856,Surat,2024-05-18,30.0,38.63500607208482,-8.63500607208482
109342,Patna,2023-11-10,44.0,38.9773751378712,5.022624862128801
103317,Chandigarh,2023-01-18,46.0,39.17706112993856,6.822938870061442
109154,Indore,2024-11-08,41.0,38.29094532821049,2.709054671789509
103220,Kochi,2024-10-12,32.0,38.56209397839934,-6.562093978399339
118056,Delhi,2023-10-15,22.0,38.46418451043977,-16.46418451043977
114558,Coimbatore,2024-07-20,44.0,38.05125828470624,5.948741715293764
104745,Visakhapatnam,2024-11-26,47.0,38.78550447310632,8.214495526893678
102963,Nagpur,2024-03-13,21.0,38.18275026143439,-17.182750261434386
109799,Surat,2023-01-20,30.0,38.40923464230921,-8.409234642309208
118882,Nashik,2024-07-01,28.0,38.20136872445334,-10.20136872445334
117495,Jaipur,2023-07-01,26.0,38.51615221433477,-12.516152214334769
119712,Bhubaneswar,2024-01-24,45.0,38.23857888273237,6.761421117267631
118708,Kolkata,2024-08-19,31.0,37.893891364885135,-6.893891364885135
101181,Kochi,2023-07-13,26.0,37.95496310744375,-11.954963107443746
105716,Nashik,2023-12-13,26.0,37.76719558883055,-11.767195588830546
101294,Hyderabad,2024-12-04,40.0,38.713381129367455,1.2866188706325443
119623,Patna,2024-02-14,28.0,38.68412857422943,-10.684128574229431
119795,Chennai,2023-12-05,36.0,37.97949241378469,-1.9794924137846903
106114,Ahmedabad,2024-08-31,79.0,37.693852801417954,41.306147198582046
103714,Raipur,2023-07-30,79.0,38.09675379424029,40.90324620575971
116876,Surat,2024-09-08,41.0,37.92049746039531,3.0795025396046896
109817,Nashik,2024-07-02,48.0,37.99187838526635,10.008121614733652
119594,Kochi,2023-07-28,33.0,38.15142597519216,-5.151425975192161
118392,Indore,2023-02-08,28.0,38.72551551598668,-10.72551551598668
110542,Ahmedabad,2023-05-14,26.0,38.29115058542717,-12.291150585427168
118449,Chandigarh,2023-12-11,32.0,38.41366708725933,-6.413667087259334
115850,Chandigarh,2024-05-28,25.0,37.60107049234835,-12.601070492348349
108976,Indore,2023-09-20,37.0,38.69484109343408,-1.6948410934340783
102227,Kochi,2023-09-22,24.0,38.1465836603016,-14.146583660301602
109460,Delhi,2023-06-24,53.0,38.2812601848034,14.7187398151966
112898,Chandigarh,2023-07-19,32.0,37.76732562187848,-5.767325621878484
111183,Coimbatore,2024-10-21,37.0,38.36071872450072,-1.360718724500721
108199,Chennai,2024-11-07,18.0,37.654012846087085,-19.654012846087085
110231,Bhopal,2024-05-20,46.0,37.86583834642947,8.13416165357053
105312,Jaipur,2023-06-18,26.0,37.97894664847429,-11.978946648474292
108172,Delhi,2024-12-24,29.0,38.09850871653982,-9.098508716539818
108074,Delhi,2023-04-08,60.0,37.89194348182653,22.10805651817347
100192,Coimbatore,2023-01-09,25.0,37.790097519779366,-12.790097519779366
111134,Vadodara,2024-09-03,27.0,38.50658429349029,-11.506584293490292
119194,Coimbatore,2023-08-25,31.0,39.028029382147615,-8.028029382147615
114150,Delhi,2023-01-18,32.0,37.874810775932815,-5.874810775932815
112752,Mumbai,2023-11-24,45.0,38.253868020608856,6.746131979391144
101247,Jaipur,2023-02-22,38.0,38.141015067201984,-0.1410150672019838
111028,Mumbai,2024-11-23,56.0,38.32477208991912,17.675227910080885
100672,Hyderabad,2023-03-23,39.0,38.459274761567904,0.5407252384320955
112916,Vadodara,2024-02-26,44.0,38.506245273728254,5.493754726271746
113099,Delhi,2023-11-01,28.0,37.45802977787324,-9.458029777873245
106282,Bengaluru,2023-10-03,34.0,38.63736382626705,-4.637363826267048
113274,Bhubaneswar,2023-11-09,27.0,38.649008028379725,-11.649008028379724
116962,Visakhapatnam,2023-12-19,52.0,37.86243967476355,14.13756032523645
101928,Nashik,2024-07-08,38.0,38.41986429732514,-0.4198642973251409
112105,Bhopal,2024-06-23,29.0,38.884275391577525,-9.884275391577525
107858,Hyderabad,2024-07-25,39.0,39.09679034305923,-0.0967903430592329
106810,Ludhiana,2024-10-01,42.0,38.49496077539859,3.5050392246014117
113441,Visakhapatnam,2024-03-02,35.0,38.55868215230412,-3.5586821523041223
103529,Delhi,2024-05-03,59.0,37.83928885595994,21.160711144040057
110358,Bengaluru,2023-11-08,15.0,38.2945111700782,-23.294511170078195
107190,Kochi,2023-04-26,47.0,38.25869206648083,8.741307933519167
112673,Bhopal,2023-01-17,30.0,37.90535253204602,-7.905352532046017
106735,Jaipur,2023-11-17,32.0,38.36271557817034,-6.362715578170338
115181,Hyderabad,2024-07-13,28.0,38.63297637840443,-10.632976378404429
111035,Ahmedabad,2024-06-12,46.0,38.2387912369242,7.7612087630758
113792,Bengaluru,2024-08-01,51.0,37.92646597385731,13.073534026142688
112644,Bhubaneswar,2024-02-21,49.0,38.755484274625815,10.244515725374184
113050,Pune,2023-05-07,50.0,38.16859973710859,11.831400262891409
113823,Bhubaneswar,2023-08-15,35.0,38.55287231864349,-3.5528723186434874
117127,Bengaluru,2023-08-09,43.0,38.14504658651188,4.854953413488119
116680,Bhopal,2023-08-10,100.0,39.04538307844663,60.954616921553374
106027,Mumbai,2023-12-04,36.0,37.18977915768109,-1.1897791576810874
105371,Kochi,2023-09-27,25.0,38.13786437100119,-13.137864371001186
114203,Guwahati,2024-01-10,71.0,38.37326155353307,32.62673844646693
113580,Nagpur,2023-02-02,39.0,38.56453500073805,0.4354649992619457
108229,Nagpur,2024-02-19,35.0,37.62688098003896,-2.626880980038962
100001,Bengaluru,2023-06-17,43.0,38.33561618705097,4.664383812949033
109181,Ahmedabad,2024-08-08,22.0,38.56671253771821,-16.56671253771821
110277,Ahmedabad,2024-08-31,24.0,38.50916498365402,-14.509164983654024
116946,Bhubaneswar,2023-08-02,33.0,38.05063529586244,-5.050635295862435
114374,Raipur,2023-12-21,61.0,38.34154265375187,22.658457346248127
114927,Coimbatore,2023-03-07,49.0,38.45233215589519,10.547667844104817
109784,Surat,2024-08-18,54.0,38.49731450803236,15.50268549196764
106764,Visakhapatnam,2024-03-01,51.0,38.21422469338506,12.785775306614935
118043,Vadodara,2023-06-17,34.0,38.62969897908725,-4.629698979087252
111167,Indore,2024-04-16,52.0,38.198530667704176,13.801469332295824
108351,Ahmedabad,2023-06-27,41.0,38.72917001706379,2.2708299829362133
116101,Bhopal,2023-11-16,50.0,37.817012181661546,12.182987818338454
106094,Mumbai,2023-06-10,29.0,38.5148812038602,-9.5148812038602
103087,Surat,2023-02-26,42.0,38.9588934650031,3.0411065349968998
108762,Surat,2023-04-23,37.0,38.14166243293664,-1.1416624329366414
118451,Guwahati,2024-12-27,30.0,38.70863815968005,-8.70863815968005
119476,Kolkata,2024-03-24,44.0,38.08166335903856,5.918336640961442
104969,Chennai,2024-07-15,19.0,38.02405810207949,-19.024058102079493
106448,Nagpur,2024-09-18,63.0,38.50650457778544,24.493495422214565
113729,Jaipur,2024-07-19,35.0,38.058814760789645,-3.0588147607896445
111176,Chandigarh,2024-04-04,28.0,38.25912747040213,-10.259127470402134
111681,Guwahati,2023-08-11,45.0,37.52250102475281,7.477498975247187
114514,Ahmedabad,2024-06-10,32.0,38.21538482747727,-6.215384827477273
115179,Vadodara,2023-06-26,35.0,38.9947622598705,-3.994762259870498
119850,Raipur,2024-11-29,46.0,38.88924041657497,7.110759583425029
106504,Ahmedabad,2023-06-03,27.0,38.10970062865442,-11.109700628654425
115019,Chennai,2023-12-18,24.0,38.345151314821166,-14.345151314821166
114470,Guwahati,2024-03-05,35.0,38.436402351321775,-3.4364023513217745
116066,Surat,2023-10-18,47.0,37.93485581804379,9.065144181956208
100321,Kolkata,2023-10-16,24.0,38.416119996127954,-14.416119996127954
112471,Hyderabad,2024-08-11,34.0,38.00527903738773,-4.00527903738773
120238,Indore,2023-07-03,20.0,38.09662662085584,-18.09662662085584
109643,Raipur,2023-01-09,35.0,37.92952523587686,-2.9295252358768598
117947,Surat,2023-07-22,34.0,38.539835026579496,-4.539835026579496
101350,Chennai,2023-06-07,91.0,38.34656733671418,52.65343266328582
117998,Chennai,2023-07-15,43.0,38.06224712585552,4.937752874144479
100066,Chennai,2024-01-10,22.0,37.6640916122748,-15.664091612274802
100023,Ludhiana,2024-07-06,33.0,38.74023970043893,-5.740239700438927
113674,Surat,2024-12-16,23.0,38.14202617430748,-15.142026174307476
112521,Nagpur,2024-12-28,31.0,38.2320411106165,-7.2320411106165
102875,Lucknow,2024-02-09,21.0,38.24478125568667,-17.244781255686668
104613,Nagpur,2023-10-31,72.0,37.788214031429206,34.211785968570794
113675,Surat,2023-06-15,26.0,38.67846621808359,-12.678466218083592
113665,Patna,2024-08-25,31.0,37.96408417039717,-6.964084170397172
117120,Bhubaneswar,2024-05-11,52.0,38.42330981589146,13.576690184108536
117356,Visakhapatnam,2024-06-23,39.0,37.883376205986224,1.1166237940137762
115543,Patna,2023-07-04,51.0,38.24251655561349,12.757483444386509
116620,Bhopal,2024-04-14,54.0,38.08865158100051,15.911348418999488
109529,Chandigarh,2023-08-23,33.0,38.69337134859203,-5.693371348592031
110709,Surat,2023-10-13,25.0,39.03668261137161,-14.03668261137161
109199,Mumbai,2023-12-11,23.0,38.14659712521678,-15.14659712521678
115771,Bhubaneswar,2023-12-02,38.0,38.17554735352611,-0.1755473535261131
119073,Raipur,2024-02-17,53.0,38.11390847182834,14.88609152817166
112810,Patna,2024-04-30,34.0,38.011074313306736,-4.011074313306736
100408,Delhi,2023-09-18,76.0,38.06972577990143,37.930274220098575
114543,Bengaluru,2023-02-24,48.0,38.13766827509895,9.862331724901054
112634,Visakhapatnam,2024-03-28,56.0,38.59048699468451,17.40951300531549
106496,Mumbai,2024-07-09,29.0,38.84527666886618,-9.845276668866177
104179,Lucknow,2024-06-05,26.0,38.11693315324485,-12.116933153244853
100848,Lucknow,2024-09-25,45.0,38.540320673939725,6.459679326060275
112857,Patna,2024-01-20,30.0,37.90320648601701,-7.903206486017012
106998,Bengaluru,2024-06-16,33.0,38.38771959369803,-5.38771959369803
109216,Chennai,2024-06-17,20.0,37.954448135422,-17.954448135422
116198,Vadodara,2024-03-02,66.0,38.63813244373042,27.36186755626958
119846,Kolkata,2024-05-10,43.0,38.78783793179837,4.2121620682016285
117467,Coimbatore,2024-06-11,40.0,38.04057300412646,1.9594269958735424
118815,Bengaluru,2023-08-01,22.0,38.935736962159794,-16.935736962159794
100679,Coimbatore,2023-11-03,23.0,38.56761326775676,-15.567613267756755
114026,Patna,2023-04-25,27.0,38.36282255663776,-11.36282255663776
103541,Pune,2023-06-17,63.0,38.39253113560131,24.60746886439869
106103,Patna,2024-06-03,23.0,38.26882550023733,-15.268825500237329
105294,Raipur,2023-04-07,22.0,38.24904722048986,-16.249047220489864
100908,Hyderabad,2023-10-12,49.0,38.21567521751695,10.784324782483049
119043,Nagpur,2023-10-11,38.0,38.27790313401506,-0.2779031340150624
108545,Mumbai,2023-04-11,33.0,38.54369999356548,-5.543699993565475
116851,Ludhiana,2024-06-29,46.0,38.318532328915566,7.681467671084434
114270,Bhopal,2024-12-17,28.0,38.41414654221831,-10.414146542218312
104697,Hyderabad,2023-12-03,35.0,37.4998986207416,-2.499898620741604
102582,Pune,2024-06-15,20.0,39.47022492167816,-19.47022492167816
101184,Bhubaneswar,2023-05-02,34.0,38.09820027992543,-4.098200279925429
108294,Ludhiana,2023-08-26,41.0,38.31376997707517,2.686230022924832
101243,Patna,2024-05-28,15.0,38.40747532495821,-23.407475324958213
114114,Kochi,2023-03-26,51.0,37.78420718554716,13.21579281445284
107275,Kolkata,2024-04-27,30.0,38.16415649144972,-8.164156491449717
108560,Lucknow,2023-10-08,19.0,38.68316832478244,-19.68316832478244
108574,Chennai,2024-11-22,43.0,37.597022087093904,5.402977912906096
110661,Coimbatore,2023-07-09,53.0,38.7927213188643,14.207278681135698
117111,Bhubaneswar,2024-10-23,36.0,37.46265954653226,-1.462659546532258
116824,Delhi,2023-01-26,34.0,39.11715159312824,-5.117151593128234
103883,Nashik,2023-03-09,28.0,38.44362125485896,-10.44362125485896
102974,Pune,2024-09-28,22.0,38.50495383000044,-16.50495383000044
109390,Coimbatore,2024-04-10,60.0,37.866078062556014,22.133921937443983
106713,Bhubaneswar,2024-12-07,38.0,38.110102660896125,-0.1101026608961248
109131,Bhopal,2023-07-29,42.0,38.14078039120832,3.8592196087916832
104398,Mumbai,2023-04-22,35.0,39.36399051354892,-4.36399051354892
114990,Kolkata,2023-12-27,21.0,37.92975554545753,-16.92975554545753
110328,Vadodara,2023-03-27,32.0,38.176623548567285,-6.176623548567285
104910,Raipur,2023-09-08,23.0,37.767579321319005,-14.767579321319005
113153,Bhopal,2023-10-18,63.0,38.4830630549465,24.5169369450535
106156,Pune,2023-07-05,27.0,37.336802273112006,-10.336802273112006
113082,Guwahati,2024-04-22,40.0,37.904125176867446,2.0958748231325544
100926,Guwahati,2024-11-10,66.0,38.71783415766295,27.28216584233705
113259,Raipur,2024-03-22,32.0,37.7372470187924,-5.737247018792395
113772,Delhi,2023-01-25,24.0,38.4653356729804,-14.465335672980402
101593,Ludhiana,2023-08-30,31.0,38.81129750787875,-7.8112975078787485
106272,Chennai,2023-06-14,28.0,38.77945594178102,-10.779455941781023
104295,Vadodara,2023-10-27,21.0,38.19733269108329,-17.19733269108329
103844,Ahmedabad,2023-03-29,28.0,38.02335499785979,-10.02335499785979
103380,Chennai,2024-01-05,25.0,39.069025859161,-14.069025859160996
110834,Pune,2023-01-23,51.0,38.18430305485662,12.81569694514338
113485,Kochi,2023-10-11,41.0,37.56478583761985,3.4352141623801487
118683,Nagpur,2024-10-31,83.0,38.553263898421626,44.44673610157837
107374,Chennai,2024-10-02,18.0,37.63127417587767,-19.63127417587767
116682,Pune,2024-02-09,40.0,39.024857016804006,0.975142983195994
112940,Kolkata,2024-07-17,34.0,38.08575335006142,-4.085753350061417
114583,Pune,2024-11-27,32.0,38.70743682902951,-6.707436829029511
101479,Kolkata,2024-08-21,37.0,38.646920002511614,-1.6469200025116135
104468,Chennai,2023-12-22,36.0,37.95460812859479,-1.954608128594785
120049,Ludhiana,2024-05-11,70.0,38.45215036743023,31.54784963256977
105302,Nashik,2024-02-19,21.0,38.70650533256173,-17.706505332561733
108282,Ahmedabad,2023-06-13,40.0,38.053584371144886,1.9464156288551135
101380,Kolkata,2023-01-02,23.0,38.268559453935566,-15.268559453935566
110275,Visakhapatnam,2023-06-08,41.0,37.84562699345834,3.154373006541661
111702,Bengaluru,2023-06-11,23.0,38.29903101655088,-15.299031016550884
115129,Guwahati,2023-04-10,61.0,37.70208619093864,23.297913809061363
117321,Lucknow,2024-08-07,52.0,38.25438142971377,13.745618570286233
110492,Kochi,2023-03-13,33.0,38.39082842042541,-5.390828420425414
119289,Delhi,2024-03-29,28.0,37.86321272649747,-9.863212726497473
112864,Surat,2023-12-02,30.0,37.95191263846436,-7.951912638464357
117835,Hyderabad,2024-06-18,28.0,38.86800293935039,-10.86800293935039
111900,Bhubaneswar,2023-12-28,28.0,37.569589078883496,-9.569589078883496
109230,Indore,2024-05-14,48.0,38.07441301333686,9.92558698666314
118827,Chandigarh,2024-12-20,40.0,38.52703119960828,1.472968800391719
104679,Hyderabad,2023-08-10,39.0,38.17958730479789,0.8204126952021156
106015,Indore,2023-01-06,39.0,39.07517420538151,-0.0751742053815078
117124,Bengaluru,2024-11-25,37.0,38.1751450833904,-1.1751450833904045
103723,Chandigarh,2023-09-29,29.0,38.43318387304485,-9.433183873044854
104702,Patna,2024-08-20,27.0,38.10442750690082,-11.10442750690082
116690,Mumbai,2023-09-05,25.0,38.804369691938426,-13.804369691938426
109607,Ahmedabad,2023-04-01,34.0,38.66135153598288,-4.661351535982881
104113,Pune,2023-10-26,41.0,39.164997901746965,1.8350020982530355
117768,Chennai,2024-06-07,32.0,38.05675867400349,-6.05675867400349
104684,Jaipur,2023-01-11,35.0,38.65237030056677,-3.6523703005667727
101785,Bhopal,2023-11-13,69.0,38.51206917310255,30.487930826897447
106260,Jaipur,2023-08-06,36.0,37.47260843510367,-1.4726084351036732
120400,Ahmedabad,2024-02-11,32.0,38.14640986550073,-6.146409865500729
118562,Chandigarh,2024-10-11,28.0,38.22181833511191,-10.221818335111912
114982,Mumbai,2023-07-29,55.0,38.97172091088712,16.028279089112885
103289,Chennai,2023-12-19,41.0,38.32802859351008,2.6719714064899165
109237,Delhi,2023-11-16,21.0,37.88882187768241,-16.88882187768241
118305,Ahmedabad,2024-10-21,67.0,37.77353987773048,29.22646012226952
116213,Kochi,2023-07-16,58.0,38.375098562810585,19.62490143718941
110124,Surat,2023-09-12,40.0,37.94769588643802,2.0523041135619806
116412,Mumbai,2024-10-19,32.0,38.57801715039336,-6.578017150393357
118254,Coimbatore,2023-09-14,70.0,38.71166832529561,31.288331674704388
105967,Nashik,2024-10-15,46.0,38.54241935462341,7.457580645376588
104687,Delhi,2023-11-05,19.0,38.93478860801872,-19.93478860801872
112912,Chennai,2023-08-27,78.0,38.43070721276298,39.56929278723702
105677,Chandigarh,2024-08-15,37.0,39.296075540522224,-2.2960755405222244
106116,Nashik,2024-08-11,43.0,38.8834130044251,4.116586995574899
101767,Mumbai,2023-08-25,32.0,37.946308985278165,-5.946308985278165
109855,Kochi,2024-06-23,25.0,37.81506035252983,-12.815060352529828
